title,url,press,summary,date
"[서재근의 Biz이코노미] 이태원 클럽서 흘린 '땀', 경제계에 '피눈물'",/news/news_read.nhn?article_id=0000025627&office_id=629&mode=search&query=삼성전자&page=12,더팩트,13일 이재용 삼성전자 부회장과 정의선 현대자동차그룹 총괄 수석부회장이 이곳에서 만나 전기차(EV) 배터리 관련 협력 방안 등을 논의했기 때문이...,2020-05-14 00:01
LG화학-SK이노 '배터리 전쟁' 속 현대차는 삼성과 '러브라인'(종합),/news/news_read.nhn?article_id=0009861027&office_id=003&mode=search&query=삼성전자&page=12,뉴시스,"재계 1, 2위 총수 이재용 삼성전자 부회장과 정의선 현대차그룹 수석부회장이 13일 회동을 갖고 전기차 배터리 사업 파트너십을 논의했다. 국내를...",2020-05-14 00:01
"‘미래차 동맹’ 첫걸음, 이재용·정의선 만났다",/news/news_read.nhn?article_id=0003000506&office_id=025&mode=search&query=삼성전자&page=12,중앙일보,이재용(52) 삼성전자 부회장과 정의선(50) 현대차 수석부회장이 13일 오전 충남 천안의 삼성SDI 배터리 공장에서 만났다. 이 부회장의 초청...,2020-05-14 00:05
"무섭게 큰다, 프리미엄폰 시장 ‘갑툭튀’ 중국 원플러스",/news/news_read.nhn?article_id=0003000511&office_id=025&mode=search&query=삼성전자&page=12,중앙일보,중저가폰 이미지가 강한 다른 중국 업체들과 달리 프리미엄급 스마트폰 시장에서 두각을 나타내며 애플과 삼성전자를 위협하는 경쟁자로 부상했다. 화웨...,2020-05-14 00:06
테킬라·마오타이로 ‘집콕’ 견뎠다,/news/news_read.nhn?article_id=0003000512&office_id=025&mode=search&query=삼성전자&page=12,중앙일보,"시가총액은 1조6745억 위안(약 289조원)으로, 삼성전자(약 286조원)와 코카콜라(약 235조원)를 넘어섰다. 가격도 계속 치솟고 있다. ...",2020-05-14 00:06
"무섭게 큰다, 프리미엄폰 시장 ‘갑툭튀’ 중국 원플러스",/news/news_read.nhn?article_id=0003000511&office_id=025&mode=search&query=삼성전자&page=11,중앙일보,중저가폰 이미지가 강한 다른 중국 업체들과 달리 프리미엄급 스마트폰 시장에서 두각을 나타내며 애플과 삼성전자를 위협하는 경쟁자로 부상했다. 화웨...,2020-05-14 00:06
삼성-현대차 新성장협력… 재계 과거가 기업 미래 발목잡지 말아야,/news/news_read.nhn?article_id=0003285910&office_id=020&mode=search&query=삼성전자&page=11,동아일보,이재용 삼성전자 부회장과 정의선 현대차 수석부회장의 회동을 두고 이같이 말했다. 두 부회장은 이날 관련 경영진과 함께 만나 차세대 전기차 배터리...,2020-05-14 03:01
전략가 이병철-불도저 정주영 오랜 경쟁… 손자들은 협력 무드,/news/news_read.nhn?article_id=0003285907&office_id=020&mode=search&query=삼성전자&page=11,동아일보,이재용 삼성전자 부회장과 정의선 현대자동차그룹 수석부회장의 13일 만남이 화제가 되는 것은 삼성과 현대의 이 같은 역사 때문이기도 하다. 재계는...,2020-05-14 03:01
이재용-정의선 ‘차세대 배터리’ 손잡는다,/news/news_read.nhn?article_id=0003285900&office_id=020&mode=search&query=삼성전자&page=11,동아일보,"‘미래 먹거리 산업’ 전기車 분야, 오찬 포함 3시간 만나 협력 논의 이재용 삼성전자 부회장과 정의선 현대자동차그룹 수석부회장이 만나 차세대 전...",2020-05-14 03:01
高法도 삼성전자 ‘작업환경보고서’ 공개 대상 아니다,/news/news_read.nhn?article_id=0003285959&office_id=020&mode=search&query=삼성전자&page=11,동아일보,“경영-영업상 비밀사항에 해당” 고용노동부가 공개하려던 삼성전자 반도체 사업장의 ‘작업환경 측정 결과 보고서’에 대해 법원이 1심에 이어 2심에서도 삼성전자의...,2020-05-14 03:03
반포 마지막 재건축 잡아라 삼성 후분양 vs 대우 0%대 금리,/news/news_read.nhn?article_id=0003286010&office_id=020&mode=search&query=삼성전자&page=11,동아일보,삼성물산은 이 외에도 △단지 중앙에 2만 m² 규모의 자연숲 조성 △삼성전자와 협업한 ‘스마트 싱스’ 사물인터넷(IoT) 플랫폼 도입 △해외 디...,2020-05-14 03:04
손경식 2분기 경영악화 본격화… 법인세 인하 절실,/news/news_read.nhn?article_id=0003286011&office_id=020&mode=search&query=삼성전자&page=11,동아일보,"권오갑 현대중공업지주 회장, 김창범 한화솔루션 부회장, 동현수 두산 부회장, 윤여철 현대자동차 부회장, 이인용 삼성전자 사장, 황각규 롯데지주 부회장 등 총 16명이......",2020-05-14 03:04
이재용·정의선 '차세대 전기차 배터리' 손잡다,/news/news_read.nhn?article_id=0003530940&office_id=023&mode=search&query=삼성전자&page=11,조선일보,"현대차그룹 정의선 수석부회장과 현대·기아차 연구개발본부 알버트 비어만 사장, 상품 담당 서보신 사장 등이 방문했고, 이재용 삼성전자 부회장을 비...",2020-05-14 03:04
"경총 ""기업실적 참담, 법인세라도 낮춰야 고용 유지""",/news/news_read.nhn?article_id=0003530943&office_id=023&mode=search&query=삼성전자&page=11,조선일보,"숨통이 다소 트일 수 있을 것""이라고 말했다. 이날 회의에는 이인용 삼성전자 사장, 황각규 롯데그룹 부회장, 권오갑 현대중공업 회장 등이 참석했다. [김강한 기자 ]",2020-05-14 03:04
두자릿수 성장… 시총 급등… 산업지도 새로 쓰는 IT기업들,/news/news_read.nhn?article_id=0003286018&office_id=020&mode=search&query=삼성전자&page=11,동아일보,삼성전자 우선주(5위)를 제외하면 양대 IT 기업이 10위권에 안착한 셈이다. 엔씨소프트는 시총 15조8288억 원으로 15위로 상승했다. 코로...,2020-05-14 03:04
"[핫아이템] 전자랜드, 가정의 달 5월엔 가전페어 할인혜택에 사은품도 `풍성`",/news/news_read.nhn?article_id=0004574529&office_id=009&mode=search&query=삼성전자&page=11,매일경제,"이 밖에 삼성전자·LG전자·위니아대우 제품을 일정 금액 이상 구매 시 결제 금액에 따라 프라이팬 세트, 여행용 캐리어 6종, UV 살균 건조기,...",2020-05-14 04:03
[Biz times] 환자 상태 어떤가요? 코로나에 글로벌 공급망이 망가졌네요…치...,/news/news_read.nhn?article_id=0004574542&office_id=009&mode=search&query=삼성전자&page=11,매일경제,"―한국엔 삼성전자, 현대자동차 등 톱 제조업체들이 있다. 이들도 글로벌 공급망 관리 시스템을 재편하려고 하는데 조언해준다면. ▷부품의 일부는 글...",2020-05-14 04:05
이재용-정의선 첫 단독 회동… 재계 1·2위 ‘배터리 동맹’ 시작되나,/news/news_read.nhn?article_id=0001321066&office_id=005&mode=search&query=삼성전자&page=11,국민일보,이재용(52) 삼성전자 부회장과 정의선(50) 현대자동차그룹 수석부회장이 13일 사업장에서 첫 회동을 가졌다. 이 부회장이 충남 천안 삼성SDI...,2020-05-14 04:07
외인 ‘셀 코리아’ 와중에도 사들인 종목은 더 날았다,/news/news_read.nhn?article_id=0002401451&office_id=119&mode=search&query=삼성전자&page=11,데일리안,이날 이재용 삼성전자 부회장과 정의선 현대차그룹 수석부회장이 미래 협력에 대한 의견을 공유했다는 소식이 주가 상승 호재로 작용했다. 양사가 논의...,2020-05-14 05:00
"다시 뛰는 소부장株, 증시 주도주 자리 되찾나",/news/news_read.nhn?article_id=0002401447&office_id=119&mode=search&query=삼성전자&page=11,데일리안,여기에 현 정부와 삼성전자 등이 연구개발(R&D)과 생산설비에 대한 투자에 적극 나설 것이란 기대감도 주가 상승 요인으로 작용 중이다. 증권가에...,2020-05-14 05:00
"삼성·현대차, 新배터리 동맹… 전기차 시장 ‘K드림팀’ 시동",/news/news_read.nhn?article_id=0003090265&office_id=081&mode=search&query=삼성전자&page=11,서울신문,이재용 삼성전자 부회장과 정의선 현대차그룹 수석부회장이 13일 전기차산업 협업을 위해 처음으로 단독 회동했다. 이 부회장이 삼성SDI 천안 배터...,2020-05-14 05:07
"삼성電, 장애인용 TV 1만 5000대 공급",/news/news_read.nhn?article_id=0003090324&office_id=081&mode=search&query=삼성전자&page=11,서울신문,삼성전자가 올 연말까지 시청각 장애인용 TV 1만 5000대를 공급한다. 삼성전자는 방송통신위원회의 ‘2020년 시청각 장애인용 TV 보급 사업’ 공급자로 선정됐다고 13...,2020-05-14 05:08
"삼성SDI, 3분기 EV전지 매출 1조 넘어설 듯...'전기차' 시대 맞아 본격 ...",/news/news_read.nhn?article_id=0009861099&office_id=003&mode=search&query=삼성전자&page=11,뉴시스,이재용 삼성전자 부회장과 정의선 현대차그룹 수석부회장이 13일 삼성SDI 천안사업장에서 만나 전기차 배터리 사업 파트너십을 공식화했다. 그 동안...,2020-05-14 06:00
[단독]세계 최고 반도체 박람회…사상 첫 온라인 개최,/news/news_read.nhn?article_id=0004636620&office_id=421&mode=search&query=삼성전자&page=11,뉴스1,"삼성전자, SK하이닉스 등 국내 대표 반도체 기업들도 SEMI 회원사다. 1970년에 조직된 SEMI는 설립 1년만인 1971년에 '제1회 세미...",2020-05-14 06:00
'언택트' 확산에..반도체 관련주도 뜨나,/news/news_read.nhn?article_id=0009861094&office_id=003&mode=search&query=삼성전자&page=11,뉴시스,14일 금융투자업계에 따르면 올해 1분기 국내 주요 반도제 제조사인 삼성전자는 올해 1분기 연결 기준 매출과 영업이익을 각각 55조3300억원과...,2020-05-14 06:00
[2020 맞수열전] '렌털 독주' 이해선의 코웨이…뒤쫓는 SK매직 류권주·LG ...,/news/news_read.nhn?article_id=0000538209&office_id=031&mode=search&query=삼성전자&page=10,아이뉴스24,대내외 어려운 경제 여건 속에서도 삼성전자와 LG전자 등 국내 굴지의 전자업계가 글로벌시장에서 위상을 드높이고 있다. 전자업계는 그간 내로라하는...,2020-05-14 06:01
[3D 영상] 나와 똑닮은 '아바타'…10초만에 뉴요커와 만났다,/news/news_read.nhn?article_id=0003000624&office_id=025&mode=search&query=삼성전자&page=10,중앙일보,"MIT 미디어랩에서 박사 학위 중 삼성전자에 스카우트돼 28세에 최연소 수석연구원(부장급), 최연소 그룹장이 됐다. MIT 테크놀로지리뷰가 선정...",2020-05-14 06:02
‘전차(電車)군단’의 미래차?… 이재용·정의선 첫 단독 회동,/news/news_read.nhn?article_id=0003464985&office_id=022&mode=search&query=삼성전자&page=10,세계일보,"이재용 삼성전자 부회장과 정의선 현대자동차그룹 수석부회장의 회동은 다양한 해석과 관측을 쏟아냈다. 이번 회동은 대한민국 재계 1, 2위 그룹이자...",2020-05-14 06:03
이재용·정의선 회동… 미래차 ‘배터리 동맹’,/news/news_read.nhn?article_id=0003464997&office_id=022&mode=search&query=삼성전자&page=10,세계일보,도요타와 함께 세계적인 수준의 전고체 배터리 기술을 보유한 것으로 평가받는 삼성전자는 최근 ‘전고체 배터리 혁신기술’을 발표한 바 있다. 이 기...,2020-05-14 06:05
美·日 ‘반도체 자국주의’ 움직임에 삼성 촉각,/news/news_read.nhn?article_id=0003464996&office_id=022&mode=search&query=삼성전자&page=10,세계일보,삼성전자는 미국의 반도체 자급화 추진 계획에 주요 파트너로 거론되지만 선뜻 나서기는 쉽지 않을 전망이다. 삼성전자는 미국 텍사스주 오스틴에 시스...,2020-05-14 06:05
링크 클릭했다간 개인정보 '탈탈'...재난지원금 사칭 피싱주의보,/news/news_read.nhn?article_id=0003737101&office_id=011&mode=search&query=삼성전자&page=10,서울경제,삼성전자는 지난 1월 배우 주진모의 스마트폰 해킹 사건이 발생했을 때 2단계 인증을 이용하도록 당부했다. ━ 이미 URL을 클릭했다면? 백신이나...,2020-05-14 06:21
코스닥서 제약·바이오株 무더기 신고가,/news/news_read.nhn?article_id=0009861120&office_id=003&mode=search&query=삼성전자&page=10,뉴시스,"이 연구원은 ""당분간은 중소형주 강세가 좀 더 이어질 수 있다는 의미""라면서도 ""삼성전자의 2분기 이후의 실적 윤곽이 잡히고 개선에 대한 확신이...",2020-05-14 06:45
"""배터리 공장에서"" ""오케이""…이재용 정의선 전기차 '빅픽처'",/news/news_read.nhn?article_id=0004408510&office_id=008&mode=search&query=삼성전자&page=10,머니투데이,미래車 전장터서 손잡은 '의형제' 이재용-정의선 이재용 삼성전자 부회장과 정의선 현대차그룹 수석부회장이 13일 삼성SDI 천안사업장에서 만났다....,2020-05-14 07:00
손잡은 삼성과 현대.. 글로벌 '미래차' 시장 주도권 쥐나,/news/news_read.nhn?article_id=0003737108&office_id=011&mode=search&query=삼성전자&page=10,서울경제,이재용 삼성전자(005930) 부회장과 정의선 현대자동차그룹 수석부회장이 ‘미래차 시장’ 장악을 위해 손을 맞잡으며 업계 판도 변화에 관심이 모...,2020-05-14 07:01
이재용-정의선 만남에 뜨거워지는 ‘차세대 배터리’ 기술은?,/news/news_read.nhn?article_id=0003737110&office_id=011&mode=search&query=삼성전자&page=10,서울경제,이재용 삼성전자 부회장과 정의선 현대차그룹 수석부회장은 13일 삼성SDI(006400) 천안사업장에서 만나 차세대 전기차 배터리인 전고체 배터리...,2020-05-14 07:02
'꿈의 배터리' 의기투합…삼성 현대차 '포스트 반도체' 가속화,/news/news_read.nhn?article_id=0004408512&office_id=008&mode=search&query=삼성전자&page=10,머니투데이,""" 이재용 삼성전자 부회장이 13일 정의선 현대차그룹 수석부회장과 전격 회동한 것은 '포스트 반도체'로 주목받는 전기차 배터리 사업을 적극 육성...",2020-05-14 07:02
"[머니랩X대도서관] 中, 스타트업 성장동력 핵심은 ‘규제폐지’",/news/news_read.nhn?article_id=0000211404&office_id=374&mode=search&query=삼성전자&page=10,SBS CNBC,만약 문제점이 생기면 하나씩 해결해 나가는 것이 중국의 방식입니다.] [최재붕 / 성균관대학교 공과대학 교수 : 지금 아시아 최강 기업은 삼성전...,2020-05-14 07:06
손잡은 삼성-현대차…‘사업 협력’ 어디까지 가능할까?,/news/news_read.nhn?article_id=0000211405&office_id=374&mode=search&query=삼성전자&page=10,SBS CNBC,"자율주행차나 차량용 전자 장비 부품 등이 있고요, 특히 삼성전자와 현대차는 최근 차세대 자율주행 기술 개발을 위한 기초 논의까지 진행한 것으로 ...",2020-05-14 07:09
[빅데이터MSI]14일 오전 주식시장 심리 5단계 '약간 좋음',/news/news_read.nhn?article_id=0009861154&office_id=003&mode=search&query=삼성전자&page=10,뉴시스,"대장주 삼성전자의 MSI 레벨은 7단계로 집계됐다. 시가총액 상위 종목 중 SK하이닉스는 3단계, LG화학은 2단계, 현대차는 2단계, 셀트리온...",2020-05-14 08:03
코로나 이후 글로벌 분업 체계 붕괴·기술 패권 전쟁,/news/news_read.nhn?article_id=0004639645&office_id=018&mode=search&query=삼성전자&page=10,이데일리,삼성전자(005930)의 미국 내 파운드리 생산 확대 검토도 같은 맥락이다. 최 연구원은 “한국 경제는 글로벌 분업화로 수혜를 누린 만큼 지형 ...,2020-05-14 08:04
세계 최초 양자보안 5G 스마트폰 출시,/news/news_read.nhn?article_id=0009861163&office_id=003&mode=search&query=삼성전자&page=10,뉴시스,SK텔레콤(대표이사 사장 박정호)은 삼성전자와 초협력을 통해 세계 최초로 양자난수생성 칩셋을 탑재한 5G 스마트폰 ‘갤럭시 A 퀀텀’을 선보인다...,2020-05-14 08:10
"SK텔레콤, 세계 최초 양자보안 5G 스마트폰 출시",/news/news_read.nhn?article_id=0009861164&office_id=003&mode=search&query=삼성전자&page=10,뉴시스,SK텔레콤(대표이사 사장 박정호)은 삼성전자와 초협력을 통해 세계 최초로 양자난수생성 칩셋을 탑재한 5G 스마트폰 ‘갤럭시 A 퀀텀’을 선보인다...,2020-05-14 08:10
"SK텔레콤, 세계 최초 양자보안 5G 스마트폰 공개",/news/news_read.nhn?article_id=0009861161&office_id=003&mode=search&query=삼성전자&page=10,뉴시스,SK텔레콤(대표이사 사장 박정호)은 삼성전자와 초협력을 통해 세계 최초로 양자난수생성 칩셋을 탑재한 5G 스마트폰 ‘갤럭시 A 퀀텀’을 선보인다...,2020-05-14 08:10
세계 최초 양자보안 5G 스마트폰 출시,/news/news_read.nhn?article_id=0009861158&office_id=003&mode=search&query=삼성전자&page=10,뉴시스,SK텔레콤(대표이사 사장 박정호)은 삼성전자와 초협력을 통해 세계 최초로 양자난수생성 칩셋을 탑재한 5G 스마트폰 ‘갤럭시 A 퀀텀’을 선보인다...,2020-05-14 08:10
"SK텔레콤, 세계 최초 양자보안 5G 스마트폰 공개",/news/news_read.nhn?article_id=0009861162&office_id=003&mode=search&query=삼성전자&page=10,뉴시스,SK텔레콤(대표이사 사장 박정호)은 삼성전자와 초협력을 통해 세계 최초로 양자난수생성 칩셋을 탑재한 5G 스마트폰 ‘갤럭시 A 퀀텀’을 선보인다...,2020-05-14 08:10
"SK텔레콤, 세계 최초 양자보안 5G 스마트폰 공개",/news/news_read.nhn?article_id=0009861157&office_id=003&mode=search&query=삼성전자&page=9,뉴시스,SK텔레콤(대표이사 사장 박정호)은 삼성전자와 초협력을 통해 세계 최초로 양자난수생성 칩셋을 탑재한 5G 스마트폰 ‘갤럭시 A 퀀텀’을 선보인다...,2020-05-14 08:10
"SK텔레콤, 세계 최초 양자보안 5G 스마트폰 공개",/news/news_read.nhn?article_id=0009861160&office_id=003&mode=search&query=삼성전자&page=9,뉴시스,SK텔레콤(대표이사 사장 박정호)은 삼성전자와 초협력을 통해 세계 최초로 양자난수생성 칩셋을 탑재한 5G 스마트폰 ‘갤럭시 A 퀀텀’을 선보인다...,2020-05-14 08:10
"[빅데이터MSI]시장심리 톱5, 삼성전자·엔씨소프트·삼성SDI·셀트리온·KT",/news/news_read.nhn?article_id=0009861181&office_id=003&mode=search&query=삼성전자&page=9,뉴시스,14일 빅데이터 시장심리지수(MSI)가 가장 높은 톱5에 삼성전자·엔씨소프트·삼성SDI·셀트리온·KT가 선정됐다. 이는 뉴시스와 코스콤이 주요 ...,2020-05-14 08:23
[뉴스체크｜경제] 삼성 이재용·현대차 정의선 회동,/news/news_read.nhn?article_id=0000238062&office_id=437&mode=search&query=삼성전자&page=9,JTBC,이재용 삼성전자 부회장 정의선 현대차 그룹 수석 부회장이 만났는데요. 전기차 사업에 대한 얘기를 했습니다. 차세대 전기차용 배터리 개발과 관련한...,2020-05-14 08:25
안드로이드폰 삼성VS샤오미 싸움...갤A51 글로벌 판매 1위,/news/news_read.nhn?article_id=0003737128&office_id=011&mode=search&query=삼성전자&page=9,서울경제,올해 1·4분기 전세계에서 가장 많이 팔린 안드로이드 스마트폰은 삼성전자(005930) 갤럭시 A51인 것으로 나타났다. 그 뒤를 샤오미 홍미 ...,2020-05-14 08:29
"삼성전자, 130만원대 보급형 '갤럭시 폴드' 내놓을까",/news/news_read.nhn?article_id=0009861185&office_id=003&mode=search&query=삼성전자&page=9,뉴시스,"삼성전자가 보급형 갤럭시폴드 모델을 준비중이라는 예상이 나오고 있다. 14일 외신에 따르면, IT관련 유명 유튜버 맥스 와인바흐는 최근 자신의 ...",2020-05-14 08:30
"[증시브리핑] 美증시, 파월 추가 재정정책 필요…다우 2.17% 하락",/news/news_read.nhn?article_id=0000211416&office_id=374&mode=search&query=삼성전자&page=9,SBS CNBC,"이재용 삼성전자 부회장과 정의선 현대차그룹 수석 부회장이 손잡고 전기차 사업 육성에 나선다는 소식이 전해졌기 때문인데요. 전기차 관련주, 장기적...",2020-05-14 08:39
3차 집단감염 우려·한중 전화 통화·삼성-현대차 협력,/news/news_read.nhn?article_id=0000211418&office_id=374&mode=search&query=삼성전자&page=9,SBS CNBC,◇ 삼성-현대차 협력 이재용 삼성전자 부회장과 정의선 현대차 수석부회장이 단독으로는 처음으로 만나 전기차 배터리 등 협력 방안을 논의했습니다. ...,2020-05-14 08:43
"삼성전자 평택공장 증설 현장, 코로나19 확진자로 공사 중단",/news/news_read.nhn?article_id=0011607531&office_id=001&mode=search&query=삼성전자&page=9,연합뉴스,반도체 2기 증설 현장 직원 2만여명 귀가 조처 후 방역 작업 삼성전자 평택 반도체 공장 증설 현장 직원이 신종 코로나바이러스 감염증(코로나19...,2020-05-14 08:58
"""해킹 걱정 NO""...SKT, 양자보안·5G폰 '갤A퀀텀' 공개",/news/news_read.nhn?article_id=0003737142&office_id=011&mode=search&query=삼성전자&page=9,서울경제,SK텔레콤(017670)과 삼성전자(005930)가 손을 잡고 양자보안·5G 통신을 모두 갖춘 ‘갤럭시 A 퀀텀’을 내놨다. 해킹과 정보유출의 ...,2020-05-14 08:58
[개장 시황] 코스피 1922.44.. 외국인의 '팔자' 기조에 하락 출발 (▼1...,/news/news_read.nhn?article_id=0003737156&office_id=011&mode=search&query=삼성전자&page=9,서울경제,"종목별로는 삼성전자가 1.65% 내린 4만 7750원에 거래되는 가운데, 한미사이언스(008930)(-14.21%), 한미약품(128940)(-...",2020-05-14 09:06
"삼성전자 평택공장 증설 공사장, 코로나19 확진자 나와 폐쇄",/news/news_read.nhn?article_id=0000814506&office_id=055&mode=search&query=삼성전자&page=9,SBS,▲ 공사 중인 평택 삼성전자 메모리반도체 공장 삼성전자 평택 반도체 공장 증설 공사장의 현장 직원이 코로나19 확진 판정을 받아 공사장이 폐쇄됐...,2020-05-14 09:07
"해킹 걱정 끝!… ‘철통방어’폰, 갤A퀀텀 출격",/news/news_read.nhn?article_id=0001673244&office_id=016&mode=search&query=삼성전자&page=9,헤럴드경제,"SK텔레콤과 삼성전자가 맞손을 잡고 세계 최초로 양자난수생성(QRNG) 칩셋을 탑재한 ‘5G(세대) 양자보안폰’, ‘갤럭시A퀀텀’을 선보였다. ...",2020-05-14 09:10
코로나發 경기침체 우려에 코스피 1%대 하락 출발,/news/news_read.nhn?article_id=0004639750&office_id=018&mode=search&query=삼성전자&page=9,이데일리,"삼성전자(005930)가 1%대, SK하이닉스(000660)가 2%대 하락하고 있다. 삼성바이오로직스(207940), 네이버(035420), 셀트리온(068270), LG...",2020-05-14 09:12
"삼성전자 평택 2라인 공사 현장 근무자 코로나19 확진...""생산라인은 이상無""",/news/news_read.nhn?article_id=0009861291&office_id=003&mode=search&query=삼성전자&page=9,뉴시스,"삼성전자 평택 반도체 공장 증설 현장 근무자가 코로나19 확진 판정을 받았다. 14일 삼성에 따르면, 해당 현장 직원은 삼성물산 현장 직원으로,...",2020-05-14 09:12
"SK텔레콤, 세계 최초 양자보안 5G 스마트폰 ‘갤럭시A 퀀텀’ 공개",/news/news_read.nhn?article_id=0002401501&office_id=119&mode=search&query=삼성전자&page=9,데일리안,SK텔레콤과 삼성전자가 세계최초로 양자난수생성 칩셋을 탑재한 5세대(5G) 이동통신 스마트폰 ‘갤럭시A 퀀텀’을 선보인다. SK텔레콤은 오는 2...,2020-05-14 09:15
"코스피, 파월의 경기 우려 및 미중 갈등 격화 조짐에 하락 출발",/news/news_read.nhn?article_id=0004574641&office_id=009&mode=search&query=삼성전자&page=9,매일경제,"전일 코스피는 장 초반 미중 갈등에 대한 우려로 1900선까지 밀리기도 했지만, 이재용 삼성전자 부회장과 정의선 현대차그룹 부회장이 충남 천안시 삼성SDI 사업장에서......",2020-05-14 09:15
"세계 최대 반도체 전시회 '세미콘 웨스트', 코로나19에 온라인 개최",/news/news_read.nhn?article_id=0000538236&office_id=031&mode=search&query=삼성전자&page=9,아이뉴스24,"한편 SEMI는 세계 2천100개 이상의 회원사와 130만 명의 전문가가 소속된 협회다. 삼성전자, SK하이닉스 등 국내 주요 반도체 업체들도 ...",2020-05-14 09:16
이재용·정의선 미래차 동맹에 배터리업계 '촉각',/news/news_read.nhn?article_id=0009861304&office_id=003&mode=search&query=삼성전자&page=9,뉴시스,이재용 삼성전자 부회장과 정의선 현대차 수석부회장이 13일 충남 천안의 삼성SDI 배터리 공장에서 만나면서 국내 배터리업계가 촉각을 곤두세우고 ...,2020-05-14 09:18
"[개장시황] 코스피, 美연준의장 '심각한 침체' 발언에 1% 하락",/news/news_read.nhn?article_id=0000538237&office_id=031&mode=search&query=삼성전자&page=9,아이뉴스24,"삼성전자 –1.54%, SK하이닉스 –1.91%, 삼성바이오로직스 –0.65%, NAVER –1.60%의 하락률을 보이고 있다. 코스닥지수는 전 거래일보다 3.61포인트(...",2020-05-14 09:19
"파월이 불지핀 '장기침체' 가능성, 코스피도 하락",/news/news_read.nhn?article_id=0004408591&office_id=008&mode=search&query=삼성전자&page=8,머니투데이,"시가총액 상위 종목인 삼성전자, SK하이닉스가 1% 넘게 하락 중이다. 전날 이재용 삼성전자 부회장과 정의선 현대차그룹 수석부회장의 만남으로 주목을 끌었던...",2020-05-14 09:21
"삼성전자 평택 반도체 공장 공사장, 코로나 확진자 발생 ""일시 폐쇄""",/news/news_read.nhn?article_id=0003737184&office_id=011&mode=search&query=삼성전자&page=8,서울경제,삼성전자(005930) 평택 반도체 공장 증설 공사장에서 근무하던 현장 사무소 직원이 신종 코로나바이러스 감염증(코로나19) 확진 판정을 받아 ...,2020-05-14 09:24
삼성전자 평택 반도체 공장 증설 현장 직원 코로나 확진…공사장 폐쇄,/news/news_read.nhn?article_id=0001037712&office_id=214&mode=search&query=삼성전자&page=8,MBC,"삼성전자 평택 반도체 공장 증설 현장 직원이 어젯밤 코로나19 확진 판정을 받아 공사장이 폐쇄됐습니다. 삼성물산은 ""확진 판정을 받은 직원과 2...",2020-05-14 09:26
"코스피, 외국인·기관 매도에 하락 출발…장중 1,910대로 후퇴(종합)",/news/news_read.nhn?article_id=0011607606&office_id=001&mode=search&query=삼성전자&page=8,연합뉴스,"시가총액 상위 종목은 SK하이닉스(-2.39%), 삼성전자(-1.75%), LG화학(-1.70%), 삼성바이오로직스(-1.30%), 셀트리온(-...",2020-05-14 09:26
삼성전자 평택공장 증설현장서 코로나19 확진자… 공사 일시중단,/news/news_read.nhn?article_id=0000542168&office_id=417&mode=search&query=삼성전자&page=8,머니S,삼성전자 평택 반도체 공장 증설공사 현장 직원이 코로나19 확진 판정을 받아 공사장이 일시 중단 조치됐다. 14일 업계에 따르면 삼성전자 평택 ...,2020-05-14 09:28
코스피 1910선으로 밀려…코스닥도 하락,/news/news_read.nhn?article_id=0004636927&office_id=421&mode=search&query=삼성전자&page=8,뉴스1,"하락률은 SK하이닉스(-2.15%), 삼성전자(-1.65%), NAVER(-1.14%) 등 순으로 크다. 업종별로 보면 전기가스업(0.85%) ...",2020-05-14 09:28
[TF시황] 외인·기관 팔자에 국내증시 '하락',/news/news_read.nhn?article_id=0000025654&office_id=629&mode=search&query=삼성전자&page=8,더팩트,"삼성전자(-1.54%) SK하이닉스(-2.15%), 삼성바이오로직스(-1.14%), 네이버(-0.46%)가 모두 하락세다. 한편 미국 뉴욕증시는...",2020-05-14 09:29
"락앤락, 중국 브랜드파워 밀폐용기 9년?보온병 8년 연속 1위 수성",/news/news_read.nhn?article_id=0004636942&office_id=421&mode=search&query=삼성전자&page=8,뉴스1,"중국 내에서 유통되고 있는 200여 카테고리 1만9백 개 브랜드를 조사했으며, 한국 기업으로는 락앤락을 비롯해 삼성전자(TV 부문)와 오리온(파...",2020-05-14 09:34
해킹 안되는 5G폰 '갤럭시A 퀀텀'…세계 최초 양자보안,/news/news_read.nhn?article_id=0000870706&office_id=215&mode=search&query=삼성전자&page=8,한국경제TV,"SK텔레콤은 삼성전자와 협력해 세계 최초로 양자난수생성 칩셋을 탑재한 5G 스마트폰 '갤럭시 A 퀀텀'을 선보인다. 출고가는 64만 9,000원...",2020-05-14 09:38
"삼성전자 평택 공사 현장 근무자 코로나19 확진...""생산라인은 이상無""(종합)",/news/news_read.nhn?article_id=0009861351&office_id=003&mode=search&query=삼성전자&page=8,뉴시스,"삼성전자 평택 반도체 공장 증설 현장 근무자가 코로나19 확진 판정을 받았다. 14일 삼성에 따르면, 해당 현장 직원은 삼성물산 현장 직원으로,...",2020-05-14 09:42
"[특징주] 에코프로비엠, '이재용·정의선 만남'에 이틀째 상승세",/news/news_read.nhn?article_id=0000542184&office_id=417&mode=search&query=삼성전자&page=8,머니S,'2차전지 관련주' 에코프로비엠이 이재용 삼성전자 부회장과 정의선 현대차그룹 수석 부회장이 손잡고 전기차 사업 육성에 나선다는 소식에 강세다....,2020-05-14 09:44
[개장] 코스피 하락…경기회복 장기화 가능성 우려,/news/news_read.nhn?article_id=0000542188&office_id=417&mode=search&query=삼성전자&page=8,머니S,"반면삼성전자(-1.75%), SK하이닉스(-2.27%), 삼성바이오로직스(-0.81%), 네이버(-1.22%), 셀트리온(-0.47%), LG화...",2020-05-14 09:45
"[fn오전시황] 코스피, 1% 넘게 하락세... 외국인·기관 순매도 영향",/news/news_read.nhn?article_id=0004424285&office_id=014&mode=search&query=삼성전자&page=8,파이낸셜뉴스,"시가총액 상위종목별로 삼성전자(-1.54%), SK하이닉스(-2.27%) 등이 하락세다. 반면 네이버(0.45%), 셀트리온(0.70%), 카카오(0.92%) 등은 상승했...",2020-05-14 09:46
"삼성과 초협력…SKT, 세계 첫 양자기술 기반 '철통보안 5G폰' 내놓아",/news/news_read.nhn?article_id=0009861376&office_id=003&mode=search&query=삼성전자&page=8,뉴시스,SK텔레콤이 삼성전자와 초협력을 통해 양자난수생성 칩셋을 탑재한 5G 스마트폰 ‘갤럭시 A 퀀텀’을 선보인다고 14일 밝혔다. 출고가 64만90...,2020-05-14 09:50
"파격, 실리, 미래 성장동력…이재용·정의선 장기적 동반자 관계로 발전할 것",/news/news_read.nhn?article_id=0001673292&office_id=016&mode=search&query=삼성전자&page=8,헤럴드경제,"‘재계 3세의 격식 파괴와 실리 추구, 미래 성장동력 확보’ 지난 13일 이뤄진 이재용 삼성전자 부회장과 정의선 현대차그룹 수석부회장의 만남을 ...",2020-05-14 09:53
"LG전자, 무선이어폰시장 재도전…상반기 內 신제품 출시",/news/news_read.nhn?article_id=0000538261&office_id=031&mode=search&query=삼성전자&page=8,아이뉴스24,"규모에 달했으며, 올해 시장 규모는 더욱 커질 전망이다. 애플이 '에어팟' 시리즈로 절반 이상의 점유율을 달성한 가운데 삼성전자, 샤오미 등이 ...",2020-05-14 09:55
"코스피, 경기침체 우려에 1915선까지 후퇴…장중 1%대 하락",/news/news_read.nhn?article_id=0004678003&office_id=277&mode=search&query=삼성전자&page=8,아시아경제,"시가총액 상위 종목 중 삼성전자(-1.54%)를 비롯해 SK하이닉스(-2.39%), 삼성바이오로직스(-0.32%), LG화학(-1.28%),LG생활건강(-0.07%), 삼...",2020-05-14 09:56
삼성전자 평택 반도체공장 건설 근무자 코로나19 확진,/news/news_read.nhn?article_id=0004637034&office_id=421&mode=search&query=삼성전자&page=8,뉴스1,삼성전자가 경기 평택에 구축하고 있는 신규 반도체 공장 건설 현장에서 신종 코로나바이러스 감염증(코로나19) 확진자가 나왔다. 14일 삼성전자에...,2020-05-14 09:56
"초록우산재단-삼성전자DS, 230개소 지역아동센터에 '희망 세이프티 키트'",/news/news_read.nhn?article_id=0011607758&office_id=001&mode=search&query=삼성전자&page=8,연합뉴스,"초록우산어린이재단이 삼성전자 DS부문, 경기사랑의열매와 함께 경기 및 충청 7개 도시 내 총 230개소 지역아동센터에 2억원 규모의 '희망 세이...",2020-05-14 10:01
"키움증권, 미국주식 기초자산 ELS 판매",/news/news_read.nhn?article_id=0004678019&office_id=277&mode=search&query=삼성전자&page=8,아시아경제,"그 외 S&P500, HSCEI, EuroStoxx50, NIKKEI225 같은 주가지수로만 기초자산이 구성되어 있는 ELS 2종과 삼성전자, 신한지주, AMD, 뱅크오브...",2020-05-14 10:03
삼성전자 평택 반도체 공장 현장 근무자 코로나 확진…공사장 폐쇄,/news/news_read.nhn?article_id=0000658279&office_id=468&mode=search&query=삼성전자&page=7,스포츠서울,삼성전자 평택캠퍼스 반도체 생산라인 외경(평택1라인). 제공|삼성전자 삼성전자 평택 반도체 공장 증설 공사장의 현장 근로자가 코로나19 확진 판...,2020-05-14 10:07
"[공시+]유니셈, 1분기 영업이익 96억… 전년比 85.7%↑",/news/news_read.nhn?article_id=0004678036&office_id=277&mode=search&query=삼성전자&page=7,아시아경제,삼성전자의 경우 올해 1분기 반도체 시설 투자를 6조원까지 늘렸다. 지난해 1분기 3조6000억원과 비교해 대폭 증가한 규모다. 유니셈 관계자는...,2020-05-14 10:10
코스피 오전 10시 0.68%↓ 1920선 후퇴…코스닥은 상승,/news/news_read.nhn?article_id=0002223707&office_id=123&mode=search&query=삼성전자&page=7,조세일보,"시가총액 1, 2위인 삼성전자와 SK하이닉스도 하락하고 있다. 삼성전자는 전 거래일보다 700원(1.44%) 내린 4만7850원에 거래되고 있다...",2020-05-14 10:10
"삼성전자 평택공장 증설 현장 확진자 발생…""일시 폐쇄""",/news/news_read.nhn?article_id=0004574708&office_id=009&mode=search&query=삼성전자&page=7,매일경제,삼성전자 평택 반도체 공장 증설 공사장의 현장 직원이 코로나19 확진 판정을 받아 공사장이 폐쇄됐다. 14일 업계에 따르면 삼성전자 평택 고덕 ...,2020-05-14 10:13
"재계, 하반기 전략도 코로나19發 먹구름…충격 대비 총력전",/news/news_read.nhn?article_id=0000538274&office_id=031&mode=search&query=삼성전자&page=7,아이뉴스24,재계 1위 삼성전자의 글로벌 전략회의도 개회도 불투명한 상황이다. 앞서 메르스(중동호흡기증후군) 사태로 상반기 글로벌 전략회의는 취소되고 하반기...,2020-05-14 10:14
가격 끝판왕 온다...샤오미 20만원대 ‘홍미노트9S’ 5월 출시,/news/news_read.nhn?article_id=0003737248&office_id=011&mode=search&query=삼성전자&page=7,서울경제,삼성전자(005930) 갤럭시 A 시리즈와 애플 아이폰SE 등 중저가폰 경쟁이 치열하게 진행되고 있는 5월 스마트폰 시장에서 인기를 끌 수 있을...,2020-05-14 10:16
"키움증권, 美주식 기초자산 등 ELS 6종 판매",/news/news_read.nhn?article_id=0004424342&office_id=014&mode=search&query=삼성전자&page=7,파이낸셜뉴스,"이밖에도 스탠다드앤드푸어스(S&P)500, 홍콩H지수, 유로스톡스50, 니케이225 같은 주가지수로만 기초자산이 구성돼 있는 ELS 2종과 삼성...",2020-05-14 10:16
"SKT, 세계 최초 양자보안 5G폰 '갤럭시A 퀀텀' 내놔",/news/news_read.nhn?article_id=0000211438&office_id=374&mode=search&query=삼성전자&page=7,SBS CNBC,SK텔레콤이 삼성전자와 함께 세계 최초로 양자난수생성 칩셋을 탑재한 5G 스마트폰 '갤럭시A 퀀텀'을 출시한다고 오늘(14일) 밝혔습니다. 양자...,2020-05-14 10:19
"삼성전자 갤럭시A51, 1분기 안드로이드폰 판매량 1위에",/news/news_read.nhn?article_id=0009861497&office_id=003&mode=search&query=삼성전자&page=7,뉴시스,"삼성전자 갤럭시 A51이 1분기 안드로이드 스마트폰 가운데 판매량 1위를 차지했다. 2위는 샤오미 레드미8, 3위는 갤럭시S20+ 순으로 삼성전...",2020-05-14 10:21
"유니셈, 1분기 영업이익 96억원…전년比 85.7%↑",/news/news_read.nhn?article_id=0004574736&office_id=009&mode=search&query=삼성전자&page=7,매일경제,삼성전자의 경우 올해 1분기 반도체 시설 투자를 6조원까지 늘렸다. 지난해 1분기 3조6000억원 대비 대폭 증가한 규모다. 유니셈은 반도체 및 디스플레이 생산...,2020-05-14 10:21
"SK텔레콤, '도청 불가' 5G폰 갤럭시A퀀텀 출시·…15일부터 예판",/news/news_read.nhn?article_id=0003000663&office_id=025&mode=search&query=삼성전자&page=7,중앙일보,SK텔레콤이 삼성전자와 함께 양자보안과 5G통신 기능을 갖춘 '갤럭시A 퀀텀'을 출시했다. SK텔레콤 전용폰으로 출고가는 64만9000원이며 1...,2020-05-14 10:24
파월 발언·미중 무역분쟁 우려에 뉴욕증시 급락…코스피도 하락,/news/news_read.nhn?article_id=0001673358&office_id=016&mode=search&query=삼성전자&page=7,헤럴드경제,"시가총액 상위 10위 종목 중엔 삼성전자(-1.54%), SK하이닉스(-2.39%), 삼성바이오로직스(-0.65%), LG화학(-0.71%), LG생활건강(-0.14%),...",2020-05-14 10:29
삼성 3개 공익재단이 계열사 주식 1조7천억원어치 보유,/news/news_read.nhn?article_id=0011607879&office_id=001&mode=search&query=삼성전자&page=7,연합뉴스,"삼성복지재단은 삼성전자 주식을 0.08%만 보유했지만 주식평가액은 2천170억원에 달했고, 삼성문화재단이 가진 삼성물산(0.6%, 1천172억원...",2020-05-14 10:30
"삼성전자 평택 공장 증설 현장, 코로나19 확진자 나와 폐쇄",/news/news_read.nhn?article_id=0010834968&office_id=056&mode=search&query=삼성전자&page=7,KBS,삼성전자 평택 반도체 공장 증설 공사장에서 현장 직원이 코로나19 확진 판정을 받아 작업이 중단됐습니다. 삼성물산은 현장 직원 1명이 어젯밤 코...,2020-05-14 10:36
코스피 2000선 탈환 가능하나..엇갈리는 전망,/news/news_read.nhn?article_id=0009861561&office_id=003&mode=search&query=삼성전자&page=7,뉴시스,또 코스피에서 높은 비중을 차지하고 있는 삼성전자의 반등도 필요충분 조건으로 꼽았다. 14일 금융투자업계에 따르면 국내에서 코로나19 확진자가 ...,2020-05-14 10:39
30대 그룹 비영리법인 124곳 주식 보유...삼성 공익재단 주식가치 1조7000...,/news/news_read.nhn?article_id=0009861573&office_id=003&mode=search&query=삼성전자&page=7,뉴시스,"삼성복지재단은 삼성전자 주식을 0.08% 보유하고 있지만 주식평가액은 2170억원이나 됐다. 삼성문화재단 역시 삼성물산(0.6%), 삼성SDI(...",2020-05-14 10:42
삼성전자 평택 반도체 공장 증설 현장 직원 코로나19 확진,/news/news_read.nhn?article_id=0001439900&office_id=052&mode=search&query=삼성전자&page=7,YTN,삼성전자 평택 반도체 공장 증설 공사장에서 현장 직원이 코로나19 확진 판정을 받았습니다. 어젯밤 코로나19 확진 판정을 받은 현장 직원은 삼성...,2020-05-14 10:48
"검찰, '삼성 합병 의혹' 최지성 전 부회장 다시 소환조사",/news/news_read.nhn?article_id=0009861599&office_id=003&mode=search&query=삼성전자&page=7,뉴시스,삼성물산과 제일모직 합병 과정이 이재용 삼성전자 부회장의 경영권 승계 과정과 직결돼 있다고 검찰은 의심하고 있다. 최근 유상호 한국투자증권 부회...,2020-05-14 10:49
"美 매체 ""갤럭시 A51 對 아이폰 SE 대결...A51이 확실히 승자""",/news/news_read.nhn?article_id=0009861595&office_id=003&mode=search&query=삼성전자&page=7,뉴시스,"최근 출시된 중가 스마트폰인 삼성전자 갤럭시 A51이 애플 아이폰SE보다 디스플레이, 배터리, 카메라 옵션 등 측면에서 뛰어나다는 분석이 나왔다...",2020-05-14 10:49
"룰루랩-엠투웬티, 스마트미러 헬스케어 제작 MOU",/news/news_read.nhn?article_id=0009861616&office_id=003&mode=search&query=삼성전자&page=7,뉴시스,룰루랩은 삼성전자 C-Lab의 스핀오프 기업으로 인공지능 기술을 활용해 피부를 분석하고 피부에 알맞는 제품을 찾아줘 피부관리를 도와 주는 스킨케...,2020-05-14 10:51
"[백블] 우연일까...이재용이 움직이면, '칼' 든 그들도 움직인다",/news/news_read.nhn?article_id=0003531124&office_id=023&mode=search&query=삼성전자&page=6,조선일보,"의도한 우연일까요?” 지난 6일 이재용 삼성전자 부회장이 대(對)국민사과를 하자, 검찰발(發)로 ‘다음주 소환조사’라는 뉴스가 나왔습니다. 삼성...",2020-05-14 11:02
개미들의 ‘차애’로 떠오른 정유·화학·금융,/news/news_read.nhn?article_id=0003737309&office_id=011&mode=search&query=삼성전자&page=6,서울경제,"여전히 개인들의 투자 ‘최애’ 업종은 삼성전자와 SK하이닉스가 버티고 있는 전기·전자업종(9,869억원)이지만 정유·화학업종에 대한 관심이 부쩍...",2020-05-14 11:03
"""코로나19로 주춤한 D램 시장 2분기에 20% 이상 반등할 것""",/news/news_read.nhn?article_id=0002598089&office_id=029&mode=search&query=삼성전자&page=6,디지털타임스,"시장 위축 속에서도 삼성전자와 SK하이닉스는 나름 선방했다. 삼성전자의 경우 44.1%의 점유율로 전 분기보다 0.6%포인트 상승했고, SK하이...",2020-05-14 11:03
올해 1분기 가장 많이 팔린 안드로이드 스마트폰은?,/news/news_read.nhn?article_id=0004639919&office_id=018&mode=search&query=삼성전자&page=6,이데일리,삼성전자(005930)의 중저가 스마트폰 ‘갤럭시A51’이 올해 1분기 안드로이드 스마트폰 중 가장 많이 팔린 모델로 나타났다. 갤럭시A51. ...,2020-05-14 11:08
"[단독]공정위, 삼성·LG 휴대폰 '가격 부풀리기' 조사 나섰다",/news/news_read.nhn?article_id=0004408756&office_id=008&mode=search&query=삼성전자&page=6,머니투데이,공정거래위원회가 삼성전자와 LG전자의 '휴대폰 가격 부풀리기' 혐의에 대해 전격 조사에 착수했다. 통신비는 매년 인하되는 추세지만 단말기 출고가...,2020-05-14 11:08
"전고체 배터리를 제2의 반도체로…이재용, 미래를 키운다",/news/news_read.nhn?article_id=0004678142&office_id=277&mode=search&query=삼성전자&page=6,아시아경제,이 소식을 접한 이재용 삼성전자 부회장은 흔쾌히 정 부회장을 전기차 배터리 사업장으로 초대했다. 전례 없던 정 부회장의 삼성 사업장(삼성SDI ...,2020-05-14 11:11
[코로나19] 삼성전자 평택 2라인 건설현장서 확진자 1명 발생,/news/news_read.nhn?article_id=0000538307&office_id=031&mode=search&query=삼성전자&page=6,아이뉴스24,"삼성전자 평택 반도체 공장 건설 근로자가 코로나19 바이러스 확진 판정을 받았다. 공사 현장은 확진자가 머문 곳의 출입을 통제하고, 긴급 방역이...",2020-05-14 11:14
`코로나19`에도 혼수 가전수요 증가…'소독·살균제품 인기',/news/news_read.nhn?article_id=0004639934&office_id=018&mode=search&query=삼성전자&page=6,이데일리,삼성전자가 최근 출시한 양문형 정수기 냉장고도 소비자가 간편하게 위생관리를 할 수 있도록 해 예비 부부를 공략했다. 냉장고 내부 급수 호스를 언...,2020-05-14 11:15
"중저가폰 시대…삼성전자 갤럭시A51, 1분기 글로벌 1위",/news/news_read.nhn?article_id=0000538310&office_id=031&mode=search&query=삼성전자&page=6,아이뉴스24,삼성전자의 갤럭시A51이 지난 1분기 글로벌 스마트폰 시장에서 판매 1위를 기록했다. 최근 각국에서 저렴한 가격대에 고사양을 갖춘 '가성비' 스...,2020-05-14 11:17
‘청년희망펀드’ 관치 한계 ‘망작’…기부금 선진국은 독립기구서 관리,/news/news_read.nhn?article_id=0001673442&office_id=016&mode=search&query=삼성전자&page=6,헤럴드경제,"당시 박근혜 대통령이 1호 기부자로 나선 뒤, 이건희 삼성전자 회장이 사재 200억원을 내놨고, 최태원 SK 회장과 신동빈 롯데 회장이 은행 빚을 내 각각 사재 60억원....",2020-05-14 11:18
"이재용·이서현 공익재단, 계열사 주식 1조7000억원 보유",/news/news_read.nhn?article_id=0004574816&office_id=009&mode=search&query=삼성전자&page=6,매일경제,"삼성복지재단은 삼성전자 주식을 0.08%만 보유했지만 주식평가액은 2170억원에 달했고, 삼성문화재단이 가진 삼성물산(0.6%, 1172억원)과...",2020-05-14 11:18
"자발적으로, 다양한 방식으로…나날이 진화하는 기업 기부문화",/news/news_read.nhn?article_id=0001673441&office_id=016&mode=search&query=삼성전자&page=6,헤럴드경제,"이들 기업의 사회적 순기능을 지원하는 생태계 조력자로서의 역할을 기업이 맡는 모양새다. 삼성전자의 C랩이나, DB손해보험의 ‘교통환경챌린지’ 등이 대표적이다.",2020-05-14 11:18
"""비대면 헬스케어 위해 뭉쳤다"" 엠투웬티-룰루랩, 가정용 스마트미러 헬스케어 제품...",/news/news_read.nhn?article_id=0001454537&office_id=057&mode=search&query=삼성전자&page=6,MBN,룰루랩은 삼성전자 C-Lab의 스핀오프 기업으로 인공지능 기술을 활용해 피부를 분석하고 피부에 알맞는 제품을 찾아주어 피부관리를 도와주는 스킨케...,2020-05-14 11:21
"유니셈, 1Q 영업이익 96억…전년比 85.7%↑",/news/news_read.nhn?article_id=0004639951&office_id=018&mode=search&query=삼성전자&page=6,이데일리,삼성전자(005930)의 경우 올해 1분기 반도체 시설 투자를 6조원까지 늘렸다. 지난해 1분기 3조 6000억원 대비 대폭 증가한 규모다. 유...,2020-05-14 11:22
파격·실리·미래동력 ‘맞손’ 이재용·정의선…장기적인 동반자 관계로 발전해 나갈 ...,/news/news_read.nhn?article_id=0001673476&office_id=016&mode=search&query=삼성전자&page=6,헤럴드경제,"‘재계 3세의 격식 파괴와 실리 추구, 미래 성장동력 확보’ 지난 13일 이뤄진 이재용 삼성전자 부회장과 정의선 현대차그룹 수석부회장의 만남을 관통하는 키워드다....",2020-05-14 11:24
"삼성SDI-현대차 동맹, ‘미래한국號’ 키 쥐고 글로벌 질주",/news/news_read.nhn?article_id=0001673481&office_id=016&mode=search&query=삼성전자&page=6,헤럴드경제,이재용 삼성전자 부회장과 정의선 현대차그룹 수석부회장의 배터리 회동이 양 그룹에 윈윈의 비즈니스 효과를 가져올 것으로 분석됐다. 전기차 배터리....,2020-05-14 11:25
"삼성SDI, 내달 中 배터리 공장에 인력 급파",/news/news_read.nhn?article_id=0001673486&office_id=016&mode=search&query=삼성전자&page=6,헤럴드경제,"삼성SDI 등 삼성 전자계열사 직원 350여 명이 내달 중국으로 급파된다. 지난 10일에 이은 추가 파견으로, 신종 코로나바이러스 감염증(코로나...",2020-05-14 11:27
언택트 라이프 ‘반사이익’… IT관련 ETF 뜬다,/news/news_read.nhn?article_id=0002427795&office_id=021&mode=search&query=삼성전자&page=6,문화일보,"KB자산운용의 ‘KB STAR 200 IT ETF’는 삼성전자, SK하이닉스 등 국내 대표 반도체 회사들이 주 투자 대상이며 삼성SDI, LG디...",2020-05-14 11:41
"삼성·현대차 동반협력 기대감에 전고체 전지 주목…EG, 핵심소재 개발",/news/news_read.nhn?article_id=0004574844&office_id=009&mode=search&query=삼성전자&page=6,매일경제,14일 관련 업계에 따르면 이재용 삼성전자 부회장과 정의선 현대차그룹 수석부회장은 전날 천안 삼성SDI사업장에서 차세대 전기차 배터리로 불리는 전고체 전지 등에...,2020-05-14 11:41
"삼성전자 ‘평택 반도체 공장’ 공사장, 코로나 확진자 나와 폐쇄",/news/news_read.nhn?article_id=0002497189&office_id=028&mode=search&query=삼성전자&page=6,한겨레,"경기도 평택에 있는 삼성전자 반도체 공장 증설 공사장의 현장 직원이 코로나19 확진 판정을 받아 공사장이 폐쇄됐다. 다만, 현재 운영 중인 평택...",2020-05-14 11:45
삼성 '평택 반도체 공장' 증설 현장서 코로나 확진자 발생,/news/news_read.nhn?article_id=0004424462&office_id=014&mode=search&query=삼성전자&page=5,파이낸셜뉴스,삼성전자 평택 반도체 공장 증설 현장에서 코로나19 확진자가 나와 공사가 일시 중단된 것으로 14일 확인됐다. 이날 관련 업계 및 삼성에 따르면...,2020-05-14 11:49
"이재용·정의선에 주목받는 2차전지株, 지금 들어가도 될까",/news/news_read.nhn?article_id=0004408831&office_id=008&mode=search&query=삼성전자&page=5,머니투데이,[[오늘의 포인트]] 이재용 삼성전자 부회장과 정의선 현대차그룹 수석부회장의 만남으로 2차전지 시장이 재조명받고 있다. 코로나19(COVID-1...,2020-05-14 11:52
'코로나에도 선방'…삼성·SK하이닉스 D램 점유율↑,/news/news_read.nhn?article_id=0004637563&office_id=421&mode=search&query=삼성전자&page=5,뉴스1,"신종 코로나바이러스 감염증(코로나19) 상황에서 D램 메모리 세계 1, 2위 기업인 삼성전자와 하이닉스가 선방하며 시장 점유율을 전분기 보다 소...",2020-05-14 11:55
현대기아차에 삼성 ‘날개’ 다나…미래차산업 시너지 기대,/news/news_read.nhn?article_id=0000211458&office_id=374&mode=search&query=삼성전자&page=5,SBS CNBC,국내 재계 빅2인 총수인 삼성전자 이재용 부회장과 현대차 정의선 수석부회장이 어제(13일) 충남 천안 삼성SDI 공장에서 만났습니다. 두 사람은...,2020-05-14 11:59
"SKT, 해킹 불가 ‘양자난수 5G 폰’ 세계 첫 출시",/news/news_read.nhn?article_id=0002427799&office_id=021&mode=search&query=삼성전자&page=5,문화일보,삼성전자와 손잡고 칩셋 탑재 ‘갤럭시A 퀀텀’ 22일 내놓기로 로그인·생체인증 데이터 보호 양자보안 서비스 더 확대 계획 SK텔레콤이 삼성전자와...,2020-05-14 12:01
"[정오 시황] 코스피 1922.08, 하락세(▼18.34, -0.95%) 지속",/news/news_read.nhn?article_id=0003737354&office_id=011&mode=search&query=삼성전자&page=5,서울경제,"종목별로는 삼성전자가 1.13% 내린 4만 8000원에 거래되는 가운데, 한미약품(128940)(-10.39%), 한미사이언스(008930)(-...",2020-05-14 12:02
"갤럭시 Z플립 '힌지' 기술, 칫솔모·진공청소기 브러시 보며 착안",/news/news_read.nhn?article_id=0009861957&office_id=003&mode=search&query=삼성전자&page=5,뉴시스,"14일 삼성전자에 따르면, 갤럭시 Z 플립은 ‘하이드어웨이 힌지(Hideaway Hinge)’를 채택해 외부 먼지와 이물질 유입으로부터 힌지와 ...",2020-05-14 12:05
"삼성 공익재단 3곳, 계열사 주식 1조7500억원어치 보유",/news/news_read.nhn?article_id=0002598104&office_id=029&mode=search&query=삼성전자&page=5,디지털타임스,"삼성복지재단은 삼성전자 주식을 0.08%만 보유했지만 주식평가액은 2170억원에 달했고, 삼성문화재단이 가진 삼성물산(0.6%, 1172억원)과...",2020-05-14 12:05
"SKT, 최초 양자보안 5G폰 ‘갤럭시A 퀀텀’ 선보여",/news/news_read.nhn?article_id=0000211463&office_id=374&mode=search&query=삼성전자&page=5,SBS CNBC,SK텔레콤이 삼성전자와 함께 세계에서 처음으로 양자난수생성 칩셋을 넣은 5G 스마트폰 '갤럭시A 퀀텀'을 출시한다고 오늘(14일) 밝혔습니다. ...,2020-05-14 12:08
이재용·정의선 회동…전기차 ‘배터리 동맹’?,/news/news_read.nhn?article_id=0000191688&office_id=449&mode=search&query=삼성전자&page=5,채널A,"즉 삼성 SDI는 삼성전자 이재용 부회장이 있었고 현대차 그룹 쪽에서는 정의선 현대차 부회장이 오게 되면서, ‘배터리 동맹’, ‘코리아 어벤져스...",2020-05-14 12:24
[TF시황] 외인·기관 매도에 국내증시 하락 '지속',/news/news_read.nhn?article_id=0000025720&office_id=629&mode=search&query=삼성전자&page=5,더팩트,"이에 시가총액 상위종목인 삼성전자(-1.13%), SK하이닉스(-2.99%), 삼성바이오로직스(-0.97%)가 모두 내림세다. 현재까지 업종은 ...",2020-05-14 12:31
[5스타전략] 시황과 투자전략,/news/news_read.nhn?article_id=0000211465&office_id=374&mode=search&query=삼성전자&page=5,SBS CNBC,"금일도 거래소시장은 삼성전자가 ""키맨"" 역할을 하게 될 것이고, 이에 따라 거래소 2000P돌파시 조정을 거치며 느리게 진행될 가능성이 계속 전...",2020-05-14 12:40
"현대차, 배터리합작사 정의선·이재용 회동 후 급변…LG 대신 삼성 맞손?",/news/news_read.nhn?article_id=0000538324&office_id=031&mode=search&query=삼성전자&page=5,아이뉴스24,정의선 현대차그룹 수석부회장과 이재용 삼성전자 부회장의 만남을 계기로 LG화학 대신 삼성SDI의 손을 잡을 수 있다는 관측이 나온다. 14일 관...,2020-05-14 13:35
"르노-삼성, 20년 관계 청산 앞두고 ‘삼성-현대차’ 화해모드 ‘관심’",/news/news_read.nhn?article_id=0002598119&office_id=029&mode=search&query=삼성전자&page=5,디지털타임스,특히 이재용 삼성전자 부회장과 정의선 현대자동차그룹 수석부회장은 최근 배터리 사업과 관련한 만남을 가져 양측의 관계가 전략적 동반자 관계로 발전...,2020-05-14 13:46
"[김대호의 경제읽기] 홍남기 ""공무원 등 채용 재개…156만 공공일자리 제공""",/news/news_read.nhn?article_id=0000428511&office_id=422&mode=search&query=삼성전자&page=5,연합뉴스TV,이재용 삼성전자 부회장과 정의선 현대차그룹 수석부회장이 어제 단독 회동을 가졌습니다. 양 그룹의 두 총수가 사업 목적으로 만나는 것은 처음이었...,2020-05-14 13:48
"[특징주] 아이에이네트웍스, 세계 최초 양자암호폰 출시 소식에 강세",/news/news_read.nhn?article_id=0004678302&office_id=277&mode=search&query=삼성전자&page=5,아시아경제,SK텔레콤은 삼성전자와 협력해 세계 최초로 가장 작은 크기(가로 2.5mm X 세로 2.5mm) ‘양자난수생성칩(QRNG)'을 탑재한 5G 스마트폰 ‘갤럭시 A 퀀텀’을....,2020-05-14 13:50
[차장칼럼]'빚투' 권하는 증권사,/news/news_read.nhn?article_id=0004678308&office_id=277&mode=search&query=삼성전자&page=5,아시아경제,'동학개미운동' 열풍으로 삼성전자를 비롯한 우량주를 대거 사들이기도 했겠지만 신종 코로나바이러스감염증(코로나19) 확산 이후 롤러코스터 장에서 '한방'을...,2020-05-14 13:54
"삼성-LG, 얼음정수기 냉장고 전쟁…소비자 선택은?",/news/news_read.nhn?article_id=0002401602&office_id=119&mode=search&query=삼성전자&page=5,데일리안,"3년만에 시장에 복귀한 삼성전자를 비롯, LG전자와 위니아딤채 등이 신제품을 내놓고 치열한 경쟁을 예고하고 있다. LG전자는 음성인식 기능을 강...",2020-05-14 13:55
"[fn오후시황] 코스피, 외국인·기관 매도세 지속.. 1%대 하락세 여전",/news/news_read.nhn?article_id=0004424543&office_id=014&mode=search&query=삼성전자&page=5,파이낸셜뉴스,"삼성전자(-1.54%), SK하이닉스(-3.23%) 등은 약세가 이어지고 있다. 코스닥지수는 1.52포인트(-0.22%) 내린 690.02를 나타내고 있다. 외국인과 기관...",2020-05-14 13:55
"경북도, 지능형 반도체 산업 육성해 전자산업 재도약 이끈다",/news/news_read.nhn?article_id=0000647230&office_id=088&mode=search&query=삼성전자&page=5,매일신문,몇 년 전부터 삼성전자 스마트폰 일부 시리즈가 중국ODM(제조업자 개발생산 방식) 방식으로 생산되는 것은 중국기업의 제품설계 역량 향상 덕인데 ...,2020-05-14 13:56
"위기대응 경영, 변수 아닌 상수로…'HIP 경영' 자리잡다",/news/news_read.nhn?article_id=0004678328&office_id=277&mode=search&query=삼성전자&page=4,아시아경제,삼성전자는 국내에 첫 코로나19 확진자가 나온 지난 1월 중순께 즉시 코로나19 대응 태스크포스(TF)를 꾸리는 등 각 기업들 스스로가 하나의 ...,2020-05-14 14:06
"언택트株 급등… 카카오·엔씨, 시총 ‘톱15’ 부상",/news/news_read.nhn?article_id=0002427873&office_id=021&mode=search&query=삼성전자&page=4,문화일보,지난 13일 이재용 삼성전자 부회장과 정의선 현대차 수석부회장이 차세대 전기차 배터리 사업 협력을 위해 손을 잡으면서 기대감은 한층 고조된 상태...,2020-05-14 14:12
와이아이케이 삼성전자와 277억원 계약체결,/news/news_read.nhn?article_id=0001321232&office_id=005&mode=search&query=삼성전자&page=4,국민일보,와이아이케이는 삼성전자와 277억원 규모의 계약을 체결했다고 14일에 공시했다. 이번 계약은 반도체 검사장비이고 계약기간은 2020년 05월 1...,2020-05-14 14:13
"와이아이케이, 삼성전자와 277억 규모 공급계약 체결",/news/news_read.nhn?article_id=0004678349&office_id=277&mode=search&query=삼성전자&page=4,아시아경제,와이아이케이는 삼성전자와 277억3000만원 규모의 반도체 검사장비 공급계약을 체결했다고 14일 공시했다. 계약금액은 지난해 연결 기준 매출액의 55.5% 규모이며...,2020-05-14 14:15
와이아이케이 수주공시 - 반도체 검사장비 277.3억원 (매출액대비 55.5%),/news/news_read.nhn?article_id=0004340607&office_id=015&mode=search&query=삼성전자&page=4,한국경제,"계약 상대방은 삼성전자이고, 계약금액은 277.3억원 규모로 최근 와이아이케이 매출액 499.8억원 대비 약 55.5% 수준이다. 이번 계약의 ...",2020-05-14 14:16
"룰루랩, 엠투웬티과 가정용 스마트미러 헬스케어 공동제작 MOU",/news/news_read.nhn?article_id=0000538337&office_id=031&mode=search&query=삼성전자&page=4,아이뉴스24,룰루랩은 삼성전자 C-Lab의 스핀오프 기업으로 인공지능 기술을 활용해 피부를 분석하고 피부에 알맞는 제품을 찾아주어 피부관리를 도와 주는 스킨...,2020-05-14 14:16
"와이아이케이, 삼성전자와 277억원 규모 반도체 검사장비 계약 체결",/news/news_read.nhn?article_id=0004640105&office_id=018&mode=search&query=삼성전자&page=4,이데일리,와이아이케이(232140)는 삼성전자와 277억원 규모 반도체 검사장비 계약을 체결했다고 14일 공시했다. 이는 최근 매출액 대비 55.5%에 해당하는 규모다. 이슬기,2020-05-14 14:19
"코스피, 외인·기관 동반 매도에 1%대 약세…1910선은 지켜",/news/news_read.nhn?article_id=0004408935&office_id=008&mode=search&query=삼성전자&page=4,머니투데이,"삼성전자와 SK하이닉스는 각각 1.44%, 3.23% 하락하고 있고 LG화학도 2%대 내리고 있다. NAVER와 셀트리온, LG생활건강이 강보합세고 카카오는 홀로 3%대 ...",2020-05-14 14:20
"삼성-현대차, 車반도체도 협업 나설까",/news/news_read.nhn?article_id=0002427880&office_id=021&mode=search&query=삼성전자&page=4,문화일보,14일 재계에 따르면 이재용 삼성전자 부회장과 정의선 현대차그룹 수석 부회장의 단독 회동을 계기로 두 그룹의 경쟁 관계가 새롭게 전환되면서 전략적 협력의 발판이...,2020-05-14 14:21
‘정수기 냉장고’ 프리미엄 시장 경쟁 가열,/news/news_read.nhn?article_id=0002427879&office_id=021&mode=search&query=삼성전자&page=4,문화일보,삼성전자가 3년만에 정수기 냉장고를 다시 내놓은데 이어 정수기 냉장고 시장을 선점한 LG전자가 프리미엄 제품을 선보이며 수성전략을 펼치고 있다....,2020-05-14 14:21
"삼성전자 '갤럭시 A51', 1분기 전세계에서 가장 많이 팔린 안드로이드폰",/news/news_read.nhn?article_id=0001037770&office_id=214&mode=search&query=삼성전자&page=4,MBC,올해 1분기에 전 세계에서 가장 많이 팔린 안드로이드 스마트폰은 삼성전자의 갤럭시 A51인 것으로 나타났습니다. 시장조사업체 스트래티지 애널리틱...,2020-05-14 14:36
"와이아이케이, 277억 규모 반도체 검사장비 공급계약",/news/news_read.nhn?article_id=0001673591&office_id=016&mode=search&query=삼성전자&page=4,헤럴드경제,와이아이케이는 삼성전자와 반도체 검사장비 공급계약을 체결했다고 14일 공시했다. 계약금액은 277억3000만원이며 이는 2019년 매출 대비 55.5%에 해당하는...,2020-05-14 14:37
"삼성전자 스마트시티, 폐기물 매립 제로 '골드' 인증 획득",/news/news_read.nhn?article_id=0011608908&office_id=001&mode=search&query=삼성전자&page=4,연합뉴스,폐기물 재활용률 97%…완제품 생산 사업장으로선 국내 처음 삼성전자 스마트시티(구미사업장)는 미국 안전 규격 인증기관 UL로부터 폐기물 매립 제...,2020-05-14 14:40
"SK텔레콤, 세계 최초 양자보안 5G폰 '갤럭시A 퀀텀' 예약 판매",/news/news_read.nhn?article_id=0003567571&office_id=076&mode=search&query=삼성전자&page=4,스포츠조선,SK텔레콤이 삼성전자와 함께 세계 최초로 양자난수생성 칩셋을 탑재한 5G 스마트폰 '갤럭시 A 퀀텀'을 출시한다고 14일 밝혔다. SK텔레콤은 ...,2020-05-14 14:41
"롯데百 대전점, '국민가격' 가전 컬렉션",/news/news_read.nhn?article_id=0004424591&office_id=014&mode=search&query=삼성전자&page=4,파이낸셜뉴스,국민가전 페스티벌 대표상품으로는 △삼성전자의 무풍에어컨 무풍갤러리 △삼성제트+ 청청스테이션 패키지 △LG전자의 워시타워 △휘센 듀얼프리미엄 에어컨...,2020-05-14 14:41
"구미 삼성전자 스마트시티, UL 폐기물 매립 제로 인증 받아",/news/news_read.nhn?article_id=0009862357&office_id=003&mode=search&query=삼성전자&page=4,뉴시스,"구미에 위치한 삼성전자 스마트시티가 글로벌 안전과학회사 UL(Underwriters Laboratories, 이하 UL)로부터 폐기물 매립 제로...",2020-05-14 14:45
"씨아이에스, 삼성·현대차 '꿈의 배터리' 전고체 기술 선점…적용 기대",/news/news_read.nhn?article_id=0004678385&office_id=277&mode=search&query=삼성전자&page=4,아시아경제,삼성전자는 최근 1회 충전 주행거리가 800㎞에 이르는 전고체 전지 혁신기술을 발표했다. 전기차는 '한국판 뉴딜'로 정부가 육성하는 산업이다. 문재인 대통령은 취임...,2020-05-14 14:49
삼성 3개 공익재단이 계열사 주식 1조 7천억 원어치 보유,/news/news_read.nhn?article_id=0001002543&office_id=082&mode=search&query=삼성전자&page=4,부산일보,삼성전자 본사가 있는 수원 삼성 디지털 시티 전경.삼성전자 제공 삼성그룹 총수 일가가 이사장인 그룹 내 공익재단이 1조 7000억 원 이상의 삼...,2020-05-14 15:13
"락앤락, 2020 중국 브랜드파워 밀폐용기 9년·보온병 8년 연속 1위 영예",/news/news_read.nhn?article_id=0003465109&office_id=022&mode=search&query=삼성전자&page=4,세계일보,"중국 내에서 유통되고 있는 200여 카테고리 1만9백 개 브랜드를 조사했으며, 한국 기업으로는 락앤락을 비롯해 삼성전자(TV부문)와 오리온(파이부문)이 1위에 올랐다.",2020-05-14 15:19
檢 '삼성합병 의혹' 2인자 최지성 소환…이재용 조사 임박,/news/news_read.nhn?article_id=0004340714&office_id=015&mode=search&query=삼성전자&page=4,한국경제,삼성그룹의 경영권 승계 의혹을 수사하는 검찰이 전·현직 임원들을 줄소환하면서 이재용 삼성전자 부회장에 대한 소환 조사도 임박했다는 관측이 나오고...,2020-05-14 15:23
"삼성-LG, 얼음정수기 냉장고 시장서 격돌…위니아도 가세",/news/news_read.nhn?article_id=0004640191&office_id=018&mode=search&query=삼성전자&page=3,이데일리,(사진=위니아딤채)올 여름 얼음정수기 냉장고 시장 경쟁의 포문을 연 것은 삼성전자(005930)다. 삼성전자는 지난달 ‘양문형 정수기 냉장고’ ...,2020-05-14 15:23
"[마감 시황] 외국인과 기관의 동반 매도세.. 코스피 1924.96(▼15.46,...",/news/news_read.nhn?article_id=0003737518&office_id=011&mode=search&query=삼성전자&page=3,서울경제,"종목별로는 삼성전자가 1.13% 내린 4만 8000원에 장을 마감한 가운데, 한미약품(128940)(-9.50%), 한미사이언스(008930)(...",2020-05-14 15:35
"""변화에 변화""…LG전자, 새 폼팩터에 쏠린 눈",/news/news_read.nhn?article_id=0000538363&office_id=031&mode=search&query=삼성전자&page=3,아이뉴스24,과거 삼성전자가 출시한 '가로본능'과 비슷한 형태가 될 것으로 예상된다. T자 형태가 마치 양 날개를 펼친 것 같은 이미지를 연상시켜 '윙'이라...,2020-05-14 15:40
[코스피 마감]코로나發 경기침체 우려에 하루 만에 하락,/news/news_read.nhn?article_id=0004640242&office_id=018&mode=search&query=삼성전자&page=3,이데일리,"삼성전자(005930)는 1%대, SK하이닉스(000660)는 3%대 하락했다. LG화학(051910)은 2%대, 삼성물산(028260)은 1%...",2020-05-14 15:53
"[마감시황]코스피, 외국인·기관 순매도에 1920선 후퇴",/news/news_read.nhn?article_id=0009862667&office_id=003&mode=search&query=삼성전자&page=3,뉴시스,"대장주 삼성전자는 전 거래일 대비 550원(1.13%) 내린 4만8000원에 거래를 마쳤다. SK하이닉스(-3.59%), 삼성바이오로직스(-0....",2020-05-14 15:54
[시황종합] 코스피 1920선으로 밀려…코스닥 소폭 하락,/news/news_read.nhn?article_id=0004638370&office_id=421&mode=search&query=삼성전자&page=3,뉴스1,"코스피 시가총액 상위 10개 종목 중 LG생활건강(1.25%), 셀트리온(0.93%), NAVER(0.23%)는 상승했고, SK하이닉스(-3.5...",2020-05-14 15:55
코로나19로 막힌 수출길…'수출효자' 휴대폰이 흔들린다,/news/news_read.nhn?article_id=0004638387&office_id=421&mode=search&query=삼성전자&page=3,뉴스1,휴대폰 수출은 삼성전자의 '갤럭시S' 시리즈 등으로 대표되는 완제품과 휴대폰 부품 등으로 나뉜다. 4월 수출은 완제품과 부품 수출이 모두 부진해...,2020-05-14 15:59
"[마감시황] 코스피, 경기침체 장기화 우려…15P 하락",/news/news_read.nhn?article_id=0000538370&office_id=031&mode=search&query=삼성전자&page=3,아이뉴스24,"삼성전자 –1.13%, SK하이닉스 –3.59%, 삼성바이오로직스 –0.65%, 삼성전자우 –0.97%, LG화학 –2.13%의 하락률을 보였다. 업종별로는 대부분 하락세...",2020-05-14 16:00
"삼성 스마트시티, 매립 제로 `골드` 인증…""재활용률 97% 달성""",/news/news_read.nhn?article_id=0004575108&office_id=009&mode=search&query=삼성전자&page=3,매일경제,삼성전자 스마트시티가 미국 안전 규격 인증기관 UL로부터 폐기물 매립 제로(ZERO) 인증 골드 등급을 받았다. 14일 삼성전자는 뉴스룸을 통해...,2020-05-14 16:00
"[마감] 코스피, 1942선까지 후퇴… 외국인·기관 동반매도",/news/news_read.nhn?article_id=0000542453&office_id=417&mode=search&query=삼성전자&page=3,머니S,"코스피 시가총액 10위권 종목에서는 삼성전자(-1.13%), SK하이닉스(-3.59%), 삼성바이오로직스(-0.65%), 삼성전자우(-0.97%...",2020-05-14 16:01
"코스피, 외국인·기관 매도에 하락…1,920대로 후퇴(종합)",/news/news_read.nhn?article_id=0011609453&office_id=001&mode=search&query=삼성전자&page=3,연합뉴스,"시가총액 상위 종목 가운데는 SK하이닉스(-3.59%), LG화학(-2.13%), 삼성전자(-1.13%), 현대차(-0.86%), 삼성바이오로직...",2020-05-14 16:01
경기회복 지연 우려에 코스피 1920선 하락 마감…코스닥 690선 약세,/news/news_read.nhn?article_id=0004678495&office_id=277&mode=search&query=삼성전자&page=3,아시아경제,"시가총액 상위 종목 중 삼성전자(-1.54%)를 비롯해 SK하이닉스(-2.99%), 삼성바이오로직스(-1.14%), LG화학(-2.27%) 등이 하락했고 NAVER(0.4...",2020-05-14 16:06
'파월 장기침체 예고'에 외국인·기관 매도세…코스피 하락 마감,/news/news_read.nhn?article_id=0002401649&office_id=119&mode=search&query=삼성전자&page=3,데일리안,"종목별로는 삼성전자(-1.13%), 한미약품(-9.50%), 한미사이언스(-9.42%), 넷마블(-8.94%) 등이 하락세를 나타냈다. 반면, ...",2020-05-14 16:07
이태원發 코로나 확산에 다시 거리두기 강화하는 기업들,/news/news_read.nhn?article_id=0011609512&office_id=001&mode=search&query=삼성전자&page=3,연합뉴스,삼성전자 본사 있는 수원서 집단감염 위험…자진신고 대상 대폭 확대 이태원 소재 제일기획 예방 차원 분산근무…SKT는 다시 재택근무로 서울 이태원...,2020-05-14 16:09
[마감시황] 외인·기관 순매도에...코스피 하락 마감,/news/news_read.nhn?article_id=0003737547&office_id=011&mode=search&query=삼성전자&page=3,서울경제,"시가총액 상위 종목 중에서는 삼성전자(-1.13%), SK하이닉스(-3.59%) 등 반도체주가 약세를 보인 가운데 카카오와 엔씨소프트 등 인터넷...",2020-05-14 16:15
"코스피, 하루만에 1920선 후퇴…진단키트주 급등",/news/news_read.nhn?article_id=0002223759&office_id=123&mode=search&query=삼성전자&page=3,조세일보,시가총액 1위인 삼성전자는 1.13% 하락한 4만8000원에 거래를 마쳤다. 코스닥 시장에선 코로나19 진단키트 관련 주들이 급등세를 보였다. ...,2020-05-14 16:16
"격변기 맞은 전기차 배터리시장…""영원한 적도 아군도 없다""",/news/news_read.nhn?article_id=0000538378&office_id=031&mode=search&query=삼성전자&page=3,아이뉴스24,14일 업계에 따르면 이재용 삼성전자 부회장과 정의선 현대자동차 수석부회장은 전날 삼성SDI 천안사업장을 찾아 차세대 전기차용 배터리인 전고체 ...,2020-05-14 16:17
"기대되는 삼성·현대차 `모빌리티` 드림팀, 어디까지 갈 수 있을까?",/news/news_read.nhn?article_id=0002598189&office_id=029&mode=search&query=삼성전자&page=3,디지털타임스,"이재용 삼성전자 부회장과 정의선 현대자동차그룹 수석부회장이 만나면서 국내 재계 1, 2위의 어벤저스급 미래 모빌리티 연합 탄생에 대한 기대감이 ...",2020-05-14 16:20
코로나가 바꾼 지정학…`反화웨이` 연대 힘받는다,/news/news_read.nhn?article_id=0004575122&office_id=009&mode=search&query=삼성전자&page=3,매일경제,"그간 5세대(5G) 이동통신망 구축에서 ""화웨이 제품을 쓰지 말라""는 트럼프 대통령의 압박에 미온적이었던 유럽 동맹국들이 속속 화웨이 제품을 배재하고 삼성전자와...",2020-05-14 16:22
코로나19 넘어 신시장 개척…재계 합종연횡 바람,/news/news_read.nhn?article_id=0002598190&office_id=029&mode=search&query=삼성전자&page=3,디지털타임스,"SK는 국내 카셰어링 업체인 쏘카에 지분투자를 하는 등 통신과 주유소 등 다양한 영역에서 공유경제 사업을 확대하는 중이고, 삼성전자는 BMW를 ...",2020-05-14 16:22
"코스피, 외국인 기관 동반 매도에 하락 마감",/news/news_read.nhn?article_id=0004575128&office_id=009&mode=search&query=삼성전자&page=2,매일경제,"하락 종목 중에서는 SK하이닉스, 삼성전자, 현대모비스, NAVER, 삼성물산, 현대차 순으로 낙폭이 컸다. 이날 코스피에서는 227개 종목이 올랐고, 638개 종목이 내...",2020-05-14 16:23
삼성·SK·LG·현대차 등 기업들 '거리두기' 다시 강화한 까닭은,/news/news_read.nhn?article_id=0004340791&office_id=015&mode=search&query=삼성전자&page=2,한국경제,14일 업계에 따르면 삼성전자 코로나19 대응 태스크포스(TF)는 자진 신고 기준을 확대한다고 임직원들에게 공지했다. 태스크포스는 지난달 29일...,2020-05-14 16:29
음악리스트 이동? 명함 등록?...OCR이 '척척',/news/news_read.nhn?article_id=0003737563&office_id=011&mode=search&query=삼성전자&page=2,서울경제,삼성전자 갤럭시 스마트폰에서 ‘빅스비 비전’을 실행시켜 카메라를 메뉴판 등에 갖다 대면 외국어 문자를 추출한 뒤 자동으로 번역해준다. 구글 역시...,2020-05-14 16:32
"""멈추면 안된다"" 반도체 업계, 코로나 방역 고삐 바짝 죈다",/news/news_read.nhn?article_id=0003737564&office_id=011&mode=search&query=삼성전자&page=2,서울경제,"삼성전자(005930)와 SK하이닉스(000660) 등 국내 주요 반도체 회사는 물론, 미주 유럽에 본사와 생산기지를 둔 인텔 등은 ‘최선의 방...",2020-05-14 16:33
삼성전자 팔고 카카오 사고…외국인 머릿속엔 '코로나19',/news/news_read.nhn?article_id=0004409066&office_id=008&mode=search&query=삼성전자&page=2,머니투데이,"순매도액 절반이 삼성전자와 SK하이닉스가 속한 전기전자업종에 쏟아져 외국인은 31418억원, 기관은 1552억원 팔았다. 외국인 매도세가 지속되...",2020-05-14 16:39
"삼성 x 언더아머, 신형 무선이어폰 개발 중",/news/news_read.nhn?article_id=0003737584&office_id=011&mode=search&query=삼성전자&page=2,서울경제,삼성전자(005930)의 자회사인 오디오 전문 기업 하만이 유명 스포츠 브랜드 ‘언더아머’와 협업하여 무선이어폰 ‘언더아머 플래시 X’(가칭)를...,2020-05-14 16:54
클럽·주점發 코로나에 기업도 초긴장…사옥 폐쇄 등 잇달아,/news/news_read.nhn?article_id=0009862896&office_id=003&mode=search&query=삼성전자&page=2,뉴시스,"삼성전자는 이미 지난주 진행된 모바일 문진을 통해 이태원 방문 여부 체크했으며, 클럽 방문뿐 아니라 지난달 29일~이달 6일 이태원 일대를 방문...",2020-05-14 17:00
프리미엄 브랜드에 맞춤형 특화설계까지…트렌드 선도하는 '현대 테라타워 영통' 눈길,/news/news_read.nhn?article_id=0000870874&office_id=215&mode=search&query=삼성전자&page=2,한국경제TV,특히 사업지가 위치한 영통구 일대는 삼성전자 등 초우량기업과 다수의 협력업체가 위치해 비즈니스 최적지로 꼽히는 곳이다. 지하철 분당선 영통역 인...,2020-05-14 17:03
"코아시아, 1분기 매출액 1017억원…전년比 14.5%↑",/news/news_read.nhn?article_id=0004575164&office_id=009&mode=search&query=삼성전자&page=2,매일경제,코아시아는 자회사 코아시아세미를 통해 지난달 7일 삼성전자 파운드리 사업부의 SAFE DSP로 공식 선정된 바 있다. 자체 보유한 시스템온칩(S...,2020-05-14 17:09
"[TF시황] 코스피, 외인·기관 동반 '팔자'에 1920선으로 후퇴",/news/news_read.nhn?article_id=0000025774&office_id=629&mode=search&query=삼성전자&page=2,더팩트,"삼성전자(-1.13%), SK하이닉스(-3.59%), 삼성바이오로직스(-0.65%), 삼성전자우(-0.97%), LG화학(-2.13%), 삼성S...",2020-05-14 17:10
"[단독] 이재용 삼성 부회장, 이달말 비메모리 추가베팅안 내놓는다",/news/news_read.nhn?article_id=0003737612&office_id=011&mode=search&query=삼성전자&page=2,서울경제,이재용 삼성전자 부회장이 조만간 평택 반도체 공장을 방문해 시스템반도체와 낸드플래시 추가 투자 계획을 밝힐 예정이다. 지난해 4월 화성 극자외선...,2020-05-14 17:18
현대차 업은 삼성전자 '차량용 반도체' 공략 액셀 밟나,/news/news_read.nhn?article_id=0003737613&office_id=011&mode=search&query=삼성전자&page=2,서울경제,삼성전자(005930)의 차량용 반도체 시장 확대 전략이 현대차를 등에 업고 가속페달을 밟을 것이라는 분석이 나온다. 현재 차량용 반도체 시장은...,2020-05-14 17:19
"[TF매매동향] 외인, SK하이닉스 2080억원 팔았다",/news/news_read.nhn?article_id=0000025776&office_id=629&mode=search&query=삼성전자&page=2,더팩트,"이어 삼성전자 584억 원, 삼성SDI 220억 원, KT&G 165억 원, 포스코(POSCO) 152억 원을 순매도했다. 코스닥 시장에서는 씨...",2020-05-14 17:27
원유ETF 몰리더니...결국 소송전 비화,/news/news_read.nhn?article_id=0000870883&office_id=215&mode=search&query=삼성전자&page=2,한국경제TV,이른바 동학개미운동과 함께 삼성전자에 이어 개인투자자들이 몰리며 뜨거워졌던 원유 파생상품이 결국 소송전으로 비화됐습니다. 삼성자산운용이 WTI원...,2020-05-14 17:36
"코스피, '옵션 만기일'에도 불구 1920선 방어",/news/news_read.nhn?article_id=0000870881&office_id=215&mode=search&query=삼성전자&page=2,한국경제TV,"반면, 삼성전자와 SK하이닉스는 각각 1.13%, 3.59% 하락했다. 코스닥 지수는 약보합권에서 마감했다. 14일 코스닥 지수는 전 거래일보다...",2020-05-14 17:36
"‘집콕’에 최고가 행진… 음식료株, 코로나 방어주 역할 ‘톡톡’",/news/news_read.nhn?article_id=0004424759&office_id=014&mode=search&query=삼성전자&page=2,파이낸셜뉴스,삼성전자를 비롯한 대형주의 주가 회복세가 더딘 상황에서 경기방어주로 자리매김하며 더욱 주목을 받는 모습이다. 올해 호실적도 기대되고 있으나 다음...,2020-05-14 17:40
외인 SW 투자비중 최대...장중 현대차 시총 제친 카카오,/news/news_read.nhn?article_id=0003737663&office_id=011&mode=search&query=삼성전자&page=2,서울경제,"올해 외국인의 코스피 순매수 상위 종목에는 기존 코스피 대장주였던 삼성전자와 SK하이닉스 대신 카카오(2,790억), 엔씨소프트(1,939억),...",2020-05-14 17:47
삼성 평택2공장 건설현장 직원 확진 판정…30조 반도체 공사 현장이 멈췄다,/news/news_read.nhn?article_id=0004340920&office_id=015&mode=search&query=삼성전자&page=2,한국경제,14일 오후 1시 삼성전자 경기 평택컴퍼스 E2주차장 주변 횡단보도에선 건설 근로자들을 찾아볼 수 없었다. 이곳은 점심시간이면 평택2공장(P2) 신축 현장 건설...,2020-05-14 18:00
이재용-정의선 만나도…G80에 삼성 배터리 넣긴 어려운 이유,/news/news_read.nhn?article_id=0010835180&office_id=056&mode=search&query=삼성전자&page=2,KBS,이재용 삼성전자 부회장은 정의선 현대자동차그룹 수석부회장보다 2살 연상입니다. 비슷한 나이의 재벌 3세인 점 때문에 친분이 있는 것으로 재계에서...,2020-05-14 18:11
"삼성 재단이 보유한 계열사 주식, 1조7500억원 달해",/news/news_read.nhn?article_id=0002497290&office_id=028&mode=search&query=삼성전자&page=2,한겨레,삼성문화재단과 삼성생명공익재단 등 이재용 삼성전자 부회장 일가가 운영하는 비영리법인이 보유한 삼성 계열사(상장기업) 주식의 가치가 1조7500억...,2020-05-14 18:23
직진하는 동학개미…계속 빚 내서 주식투자,/news/news_read.nhn?article_id=0004640401&office_id=018&mode=search&query=삼성전자&page=1,이데일리,"현대차(005380), LG화학(051910), 삼성전자(005930) 등 우량주들에도 200억원이 넘는 ‘빚 투자’가 몰렸다. 코스닥 시장에서...",2020-05-14 18:27
자동차用 반도체도 협력 가능성… `모빌리티 연합` 탄생 기대감,/news/news_read.nhn?article_id=0002598246&office_id=029&mode=search&query=삼성전자&page=1,디지털타임스,"이재용 삼성전자 부회장과 정의선 현대자동차그룹 수석부회장이 만나면서 국내 재계 1, 2위의 어벤저스급 미래 모빌리티 연합 탄생에 대한 기대감이 ...",2020-05-14 18:29
"異업종간 짝짓는 재계 … ""新시장 개척은 필수 생존전략""",/news/news_read.nhn?article_id=0002598247&office_id=029&mode=search&query=삼성전자&page=1,디지털타임스,"SK는 국내 카셰어링 업체인 쏘카에 지분투자를 하는 등 통신과 주유소 등 다양한 영역에서 공유경제 사업을 확대하는 중이고, 삼성전자는 BMW를 비롯해...",2020-05-14 18:29
"`삼성` 상표 떼는 르노삼성차… 삼성-현대차, 전략협업 `시동`",/news/news_read.nhn?article_id=0002598245&office_id=029&mode=search&query=삼성전자&page=1,디지털타임스,특히 이재용 삼성전자 부회장과 정의선 현대자동차그룹 수석부회장은 최근 배터리 사업과 관련한 만남을 가져 양측의 관계가 전략적 동반자 관계로 발전...,2020-05-14 18:29
[단독] '다닥다닥 일상'...불안에 떠는 삼성 건설현장 근로자,/news/news_read.nhn?article_id=0001440154&office_id=052&mode=search&query=삼성전자&page=1,YTN,하루에 2만여 명이 드나드는 경기 평택 고덕 삼성전자 반도체2기 증설 공사 현장에서 코로나19 확진자가 나왔습니다. YTN이 취재를 해보니 이곳...,2020-05-14 18:29
늪인줄도 모르고… 原油에 빠진 개미들,/news/news_read.nhn?article_id=0002598266&office_id=029&mode=search&query=삼성전자&page=1,디지털타임스,"개인 투자자, 일명 개미들은 폭락장을 저점 매수 기회로 여기고 삼성전자와 같은 우량주를 사들였다. 시장에서도 장기적인 관점에서 우량주를 매입하는...",2020-05-14 18:29
"14일, 기관 거래소에서 SK하이닉스(-3.59%), KODEX 레버리지(-2.2...",/news/news_read.nhn?article_id=0004340958&office_id=015&mode=search&query=삼성전자&page=1,한국경제,"기관 투자자는 14일 거래소에서 SK하이닉스, KODEX 레버리지, 삼성전자 등을 중점적으로 매도한 것으로 나타났다. 기관 투자자의 순매도 상위...",2020-05-14 18:36
"14일, 외국인 거래소에서 SK하이닉스(-3.59%), 삼성전자(-1.13%) 등...",/news/news_read.nhn?article_id=0004340957&office_id=015&mode=search&query=삼성전자&page=1,한국경제,"외국인 투자자는 14일 거래소에서 SK하이닉스, 삼성전자, 삼성SDI 등을 중점적으로 매도한 것으로 나타났다. 외국인 투자자의 순매도 상위 20...",2020-05-14 18:36
신규채용 ‘비대면’ 안간힘…‘취업 가뭄’에는 역부족,/news/news_read.nhn?article_id=0010835210&office_id=056&mode=search&query=삼성전자&page=1,KBS,"""] 삼성전자는, '삼성고시'로 불리던 대규모 필기 시험을 이달 말 온라인으로 치르기로 했고, SK와 LG도 계열사별로 필기부터 면접까지, 온라...",2020-05-14 19:22
"SK텔레콤, 세계 첫 양자보안 스마트폰 출시",/news/news_read.nhn?article_id=0002497311&office_id=028&mode=search&query=삼성전자&page=1,한겨레,수년 전부터 양자기술에 투자해온 에스케이텔레콤이 초소형(가로세로 2.5㎜×2.5㎜ ) 양자난수 발생 칩셋을 개발해 삼성전자와의 협력으로 최신 스...,2020-05-14 19:41
이재용 사과 이후…삼성에 남은 세가지 과제,/news/news_read.nhn?article_id=0002497312&office_id=028&mode=search&query=삼성전자&page=1,한겨레,지난 6일 이재용 삼성전자 부회장의 ‘대국민 사과’ 이후 삼성준법감시위원회(준감위)와 시민단체는 후속 조처를 요구하고 있다. 이 부회장은 이날 ...,2020-05-14 19:41
SKT ‘양자보안’ 5G 스마트폰 첫 출시,/news/news_read.nhn?article_id=0003465213&office_id=022&mode=search&query=삼성전자&page=1,세계일보,‘갤럭시 A 퀀텀’ 삼성전자와 맞손 / 난수 기반 각종 서비스 보안 강화 / 15일부터 예판… 22일 공식 출시 SK텔레콤이 삼성전자와 손잡고 ...,2020-05-14 20:29
삼성·현대 ‘전기차 동맹’ 배터리 시장 판도 흔든다,/news/news_read.nhn?article_id=0003009090&office_id=032&mode=search&query=삼성전자&page=1,경향신문,이재용 삼성전자 부회장과 정의선 현대자동차 수석부회장이 삼성SDI 배터리 공장에서 만나 차세대 전기차용 배터리 분야에서 손을 잡기로 하면서 국내...,2020-05-14 20:42
삼성 평택 반도체 증설 공사장서 '코로나19' 확진자 발생…생산라인 무관,/news/news_read.nhn?article_id=0000025790&office_id=629&mode=search&query=삼성전자&page=1,더팩트,삼성물산 직원…삼성전자 반도체 생산라인과는 무관 삼성전자 반도체 공장 건설 현장에서 신종 코로나바이러스 감염증(코로나19) 확진자가 발생했다. ...,2020-05-14 20:47
공정위 ‘휴대폰값 부풀리기’ 의혹 조사,/news/news_read.nhn?article_id=0003009095&office_id=032&mode=search&query=삼성전자&page=1,경향신문,삼성전자·LG전자 본사 동시 현장조사 이어 이통 3사로 확대할 듯 시민단체 “리베이트 2조8000억대” 신고 5년 만에 위법행위 추적 공정거래위원회가 국내 휴대전화...,2020-05-14 20:49
신규채용 ‘비대면’ 안간힘…‘취업 가뭄’에는 역부족,/news/news_read.nhn?article_id=0010835346&office_id=056&mode=search&query=삼성전자&page=1,KBS,"""] 삼성전자는, '삼성고시'로 불리던 대규모 필기 시험을 이달 말 온라인으로 치르기로 했고, SK와 LG도 계열사별로 필기부터 면접까지, 온라...",2020-05-14 21:22
"트럼프 ""코로나19, 세계화 시대 끝장났다는 신호""",/news/news_read.nhn?article_id=0004638844&office_id=421&mode=search&query=삼성전자&page=1,뉴스1,"그는 수일 전 삼성전자, 인텔, 대만의 반도체 제조업체인 TSMC 등 반도체 업체들을 만나 미국 내 반도체칩 생산 확대 방안을 모색했다. 또한 ...",2020-05-14 21:49
[실리콘밸리는 지금] 그래픽카드 -> 인공지능 -> 데이터센터로 끊임없이 변신하는...,/news/news_read.nhn?article_id=0004575358&office_id=009&mode=search&query=삼성전자&page=1,매일경제,7나노 공정 반도체 생산을 할 수 있는 곳은 대만의 TSMC와 한국의 삼성전자 정도 밖에는 없는 것으로 알려져 있지요. TSMC는 엔비디아를 위...,2020-05-14 22:02
[단독] '다닥다닥 일상'...불안에 떠는 삼성 건설현장 근로자,/news/news_read.nhn?article_id=0001440215&office_id=052&mode=search&query=삼성전자&page=1,YTN,하루에 2만여 명이 드나드는 경기 평택 고덕 삼성전자 반도체2기 증설 공사 현장에서 코로나19 확진자가 나왔습니다. YTN이 취재를 해보니 이곳...,2020-05-14 22:13
이태원발 코로나 확산에 기업들 다시 '거리두기' 강화,/news/news_read.nhn?article_id=0001440229&office_id=052&mode=search&query=삼성전자&page=1,YTN,"삼성전자 코로나19 대응 전담팀은 코로나19 관련 자진신고 기준을 확대한다고 임직원들에게 공지했습니다. 현대자동차, LG 등 다른 주요 기업들도 이태원발 집단감염...",2020-05-14 22:43
