title,url,press,summary,date
차·폰·OLED 다 수출절벽 ‘고난의 행군’ 시작됐다,/news/news_read.nhn?article_id=0002997781&office_id=025&mode=search&query=삼성전자&page=10,중앙일보,삼성전자의 스마트폰 가운데 최상급 제품인 갤럭시S20도 미국 시장에서 부진한 성적을 거둔 것으로 분석됐다. 지난달 6일 공식 출시 후 단 한 주...,2020-05-04 00:03
‘빚내서라도 고!’ 동학개미들 아슬아슬한 묻지마 투자,/news/news_read.nhn?article_id=0001317480&office_id=005&mode=search&query=삼성전자&page=10,국민일보,같은 기간 우량주인 삼성전자 순매수액(4367억원)의 2.5배에 달한다. 이 종목은 코스피 선물지수 하락에 2배 수익을 추종하는 만큼 일반 상품...,2020-05-04 00:42
대기업 평균연봉 7920만원… 억대 33곳,/news/news_read.nhn?article_id=0003284111&office_id=020&mode=search&query=삼성전자&page=10,동아일보,"이 밖에도 평균 1억 원이 넘는 연봉을 지급한 기업은 총 33곳으로, 삼성전자와 삼성SDS, SK텔레콤, SK하이닉스를 제외하면 모두 금융 또는...",2020-05-04 03:02
기업들 생산-근무 정상화 시동… 글로벌공급망 중장기 관리 나서,/news/news_read.nhn?article_id=0003284091&office_id=020&mode=search&query=삼성전자&page=10,동아일보,"벌인 삼성전자의 사례가 대표적이다. 실제 본보 조사 결과 삼성, SK, LG 등 주요 기업 모두 내부 임직원 중 코로나19 확진자는 10명 안팎...",2020-05-04 03:02
[이코노 브리핑] 4일부터 ‘수산대전’… 최대 50% 할인 외,/news/news_read.nhn?article_id=0003461845&office_id=022&mode=search&query=삼성전자&page=10,세계일보,갤럭시Z 플립 ‘미러 골드’ 색상 출시 삼성전자가 새로운 폼팩터 폴더블폰 ‘갤럭시 Z 플립’ 미러 골드(사진) 색상을 6일 국내에 출시한다고 3...,2020-05-04 03:02
"위기때 생존株, 나중에 주도株 되더라",/news/news_read.nhn?article_id=0003528268&office_id=023&mode=search&query=삼성전자&page=10,조선일보,"삼성전자, SK하이닉스, 네이버 등이 덩치를 키우며 증시를 이끈 반면 포스코, 현대중공업 등 경기에 민감한 종목들은 하향세를 보였다. 두 차례의...",2020-05-04 03:03
"상장사 138곳 2분기 영업익 20조 추산, 3개월 前 27조 전망보다 27% 뒷...",/news/news_read.nhn?article_id=0003284164&office_id=020&mode=search&query=삼성전자&page=10,동아일보,"코스피 대장주 삼성전자는 2분기 영업이익 전망치가 한 달 전 8조2726억 원이었으나 현재는 7조1959억 원으로 나타났다. LG디스플레이, 제주항공, 하나투어, CJ C...",2020-05-04 03:04
500대 기업 평균 연봉 7920만원… 1억 이상도 33곳,/news/news_read.nhn?article_id=0001317487&office_id=005&mode=search&query=삼성전자&page=10,국민일보,"평균 연봉이 1억원 이상인 회사가 총 33곳이었는데, 삼성전자와 삼성SDS, SK 계열사를 제외하면 모두 금융과 석유화학 업체였다. 제약업과 여...",2020-05-04 04:03
금융 담는 외인·기관...보험·은행 주가상승 바통터치?,/news/news_read.nhn?article_id=0002399577&office_id=119&mode=search&query=삼성전자&page=10,데일리안,기관도 삼성전자와 SK하이닉스에 이어 KB금융 349억원을 순매수 했고 신한지주는 194억원 어치을 사들였다. KB금융은 28일에도 기관이 38...,2020-05-04 05:00
"49만원짜리 아이폰 소식에, 37만원짜리로 응수한 갤럭시",/news/news_read.nhn?article_id=0002997850&office_id=025&mode=search&query=삼성전자&page=10,중앙일보,하나같이 삼성전자의 중급 스마트폰 '갤럭시A'에는 없는 기능이다. 아이폰SE는 현재 사전 예약을 받고 있으며 공식 출시는 오는 6일부터다. 쿠팡...,2020-05-04 05:01
돌밥돌밥에 지친 주부들 설거지 스트레스 다 씻어주렴,/news/news_read.nhn?article_id=0003087559&office_id=081&mode=search&query=삼성전자&page=10,서울신문,3일 업계에 따르면 삼성전자가 지난해 내놓은 한국형 식기세척기는 지난 1분기 판매 규모가 전년 동기보다 2.8배 늘었다. 식기세척기 시장에서 점...,2020-05-04 05:07
‘반포주공1단지 3주구’ 8087억 수주전… 사활 건 대우건설 vs 삼성물산,/news/news_read.nhn?article_id=0003087572&office_id=081&mode=search&query=삼성전자&page=10,서울신문,"삼성전자, 삼성SDS, 삼성물산 리조트부문, 에스원, 삼성웰스토리와 함께 삼성의 최고 기술력을 도입할 계획이다. 집안의 스마트가전, 에너지사용량...",2020-05-04 05:07
삼성 ‘정수기 냉장고’가 돌아왔다,/news/news_read.nhn?article_id=0003087558&office_id=081&mode=search&query=삼성전자&page=10,서울신문,“하반기 새 형태 출시” 물의 전쟁 참전 예고 삼성전자가 단종됐던 정수기 냉장고를 다시 부활시키며 ‘물의 전쟁’에 뛰어들었다. 냉장고 문을 열지...,2020-05-04 05:07
삼성전자 1분기 R&D에 5조3천600억원 투자…분기 역대 최대,/news/news_read.nhn?article_id=0011585881&office_id=001&mode=search&query=삼성전자&page=10,연합뉴스,매출액 대비 9.7% 차지…올해도 연간 20조원 넘길 듯 삼성전자가 신종 코로나바이러스 감염증(코로나19) 사태로 경영 불확실성이 커졌지만 1분...,2020-05-04 05:31
"""조만간 또 급락 온다"" 이번엔 인버스 타는 개미들",/news/news_read.nhn?article_id=0004403337&office_id=008&mode=search&query=삼성전자&page=10,머니투데이,"개인투자자들은 지난 3~4월 두 달 간 삼성전자, 인버스(증시 하락에 베팅하는 투자상품), 원유ETN(상장지수증권) 등에 '몰빵'투자하며 위태위...",2020-05-04 05:41
"삼성전자, 인도 고가 스마트폰 시장서 1위…전체 점유율은 3위",/news/news_read.nhn?article_id=0000536701&office_id=031&mode=search&query=삼성전자&page=9,아이뉴스24,삼성전자가 올해 1분기 인도 스마트폰 시장에서 중국 업체들의 공세 속에 시장점유율 3위로 밀려났다. 그러나 프리미엄 스마트폰(400달러 이상) ...,2020-05-04 06:01
136만 개미군단 눈치보기... 삼성전자 배당 딜레마,/news/news_read.nhn?article_id=0003528357&office_id=023&mode=search&query=삼성전자&page=9,조선일보,2조4000억 삼성전자 배당금에 136만 개미들 대환호 글로벌 기업들은 코로나 위기 속 생존 위해 배당컷 한국 증시 대장주인 삼성전자는 1년에 ...,2020-05-04 06:03
클수록 좋다… 세탁기 대용량 전쟁,/news/news_read.nhn?article_id=0000538017&office_id=417&mode=search&query=삼성전자&page=9,머니S,삼성전자는 4월말 ‘그랑데AI’ 24kg 세탁기 신제품을 출시했다. 24kg은 가정용 기준 국내 최대 용량이다. 용량은 커졌지만 외관 크기는 지...,2020-05-04 06:15
불경기에 재벌도…대기업집단 작년 순이익 48%↓,/news/news_read.nhn?article_id=0010829267&office_id=056&mode=search&query=삼성전자&page=9,KBS,[리포트] 수년간 반도체 호황을 누린 삼성전자와 SK하이닉스. 지난해 수요 감소로 이익이 급감했습니다. 반도체는 물론 석유화학 등 주요 산업이 ...,2020-05-04 06:46
[기자의 눈] 과거에 볼모로 잡힌 삼성의 미래,/news/news_read.nhn?article_id=0002399586&office_id=119&mode=search&query=삼성전자&page=9,데일리안,일주일 앞으로 다가온 대국민 사과에 이어 이재용 삼성전자 부회장의 파기환송심을 비롯한 관련 재판과 수사도 속도를 낼 것으로 보이기 때문이다. 당...,2020-05-04 07:00
삼성전자 '신개념' 정수기 출시 임박…비스포크 흥행 잇나,/news/news_read.nhn?article_id=0004403357&office_id=008&mode=search&query=삼성전자&page=9,머니투데이,삼성전자가 신개념 정수기 출시를 위한 막판 개발 작업에 들어갔다. 이르면 상반기 중에 기존과 차원이 다른 신개념 정수기를 내놓을 전망이다. 3일...,2020-05-04 07:00
[재송]29일 장 마감 후 주요 종목뉴스,/news/news_read.nhn?article_id=0004632456&office_id=018&mode=search&query=삼성전자&page=9,이데일리,"△엘오티베큠(083310)은 삼성전자와 92억6800만원 규모 반도체 공정(CVD,ETCH,DIFF)용 건식진공펌프&플라즈마 전처리시스템 공급계약을 체결했다고 29일 공시...",2020-05-04 07:01
"[멋스토리] '돌격 도시로' 외치는 이케아, 성장 둔화 돌파구 만들까",/news/news_read.nhn?article_id=0003020134&office_id=241&mode=search&query=삼성전자&page=9,일간스포츠,"까사미아는 삼성전자와 스타벅스 제품을 함께 판매하는 방식의 협업 등 차별화 전략을 준비 중이다. 종합가구 기업 관계자는 ""이케아의 도시 진출이 ...",2020-05-04 07:02
"삼성전자, 1분기 R&D에 역대 최대 투자...연간 20조 넘길 듯",/news/news_read.nhn?article_id=0000868228&office_id=215&mode=search&query=삼성전자&page=9,한국경제TV,삼성전자가 신종 코로나바이러스 감염증(코로나19) 사태로 경영 불확실성이 커졌지만 1분기 연구개발(R&D) 투자가 역대 최대 규모였던 것으로 나...,2020-05-04 07:11
"삼성전자, 1분기 R&D투자 5조3600억원…분기 역대 최대",/news/news_read.nhn?article_id=0004671711&office_id=277&mode=search&query=삼성전자&page=9,아시아경제,삼성전자의 올해 1분기 연구개발(R&D) 투자 비용이 역대 최대 규모로 나타났다. 4일 업계에 따르면 삼성전자는 올 1분기 연구개발비가 5조36...,2020-05-04 07:17
"전자랜드, 2020 용산 전자랜드 가전페어 진행",/news/news_read.nhn?article_id=0004671714&office_id=277&mode=search&query=삼성전자&page=9,아시아경제,"이밖에 삼성전자·LG전자·위니아대우 제품을 일정 금액 이상 구매 시 결제 금액에 따라 후라이팬 세트, 여행용 캐리어 6종, UV 살균 건조기, ...",2020-05-04 07:21
삼성전자 분기 R&D 투자 최고치 경신했다,/news/news_read.nhn?article_id=0003528364&office_id=023&mode=search&query=삼성전자&page=9,조선일보,1분기 5조3600억원 지난해 R&D에 20조원 써 삼성전자가 지난 1분기에 역대 분기 연구개발(R&D) 투자 최고치를 경신한 것으로 나타났다....,2020-05-04 07:24
"삼성전자, 1분기 R&D에 5.3조 투자…분기 역대 최대",/news/news_read.nhn?article_id=0000210674&office_id=374&mode=search&query=삼성전자&page=9,SBS CNBC,"삼성전자의 올해 1분기 연구개발 투자가 역대 최대 규모였던 것으로 나타났습니다. 삼성전자에 따르면 올해 1분기 연구개발비는 5조 3,600억 원...",2020-05-04 07:26
"삼성전자, 2분기 영업이익 6조원 전망…메모리업황 개선",/news/news_read.nhn?article_id=0004403362&office_id=008&mode=search&query=삼성전자&page=9,머니투데이,유안타증권이 4일 삼성전자에 대해 메모리반도체 가격상승 지속으로 반도체 부문의 실적 모멘텀이 부각될 것이라며 올 2분기 영업이익을 6조원으로 전망했다....,2020-05-04 07:32
"이통3사, 갤럭시S20 공시지원금 대폭 상향…5G 대공습",/news/news_read.nhn?article_id=0000210675&office_id=374&mode=search&query=삼성전자&page=9,SBS CNBC,"이동통신사들이 일제히 삼성전자 갤럭시S20 시리즈에 대한 공시지원금을 대폭 올렸습니다. 통신사에 따라 최대 3배까지 올랐는데, 코로나19 영향으...",2020-05-04 07:33
[e공시 눈에 띄네] 코스닥-29일,/news/news_read.nhn?article_id=0004671720&office_id=277&mode=search&query=삼성전자&page=9,아시아경제,"◆엘오티베큠= 삼성전자와 93억원 규모의 반반도체 공정(CVD,ETCH,DIFF)용 건식진공펌프·플라즈마 전처리시스템 공급계약 체결. 이는 지난해 매출액 대비 6.17.....",2020-05-04 07:34
"파트론, 코로나19로 스마트폰 판매 부진 영향권…목표가↓ -대신",/news/news_read.nhn?article_id=0004632468&office_id=018&mode=search&query=삼성전자&page=9,이데일리,양원철 대신증권 연구원은 “삼성전자(005930)의 갤럭시S20 출시 효과가 제한적인 가운데 코로나19로 준프리미엄·보급형 스마트폰의 판매 부진...,2020-05-04 07:44
삼성전자 1분기 R&D 투자에 5조3천600억원…분기 역대 최대,/news/news_read.nhn?article_id=0001450644&office_id=057&mode=search&query=삼성전자&page=9,MBN,삼성전자가 신종 코로나바이러스 감염증(코로나19) 사태로 경영 불확실성이 커졌지만 1분기 연구개발(R&D) 투자가 역대 최대 규모였던 것으로 나타났습니다....,2020-05-04 07:52
[그래픽] 삼성전자 분기별 연구개발비,/news/news_read.nhn?article_id=0011585964&office_id=001&mode=search&query=삼성전자&page=9,연합뉴스,4일 삼성전자에 따르면 1분기 연구개발비는 5조3천600억원으로 집계돼 2018년 4분기에 기록한 분기 기준 최고치(5조3천200억원)를 경신했...,2020-05-04 07:55
"[Hot-Line] ""삼성전자, 하반기 회복 가능성 기대""",/news/news_read.nhn?article_id=0004568145&office_id=009&mode=search&query=삼성전자&page=9,매일경제,하이투자증권은 4일 삼성전자에 대해 2분기 신종 코로나바이러스 감염증(코로나19) 여파로 부정적 영향을 받지만 하반기 회복 가능성이 남아있다며 ...,2020-05-04 08:09
"테크윙, 코로나도 이겨낼 안정적 실적…목표가↑-DB",/news/news_read.nhn?article_id=0004632497&office_id=018&mode=search&query=삼성전자&page=8,이데일리,버금가는 매출 발생을 기대할 만하다”며 “이는 삼성전자를 제외한 업체의 메모리 투자가 증가하는 2021년 큰 폭의 실적 증가로 이어질 것이다”고...,2020-05-04 08:12
"삼성전자, 하반기 스마트폰 실적에 초점-현대차",/news/news_read.nhn?article_id=0004403389&office_id=008&mode=search&query=삼성전자&page=8,머니투데이,"현대차증권은 삼성전자에 대해 하반기 스마트폰 실적에 초점을 맞춰야 한다고 분석했다. 투자 의견은 '매수', 목표 주가는 6만4000원으로 유지했다. 노근창 현대차증권......",2020-05-04 08:16
"""삼성전자, 급락할 때마다 조금씩 저점 매수해야"" 하이투자증권",/news/news_read.nhn?article_id=0004418366&office_id=014&mode=search&query=삼성전자&page=8,파이낸셜뉴스,하이투자증권은 4일 삼성전자 주가가 향후 급등락할 가능성이 여전히 높다고 판단했다. 이에 따라 급락할 때마다 조금씩 저점 매수하는 전략을 추천했다. 투자의견...,2020-05-04 08:16
"어려워도 R&D 투자 늘린다 삼성전자, 1분기 5조3600억 투자",/news/news_read.nhn?article_id=0004632509&office_id=018&mode=search&query=삼성전자&page=8,이데일리,삼성전자 서초 사옥. (사진=이데일리DB)[이데일리 김종호 기자] 삼성전자(005930)가 신종 코로나바이러스 감염증(코로나19) 사태에 따른 ...,2020-05-04 08:22
"[Hot-Line] ""파트론, 올해 2분기 실적도 부진""…목표가↓",/news/news_read.nhn?article_id=0004568154&office_id=009&mode=search&query=삼성전자&page=8,매일경제,"양원철 대신증권 연구원은 ""삼성전자의 갤럭시S20 출시 효과가 제한적인 가운데 신종 코로나바이러스 감염증(코로나19) 영향으로 준프리미엄과 보급...",2020-05-04 08:24
"삼성전자, 1분기 연구개발비 5조3600억원 집행…`역대 최대`",/news/news_read.nhn?article_id=0004568159&office_id=009&mode=search&query=삼성전자&page=8,매일경제,코로나19 사태에도 삼성전자 1분기 연구개발(R&D) 투자는 역대 최대 규모였던 것으로 나타났다. 4일 업계에 따르면 삼성전자 1분기 연구개발비...,2020-05-04 08:26
"전자랜드, '용산 전자랜드 가전페어' 진행",/news/news_read.nhn?article_id=0004632519&office_id=018&mode=search&query=삼성전자&page=8,이데일리,"이밖에 삼성전자·LG전자·위니아대우 제품을 일정 금액 이상 구매 시 결제 금액에 따라 후라이팬 세트, 여행용 캐리어 6종, UV 살균 건조기, ...",2020-05-04 08:33
코로나19 위기 속 삼성전자 역대 최대 R&D 투자…1분기 5조3600억원,/news/news_read.nhn?article_id=0001669147&office_id=016&mode=search&query=삼성전자&page=8,헤럴드경제,삼성전자가 신종 코로나바이러스 감염증(코로나19)의 위기 속에서도 1분기 역대 최대 규모의 연구개발(R&D) 투자를 진행한 것으로 나타났다. 4...,2020-05-04 08:40
"[I-리포트] 삼성전자, 메모리반도체 업황 기대…목표가 '유지'-유안타",/news/news_read.nhn?article_id=0000536712&office_id=031&mode=search&query=삼성전자&page=8,아이뉴스24,유안타증권이 4일 삼성전자에 대해 코로나19에도 서버·게임콘솔용 메모리반도체 수요는 늘어날 것이라며 투자의견 '매수'와 목표주가 7만2천원을 유지했다....,2020-05-04 08:43
"[I-리포트] 파트론, 스마트폰 수요 감소 직격타…목표가↓-대신證",/news/news_read.nhn?article_id=0000536713&office_id=031&mode=search&query=삼성전자&page=8,아이뉴스24,"양원철 대신증권 연구원은 ""삼성전자의 갤럭시S20 출시 효과가 제한된 가운데 코로나19로 준프리미엄과 보급형 스마트폰의 판매까지 부진해지면서 카메라모듈...",2020-05-04 08:44
"전자랜드, 2020 용산 가전페어…최대 59% 할인",/news/news_read.nhn?article_id=0004568170&office_id=009&mode=search&query=삼성전자&page=8,매일경제,삼성전자·LG전자·위니아대우 제품을 일정 금액 이상 구매하면 결제 금액에 따라 후라이팬 세트와 여행용 캐리어 6종 등을 사은품으로 증정한다. 전...,2020-05-04 08:47
"삼성전자, 1분기에 역대 최대 R&D 투자···5조3,600억원",/news/news_read.nhn?article_id=0003732467&office_id=011&mode=search&query=삼성전자&page=8,서울경제,"삼성전자(005930)가 지난 1·4분기에 연구개발(R&D)비로 5조3,600억원을 투자했다. 신종 코로나바이러스 감염증(코로나19) 여파로 경...",2020-05-04 08:53
코로나에도 R&D 늘린 삼성전자 ‘분기 역대 최대’,/news/news_read.nhn?article_id=0001317561&office_id=005&mode=search&query=삼성전자&page=8,국민일보,삼성전자가 신종 코로나바이러스 감염증(코로나19)에도 연구개발(R&D) 투자를 늘렸다. 역대 최대 규모다. 삼성전자는 1분기 연구개발비가 5조3...,2020-05-04 08:54
"KTB투자 ""삼성전자, 대형주 중 투자 매력 최상…'매수'""",/news/news_read.nhn?article_id=0011586026&office_id=001&mode=search&query=삼성전자&page=8,연합뉴스,KTB투자증권은 4일 삼성전자가 신종 코로나바이러스 감염증(코로나19)의 여파에도 안정적인 실적 성장을 이어갈 것이라며 이 회사에 대한 투자의견...,2020-05-04 08:58
"삼성證 ""LG전자, 2분기 중 매출 저점 확인…매수 유지""",/news/news_read.nhn?article_id=0004618738&office_id=421&mode=search&query=삼성전자&page=8,뉴스1,삼성전자는 LG전자에 대해 신종 코로나바이러스 감염증(코로나19) 영향으로 2분기(4~6월) 중 매출 저점을 확인할 것이라며 매수 의견을 유지했...,2020-05-04 08:58
"전자랜드, ‘2020 용산 전자랜드 가전페어’ 진행",/news/news_read.nhn?article_id=0000538083&office_id=417&mode=search&query=삼성전자&page=8,머니S,"이밖에 삼성전자·LG전자·위니아대우 제품을 일정 금액 이상 구매 시 결제 금액에 따라 후라이팬 세트, 여행용 캐리어 6종, UV 살균 건조기, ...",2020-05-04 09:01
"올 여름 무더위 예고, 삼성전자 무풍에어컨 사전점검으로 대비하세요!",/news/news_read.nhn?article_id=0003732473&office_id=011&mode=search&query=삼성전자&page=8,서울경제,"삼성전자 측은 ""강력한 급속 냉방과 쾌적한 무풍 냉방을 동시에 제공하는 '무풍에어컨 갤러리'에 대한 구매 문의와 에어컨 사전 점검 문의가 벌써부...",2020-05-04 09:01
예고된 폭염에 여름 휴가 고민? 무풍에어컨으로 홈캉스 어때요,/news/news_read.nhn?article_id=0002997898&office_id=025&mode=search&query=삼성전자&page=8,중앙일보,삼성전자가 새롭게 선보일 '무풍 3멀티'는 1대의 실외기에 무풍에어컨 갤러리 1대와 무풍에어컨 벽걸이 와이드 2대까지 총 3대를 조합할 수 있다...,2020-05-04 09:02
[개장 시황] 코스피 1906.42.. 외국인과 기관의 '팔자' 기조에 하락 출발...,/news/news_read.nhn?article_id=0003732482&office_id=011&mode=search&query=삼성전자&page=8,서울경제,"종목별로는 삼성전자가 2.20% 내린 4만 8900원에 거래되는 가운데, 퍼스텍(010820)(-17.05%), 한화우(000885)(-12.0...",2020-05-04 09:06
"코로나에도 R&D에 힘…삼성, 5.3조 '역대 최대' 투자",/news/news_read.nhn?article_id=0000868274&office_id=215&mode=search&query=삼성전자&page=8,한국경제TV,신종 코로나바이러스 감염증(코로나19) 사태에도 삼성전자의 올해 1분기 연구개발(R&D) 투자 비용이 역대 최대 규모로 나타났다. 4일 관련 업...,2020-05-04 09:08
"코로나에도 R&D에 힘…삼성, 5.3조 '역대 최대' 투자",/news/news_read.nhn?article_id=0000868274&office_id=215&mode=search&query=삼성전자&page=7,한국경제TV,신종 코로나바이러스 감염증(코로나19) 사태에도 삼성전자의 올해 1분기 연구개발(R&D) 투자 비용이 역대 최대 규모로 나타났다. 4일 관련 업...,2020-05-04 09:08
삼성전자 1분기 R&D 투자 분기 역대 최고 기록…5조 3600억 원,/news/news_read.nhn?article_id=0002596201&office_id=029&mode=search&query=삼성전자&page=7,디지털타임스,삼성전자의 1분기 연구개발(R&D) 투자가 5조 3600억 원으로 역대 최대 규모였던 것으로 나타났다. 4일 삼성전자 분기보고서에 따르면 1분기...,2020-05-04 09:11
빚내서 주식 투자 급증···한 달 새 2兆 증가,/news/news_read.nhn?article_id=0003732485&office_id=011&mode=search&query=삼성전자&page=7,서울경제,올 초 신용융자가 증가할 때 개인들은 주로 삼성전자나 SK이노베이션·신한지주·기아차 등 우량 대형주 중심으로 매수했다. 2008년 금융위기와 같...,2020-05-04 09:11
25조 쏟아부은 동학개미 성적표는-지수 반등폭(코스피 최저점 대비 32.7%)과 ...,/news/news_read.nhn?article_id=0000065305&office_id=024&mode=search&query=삼성전자&page=7,매경이코노미,"소위 테마주라 불리는 급등주에 몰렸던 금융위기 때와는 달리 2020년 개미들은 삼성전자, SK하이닉스, 현대차 등 우량주 중심의 안전한 투자를 ...",2020-05-04 09:12
"코스피, 미·중 무역갈등 재부상 우려 2%대 하락 출발",/news/news_read.nhn?article_id=0004632589&office_id=018&mode=search&query=삼성전자&page=7,이데일리,"대장주인 삼성전자(005930)와 SK하이닉스(000660)가 각각 2%대, 1%대 떨어지고 있다. 또 삼성전자우(005935), 삼성바이오로직스(207940), 네이버(...",2020-05-04 09:16
"[마켓인사이트]""한국이 세계 최고가 될 수 있는 분야""...산업 AI에 투자하는 ...",/news/news_read.nhn?article_id=0004334249&office_id=015&mode=search&query=삼성전자&page=7,한국경제,"SK텔레콤과 삼성전자 등에서 관련 연구를 진행해온 윤성호, 이재혁 두 공동 대표를 중심으로 스핀오프 단계서부터 SK텔레콤과 현대차, 네이버로부터...",2020-05-04 09:18
"""5월엔 떠나라?""…코스피 1900선 위협",/news/news_read.nhn?article_id=0000868292&office_id=215&mode=search&query=삼성전자&page=7,한국경제TV,"삼성전자는 현재 전 거래일보다 2.4% 내린 48,800원에 거래되고 있고, SK하이닉스와 삼성바이오로직스도 각각 1.91%, 2.59% 내리고...",2020-05-04 09:22
다시 불거진 미·중 분쟁…코스피 1900선 위태,/news/news_read.nhn?article_id=0004403423&office_id=008&mode=search&query=삼성전자&page=7,머니투데이,"시가총액 상위 주요 종목 중에서는 삼성전자와 SK하이닉스가 2%대 하락세고 삼성바이오로직스, NAVER, 셀트리온, LG화학 등 모든 시총 상위 종목에 파란불(하락)이.....",2020-05-04 09:23
삼성전자 1분기 연구개발 투자 매출액 10% 육박...분기 역대 최대,/news/news_read.nhn?article_id=0001435737&office_id=052&mode=search&query=삼성전자&page=7,YTN,삼성전자가 코로나19 사태로 경영 불확실성이 커졌지만 1분기 연구개발비 투자가 역대 최대 규모였던 것으로 나타났습니다. 삼성전자의 1분기 연구개발비는...,2020-05-04 09:23
"[개장시황] 코스피, 美·中 무역분쟁 우려에 하락세",/news/news_read.nhn?article_id=0000536730&office_id=031&mode=search&query=삼성전자&page=7,아이뉴스24,"삼성전자 –2.60%, SK하이닉스 –2.15%, 삼성바이오로직스 –2.07%, 삼성전자우 –1.89%, NAVER –1.77%의 하락률을 보이고 있다. 코스닥지수는 전 ...",2020-05-04 09:26
"삼성전자, 1분기 R&D 5조3천억 투자…매출액 대비 9.7%",/news/news_read.nhn?article_id=0002399605&office_id=119&mode=search&query=삼성전자&page=7,데일리안,삼성전자가 올해 1분기 역대 최대 규모 연구개발(R&D) 투자를 집행한 것으로 나타났다. 4일 업계에 따르면 삼성전자 1분기 연구개발비는 5조3...,2020-05-04 09:27
삼성전자 1분기 연구개발 투자 역대 최대,/news/news_read.nhn?article_id=0000426983&office_id=422&mode=search&query=삼성전자&page=7,연합뉴스TV,"삼성전자의 1분기 연구개발 투자가 역대 최대 규모였던 것으로 나타났습니다. 삼성전자에 따르면, 1분기 연구개발비가 5조 3,600억원으로, 분기...",2020-05-04 09:27
"코스피, 2%대 하락 출발…장중 1,900선 '흔들'(종합)",/news/news_read.nhn?article_id=0011586127&office_id=001&mode=search&query=삼성전자&page=7,연합뉴스,"시가총액 상위 종목은 삼성전자(-2.60%), SK하이닉스(-2.03%), 삼성바이오로직스(-2.07%), 네이버(-1.52%), 셀트리온(-1...",2020-05-04 09:27
"[개장] 미·중 무역분쟁 우려, 코스피 2%대 하락… 장중1900대로 후퇴",/news/news_read.nhn?article_id=0000538108&office_id=417&mode=search&query=삼성전자&page=7,머니S,"삼성전자(-2.30%), SK하이닉스(-2.39%), 삼성바이오로직스(-2.58%), 삼성전자우(-2.13%), NAVER(-1.01%), 셀트...",2020-05-04 09:28
5월 첫 거래일 코스피 2%대 급락…美 주가 하락 여파(종합),/news/news_read.nhn?article_id=0004618794&office_id=421&mode=search&query=삼성전자&page=7,뉴스1,"삼성전자(-2.50%), SK하이닉스(-2.03%) 등 시가총액 상위 10개 종목은 일제히 하락세다. 미국 정부는 신종 코로나바이러스 감염증(코...",2020-05-04 09:30
"코로나19에도…삼성전자, 연구개발 역대최고 투자",/news/news_read.nhn?article_id=0003355887&office_id=079&mode=search&query=삼성전자&page=7,노컷뉴스,삼성전자가 코로나19 사태에도 불구하고 1분기 연구개발(R&D)에 분기 기준 역대 최고액을 투자한 것으로 나타났다. 4일 삼성전자 실적발표 자료...,2020-05-04 09:31
삼성전자 무풍에어컨 사전점검으로 폭염 대비하세요,/news/news_read.nhn?article_id=0001317570&office_id=005&mode=search&query=삼성전자&page=7,국민일보,"삼성전자 측은 ""강력한 급속 냉방과 쾌적한 무풍 냉방을 동시에 제공하는 '무풍에어컨 갤러리'에 대한 구매 문의와 에어컨 사전 점검 문의가 벌써부...",2020-05-04 09:37
"코스피, 2% 이상 하락…장중 1900선 깨져",/news/news_read.nhn?article_id=0004671812&office_id=277&mode=search&query=삼성전자&page=7,아시아경제,"이날 시가총액 상위 종목 중 삼성전자(-2.50%)를 비롯해 SK하이닉스(-2.15%), 삼성바이오로직스(-1.89%), NAVER(-1.77%), 셀트리온(-1.19%)...",2020-05-04 09:39
코스피 오전 9시 30분 2.17%↓…기관·외인 5436억원 순매도,/news/news_read.nhn?article_id=0002223175&office_id=123&mode=search&query=삼성전자&page=7,조세일보,"시가총액 1, 2위인 삼성전자와 SK하이닉스도 2% 넘게 하락하고 있다. 삼성전자는 전장보다 1300원(2.60%) 내린 4만8700원에 거래되...",2020-05-04 09:44
"코스피, 외국인·기관 매도에 하락 출발…장중 1,900선 '흔들'",/news/news_read.nhn?article_id=0001450701&office_id=057&mode=search&query=삼성전자&page=7,MBN,"시가총액 상위 종목은 삼성전자(-2.60%), SK하이닉스(-2.03%), 삼성바이오로직스(-2.07%), 네이버(-1.52%), 셀트리온(-1.19%), LG화학(-3....",2020-05-04 09:49
'비대면' 효과…D램값 11.9% 올라 10개월만에 3달러선,/news/news_read.nhn?article_id=0004618832&office_id=421&mode=search&query=삼성전자&page=6,뉴스1,"D램익스체인지는 ""D램 제조사들은 더 많은 수요가 있는 제품군으로 믹스를 개선하고 있다""면서 ""삼성전자, SK하이닉스도 서버 D램의 강한 수요에...",2020-05-04 09:51
불경기에 재벌도…대기업집단 작년 순이익 48%↓,/news/news_read.nhn?article_id=0010829388&office_id=056&mode=search&query=삼성전자&page=6,KBS,[리포트] 수년간 반도체 호황을 누린 삼성전자와 SK하이닉스. 지난해 수요 감소로 이익이 급감했습니다. 반도체는 물론 석유화학 등 주요 산업이 ...,2020-05-04 10:05
"코스피, 2%대 급락 출발…장중 1,900선 '흔들'",/news/news_read.nhn?article_id=0001000151&office_id=082&mode=search&query=삼성전자&page=6,부산일보,"시가총액 상위 종목은 삼성전자(-2.60%), SK하이닉스(-2.03%), 삼성바이오로직스(-2.07%), 네이버(-1.52%), 셀트리온(-1...",2020-05-04 10:17
삼성전자 2분기 전망 줄하향…영업익 6조원 밑 예상도,/news/news_read.nhn?article_id=0001669230&office_id=016&mode=search&query=삼성전자&page=6,헤럴드경제,증권사들이 삼성전자의 2분기 실적 전망을 잇따라 내려잡고 있다. IT&모바일(IM)부문 수요 감소로 2분기 영업이익이 1분기와 비슷한 6조원대에...,2020-05-04 10:26
'대국민 사과' 일주일 앞으로…고심 깊어진 이재용 부회장,/news/news_read.nhn?article_id=0000536754&office_id=031&mode=search&query=삼성전자&page=6,아이뉴스24,삼성 준법감시위원회(이하 준법위)가 제시한 '대국민 사과'의 시한이 일주일 앞으로 다가오면서 이재용 삼성전자 부회장과 삼성의 고심이 깊어지고 있...,2020-05-04 10:32
올 1분기 스마트폰 출하량 가장 크게 줄어든 곳은 삼성전자,/news/news_read.nhn?article_id=0003007117&office_id=032&mode=search&query=삼성전자&page=6,경향신문,올해 1분기 스마트폰 업체 중 가장 출하량이 크게 줄어든 곳은 삼성전자로 나타났다. 하지만 여전히 시장 점유율은 1위를 지켰다. 4일 시장조사업...,2020-05-04 10:38
[이데일리N] 삼성전자 1분기 R&D 5.36조 투자…분기 역대 최대 外,/news/news_read.nhn?article_id=0004632693&office_id=018&mode=search&query=삼성전자&page=6,이데일리,"삼성전자 1분기 R&D 5.36조 투자…분기 역대 최대 3. 코로나19로 중단한 은행·금융공공기관 공채 ‘재개’ 4. IMM, 사모펀드 첫 대기...",2020-05-04 10:41
‘갤럭시S20’ 가격 맞아?… 두달만에 10만원대로,/news/news_read.nhn?article_id=0000538167&office_id=417&mode=search&query=삼성전자&page=6,머니S,삼성전자의 갤럭시S20 시리즈가 출시 두달만에 10만원대까지 떨어졌다. 황금연휴를 맞아 공시지원금이 50만원까지 치솟고 일부 유통망에서 불법보조...,2020-05-04 10:42
삼성 펫케어 공기청정기 출시,/news/news_read.nhn?article_id=0009845097&office_id=003&mode=search&query=삼성전자&page=6,뉴시스,삼성전자는 반려동물을 키우는 가정에 최적화된 펫케어(Pet Care) 전용 공기청정기를 출시했다고 4일 밝혔다. 모델이 경기도 수원 삼성전자 디...,2020-05-04 11:00
"삼성, 반려동물 냄새 없애는 펫케어 공기청정기 출시",/news/news_read.nhn?article_id=0011586411&office_id=001&mode=search&query=삼성전자&page=6,연합뉴스,삼성전자는 4일 반려동물을 키우는 가정에 적합한 펫케어(Pet Care) 공기청정기를 출시한다고 밝혔다. 삼성전자에 따르면 펫케어 공기청정기에는...,2020-05-04 11:00
"삼성 펫케어 공기청정기 출시…""반려동물 털·냄새 걱정 끝""",/news/news_read.nhn?article_id=0004403492&office_id=008&mode=search&query=삼성전자&page=6,머니투데이,삼성전자가 반려동물을 키우는 가정에 최적화된 펫케어(Pet Care) 전용 공기청정기를 4일 출시한다. 이 제품은 삼성의 독자적인 전문 필터 기...,2020-05-04 11:00
"삼성전자, 펫케어 공기청정기 출시",/news/news_read.nhn?article_id=0011586405&office_id=001&mode=search&query=삼성전자&page=6,연합뉴스,삼성전자가 반려동물을 키우는 가정에 최적화된 펫케어 전용 공기청정기를 4일 출시한다. 삼성 펫케어 공기청정기 라인업은 반려동물의 털과 냄새를 제...,2020-05-04 11:00
"""반려동물 냄새 없앤다""…삼성, 펫케어 공기청정기 출시",/news/news_read.nhn?article_id=0000868331&office_id=215&mode=search&query=삼성전자&page=6,한국경제TV,삼성전자가 반려동물을 키우는 가정에 최적화된 펫 케어(Pet Care) 전용 공기청정기를 4일 출시한다고 밝혔다. 반려동물의 냄새를 99% 이상...,2020-05-04 11:00
"삼성전자, 펫케어 공기청정기 출시…110만원부터",/news/news_read.nhn?article_id=0002399645&office_id=119&mode=search&query=삼성전자&page=6,데일리안,삼성전자가 4일 펫케어 전용 공기청정기 ‘무풍큐브 펫케어’를 출시했다. 삼성 펫케어 공기청정기 라인업은 삼성 독자의 전문 필터 기술을 통해 반려...,2020-05-04 11:00
반려동물 가정에 최적화된 삼성 펫케어 공기청정기,/news/news_read.nhn?article_id=0009845099&office_id=003&mode=search&query=삼성전자&page=6,뉴시스,삼성전자는 반려동물을 키우는 가정에 최적화된 펫케어(Pet Care) 전용 공기청정기를 출시했다고 4일 밝혔다. 삼성 펫케어 공기청정기에 탑재된...,2020-05-04 11:00
반려동물 가정에 최적화된 삼성 펫케어 공기청정기,/news/news_read.nhn?article_id=0009845100&office_id=003&mode=search&query=삼성전자&page=6,뉴시스,삼성전자는 반려동물을 키우는 가정에 최적화된 펫케어(Pet Care) 전용 공기청정기를 출시했다고 4일 밝혔다. 삼성 펫케어 공기청정기에 탑재된...,2020-05-04 11:00
"삼성, 펫케어 공기청정기 출시…반려동물 냄새 유발 성분 99% 제거",/news/news_read.nhn?article_id=0004671911&office_id=277&mode=search&query=삼성전자&page=6,아시아경제,삼성전자는 반려동물을 키우는 가정에 최적화한 펫케어 전용 공기청정기 '무풍큐브 펫케어'를 4일 출시했다고 밝혔다. 펫케어 공기청정기는 독자적인 ...,2020-05-04 11:00
"삼성전자, 펫케어 공기청정기 출시",/news/news_read.nhn?article_id=0011586403&office_id=001&mode=search&query=삼성전자&page=6,연합뉴스,삼성전자가 반려동물을 키우는 가정에 최적화된 펫케어 전용 공기청정기를 4일 출시한다. 삼성 펫케어 공기청정기 라인업은 반려동물의 털과 냄새를 제...,2020-05-04 11:00
"""반려동물 털 걱정 끝"" 삼성전자, 펫케어 공기청정기 출시",/news/news_read.nhn?article_id=0004418525&office_id=014&mode=search&query=삼성전자&page=6,파이낸셜뉴스,삼성전자가 반려동물을 키우는 가정에 최적화 공기청정기를 4일 출시했다. 삼성 펫케어 공기청정기 제품은 삼성 독자의 전문 필터 기술을 통해 반려동...,2020-05-04 11:00
"삼성전자, 펫케어 공기청정기 출시",/news/news_read.nhn?article_id=0011586407&office_id=001&mode=search&query=삼성전자&page=6,연합뉴스,삼성전자가 반려동물을 키우는 가정에 최적화된 펫케어 전용 공기청정기를 4일 출시한다. 삼성 펫케어 공기청정기 라인업은 반려동물의 털과 냄새를 제...,2020-05-04 11:00
반려동물 가정에 최적화된 삼성 펫케어 공기청정기,/news/news_read.nhn?article_id=0009845099&office_id=003&mode=search&query=삼성전자&page=5,뉴시스,삼성전자는 반려동물을 키우는 가정에 최적화된 펫케어(Pet Care) 전용 공기청정기를 출시했다고 4일 밝혔다. 삼성 펫케어 공기청정기에 탑재된...,2020-05-04 11:00
"삼성전자, 펫케어 공기청정기 출시…""반려동물 털·냄새 제거""",/news/news_read.nhn?article_id=0009845095&office_id=003&mode=search&query=삼성전자&page=5,뉴시스,삼성전자는 펫케어(Pet Care) 전용 공기청정기 '무풍큐브 펫케어'를 4일 출시한다고 밝혔다. 삼성 펫케어 공기청정기 라인업은 삼성 독자의 ...,2020-05-04 11:00
"삼성전자, 펫케어 공기청정기 출시",/news/news_read.nhn?article_id=0011586404&office_id=001&mode=search&query=삼성전자&page=5,연합뉴스,삼성전자가 반려동물을 키우는 가정에 최적화된 펫케어 전용 공기청정기를 4일 출시한다. 삼성 펫케어 공기청정기 라인업은 반려동물의 털과 냄새를 제...,2020-05-04 11:00
삼성 펫케어 공기청정기 출시,/news/news_read.nhn?article_id=0009845098&office_id=003&mode=search&query=삼성전자&page=5,뉴시스,삼성전자는 반려동물을 키우는 가정에 최적화된 펫케어(Pet Care) 전용 공기청정기를 출시했다고 4일 밝혔다. 모델이 경기도 수원 삼성전자 디...,2020-05-04 11:00
"반려동물의 냄새부터 털까지 …삼성전자, 펫케어 공기청정기 출시",/news/news_read.nhn?article_id=0001669266&office_id=016&mode=search&query=삼성전자&page=5,헤럴드경제,삼성전자가 반려동물을 키우는 가정에 최적화된 펫케어(Pet Care) 전용 공기청정기를 4일 출시한다. 삼성전자에 따르면 펫케어 공기청정기 라인...,2020-05-04 11:01
"삼성전자, 반려동물 전용 공기청정기 출시…털과 냄새 말끔히 제거",/news/news_read.nhn?article_id=0004632729&office_id=018&mode=search&query=삼성전자&page=5,이데일리,삼성전자가 반려동물을 키우는 가정에 최적화된 펫케어(Pet Care) 전용 공기청정기를 4일 출시한다고 밝혔다. 삼성 펫케어 공기청정기 라인업은...,2020-05-04 11:01
"삼성전자, 펫팸족 겨냥 '펫케어 공기청정기' 출시",/news/news_read.nhn?article_id=0004334360&office_id=015&mode=search&query=삼성전자&page=5,한국경제,삼성전자가 펫팸족(펫과 패밀리의 합성어)을 겨냥한 '펫 케어' 전용 공기청정기를 4일 출시한다. 삼성 펫케어 공기청정기 라인업은 삼성의 독자적 ...,2020-05-04 11:01
"""반려동물 털·냄새 말끔히 제거"" 삼성전자, 펫케어 공기청정기…출고가 110만원",/news/news_read.nhn?article_id=0000536767&office_id=031&mode=search&query=삼성전자&page=5,아이뉴스24,삼성전자는 4일 반려동물을 키우는 가정에 최적화된 펫케어 전용 공기청정기를 출시한다고 밝혔다. 삼성 펫케어 공기청정기 라인업은 삼성 독자의 전문...,2020-05-04 11:01
"""반려동물 냄새 99% 제거""…삼성 펫케어 공기청정기 출시",/news/news_read.nhn?article_id=0004568317&office_id=009&mode=search&query=삼성전자&page=5,매일경제,삼성전자가 반려동물을 키우는 가정에 최적화된 펫케어 전용 공기청정기를 4일 출시한다. 삼성 펫케어 공기청정기 라인업은 삼성 독자의 전문 필터 기...,2020-05-04 11:02
반려동물 냄새·털까지 말끔…삼성 ‘펫케어 공기청정기’,/news/news_read.nhn?article_id=0003007124&office_id=032&mode=search&query=삼성전자&page=5,경향신문,삼성전자가 독자적인 필터 기술을 활용해 집 안에서 나는 반려동물 냄새부터 곳곳에 날리는 털까지 말끔하게 제거해주는 ‘펫케어 공기청정기’(사진)를...,2020-05-04 11:06
"글로벌 D램 가격 10%대 급상승…""중국 가동률 회복 영향""",/news/news_read.nhn?article_id=0011586451&office_id=001&mode=search&query=삼성전자&page=5,연합뉴스,다만 삼성전자와 SK하이닉스가 서버 D램 수요 증가에 따라 3분기 생산량을 확대하면서 전체 D램 공급량도 늘어날 것으로 전망했다. 올해 스마트폰...,2020-05-04 11:13
"낙관 쉽지 않은 반도체 시장, 코로나 먹구름 여전",/news/news_read.nhn?article_id=0004671933&office_id=277&mode=search&query=삼성전자&page=5,아시아경제,삼성전자와 SK하이닉스는 고객사와 거래할 때 고정가격을 사용하기 때문에 고정가격 변동이 반도체 회사에는 더 중요하다. 다만 현물가격이 시장 분위...,2020-05-04 11:15
기지개 켜는 IT펀드…한 달간 479억 유입,/news/news_read.nhn?article_id=0009845149&office_id=003&mode=search&query=삼성전자&page=5,뉴시스,"이 펀드는 삼성전자와 구글 자회사 알파벳, 애플, 인텔, 마이크로소프트, IBM 등을 담은 'FF-Global Technology Fund A-...",2020-05-04 11:19
외국인 12주만에 순매수…귀환 전조 vs 속단 일러,/news/news_read.nhn?article_id=0004671944&office_id=277&mode=search&query=삼성전자&page=5,아시아경제,"이밖에 삼성전기(457억원), KB금융(410억원), 호텔신라(400억원), 하나금융지주(277억원), 삼성SDI(264억원), 삼성전자(214...",2020-05-04 11:21
"증권사, 삼성전자 2분기 전망 줄하향",/news/news_read.nhn?article_id=0001669324&office_id=016&mode=search&query=삼성전자&page=5,헤럴드경제,증권사들이 삼성전자의 2분기 실적 전망을 잇따라 내려잡고 있다. IT&모바일(IM)부문 수요 감소로 2분기 영업이익이 1분기와 비슷한 6조원대에 그치거나 더 떨어질...,2020-05-04 11:24
"삼성전자, R&D 역대 최대 투자",/news/news_read.nhn?article_id=0001669327&office_id=016&mode=search&query=삼성전자&page=5,헤럴드경제,삼성전자가 신종 코로나바이러스 감염증(코로나19)의 위기 속에서도 1분기 역대 최대 규모의 연구개발(R&D) 투자를 진행한 것으로 나타났다. 4...,2020-05-04 11:25
"삼성, 샤프서 LCD 패널 조달 재개",/news/news_read.nhn?article_id=0001669336&office_id=016&mode=search&query=삼성전자&page=5,헤럴드경제,닛케이 “100만장 미만 공급” 거래 중단 4년만에 관계 회복 삼성전자가 4년 만에 일본 전자 업체 샤프에서 액정표시장치(LCD) 패널 을 다시...,2020-05-04 11:30
듀얼스크린에 펜까지...다 가진 LG ‘벨벳’ 가격이 관건,/news/news_read.nhn?article_id=0003732574&office_id=011&mode=search&query=삼성전자&page=5,서울경제,벨벳폰은 5월 삼성전자(005930) 갤럭시 A 시리즈와 애플 아이폰SE 등 다양한 보급형폰과 경쟁을 벌이게 된다. 통신업계에 따르면 벨벳폰의 ...,2020-05-04 11:34
"삼성전자, '펫케어 공기청정기' 출시",/news/news_read.nhn?article_id=0003732575&office_id=011&mode=search&query=삼성전자&page=5,서울경제,삼성전자(005930)는 4일 반려동물을 키우는 가정에 적합한 펫케어(Pet Care) 공기청정기를 출시한다고 밝혔다. 펫케어 공기청정기에는 ‘...,2020-05-04 11:35
"반려동물 냄새·털날림 걱정 끝… 삼성전자, 펫케어 공기청정기 출시",/news/news_read.nhn?article_id=0000538214&office_id=417&mode=search&query=삼성전자&page=5,머니S,삼성전자는 반려동물을 키우는 가정에 최적화된 펫케어 전용 공기청정기를 4일 출시한다고 밝혔다. 삼성 펫케어 공기청정기 라인업은 삼성 독자의 전문...,2020-05-04 11:36
"삼성전자, 코로나 버틴 1분기 영업익 6.4조",/news/news_read.nhn?article_id=0000009961&office_id=243&mode=search&query=삼성전자&page=4,이코노미스트,반도체 부분 15.7% 늘며 견인 삼성전자가 신종 코로나바이러스 감염증(코로나19) 여파에도 1분기에 영업이익 6조원대를 지켜냈다. 당초 증권가에선 삼성전자의...,2020-05-04 11:41
'미중 갈등 우려' 코스피 2%대 하락…美 시간외 선물↓,/news/news_read.nhn?article_id=0004619180&office_id=421&mode=search&query=삼성전자&page=4,뉴스1,"삼성전자(-2.50%), SK하이닉스(-2.51%) 등 시가총액 상위 10개 종목은 일제히 하락세다. 미국 정부가 신종 코로나바이러스 감염증(코...",2020-05-04 11:42
"삼성·LG, 코로나에 멈췄던 해외 공장 '가동 정상화' 속도",/news/news_read.nhn?article_id=0009845231&office_id=003&mode=search&query=삼성전자&page=4,뉴시스,"신종 코로나바이러스 감염증(코로나19) 확산으로 차질을 빚었던 삼성전자, LG전자의 해외 생산기지 가동이 정상화 수순을 밟고 있다. 두 회사는 ...",2020-05-04 11:50
아이폰SE 출시에 콧대 낮춘 갤럭시S20…20만원대로 '뚝',/news/news_read.nhn?article_id=0004334419&office_id=015&mode=search&query=삼성전자&page=4,한국경제,애플의 중저가폰 아이폰SE 등장에 삼성전자의 최신 플래그십(전략) 스마트폰 갤럭시S20이 콧대를 낮췄다. 100만원이 훌쩍 넘는 갤럭시S20 출...,2020-05-04 11:55
"[정오 시황] 코스피 1909.03, 하락세(▼38.53, -1.98%) 지속",/news/news_read.nhn?article_id=0003732581&office_id=011&mode=search&query=삼성전자&page=4,서울경제,"종목별로는 삼성전자가 2.50% 내린 4만 8750원에 거래되는 가운데, 퍼스텍(010820)(-14.06%), 휴니드(005870)(-13.0...",2020-05-04 12:02
[who] 겹악재 속 기업 위기극복 움직임…경영능력 관건,/news/news_read.nhn?article_id=0000210710&office_id=374&mode=search&query=삼성전자&page=4,SBS CNBC,"이를 통해 삼성전자는 코로나19 속에서도 올해 1분기 실적 선방을 이뤄냈고, 1분기에 역대 최대인 5조 3,600억 원의 R&D 투자를 이어갔습...",2020-05-04 12:02
"이재용 부회장, 대국민 사과 D-7…이번주 표명 나서나",/news/news_read.nhn?article_id=0004671984&office_id=277&mode=search&query=삼성전자&page=4,아시아경제,삼성 준법감시위원회가 삼성전자 및 주요 계열사에 권고한 대국민 사과 시한이 일주일 앞으로 다가오면서 시기와 내용에 대한 관심도 높아지고 있다. ...,2020-05-04 12:08
[TF시황] 미·중 무역갈등 우려에 코스피 '약세',/news/news_read.nhn?article_id=0000024703&office_id=629&mode=search&query=삼성전자&page=4,더팩트,"이에 삼성전자(-2.50%), SK하이닉스(-2.39%), 삼성바이오로직스(-2.58%) 주가가 모두 떨어지며 시가총액 상위종목들이 2%대 하락...",2020-05-04 12:22
불경기에 재벌도…대기업집단 작년 순이익 48%↓,/news/news_read.nhn?article_id=0010829492&office_id=056&mode=search&query=삼성전자&page=4,KBS,[리포트] 수년간 반도체 호황을 누린 삼성전자와 SK하이닉스. 지난해 수요 감소로 이익이 급감했습니다. 반도체는 물론 석유화학 등 주요 산업이 ...,2020-05-04 12:34
[백프로의 환율 돋보기 | 달러화 매입시 점검 사항] 단기 차익 노린 달러화 투자...,/news/news_read.nhn?article_id=0000009994&office_id=243&mode=search&query=삼성전자&page=4,이코노미스트,글로벌 금융위기 이후 삼성전자 등 우량주가 상승 곡선을 그린 경험은 이번 코로나19의 파고를 견디면 결국 우량주가 다시 상승할 것이라는 투자자들...,2020-05-04 12:48
[HOT & NEW ITEM] 삼성전자,/news/news_read.nhn?article_id=0000009995&office_id=243&mode=search&query=삼성전자&page=4,이코노미스트,영 프리미엄 스마트폰 ‘갤럭시 A51 5G’ 출시 삼성전자가 ‘갤럭시 A51 5G’를 오는 5월 7일 국내에 출시한다. ‘갤럭시 A51 5G’는...,2020-05-04 12:49
인도 현대차 공장 두 달 만에 재가동…삼성전자 등도 준비,/news/news_read.nhn?article_id=0011586681&office_id=001&mode=search&query=삼성전자&page=4,연합뉴스,역시 농촌 지역에 있는 삼성전자의 첸나이 가전 공장이나 뉴델리 인근의 노이다 휴대전화공장도 주 정부의 최종 허가가 떨어지는 대로 가동하기 위해 ...,2020-05-04 12:53
'셧다운' 인도 현대차 공장 생산 재개…삼성전자도 준비,/news/news_read.nhn?article_id=0000868363&office_id=215&mode=search&query=삼성전자&page=4,한국경제TV,역시 농촌 지역에 있는 삼성전자의 첸나이 가전 공장이나 뉴델리 인근의 노이다 휴대전화공장도 주 정부의 최종 허가가 떨어지는 대로 가동하기 위해 ...,2020-05-04 13:23
"세계 주목받는 K보건의료, 축적된 특허역량의 진가",/news/news_read.nhn?article_id=0001669388&office_id=016&mode=search&query=삼성전자&page=4,헤럴드경제,"최다 출원인은 14개 유형 중 4개 분야에서 가장 많은 특허를 출원한 삼성전자(2252건)이며, 중견기업인 서울바이오시스, 바디프렌드, 오스템임...",2020-05-04 13:25
"[fn오후시황]코스피, 개인 1.1조 순매수에 1910선 회복",/news/news_read.nhn?article_id=0004418620&office_id=014&mode=search&query=삼성전자&page=4,파이낸셜뉴스,"시가총액 상위종목별로 삼성전자(-2.30%), SK하이닉스(-2.75%) 등이 하락세다. 반면 NAVER(2.53%) 등은 상승세다. 코스닥은 전거래일 대비 2.63포인트...",2020-05-04 13:29
반려동물 가정에 최적화된 '펫케어 전용 공기청정기',/news/news_read.nhn?article_id=0004619354&office_id=421&mode=search&query=삼성전자&page=4,뉴스1,= 삼성전자가 반려동물을 키우는 가정에 최적화된 펫케어(Pet Care) 전용 공기청정기를 4일 출시한다. 삼성 펫케어 공기청정기 라인업은 삼성...,2020-05-04 13:32
'냄새부터 털까지 제거' 삼성 펫케어 공기청정기,/news/news_read.nhn?article_id=0004619352&office_id=421&mode=search&query=삼성전자&page=4,뉴스1,= 삼성전자가 반려동물을 키우는 가정에 최적화된 펫케어(Pet Care) 전용 공기청정기를 4일 출시한다. 삼성 펫케어 공기청정기 라인업은 삼성...,2020-05-04 13:32
"삼성전자, 펫케어 공기청정기 출시",/news/news_read.nhn?article_id=0004619353&office_id=421&mode=search&query=삼성전자&page=4,뉴스1,= 삼성전자가 반려동물을 키우는 가정에 최적화된 펫케어(Pet Care) 전용 공기청정기를 4일 출시한다. 삼성 펫케어 공기청정기 라인업은 삼성...,2020-05-04 13:32
코로나에 막혔던 삼성·LG 해외 생산기지 속속 정상화,/news/news_read.nhn?article_id=0004619369&office_id=421&mode=search&query=삼성전자&page=4,뉴스1,삼성전자와 LG전자의 해외 생산기지가 속속 정상화되고 있다. '코로나19'(신종 코로나바이러스 감염증)으로 인해 현지 공장 가동을 중단한 지 3...,2020-05-04 13:49
인도 현대차 공장 두달만 재가동···삼성전자도 준비,/news/news_read.nhn?article_id=0003732608&office_id=011&mode=search&query=삼성전자&page=4,서울경제,농촌 지역에 있는 삼성전자의 첸나이 가전 공장이나 뉴델리 인근의 노이다 휴대전화공장도 주 정부의 최종 허가가 떨어지는 대로 가동하기 위해 준비 ...,2020-05-04 13:57
"삼성전자, 1분기 R&D투자 ‘역대 최대’",/news/news_read.nhn?article_id=0002426623&office_id=021&mode=search&query=삼성전자&page=3,문화일보,5조 3600억원… 또 기록 경신 올해도 작년 이어 20조원 이상 삼성전자가 올해 1분기 연구·개발(R&D)투자를 역대 최대 규모로 단행했다. 삼성전자는 신종...,2020-05-04 14:01
"8월 뉴욕 ‘언팩’ 온라인 개최 검토… 삼성, 美 코로나사태에 탄력 대응",/news/news_read.nhn?article_id=0002426624&office_id=021&mode=search&query=삼성전자&page=3,문화일보,갤노트20·갤폴드2 소개할 듯 현지 상황 따라 최종확정 방침 삼성전자가 매년 8월 미국 뉴욕에서 차기 갤럭시노트 시리즈 등을 선보여 온 언팩(신제품 공개) 행사를...,2020-05-04 14:01
"코스피, 낙폭 1%대로 줄여 1910선 등락…코스닥 상승 전환",/news/news_read.nhn?article_id=0004672039&office_id=277&mode=search&query=삼성전자&page=3,아시아경제,"시가총액 상위 종목 중 삼성전자(-2.20%)를 비롯해 SK하이닉스(-2.03%), 삼성바이오로직스(-2.58%), 셀트리온(-1.19%) 등이 하락했다. NAVER와 카...",2020-05-04 14:04
[빅데이터MSI]4일 오후 주식시장 심리 6단계 '좋음',/news/news_read.nhn?article_id=0009845456&office_id=003&mode=search&query=삼성전자&page=3,뉴시스,"대장주 삼성전자의 MSI 레벨은 7단계로 집계됐다. 시가총액 상위 종목 중 SK하이닉스는 7단계, LG화학은 5단계, 현대차는 7단계, 셀트리온...",2020-05-04 14:05
진짜 충격만 안내하는 블랙박스 ‘파인뷰 GX3’ 출시,/news/news_read.nhn?article_id=0004632817&office_id=018&mode=search&query=삼성전자&page=3,이데일리,아울러 최대 2년의 품질 보증 기간을 보장하는 삼성전자의 고내구성 마이크로 SD카드를 장착해 AS 안정성도 높였다. ‘파인뷰 GX3’은 녹화 영...,2020-05-04 14:07
'평택 소사벌 푸르지오' 즉시 입주 가능한 특별 분양 실시,/news/news_read.nhn?article_id=0003461988&office_id=022&mode=search&query=삼성전자&page=3,세계일보,"업계에 따르면 현재 평택지역은 미군기지 이전과 삼성전자 고덕산업단지, LG전자 산업단지 확정 등의 개발 호재가 잇따르고 있어 평택지역을 중심으로...",2020-05-04 14:08
"삼성 청년 소프트웨어 아카데미, 4기 교육생 모집",/news/news_read.nhn?article_id=0009845507&office_id=003&mode=search&query=삼성전자&page=3,뉴시스,4일 삼성전자에 따르면 SSAFY는 오는 11일부터 25일까지 4기 교육생을 모집한다. 삼성전자가 주관하며 고용노동부가 후원하는 SSAFY는 만...,2020-05-04 14:21
"코로나 위기에도… 삼성전자, R&D에 역대 최대치 투자 기록",/news/news_read.nhn?article_id=0003461999&office_id=022&mode=search&query=삼성전자&page=3,세계일보,신종 코로나바이러스 감염증(코로나19) 사태에도 삼성전자가 미래 산업을 위한 연구개발(R&D)에 역대 최대 규모의 투자를 한 것으로 확인됐다. ...,2020-05-04 14:23
반려동물 냄새 99% 제거… 삼성 ‘펫 공기청정기’ 출시,/news/news_read.nhn?article_id=0002426654&office_id=021&mode=search&query=삼성전자&page=3,문화일보,펫케어 가전시장 본격공략 삼성전자가 반려동물 인구 1000만 명 시대를 맞아 ‘펫케어(반려동물 관리용)가전’을 처음으로 선보였다. 삼성전자는 반...,2020-05-04 14:51
글로벌 D램 가격 12% 깜짝 상승..코로나19가 변수,/news/news_read.nhn?article_id=0004632884&office_id=018&mode=search&query=삼성전자&page=3,이데일리,다만 디램익스체인지는 최근 D램 수요 증가에 따라 삼성전자(005930)와 SK하이닉스(000660) 등 생산업체들이 3분기 생산량을 확대하면서...,2020-05-04 15:06
"[마감 시황] 외국인과 기관의 동반 매도세.. 코스피 1895.37(▼52.19,...",/news/news_read.nhn?article_id=0003732645&office_id=011&mode=search&query=삼성전자&page=3,서울경제,"종목별로는 삼성전자가 3.00% 내린 4만 8500원에 장을 마감한 가운데, 대한유화(006650)(-13.17%), 휴니드(005870)(-1...",2020-05-04 15:35
"[fn마감시황]코스피, 개인 약 1.7조 순매수에도 1900선 밀려",/news/news_read.nhn?article_id=0004418713&office_id=014&mode=search&query=삼성전자&page=3,파이낸셜뉴스,"시가총액 상위종목별로 삼성전자(-3.00%), SK하이닉스(-3.23%) 등이 하락세다. 반면 NAVER(0.76%) 등은 상승세다. 코스닥은 전거래일 대비 3.27포인트...",2020-05-04 15:37
"신혼집에서도 이사를 가도, 공간에 맞춰 설치 가능한 그랑데 AI",/news/news_read.nhn?article_id=0000536804&office_id=031&mode=search&query=삼성전자&page=3,아이뉴스24,삼성전자 에어드레서는 일반적인 의류 관리에 만족하지 않고 보다 완벽한 의류 청정을 원하는 까다로운 신혼부부들의 기대에 맞춘 대표적인 특화생존 제...,2020-05-04 15:38
4월 D램 고정거래가격 11% 올라···코로나19로 PC·서버 사용 늘어난 덕분,/news/news_read.nhn?article_id=0003007175&office_id=032&mode=search&query=삼성전자&page=3,경향신문,"고정거래가력은 삼성전자 등 반도체 제조사가 인텔, 애플 등 고객사와 대규모 공급계약을 체결할 때의 가격이다. 메모리 반도체 유통물량의 90% 이...",2020-05-04 15:38
횡보하는 삼성전자 주가…증권가 전망도 엇갈려,/news/news_read.nhn?article_id=0004568538&office_id=009&mode=search&query=삼성전자&page=3,매일경제,삼성전자의 주가가 5만원 선에서 등락을 거듭하며 횡보하고 있다. 증권가에서는 대체로 목표주가를 유지하고 있으나 하반기 실적 전망에 대해서는 엇갈...,2020-05-04 15:44
"""반갑다 더위야""…전자업계, 불붙은 에어컨 대전",/news/news_read.nhn?article_id=0000536809&office_id=031&mode=search&query=삼성전자&page=3,아이뉴스24,삼성전자는 무풍에어컨을 구매한 고객들을 대상으로 사용 후기 이벤트를 진행하고 있다. 이달까지 무풍에어컨 무풍갤러리 사진과 함께 사용 후기와 해시...,2020-05-04 15:55
[시황종합]'미중 갈등 우려' 코스피 1900선 내줘…환율 11원 급등,/news/news_read.nhn?article_id=0004619742&office_id=421&mode=search&query=삼성전자&page=3,뉴스1,"시가총액 상위 10개 종목 중 삼성전자(-3.00%), SK하이닉스(-3.23%), 삼성바이오로직스(-4.30%), 삼성전자우(-2.49%), ...",2020-05-04 15:55
"[기업] 삼성전자, 반려동물 가정 맞춤형 공기청정기 출시",/news/news_read.nhn?article_id=0001435910&office_id=052&mode=search&query=삼성전자&page=3,YTN,삼성전자가 반려동물을 키우는 가정에 최적화된 펫케어 전용 공기청정기를 선보였습니다. 이 공기청정기는 특수 필터를 통해 반려동물의 털과 냄새를 대...,2020-05-04 15:55
'언택트 확산' D램 가격 11.9% 급등...10개월만 3달러선 회복,/news/news_read.nhn?article_id=0004418726&office_id=014&mode=search&query=삼성전자&page=3,파이낸셜뉴스,삼성전자 등 메모리 반도체 업체들은 클라우드 등 데이터센터 서버를 활용한 서비스가 다양해지고 활발해짐에 따라 D램 등 메모리 반도체 수요도 지속...,2020-05-04 15:56
[코스피 마감]미중 무역분쟁 재점화 우려에 1900선 내줘,/news/news_read.nhn?article_id=0004632959&office_id=018&mode=search&query=삼성전자&page=3,이데일리,대장주이자 대표 반도체주인 삼성전자(005930)와 SK하이닉스(000660)는 각각 3%대 하락률을 기록했다. 삼성바이오로직스(207940)와...,2020-05-04 15:59
"코스피, 2.7% 급락 마감…1,900선 내줘(종합)",/news/news_read.nhn?article_id=0011587243&office_id=001&mode=search&query=삼성전자&page=2,연합뉴스,"시가총액 상위 종목은 삼성전자(-3.00%), SK하이닉스(-3.23%), 삼성바이오로직스(-4.30%), 셀트리온(-3.33%), LG화학(-...",2020-05-04 16:00
하루에 1조7000억! 개미라 부르지마라 '스톡 사피엔스' 시대,/news/news_read.nhn?article_id=0003528470&office_id=023&mode=search&query=삼성전자&page=2,조선일보,이날 개인들의 매수는 주로 삼성전자와 같은 전기전자 업종에 집중됐다. 이날 유가증권 시장에서 개인 순매수 금액의 46.7%(7900억원)는 전기...,2020-05-04 16:01
"[마감시황] 코스피, 미·중 무역분쟁 우려에 2.6% 하락",/news/news_read.nhn?article_id=0000536813&office_id=031&mode=search&query=삼성전자&page=2,아이뉴스24,"삼성전자 –3.00%, SK하이닉스 –3.23%, 삼성바이오로직스 –4.30%, 삼성전자우 –2.49%의 하락률을 보였다. 업종별로는 대부분 하락세를 나타냈다. 건강관리기...",2020-05-04 16:02
[마감] 다시 1900선 아래로.… 코스피 2%대 하락,/news/news_read.nhn?article_id=0000538340&office_id=417&mode=search&query=삼성전자&page=2,머니S,"삼성전자(-3.00%), SK하이닉스(-3.23%), 삼성바이오로직스(-4.30%), 삼성전자우(-2.49%), 셀트리온(-3.33%), LG화...",2020-05-04 16:02
"코로나가 끌어올린 D램 가격…""12% 폭등""",/news/news_read.nhn?article_id=0000868404&office_id=215&mode=search&query=삼성전자&page=2,한국경제TV,한편 삼성전자와 SK하이닉스의 1분기 실적을 방어했던 서버용 D램 가격도 크게 올랐다. 서버용 D램 DDR4 32기가바이트(GB) 가격은 지난달...,2020-05-04 16:04
코스피 1900선 붕괴…외인·기관 1조6700억 '팔자'에 2.68%↓,/news/news_read.nhn?article_id=0002223213&office_id=123&mode=search&query=삼성전자&page=2,조세일보,"시가총액 1위인 삼성전자는 전장보다 1500원(3.00%) 내린 4만8500원을 기록, 다시 5만원선 아래로 내려갔다. 2위인 SK하이닉스는 2...",2020-05-04 16:05
"동학개미, 증시 반등에 베팅…역대 최대 '1조7000억' 순매수",/news/news_read.nhn?article_id=0004334601&office_id=015&mode=search&query=삼성전자&page=2,한국경제,삼성전자(3.00%) SK하이닉스(3.23%) 셀트리온(3.33%) 현대차(2.24%) 삼성물산(5.75%) 등이 하락했다. 네이버(0.76%)...,2020-05-04 16:06
다시 불붙은 '동학개미'…코스피 1.7조 순매수 '하루 역대 최대',/news/news_read.nhn?article_id=0004619820&office_id=421&mode=search&query=삼성전자&page=2,뉴스1,"개인들은 이날 삼성전자와 SK하이닉스 등 반도체 관련주를 중심으로 사들였다. 개인 순매수 상위 종목에는 삼성전자(5081억원), SK하이닉스(1...",2020-05-04 16:11
"5월 첫 증시부터 1조7000억원 풀매수한 개인…지수는 2%대 하락, 코스피 19...",/news/news_read.nhn?article_id=0004672162&office_id=277&mode=search&query=삼성전자&page=2,아시아경제,"시가 총액 상위 종목 중 삼성전자(-3.00%)를 비롯해 SK하이닉스(-3.23%), 삼성바이오로직스(-4.30%), 셀트리온(-3.33%) 등이 하락했다. NAVER와 ...",2020-05-04 16:12
"코스피, 미·중 무역분쟁 재개 조짐에 1900 붕괴",/news/news_read.nhn?article_id=0002399695&office_id=119&mode=search&query=삼성전자&page=2,데일리안,"시가총액 상위 10개 종목 중 삼성전자(-3.00%), SK하이닉스(-3.23%), 삼성바이오로직스(-4.30%), 삼성전자우(-2.49%), ...",2020-05-04 16:13
[TF시황] 외인·기관 매도물량에 코스피 1900선 '후퇴',/news/news_read.nhn?article_id=0000024733&office_id=629&mode=search&query=삼성전자&page=2,더팩트,"삼성전자(-3.00%), SK하이닉스(-3.23%), 삼성바이오로직스(-4.30%), 삼성전자우(-2.49%), 셀트리온(-3.33%), LG화...",2020-05-04 16:17
"[마켓뷰] 코스피, 미·중 무역분쟁 우려에 1900선 무너져",/news/news_read.nhn?article_id=0000518594&office_id=366&mode=search&query=삼성전자&page=2,조선비즈,"또 NAVER(035420), 카카오(035720)를 제외한 삼성전자(005930), SK하이닉스(000660), 삼성바이오로직스(207940)...",2020-05-04 16:21
"[마감시황]코스피, G2 무역분쟁 재발 가능성에 하락…1900선 하회",/news/news_read.nhn?article_id=0009845909&office_id=003&mode=search&query=삼성전자&page=2,뉴시스,대장주 삼성전자는 전 거래일 대비 1500원(3.00%) 내린 4만8500원에 마감했다. 가장 많이 하락한 종목은 전 거래일 대비 5.75% 내...,2020-05-04 16:28
[마감시황] 개인 사상 최고 순매수에도...코스피 2.68% 하락 마감,/news/news_read.nhn?article_id=0003732674&office_id=011&mode=search&query=삼성전자&page=2,서울경제,"삼성전자(-3%), SK하이닉스(-3.23%) 등 반도체주를 비롯해서 LG화학(-4.38%), 삼성SDI(-3.15%), 삼성물산(-5.75%)...",2020-05-04 16:35
"""삼성에서 소프트웨어 교육 받으세요""…'SSAFY' 4기 모집",/news/news_read.nhn?article_id=0004619909&office_id=421&mode=search&query=삼성전자&page=2,뉴스1,삼성전자는 4일 실전형 소프트웨어 인재 양성 프로그램인 '삼성 청년 소프트웨어 아카데미'(Samsung Software Academy For Y...,2020-05-04 16:39
인도 현대차 공장 두 달 만에 재가동…삼성전자도 준비(종합),/news/news_read.nhn?article_id=0011587428&office_id=001&mode=search&query=삼성전자&page=2,연합뉴스,역시 농촌 지역에 있는 삼성전자의 첸나이 가전 공장이나 뉴델리 인근의 노이다 휴대전화공장도 주 정부의 최종 허가가 떨어지는 대로 가동하기 위해 ...,2020-05-04 16:54
"코스피, 큰 폭 하락…1900선 아래로 내려가",/news/news_read.nhn?article_id=0003462063&office_id=022&mode=search&query=삼성전자&page=2,세계일보,"삼성전자가 -3.00%를 기록했고 SK하이닉스(-3.23%), 삼성바이오로직스(-4.30%), 셀트리온(-3.33%), LG화학(-4.38%),...",2020-05-04 16:58
[포토] 반려동물 냄새까지 제거…삼성 펫케어 공기청정기,/news/news_read.nhn?article_id=0004568603&office_id=009&mode=search&query=삼성전자&page=2,매일경제,삼성전자가 반려동물을 키우는 데 최적화된 공기청정기 '무풍 큐브 펫케어'를 출시한다고 4일 밝혔다. 펫케어는 삼성전자가 독자 개발한 필터 기술로...,2020-05-04 17:07
코로나 `언택트 경제효과`…4월 D램값 12% 뛰었다,/news/news_read.nhn?article_id=0004568605&office_id=009&mode=search&query=삼성전자&page=2,매일경제,삼성전자와 SK하이닉스는 반도체 업황에 따라 투자 속도를 조절하며 적정 공급 수준을 유지해나갈 것으로 보인다. 4일 시장조사업체 D램익스체인지에...,2020-05-04 17:07
"하락장에도 주식 사기 바쁜 개미들, 1조7000억 쓸어 담았다",/news/news_read.nhn?article_id=0002998021&office_id=025&mode=search&query=삼성전자&page=2,중앙일보,"이날 개인 투자자는 삼성전자를 5000억원 넘게 순매수하며 가장 많이 담았고 SK하이닉스(1689억원), LG화학(915억원), 삼성전자 우선주...",2020-05-04 17:13
"삼성전자, 5조3600억 R&D 투자 '역대 최고'",/news/news_read.nhn?article_id=0004334633&office_id=015&mode=search&query=삼성전자&page=1,한국경제,"삼성전자가 1분기 연구개발(R&D)에 5조3600억원을 투자한 것으로 나타났다. 분기 기준 최대 규모다. 반도체, 디스플레이 관련 핵심 기술에 ...",2020-05-04 17:16
LCD 집어삼킨 것처럼…대형 OLED도 '中의 공습' 시작됐다,/news/news_read.nhn?article_id=0004334640&office_id=015&mode=search&query=삼성전자&page=1,한국경제,최근엔 삼성전자가 차기 스마트폰용 OLED 패널 일부를 삼성디스플레이 대신 BOE에 맡길 것이란 얘기도 나온다. 중국 업체의 점유율도 상승하고 ...,2020-05-04 17:18
[TF매매동향] 1.7조 매도한 외인·기관…삼성전자 5300억 원 팔았다,/news/news_read.nhn?article_id=0000024742&office_id=629&mode=search&query=삼성전자&page=1,더팩트,이날 코스피시장 외국인투자자의 기업 최대매도는 삼성전자로 향했다. 외인은 이날 삼성전자 2870억 원 가량을 팔아치우는 한편 SK하이닉스 983...,2020-05-04 17:22
[마감시황]코스피 하락...개인 1.7조 역대 최대 순매수(종합),/news/news_read.nhn?article_id=0009846058&office_id=003&mode=search&query=삼성전자&page=1,뉴시스,대장주 삼성전자는 전 거래일 대비 1500원(3.00%) 내린 4만8500원에 마감했다. 가장 많이 하락한 종목은 전 거래일 대비 5.75% 내...,2020-05-04 17:25
"개미들, 1.7조원 역대 최대 순매수…'막차 심리' 작동했나",/news/news_read.nhn?article_id=0004334660&office_id=015&mode=search&query=삼성전자&page=1,한국경제,삼성전자(5082억원어치 순매수) SK하이닉스(1691억원) LG화학(912억원) KB금융(533억원) 등 상위 5개 순매수 종목들은 연초 외국...,2020-05-04 17:28
완구株·어린이펀드 '김빠진 5월'?,/news/news_read.nhn?article_id=0004334662&office_id=015&mode=search&query=삼성전자&page=1,한국경제,펀드 대부분이 삼성전자와 SK하이닉스 등을 천편일률적으로 담아 상장지수펀드(ETF) 등 패시브펀드와 차별화되는 점이 없다는 지적이다. 또 세법상...,2020-05-04 17:29
"개인 투자자, 오늘 하루 1조7천억 순매수...역대 최대",/news/news_read.nhn?article_id=0001435978&office_id=052&mode=search&query=삼성전자&page=1,YTN,불안한 흐름을 이어가던 2011년 8월 10일로 1조5천559억 원이었습니다. 개인들은 오늘 삼성전자와 SK하이닉스 등 반도체 관련주를 중심으로 사들였습니다. 이종수,2020-05-04 17:30
"삼성·LG, 코로나에 멈췄던 해외 공장 '가동 정상화' 속도(종합)",/news/news_read.nhn?article_id=0009846083&office_id=003&mode=search&query=삼성전자&page=1,뉴시스,"신종 코로나바이러스 감염증(코로나19) 확산으로 차질을 빚었던 삼성전자, LG전자의 해외 생산기지 가동이 정상화 수순을 밟고 있다. 두 회사는 ...",2020-05-04 17:38
[유동원의 글로벌 투자전략] 역대급 양적완화…증시 쉽게 안빠진다,/news/news_read.nhn?article_id=0004568648&office_id=009&mode=search&query=삼성전자&page=1,매일경제,한국의 개인투자자들은 양면적으로 큰 폭의 인버스 ETF 투자를 늘리는 한편 삼성전자를 포함한 한국 대표 종목들에 대한 투자를 늘렸다. 해외주식 ...,2020-05-04 17:39
"동학개미들 ""2000 가즈아""…하루 1.7조 순매수 신기록",/news/news_read.nhn?article_id=0004568666&office_id=009&mode=search&query=삼성전자&page=1,매일경제,"정용택 IBK투자증권 리서치센터장은 ""지난 3월 코스피가 1400~1600선으로 부진하던 기간에 개인들이 삼성전자 등 대형주와 코스피200 추종...",2020-05-04 17:44
비대면 확대로 PC 수요 급증…D램값 12% 올라,/news/news_read.nhn?article_id=0004334696&office_id=015&mode=search&query=삼성전자&page=1,한국경제,삼성전자는 지난달 29일 1분기 실적 발표 후 열린 콘퍼런스콜에서 “코로나19 사태로 위축된 모바일용 반도체 수요를 서버와 PC용 반도체 시장이...,2020-05-04 17:45
"""생활방역 전환에도…"" 산업계 '코로나 비상경영' 고삐 안 늦춰",/news/news_read.nhn?article_id=0011587555&office_id=001&mode=search&query=삼성전자&page=1,연합뉴스,"삼성전자 관계자는 ""사업장 내 방역 조치를 섣불리 완화하기 어려운 상황으로 직원들 대상 온라인 문진 등을 지속해서 진행하고 있다""고 말했다. S...",2020-05-04 17:51
자본투자 아닌 노하우 투자···자상한기업 업계 확산,/news/news_read.nhn?article_id=0003732705&office_id=011&mode=search&query=삼성전자&page=1,서울경제,"현재까지 네이버, 포스코, 신한금융그룹, 삼성전자(005930), 한국철도시설공단, 현대기아자동차, 한국우주산업, 소프트뱅크벤처스 등이 자상한기...",2020-05-04 18:09
‘거세지는 들불’…하루에 1.7조 쓸어 담은 동학개미,/news/news_read.nhn?article_id=0004633091&office_id=018&mode=search&query=삼성전자&page=1,이데일리,대장주이자 대표 반도체주인 삼성전자(005930)와 SK하이닉스(000660)는 각각 3%대 하락률을 기록했다. 삼성바이오로직스(207940)와...,2020-05-04 18:34
"04일, 거래소 기관 순매도상위에 전기,전자 업종 5종목",/news/news_read.nhn?article_id=0004334735&office_id=015&mode=search&query=삼성전자&page=1,한국경제,"기관 투자자는 04일 거래소에서 삼성전자, KODEX 레버리지, KODEX 200 등을 중점적으로 매도한 것으로 나타났다. 기관 투자자의 순매도...",2020-05-04 18:36
"04일, 거래소 외국인 순매도상위에 전기,전자 업종 4종목",/news/news_read.nhn?article_id=0004334734&office_id=015&mode=search&query=삼성전자&page=1,한국경제,"외국인 투자자는 04일 거래소에서 삼성전자, SK하이닉스, LG화학 등을 중점적으로 매도한 것으로 나타났다. 외국인 투자자의 순매도 상위 20개...",2020-05-04 18:36
기지개 켜는 재계…공장 재가동·금융권 채용 절차 착수,/news/news_read.nhn?article_id=0000210733&office_id=374&mode=search&query=삼성전자&page=1,SBS CNBC,"삼성전자도 폴란드와 슬로바키아, 헝가리 공장의 가동을 모두 재개해 이제 두 기업의 동유럽 생산기지는 모두 정상화됐습니다. 현대기아차도 가동이 중...",2020-05-04 18:37
‘신속 통로’ 뚫린 한중…韓 기업 기술자들 잇따라 中 입국,/news/news_read.nhn?article_id=0003284247&office_id=020&mode=search&query=삼성전자&page=1,동아일보,앞서 지난달 22일 삼성전자는 전세기를 띄워 중국 산시(陝西)성 시안(西安)시에 반도체 제2공장 증설을 위한 기술진 200여명을 파견했다. 베이...,2020-05-04 19:29
"[포토] 삼성전자, 반려동물 냄새 99% 제거 ‘펫케어 공기청정기’ 출시",/news/news_read.nhn?article_id=0001317817&office_id=005&mode=search&query=삼성전자&page=1,국민일보,삼성전자가 펫케어(Pet Care) 전용 공기청정기 ‘무풍큐브 펫케어’를 출시했다. 반려동물의 냄새를 99% 이상 제거해 주는 ‘탈취 전문필터’...,2020-05-04 20:17
"삼바 수사에 ‘독’ 될라…이재용, 사과 수위 고심",/news/news_read.nhn?article_id=0003007239&office_id=032&mode=search&query=삼성전자&page=1,경향신문,이재용 삼성전자 부회장(52·사진)에게 권고한 ‘경영권 승계 과정에서 발생한 위법행위에 대한 사과’ 발표가 초읽기에 들어갔다. 이 부회장의 사과...,2020-05-04 21:34
