title,url,press,summary,date
반포3주구 홍보전 과열 양상…허울뿐인 '클린수주'?,/news/news_read.nhn?article_id=0000025040&office_id=629&mode=search&query=삼성전자&page=7,더팩트,"지난 6일 삼성 준법감시위원회의 권고에 따라 이재용 삼성전자 부회장은 경영권 승계 의혹, 노조 문제, 시민사회 소통 사안 등에 관해 대국민 사과...",2020-05-08 00:00
"삼성 준법감시위, 이재용 사과 관련 구체적 실천방안 마련해야",/news/news_read.nhn?article_id=0002998933&office_id=025&mode=search&query=삼성전자&page=7,중앙일보,삼성 준법감시위원회가 7일 이재용(52) 삼성전자 부회장의 대국민 사과와 관련해 “의미있게 평가하지만 구체적인 실천방안을 마련해야 한다”고 밝혔...,2020-05-08 00:04
"삼성 준법위 ""이재용 사과 의미있게 평가…구체적인 실천방안 뒷받침돼야""",/news/news_read.nhn?article_id=0003463155&office_id=022&mode=search&query=삼성전자&page=7,세계일보,삼성 관계사에도 개선방안 마련 주문 이재용 삼성전자 부회장이 지난 6일 서울 서초동 사옥에서 경영권 승계와 노동조합 문제 등과 관련해 대국민 사...,2020-05-08 00:13
갤럭시 Z 플립 원하는대로 접히는 '하이드어웨이 힌지' 기술,/news/news_read.nhn?article_id=0009851418&office_id=003&mode=search&query=삼성전자&page=7,뉴시스,모바일 기술의 한계를 넘어선 삼성전자의 ‘갤럭시 Z 플립(Galaxy Z Flip)’은 폴더블 카테고리를 새롭게 그려나가고 있다. 완전히 접히고...,2020-05-08 00:31
삼성준법위 이재용 사과 의미있게 평가… 노동3권 보장 등 실행방안 마련해 달라,/news/news_read.nhn?article_id=0003284922&office_id=020&mode=search&query=삼성전자&page=7,동아일보,삼성 준법감시위원회가 이재용 삼성전자 부회장의 대국민 사과에 대해 “의미 있다”고 평가했다. 이어 “구체적인 실행 방안을 마련해 달라”고 요구했다. 7일...,2020-05-08 03:03
"""삼성이 자녀 승계 포기하면 우린?"" 난감해진 재계",/news/news_read.nhn?article_id=0003529427&office_id=023&mode=search&query=삼성전자&page=7,조선일보,"이재용 삼성전자 부회장의 대(對)국민 사과를 둘러싸고 온라인에서는 ""해외에서 부러워하는 경제 발전의 상징인 삼성전자가 정치·시민사회 권력에 등 ...",2020-05-08 03:27
年수익 10~16% ELS? 군침이 도네,/news/news_read.nhn?article_id=0003529438&office_id=023&mode=search&query=삼성전자&page=7,조선일보,"미래에셋대우도 최근 유로스톡스50과 S&P500, 삼성전자를 기초 자산으로 하는 연 수익률 11.0% ELS(제29018회)를 발행했다. NH투...",2020-05-08 03:51
[빅데이터로 본 재테크] 코로나도 비껴갔다…`에코마케팅` 눈부신 약진,/news/news_read.nhn?article_id=0004570745&office_id=009&mode=search&query=삼성전자&page=7,매일경제,6일 금융정보업체 에프앤가이드에 따르면 에코마케팅은 지난주(4월 29일~5월 5일) 종목 검색순위에서 삼성전자에 이어 2위에 이름을 올렸다. 종...,2020-05-08 04:02
[株머니 주요산업 증시기상도] 화장품OEM株 `주목`…코로나에도 실적 선방 기대,/news/news_read.nhn?article_id=0004570752&office_id=009&mode=search&query=삼성전자&page=7,매일경제,"제조사별 판매량은 애플 1014만대, 삼성전자 1862만대, 화웨이 1557만대로 각각 전년 대비 23%, 27%, 18% 감소했다. 회복 국면...",2020-05-08 04:03
[원포인트 투자 레슨] 성장株 상대적 강세…반도체·SW·헬스케어 주목,/news/news_read.nhn?article_id=0004570749&office_id=009&mode=search&query=삼성전자&page=7,매일경제,"현재 다섯 가지 기준에 부합하는 대표 종목으로 각각 삼성전자, 삼성바이오로직스, KT&G, LG, NAVER를 제시합니다. ※ 주식투자 전문가에...",2020-05-08 04:03
삼성 준법위 李 부회장 변화 의지 긍정적… 구체적 로드맵 필요,/news/news_read.nhn?article_id=0001319031&office_id=005&mode=search&query=삼성전자&page=7,국민일보,삼성 준법감시위원회(준법위)가 이재용 삼성전자 부회장이 ‘세습 경영 및 무노조 경영 종식’을 밝힌 이른바 ‘5·6 선언’을 긍정적으로 평가했다....,2020-05-08 04:07
황금알 거위 죽이기? 구시대 재벌체제와 결별? 이재용 ‘오너경영 포기’ 후폭풍,/news/news_read.nhn?article_id=0000494299&office_id=469&mode=search&query=삼성전자&page=7,한국일보,준법위 “이재용 사과 의미 있다” 구체적 실천안 요청 삼성그룹 총수인 이재용 삼성전자 부회장의 ‘오너경영 종료’(6일) 선언에 대한 해석이 분분...,2020-05-08 04:33
"소유·경영 분리하겠다는 삼성, 스웨덴 발렌베리 모델 따를까",/news/news_read.nhn?article_id=0002999015&office_id=025&mode=search&query=삼성전자&page=7,중앙일보,이재용 삼성전자 부회장이 6일 “자녀에게 경영권을 물려주지 않겠다”고 선언하면서 소유와 경영이 분리된 선진 기업 모델에 관심이 쏠린다. 가장 먼...,2020-05-08 05:02
신사업 과감한 도전 이재용 발언은 또다른 정부 메시지?,/news/news_read.nhn?article_id=0002496489&office_id=028&mode=search&query=삼성전자&page=7,한겨레,이재용 삼성전자 부회장이 6일 발표한 대국민 사과문엔 2개의 ‘특별한’ 메시지가 담겼다. 예상 답지에는 없었다는 의미에서다. 삼성 준법감시위원회...,2020-05-08 05:02
삼성 준법위 李부회장 사과 의미있게 평가… 실천 방안 보강하라,/news/news_read.nhn?article_id=0003088674&office_id=081&mode=search&query=삼성전자&page=7,서울신문,"삼성전자 등 7개사가 낸 개선안은 ‘퇴짜’ “구체적 플랜 부족… 뒷받침할 방안 마련을” 재계, 李사과 파기환송심 양형 영향 촉각 “재판부 요구 ...",2020-05-08 05:06
1년 만에 6배 늘어난 자사주 매입…태우진 않는다,/news/news_read.nhn?article_id=0004405349&office_id=008&mode=search&query=삼성전자&page=7,머니투데이,"김광현 연구원은 ""2016~18년 진행된 삼성전자의 대규모 자사주 소각, 2017년 분할 과정에서 절반 이상의 자사주를 소각한 SK디스커버리, ...",2020-05-08 05:10
[기자의 눈] 이재용이 던진 의문…'오너 경영' 다음은 무엇이 돼야하나,/news/news_read.nhn?article_id=0004626117&office_id=421&mode=search&query=삼성전자&page=7,뉴스1,이재용 삼성전자 부회장이 '자녀에게 경영권 승계는 없다'고 공언했다. 의미 있는 선언이긴 하지만 '파격적인 결심'이나 '아름다운 선택'이라고 포...,2020-05-08 05:30
코로나19 뚫은 갤럭시Z플립…폴더블 관련株 일제히 반등,/news/news_read.nhn?article_id=0004626133&office_id=421&mode=search&query=삼성전자&page=6,뉴스1,삼성전자가 올해 들어 선보인 신규 폴더블 스마트폰 '갤럭시Z플립'이 시장 침체 속에서도 유의미한 판매량을 나타낸 가운데 향후 폴더블 스마트폰 시...,2020-05-08 05:57
"특허괴물 판박이 '콜롬비아'···2,000억원대 소송 무기로 중소기업 손발 묶어",/news/news_read.nhn?article_id=0003734171&office_id=011&mode=search&query=삼성전자&page=6,서울경제,특허괴물 공격 방식과 판박이 컬럼비아의 대응방식은 특허괴물(NPE·Non Practicing Entity)이 삼성전자나 LG전자와 같은 한국 대...,2020-05-08 06:00
"삼성 준법감시위 이재용의 약속, 구체적 실행방안 수립해야",/news/news_read.nhn?article_id=0003007872&office_id=032&mode=search&query=삼성전자&page=6,경향신문,이재용 삼성전자 부회장의 대국민 사과에 대해 그룹 관계사 차원의 구체적 실행방안을 수립해달라는 의견을 제시했다. 이 부회장의 경영권 승계 의혹에...,2020-05-08 06:00
"삼성 반도체, 걸음 수만큼 기부하는 '사랑의 걷기' 캠페인 진행",/news/news_read.nhn?article_id=0009851485&office_id=003&mode=search&query=삼성전자&page=6,뉴시스,삼성전자 DS(디바이스솔루션)부문이 이웃들에게 나눔을 실천하는 기부 캠페인에 나섰다. 7일 삼성전자 반도체부문 홈페이지인 '삼성반도체이야기'에 ...,2020-05-08 06:00
"""신사업에 도전""…삼성, 9조원 하만 인수 후 '빅딜' 나올까",/news/news_read.nhn?article_id=0004626148&office_id=421&mode=search&query=삼성전자&page=6,뉴스1,"이재용 삼성전자 부회장이 '대국민 사과'를 통해 ""신사업에 과감히 도전하겠다""는 의지를 보인 가운데, 인수합병(M&A) 시장에서 삼성전자가 존재...",2020-05-08 06:00
글로벌 반도체 '톱 10' 1분기 매출액 전년比 16%↑…삼성전자·SK하이닉스 2...,/news/news_read.nhn?article_id=0009851488&office_id=003&mode=search&query=삼성전자&page=6,뉴시스,"삼성전자는 인텔에 이어 매출 2위, SK하이닉스는 4위를 차지했다. 7일 글로벌 시장조사업체 IC인사이츠에 따르면 인텔, 삼성전자, TSMC, ...",2020-05-08 06:00
"[그게머니]6월 기다리는 70조···코스피200 신입생, 누가 뜰까",/news/news_read.nhn?article_id=0002999023&office_id=025&mode=search&query=삼성전자&page=6,중앙일보,"삼성전자, SK하이닉스, 현대차 등 굵직한 기업이 포함돼 있다. =코스피200지수는 6월, 12월 두 차례 포함 종목을 변경한다. 자유소비재, ...",2020-05-08 06:01
준법감시위 이재용 사과 의미 있어… 실행방안 뒷받침돼야,/news/news_read.nhn?article_id=0003463202&office_id=022&mode=search&query=삼성전자&page=6,세계일보,이재용 삼성전자 부회장의 대국민 사과문에 대해 “의미 있게 평가한다”는 의견을 내놨다. 다만 사과와 관련해 보다 구체적인 개선 방안을 마련하라고...,2020-05-08 06:03
"이재용 부회장, 안물려주나 못물려주나… '400조 삼성그룹' 경영권 승계 편법없이...",/news/news_read.nhn?article_id=0000520125&office_id=366&mode=search&query=삼성전자&page=6,조선비즈,"""국내 대기업 지배구조에 새 화두 던진 건 긍정적"" 이재용 삼성전자(005930)부회장이 6일 경영권 승계 포기 선언을 한 데 대해 재계 일각에...",2020-05-08 06:12
"""자식에 안물려준다""는 삼성...경영권은 어떻게 바뀌나",/news/news_read.nhn?article_id=0001437378&office_id=052&mode=search&query=삼성전자&page=6,YTN,"이재용 삼성전자 부회장은 그제 자식에게 물려주지 않겠다면서 더 이상 경영권 세습은 없을 것이라고 강조했는데요, 어떻게 구체적인 실행방안을 마련할...",2020-05-08 06:20
"JY-준법위, 출범 94일만에…준법 강화 첫 발 내디뎌",/news/news_read.nhn?article_id=0004626171&office_id=421&mode=search&query=삼성전자&page=6,뉴스1,"이재용 삼성전자 부회장이 6일 '대국민 사과'와 함께 ""준법이 삼성의 문화로 확고하게 뿌리내리도록 하겠다""고 의지를 피력한 점에 대해 사과를 권...",2020-05-08 06:30
삼성 준법위 사과 의미있어 vs 시민단체 감형 전략일 뿐,/news/news_read.nhn?article_id=0010831789&office_id=056&mode=search&query=삼성전자&page=6,KBS,"이재용 삼성전자 부회장의 대국민 사과에 대해 사과를 권고했던 삼성 준법감시위원회는 ""의미있었다""는 평가를 내렸습니다. 진정성이 의심된다는 외부의...",2020-05-08 06:46
[제약 CEO] 삼성 새 성장동력 책임진 김태한 삼성바이오 대표,/news/news_read.nhn?article_id=0003021355&office_id=241&mode=search&query=삼성전자&page=6,일간스포츠,6일 기준으로 38조450억원에 달해 삼성전자와 SK하이닉스에 이어 시총 규모 3위에 올라있다. 출범에서부터 회사의 경영을 도맡은 김 대표는 위...,2020-05-08 07:02
"이재용 삼성전자 부회장의 사과와 약속, 아버지와는 다를까",/news/news_read.nhn?article_id=0003021356&office_id=241&mode=search&query=삼성전자&page=6,일간스포츠,이재용 삼성전자 부회장이 6일 국민 앞에서 또다시 머리를 숙였다. 삼성그룹을 이끄는 실질적 총수가 된 후 이번이 두 번째 대국민 사과다. 이 부...,2020-05-08 07:02
"[김대성의 종목분석] 이재용 부회장 지분이 가장 많은 삼성물산, 향후 갈길은?",/news/news_read.nhn?article_id=0002223374&office_id=123&mode=search&query=삼성전자&page=6,조세일보,이재용 삼성전자 부회장이 대국민 사과를 통해 “제 아이들에게 회사 경영권을 물려주지 않을 생각”이라고 밝히면서 삼성물산이 앞으로 나아갈 길에 대...,2020-05-08 07:08
[단독]고정거래가 보다 낮아진 D램 현물가.. 반도체 업계 불안 커진다,/news/news_read.nhn?article_id=0003734186&office_id=011&mode=search&query=삼성전자&page=6,서울경제,삼성전자(005930)와 SK하이닉스(000660) 등 주요 D램 제조사들이 현물가격 추이에 관심을 기울일 수밖에 없는 이유다. PC용 D램 고...,2020-05-08 07:08
中의 반도체 굴기.. 하이실리콘 반도체 업계 '매출 톱10' 첫 진입,/news/news_read.nhn?article_id=0003734188&office_id=011&mode=search&query=삼성전자&page=6,서울경제,SMIC가 현재 5나노 공정 도입을 계획 중인 삼성전자(005930)나 TSMC 대비 기술력이 떨어지긴 하지만 하이실리콘이 설계한 보급형 애플리...,2020-05-08 07:28
"""韓日은 오너경영 실적이 더 좋은데…"" 삼성 걱정하는 사람들",/news/news_read.nhn?article_id=0004405398&office_id=008&mode=search&query=삼성전자&page=6,머니투데이,"1847자 사과문에 담은 이재용의 진심…'삼성 독립경영' 선언 ""삼성 내부에서 누구도 물어볼 수 없던 질문에 이재용 삼성전자 부회장이 스스로 답...",2020-05-08 07:30
삼성·애플·LG 가성비폰 대전…꽁꽁 언 소비심리 녹일까,/news/news_read.nhn?article_id=0000210978&office_id=374&mode=search&query=삼성전자&page=6,SBS CNBC,"삼성전자와 LG전자뿐만 아니라 콧대가 높던 애플까지도 일제히 가격을 100만 원 밑으로 크게 낮춘, 가성비 높은 스마트폰들을 내놨습니다. 김동우...",2020-05-08 07:47
"삼성, 세계에서 가장 비싼 '테크 브랜드' 6위…95조원",/news/news_read.nhn?article_id=0004626211&office_id=421&mode=search&query=삼성전자&page=6,뉴스1,"삼성전자가 전 세계 전자·정보통신기술(ICT) 기업들 중에서 6번째로 높은 브랜드 가치를 지닌 것으로 조사됐다. 미국의 아마존, 구글, 애플 등...",2020-05-08 08:00
[빅데이터MSI]8일 오전 주식시장 심리 6단계 '좋음',/news/news_read.nhn?article_id=0009851539&office_id=003&mode=search&query=삼성전자&page=5,뉴시스,"대장주 삼성전자의 MSI 레벨은 7단계로 집계됐다. 시가총액 상위 종목 중 SK하이닉스는 2단계, LG화학은 7단계, 현대차는 2단계, 셀트리온...",2020-05-08 08:04
"[빅데이터MSI]시장심리 톱5, 카카오·LG화학·네이버·삼성전자·SK텔레콤",/news/news_read.nhn?article_id=0009851548&office_id=003&mode=search&query=삼성전자&page=5,뉴시스,8일 빅데이터 시장심리지수(MSI)가 가장 높은 톱5에 카카오·LG화학·네이버·삼성전자·SK텔레콤이 선정됐다. 이는 뉴시스와 코스콤이 주요 상장...,2020-05-08 08:16
"'사과' 의미 둔 삼성 준법위…""구체적 실행방안 만들라""",/news/news_read.nhn?article_id=0000237652&office_id=437&mode=search&query=삼성전자&page=5,JTBC,삼성전자 이재용 부회장이 한 사과에 대해서 이어지고 있는 논란을 좀 짚어보겠습니다. 재판부의 권고에 따라 만들어져서 이 부회장에게 직접 사과할 ...,2020-05-08 08:20
"덕산네오룩스, 사상 최대 실적 기대..목표가 상향-DB",/news/news_read.nhn?article_id=0004635515&office_id=018&mode=search&query=삼성전자&page=5,이데일리,"어 연구원은 “하반기 신규 아이폰 출시, 삼성전자 갤럭시노트20 및 신규 폴더블 스마트폰 출시, 스마트폰 수요 기저효과로 실적이 가파르게 증가해...",2020-05-08 08:29
"[I-리포트] 덕산네오룩스, 1분기 호실적…목표가 17%↑-DB",/news/news_read.nhn?article_id=0000537317&office_id=031&mode=search&query=삼성전자&page=5,아이뉴스24,"어 연구원은 ""하반기 신규 아이폰 출시, 삼성전자 갤럭시노트20 및 신규 폴더블 스마트폰 출시, 스마트폰 수요 기저효과로 실적이 가파르게 증가해 올해 연간...",2020-05-08 08:43
"[조간브리핑] 김태년, 180석 ‘슈퍼여당’ 키잡나…새 원내대표로 선임",/news/news_read.nhn?article_id=0000210985&office_id=374&mode=search&query=삼성전자&page=5,SBS CNBC,'코덱스 곱버스 하루 거래대금은 지난달 들어 삼성전자 제치고 1위 하기도 했습니다. 문제는 이들의 투기적 성향 때문에 부작용을 낳고 있다는 겁니...,2020-05-08 08:45
"'마스크 과외' 삼성, 이번엔 621건 특허 나눔",/news/news_read.nhn?article_id=0004405428&office_id=008&mode=search&query=삼성전자&page=5,머니투데이,"삼성전자가 모바일, 디스플레이 등 미활용 기술 621건을 중소중견기업에 무상으로 이전한다. 한국산업기술진흥원(KIAT)은 삼성전자의 기술을 중소...",2020-05-08 08:50
"KIAT-삼성전자, 미활용 기술 621건 중소기업에 무상 이전",/news/news_read.nhn?article_id=0004420780&office_id=014&mode=search&query=삼성전자&page=5,파이낸셜뉴스,"한국산업기술진흥원은 삼성전자가 보유하 미활용 기술 621건을 중소, 중견기업에 무상 기술이전을 추진한다고 8일 밝혔다. 이번 무상 기술나눔은 대...",2020-05-08 08:54
삼성 준법위 사과 의미있어 vs 시민단체 감형 전략일 뿐,/news/news_read.nhn?article_id=0010831845&office_id=056&mode=search&query=삼성전자&page=5,KBS,"이재용 삼성전자 부회장의 대국민 사과에 대해 사과를 권고했던 삼성 준법감시위원회는 ""의미있었다""는 평가를 내렸습니다. 진정성이 의심된다는 외부의...",2020-05-08 08:54
삼성전자 1분기 스마트워치 190만대 출하...시장점유율 13.9% 2위,/news/news_read.nhn?article_id=0009851609&office_id=003&mode=search&query=삼성전자&page=5,뉴시스,삼성전자가 2020년 1분기 글로벌 스마트워치 시장에서 애플에 이어 2위를 차지했다. 8일 시장조사업체 스트래티지 애널리틱스(SA)에 따르면. ...,2020-05-08 08:59
삼성전자 미활용 보유기술 621건 무상이전 받을 中企 찾아요,/news/news_read.nhn?article_id=0004635562&office_id=018&mode=search&query=삼성전자&page=5,이데일리,삼성전자(005930)가 미활용 보유기술 621건을 중견·중소기업에 추가 개방한다. 한국산업기술진흥원(KIAT)은 삼성전자 미활용 보유기술 62...,2020-05-08 09:09
"코스피, 경제 재개 기대감에 상승출발…1950선 턱밑",/news/news_read.nhn?article_id=0004635567&office_id=018&mode=search&query=삼성전자&page=5,이데일리,시가총액 상위 종목 가운데 삼성전자(005930) SK하이닉스(000660) 삼성바이오로직스(207940) NAVER(035420) 셀트리온(068270) LG생활건강(0...,2020-05-08 09:14
"코스피, 외국인·기관 동반매수에 1950선 회복",/news/news_read.nhn?article_id=0004405448&office_id=008&mode=search&query=삼성전자&page=5,머니투데이,삼성전자와 SK하이닉스가 1%대 오르고 있고 삼성바이오로직스는 3%대 강세다. 삼성물산도 2%대 오르고 있다. 코스닥 시장은 사흘째 상승세를 이어가 전날대비 8....,2020-05-08 09:18
"코스피, 기관·외국인 매수세에 상승 출발",/news/news_read.nhn?article_id=0004674265&office_id=277&mode=search&query=삼성전자&page=5,아시아경제,"삼성전자(0.82%), SK하이닉스(1.46%), 삼성바이오로직스(2.82%), 셀트리온(0.74%) 등은 상승했다. 서상영 키움증권 연구원은 ...",2020-05-08 09:20
스마트폰 신제품 판매량 급증 기대…관련 부품주 ‘들썩’,/news/news_read.nhn?article_id=0000210997&office_id=374&mode=search&query=삼성전자&page=5,SBS CNBC,"삼성전자의 폴더블폰 ‘갤럭시 Z플립’의 3월 전세계 판매량이 23만 대를 기록해, 전월 대비 56.1% 증가한 것으로 알려졌습니다. 또 애플의 ...",2020-05-08 09:21
"[개장시황] 코스피, 中 4월수출 증가에 상승세",/news/news_read.nhn?article_id=0000537333&office_id=031&mode=search&query=삼성전자&page=5,아이뉴스24,"삼성전자 0.72%, SK하이닉스 1.33%, 삼성바이오로직스 3.17%, NAVER 0.70%, 삼성전자우 1.20%의 상승률을 보이고 있다. 코스닥지수는 전 거래일보다...",2020-05-08 09:26
"코스피, 외인·기관 매수에 장중 1,950대로 상승(종합)",/news/news_read.nhn?article_id=0011595016&office_id=001&mode=search&query=삼성전자&page=5,연합뉴스,"시가총액 상위 종목은 삼성전자(0.92%), SK하이닉스(1.82%), 삼성바이오로직스(5.29%), 네이버(0.23%), 셀트리온(3.19%)...",2020-05-08 09:29
[개장] 코스피 1950선 다시 뚫었다… 외국인·기관이 도왔다,/news/news_read.nhn?article_id=0000539827&office_id=417&mode=search&query=삼성전자&page=5,머니S,"삼성전자(0.72%), SK하이닉스(1.46%), 삼성바이오로직스(2.12%), 네이버(0.46%), 삼성전자우(1.20%), 셀트리온(0.74...",2020-05-08 09:36
코로나 조기 극복 ‘K-제조업’의 힘,/news/news_read.nhn?article_id=0000065336&office_id=024&mode=search&query=삼성전자&page=5,매경이코노미,톱텍은 원래 삼성전자 등 글로벌 기업에 첨단 자동화 장비를 납품하던 업체였다. 코로나19 사태로 국민들이 마스크 구입에 불편을 겪자 지난 3월 ...,2020-05-08 09:39
"코스피, 글로벌 경기 회복 기대감에 1950선 회복",/news/news_read.nhn?article_id=0004570890&office_id=009&mode=search&query=삼성전자&page=5,매일경제,"LG화학이 소폭 떨어지고 있으나 삼성전자, SK하이닉스, 삼성바이오로직스, NAVER, 셀트리온, LG생활건강, 삼성물산, 현대차 등 주요 대형...",2020-05-08 09:49
[IT선빵!] ‘건너뛰면 망한다?’…갤럭시 징크스,/news/news_read.nhn?article_id=0001670837&office_id=016&mode=search&query=삼성전자&page=4,헤럴드경제,"삼성전자의 ‘넘버링 징크스’다. 삼성의 대표 스마트폰이 넘버링을 건너뛸 때마다 악재를 만나 ‘망한다’는, 웃지 못할 속설이다. 비운의 ‘갤럭시노...",2020-05-08 09:52
'삼성 합병의혹' 장충기 재소환…이재용 향한 수사 막바지,/news/news_read.nhn?article_id=0011595119&office_id=001&mode=search&query=삼성전자&page=4,연합뉴스,검찰이 장 전 사장을 다시 소환함에 따라 이재용(52) 삼성전자 부회장의 소환도 임박했다는 관측이 나온다. 검찰은 삼성바이오로직스의 분식회계 의...,2020-05-08 09:56
"글로벌빅데이터연구소 ""이재용 부회장 사과 후 '중립적 반응' 1.8배 늘어""",/news/news_read.nhn?article_id=0009851743&office_id=003&mode=search&query=삼성전자&page=4,뉴시스,"이재용 삼성전자 부회장의 '대국민 사과'와 관련해 온라인 상에서 언급된 감성어를 조사한 결과, 중립률이 이전보다 약 2배 늘었다는 조사 결과가 ...",2020-05-08 10:00
코스피 1950선 돌파…오전 10시 외인·기관 '사자'에 1.4%↑,/news/news_read.nhn?article_id=0002223386&office_id=123&mode=search&query=삼성전자&page=4,조세일보,"시가총액 1, 2위인 삼성전자와 SK하이닉스의 주가도 상승하고 있다. 삼성전자는 전날보다 400원(0.82%) 오른 4만9200원에 거래되고 있...",2020-05-08 10:09
"[fn오전시황] 코스피, 외인·기관 동반 매수...반등세",/news/news_read.nhn?article_id=0004420898&office_id=014&mode=search&query=삼성전자&page=4,파이낸셜뉴스,"시가총액 상위종목 중에서는 삼성전자(0.72%),SK하이닉스(1.46%) 등 대부분이 오름세다. 코스닥은 전 거래일대비 10.17포인트(1.52%) 오른 678.39를 기...",2020-05-08 10:18
"삼성 노조 ""이재용 회견, 재발 방지·후속 대책 마련돼야"" 단체행동 예고",/news/news_read.nhn?article_id=0009851813&office_id=003&mode=search&query=삼성전자&page=4,뉴시스,"삼성 노조는 8일 이재용 삼성전자 부회장의 대국민 사과와 관련, ""진정한 사과는 재발 방지 대책과 후속조치가 마련되어야 한다""면서단체행동을 예고...",2020-05-08 10:19
"""증시의 주인은 우리""…꺾이지 않는 의지 과시하는 동학개미 [여기는 논설실]",/news/news_read.nhn?article_id=0004336874&office_id=015&mode=search&query=삼성전자&page=4,한국경제,동학개미의 ‘최애 종목’인 삼성전자 주주명부를 까보면 가장 많이 나오는 ‘수도권 거주 40~50대’를 동학개미의 주력으로 보는 견해도 나온다. ...,2020-05-08 10:19
스마트폰 6년만의 굴욕···코로나에 치여 3억대도 못 팔았다,/news/news_read.nhn?article_id=0002999061&office_id=025&mode=search&query=삼성전자&page=4,중앙일보,삼성전자와 애플이 30만~50만원대의 갤럭시 A시리즈와 아이폰SE를 연달아 출시한 것도 이런 트렌드를 뒷받침한다. 다만 5G 스마트폰은 2분기 ...,2020-05-08 10:23
[투자냐 투기냐①]개미들의 아슬이슬한 줄타기,/news/news_read.nhn?article_id=0001670920&office_id=016&mode=search&query=삼성전자&page=4,헤럴드경제,"한국 1위 기업 삼성전자보다 더 많은 돈이 쏠렸다. 3위는 소위 곱버스(레버리지 인버스)인 ‘KODEX 200선물인버스2X’다. 8위도 인버스 ETF, 10위도 원유 ET...",2020-05-08 10:37
"3번 고개숙인 이재용, 면죄부 위한 제스처? 준법위 의미있지만 구체적으로…",/news/news_read.nhn?article_id=0003463282&office_id=022&mode=search&query=삼성전자&page=4,세계일보,"준법위, 이재용 대국민 사과에 “준법 가치 실현 의지 의미있게 평가” / 삼성전자 및 관계사에 자세한 개선방안 요구 “아직 부족해” 삼성 준법감...",2020-05-08 10:51
"KIAT ""삼성전자, 미활용 기술 621건 중소·중견기업에 무상 개방""",/news/news_read.nhn?article_id=0004674421&office_id=277&mode=search&query=삼성전자&page=4,아시아경제,삼성전자가 보유한 미활용 기술 621건을 중소·중견기업에 개방한다. 한국산업기술진흥원(KIAT)은 삼성전자의 기술을 중소·중견기업에 무상 이전하는 기술나눔을...,2020-05-08 10:51
"KIAT-삼성전자, 중소·중견기업에 무상 기술이전",/news/news_read.nhn?article_id=0001001066&office_id=082&mode=search&query=삼성전자&page=4,부산일보,"한국산업기술진흥원(KIAT) 제공 삼성전자가 보유한 미활용 기술 621건을 중소·중견기업에 개방한다. 한국산업기술진흥원(KIAT, 원장 석영철)...",2020-05-08 11:00
< Review >직접 대국민 사과한 이재용… ‘고용보험制 소신’ 이재갑,/news/news_read.nhn?article_id=0002427083&office_id=021&mode=search&query=삼성전자&page=4,문화일보,“경영권 물려주지 않겠다” 이재용 삼성전자 부회장 이재용 삼성전자 부회장이 지난 6일 서울 서초구 삼성전자 사옥에서 기자회견을 열고 경영권 승계...,2020-05-08 11:01
"코스피, 외국인·기관 동반 매수에 1950선 상회..시총상위株↑",/news/news_read.nhn?article_id=0004635733&office_id=018&mode=search&query=삼성전자&page=4,이데일리,삼성전자를 비롯한 시가총액 상위 종목이 대부분이 오르면서 지수를 견인중이다. 8일 마켓포인트에 따르면 오전 11시12분 현재 코스피 지수는 전 거래일...,2020-05-08 11:15
"거버넌스포럼 삼성 대국민 사과문, 진정성 없어",/news/news_read.nhn?article_id=0004635747&office_id=018&mode=search&query=삼성전자&page=4,이데일리,사단법인 한국기업거버넌스포럼(이하 ‘포럼’)은 지난 6일 이재용 삼성전자(005930) 부회장의 대국민 사과문에 대한 논평을 발표했다. 포럼 측...,2020-05-08 11:27
"""3점차 승부""…'황금알' 방사광가속기 '청주' 품에 안겼다(종합)",/news/news_read.nhn?article_id=0004626817&office_id=421&mode=search&query=삼성전자&page=4,뉴스1,"인근 천안, 평택, 아산 등에는 삼성전자의 대규모 반도체 공장과 SK하이닉스연구소, 삼성전자반도체연구소, LG화학 기술연구원 등이 있어 '산업 ...",2020-05-08 11:41
"막판 향하는 '삼성합병 의혹' 수사…검찰, 장충기 재소환",/news/news_read.nhn?article_id=0009852152&office_id=003&mode=search&query=삼성전자&page=4,뉴시스,"조만간 이재용 삼성전자 부회장이 소환될 거란 전망이 나오는 가운데, 검찰은 '윗선' 수사에 속도를 내는 모습이다. 8일 법조계에 따르면 서울중앙...",2020-05-08 11:42
"삼성, 세계에서 가장 비싼 ICT기업 6위…아시아권에선 1위",/news/news_read.nhn?article_id=0004336973&office_id=015&mode=search&query=삼성전자&page=4,한국경제,삼성전자가 전 세계 전자정보통신기술(ICT) 기업 중에서 6번째로 높은 브랜드 가치를 가진 것으로 조사됐다. 아시아 국가 기업 중에서는 가장 높...,2020-05-08 11:43
"‘한방 노린’ 개미들, 아찔한 줄타기",/news/news_read.nhn?article_id=0001671082&office_id=016&mode=search&query=삼성전자&page=4,헤럴드경제,"한국 1위 기업 삼성전자보다 더 많은 돈이 쏠렸다. 3위는 소위 곱버스(레버리지 인버스)인 ‘KODEX 200선물인버스2X’다. 8위도 인버스 ETF, 10위도 원유 ET...",2020-05-08 11:46
"코스피·코스닥, 1%대 상승…외인·기관 동반 ‘사자’",/news/news_read.nhn?article_id=0000211014&office_id=374&mode=search&query=삼성전자&page=4,SBS CNBC,삼성전자와 SK하이닉스 등 시가총액 상위 종목들은 물론 대다수 업종이 오르고 있습니다. [앵커] 오늘 환율 움직임은 어떻습니까? [기자] 서울 ...,2020-05-08 11:49
[TF시황] 외인·기관 매수에 코스피 1%대 '상승',/news/news_read.nhn?article_id=0000025103&office_id=629&mode=search&query=삼성전자&page=3,더팩트,"우량주인 삼성전자(+0.92%), SK하이닉스(+3.40%), 삼성바이오로직스(+4.41%)는 상승폭을 키우고 있다. 현재까지 업종은 운송인프라...",2020-05-08 11:58
'언택트 주도' 네이버·카카오 신고가 행진,/news/news_read.nhn?article_id=0009852283&office_id=003&mode=search&query=삼성전자&page=3,뉴시스,네이버는 시가총액 35조5630억원으로 삼성전자 우선주를 밀어내고 4위로 올라섰다. 지난 해에만 해도 10위권 밖이었던 네이버는 3위인 삼성바이...,2020-05-08 12:17
정용진 신세계그룹 부회장 ‘플라워 버킷 챌린지’ 동참,/news/news_read.nhn?article_id=0002999097&office_id=025&mode=search&query=삼성전자&page=3,중앙일보,재계 인사가 참여한 릴레이는 정 부회장에 앞서 고동진 삼성전자 IM부문대표-황각규 롯데지주 부회장-권영수 LG그룹 부회장과 안병덕 코오롱그룹 부...,2020-05-08 12:30
삼성 준법위 사과 의미있어 vs 시민단체 감형 전략일 뿐,/news/news_read.nhn?article_id=0010832020&office_id=056&mode=search&query=삼성전자&page=3,KBS,"이재용 삼성전자 부회장의 대국민 사과에 대해 사과를 권고했던 삼성 준법감시위원회는 ""의미있었다""는 평가를 내렸습니다. 진정성이 의심된다는 외부의...",2020-05-08 12:36
제조업 1분기 국내공급 2% 증가… 소비재는 사상 최대 감소,/news/news_read.nhn?article_id=0000520538&office_id=366&mode=search&query=삼성전자&page=3,조선비즈,"하지만 지난해 4분기 부터 삼성전자 등 반도체 기업들이 설비투자에 나서면서, 자본재 공급이 오랜만에 상승세를 보이는 상황이다. 삼성전자는 올해 1분기...",2020-05-08 12:59
"""새로운 시대가 열렸다. 위기 속 기회를 찾아라""",/news/news_read.nhn?article_id=0000013561&office_id=586&mode=search&query=삼성전자&page=3,시사저널,"김 교수는 과거 삼성전자가 일본의 소니를 제친 사례를 들면서 ""빨리 하면 혁신이고 늦게 하면 비용""이라면서 ""기존의 방식이 아니라 새로운 방식으...",2020-05-08 13:00
[오후시황]외인·기관 동반 매수에 국내 증시 1%대 강세,/news/news_read.nhn?article_id=0003734438&office_id=011&mode=search&query=삼성전자&page=3,서울경제,"삼성전자(0.51%), SK하이닉스(3.03%), 삼성바이오로직스(5.11%), 셀트리온(3.69%) 등이 상승세다. 네이버는 전거래일 대비 보...",2020-05-08 13:32
반올림 법 어기지 않겠다는 이재용은 처벌 달게 받으라,/news/news_read.nhn?article_id=0010832035&office_id=056&mode=search&query=삼성전자&page=3,KBS,"이재용 삼성전자 부회장의 대국민 사과에 대해 반도체 백혈병 피해자 지원 단체인 반올림이 성명을 내고 정면으로 비판했습니다. 반올림은 성명에서 ""...",2020-05-08 13:37
[슬기로운 가전생활] 60만대 규모로 커진 '필수가전' 의류관리기,/news/news_read.nhn?article_id=0000537407&office_id=031&mode=search&query=삼성전자&page=3,아이뉴스24,LG전자와 삼성전자에 이어 코웨이까지 의류관리기 시장을 놓고 총성없는 전쟁을 치르고 있다. 코로나19로 위생이 강조되면서 의류관리기에 대한 관심...,2020-05-08 14:01
[펀드줌인]'소부장 기업' 집중 투자...코로나 이후 반등 노리는 필승코리아,/news/news_read.nhn?article_id=0003734457&office_id=011&mode=search&query=삼성전자&page=3,서울경제,"이런 목표에 따라 편입한 자산(3월2일 기준)을 보면 삼성전자(25.21%), SK하이닉스(4.97%) 등을 비롯해 덕산네오룩스(3.29%), ...",2020-05-08 14:09
"[공시+]코아시아, 110억원 규모 교환사채 발행…시스템반도체 파운드리 사업 가...",/news/news_read.nhn?article_id=0004674627&office_id=277&mode=search&query=삼성전자&page=3,아시아경제,코아시아는 지난달 7일 삼성전자 파운드리 사업부의 SAFE DSP(디자인 솔루션 파트너)로 등록됐다. 자체 보유한 시스템온칩(SoC) 설계 능력과 7나노(nm) 공정 디자...,2020-05-08 14:22
"코아시아, 110억 교환사채 발행..""시스템반도체 파운드리 가속화""",/news/news_read.nhn?article_id=0004421095&office_id=014&mode=search&query=삼성전자&page=3,파이낸셜뉴스,코아시아는 지난달 7일 삼성전자 파운드리 사업부의 SAFE DSP(디자인 솔루션 파트너)로 등록됐다. 자체 보유한 시스템온칩(SoC) 설계 능력...,2020-05-08 14:27
내수 부진에…소비재 공급 2.5% 감소,/news/news_read.nhn?article_id=0004571116&office_id=009&mode=search&query=삼성전자&page=3,매일경제,이는 지난해 말부터 삼성전자를 비롯한 반도체 기업이 설비투자를 다시 늘린 영향이 컸다. 반도체 기업들이 과잉 공급 우려로 설비투자를 줄였던 2017~2018년에는 이......,2020-05-08 14:29
[동학개미 분석] 스마트머니? 진화하는 투자 행태,/news/news_read.nhn?article_id=0009852562&office_id=003&mode=search&query=삼성전자&page=3,뉴시스,포털사이트 네이버의 카페 게시글 검색에 따르면 지난 2월부터 전날까지 삼성전자 종목을 장기투자하는 것에 관련한 게시글이 1785건이 검색됐다. ...,2020-05-08 14:39
이재용 '형량 낮추기 쇼'에 폭죽 터뜨린 보수신문,/news/news_read.nhn?article_id=0000102517&office_id=006&mode=search&query=삼성전자&page=3,미디어오늘,2020년 이재용 삼성전자 부회장은 경영에서 물러나지 않았다. 경영권은 자신이 계속 갖되 자식에게 물려주지 않겠다고 했다. 아버지처럼 구체성 없...,2020-05-08 14:39
삼성전자 인도 노이다 공장 생산 재개...일부 인원만 출근 부분 재가동,/news/news_read.nhn?article_id=0009852571&office_id=003&mode=search&query=삼성전자&page=3,뉴시스,"코로나19의 여파로 문을 닫았던 삼성전자 인도 노이다 스마트폰 공장이 8일 재가동에 들어갔다. 이날 현지 언론에 따르면, 삼성 노이다 공장에는 ...",2020-05-08 14:42
"코아시아, 110억원 규모 EB 발행…""시스템반도체 파운드리 사업 가속화""",/news/news_read.nhn?article_id=0004571142&office_id=009&mode=search&query=삼성전자&page=3,매일경제,앞서 코아시아는 지난달 7일 삼성전자 파운드리 사업부의 SAFE DSP(디자인 솔루션 파트너)로 등록됐다. 자체 보유한 시스템온칩(SoC) 설계...,2020-05-08 14:45
"'언택트 효과' 네이버·카카오, 사상 최고가… 시총도 '껑충'",/news/news_read.nhn?article_id=0000540056&office_id=417&mode=search&query=삼성전자&page=3,머니S,네이버는 시가총액 35조5630억원으로 삼성전자 우선주를 밀어내고 4위로 올라섰다. 카카오의 시가총액은 18조1540억원으로 30위에서 무려 1...,2020-05-08 14:47
[슬기로운 가전생활] 건조기 살균 전쟁…삼성 '에어살균+' vs LG '트루스팀',/news/news_read.nhn?article_id=0000537425&office_id=031&mode=search&query=삼성전자&page=3,아이뉴스24,"삼성전자는 바람을, LG전자는 스팀을 이용한 살균을 강조하며 마케팅을 펼치고 있다. 삼성전자는 '그랑데 AI 건조기' TV 광고에 ""스팀이 필요...",2020-05-08 15:01
"온라인 강의 시대, 최강 패키지 ‘야, 나두 플렉스 했어! 기획전’ 실시",/news/news_read.nhn?article_id=0004337121&office_id=015&mode=search&query=삼성전자&page=3,한국경제,"삼성전자 신제품 ‘갤럭시 북 플렉스 알파’와 영어회화 브랜드 '야나두'가 결합한 특별 패키지 '야, 나두 플렉스 했어! 기획전’이 11일부터 진...",2020-05-08 15:05
셧다운 됐던 '최대 규모' 삼성 인도 스마트폰 공장 재가동,/news/news_read.nhn?article_id=0004337134&office_id=015&mode=search&query=삼성전자&page=2,한국경제,인도 정부의 신종 코로나바이러스 감염증(코로나19) 대응 방침에 따라 '셧다운'(일시 폐쇄) 됐던 삼성전자 노이다 스마트폰 공장이 재가동을 시작...,2020-05-08 15:21
삼성전자도 美·中 정부도 굽신 ‘슈퍼 을’ ASML,/news/news_read.nhn?article_id=0000065339&office_id=024&mode=search&query=삼성전자&page=2,매경이코노미,"반도체 업계에서 ‘갑’은 삼성전자와 SK하이닉스, 미국 인텔 등 반도체를 직접 생산하는 기업이다. 하지만 업계에서 드물게 ‘슈퍼 을’로 불리는 ...",2020-05-08 15:23
신반포15차 따낸 삼성물산…5년 만에 ‘래미안의 귀환’,/news/news_read.nhn?article_id=0000065342&office_id=024&mode=search&query=삼성전자&page=2,매경이코노미,"삼성전자 IoT(사물인터넷) 플랫폼 ‘스마트싱스’를 비롯해 삼성SDS, 삼성웰스토리, 에스원 등 계열사 역량을 총동원하고, 래미안 최초로 커뮤니...",2020-05-08 15:24
[코스피 마감]외국인·기관 '쌍끌이' 매수에 상승..1945선 상회,/news/news_read.nhn?article_id=0004635924&office_id=018&mode=search&query=삼성전자&page=2,이데일리,시가총액 상위 종목 가운데 삼성전자(005930)는 보합세로 마감했고 SK하이닉스(000660) 삼성바이오로직스(207940) 셀트리온(068270) LG생활건강(0519...,2020-05-08 15:41
[fn마감시황] 돌아온 외인·기관에 코스피 1940선 회복,/news/news_read.nhn?article_id=0004421185&office_id=014&mode=search&query=삼성전자&page=2,파이낸셜뉴스,"시가총액 상위종목 중에서는 삼성전자가 보합세를 보였고 삼성바이오로직스(3.70%), 셀트리온(3.19%), SK하이닉스(3.16%) 현대차(2.05%) 등이 올랐다. 네이...",2020-05-08 15:43
"삼성전자 인도 노이다 공장, 부분 재가동 돌입",/news/news_read.nhn?article_id=0000540111&office_id=417&mode=search&query=삼성전자&page=2,머니S,신종 코로나바이러스 감염증(코로나19) 확산여파로 가동이 중단됐던 삼성전자 인도 노이다 스마트폰공장이 생산을 재개했다. 8일 현지 언론 등에 따...,2020-05-08 15:45
코로나에 1분기 소비재 공급 2.5%↓...통계작성 이래 최대폭 감소,/news/news_read.nhn?article_id=0004421194&office_id=014&mode=search&query=삼성전자&page=2,파이낸셜뉴스,지난해 4·4분기부터 반도체 경기 턴어라운드로 삼성전자와 SK하이닉스가 설비투자에 나오면서 장비 수주가 늘었다. 컨테이너선은 2018년 말 해운...,2020-05-08 15:51
"[마감시황] 코스피, 외인·기관 쌍끌이…1940 회복",/news/news_read.nhn?article_id=0000537437&office_id=031&mode=search&query=삼성전자&page=2,아이뉴스24,"삼성전자(0.00%), NAVER(-0.70%), LG화학(-0.42%)를 제외하고 SK하이닉스 3.16%, 삼성바이오로직스 3.70%, 삼성전자우 0.12%, 셀트리온 ...",2020-05-08 15:53
"[마감시황]코스피, 기관·외국인 순매수에 1940선 회복",/news/news_read.nhn?article_id=0009852826&office_id=003&mode=search&query=삼성전자&page=2,뉴시스,"대장주 삼성전자는 전 거래일과 같은 4만8800원에 보합 마감했다. SK하이닉스(3.16%), 삼성바이오로직스(3.70%), 셀트리온(3.19%...",2020-05-08 15:55
[슬기로운 가전생활] 年 400만대 공기청정기시장…틈새 노린다,/news/news_read.nhn?article_id=0000537443&office_id=031&mode=search&query=삼성전자&page=2,아이뉴스24,삼성전자와 LG전자는 물론 중견 가전업체들도 잇따라 관련 제품을 내놓고 있다. 지난 2016년 위닉스가 첫 제품을 내놓은 이후 시장이 꾸준히 커...,2020-05-08 16:00
"[마감] 코스피, 돌아온 외국인·기관에 상승 마감… 1940선 상회",/news/news_read.nhn?article_id=0000540135&office_id=417&mode=search&query=삼성전자&page=2,머니S,SK하이닉스(3.16%) 삼성바이오로직스(3.70%) 삼성전자우(0.12%) 셀트리온(3.19%) LG생활건강(1.28%) 현대차(2.05%) ...,2020-05-08 16:02
[TF시황] 외인·기관 매수에 코스피 1940선 '탈환',/news/news_read.nhn?article_id=0000025143&office_id=629&mode=search&query=삼성전자&page=2,더팩트,"삼성전자는 보합세로 마친 가운데 SK하이닉스(+3.16%), 삼성바이오로직스(+3.70%), 삼성전자우(+0.12%), 셀트리온(+3.19%),...",2020-05-08 16:05
[시황종합]'미중 대화재개 기대' 코스피 1940선…코스닥 2.1%↑,/news/news_read.nhn?article_id=0004627557&office_id=421&mode=search&query=삼성전자&page=2,뉴스1,"삼성전자는 보합 마감했다. 전날 뉴욕 증시에서 3대 지수는 일제히 상승했다. 미국의 경제재개 기대감으로 다우(0.89%), 나스닥(1.41%),...",2020-05-08 16:05
"코스피, 외인·기관 매수에 상승…1,940선 돌파(종합)",/news/news_read.nhn?article_id=0011596626&office_id=001&mode=search&query=삼성전자&page=2,연합뉴스,"삼성전자는 보합 마감했다. 업종별로는 의약품(3.10%), 운송장비(2.56%), 섬유·의복(1.69%), 보험(1.44%), 제조(1.09%)...",2020-05-08 16:08
"코스피, 기관·외인 매수에 1940선 회복…코스닥 680선 탈환",/news/news_read.nhn?article_id=0002223434&office_id=123&mode=search&query=삼성전자&page=2,조세일보,시가총액 1위인 삼성전자의 주가는 전날과 같은 4만8800원에 거래를 마쳤다. 코스닥 시장은 3일 연속 1~2% 대 상승세를 보이며 훈풍이 불었...,2020-05-08 16:13
엔씨디지텍 삼성노트북 갤럭시북 이온 11번가 십일절 타임특가 프로모션 진행,/news/news_read.nhn?article_id=0002596939&office_id=029&mode=search&query=삼성전자&page=2,디지털타임스,삼성전자 공식파트너사 엔씨디지텍은 삼성노트북 갤럭시북 이온 NT930XCR-A58A를 대상으로 5월11일 00시부터 오전12시까지 12시간 동안...,2020-05-08 16:20
코로나19가 바꾼 시총…제조업 지고 '언택트' 떴다,/news/news_read.nhn?article_id=0000537450&office_id=031&mode=search&query=삼성전자&page=2,아이뉴스24,8일 한국거래소에 따르면 네이버는 연일 강세를 이어가면서 시가총액 35조1천523억원으로 삼성전자 우선주를 제치고 코스피 내 시총 4위로 올라섰...,2020-05-08 16:21
"속끓는 ‘곱버스’ ETF 투자자… ""변동성 커지면 수익률 더 하락""",/news/news_read.nhn?article_id=0000520709&office_id=366&mode=search&query=삼성전자&page=2,조선비즈,"전날 ‘KODEX 200선물인버스2X ETF’의 순매수 규모는 237억원으로 삼성전자(005930), LG화학(051910)등에 이어 개인 순매...",2020-05-08 16:23
코스피 1940선 마감…외국인·기관 쌍끌이 매수,/news/news_read.nhn?article_id=0002400517&office_id=119&mode=search&query=삼성전자&page=2,데일리안,"삼성전자는 보합 마감했다. 업종별로는 의약품(3.10%), 운송장비(2.56%), 섬유·의복(1.69%), 제조(1.09%) 등 대부분 강세였다...",2020-05-08 16:24
"물류 자회사 만든다는 포스코…해운업계 ""운임 깎을 것"" 반발",/news/news_read.nhn?article_id=0002999153&office_id=025&mode=search&query=삼성전자&page=2,중앙일보,"현대차그룹의 현대글로비스, 삼성의 삼성전자로지텍, LG의 판토스처럼 물류 업무를 총괄하는 자회사를 만들어 비용을 절감하겠다는 것이다. 현재 포스...",2020-05-08 16:34
‘가성비 폰 대전’ 열렸다...선택약정 유리,/news/news_read.nhn?article_id=0003088924&office_id=081&mode=search&query=삼성전자&page=1,서울신문,"최근 삼성전자와 LG전자, 애플 등 주요 제조업체들이 일제희 중저가 모델을 출시하고 이동통신사들은 공시지원금과 각종 할인 혜택을 발표하며 이 기...",2020-05-08 16:46
삼성전자 인도 노이다 공장 생산 재개…일부 인원만 출근,/news/news_read.nhn?article_id=0002999161&office_id=025&mode=search&query=삼성전자&page=1,중앙일보,신종 코로나바이러스 감염증(코로나19) 여파로 문을 닫았던 삼성전자 인도 노이다 스마트폰 공장이 8일 재가동에 들어갔다. 이날 현지 언론에 따르...,2020-05-08 16:56
"[TF매매동향] 외인, 'SK하이닉스' 사고 '삼성전자' 팔았다",/news/news_read.nhn?article_id=0000025151&office_id=629&mode=search&query=삼성전자&page=1,더팩트,SK하이닉스 1181억 원 '매수'·삼성전자 1086억 원 '매도' 8일 매수포지션으로 전환한 외국인투자자의 물량유입에 코스피가 1940선을 회...,2020-05-08 17:20
"""빨리 돈 벌려다 빨리 망한다…단기 고수익 좇는 투자 위험""",/news/news_read.nhn?article_id=0004337229&office_id=015&mode=search&query=삼성전자&page=1,한국경제,"존 리 대표는 “삼성전자를 5만원에 사서 5만5000원에 팔려고 하지 말고 50만원, 500만원이 될 날을 기다리며 주식을 모으는 게 중요하다”...",2020-05-08 17:23
올여름 더 덥다는데…'에어컨 AS 대란' 우려,/news/news_read.nhn?article_id=0004337230&office_id=015&mode=search&query=삼성전자&page=1,한국경제,삼성전자서비스 LG전자 등 가전 서비스업체는 이 같은 예보에 전전긍긍하고 있다. 올해 코로나19 여파로 에어컨 AS 대기 기간은 길어질 전망이다. 삼성전자서비스...,2020-05-08 17:23
"믿었던 서버수요마저 주춤···""올 반도체 시장 앞이 안보인다""",/news/news_read.nhn?article_id=0003734622&office_id=011&mode=search&query=삼성전자&page=1,서울경제,올해 PC용 D램 가격의 ‘V자 반등’을 기대했던 삼성전자(005930)와 SK하이닉스(000660) 입장에서는 좋지 않은 신호다. 언택트 경제...,2020-05-08 17:27
"""부동산 신화는 남의 얘기""…2030 개미군단 '겁없는 베팅'",/news/news_read.nhn?article_id=0004337233&office_id=015&mode=search&query=삼성전자&page=1,한국경제,이들은 삼성전자 주식을 사서 묻어두기보단 원유 지수 등을 추종하는 상장지수펀드(ETF)·상장지수증권(ETN) 스캘핑(초단타매매)을 즐긴다. 증시...,2020-05-08 17:27
제조업 1분기 국내공급 2% 늘었지만 소비재 사상최대 감소,/news/news_read.nhn?article_id=0004421276&office_id=014&mode=search&query=삼성전자&page=1,파이낸셜뉴스,지난해 4·4분기부터 반도체 경기 턴어라운드로 삼성전자와 SK하이닉스가 설비투자에 나서면서 장비 수주가 늘었다. 컨테이너선은 2018년 말 해운...,2020-05-08 17:36
고정가 > 현물가...심상찮은 D램,/news/news_read.nhn?article_id=0003734634&office_id=011&mode=search&query=삼성전자&page=1,서울경제,삼성전자(005930)와 SK하이닉스(000660) 등 주요 D램 제조사들이 D램 현물가격 추이에 관심을 기울일 수밖에 없는 이유다. 이주완 포...,2020-05-08 17:38
"삼성전자 위기대응 성공 비결은?…FT ""속도와 다변화""",/news/news_read.nhn?article_id=0004636034&office_id=018&mode=search&query=삼성전자&page=1,이데일리,코로나19로 세계공급망이 멈춰섰지만 삼성전자는 신속한 대응으로 위기를 벗어났다고 영국 파이낸셜타임스(FT)가 보도했다. 과거 사스(SARS·중증...,2020-05-08 17:47
"코로나 여파에 소비심리 ‘뚝’, 1분기 소비재 공급 폭락",/news/news_read.nhn?article_id=0000646550&office_id=088&mode=search&query=삼성전자&page=1,매일신문,삼성전자와 SK하이닉스가 설비투자에 나오면서 장비 수주가 늘었고 2018년 연말 국내 해운업체의 대규모 발주영향으로 분석된다. 덕분에 제조업 전...,2020-05-08 17:56
"08일, 외국인 거래소에서 삼성전자(0.00%), LG화학(-0.42%) 등 순매...",/news/news_read.nhn?article_id=0004337310&office_id=015&mode=search&query=삼성전자&page=1,한국경제,"외국인 투자자는 08일 거래소에서 삼성전자, LG화학, 한국전력 등을 중점적으로 매도한 것으로 나타났다. 외국인 투자자의 순매도 상위 20개 종...",2020-05-08 18:37
"08일, 거래소 기관 순매수상위에 전기,전자 업종 5종목",/news/news_read.nhn?article_id=0004337309&office_id=015&mode=search&query=삼성전자&page=1,한국경제,"기관 투자자는 08일 거래소에서 SK하이닉스, 삼성전자, KODEX 코스닥150 레버리지 등을 중점적으로 사들인 것으로 나타났다. 기관 투자자의...",2020-05-08 18:37
"08일, 기관 거래소에서 KODEX 200선물인버스2X(-1.85%), 카카오(0...",/news/news_read.nhn?article_id=0004337311&office_id=015&mode=search&query=삼성전자&page=1,한국경제,"기관 투자자의 순매도 상위 20개 종목은 KODEX 200선물인버스2X, 카카오, KODEX 코스닥150선물인버스, 신세계, NAVER, CJ제...",2020-05-08 18:37
[노컷브이]‘엄근진’ 이재용 부회장에게 찾아온 퇴근시간,/news/news_read.nhn?article_id=0003357780&office_id=079&mode=search&query=삼성전자&page=1,노컷뉴스,미국의 경제 전문지 포브스(Forbes)가 발표한 2020년 세계 억만장자 2095명 가운데 330위에 이름을 올린 삼성전자 이재용 부회장은 어...,2020-05-08 18:40
"포스코, 연내 물류자회사 설립한다… ""효율성 제고 목적""",/news/news_read.nhn?article_id=0000520749&office_id=366&mode=search&query=삼성전자&page=1,조선비즈,"총연합회에 따르면 LG(판토스), 현대(현대글로비스), 삼성(삼성전자로지텍) 등 국내 주요 대기업들은 물류비 절감을 위해 물류 자회사를 운영하고...",2020-05-08 18:48
"오너경영 체제 버린 이재용…재계, 삼성발 유탄에 ‘난감’",/news/news_read.nhn?article_id=0000211059&office_id=374&mode=search&query=삼성전자&page=1,SBS CNBC,이재용 삼성전자 부회장의 4세 경영 포기 선언으로 앞으로 삼성그룹 경영권에 큰 변화가 예상됩니다. 삼성이 가져올 기업문화 변화에 재계 전반에 걸...,2020-05-08 19:08
팀원 아바타 순식간에 뚝딱…낚시와 스키점프를 한번에 두시간 후딱,/news/news_read.nhn?article_id=0003285088&office_id=020&mode=search&query=삼성전자&page=1,동아일보,삼성전자 갤럭시폰에 접목된 기능 ‘AR 이모지’처럼 내 얼굴을 본 딴 아바타를 만들기 위해서다. 제페토와 유사한 아바타 SNS는 많았지만 실제 ...,2020-05-08 20:39
"갤럭시S20 카메라 제조사 엠씨넥스, 1분기 매출 47%↑",/news/news_read.nhn?article_id=0004405918&office_id=008&mode=search&query=삼성전자&page=1,머니투데이,주요 고객사인 삼성전자가 갤럭시 S20을 출시하면서 모바일 카메라 모듈 수주 규모가 크게 늘었다. 제조 효율성도 높아지면서 당기순이익도 큰 폭으...,2020-05-08 20:41
삼성전자 미활용 기술 621건 중소기업에 무상 이전한다,/news/news_read.nhn?article_id=0004627976&office_id=421&mode=search&query=삼성전자&page=1,뉴스1,삼성전자가 보유하고 있지만 활용하지 않은 기술 621건을 중소·중견기업에 무료로 나눠준다. 한국산업기술진흥원(KIAT)은 삼성전자의 미활용 기술...,2020-05-08 22:29
