title,url,press,summary,date
"'고개숙인 이재용'에도 삼성전자 5만원선 하회, 왜?",/news/news_read.nhn?article_id=0000025393&office_id=629&mode=search&query=삼성전자&page=13,더팩트,외국인 매도세·법적 리스크에 주가상승 '미지근' 삼성전자 주가가 최근 이재용 삼성전자 부회장의 대국민 사과와 코스피 1950선 회복 등 대내외적...,2020-05-12 00:01
"5대그룹 임원들, 재난지원금 기부한다",/news/news_read.nhn?article_id=0004338626&office_id=015&mode=search&query=삼성전자&page=13,한국경제,삼성전자 관계자는 “각 계열사 사장단과 임원들이 자발적으로 동참을 결정했다”고 강조했다. 5대 그룹을 시작으로 다른 대기업 임원들의 기부 동참도 이어질 것으로...,2020-05-12 01:22
삼성전자 갤럭시A21s 예상 스펙 유출...엑시노스 850 탑재,/news/news_read.nhn?article_id=0009856786&office_id=003&mode=search&query=삼성전자&page=13,뉴시스,삼성전자가 2분기 중 출시할 새로운 보급형 스마트폰 '갤럭시 A21s' 주요 사양이 온라인에 유출됐다. 최근 갤럭시 A21s의 프로모션 비디오가...,2020-05-12 03:00
"완성차 업체가 경증환자라면, 부품업체는 생명 위태 중증환자",/news/news_read.nhn?article_id=0003285453&office_id=020&mode=search&query=삼성전자&page=13,동아일보,삼성전자는 최근 1분기(1∼3월) 실적발표 콘퍼런스콜에서 반도체 시장 전망에 대해 “코로나19 사태 추이와 이에 따른 데이터센터 업체들의 계획 ...,2020-05-12 03:01
軍도 기업도 ‘이태원 클럽 방문자 자진신고’ 권유나서,/news/news_read.nhn?article_id=0003285445&office_id=020&mode=search&query=삼성전자&page=13,동아일보,"장병 49명 ‘유흥시설 방문’ 알려와 삼성전자, 모바일 문진항목에 포함 LG전자-현대차도 출근자제 요청 전남-강원 원어민교사도 이태원에 서울 용산구 이태원 클럽을...",2020-05-12 03:01
"트럼프, 반도체 美생산 확대 추진",/news/news_read.nhn?article_id=0003285545&office_id=020&mode=search&query=삼성전자&page=13,동아일보,"트럼프 행정부는 인텔 등 미국 반도체 회사들의 신규 공장을 설립하는 것 외에 한국 삼성전자, 시스템반도체를 주력으로 생산하는 대만 TSMC 등의 공장을 미국으로...",2020-05-12 03:03
"삼성전자, 이번엔 진단키트 스마트공장 지원",/news/news_read.nhn?article_id=0003285555&office_id=020&mode=search&query=삼성전자&page=13,동아일보,"위해 삼성전자가 ‘멘토’로 투입된다. 중소벤처기업부는 중소기업중앙회, 삼성전자 스마트공장지원센터와 함께 솔젠트, SD바이오센서, 코젠바이오텍, 씨젠 등 국내...",2020-05-12 03:04
관제기부 시작? 삼성 등 5대그룹 임원 재난지원금 기부,/news/news_read.nhn?article_id=0003530285&office_id=023&mode=search&query=삼성전자&page=13,조선일보,"특히 이재용 삼성전자 부회장의 재판과 수사 등 여러 가지 문제에서 정부 눈치를 볼 수밖에 없는 삼성그룹에서 ""5대 그룹 임원들이 솔선수범하는 모...",2020-05-12 03:06
"무역적자 4월 한달간 1兆였는데, 이달 들어 열흘만에 3兆 넘어서",/news/news_read.nhn?article_id=0003530362&office_id=023&mode=search&query=삼성전자&page=13,조선일보,"삼성전자 측은 ""2분기까지는 버티겠지만, 3분기 이후는 불확실성이 너무 커 전망조차 어렵다""고 했다. 지난달 반 토막 났던 석유 제품은 이달엔 ...",2020-05-12 03:38
"삼성전자가 또 나선다, 진단키트 생산도 지원",/news/news_read.nhn?article_id=0003530366&office_id=023&mode=search&query=삼성전자&page=13,조선일보,이번에도 삼성전자가 나섰다. 중기부는 마스크 품귀 현상이 심각하던 지난 2~3월 삼성전자와 함께 상생형 스마트공장 보급 사업을 통해 마스크 제조 업체에 신규 설비...,2020-05-12 03:47
"삼성, 이번엔 진단키트 ‘속성 과외’",/news/news_read.nhn?article_id=0001320179&office_id=005&mode=search&query=삼성전자&page=12,국민일보,삼성전자가 방역용 마스크에 이어 코로나19 진단키트 생산량 증가를 위한 ‘과외선생’을 자처했다. 중소벤처기업부는 삼성전자와 함께 코로나19 진단...,2020-05-12 04:09
"딱 1명 조사만 남은 ‘삼바 수사’…검찰, 이재용 부회장 이르면 이번 주 소환",/news/news_read.nhn?article_id=0002400943&office_id=119&mode=search&query=삼성전자&page=12,데일리안,삼성물산과 제일모직의 합병 의혹을 수사하고 있는 검찰이 이르면 이번 주 내로 이재용 삼성전자 부회장을 소환 조사할 것으로 보인다. 법조계에 따르...,2020-05-12 05:00
실외기 하나로 에어컨 3대 설치… 삼성 ‘무풍 멀티’ 최대 100㎡ 냉방,/news/news_read.nhn?article_id=0003089587&office_id=081&mode=search&query=삼성전자&page=12,서울신문,삼성전자는 실외기 1대로 최다 3대의 에어컨을 설치할 수 있는 ‘무풍에어컨 멀티’ 제품군에 무풍에어컨 갤러리와 벽걸이 와이드를 추가한다고 11일...,2020-05-12 05:09
코로나에 미·일 자급화 조짐까지…위기의 반도체,/news/news_read.nhn?article_id=0000428062&office_id=422&mode=search&query=삼성전자&page=12,연합뉴스TV,"[기자] 1분기에 양호한 실적을 거뒀던 삼성전자와 SK하이닉스 등 반도체 업체들의 앞날에 먹구름이 끼기 시작했습니다. 우선, 시장조사업체 IDC...",2020-05-12 05:32
"삼성전자 ""세상엔 다양한 블루가 있지만 삼성의 블루는 신뢰""",/news/news_read.nhn?article_id=0009856841&office_id=003&mode=search&query=삼성전자&page=12,뉴시스,"12일 삼성전자에 따르면, 올해 삼성전자를 대표하는 컬러 역시 ‘블루’다. ◇삼성에게 블루란, ‘정체성이자 영감의 원천’ 삼성에게도 블루 컬러는...",2020-05-12 06:00
[동학개미 분석] '와타나베 부인' 나오나,/news/news_read.nhn?article_id=0009856833&office_id=003&mode=search&query=삼성전자&page=12,뉴시스,먼저 국내 투자자들은 코로나19로 주식시장이 급락했을 때 삼성전자 등 우량한 주식을 매집했다. 우량주를 매집한 투자자들은 저점에서 투자했을 경우...,2020-05-12 06:00
뿌리산업은 뿌리를 팔지 않는다 (상),/news/news_read.nhn?article_id=0004572814&office_id=009&mode=search&query=삼성전자&page=12,매일경제,"삼성전자, SK하이닉스, LG전자, 현대차, 현대중공업 같은 대기업들은 이런 생산기술을 직접 사용해 제조하기도 하지만 많은 공정과 부품 생산은 ...",2020-05-12 06:02
코로나로 우뚝 선 '언택트 마케팅'…어디까지 진화할까?,/news/news_read.nhn?article_id=0003358618&office_id=079&mode=search&query=삼성전자&page=12,노컷뉴스,"삼성전자도 갤럭시 S20의 제품 홍보를 '선생님을 위한 온라인 강의 제작 방법'을 영상으로 만들어 온라인에 띄웠다. 'LG벨벳'의 경우, 디자인...",2020-05-12 06:07
[알돈金] 개미의 희망 ‘삼성전자’에 몰빵하는 펀드... 얼마나 벌었나?,/news/news_read.nhn?article_id=0000541026&office_id=417&mode=search&query=삼성전자&page=12,머니S,- ⑤ 신한BNP파리바자산운용 삼성전자알파혼합형펀드 신한BNP파리바자산운용의 삼성전자알파혼합형펀드(채권혼합형)는 개미(개인투자자)들의 희망으로...,2020-05-12 06:10
"기업들 ""이태원發 코로나 피해 막아야"" 다시 '초긴장'",/news/news_read.nhn?article_id=0009856854&office_id=003&mode=search&query=삼성전자&page=12,뉴시스,"삼성전자는 이미 지난주 진행된 모바일 문진을 통해 이태원 방문 여부 체크했으며, 클럽 방문뿐 아니라 해당 기간 이태원 일대를 방문한 직원들도 자...",2020-05-12 06:38
‘빅3’는 옛말...‘빅2’가 좌우하는 생활가전시장,/news/news_read.nhn?article_id=0003735710&office_id=011&mode=search&query=삼성전자&page=12,서울경제,삼성전자(005930)는 북미 생활가전 시장에서 지난해 점유율 1위를 차지한데다 ‘비스포크’ 등 맞춤형 가전제품으로 점유율을 높이고 있지만 아직...,2020-05-12 07:01
"전경련, 주한EU대사에 ""통화스왑 체결 적극 검토해야"" 당부",/news/news_read.nhn?article_id=0009856872&office_id=003&mode=search&query=삼성전자&page=12,뉴시스,"업종단체 대표와 GS건설, 삼양바이오팜, 삼성전자, 현대자동차, SK이노베이션 등 주요 기업 및 회원사 20여명이 참석해 유럽내 현안 등을 건의...",2020-05-12 07:30
"전경련, 한-EU 통화스왑 체결·기업인 패스트트랙 주한EU대사에 건의",/news/news_read.nhn?article_id=0004631998&office_id=421&mode=search&query=삼성전자&page=12,뉴스1,"부회장 등 주요 업종단체 대표와 GS건설, 삼양바이오팜, 삼성전자, 현대자동차, SK이노베이션 등 주요 기업 및 회원사 20여 명이 참석해 유럽...",2020-05-12 07:30
"전경련 ""한-EU 기업인 출입국제한 완화·통화스와프 필요""",/news/news_read.nhn?article_id=0011601844&office_id=001&mode=search&query=삼성전자&page=12,연합뉴스,"해외건설협회 회장, 이민철 한국철강협회 부회장 등 주요 업종단체 대표, GS건설, 삼양바이오팜, 삼성전자, 현대차, SK이노베이션 등 주요 기업...",2020-05-12 07:30
"라이터러 EU대사 ""무역·투자 확대 위한 FTA 개정 필요""",/news/news_read.nhn?article_id=0004676133&office_id=277&mode=search&query=삼성전자&page=12,아시아경제,"부회장 등 주요 업종단체 대표와 GS건설, 삼양바이오팜, 삼성전자, 현대자동차, SK이노베이션 등 주요 기업 및 회원사 20여명이 참석해 유럽내...",2020-05-12 07:30
"전경련, 주한EU대사에 ‘한-EU 통화스왑 체결’ 등 건의",/news/news_read.nhn?article_id=0000537762&office_id=031&mode=search&query=삼성전자&page=12,아이뉴스24,"회장, 이민철 한국철강협회 부회장 등 주요 업종단체 대표와 GS건설, 삼양바이오팜, 삼성전자, 현대자동차, SK이노베이션 등 주요 기업 및 회원...",2020-05-12 07:31
"전경련, 주한EU대사 초청 기업인 조찬간담회 개최",/news/news_read.nhn?article_id=0004637774&office_id=018&mode=search&query=삼성전자&page=12,이데일리,"한편 이날 조찬간담회에는 GS건설(006360)과 삼양바이오팜, 삼성전자(005930), 현대자동차(005380), SK이노베이션(096770)...",2020-05-12 07:31
[굿모닝 증시]최근 중소형주 선전은 IT 중심의 특정 섹터 성과에 기인한 현상,/news/news_read.nhn?article_id=0004676136&office_id=277&mode=search&query=삼성전자&page=12,아시아경제,이는 곧 삼성전자의 문제이기도 하다. 연초 이후 코스피보다 삼성전자가 더 부진한 성과를 보이고 있다. 관건은 삼성전자의 내년도 강한 실적 성장에...,2020-05-12 07:32
"檢, ‘승계 의혹’ 이재용 부회장 이르면 이번주 내 소환",/news/news_read.nhn?article_id=0000211220&office_id=374&mode=search&query=삼성전자&page=12,SBS CNBC,삼성의 경영권 승계 의혹과 관련해 조사를 받아온 이재용 삼성전자 부회장이 이르면 이번 주 안에 검찰에 소환될 예정입니다. 서울중앙지검 경제범죄형...,2020-05-12 07:38
[빅데이터MSI]12일 오전 주식시장 심리 7단계 '매우 좋음',/news/news_read.nhn?article_id=0009856891&office_id=003&mode=search&query=삼성전자&page=12,뉴시스,"대장주 삼성전자의 MSI 레벨은 6단계로 집계됐다. 시가총액 상위 종목 중 SK하이닉스는 3단계, LG화학은 2단계, 현대차는 1단계, 셀트리온...",2020-05-12 08:12
"車 -80% 석유제품 -76%…""C쇼크 본격화, 엄살 아니다""",/news/news_read.nhn?article_id=0004407155&office_id=008&mode=search&query=삼성전자&page=11,머니투데이,삼성전자와 SK하이닉스의 1분기 실적은 나쁘지 않았다. 하지만 4월부터 상황이 급변하며 미국과 EU의 경기부진이 심해졌다. 반도체 수출도 4월이...,2020-05-12 08:46
"불발됐던 '7조원 딜', 미래에셋-안방보험 소송전으로 확산",/news/news_read.nhn?article_id=0000025420&office_id=629&mode=search&query=삼성전자&page=11,더팩트,퀸 엠마뉴엘은 삼성전자와 애플간 국제분쟁에서 삼성 측을 대리했던 미국 소송전문 로펌이다. 미래에셋운용은 지난해 9월 안방보험 소유 미국호텔 15...,2020-05-12 08:47
[기고]'휴먼 하이패스' 시대를 기다리며...,/news/news_read.nhn?article_id=0002882070&office_id=030&mode=search&query=삼성전자&page=11,전자신문,삼성전자는 2014년 스마트폰 갤럭시 S5 시리즈에서 처음으로 지문인식 기능을 탑재했다. 애플도 2015년 지문인식 솔루션 어센텍을 인수해 아이...,2020-05-12 09:02
"코스피, 2000선 쉬이 못 뚫는다…성장株 강세장은 이어져",/news/news_read.nhn?article_id=0004637871&office_id=018&mode=search&query=삼성전자&page=11,이데일리,김 센터장은 “경기선행지수의 재반락과 앞서 논의한 GDP 레벨의 감속 성장으로 매크로 측면에서의 증익 드라이버는 약해졌고 반도체 역시 삼성전자의...,2020-05-12 09:06
"코스피, 코로나19 재확산 우려에 약보합 출발",/news/news_read.nhn?article_id=0004572895&office_id=009&mode=search&query=삼성전자&page=11,매일경제,"삼성전자, SK하이닉스, LG화학, LG생활건강, 현대차, 삼성SDI 등이 줄줄이 떨어지고 있다. 이날 유가증권시장에서는 357개 종목이 상승하고 있고 392개 종목이 하...",2020-05-12 09:14
"코로나 재발 우려..코스피, 1930선서 보합권 등락",/news/news_read.nhn?article_id=0004637880&office_id=018&mode=search&query=삼성전자&page=11,이데일리,"삼성전자(005930), SK하이닉스(000660), 삼성바이오로직스(207940) 등 시가총액 상위 1~3위 종목은 일제히 하락하고 있다. LG화학(051910)은 1%...",2020-05-12 09:14
"[개장] 코로나19 재확산 조짐, 코스피 주춤… 1930선 등락",/news/news_read.nhn?article_id=0000541119&office_id=417&mode=search&query=삼성전자&page=11,머니S,"반면 삼성전자, SK하이닉스, 삼성전자우, LG화학, LG생활건강, 현대차, 삼성SDI는 모두 0.5~1% 내외에서 하락세로 시작했다. 코스닥 ...",2020-05-12 09:17
2연타 '완판' 삼성 폴더블…이달께 '갤폴드2' 양산 본격 돌입,/news/news_read.nhn?article_id=0000537788&office_id=031&mode=search&query=삼성전자&page=11,아이뉴스24,삼성전자가 무주공산인 폴더블(Foldable) 스마트폰 시장을 장악하면서 2연타 완판을 갈아치우며 하반기 선보일 폴더블2 양산에 본격적인 담금질...,2020-05-12 09:18
주식 할 때 ‘그래프’ 보지 마세요… 잘 알고 관심 있는 기업이 정답,/news/news_read.nhn?article_id=0000053608&office_id=050&mode=search&query=삼성전자&page=11,한경비즈니스,일어나야죠” -“삼성전자 수익률 낮다고 부실주에 손대는 건 위험한 선택” -“부동산 정책에 맞서지 마라…무주택자는 ‘청약’ 눈여겨봐야” -“이번...,2020-05-12 09:23
삼성전자 수익률 낮다고 부실주에 손대는 건 위험한 선택,/news/news_read.nhn?article_id=0000053611&office_id=050&mode=search&query=삼성전자&page=11,한경비즈니스,다만 삼성전자 등의 초우량주의 수익률이 높지 않다고 해서 부실주에 투자하는 것은 위험한 선택이 될 수 있습니다. 장기적 관점에서 가치 투자를 해...,2020-05-12 09:24
‘시스템 자산’을 만들어라… 부자의 기준은 ‘돈의 양’이 아닌 ‘돈의 흐름’,/news/news_read.nhn?article_id=0000053609&office_id=050&mode=search&query=삼성전자&page=11,한경비즈니스,너도나도 삼성전자를 사들였는데 저는 앞뒤가 맞지 않는 행동이라고 봤습니다. 코스피지수가 1400까지 내려간 것은 10년 만의 일이 맞아요. 코스...,2020-05-12 09:24
부동산 정책에 맞서지 마라…무주택자는 ‘청약’ 눈여겨봐야,/news/news_read.nhn?article_id=0000053612&office_id=050&mode=search&query=삼성전자&page=11,한경비즈니스,일어나야죠” -“삼성전자 수익률 낮다고 부실주에 손대는 건 위험한 선택” -“부동산 정책에 맞서지 마라…무주택자는 ‘청약’ 눈여겨봐야” -“이번...,2020-05-12 09:25
이번엔 다르다 지금 개미들은 ‘투자 열공’ 중,/news/news_read.nhn?article_id=0000053613&office_id=050&mode=search&query=삼성전자&page=11,한경비즈니스,일어나야죠” -“삼성전자 수익률 낮다고 부실주에 손대는 건 위험한 선택” -“부동산 정책에 맞서지 마라…무주택자는 ‘청약’ 눈여겨봐야” -“이번...,2020-05-12 09:25
[TF시황] 외인·기관 매도에 코스피·코스닥 '혼조',/news/news_read.nhn?article_id=0000025425&office_id=629&mode=search&query=삼성전자&page=11,더팩트,이런가운데 코스피 대장주인 삼성전자(-0.93%)와 SK하이닉스(-0.95%)는 나란히 장 초반 하락세를 나타내고 있다. 한편 전일 뉴욕증시는 ...,2020-05-12 09:25
서유럽 스마트폰 3대 중 1대는 삼성전자,/news/news_read.nhn?article_id=0000537797&office_id=031&mode=search&query=삼성전자&page=11,아이뉴스24,삼성전자가 2020년 1분기 서유럽 스마트폰 시장에서 3분의 1이 넘는 점유율로 1위를 차지한 것으로 나타났다. 11일(현지시간) 샘모바일은 시...,2020-05-12 09:29
"[개장시황] 코스피, 코로나19 재확산 우려감…이틀째 하락",/news/news_read.nhn?article_id=0000537798&office_id=031&mode=search&query=삼성전자&page=11,아이뉴스24,"삼성전자 –0.93%, SK하이닉스 –0.83%, 삼성전자우 –0.84%, LG화학 –1.59%의 하락률을 보이고 있다. 코스닥지수는 전 거래일보다 2.18포인트(0.36...",2020-05-12 09:29
"""이제 집으로 갑니다"" 삼성 의료진 영덕 생활치료센터 두 달간의 기록",/news/news_read.nhn?article_id=0009857058&office_id=003&mode=search&query=삼성전자&page=11,뉴시스,삼성전자가 지난 3월부터 삼성인력개발원 영덕연수원에 마련된 생활치료센터 종료에 맞춰 의료진과 운영진의 숨은 이야기를 담은 영상을 '삼성전자 뉴스...,2020-05-12 09:30
"코스피, 상승 출발후 하락…장중 1,930선 내줘(종합)",/news/news_read.nhn?article_id=0011602080&office_id=001&mode=search&query=삼성전자&page=11,연합뉴스,"시가총액 상위 종목은 LG화학(-2.02%), 삼성SDI(-1.57%), 삼성물산(-1.46%), 현대차(-1.17%), 삼성전자(-0.83%)...",2020-05-12 09:35
"삼성 영덕연수원, 225명 코로나 완치…지난달 '임무 종료'",/news/news_read.nhn?article_id=0004632237&office_id=421&mode=search&query=삼성전자&page=11,뉴스1,12일 삼성전자는 공식 뉴스룸을 통해 '이제 집으로 갑니다: 영덕 생활치료센터 두달간의 기록'이란 제목의 영상을 게재했다. 이는 지난 3월부터 ...,2020-05-12 09:37
"""자발적이라고는 하는데""…5대그룹 재난지원금 기부 동참해야 할 듯",/news/news_read.nhn?article_id=0004632242&office_id=421&mode=search&query=삼성전자&page=11,뉴스1,특히 이재용 삼성전자 부회장이 뇌물공여와 횡령 등 혐의 재판과 분식회계 및 경영권 부정승계 의혹으로 수사를 받고 있어 정부의 눈치를 살필 수밖에...,2020-05-12 09:39
"정지선 현대백화점그룹 회장, 대치동 신사옥에서 대도약 노린다",/news/news_read.nhn?article_id=0000053628&office_id=050&mode=search&query=삼성전자&page=10,한경비즈니스,"안옥희 기자 ahnoh05@hankyung.com I 사진 한국경제신문 [위클리 이슈 : 인물 기사 인덱스] -이재용 삼성전자 부회장, “4세 ...",2020-05-12 09:40
"표문수 SK텔레콤 전 사장, 사내 교육 플랫폼 ‘마이써니’ 총장으로 SK 복귀",/news/news_read.nhn?article_id=0000053629&office_id=050&mode=search&query=삼성전자&page=10,한경비즈니스,"안옥희 기자 ahnoh05@hankyung.com I 사진 한국경제신문 [위클리 이슈 : 인물 기사 인덱스] -이재용 삼성전자 부회장, “4세 ...",2020-05-12 09:41
"최태원 SK 회장, 코로나19로 지친 국민에 용기 불어넣길 스포츠단 화상 격려",/news/news_read.nhn?article_id=0000053631&office_id=050&mode=search&query=삼성전자&page=10,한경비즈니스,"안옥희 기자 ahnoh05@hankyung.com I 사진 한국경제신문 [위클리 이슈 : 인물 기사 인덱스] -이재용 삼성전자 부회장, “4세 ...",2020-05-12 09:42
"디미트리스 실라키스 벤츠코리아 사장, 5년 임기 마치고 한국 떠난다",/news/news_read.nhn?article_id=0000053633&office_id=050&mode=search&query=삼성전자&page=10,한경비즈니스,"안옥희 기자 ahnoh05@hankyung.com I 사진 한국경제신문 [위클리 이슈 : 인물 기사 인덱스] -이재용 삼성전자 부회장, “4세 ...",2020-05-12 09:42
"안동일 현대제철 사장, 회사 주식 3000주 매입…책임 경영 강화",/news/news_read.nhn?article_id=0000053632&office_id=050&mode=search&query=삼성전자&page=10,한경비즈니스,"안옥희 기자 ahnoh05@hankyung.com I 사진 한국경제신문 [위클리 이슈 : 인물 기사 인덱스] -이재용 삼성전자 부회장, “4세 ...",2020-05-12 09:42
"윤새봄 웅진그룹 전무, 신설 법인 ‘놀이의 발견’ 이끈다",/news/news_read.nhn?article_id=0000053630&office_id=050&mode=search&query=삼성전자&page=10,한경비즈니스,"안옥희 기자 ahnoh05@hankyung.com I 사진 한국경제신문 [위클리 이슈 : 인물 기사 인덱스] -이재용 삼성전자 부회장, “4세 ...",2020-05-12 09:42
"양주일 NHN벅스 대표, NHN여행박사 신임 대표이사로 선임",/news/news_read.nhn?article_id=0000053634&office_id=050&mode=search&query=삼성전자&page=10,한경비즈니스,"안옥희 기자 ahnoh05@hankyung.com I 사진 한국경제신문 [위클리 이슈 : 인물 기사 인덱스] -이재용 삼성전자 부회장, “4세 ...",2020-05-12 09:43
"이재용 삼성전자 부회장, 4세 경영 없다…무노조 경영도 직접 사과",/news/news_read.nhn?article_id=0000053635&office_id=050&mode=search&query=삼성전자&page=10,한경비즈니스,이재용 삼성전자 부회장이 서울 서초구 삼성전자 서초사옥 다목적홀에서 5월 6일 대국민 사과 기자 회견을 열고 “자녀에게 경영권을 물려주지 않겠다...,2020-05-12 09:43
"'이태원 쇼크' 코스피, 이틀째 하락…코로나 재유행 우려",/news/news_read.nhn?article_id=0004338770&office_id=015&mode=search&query=삼성전자&page=10,한국경제,삼성전자(1.14%) SK하이닉스(0.95%) LG화학(2.16%) 현대차(1.92%) 등이 내리고 있다. 네이버(1.40%) 셀트리온(2.38...,2020-05-12 09:57
"""한-EU 통화스왑·기업인 패스트트랙 필요""…EU대사에 건의 전달(종합)",/news/news_read.nhn?article_id=0004632366&office_id=421&mode=search&query=삼성전자&page=10,뉴스1,"GS건설, 삼양바이오팜, 삼성전자, 현대자동차, SK이노베이션 등 주요 기업 및 회원사 20여 명이 참석해 예정 종료시간을 20분정도 넘기면서 ...",2020-05-12 10:10
"[fn오전시황]코스피, 外人·기관 매도에 1%대 하락...1900선 횡보",/news/news_read.nhn?article_id=0004422814&office_id=014&mode=search&query=삼성전자&page=10,파이낸셜뉴스,"삼성전자, SK하이닉스는 각각 1.24%, 1.18% 하락하고 있고, LG화학, LG생활건강, 현대차, 삼성SDI, 삼성물산도 약세를 나타내고 있다. 반면 삼성바이오로직스...",2020-05-12 10:12
코스피 1910선 깨져…오전 10시 1.44% 하락,/news/news_read.nhn?article_id=0002223551&office_id=123&mode=search&query=삼성전자&page=10,조세일보,"시가총액 1, 2위인 삼성전자와 SK하이닉스도 1% 넘게 하락하고 있다. 삼성전자는 전 거래일보다 750원(1.55%) 내린 4만7650원에 거...",2020-05-12 10:13
"코스피, 봉쇄조치 해제 기대감 약화에 장중 1%대 하락",/news/news_read.nhn?article_id=0004637985&office_id=018&mode=search&query=삼성전자&page=10,이데일리,"삼성전자(005930), SK하이닉스(000660)가 1%대 하락하고 LG화학(051910), 현대차(005380), 삼성SDI(006400), 삼성물산(028260)이 ...",2020-05-12 10:15
삼성전자 주가만 왜 안오르냐고 묻는 분들에게,/news/news_read.nhn?article_id=0002269217&office_id=047&mode=search&query=삼성전자&page=10,오마이뉴스,"삼성전자 주식은 왜 안올라요? 최근 투자에 관한 글을 쓰다보면 가장 많이 듣는 질문이다. 한국 사람들이 가장 많이 산 주식 1위가 삼성전자이니,...",2020-05-12 10:31
"이미지스테크놀로지, 임윤교 신임 대표이사 취임",/news/news_read.nhn?article_id=0004632453&office_id=421&mode=search&query=삼성전자&page=10,뉴스1,"㈜이미지스테크놀로지는 햅틱 Driver IC, MST(Magnetic Stripe Transmission) IC, 터치스크린 IC 등 스마트폰에 특화된 반도체를 삼성전자 ...",2020-05-12 10:39
"삼성폰, 애플에 치이고 샤오미에 쫓긴다!",/news/news_read.nhn?article_id=0001672224&office_id=016&mode=search&query=삼성전자&page=10,헤럴드경제,"올해 삼성전자 스마트폰이 처한 상황이다. ‘텃밭’ 유럽과 중동에서 마저 고가의 프리미엄폰 시장에선 애플에 밀리고, 중저가폰 시장에선 샤오미에 점...",2020-05-12 10:48
< 최준선의 Deep Read >국내선 ‘경영권 세습’ 비판… 글로벌선 ‘오너기업...,/news/news_read.nhn?article_id=0002427432&office_id=021&mode=search&query=삼성전자&page=10,문화일보,이 회장이 1988년 삼성전자 메모리 반도체(D램) 개발 방식 결정에서 웨이퍼 표면에 층층이 IC칩을 쌓아 올리는 ‘스택(stack)공법’을 채...,2020-05-12 10:51
"이미지스테크놀로지, 11일 임윤교 신임대표이사 취임식 진행",/news/news_read.nhn?article_id=0003008531&office_id=032&mode=search&query=삼성전자&page=10,경향신문,"이미지스테크놀로지는 햅틱 Driver IC, MST IC, 터치스크린 IC 등 스마트폰에 특화된 반도체를 삼성전자 및 주요 스마트폰 제조사에 OEM방식으로 납품하는 페브레...",2020-05-12 10:53
"이미지스테크놀로지, 중국 영업 전문가 임윤교 신임대표이사 취임",/news/news_read.nhn?article_id=0004573044&office_id=009&mode=search&query=삼성전자&page=10,매일경제,"한편 (주)이미지스테크놀로지는 햅틱 Driver IC, MST(Magnetic Stripe Transmission) IC, 터치스크린 IC 등 스마트폰에 특화된 반도체를 ...",2020-05-12 11:01
"삼성전자, 코로나19 생활치료센터 두 달간의 기록 공개",/news/news_read.nhn?article_id=0011602534&office_id=001&mode=search&query=삼성전자&page=10,연합뉴스,삼성전자는 삼성인력개발원 영덕연수원 지원단의 이야기를 담은 영상을 12일 유튜브에 올렸다. 이 연수원은 3월 4일부터 코로나19 생활치료센터로 ...,2020-05-12 11:04
"퀸텟시스템즈·에이플랫폼, 빅데이터 기반 플랫폼 사업제휴 협약",/news/news_read.nhn?article_id=0000211249&office_id=374&mode=search&query=삼성전자&page=9,SBS CNBC,"이어 ""이미 삼성전자, 뱅크오브어메리카, 디즈니, 우버, 버라이즌과 아카마이 등의 다양한 고객사들이 실시간 데이터에 기반한 신규 비즈니스 창출과...",2020-05-12 11:16
"삼성전자 영덕연수원 치료센터 인력들 ""이제 집으로 갑니다""",/news/news_read.nhn?article_id=0003735929&office_id=011&mode=search&query=삼성전자&page=9,서울경제,삼성전자(005930)는 신종 코로나바이러스 감염증(코로나19) 치료센터로 제공됐던 경북 영덕 삼성연수원이 지난달 말 공식 운영을 마감했다고 1...,2020-05-12 11:19
"삼성전자, '코로나19 생활치료센터 두 달간의 기록' 공개",/news/news_read.nhn?article_id=0011602595&office_id=001&mode=search&query=삼성전자&page=9,연합뉴스,삼성전자가 경북 영덕군 삼성인력개발원 영덕연수원에서 헌신한 합동지원단의 이야기를 담은 영상을 12일 유튜브를 통해 공개한다고 밝혔다. 삼성인력개...,2020-05-12 11:21
"삼성전자, '코로나19 생활치료센터 두 달간의 기록' 공개",/news/news_read.nhn?article_id=0011602599&office_id=001&mode=search&query=삼성전자&page=9,연합뉴스,삼성전자가 경북 영덕군 삼성인력개발원 영덕연수원에서 헌신한 합동지원단의 이야기를 담은 영상을 12일 유튜브를 통해 공개한다고 밝혔다. 삼성인력개...,2020-05-12 11:22
"삼성 영덕연수원에서 225명 코로나 완치…""집으로 갑니다""",/news/news_read.nhn?article_id=0002999935&office_id=025&mode=search&query=삼성전자&page=9,중앙일보,"삼성전자는 12일 ""영덕 연수원이 지난 3월부터 58일간 코로나19 환자를 위한 생활치료센터로서의 활동을 마치고 운영을 마감했다""고 밝혔다. 삼...",2020-05-12 11:28
"두달만에 60% 급등…""바이오·진단키트 회사가 다 코스닥""",/news/news_read.nhn?article_id=0004407338&office_id=008&mode=search&query=삼성전자&page=9,머니투데이,코스닥 전체 1412종목의 시총은 252조1170억원으로 삼성전자의 보통주 시총(285조0575억원)보다도 작다. 그만큼 저가의 기업이 많다는 ...,2020-05-12 11:29
코로나 환자 254명 품은 삼성 연수원엔 영웅 180명 있었다,/news/news_read.nhn?article_id=0003530474&office_id=023&mode=search&query=삼성전자&page=9,조선일보,삼성전자는 지난 3월부터 삼성인력개발원 영덕연수원에 마련된 생활치료센터 종료에 맞춰 의료진과 운영진의 숨은 이야기를 담은 영상을 ‘삼성전자 뉴스...,2020-05-12 11:34
"검찰, '삼성합병 의혹' 김종중 전 미래전략실 사장 재소환",/news/news_read.nhn?article_id=0009857620&office_id=003&mode=search&query=삼성전자&page=9,뉴시스,"검찰이 이르면 이번주 이재용 삼성전자 부회장을 소환할 것이란 전망이 나오는 가운데, 삼성그룹의 전·현직 임원들을 연이어 소환하며 막판 '혐의 다...",2020-05-12 11:36
"유안타증권, 조기상환형 ELS 등 파생결합증권 4종 공모",/news/news_read.nhn?article_id=0001672375&office_id=016&mode=search&query=삼성전자&page=9,헤럴드경제,"코스피(KOSPI)200 지수, 삼성전자 보통주를 기초자산으로 하며 모든 기초자산이 최초기준가격의 90%(6개월, 12개월), 85%(18개월,...",2020-05-12 11:38
[TF시황] 외국인·기관 매도에 코스닥 하락 전환,/news/news_read.nhn?article_id=0000025447&office_id=629&mode=search&query=삼성전자&page=9,더팩트,"삼성전자(-1.45%), SK하이닉스(-0.83%)는 내림세인 반면 삼성바이오로직스(+0.68%)와 네이버(+1.63%)는 상승 중이다. 현재까...",2020-05-12 11:44
"시민단체 ""허울뿐인 이재용 사과…'불법 사찰' 피해 대책 없어""",/news/news_read.nhn?article_id=0011602701&office_id=001&mode=search&query=삼성전자&page=9,연합뉴스,"민주노총, 참여연대, 한국진보연대 등 20여개 단체로 구성된 '삼성의 불법사찰에 대한 시민사회 공동대응'은 12일 이재용 삼성전자 부회장의 대국...",2020-05-12 11:46
"엔씨디지텍, 삼성전자 노트북 신제품 갤럭시북 플렉스 알파 출시 및 정식 판매",/news/news_read.nhn?article_id=0000537873&office_id=031&mode=search&query=삼성전자&page=9,아이뉴스24,삼성전자 공식파트너 엔씨디지텍은 삼성노트북의 신제품인 ‘갤럭시북 플렉스 알파’를 5월 정식 판매 시작한다고 밝혔다. ‘갤럭시북 플렉스 알파’는 ...,2020-05-12 11:46
"[정오 시황] 코스피 1918.64, 하락세(▼16.76, -0.87%) 반전",/news/news_read.nhn?article_id=0003735958&office_id=011&mode=search&query=삼성전자&page=9,서울경제,"종목별로는 삼성전자가 1.55% 내린 4만 7650원에 거래되는 가운데, 국보(001140)(-9.07%), 하이트론(019490)(-8.91%...",2020-05-12 12:05
삼성·LG '포스트 코로나' 글로벌 TV 리턴매치…준비 착착,/news/news_read.nhn?article_id=0004338897&office_id=015&mode=search&query=삼성전자&page=9,한국경제,전체 시장점유율의 절반가량을 처지하며 TV 시장을 주도하고 있는 삼성전자와 LG전자가 올해 글로벌 무대에서 또 한 번 'TV 대전'을 벌인다. ...,2020-05-12 12:14
변동장에 '年 10% ELS' 봇물,/news/news_read.nhn?article_id=0004676549&office_id=277&mode=search&query=삼성전자&page=9,아시아경제,"최근 한 달간 발행이 많았던 기초자산을 보면 국내 종목 중에선 삼성전자, 해외종목 중에선 엔비디아, 애플, 넷플리스가 이름을 올렸다. 삼성전자를...",2020-05-12 12:30
'K-진단키트'에서 2014년 아모레퍼시픽이 보인다,/news/news_read.nhn?article_id=0004407386&office_id=008&mode=search&query=삼성전자&page=9,머니투데이,삼성전자에 올인했던 동학개미 입장에선 속이 쓰리는 이야기다. 이번 코스닥 반등이 예상보다 클 수 있었던 것은 코로나19(COVID-19) 진단업...,2020-05-12 13:08
유안타증권 파생결합증권 4종 200억원 규모로 공모,/news/news_read.nhn?article_id=0004573123&office_id=009&mode=search&query=삼성전자&page=9,매일경제,"KOSPI200 지수, 삼성전자 보통주를 기초자산으로 하며 모든 기초자산이 최초기준가격의 90%(6·12개월), 85%(18·24개월), 80%...",2020-05-12 13:13
"[오후시황]코스피 1,920선 혼조세...외인·기관 쌍끌이 매도",/news/news_read.nhn?article_id=0003735979&office_id=011&mode=search&query=삼성전자&page=9,서울경제,반면 삼성전자와 SK하이닉스는 각각 1.45%와 0.24% 하락세다.. 같은 시간 코스닥지수는 0.74%(2.24포인트) 내린 679.99를 기...,2020-05-12 13:26
방역복 입고 두 달간 사투…완치율 88.6% 180명의 영웅들,/news/news_read.nhn?article_id=0004407404&office_id=008&mode=search&query=삼성전자&page=9,머니투데이,삼성전자는 12일 자사 뉴스룸을 통해 김 교수 등 영덕 치료센터의 주인공 180명의 뒷이야기를 담은 '이제 집으로 갑니다: 영덕 생활치료센터 두...,2020-05-12 13:38
"포스코, 물류업무 통합한 계열사 설립…연내 출범 목표",/news/news_read.nhn?article_id=0000537890&office_id=031&mode=search&query=삼성전자&page=9,아이뉴스24,"현대차그룹의 현대글로비스, 삼성의 삼성전자로지텍, LG의 판토스 등이 대표적이다. 지난해 포스코그룹의 물동량은 약 1억6천만톤, 물류비는 약 3...",2020-05-12 13:47
"유안타증권, 조기상환형 ELS 등 파생결합증권 4종 공모",/news/news_read.nhn?article_id=0000870180&office_id=215&mode=search&query=삼성전자&page=8,한국경제TV,"KOSPI200 지수와 삼성전자 보통주를 기초자산으로 하며, 모든 기초자산이 최초 기준가격의 90%(6개월, 12개월), 85%(18개월, 24...",2020-05-12 13:56
"유안타증권, 조기상환형 ELS 등 파생결합증권 4종 출시",/news/news_read.nhn?article_id=0000537893&office_id=031&mode=search&query=삼성전자&page=8,아이뉴스24,"코스피200 지수, 삼성전자 보통주를 기초자산으로 모든 자산이 최초기준가의 90%(6개월, 12개월), 85%(18개월, 24개월), 80%(3...",2020-05-12 14:00
"유안타증권, 조기상환형 ELS 등 파생결합증권 4종 공모",/news/news_read.nhn?article_id=0000541338&office_id=417&mode=search&query=삼성전자&page=8,머니S,"코스피(KOSPI)200 지수, 삼성전자 보통주를 기초자산으로 하며 모든 기초자산이 최초기준가격의 90%(6개월, 12개월), 85%(18개월,...",2020-05-12 14:27
삼성이 판 TV 32%가 75인치이상…‘초대형’은 통했다,/news/news_read.nhn?article_id=0002427509&office_id=021&mode=search&query=삼성전자&page=8,문화일보,가운데 삼성전자의 75인치 이상 초대형 TV가 올해 1분기 국내 TV 매출의 30% 이상을 이끌며 주력 제품으로 떠올랐다. 최근 ‘워라밸(일과 ...,2020-05-12 14:31
애플의 저가 공습? 첫 5G폰인 '아이폰12' 79만원부터 판다,/news/news_read.nhn?article_id=0002999992&office_id=025&mode=search&query=삼성전자&page=8,중앙일보,삼성전자의 경우 올해 초 갤럭시S20의 최상급 모델인 '갤럭시S20 울트라'를 159만원에 출시했다. 최근에는 보급형 스마트폰인 A시리즈를 30...,2020-05-12 14:35
"""두 달간 225명 완치""…삼성전자, 생활치료센터 영상 공개",/news/news_read.nhn?article_id=0004573214&office_id=009&mode=search&query=삼성전자&page=8,매일경제,12일 삼성전자는 삼성인력개발원 영덕연수원 지원단의 이야기를 담은 영상을 유튜브에 게재했다. 영덕연수원은 3월 4일부터 코로나19 생활치료센터로...,2020-05-12 14:37
"파세코, 인버터 창문형 에어컨2 출시 한달 만에 1만대 판매 돌파",/news/news_read.nhn?article_id=0000537901&office_id=031&mode=search&query=삼성전자&page=8,아이뉴스24,해당 제품은 삼성전자의 인버터 컴프레서를 장착해 기존 제품의 단점으로 꼽히던 소음을 절반으로 줄였다. 취침모드 기준 44데시벨(db) 내외로 소...,2020-05-12 14:43
중국의 '반도체 굴기'에서 찾는 투자 기회,/news/news_read.nhn?article_id=0004339002&office_id=015&mode=search&query=삼성전자&page=8,한국경제,TSMC는 삼성전자와 함께 7㎚(나노미터: 1㎚=10억분의 1m) 반도체 생산을 할 수 있는 회사다. 최근 트럼프 행정부는 TSMC 등이 미국의...,2020-05-12 15:04
삼성 영덕생활치료센터 '57일간의 기록'..정부-민간 혼연일체 움직였다,/news/news_read.nhn?article_id=0004423104&office_id=014&mode=search&query=삼성전자&page=8,파이낸셜뉴스,12일 삼성전자에 따르면 지난 3월 4일부터 삼성인력개발원 영덕연수원에 마련된 영덕생활치료센터는 지난달 30일까지 57일간 총 254명의 경증 ...,2020-05-12 15:05
"유안타증권, 14일까지 조기상환형 ELS 등 4종 공모",/news/news_read.nhn?article_id=0002223587&office_id=123&mode=search&query=삼성전자&page=8,조세일보,"KOSPI200 지수, 삼성전자 보통주를 기초자산으로 하며, 모든 기초자산이 최초기준가격의 90%(6개월, 12개월), 85%(18개월, 24개...",2020-05-12 15:09
"""이제 집으로 갑니다"" 삼성 영덕연수원, 225명 코로나 완치",/news/news_read.nhn?article_id=0000537916&office_id=031&mode=search&query=삼성전자&page=8,아이뉴스24,코로나19 생활치료 시설을 지원했던 삼성전자가 마지막 환자까지 퇴소하면서 센터 운영을 종료했다. 삼성전자는 12일 지난 3월부터 삼성인력개발원 ...,2020-05-12 15:14
현대엔지니어링의 ‘현대 테라타워 영통’ 맞춤형 특화 설계로 지식산업센터에 새바람,/news/news_read.nhn?article_id=0004676732&office_id=277&mode=search&query=삼성전자&page=8,아시아경제,특히 사업지가 위치한 영통구 일대는 삼성전자 등 초우량기업과 다수의 협력업체가 위치해 비즈니스 최적지로 꼽히는 곳이다. 지하철 분당선 영통역 인...,2020-05-12 15:14
규제샌드박스 지원센터 출범,/news/news_read.nhn?article_id=0004423117&office_id=014&mode=search&query=삼성전자&page=8,파이낸셜뉴스,"규제샌드박스 지원센터 출범식이 12일 오후 서울 세종대로 대한상공회의소에서 열려 정세균 총리, 박용만 대한상의 회장, 이인용 삼성전자 사장 등 ...",2020-05-12 15:15
"삼성, 이태원 다녀온 직원 신고 권유…기업 코로나 방어 비상",/news/news_read.nhn?article_id=0011603518&office_id=001&mode=search&query=삼성전자&page=8,연합뉴스,"""유흥주점 뿐 아니라 일반시설 방문자도 대상""…검사·자가격리 속속 발생 삼성전자가 이태원 클럽발(發) 신종 코로나바이러스 감염증(코로나19) 집...",2020-05-12 15:15
[포토]규제샌드박스 민간접수기구 출범식,/news/news_read.nhn?article_id=0004676738&office_id=277&mode=search&query=삼성전자&page=8,아시아경제,"산업통상자원부 차관, 장석영 과학기술정보통신부 2차관, 정 총리, 박 회장, 이인용 삼성전자 사장, 공영운 현대차 사장, 김기웅 위쿡 대표, 이...",2020-05-12 15:22
"삼성전자, 이태원 방문 임직원 자진 신고 권유…코로나19 예방 차원",/news/news_read.nhn?article_id=0003008581&office_id=032&mode=search&query=삼성전자&page=8,경향신문,삼성전자가 코로나19 확진자가 늘고 있는 서울 이태원 일대를 방문한 임직원을 상대로 자진 신고를 받고 있다. 12일 전자업계에 따르면 삼성전자 ...,2020-05-12 15:23
[머니S포토] 규제샌드박스 지원센터 출범식,/news/news_read.nhn?article_id=0000541380&office_id=417&mode=search&query=삼성전자&page=8,머니S,"정세균 국무총리, 박용만 대한상의 회장, 이인용 삼성전자 사장 등을 비롯한 참석자들이 12일 오후 서울 세종대로 대한상공회의소에서 열린 규제샌드...",2020-05-12 15:24
[머니S포토] 규제샌드박스 민간접수기구 출범,/news/news_read.nhn?article_id=0000541382&office_id=417&mode=search&query=삼성전자&page=8,머니S,"정세균 국무총리, 박용만 대한상의 회장, 이인용 삼성전자 사장 등을 비롯한 참석자들이 12일 오후 서울 세종대로 대한상공회의소에서 열린 규제샌드...",2020-05-12 15:27
[사진]규제샌드박스 지원센터 출범,/news/news_read.nhn?article_id=0004407518&office_id=008&mode=search&query=삼성전자&page=8,머니투데이,"과학기술정보통신부 2차관, 정세균 국무총리, 박용만 대한상의 회장, 이인용 삼성전자 사장, 공영운 현대차 사장, 김기웅 위쿡 대표, 이석우 두나...",2020-05-12 15:29
"코로나19 극복 소임 다한 삼성 영덕생활치료센터 ""이제 집으로 갑시다""",/news/news_read.nhn?article_id=0002597593&office_id=029&mode=search&query=삼성전자&page=8,디지털타임스,"""이제 집으로 갑니다."" 삼성전자가 지난 3월부터 대구·경북지역 내 코로나19 감염자 치료를 위해 제공한 삼성인력개발원 영덕연수원이 지난달 말 ...",2020-05-12 15:30
"상반기 공채 시작됐지만 서류 합격자도 못 내는 대기업…회사·취준생 모두 ""답답""",/news/news_read.nhn?article_id=0002597592&office_id=029&mode=search&query=삼성전자&page=7,디지털타임스,"12일 업계에 따르면 삼성전자 계열과 SK그룹, 현대오일뱅크 등 지난달 상반기 공채일정을 시작한 주요 대기업들이 아직까지 서류전형 합격자를 발표...",2020-05-12 15:30
[사진]규제샌드박스 지원센터 출범식,/news/news_read.nhn?article_id=0004407523&office_id=008&mode=search&query=삼성전자&page=7,머니투데이,"차관, 장석영 과학기술정보통신부 2차관, 정세균 국무총리, 박용만 대한상의 회장, 이인용 삼성전자 사장, 공영운 현대차 사장, 김기웅 위쿡 대표...",2020-05-12 15:31
"삼성 ""이태원 다녀온 직원 신고해달라""…기업들 '긴장모드'",/news/news_read.nhn?article_id=0004339048&office_id=015&mode=search&query=삼성전자&page=7,한국경제,이태원 클럽발(發) 신종 코로나바이러스 감염증(코로나19)이 확산하는 가운데 삼성전자가 이태원을 다녀온 임직원들에게 자진 신고를 권유했다. 다른...,2020-05-12 15:31
"[사진]대한상의, 규제샌드박스 지원센터 출범",/news/news_read.nhn?article_id=0004407525&office_id=008&mode=search&query=삼성전자&page=7,머니투데이,"차관, 장석영 과학기술정보통신부 2차관, 정세균 국무총리, 박용만 대한상의 회장, 이인용 삼성전자 사장, 공영운 현대차 사장, 김기웅 위쿡 대표...",2020-05-12 15:31
[머니S포토] 출범하는 규제샌드박스 지원센터,/news/news_read.nhn?article_id=0000541389&office_id=417&mode=search&query=삼성전자&page=7,머니S,"과학기술정보통신부 2차관, 정세균 국무총리, 박용만 대한상의 회장, 이인용 삼성전자 사장, 공영운 현대차 사장, 김기웅 위쿡 대표, 이석우 두나...",2020-05-12 15:34
"[마감 시황] 외국인과 기관의 동반 매도세.. 코스피 1922.17(▼13.23,...",/news/news_read.nhn?article_id=0003736130&office_id=011&mode=search&query=삼성전자&page=7,서울경제,"종목별로는 삼성전자가 1.03% 내린 4만 7900원에 장을 마감한 가운데, 하이트론(019490)(-7.99%), 비상교육(100220)(-7...",2020-05-12 15:35
규제샌드박스 지원센터 출범식 '파이팅',/news/news_read.nhn?article_id=0004633574&office_id=421&mode=search&query=삼성전자&page=7,뉴스1,"과학기술정보통신부 2차관, 정세균 총리, 박용만 대한상의 회장, 이인용 삼성전자 사장, 공영운 현대차 사장, 김기웅 위쿡 대표, 이석우 두나무 ...",2020-05-12 15:36
규제샌드박스 지원센터 출범식,/news/news_read.nhn?article_id=0004633571&office_id=421&mode=search&query=삼성전자&page=7,뉴스1,"과학기술정보통신부 2차관, 정세균 총리, 박용만 대한상의 회장, 이인용 삼성전자 사장, 공영운 현대차 사장, 김기웅 위쿡 대표, 이석우 두나무 ...",2020-05-12 15:36
대한상공회의소 샌드박스 지원센터 출범,/news/news_read.nhn?article_id=0004633572&office_id=421&mode=search&query=삼성전자&page=7,뉴스1,"왼쪽부터 손병두 금융위원회 부위원장, 정승일 산업통상자원부 차관, 장석영 과학기술정보통신부 2차관, 정세균 총리, 박용만 대한상의 회장, 이인용...",2020-05-12 15:36
대한상공회의소 샌드박스 지원센터 출범,/news/news_read.nhn?article_id=0004633575&office_id=421&mode=search&query=삼성전자&page=7,뉴스1,"과학기술정보통신부 2차관, 정 총리, 박용만 대한상의 회장, 이인용 삼성전자 사장, 공영운 현대차 사장, 김기웅 위쿡 대표, 이석우 두나무 대표...",2020-05-12 15:36
[사진]대한상의 규제샌드박스 지원센터 출범,/news/news_read.nhn?article_id=0004407534&office_id=008&mode=search&query=삼성전자&page=7,머니투데이,"차관, 장석영 과학기술정보통신부 2차관, 정세균 국무총리, 박용만 대한상의 회장, 이인용 삼성전자 사장, 공영운 현대차 사장, 김기웅 위쿡 대표...",2020-05-12 15:36
이인용-공영운 사장과 대화 나누는 박용만 회장,/news/news_read.nhn?article_id=0004633580&office_id=421&mode=search&query=삼성전자&page=7,뉴스1,"박용만 대한상공회의소 회장이 12일 서울 중구 대한상공회의소에서 열린 규제샌드박스 지원센터 출범식에서 이인용 삼성전자 사장, 공영운 현대차 사장...",2020-05-12 15:37
[포토]규제샌드박스 민간접수기구 출범 기념촬영,/news/news_read.nhn?article_id=0004676768&office_id=277&mode=search&query=삼성전자&page=7,아시아경제,"산업통상자원부 차관, 장석영 과학기술정보통신부 2차관, 정 총리, 박 회장, 이인용 삼성전자 사장, 공영운 현대차 사장, 김기웅 위쿡 대표, 이...",2020-05-12 15:42
[포토]규제샌드박스 민간접수기구 출범 기념,/news/news_read.nhn?article_id=0004676769&office_id=277&mode=search&query=삼성전자&page=7,아시아경제,"산업통상자원부 차관, 장석영 과학기술정보통신부 2차관, 정 총리, 박 회장, 이인용 삼성전자 사장, 공영운 현대차 사장, 김기웅 위쿡 대표, 이...",2020-05-12 15:42
대한상공회의소 샌드박스 지원센터 출범,/news/news_read.nhn?article_id=0004633618&office_id=421&mode=search&query=삼성전자&page=7,뉴스1,"과학기술정보통신부 2차관, 정 총리, 박용만 대한상의 회장, 이인용 삼성전자 사장, 공영운 현대차 사장, 김기웅 위쿡 대표, 이석우 두나무 대표...",2020-05-12 15:45
"대한상의, 샌드박스 지원센터 출범",/news/news_read.nhn?article_id=0004633622&office_id=421&mode=search&query=삼성전자&page=7,뉴스1,"2차관, 정세균 국무총리, 박용만 대한상의 회장, 이인용 삼성전자 사장, 공영운 현대차 사장, 김기웅 위쿡 대표, 이석우 두나무 대표. 2020...",2020-05-12 15:45
[포토]규제샌드박스 지원센터 출범식,/news/news_read.nhn?article_id=0004676780&office_id=277&mode=search&query=삼성전자&page=7,아시아경제,"12일 서울 중구 대한상공회의소에서 열린 규제샌드박스 민간접수기구 출범식에 박용만 대한상의 회장(왼쪽)과 이인용 삼성전자 사장, 공영운 현대차 ...",2020-05-12 15:45
규제샌드박스 지원센터 출범식,/news/news_read.nhn?article_id=0004633620&office_id=421&mode=search&query=삼성전자&page=7,뉴스1,"2차관, 정세균 국무총리, 박용만 대한상의 회장, 이인용 삼성전자 사장, 공영운 현대차 사장, 김기웅 위쿡 대표, 이석우 두나무 대표. 2020...",2020-05-12 15:45
규제샌드박스 지원센터 출범식,/news/news_read.nhn?article_id=0004633621&office_id=421&mode=search&query=삼성전자&page=7,뉴스1,"과학기술정보통신부 2차관, 정세균 총리, 박용만 대한상의 회장, 이인용 삼성전자 사장, 공영운 현대차 사장, 김기웅 위쿡 대표, 이석우 두나무 ...",2020-05-12 15:45
"삼성·LG전자, 프리미엄 TV시장서 50인치 이하에 주목하는 이유는",/news/news_read.nhn?article_id=0000537928&office_id=031&mode=search&query=삼성전자&page=7,아이뉴스24,"삼성전자와 LG전자가 50인치대 미만의 프리미엄 TV에 주목하고 있다. 삼성전자는 QLED TV, LG전자는 OLED TV다. TV 시장이 뚜렷...",2020-05-12 15:46
규제샌드박스 지원센터 출범식,/news/news_read.nhn?article_id=0004633623&office_id=421&mode=search&query=삼성전자&page=6,뉴스1,"정세균 국무총리, 박용만 대한상의 회장, 이인용 삼성전자 사장, 공영운 현대차 사장, 김기웅 위쿡 대표, 이석우 두나무 대표, 변창환 콰라 대표...",2020-05-12 15:46
"[fn마감시황]코스피, 외인·기관 매도에 이틀째 하락...1920선 마감",/news/news_read.nhn?article_id=0004423159&office_id=014&mode=search&query=삼성전자&page=6,파이낸셜뉴스,"삼성전자는 전일대비 1.03%(500원) 하락한 4만7900원을 기록했다. LG화학, LG생활건강, 현대차, 삼성SDI, 삼성물산도 1~2%대 내렸다. 반면 SK하이닉스....",2020-05-12 15:47
"코스피, 코로나19 재확산 우려에 약세…1920선 마감",/news/news_read.nhn?article_id=0004573317&office_id=009&mode=search&query=삼성전자&page=6,매일경제,"시가총액 상위 종목들은 혼조세를 보였다.삼성전자, LG화학, LG생활건강, 현대차 등은 떨어졌고 SK하이닉스, 삼성바이오로직스, NAVER, 셀트리온 등은 올랐다. 이날....",2020-05-12 15:47
규제샌드박스 지원센터 출범식,/news/news_read.nhn?article_id=0003358988&office_id=079&mode=search&query=삼성전자&page=6,노컷뉴스,"차관, 장석영 과학기술정보통신부 2차관, 정세균 총리, 박용만 대한상의 회장, 이인용 삼성전자 사장, 공영운 현대차 사장, 김기웅 위쿡 대표, ...",2020-05-12 15:47
대한상의 샌드박스 지원센터 출범식 참석한 기업인들,/news/news_read.nhn?article_id=0003358989&office_id=079&mode=search&query=삼성전자&page=6,노컷뉴스,"12일 서울 중구 대한상공회의소에서 열린 '대한상의 샌드박스 지원센터 출범식' 간담회에 이경학 워프솔루션 대표(오른쪽부터), 공영운 현대차 사장...",2020-05-12 15:47
삼성전자-현대차 사장과 대화하는 대한상의 회장,/news/news_read.nhn?article_id=0003358993&office_id=079&mode=search&query=삼성전자&page=6,노컷뉴스,"박용만 대한상공회의소 회장(왼쪽)이 12일 서울 중구 대한상공회의소에서 열린 규제샌드박스 지원센터 출범식에서 이인용 삼성전자 사장, 공영운 현대...",2020-05-12 15:48
대한상공회의소 샌드박스 지원센터 출범,/news/news_read.nhn?article_id=0003358992&office_id=079&mode=search&query=삼성전자&page=6,노컷뉴스,"왼쪽부터 손병두 금융위원회 부위원장, 정승일 산업통상자원부 차관, 장석영 과학기술정보통신부 2차관, 정세균 총리, 박용만 대한상의 회장, 이인용...",2020-05-12 15:48
대한상공회의소 샌드박스 지원센터 출범,/news/news_read.nhn?article_id=0003358994&office_id=079&mode=search&query=삼성전자&page=6,노컷뉴스,"차관, 장석영 과학기술정보통신부 2차관, 정 총리, 박용만 대한상의 회장, 이인용 삼성전자 사장, 공영운 현대차 사장, 김기웅 위쿡 대표, 이석...",2020-05-12 15:48
"[마감시황]개인 홀로 6,000억원 순매수...1,920선 겨우 지킨 코스피",/news/news_read.nhn?article_id=0003736144&office_id=011&mode=search&query=삼성전자&page=6,서울경제,"삼성전자(-1.03%), LG화학(-2.45%), LG생활건강(-1.18%), 현대차(-1.92%) 등은 하락했다. 같은 시간 코스닥지수는 0....",2020-05-12 15:49
"[마감] 이태원발 코로나19에 외국인 위축, 코스피 상승길 막았다",/news/news_read.nhn?article_id=0000541409&office_id=417&mode=search&query=삼성전자&page=6,머니S,"삼성전자를 비롯한 삼성전자우, LG화학, LG생활건강, 현대차, 삼성SDI 등은 1% 초반대에서 2% 중반대까지 하락했다. 반면 SK하이닉스(1...",2020-05-12 15:50
[코스피 마감]코로나 재확산 경계감에 2거래일 연속 하락,/news/news_read.nhn?article_id=0004638334&office_id=018&mode=search&query=삼성전자&page=6,이데일리,삼성전자(005930)는 1%대 하락했으나 SK하이닉스(000660)와 삼성바이오로직스(207940)는 각각 1%대씩 상승했다. 네이버(0354...,2020-05-12 15:50
[포토]대한상공회의소에 규제 샌드박스 민간 창구 출범,/news/news_read.nhn?article_id=0000537933&office_id=031&mode=search&query=삼성전자&page=6,아이뉴스24,"규제 샌드박스 민간 접수기구 출범식이 12일 오후 서울 세종대로 대한상공회의소에서 열려 정세균 총리, 박용만 대한상의 회장, 이인용 삼성전자 사...",2020-05-12 15:52
[포토] 대한상의 규제샌드박스 지원센터 출범,/news/news_read.nhn?article_id=0002597606&office_id=029&mode=search&query=삼성전자&page=6,디지털타임스,"차관, 장석영 과학기술정보통신부 2차관, 정 총리, 박용만 대한상의 회장, 이인용 삼성전자 사장, 공영운 현대차 사장, 김기웅 위쿡 대표, 이석...",2020-05-12 15:54
"""미술작품 보러 갑니다"" 볼거리 따라가는 쇼핑몰 투어",/news/news_read.nhn?article_id=0004339066&office_id=015&mode=search&query=삼성전자&page=6,한국경제,"한샘을 비롯해 현대리바트, 시몬스침대, 까사미아, 에몬스가구, 삼성전자 등 국내 대표 홈퍼니싱, 리빙 업체들이 대거 입점했다. 리빙파워센터 정문...",2020-05-12 15:54
"[마감시황] 코스피, 미·중 무역갈등 우려에 이틀째 하락",/news/news_read.nhn?article_id=0000537936&office_id=031&mode=search&query=삼성전자&page=6,아이뉴스24,"SK하이닉스(1.42%), 삼성바이오로직스(1.02%), NAVER(2.33%), 셀트리온(0.24%)은 상승한 반면 삼성전자 –1.03%, 삼성전자우 –1.57%, LG...",2020-05-12 15:55
"삼성전자, 이태원 방문직원 가려낸다…""자진신고 권유""",/news/news_read.nhn?article_id=0004633704&office_id=421&mode=search&query=삼성전자&page=6,뉴스1,"국내 신종 코로나바이러스 감염증(코로나19)가 이른바 '이태원 쇼크'로 재차 급증 추세를 보이는 가운데, 삼성전자도 임직원들의 이태원 방문 여부...",2020-05-12 15:56
"[TF포토] 대한상공회의소, '샌드박스 지원센터 출범'",/news/news_read.nhn?article_id=0000025473&office_id=629&mode=search&query=삼성전자&page=6,더팩트,"이인용 삼성전자 사장, 공영운 현대차 사장, 김기웅 위쿡 대표, 이석우 두나무 대표(왼쪽부터)가 기념촬영을 하고있다. 지난4일 총리주재 국무회의...",2020-05-12 15:56
[사진]대한상의 샌드박스 지원센터 출범,/news/news_read.nhn?article_id=0004407556&office_id=008&mode=search&query=삼성전자&page=6,머니투데이,"차관, 장석영 과학기술정보통신부 2차관, 정세균 국무총리, 박용만 대한상의 회장, 이인용 삼성전자 사장, 공영운 현대차 사장, 김기웅 위쿡 대표...",2020-05-12 15:57
"삼성, 이태원 방문 직원 신고 권유…""관련 확진자는 없어""",/news/news_read.nhn?article_id=0004573324&office_id=009&mode=search&query=삼성전자&page=6,매일경제,삼성전자가 이태원 클럽발 코로나19 집단 감염이 발생하자 최근 이태원을 다녀온 임직원들에게 자진 신고를 권유했다. 12일 업계에 따르면 삼성전자...,2020-05-12 15:59
"""'코로나 위기'는 기업의 고차원 마케팅 기회이다""",/news/news_read.nhn?article_id=0003530553&office_id=023&mode=search&query=삼성전자&page=6,조선일보,올 2~3월 마스크 제조 중소기업들에 혁신 노하우를 전수해 생산량을 50% 이상 늘린 삼성전자가 이달부터 코로나 진단키트 생산 업체에 기술·공정...,2020-05-12 16:00
"정 총리 ""포스트 코로나 시대의 핵심과제는 규제혁신""",/news/news_read.nhn?article_id=0004676806&office_id=277&mode=search&query=삼성전자&page=5,아시아경제,"이날 간담회에는 박용만 대한상의 회장, 이인용 삼성전자 사장, 공영운 현대차 사장, 김기웅 위쿡 대표, 한정훈 홈스토리생활 대표, 이석우 두나무...",2020-05-12 16:00
"""문제점보다 미래가능성 보겠다""…대한상의 샌드박스 지원센터 출범",/news/news_read.nhn?article_id=0004633720&office_id=421&mode=search&query=삼성전자&page=5,뉴스1,"이인용 삼성전자 사장은 ""샌드박스를 위한 정부와 대한상의 노력에 감사드린다""며 ""더 많은 혁신제품과 서비스가 쏟아져 디지털경제로의 전환이 앞당겨...",2020-05-12 16:00
세계 첫 '민간 샌드박스' 한국서…대한상의 지원센터 출범,/news/news_read.nhn?article_id=0011603740&office_id=001&mode=search&query=삼성전자&page=5,연합뉴스,"이날 이인용 삼성전자 사장, 공영운 현대자동차 사장, 김기웅 위쿡 대표, 변창환 콰라소프트 대표, 이석우 두나무 대표 등 기업인들도 참석했다. ...",2020-05-12 16:00
"""벌써 대기번호 58번"" 대한상의, 세계 첫 민간 샌드박스 개소",/news/news_read.nhn?article_id=0002597613&office_id=029&mode=search&query=삼성전자&page=5,디지털타임스,"한편 이날 출범식에는 이인용 삼성전자 사장, 공영운 현대자동차 사장, 김기웅 위쿡 대표, 변창환 콰라소프트 대표, 이석우 두나무 대표 등 기업인...",2020-05-12 16:00
"대한상의 ""세계 첫 민간 샌드박스 지원센터 출범""",/news/news_read.nhn?article_id=0004676807&office_id=277&mode=search&query=삼성전자&page=5,아시아경제,이인용 삼성전자 사장은 “샌드박스를 위한 정부와 대한상의 노력에 감사드린다”며 “더 많은 혁신제품과 서비스가 쏟아져 디지털경제로의 전환이 앞당겨...,2020-05-12 16:00
"삼성도 나섰다…""이태원 갔으면 자진신고 하라""",/news/news_read.nhn?article_id=0000870236&office_id=215&mode=search&query=삼성전자&page=5,한국경제TV,이태원 클럽발 신종 코로나바이러스 감염증(코로나19)이 확산하는 가운데 삼성전자가 이태원을 다녀온 임직원들에게 자진 신고를 권유했다. 12일 업...,2020-05-12 16:00
"정총리 ""포스트 코로나 핵심은 규제혁신…기업 지원에 최선""",/news/news_read.nhn?article_id=0004633719&office_id=421&mode=search&query=삼성전자&page=5,뉴스1,"이날 행사에는 박용만 대한상의 회장을 비롯해 이인용 삼성전자 사장, 공영운 현대차 사장, 이석우 두나무 대표, 관계부처 차관 등이 참석했다. 규...",2020-05-12 16:00
"첫 민간 규제샌드박스 지원센터, 대한상의서 출발",/news/news_read.nhn?article_id=0004407560&office_id=008&mode=search&query=삼성전자&page=5,머니투데이,"출범식에는 박용만 대한상의 회장과 이인용 삼성전자 사장, 공영운 현대차 사장, 김기웅 위쿡 대표, 한정훈 홈스토리생활 대표, 이석우 두나무 대표...",2020-05-12 16:00
"""미래 가능성 평가해 일 벌이도록""…대한상의 '샌드박스 지원센터' 출범",/news/news_read.nhn?article_id=0009858400&office_id=003&mode=search&query=삼성전자&page=5,뉴시스,"이인용 삼성전자 사장은 ""더 많은 혁신제품과 서비스가 쏟아져 디지털경제로의 전환이 앞당겨지길 기대한다""고 말했다. 공영운 현대차 사장은 ""민간 ...",2020-05-12 16:00
"첫 민간 샌드박스 지원센터 출범…박용만 회장 ""문제점보다 미래 평가""",/news/news_read.nhn?article_id=0000025475&office_id=629&mode=search&query=삼성전자&page=5,더팩트,"이인용 삼성전자 사장은 ""샌드박스를 위한 정부와 대한상의 노력에 감사드린다""며 ""더 많은 혁신 제품과 서비스가 쏟아져 디지털 경제로의 전환이 앞...",2020-05-12 16:01
"대한상의, 신사업 골든타임 샌드박스 지원센터 출범…""혁신 길 넓힌다""",/news/news_read.nhn?article_id=0000537937&office_id=031&mode=search&query=삼성전자&page=5,아이뉴스24,"이인용 삼성전자 사장, 공영운 현대자동차 사장, 김기웅 위쿡 대표, 변창환 콰라소프트 대표, 이석우 두나무 대표 등이 참석했다. 샌드박스는 혁신...",2020-05-12 16:01
규제샌드박스 민간접수기구 출범식,/news/news_read.nhn?article_id=0002882245&office_id=030&mode=search&query=삼성전자&page=5,전자신문,"차관, 장석영 과학기술정보통신부 차관, 정세균 총리, 박용만 대한상의 회장, 이인용 삼성전자 사장, 공영운 현대차 사장, 김기웅 위쿡 대표, 이...",2020-05-12 16:01
"코스피, 외국인·기관 매도에 이틀째 하락…1,920대로 후퇴(종합)",/news/news_read.nhn?article_id=0011603771&office_id=001&mode=search&query=삼성전자&page=5,연합뉴스,"시가총액 상위 종목 가운데는 LG화학(-2.45%), 삼성물산(-2.44%), 현대차(-1.92%), LG생활건강(-1.18%), 삼성SDI(-...",2020-05-12 16:01
민간 샌드박스 지원센터 출범,/news/news_read.nhn?article_id=0003530555&office_id=023&mode=search&query=삼성전자&page=5,조선일보,"이인용 삼성전자 사장, 공영운 현대자동차 사장 등이 참석했다. 대한상의는 “영국, 미국, 일본은 정부, 금융당국을 중심으로 샌드박스가 운영되고 있지만 민간에...",2020-05-12 16:01
국내 첫 '민간 샌드박스 지원센터' 출범,/news/news_read.nhn?article_id=0004423174&office_id=014&mode=search&query=삼성전자&page=5,파이낸셜뉴스,"이날 서울 세종대로 상의회관에서 열린 출범식에는 정세균 국무총리와 박용만 대한상의 회장, 이인용 삼성전자 사장, 공영운 현대자동차 사장, 김기웅 위쿡 대표 등이...",2020-05-12 16:01
‘민간 샌드박스’ 대한상의 내 출범..깜짝 놀랄 사업모델 많다,/news/news_read.nhn?article_id=0004638351&office_id=018&mode=search&query=삼성전자&page=5,이데일리,"이 자리에는 정세균 국무총리, 장석영 과학기술정보통신부 2차관 등 정부 인사와 박용만 대한상의 회장, 이인용 삼성전자(005930) 사장, 공영...",2020-05-12 16:01
셀트리온 3형제 시총 합치면 45조원 육박,/news/news_read.nhn?article_id=0004339075&office_id=015&mode=search&query=삼성전자&page=5,한국경제,국내 증시에서 시가총액이 셀트리온 3형제 보다 큰 곳은 삼성전자와 SK하이닉스 두곳 밖에 없다. 꾸준한 실적 개선에 신종 코로나 바이러스 감염증(코로나19) 치료제...,2020-05-12 16:04
"[코로나19 '극복'] '삼성 인력개발원'서 치료받은 225명, 집으로 갔다",/news/news_read.nhn?article_id=0000025476&office_id=629&mode=search&query=삼성전자&page=5,더팩트,"삼성, 유튜브서 '이제 집으로 갑니다: 영덕 생활치료센터 두 달간의 기록' 공개 삼성전자가 신종 코로나바이러스 감염증(코로나19) 치료를 위해 ...",2020-05-12 16:05
"[마감시황]코스피, 코로나19 재확산 우려에 하락",/news/news_read.nhn?article_id=0009858423&office_id=003&mode=search&query=삼성전자&page=5,뉴시스,"이날 시총 1위 대장주 삼성전자가 전날 대비 500원(1.03%) 내린 4만7900원에 거래를 마쳤다. 상승한 종목은 네이버(2.33%), SK...",2020-05-12 16:07
'민간 샌드박스' 제막식 참석한 정세균 총리,/news/news_read.nhn?article_id=0011603793&office_id=001&mode=search&query=삼성전자&page=5,연합뉴스,정세균 국무총리와 박용만 대한상의 회장(왼쪽)이 12일 서울시 중구 대한상공회의소에서 열린 규제 샌드박스 민간접수기구 출범식에 참석해 이인용 삼...,2020-05-12 16:08
'민간 샌드박스' 제막식 참석한 박용만 대한상의 회장,/news/news_read.nhn?article_id=0011603792&office_id=001&mode=search&query=삼성전자&page=4,연합뉴스,"박용만 대한상의 회장(왼쪽)과 이인용 삼성전자 사장(가운데), 공영운 현대차 사장이 12일 서울시 중구 대한상공회의소에서 열린 규제 샌드박스 민...",2020-05-12 16:08
대한상의 '규제 샌드박스 지원센터' 출범,/news/news_read.nhn?article_id=0004423190&office_id=014&mode=search&query=삼성전자&page=4,파이낸셜뉴스,"이날 출범식 및 간담회에는 박용만 회장, 이인용 삼성전자 사장, 공영운 현대차 사장, 김기웅 위쿡 대표, 한정훈 홈스토리생활 대표, 이석우 두나...",2020-05-12 16:12
"대한상의, 샌드박스 지원센터 출범 ""진짜 사업하게 해준다""",/news/news_read.nhn?article_id=0002401137&office_id=119&mode=search&query=삼성전자&page=4,데일리안,"이인용 삼성전자 사장, 공영운 현대자동차 사장, 김기웅 위쿡 대표, 변창환 콰라소프트 대표, 이석우 두나무 대표 등이 참석했다. 영국, 미국, ...",2020-05-12 16:13
코스피 1920선 후퇴…외국인·기관 6100억 순매도,/news/news_read.nhn?article_id=0002223594&office_id=123&mode=search&query=삼성전자&page=4,조세일보,시가총액 1위인 삼성전자는 전 거래일보다 500원(1.03%) 하락한 4만7900원을 기록했다. 2위인 SK하이닉스는 1200원(1.42%) 오...,2020-05-12 16:14
대한상의 민간 샌드박스 지원센터 출범,/news/news_read.nhn?article_id=0004573337&office_id=009&mode=search&query=삼성전자&page=4,매일경제,"출범식에는 이인용 삼성전자 사장, 공영운 현대자동차 사장, 이석우 두나무 대표, 김기웅 위쿡 대표, 변창환 콰라소프트 대표 등 기업인들도 참석했다. 기업인들은 정...",2020-05-12 16:14
[시황종합] 코스피 1920선으로 밀려…코스닥도 소폭 하락,/news/news_read.nhn?article_id=0004633759&office_id=421&mode=search&query=삼성전자&page=4,뉴스1,"코스피 시가총액 상위 10개 종목 중 NAVER(2.33%), SK하이닉스(1.42%), 삼성바이오로직스(1.02%), 셀트리온(0.24%)은 ...",2020-05-12 16:14
법인세율 인상 ‘부메랑’…`세수펑크`는 기업 때린 탓,/news/news_read.nhn?article_id=0002597628&office_id=029&mode=search&query=삼성전자&page=4,디지털타임스,당장 올해 삼성전자·SK하이닉스 등 반도체 기업의 영업이익 급감으로 법인세수 예상치는 작년보다 두 자릿수로 떨어질 것으로 정부는 예상하고 있다....,2020-05-12 16:15
"코스피, 1920 후퇴…외인·기관 순매도 여전",/news/news_read.nhn?article_id=0002401138&office_id=119&mode=search&query=삼성전자&page=4,데일리안,"시가총액 상위 종목은 삼성전자(-1.03%), 삼성전자우(-1.57%), LG화학(-2.45%), LG생활건강(-1.18%), 현대차(-1.92...",2020-05-12 16:15
[TF시황] 코스피 이틀 째 하락…1920대 마감,/news/news_read.nhn?article_id=0000025479&office_id=629&mode=search&query=삼성전자&page=4,더팩트,"삼성전자(-1.03%), 삼성전자우(-1.57%), LG화학(-2.45%), LG생활건강(-1.18%), 현대차(-1.92%), 삼성SDI(-1...",2020-05-12 16:15
규제샌드박스 지원센터 출범 간담회,/news/news_read.nhn?article_id=0009858475&office_id=003&mode=search&query=삼성전자&page=4,뉴시스,"오른쪽부터 이경학 워프솔루션 대표, 공영운 현대차 사장, 이인용 삼성전자 사장, 이석우 두나무 대표, 장석영 과기정통부 차관. 2020.05.1...",2020-05-12 16:20
샌드박스 지원센터 출범식,/news/news_read.nhn?article_id=0009858491&office_id=003&mode=search&query=삼성전자&page=4,뉴시스,"이인용 삼성전자 사장, 공영운 현대차 사장, 김기웅 위쿡 대표, 이석우 두나무 대표. 2020.05.12. photo@newsis.com 공감언...",2020-05-12 16:21
이인용-공영운 사장과 대화 나누는 박용만 회장,/news/news_read.nhn?article_id=0009858492&office_id=003&mode=search&query=삼성전자&page=4,뉴시스,"박용만(왼쪽부터) 대한상의 회장이 12일 오후 서울 중구 대한상공회의소에서 열린 규제샌드박스 지원센터 출범식에 참석해 이인용 삼성전자 사장, 공...",2020-05-12 16:21
규제샌드박스 지원센터 출범식 참석해 박수치는 기업인들,/news/news_read.nhn?article_id=0009858489&office_id=003&mode=search&query=삼성전자&page=4,뉴시스,"왼쪽부터 박용만 대한상의 회장, 이인용 삼성전자 사장, 공영운 현대차 사장, 김기웅 위쿡 대표, 이석우 두나무 대표, 변창환 콰라 대표, 정세균...",2020-05-12 16:21
샌드박스 지원센터 출범식,/news/news_read.nhn?article_id=0009858490&office_id=003&mode=search&query=삼성전자&page=4,뉴시스,"이인용 삼성전자 사장, 공영운 현대차 사장, 김기웅 위쿡 대표, 이석우 두나무 대표. 2020.05.12. photo@newsis.com 공감언...",2020-05-12 16:21
규제샌드박스 지원센터 출범식,/news/news_read.nhn?article_id=0009858488&office_id=003&mode=search&query=삼성전자&page=4,뉴시스,"이인용 삼성전자 사장, 공영운 현대차 사장, 김기웅 위쿡 대표, 이석우 두나무 대표. 2020.05.12. photo@newsis.com 공감언...",2020-05-12 16:21
기업인들과 인사나누는 정세균 총리,/news/news_read.nhn?article_id=0009858487&office_id=003&mode=search&query=삼성전자&page=4,뉴시스,"정세균 국무총리가 12일 오후 서울 중구 대한상공회의소에서 열린 규제샌드박스 지원센터 출범식에 참석해 이인용(왼쪽 두번째부터) 삼성전자 사장, ...",2020-05-12 16:21
규제샌드박스 지원센터 출범식,/news/news_read.nhn?article_id=0009858485&office_id=003&mode=search&query=삼성전자&page=4,뉴시스,"이인용 삼성전자 사장, 공영운 현대차 사장, 김기웅 위쿡 대표. 2020.05.12. photo@newsis.com 공감언론 뉴시스가 독자 여러...",2020-05-12 16:21
"‘코로나 완치율 89%’ 영덕치료센터, 180명의 숨은 영웅 활약상 영상으로",/news/news_read.nhn?article_id=0000495604&office_id=469&mode=search&query=삼성전자&page=4,한국일보,삼성전자는 지난달 말 경북대구1생활치료센터 운영 종료에 맞춰 센터에 파견된 민관 합동지원단의 활동상을 담은 영상을 12일 회사 홍보사이트 ‘삼성...,2020-05-12 16:22
'민간 샌드박스' 문 열자마자 기업들 줄섰다,/news/news_read.nhn?article_id=0003736184&office_id=011&mode=search&query=삼성전자&page=4,서울경제,출범식에 참석한 이인용 삼성전자 사장은 “더 많은 혁신 제품과 서비스가 쏟아져 디지털 경제로의 전환이 앞당겨지길 기대한다”고 말했다. 공영운 현...,2020-05-12 16:23
"한국 車부품업계, 글로벌 4강 진입 조건…미래차·대형화·해외거래선",/news/news_read.nhn?article_id=0000537945&office_id=031&mode=search&query=삼성전자&page=4,아이뉴스24,삼성전자가 하만 인수로 인포테인먼트 사업에 진출한 것과 LG전자가 차량용 램프 전문기업인 ZKW를 인수해 기존 인포테인먼트와 전기차 부품 사업 ...,2020-05-12 16:28
"나홀로 증시 떠받치는 개미? ""외국인이 사들인 종목도 있다""",/news/news_read.nhn?article_id=0004407617&office_id=008&mode=search&query=삼성전자&page=3,머니투데이,개인 대 외국인과 기관 연합군단의 기싸움이 가장 극명했던 종목은 삼성전자다. 삼성전자는 이날 전일대비 500원(1.03%) 떨어진 4만7900원...,2020-05-12 16:32
"5대그룹 임원 재난지원금 기부…삼성·현대차 사장 ""임직원이 자발적으로""",/news/news_read.nhn?article_id=0009858539&office_id=003&mode=search&query=삼성전자&page=3,뉴시스,이인용 삼성전자 CR담당 사장은 삼성 임원들의 긴급재난 지원금 기부 여부와 관련해 결정된 것은 없다고 밝혔다. 이 사장은 12일 대한상공회의소에...,2020-05-12 16:35
IT의 굴욕…반등장서 수익률 `꼴찌`,/news/news_read.nhn?article_id=0004573355&office_id=009&mode=search&query=삼성전자&page=3,매일경제,시장에서는 IT 주가의 저조한 성과에 대해 시가총액 비중이 큰 삼성전자와 SK하이닉스 등 반도체 투톱에 상대적으로 외국인들의 매도세가 집중됐기 때문으로...,2020-05-12 16:38
"온라인으로 치르는 삼성고시, 컨닝하면 어떻게 되죠?",/news/news_read.nhn?article_id=0003530567&office_id=023&mode=search&query=삼성전자&page=3,조선일보,코로나 때문에 대졸 공채 GSAT 온라인으로 수험생의 스마트폰으로 시험 보는 모습 전송돼 감독관 실시간으로 부정 행위 하는지 모니터링 삼성전자가...,2020-05-12 16:44
"""그래도 믿을건 삼성전자뿐""...'곱버스' 기웃댄 개미들 '삼전 컴백'",/news/news_read.nhn?article_id=0003736224&office_id=011&mode=search&query=삼성전자&page=3,서울경제,원유와 레버리지·인버스 등 변동성 상품에 눈을 돌렸던 개인투자자들이 다시 삼성전자(005930) 주식을 사모으기 시작했다. 12일 한국거래소에 ...,2020-05-12 16:52
"세계 첫 '민간 샌드박스' 출범…""한국형 유니콘 키운다""",/news/news_read.nhn?article_id=0004407635&office_id=008&mode=search&query=삼성전자&page=3,머니투데이,이 뿐 아니라 삼성전자 같은 대기업도 얼마든지 센터에 규제 개혁을 신청할 수 잇다. 삼성전자는 최근 신개념 정수기 개발 관련 샌드박스 '임시허가...,2020-05-12 16:52
`가장 잘할 수 있는 분야` 韓메모리…`코로나19` 초격차로 극복,/news/news_read.nhn?article_id=0004638414&office_id=018&mode=search&query=삼성전자&page=3,이데일리,"- 삼성전자·SK하이닉스, EUV 차세대 D램 양산 추진 - 비대면 수요 급증..고성능·고사양 제품 시장 선점 - 美 '반도체 자급화' 움직임도...",2020-05-12 16:55
"대한상의, ‘민간 샌드박스’ 출범… 박용만 미래 가능성 보겠다",/news/news_read.nhn?article_id=0000541454&office_id=417&mode=search&query=삼성전자&page=3,머니S,"이인용 삼성전자 사장, 공영운 현대자동차 사장, 김기웅 위쿡 대표, 변창환 콰라소프트 대표, 이석우 두나무 대표 등이 참석했다. 영국, 미국, ...",2020-05-12 16:59
"5대 그룹 재난지원금 기부…삼성·현대차 사장 ""개인이 결정할 문제""",/news/news_read.nhn?article_id=0004633880&office_id=421&mode=search&query=삼성전자&page=3,뉴스1,5대 그룹 고위 임원들이 지난 11일 만나 정부의 신종 코로나바이러스 감염증(코로나19) 긴급재난지원금을 기부하는 방안을 논의했다는 것과 관련해...,2020-05-12 16:59
"기업들 ""이태원 클럽發 코로나 피해 막아야"" 다시 '초긴장'(종합)",/news/news_read.nhn?article_id=0009858609&office_id=003&mode=search&query=삼성전자&page=3,뉴시스,"삼성전자는 이미 지난주 진행된 모바일 문진을 통해 이태원 방문 여부 체크했으며, 클럽 방문뿐 아니라 해당 기간 이태원 일대를 방문한 직원들도 자...",2020-05-12 17:01
"코스피, 경기 회복 지연 우려에 하락…1,922.17 마감",/news/news_read.nhn?article_id=0000870254&office_id=215&mode=search&query=삼성전자&page=3,한국경제TV,"삼성전자(-1.03%)와 LG화학(-2.45%), LG생활건강(-1.18%), 현대차(-1.92%), 삼성SDI(-1.05%), 삼성물산(-2....",2020-05-12 17:08
‘민간 샌드박스’ 대한상의 내 출범..새로운 민관협력모델(종합),/news/news_read.nhn?article_id=0004638441&office_id=018&mode=search&query=삼성전자&page=3,이데일리,"이 자리에는 정세균 국무총리와 박용만 대한상의 회장을 비롯해 이인용 삼성전자(005930) 사장, 공영운 현대자동차(005380) 사장, 김성수...",2020-05-12 17:12
가성비 ‘굿’ 갤럭시 A51 5G 써봤더니…‘500만 화소 카메라’의 위력!,/news/news_read.nhn?article_id=0003285626&office_id=020&mode=search&query=삼성전자&page=3,동아일보,"쿼드카메라 탑재, 사진 찍는 즐거움 선택의 폭 넓어지는 5G 스마트폰 7일 삼성전자가 국내 출시한 ‘갤럭시 A51 5G’를 일주일 간 써봤습니다...",2020-05-12 17:16
"공영운 현대차 사장 ""재난지원금 기부, 개인 선택…회사 차원 결정 없어""",/news/news_read.nhn?article_id=0000025487&office_id=629&mode=search&query=삼성전자&page=3,더팩트,"이날 민간 샌드박스 지원센터 출범식에 참석한 이인용 삼성전자 사장도 기부 여부에 ""결정된 게 전혀 없다""며 ""임원들이 자발적으로 하는 것""이라고...",2020-05-12 17:16
규제 익숙한 공무원 만나지 않고도 샌드박스 접수,/news/news_read.nhn?article_id=0004638443&office_id=018&mode=search&query=삼성전자&page=3,이데일리,"2차관, 정세균 국무총리, 박용만 대한상의 회장, 이인용 삼성전자 사장, 공영운 현대차 사장, 김기웅 위쿡 대표, 이석우 두나무 대표. (사진=...",2020-05-12 17:17
"""57일동안 254명의 환자 입소… 완치율 88.6% 보였다""",/news/news_read.nhn?article_id=0004423264&office_id=014&mode=search&query=삼성전자&page=3,파이낸셜뉴스,"삼성전자 관계자는 ""영덕군이 코로나19 확산 방지에 노력한 영덕생활치료센터 의료진 32명을 명예군민으로 위촉했다""며 ""대구시 관계자들도 현장을 ...",2020-05-12 17:17
"어느 부처에 낼지 헷갈리는 '규제 샌드박스', 이곳에 신청…열자마자 대기표 58번",/news/news_read.nhn?article_id=0003000057&office_id=025&mode=search&query=삼성전자&page=3,중앙일보,이인용 삼성전자 사장은 “더 많은 혁신제품과 서비스가 쏟아져 디지털 경제로의 전환이 앞당겨지길 기대한다”고 말했다. 서울상의 부회장인 공영운 현...,2020-05-12 17:17
"이재용 부회장, 현장경영 재개…삼성 위기관리·M&A 갈길 멀다",/news/news_read.nhn?article_id=0004573389&office_id=009&mode=search&query=삼성전자&page=3,매일경제,이재용 삼성전자 부회장이 이번주 현장 경영을 재개하며 '비상 경영' 고삐를 조인다. 삼성전자는 △코로나19 불확실성과 실적 둔화 △중국 등의 견...,2020-05-12 17:18
폰으로 PC 모니터 촬영…삼성 '온라인 GSAT' 어떻게 치르나,/news/news_read.nhn?article_id=0004407664&office_id=008&mode=search&query=삼성전자&page=3,머니투데이,"실제로 삼성인력개발원과 삼성전자 등 주요 계열사는 지난달부터 온라인 시범 테스트를 수차례 진행했다. 삼성 관계자는 ""정부와 사회 각계의 코로나1...",2020-05-12 17:18
통합 물류법인 '포스코GSP' 연내 출범한다,/news/news_read.nhn?article_id=0003736256&office_id=011&mode=search&query=삼성전자&page=3,서울경제,"현대차그룹의 현대글로비스, 삼성의 삼성전자로지텍, LG의 판토스 등이 대표적이다. 물류 통합법인은 원료나 제품의 수송계획을 세우는 것부터 운송계...",2020-05-12 17:18
"삼성 공채, GSAT 온라인…SW역량테스트 오프라인(종합)",/news/news_read.nhn?article_id=0004633937&office_id=421&mode=search&query=삼성전자&page=2,뉴스1,삼성전자와 삼성SDS 등 삼성그룹의 소프트웨어(SW)관련 직군 취업준비생을 대상으로 치러지는 'SW 역량테스트'는 다음 달 초 오프라인에서 실시...,2020-05-12 17:19
"삼성, 코로나19 여파에 GSAT 온라인으로 대체",/news/news_read.nhn?article_id=0004638446&office_id=018&mode=search&query=삼성전자&page=2,이데일리,"이번 공개채용에는 삼성전자(005930)와 삼성전기(009150), 삼성SDI(006400), 삼성생명(032830), 삼성화재(000810),...",2020-05-12 17:19
"이인용 삼성전자 사장 ""5대그룹, 재난지원금 기부로 만난 적 없어""",/news/news_read.nhn?article_id=0000537958&office_id=031&mode=search&query=삼성전자&page=2,아이뉴스24,"이인용 삼성전자 사장이 5대 그룹이 만나 긴급재난지원금 기부 방안을 논의했다는 관측에 대해 ""만난 적이 없다""고 선을 그었다. 그러면서 회사 내...",2020-05-12 17:22
"수만명 몰리는 삼성 공채, 올해는 온라인서 치른다",/news/news_read.nhn?article_id=0001001986&office_id=082&mode=search&query=삼성전자&page=2,부산일보,경기도 수원컨벤션센터에서 열린 삼성전자 주주총회 모습. 연합뉴스 자료사진 삼성이 올해 상반기 공채 시험을 사상 처음으로 온라인으로 치른다. 12...,2020-05-12 17:23
"[TF매매동향] 외인, 엔씨소프트 사고 삼성전자 팔았다",/news/news_read.nhn?article_id=0000025490&office_id=629&mode=search&query=삼성전자&page=2,더팩트,엔씨소프트 657억 원 매수·삼성전자 960억 원 매도 12일 코스피는 전날에 이은 외국인과 기관의 매도세에 하락하며 1920선에 마감했다. 코...,2020-05-12 17:25
시총 45조 육박한 '셀트리온 3형제',/news/news_read.nhn?article_id=0004339188&office_id=015&mode=search&query=삼성전자&page=2,한국경제,국내 증시에서 시가총액이 셀트리온 3형제보다 큰 곳은 삼성전자와 SK하이닉스 두 곳밖에 없다. 꾸준한 실적 개선에 신종 코로나바이러스 감염증(코로나19) 치료제...,2020-05-12 17:32
"포스코, 통합 물류법인 올해 출범… 물류 플랫폼으로 도약 노린다",/news/news_read.nhn?article_id=0000495633&office_id=469&mode=search&query=삼성전자&page=2,한국일보,"현대차그룹의 현대글로비스, 삼성전자의 삼성전자로지텍 등이 대표적이다. LG그룹도 자회사는 아니지만 범 LG가로 분류되는 판토스에 물류를 맡기고 ...",2020-05-12 17:34
"재계 재난지원금 기부 확산…""자발적 동참 분위기""",/news/news_read.nhn?article_id=0011604065&office_id=001&mode=search&query=삼성전자&page=2,연합뉴스,삼성전자 이인용 사장은 이날 12일 대한상의 샌드박스 지원센터 출범식이 열린 서울 중구 상의회관에서 기자들과 만나 임원들이 자발적으로 기부에 동...,2020-05-12 17:34
코로나로 삼성 온라인 입사시험 본다,/news/news_read.nhn?article_id=0000495635&office_id=469&mode=search&query=삼성전자&page=2,한국일보,"삼성전자를 비롯한 계열사들은 6월 중 면접, 7월 중 건강검진을 거쳐 최종 합격자를 입사시킬 예정이다. 구체적인 면접 방식이나 일정은 추후 공지...",2020-05-12 17:37
삼성연수원 `숨은 영웅들`…코로나 지원단 감동스토리,/news/news_read.nhn?article_id=0004573458&office_id=009&mode=search&query=삼성전자&page=2,매일경제,삼성전자는 삼성인력개발원 영덕연수원 지원단의 이야기를 담은 영상을 12일 자사 뉴스룸과 유튜브에 공개했다. 영상에는 전염병 극복을 위해 혼신의 힘을 다한 의료진...,2020-05-12 17:38
225명 완치시킨 영웅 180인 '우린 한 일 없어요',/news/news_read.nhn?article_id=0003736298&office_id=011&mode=search&query=삼성전자&page=2,서울경제,가득했던 삼성전자(005930) 뉴스룸에 12일 오전 색다른 영상이 업로드됐다. 제목은 ‘이제 집으로 갑니다:영덕 생활치료센터 두 달간의 기록’...,2020-05-12 17:39
`믿을맨` IT株의 배신…헬스케어·금융株는 `쑥`,/news/news_read.nhn?article_id=0004573483&office_id=009&mode=search&query=삼성전자&page=2,매일경제,시장에서는 IT 주가가 저조한 성과를 낸 것에 대해 시가총액 비중이 큰 삼성전자와 SK하이닉스 등 반도체 투톱에 상대적으로 외국인들 매도세가 집...,2020-05-12 17:43
"삼성, 올해 GSAT 온라인으로…이달 30·31일 양일간 진행",/news/news_read.nhn?article_id=0000537968&office_id=031&mode=search&query=삼성전자&page=2,아이뉴스24,"삼성전자 관계자는 12일 ""정부와 사회 각계의 코로나19 확산 방지 노력에 동참하면서도 회사가 필요로 하는 인재 채용 절차를 진행하기 위해 온라...",2020-05-12 17:44
대한상의도 '규제 샌드박스' 접수…세계 첫 민간 주도 지원창구 문 열어,/news/news_read.nhn?article_id=0004339224&office_id=015&mode=search&query=삼성전자&page=2,한국경제,"출범식에는 정세균 국무총리와 박용만 대한상의 회장, 이인용 삼성전자 사장, 공영운 현대자동차 사장, 김기웅 위쿡 대표, 변창환 콰라소프트 대표,...",2020-05-12 17:44
"삼성, 코로나에 '신입 채용 직무시험' 사상 첫 온라인 실시",/news/news_read.nhn?article_id=0000522103&office_id=366&mode=search&query=삼성전자&page=2,조선비즈,삼성전자(005930)와 삼성SDS(018260)등 삼성그룹의 소프트웨어 관련 직군 응시자를 대상으로 치러지는 ‘SW 역량테스트’만 오는 6월 ...,2020-05-12 17:45
[포토] 규제샌드박스지원센터 출범식,/news/news_read.nhn?article_id=0004573490&office_id=009&mode=search&query=삼성전자&page=2,매일경제,"왼쪽부터 손병두 금융위 부위원장, 정승일 산업통상자원부 차관, 장석영 과학기술정보통신부 2차관, 정 총리, 박 회장, 이인용 삼성전자 사장, 공...",2020-05-12 17:45
코로나19 틈타…불법보조금 또 성행,/news/news_read.nhn?article_id=0000870273&office_id=215&mode=search&query=삼성전자&page=2,한국경제TV,이달 초 일부 온·오프라인 스마트폰 대리점에선 삼성전자의 갤럭시S20 시리즈는 최대 80만 원에 이르는 불법보조금이 지급됐습니다. 통신사들이 ...,2020-05-12 17:48
"'제조업 르네상스' 초격차 전략, 기업 끌고 정부 뒷받침해야",/news/news_read.nhn?article_id=0003736320&office_id=011&mode=search&query=삼성전자&page=2,서울경제,삼성전자는 스마트폰의 두뇌 역할을 하는 애플리케이션프로세서(AP) 시장에서 지난해 14.1%의 점유율을 기록하며 글로벌 1위 업체인 퀄컴(33....,2020-05-12 17:48
임직원들만의 공간을 격리·치유의 장소로…K방역 숨은공신 '기업 연수원',/news/news_read.nhn?article_id=0004339256&office_id=015&mode=search&query=삼성전자&page=2,한국경제,"지난 2월 말 삼성경제연구소 사회공헌연구실, 삼성인력개발원, 삼성전자 직원들이 한데 모였다. 당시는 대구·경북 지역에서 신종 코로나바이러스 감염...",2020-05-12 17:58
규제샌드박스지원센터 출범,/news/news_read.nhn?article_id=0004423351&office_id=014&mode=search&query=삼성전자&page=2,파이낸셜뉴스,"규제샌드박스 지원센터 출범식이 12일 오후 서울 세종대로 대한상공회의소에서 열려 정세균 총리, 박용만 대한상의 회장, 이인용 삼성전자 사장 등 ...",2020-05-12 18:01
5대 그룹 임원들 재난지원금 기부는 자율이라지만…,/news/news_read.nhn?article_id=0000495649&office_id=469&mode=search&query=삼성전자&page=1,한국일보,이인용 삼성전자 사장은 12일 서울 중구 상의회관에서 열린 국내 첫 ‘민간 샌드박스 지원센터’ 출범식 후 재난지원금 기부가 결정됐느냐고 취재진이...,2020-05-12 18:05
"삼성, 이태원 다녀온 직원 신고 권유…기업 코로나 방어 비상(종합)",/news/news_read.nhn?article_id=0011604145&office_id=001&mode=search&query=삼성전자&page=1,연합뉴스,기자 = 삼성전자가 이태원 클럽발(發) 신종 코로나바이러스 감염증(코로나19) 집단 감염이 발생하자 최근 이태원을 다녀온 임직원들에게 자진 신고...,2020-05-12 18:11
"삼성, 코로나로 공채 63년만에 처음으로 온라인 시험 도입한다",/news/news_read.nhn?article_id=0003000083&office_id=025&mode=search&query=삼성전자&page=1,중앙일보,시험 과목 온라인에 맞춰 4과목서 2과목으로 축소 삼성전자는 12일 “정부와 사회 각계의 코로나19 확산 방지 노력에 동참하면서도 회사가 필요한...,2020-05-12 18:13
재계에 퍼지는 '재난지원금 기부' 동참,/news/news_read.nhn?article_id=0001672561&office_id=016&mode=search&query=삼성전자&page=1,헤럴드경제,이인용 삼성전자 사장은 12일 대한상의 샌드박스 지원센터 출범식이 열린 서울 중구 상의회관에서 기자들과 만나 임원들이 자발적으로 기부에 동참하고...,2020-05-12 18:17
"퀴즈쇼 ‘잼라이브’, 사내방송 솔루션으로 인기",/news/news_read.nhn?article_id=0009858718&office_id=003&mode=search&query=삼성전자&page=1,뉴시스,"앞서 잼라이브 사내방송은 삼성전자 갤럭시 판매사원 대상 교육방송, 메트라이프 임직원 대상 연말 행사, LG생활건강 면세점 카운셀러 방송, 현대자...",2020-05-12 18:19
"삼성, 이태원 다녀온 직원 신고 권유…기업 ‘초긴장 모드’",/news/news_read.nhn?article_id=0001672562&office_id=016&mode=search&query=삼성전자&page=1,헤럴드경제,삼성전자가 최근 이태원을 다녀온 임직원들에게 자진 신고를 권유했다. 최근 이태원 클럽을 시작으로 발생한 코로나19 바이러스 집단 감염에 대한 대...,2020-05-12 18:26
"삼성전자, 이태원 방문한 임직원 자진 신고 권유",/news/news_read.nhn?article_id=0004676902&office_id=277&mode=search&query=삼성전자&page=1,아시아경제,삼성전자가 이태원 클럽에서 신종 코로나바이러스감염증(코로나19) 확진자가 발생하자 최근 이태원을 다녀온 임직원들에게 자진 신고를 권유하고 있다. 12일 삼성전자...,2020-05-12 18:28
"삼성·현대차 ""임원 재난지원금 기부, 개인 선택""",/news/news_read.nhn?article_id=0000522114&office_id=366&mode=search&query=삼성전자&page=1,조선비즈,"국내 5대 그룹 임원들의 긴급재난지원금 기부 여부와 관련해 삼성전자와 현대자동차는 ""결정된 바 없다""고 밝혔다. 이인용 삼성전자 사장은 12일 ...",2020-05-12 18:29
"12일, 기관 거래소에서 삼성전자(-1.03%), KODEX 코스닥 150(-0....",/news/news_read.nhn?article_id=0004339290&office_id=015&mode=search&query=삼성전자&page=1,한국경제,"기관 투자자는 12일 거래소에서 삼성전자, KODEX 코스닥 150, 카카오 등을 중점적으로 매도한 것으로 나타났다. 기관 투자자의 순매도 상위...",2020-05-12 18:36
"12일, 외국인 거래소에서 삼성전자(-1.03%), LG화학(-2.45%) 등 순...",/news/news_read.nhn?article_id=0004339294&office_id=015&mode=search&query=삼성전자&page=1,한국경제,"외국인 투자자는 12일 거래소에서 삼성전자, LG화학, 삼성전자우 등을 중점적으로 매도한 것으로 나타났다. 외국인 투자자의 순매도 상위 20개 ...",2020-05-12 18:37
"이건희의 5대 신수종사업 10년...성적표는 A,A,C,C 그리고 F",/news/news_read.nhn?article_id=0003530597&office_id=023&mode=search&query=삼성전자&page=1,조선일보,이건희 삼성전자 회장은 서울 이태원동 승지원에서 사장단 회의를 주재하며 이렇게 말했다. 이 회장은 글로벌 금융 위기 여파가 완전히 가시지 않은 ...,2020-05-12 18:45
미·중·일 반도체 자국주의 확산…한국 ‘고객 뺏길라’,/news/news_read.nhn?article_id=0002497001&office_id=028&mode=search&query=삼성전자&page=1,한겨레,트럼프 정부가 대만의 파운드리 업체 티에스엠시(TSMC) 공장을 미국으로 불러들이고 미국 오스틴에 있는 삼성전자의 파운드리 공장도 확대하는 방안...,2020-05-12 18:59
"확진자 254명 품었던 삼성 영덕연수원… ""이제 집으로 갑니다""",/news/news_read.nhn?article_id=0002597727&office_id=029&mode=search&query=삼성전자&page=1,디지털타임스,"2달간의 생활치료센터 영상 공개 의료진 등 지원단 180명 소감 전해 ""이제 집으로 갑니다."" 삼성전자가 지난 3월부터 대구·경북지역 내 코로나...",2020-05-12 19:14
"법인세율 인상, 세수 감소 `부메랑` 맞았다",/news/news_read.nhn?article_id=0002597718&office_id=029&mode=search&query=삼성전자&page=1,디지털타임스,당장 올해 삼성전자·SK하이닉스 등 반도체 기업의 영업이익 급감으로 법인세수 예상치는 작년보다 두 자릿수로 떨어질 것으로 정부는 예상하고 있다....,2020-05-12 19:14
코로나가 바꾼 대기업 공채 풍경… 온라인 전형 확산하나,/news/news_read.nhn?article_id=0002597725&office_id=029&mode=search&query=삼성전자&page=1,디지털타임스,"삼성전자 계열 역시 지난해 상반기에는 3월 19일 서류접수 마감 후 4월 3일에, 하반기에는 9월 16일 접수를 끝낸 후 10월 7일에 서류전형...",2020-05-12 19:14
클럽발 감염에 기업들 긴장…신고받고 비대면 확대,/news/news_read.nhn?article_id=0000428203&office_id=422&mode=search&query=삼성전자&page=1,연합뉴스TV,"삼성전자와 LG전자, 현대차 등 대기업들은 이태원을 방문한 직원들에게 이를 자진 신고한 뒤, 검사와 자가격리를 하라고 권고했습니다. 젊은 직원들...",2020-05-12 19:36
"재계 재난지원금 기부 확산…""자발적 동참""",/news/news_read.nhn?article_id=0000428205&office_id=422&mode=search&query=삼성전자&page=1,연합뉴스TV,"이인용 삼성전자 사장은 오늘(12일) 대한상의 샌드박스 지원센터 출범식에서 기자들과 만나 ""임원들이 자발적으로 기부에 동참하고 있다""고 밝혔습니...",2020-05-12 19:40
"삼성, '대졸공채 GSAT' 온라인으로…부정행위 방지책은?",/news/news_read.nhn?article_id=0003359150&office_id=079&mode=search&query=삼성전자&page=1,노컷뉴스,"삼성전자를 비롯한 계열사들은 6월 중 면접, 7월 중 건강검진을 거쳐 최종 합격자를 선발한다는 계획이다. 한편 삼성은 지난 1957년 국내 최초...",2020-05-12 20:29
기업들 다시 집단감염 공포… 근무 정상화 줄줄이 보류,/news/news_read.nhn?article_id=0003464507&office_id=022&mode=search&query=삼성전자&page=1,세계일보,삼성전자는 지난주 진행한 임직원 모바일 문진에서 이태원 방문 여부를 파악했다. 혹시 모를 사태를 대비해 이태원 일대를 방문했을 경우 자진 검사를...,2020-05-12 23:02
"삼성, 코로나19 여파로 GSAT는 온라인…SW 역량 테스트는 오프라인서 각각 진...",/news/news_read.nhn?article_id=0003464521&office_id=022&mode=search&query=삼성전자&page=1,세계일보,다만 삼성전자와 삼성SDS 등 삼성 그룹의 소프트웨어(SW) 관련 직군 취업준비생을 대상으로 치러지는 역량 테스트는 내달 7일 오프라인에서 실시...,2020-05-12 23:22
