title,url,press,summary,date
"삼성전자, 그토록 원하는 '시스템반도체'도 세계 1위 가능할까?",/news/news_read.nhn?article_id=0004402896&office_id=008&mode=search&query=삼성전자&page=2,머니투데이,이재용 삼성전자 부회장은 올해 1월초 삼성전자 화성사업장을 찾아 3나노 개발을 보고 받는 자리에서 시스템반도체(비메모리 반도체) 시장과 관련한 ...,2020-05-02 05:30
"3월 5G 가입자, 588만명…한달새 52만↑",/news/news_read.nhn?article_id=0009843450&office_id=003&mode=search&query=삼성전자&page=2,뉴시스,하지만 2월 말 개통을 시작한 삼성전자 갤럭시 S20 시리즈가 나오면서 올 2월에 40만2260명 늘었으며 3월에는 증가폭이 50만명대로 확대됐...,2020-05-02 06:00
[2년 맞은 이재용의 뉴삼성(하)] 새로운 미래 위해 리스크 극복 관건,/news/news_read.nhn?article_id=0002399454&office_id=119&mode=search&query=삼성전자&page=2,데일리안,지난 2년간 뉴 삼성을 기치로 새로운 미래로 향하고 있는 이재용 삼성전자 부회장의 앞에는 극복해야 할 장애물도 놓여져 있다. 아직 현재 진행형인...,2020-05-02 06:00
갤럭시S20 지원금 최대50만원...삼성이 지갑 연 이유,/news/news_read.nhn?article_id=0004402912&office_id=008&mode=search&query=삼성전자&page=2,머니투데이,"SK텔레콤과 KT, LG유플러스 등 이동통신3사가 삼성전자 '갤럭시S20' 시리즈 공시지원금을 최대 50만원으로 대폭 늘렸다. 일부 요금제 구간...",2020-05-02 06:17
이건희 회장 와병 6년…5월 '분수령' 맞는 삼성 이재용,/news/news_read.nhn?article_id=0004617233&office_id=421&mode=search&query=삼성전자&page=2,뉴스1,아버지를 대신해 2016년 삼성전자 등기이사에 선임되며 본격적 책임경영에 나섰던 이 부회장은 2018년 5월 공정거래위원회가 삼성 대기업 집단 ...,2020-05-02 07:00
"""삼성전자, 2분기 말부터 반등""-메리츠증권",/news/news_read.nhn?article_id=0004417817&office_id=014&mode=search&query=삼성전자&page=2,파이낸셜뉴스,메리츠증권은 2일 삼성전자에 대해 주가가 분기 실적과 동행하는 경향을 감안해 2·4분기부터 견조한 흐름을 보일 것이라고 전망했다. 삼성전자는 올 1·4분기...,2020-05-02 07:01
서버와 PC용 반도체가 ‘코로나 구세주’ 될까.. 엇갈리는 업계 시선,/news/news_read.nhn?article_id=0003732180&office_id=011&mode=search&query=삼성전자&page=2,서울경제,삼성전자(005930)와 SK하이닉스(000660)는 최근 실적발표 콘퍼런스콜에서 이들 시장이 모바일용 메모리반도체 수요 감소를 상쇄해 주는 것...,2020-05-02 07:08
"""집에서 할 게 왜 없어"" 집콕 가전 경쟁 '눈길'",/news/news_read.nhn?article_id=0011584345&office_id=001&mode=search&query=삼성전자&page=2,연합뉴스,2일 업계에 따르면 삼성전자와 LG전자는 '앳 홈'(at home) 온라인 강의 수요 증가에 발맞춰 특별 프로모션을 하고 있다. 삼성전자는 지난...,2020-05-02 07:11
상위 '0.1%'를 잡아라… 대림산업 ‘컬렉터의 집’,/news/news_read.nhn?article_id=0000537771&office_id=417&mode=search&query=삼성전자&page=2,머니S,"삼성전자의 프리미엄 라인, 북미 프리미엄 빌트인 가전 브랜드 데이코, LG전자의 시그니처 키친 스위트와 오브제, 사운드 플랫폼 ODE 등 다양한...",2020-05-02 07:20
"삼성전기, 2분기 일시적 부진은 '기회'…투자 포인트는 3분기 회복에 초점",/news/news_read.nhn?article_id=0004671260&office_id=277&mode=search&query=삼성전자&page=1,아시아경제,"박 연구원은 ""3분기에는 글로벌적으로 IT 완제품의 생산 확대, 소비가 전분기대비 증가할 것으로 예상되며 삼성전자의 갤럭시노트20 및 갤럭시폴드2를 비롯해 애플...",2020-05-02 08:00
콩나물 에어팟 잡을 '콩' 버즈…무선이어폰도 애플 vs 삼성,/news/news_read.nhn?article_id=0004333703&office_id=015&mode=search&query=삼성전자&page=1,한국경제,애플이 휩쓸고 있는 무선이어폰 시장에 삼성전자가 본격 도전장을 낸다. 올 초 '갤럭시버즈 플러스'와 자회사 하만을 통해 'AKG N400'을 내...,2020-05-02 08:01
두 달만에 박살난 개미들의 꿈…개미지옥은 끝나지 않았다,/news/news_read.nhn?article_id=0004402941&office_id=008&mode=search&query=삼성전자&page=1,머니투데이,한때는 이 상품의 거래량이 삼성전자보다 높을 정도로 선풍적인 인기를 끌었다. 결과는 처참했다. 단기간에 갑자기 돈이 몰리자 실제 원유 가격과 상...,2020-05-02 08:04
엇갈리는 하반기 반도체 업황 전망 '어렵다 vs 잘 버틸것',/news/news_read.nhn?article_id=0004671265&office_id=277&mode=search&query=삼성전자&page=1,아시아경제,"김동원 KB증권 연구원은 ""4월 현재 삼성전자, SK하이닉스 서버 D램 수요는 공급을 평균 20% 상회해 공급부족이 지속되고 있는 것으로 추정된...",2020-05-02 08:16
'삼바 분식 의혹' 수사 마무리 단계…최종 책임자는 누구?,/news/news_read.nhn?article_id=0009843592&office_id=003&mode=search&query=삼성전자&page=1,뉴시스,검찰이 의혹의 최종 책임자로 이재용 삼성전자 부회장를 지목하고 그를 소환할 지 여부에 관심이 쏠린다. 2일 검찰에 따르면 서울중앙지검 경제범죄형...,2020-05-02 09:30
중저가폰은 몸풀기...갤폴드2부터 아이폰12까지 몰려온다,/news/news_read.nhn?article_id=0003732244&office_id=011&mode=search&query=삼성전자&page=1,서울경제,삼성전자(005930)와 애플 등이 5월 중저가폰을 내놓은데 이어 하반기엔 프리미엄폰을 들고 대결을 펼친다. 삼성전자는 갤럭시 노트20와 갤럭시...,2020-05-02 11:30
코로나가 쓴 반도체 특수…D램 가격상승 39개월만에 최대,/news/news_read.nhn?article_id=0004403012&office_id=008&mode=search&query=삼성전자&page=1,머니투데이,"삼성전자와 SK하이닉스 실적은 물론, 국내 수출 성적을 좌우하는 반도체 경기회복 여부에 시장의 관심이 쏠린다. D램 3달러대 회복…네달째 상승 ...",2020-05-02 11:30
"""삼성전자, 2분기 반도체 제외 전 사업부 수익성 악화""-IBK투자증권",/news/news_read.nhn?article_id=0004417949&office_id=014&mode=search&query=삼성전자&page=1,파이낸셜뉴스,IBK투자증권은 2일 삼성전자의 2·4분기 실적에 대해 “반도체 사업부를 제외한 전 사업부의 수익성이 악화될 것”이라고 예상했다 김운호 IBK투...,2020-05-02 13:56
"소비척도 스마트폰, 판매회복 예상보다 빨라지나",/news/news_read.nhn?article_id=0004403053&office_id=008&mode=search&query=삼성전자&page=1,머니투데이,"지난 1분기 삼성전자의 휴대폰 판매량은 6400만대로, 지난해 같은 기간 7800만대에 비해 18%가량 감소했다. 스마트폰에 탑재되는 메로리 수...",2020-05-02 15:44
[그룹 2인자] '샐러리맨 신화' 박근희 CJ대한통운 부회장,/news/news_read.nhn?article_id=0000536650&office_id=031&mode=search&query=삼성전자&page=1,아이뉴스24,또 이재현 CJ그룹 회장이 박 부회장 영입 의사를 이재용 삼성전자 부회장에게 직접 타진한 것으로 알려져 두 그룹사의 관계 개선에도 큰 역할을 할...,2020-05-02 16:01
'카메라모듈 실적 개선' 삼성전기·LG이노텍…2분기 방어에 골몰,/news/news_read.nhn?article_id=0004671367&office_id=277&mode=search&query=삼성전자&page=1,아시아경제,삼성전자와 LG전자의 카메라 모듈 등 모듈 사업이 1분기 실적을 견인한 주요 사업 분야로 꼽한다. 삼성전기의 전략거래처의 신규 플래그십 스마트폰용에 탑재되는...,2020-05-02 17:00
"통신 3사, 갤럭시S20 지원금 최대 50만원…2배 올려",/news/news_read.nhn?article_id=0000210633&office_id=374&mode=search&query=삼성전자&page=1,SBS CNBC,이동통신 3사가 삼성전자의 갤럭시S20 시리즈 공시지원금을 2배 올린 것으로 나타났습니다. 공시지원금 비교사이트인 스마트초이스에 따르면 이통 3...,2020-05-02 17:07
[부고]정재웅 삼성전자 커뮤니케이션팀 상무 장모상,/news/news_read.nhn?article_id=0004403067&office_id=008&mode=search&query=삼성전자&page=1,머니투데이,"■문순애씨 별세, 오승훈씨(금융감독원 여신금융검사국 수석검사역)·상희씨·경희씨·양희씨(상쾌한이비인후과 원장) 모친상, 정재웅씨(삼성전자 상무)·김용식씨...",2020-05-02 17:36
[부고] 정재웅(삼성전자 커뮤니케이션팀 상무)씨 빙모상,/news/news_read.nhn?article_id=0002399499&office_id=119&mode=search&query=삼성전자&page=1,데일리안,"▲문순애씨 별세, 오승훈 (금융감독원 여신금융검사국 수석검사역)·상희·경희·양희(상쾌한이비인후과 원장)씨 모친상, 정재웅(삼성전자 커뮤니케이션팀 상무)...",2020-05-02 17:39
[부고] 오승훈(금융감독원 수석검사역)씨 모친상,/news/news_read.nhn?article_id=0011584813&office_id=001&mode=search&query=삼성전자&page=1,연합뉴스,"▲ 문순애씨 별세, 오승훈(금융감독원 수석검사역)·오상희·오경희·오양희(상쾌한이비인후과 원장)씨 모친상, 정재웅(삼성전자 상무)·김용식...",2020-05-02 17:49
[부고]정재웅(삼성전자 상무)씨 장모상,/news/news_read.nhn?article_id=0004671379&office_id=277&mode=search&query=삼성전자&page=1,아시아경제,"▲ 문순애씨 별세, 오승훈(금융감독원 수석검사역)·오상희·오경희·오양희(상쾌한이비인후과 원장)씨 모친상, 정재웅(삼성전자 상무)·김용식...",2020-05-02 17:53
[부고] 정재웅(삼성전자 상무)씨 장모상,/news/news_read.nhn?article_id=0004632072&office_id=018&mode=search&query=삼성전자&page=1,이데일리,"△문순애씨 별세, 오승훈(금융감독원 수석검사역)·상희·경희·양희(상쾌한이비인후과 원장)씨 모친상, 정재웅(삼성전자 상무)·김용식(청담미즈한의원장)씨...",2020-05-02 17:55
[부고] 정재웅(삼성전자 상무)씨 장모상,/news/news_read.nhn?article_id=0000210634&office_id=374&mode=search&query=삼성전자&page=1,SBS CNBC,"▲ 문순애 씨 별세, 오승훈(금융감독원 수석검사역)·오상희·오경희·오양희(상쾌한이비인후과 원장)씨 모친상, 정재웅(삼성전자 상무)·김용식...",2020-05-02 18:07
[부고] 정재웅씨(삼성전자 커뮤니케이션팀 상무) 장모상,/news/news_read.nhn?article_id=0004617683&office_id=421&mode=search&query=삼성전자&page=1,뉴스1,"= ■문순애씨 별세, 오승훈(금융감독원 여신금융검사국 수석검사역)·상희·경희·양희씨(상쾌한이비인후과 원장) 모친상, 정재웅(삼성전자 상무)·김용식씨...",2020-05-02 20:28
"삼성·LG 프리미엄 TV 시장점유율 80% 육박...""TV 시장 하반기 반등"" 전...",/news/news_read.nhn?article_id=0004418010&office_id=014&mode=search&query=삼성전자&page=1,파이낸셜뉴스,"기준)에서 삼성전자가 점유율 54%, LG전자가 점유율 24%를 각각 차지했다고 밝혔다. 프리미엄 TV는 유기발광다이오드(OLED), 퀀텀닷(Q...",2020-05-02 20:49
