title,url,press,summary,date
[TF비즈토크] 권종열 뱅뱅 일가 '의아한' 담보 대출…'783억 미스터리',/news/news_read.nhn?article_id=0000024622&office_id=629&mode=search&query=삼성전자&page=6,더팩트,-삼성전자의 '갤럭시A31·갤럭시A51' 및 LG전자의 'LG 벨벳' 등 경쟁사의 보급형 제품들도 같은 시기에 나왔잖아요. 정식 출시가 시작되는...,2020-05-03 00:00
대기업 직원 지난해 평균 7천920만원 받았다…'억대 연봉' 33곳,/news/news_read.nhn?article_id=0011584894&office_id=001&mode=search&query=삼성전자&page=6,연합뉴스,"(1억350만원), 삼성전자(1억310만원), 비씨카드(1억220만원), 대한유화(1억210만원), 삼성카드(1억150만원), SK이노베이션(1...",2020-05-03 05:41
[언택트株 시대] 비대면의 일상화…게임·온라인결제株 떴다,/news/news_read.nhn?article_id=0004617734&office_id=421&mode=search&query=삼성전자&page=6,뉴스1,"삼성전자와 SK하이닉스가 수혜주다. 4월 한달동안 삼성전자 주가는 4.7%, SK하이닉스 주가는 0.5% 각각 올랐다. 5G 관련 네트워크 장비...",2020-05-03 05:55
대용량·컨버전스…가전 시장에 부는 '프리미엄' 바람,/news/news_read.nhn?article_id=0009843929&office_id=003&mode=search&query=삼성전자&page=6,뉴시스,3일 업계에 따르면 삼성전자와 LG전자는 지난달 20일 동시에 국내 최대 용량인 24kg급 대용량 세탁기를 출시한다고 밝혔다. 점점 더 많은 양...,2020-05-03 06:00
포스트 코로나 수혜주는…'이것들'만 주목해라,/news/news_read.nhn?article_id=0004403092&office_id=008&mode=search&query=삼성전자&page=5,머니투데이,"개인투자자들은 지난 3~4월 두 달 간 삼성전자, 인버스(증시 하락에 베팅하는 투자상품), 원유ETN(상장지수증권) 등에 '몰빵'투자하며 위태위...",2020-05-03 06:00
대용량·컨버전스…가전 시장에 부는 '프리미엄' 바람,/news/news_read.nhn?article_id=0009843929&office_id=003&mode=search&query=삼성전자&page=5,뉴시스,3일 업계에 따르면 삼성전자와 LG전자는 지난달 20일 동시에 국내 최대 용량인 24kg급 대용량 세탁기를 출시한다고 밝혔다. 점점 더 많은 양...,2020-05-03 06:00
"삼성·LG LCD 꺾은 中 BOE, 이젠 OLED 시장까지 넘본다",/news/news_read.nhn?article_id=0002997664&office_id=025&mode=search&query=삼성전자&page=5,중앙일보,최근에는 삼성전자가 BOE의 OLED 탑재를 검토하고 있다는 얘기까지 나온다. 시장조사업체 DSCC는 최근 보고서에서 “삼성전자가 BOE와 갤럭...,2020-05-03 06:01
"[5월 증시 전망] 게걸음 장세에도…""테크·언택트株 상대적 우위""",/news/news_read.nhn?article_id=0004617757&office_id=421&mode=search&query=삼성전자&page=5,뉴스1,"이경수 메리츠증권 리서치센터장은 ""기업실적 타격이 가장 적고, 경기침체의 영향을 가장 적게 받는 업종에 시장 기대감이 투영될 것으로 예상한다""면...",2020-05-03 06:10
"[블록체인 오딧세이]""안면인식결제부터 보험 청구까지""…언택트 열풍",/news/news_read.nhn?article_id=0009843949&office_id=003&mode=search&query=삼성전자&page=5,뉴시스,SK텔레콤·KT·LG유플러스 등 이동통신 3사와 삼성전자·하나은행·우리은행·코스콤 등으로 구성된 블록체인 네트워크 '이니셜 DID 연합'이 자기...,2020-05-03 06:49
'내귀에 캔디'는 누구? 애플-삼성-구글-MS 무선이어폰 대격돌,/news/news_read.nhn?article_id=0003732304&office_id=011&mode=search&query=삼성전자&page=5,서울경제,삼성전자(005930)의 새로운 무선 이어폰 ‘갤럭시 버즈X(가칭)’에 노이즈 캔슬링 기능이 탑재된다는 전망이 나오고 있다. 마이크로소프트와 구...,2020-05-03 07:01
"""일단 공장은 돌리는데…"" 삼성·LG, TV가전 수요절벽에 '한숨'",/news/news_read.nhn?article_id=0011584968&office_id=001&mode=search&query=삼성전자&page=5,연합뉴스,"중단됐던 삼성전자와 LG전자의 해외 TV·가전 공장이 재가동에 돌입하고 있다. 미국, 유럽의 이동제한 명령이 완화되고 있고 재고 상황도 안정적인...",2020-05-03 07:41
"외국인, 12주만에 순매수 전환…코스피 사고 코스닥 팔고",/news/news_read.nhn?article_id=0004671437&office_id=277&mode=search&query=삼성전자&page=5,아시아경제,"이밖에 삼성전기(457억원), KB금융(410억원), 호텔신라(400억원), 하나금융지주(277억원), 삼성SDI(264억원), 삼성전자(214억원), NAVER(196억...",2020-05-03 08:00
"코로나19 충격 본격화…주요 상장사 실적, 2분기 바닥 전망",/news/news_read.nhn?article_id=0011585003&office_id=001&mode=search&query=삼성전자&page=5,연합뉴스,한편 '대장주' 삼성전자의 2분기 영업이익 전망치는 7조1천959억원으로 1개월 전 전망치(8조2천726억원)보다 13.0% 감소했다. 코로나1...,2020-05-03 08:35
"2분기 코로나19 충격 본격화, 주요 상장사 실적 바닥 전망",/news/news_read.nhn?article_id=0004567765&office_id=009&mode=search&query=삼성전자&page=5,매일경제,'대장주' 삼성전자의 2분기 영업이익 전망치는 7조1959억원으로 1개월 전 전망치(8조2726억원)보다 13.0% 감소했다. [디지털뉴스국 ],2020-05-03 08:44
"""집안에서 영화관 음질를""…삼성전자, 2020년형 사운드바 출시",/news/news_read.nhn?article_id=0002596048&office_id=029&mode=search&query=삼성전자&page=5,디지털타임스,삼성전자가 집안에서도 영화관과 같은 3D 사운드를 즐길 수 있는 2020년형 사운드바 신제품을 출시했다. 삼성전자는 4일부터 2020년형 사운드...,2020-05-03 08:47
"삼성전자, 2020년형 사운드바 국내 출시…21.8% 점유율 글로벌 1위",/news/news_read.nhn?article_id=0000536667&office_id=031&mode=search&query=삼성전자&page=5,아이뉴스24,삼성전자가 4일 2020년형 사운드바 ‘Q 시리즈’의 대표 모델인 ‘HW-Q800T’를 국내 시장에 본격 출시한다. 삼성전자는 TV뿐만 아니라 ...,2020-05-03 08:55
[호갱탈출 E렇게]무더위 닥치기 전 에어컨 안전점검 필수,/news/news_read.nhn?article_id=0004632123&office_id=018&mode=search&query=삼성전자&page=5,이데일리,"해당 기간 동안 삼성전자, LG전자, 오텍캐리어, 위니아대우, 위니아딤채 등 ‘가전제품 정례협의체’에 소속된 에어컨 제조사가 무상으로 출장·점검...",2020-05-03 09:01
"삼성전자, 'CES 최고혁신상' 2020년형 사운드바 국내 출시",/news/news_read.nhn?article_id=0004671461&office_id=277&mode=search&query=삼성전자&page=5,아시아경제,삼성전자가 2020년형 사운드바 ‘Q 시리즈’의 대표 모델 ‘HW-Q800T’를 국내 시장에 출시한다고 4일 밝혔다. HW-Q800T는 서라운드...,2020-05-03 09:04
‘2분기 실적둔화 불가피’ 전자업계 하반기에 쏠리는 눈,/news/news_read.nhn?article_id=0003732315&office_id=011&mode=search&query=삼성전자&page=5,서울경제,"3일 전자업계에 따르면 지난달 있었던 실적 컨퍼런스 콜에서 삼성전자(005930), SK하이닉스(000660), LG전자(066570) 등 주요...",2020-05-03 09:10
"삼성전자, 'CES 최고 혁신상' 사운드바 국내 출시",/news/news_read.nhn?article_id=0011585033&office_id=001&mode=search&query=삼성전자&page=5,연합뉴스,삼성전자는 4일 2020년형 사운드바 'Q 시리즈'의 대표 모델인 'HW-Q800T'를 국내 시장에 출시한다고 밝혔다. 이 제품은 소리에 방향성...,2020-05-03 09:18
"삼성전자, 2020년형 사운드바 국내 출시",/news/news_read.nhn?article_id=0009844002&office_id=003&mode=search&query=삼성전자&page=5,뉴시스,(사진=삼성전자 제공) 2020.05.03. photo@newsis.com 공감언론 뉴시스가 독자 여러분의 소중한 제보를 기다립니다. 뉴스 가치...,2020-05-03 09:22
"삼성전자, 2020년형 사운드바 국내 출시",/news/news_read.nhn?article_id=0009844004&office_id=003&mode=search&query=삼성전자&page=5,뉴시스,(사진=삼성전자 제공) 2020.05.03. photo@newsis.com 공감언론 뉴시스가 독자 여러분의 소중한 제보를 기다립니다. 뉴스 가치...,2020-05-03 09:22
"삼성전자, 2020년형 사운드바 국내 출시",/news/news_read.nhn?article_id=0009844003&office_id=003&mode=search&query=삼성전자&page=5,뉴시스,(사진=삼성전자 제공) 2020.05.03. photo@newsis.com 공감언론 뉴시스가 독자 여러분의 소중한 제보를 기다립니다. 뉴스 가치...,2020-05-03 09:22
"삼성전자, CES2020 `최고혁신상` 수상한 사운드바 국내 출시",/news/news_read.nhn?article_id=0004567778&office_id=009&mode=search&query=삼성전자&page=5,매일경제,삼성전자는 오는 4일 2020년형 사운드바 'Q 시리즈'의 대표 모델인 'HW-Q800T'를 국내 시장에 본격 출시한다고 3일 밝혔다. 이 제품...,2020-05-03 09:32
"삼성전자, 2020년형 사운드바 국내 출시",/news/news_read.nhn?article_id=0004632150&office_id=018&mode=search&query=삼성전자&page=4,이데일리,삼성전자 모델들이 2020년형 사운드바 ‘Q 시리즈’의 대표 모델인 ‘HW-Q800T’를 소개하고 있다. (사진=삼성저자)[이데일리 김종호 기자...,2020-05-03 09:37
지난해 대기업 직원 평균 연봉 7천920만 원…'연봉 1억' 33곳,/news/news_read.nhn?article_id=0000812011&office_id=055&mode=search&query=삼성전자&page=4,SBS,"전통적으로 고액의 연봉을 받은 것으로 알려진 석유화학 업종도 높은 순위를 기록했는데, 삼성전자와 삼성SDS, SK텔레콤, SK하이닉스를 제외하면...",2020-05-03 09:38
"삼성전자, 2020년형 사운드바 출시...고품격 사운드 구현",/news/news_read.nhn?article_id=0002399522&office_id=119&mode=search&query=삼성전자&page=4,데일리안,삼성전자는 2020년형 사운드바 ‘Q 시리즈’의 대표 모델인 ‘HW-Q800T’를 국내 시장에 본격 출시한다고 3일 밝혔다. 4일 출시되는 이 ...,2020-05-03 09:40
"대기업 직원 작년 평균 7,920만원 받아…'억대 연봉' 33곳",/news/news_read.nhn?article_id=0001450497&office_id=057&mode=search&query=삼성전자&page=4,MBN,"(1억350만원), 삼성전자(1억310만원), 비씨카드(1억220만원), 대한유화(1억210만원), 삼성카드(1억150만원), SK이노베이션(1억40만원), 하나은행(1억...",2020-05-03 09:49
"삼성전자, 'CES 최고혁신상' 사운드바 국내 출시",/news/news_read.nhn?article_id=0004403150&office_id=008&mode=search&query=삼성전자&page=4,머니투데이,[2020년형 QLED TV와 연동시 Q-심포니 기능 지원] 삼성전자가 2020년형 사운드바 'Q 시리즈'의 대표 모델 'HW-Q800T'를 국...,2020-05-03 09:49
"삼성전자, 'CES 최고 혁신상' 2020년형 사운드바 국내 출시",/news/news_read.nhn?article_id=0004617869&office_id=421&mode=search&query=삼성전자&page=4,뉴스1,삼성전자는 오는 4일 2020년형 사운드바 ‘Q 시리즈’의 대표 모델인 ‘HW-Q800T’를 국내 시장에 본격 출시한다고 3일 밝혔다. 이 제품...,2020-05-03 10:10
'억대 연봉' 받는 대기업만 33곳…연봉 1위 기업 어디?,/news/news_read.nhn?article_id=0000999930&office_id=082&mode=search&query=삼성전자&page=4,부산일보,"(1억350만원), 삼성전자(1억310만원), 비씨카드(1억220만원), 대한유화(1억210만원), 삼성카드(1억150만원), SK이노베이션(1...",2020-05-03 10:13
"삼성전자, 2020년형 사운드바 국내 출시",/news/news_read.nhn?article_id=0011585100&office_id=001&mode=search&query=삼성전자&page=4,연합뉴스,삼성전자가 오는 4일 2020년형 사운드바 'Q 시리즈'의 대표 모델인 'HW-Q800T'를 국내 시장에 본격 출시한다고 3일 밝혔다. 사진은 ...,2020-05-03 10:19
"삼성전자, 2020년형 사운드바 국내 출시",/news/news_read.nhn?article_id=0011585101&office_id=001&mode=search&query=삼성전자&page=4,연합뉴스,삼성전자가 오는 4일 2020년형 사운드바 'Q 시리즈'의 대표 모델인 'HW-Q800T'를 국내 시장에 본격 출시한다고 3일 밝혔다. 사진은 ...,2020-05-03 10:19
"삼성전자, 2020년형 사운드바 국내 출시",/news/news_read.nhn?article_id=0011585098&office_id=001&mode=search&query=삼성전자&page=4,연합뉴스,삼성전자가 오는 4일 2020년형 사운드바 'Q 시리즈'의 대표 모델인 'HW-Q800T'를 국내 시장에 본격 출시한다고 3일 밝혔다. 사진은 ...,2020-05-03 10:19
"삼성전자, 2020년형 사운드바 국내 출시",/news/news_read.nhn?article_id=0011585099&office_id=001&mode=search&query=삼성전자&page=4,연합뉴스,삼성전자가 오는 4일 2020년형 사운드바 'Q 시리즈'의 대표 모델인 'HW-Q800T'를 국내 시장에 본격 출시한다고 3일 밝혔다. 사진은 ...,2020-05-03 10:19
"삼성전자, 2020년형 사운드바 국내 출시...고품격 음질 구현",/news/news_read.nhn?article_id=0004418080&office_id=014&mode=search&query=삼성전자&page=4,파이낸셜뉴스,삼성전자가 2020년형 사운드바 Q시리즈의 대표 모델인 'HW-Q800T'를 4일 국내 시장에 본격 출시한다고 3일 밝혔다. 이 제품은 소리에 ...,2020-05-03 10:19
"삼성, 2020년형 사운드바 국내 출시…'Q-심포니' 기능 지원",/news/news_read.nhn?article_id=0009844062&office_id=003&mode=search&query=삼성전자&page=4,뉴시스,"삼성전자가 4일 2020년형 사운드바 ‘Q 시리즈’의 대표 모델인 ‘HW-Q800T’를 국내 시장에 본격 출시한다. 3일 삼성전자에 따르면, 이...",2020-05-03 10:26
[부고]정재웅(삼성전자 커뮤니케이션팀 상무)씨 빙모상,/news/news_read.nhn?article_id=0003355722&office_id=079&mode=search&query=삼성전자&page=4,노컷뉴스,"문순애 씨 별세.오승훈(금융감독원 여신금융검사국 수석검사역),상희, 경희, 양희(상쾌한이비인후과 원장) 모친상,정재웅(삼성전자 상무), 김용식(청담미즈한의원장)...",2020-05-03 10:29
"금색 디자인의 갤럭시Z플립, 6일 출시",/news/news_read.nhn?article_id=0003006961&office_id=032&mode=search&query=삼성전자&page=4,경향신문,삼성전자가 폴더블폰 ‘갤럭시Z플립’의 미러 골드(Mirror Gold) 색상을 6일 국내에서 판매한다고 3일 밝혔다. 삼성전자는 지난 2월 갤럭...,2020-05-03 10:45
"삼성전자, 'CES 최고혁신상' 수상 사운드바 국내 출시",/news/news_read.nhn?article_id=0003732355&office_id=011&mode=search&query=삼성전자&page=4,서울경제,삼성전자(005930)는 2020년형 사운드바 ‘Q 시리즈’의 대표 모델인 ‘HW-Q800T’를 국내 출시한다고 4일 밝혔다. 소리에 방향성을 ...,2020-05-03 10:59
"삼성전자, 갤럭시 Z 플립 ‘미러 골드’ 색상 출시",/news/news_read.nhn?article_id=0009844104&office_id=003&mode=search&query=삼성전자&page=4,뉴시스,삼성전자가 새로운 폼팩터 폴더블폰 '갤럭시 Z 플립' 미러 골드 색상 모델을 오는 6일 출시한다고 밝혔다. (사진=삼성전자 제공) 2020.05...,2020-05-03 11:00
"삼성전자, 갤럭시 Z 플립 ‘미러 골드’ 색상 출시",/news/news_read.nhn?article_id=0009844102&office_id=003&mode=search&query=삼성전자&page=4,뉴시스,삼성전자가 새로운 폼팩터 폴더블폰 '갤럭시 Z 플립' 미러 골드 색상 모델을 오는 6일 출시한다고 밝혔다. (사진=삼성전자 제공) 2020.05...,2020-05-03 11:00
"삼성전자, 갤럭시 Z 플립 '미러 골드' 색상 출시",/news/news_read.nhn?article_id=0011585148&office_id=001&mode=search&query=삼성전자&page=4,연합뉴스,삼성전자가 새로운 폼팩터 폴더블폰 '갤럭시 Z 플립' 미러 골드(Mirror Gold) 색상을 오는 6일 국내에 출시한다고 3일 밝혔다. 202...,2020-05-03 11:00
"삼성, 갤럭시 Z 플립 '미러 골드' 색상 출시",/news/news_read.nhn?article_id=0009844091&office_id=003&mode=search&query=삼성전자&page=4,뉴시스,삼성전자가 새로운 폼팩터 폴더블폰 '갤럭시 Z 플립' 미러 골드(Mirror Gold) 색상을 6일 국내에 출시한다. 이로써 '갤럭시 Z 플립'...,2020-05-03 11:00
"삼성전자, 갤럭시 Z 플립 ‘미러 골드’ 색상 출시",/news/news_read.nhn?article_id=0009844104&office_id=003&mode=search&query=삼성전자&page=3,뉴시스,삼성전자가 새로운 폼팩터 폴더블폰 '갤럭시 Z 플립' 미러 골드 색상 모델을 오는 6일 출시한다고 밝혔다. (사진=삼성전자 제공) 2020.05...,2020-05-03 11:00
폴더블폰 ‘색상 끝판왕’ 온다...갤Z플립 미러골드 출시,/news/news_read.nhn?article_id=0003732356&office_id=011&mode=search&query=삼성전자&page=3,서울경제,삼성전자(005930) 폴더블폰 ‘갤럭시Z플립’ 미러 골드 색상을 국내에서도 만나볼 수 있게 된다. 삼성전자는 갤럭시Z플립 미러 골드 모델을 6...,2020-05-03 11:00
"삼성전자, 갤럭시 Z 플립 '미러 골드' 색상 출시",/news/news_read.nhn?article_id=0011585149&office_id=001&mode=search&query=삼성전자&page=3,연합뉴스,삼성전자가 새로운 폼팩터 폴더블폰 '갤럭시 Z 플립' 미러 골드(Mirror Gold) 색상을 오는 6일 국내에 출시한다고 3일 밝혔다. 202...,2020-05-03 11:00
"삼성전자, 갤럭시 Z 플립 ‘미러 골드’ 색상 출시",/news/news_read.nhn?article_id=0009844103&office_id=003&mode=search&query=삼성전자&page=3,뉴시스,삼성전자가 새로운 폼팩터 폴더블폰 '갤럭시 Z 플립' 미러 골드 색상 모델을 오는 6일 출시한다고 밝혔다. (사진=삼성전자 제공) 2020.05...,2020-05-03 11:00
"삼성전자, `갤럭시Z 플립` 미러 골드 6일 국내 출시",/news/news_read.nhn?article_id=0004567811&office_id=009&mode=search&query=삼성전자&page=3,매일경제,삼성전자는 새로운 폼팩터 폴더블폰 '갤럭시 Z 플립' 미러 골드(Mirror Gold) 색상을 6일 국내에 출시한다고 3일 밝혔다. '갤럭시 Z...,2020-05-03 11:01
"삼성전자, 완판 갤럭시 Z 플립…'미러 골드'로 프리미엄시장 공략",/news/news_read.nhn?article_id=0000536678&office_id=031&mode=search&query=삼성전자&page=3,아이뉴스24,"삼성전자가 새로운 폼팩터 폴더블폰 '갤럭시 Z 플립' 미러 골드(Mirror Gold) 색상을 6일 국내에 출시한다. 앞서 갤럭시Z플립은 한국,...",2020-05-03 11:01
‘반짝반짝’ 갤럭시Z플립 미러골드 출시…내일 사전판매,/news/news_read.nhn?article_id=0004632199&office_id=018&mode=search&query=삼성전자&page=3,이데일리,삼성전자(005930)가 지난 2월 새롭게 선보인 클램셸(조개 껍데기) 형태의 폴더블폰 ‘갤럭시Z 플립’ 미러 골드 색상을 오는 6일 국내에 출...,2020-05-03 11:02
코로나 타격 현실화…상장기업 2분기 실적 19% 급감,/news/news_read.nhn?article_id=0002596072&office_id=029&mode=search&query=삼성전자&page=3,디지털타임스,삼성전자의 2분기 영업이익 전망치는 7조1959억원으로 1개월 전 전망치(8조2726억원)보다 13.0% 감소했다. 코로나19 확산에 따른 수출...,2020-05-03 11:26
"국내 대기업 직원, 지난해 평균 얼마 벌었을까?",/news/news_read.nhn?article_id=0003732365&office_id=011&mode=search&query=삼성전자&page=3,서울경제,"삼성전자(005930)와 삼성SDS, SK텔레콤(017670), SK하이닉스를 제외하고는 모두 금융 또는 석유화학 기업이다. 다만 석유화학업종은...",2020-05-03 11:32
지갑 닫은 소비자… 전자업계 `반도체·언택트` 시장서 돌파구 모색,/news/news_read.nhn?article_id=0002596154&office_id=029&mode=search&query=삼성전자&page=3,디지털타임스,◇해외생산 정상화 수순 밟지만…수요절벽에 판매 감소=3일 업계에 따르면 삼성전자와 LG전자의 TV·가전 공장이 이달내 전면 재가동될 전망이다. ...,2020-05-03 11:32
대기업 직원 지난해 평균연봉 7천920만원…'억대 연봉' 33곳,/news/news_read.nhn?article_id=0003355734&office_id=079&mode=search&query=삼성전자&page=3,노컷뉴스,"(1억350만원), 삼성전자(1억310만원), 비씨카드(1억220만원), 대한유화(1억210만원), 삼성카드(1억150만원), SK이노베이션(1...",2020-05-03 11:33
"전자업계, 상반기 생활가전 신제품 키워드는 'AI'",/news/news_read.nhn?article_id=0004671515&office_id=277&mode=search&query=삼성전자&page=3,아시아경제,3일 업계에 따르면 삼성전자는 최근 얼음정수기 냉장고 출시에 이어 올 상반기 AI 냉장고를 선보일 예정이다. 출시 예정인 삼성 ‘패밀리허브’ 냉...,2020-05-03 11:36
대기업 지난해 평균 연봉 7920만원… 33개사는 ‘억대 연봉’,/news/news_read.nhn?article_id=0000492842&office_id=469&mode=search&query=삼성전자&page=3,한국일보,"SK하이닉스(1억1,380만원ㆍ10위) SK텔레콤(1억980만원ㆍ14위) 삼성SDS(1억350만원ㆍ26위) 삼성전자(1억310만원ㆍ27위)만 예...",2020-05-03 11:36
"삼성, 갤럭시Z 플립 '미러 골드' 색상 6일 출시",/news/news_read.nhn?article_id=0004403195&office_id=008&mode=search&query=삼성전자&page=3,머니투데이,삼성전자는 폴더블폰 '갤럭시Z 플립'(이하 Z 플립) 미러 골드 색상을 6일 국내 출시한다고 3일 밝혔다. Z 플립 미러 골드는 골드 색상에 세...,2020-05-03 11:47
"정용진 부회장이 맛탕을, 장성규·박명수가 쇼호스트?",/news/news_read.nhn?article_id=0004403216&office_id=008&mode=search&query=삼성전자&page=3,머니투데이,황 부회장은 고동진 삼성전자 사장 지목을 받아 코로나19(COVID-19) 확산으로 피해를 입은 화훼농가를 돕기 위한 ‘화훼농가 돕기 릴레이 캠...,2020-05-03 12:42
"삼전 사던 '동학개미', 석달 만에 '원유 불개미' 됐다",/news/news_read.nhn?article_id=0004632270&office_id=018&mode=search&query=삼성전자&page=3,이데일리,처음엔 삼성전자(005930)를 매집하는 모습을 보이면서 동학개미라는 별명이 붙었지만 시간이 갈수록 투기적 행태를 보이자 불개미라고 바꿔 불리고...,2020-05-03 13:09
코로나 수요절벽 현실로…기댈 곳은 반도체 뿐,/news/news_read.nhn?article_id=0002596095&office_id=029&mode=search&query=삼성전자&page=3,디지털타임스,◇해외생산 정상화 수순 밟지만…수요절벽에 판매 감소= 3일 업계에 따르면 삼성전자와 LG전자의 TV·가전 공장이 이달내 전면 재가동될 전망이다....,2020-05-03 13:44
"삼성전자, 갤럭시Z플립 '미러 골드' 6일 출시",/news/news_read.nhn?article_id=0001435532&office_id=052&mode=search&query=삼성전자&page=3,YTN,삼성전자가 폴더블폰 갤럭시Z플립의 '미러 골드' 색상을 오는 6일 국내에서 출시한다고 밝혔습니다. 삼성전자는 이번 달 갤럭시Z플립을 산 고객에게 갤럭시 버즈+ 구매...,2020-05-03 13:48
대기업 직원 지난해 평균연봉 7920만원…`억대 직장`은 33곳,/news/news_read.nhn?article_id=0002596098&office_id=029&mode=search&query=삼성전자&page=3,디지털타임스,"연봉 1억원이 넘는 기업은 총 33개로 삼성전자와 삼성SDS, SK텔레콤, SK하이닉스를 제외하면 모두 금융과 석유화학 업종에서 나왔다. 다만 ...",2020-05-03 13:57
삼성 2020년형 사운드바 출시,/news/news_read.nhn?article_id=0000817255&office_id=382&mode=search&query=삼성전자&page=3,스포츠동아,삼성전자는 2020년형 사운드바 ‘Q 시리즈’의 대표 모델 ‘HW-Q800T’를 4일 국내 시장에 출시한다. 소리에 방향성을 더하는 특허 기술 ...,2020-05-03 14:06
"삼성, 4년 만에 샤프서 LCD 패널 조달…100만장 수준",/news/news_read.nhn?article_id=0001669049&office_id=016&mode=search&query=삼성전자&page=2,헤럴드경제,삼성전자가 4년 만에 샤프로부터 LCD(액정표시장치) 패널 조달을 재개할 전망이다. 조달 물량은 100만장 미만으로 알려졌다. 니혼게이자이신문은...,2020-05-03 14:23
"삼성·LG, 해외 공장 속속 정상화…`수요절벽` 고민은 여전",/news/news_read.nhn?article_id=0004567873&office_id=009&mode=search&query=삼성전자&page=2,매일경제,중단됐던 삼성전자와 LG전자의 해외 TV·가전 공장들이 순차적으로 재가동에 돌입하고 있다. 유럽과 미국 등을 중심으로 가동 재개가 이어지면서 해외 공장 정상화에...,2020-05-03 14:40
"금융지주·증권사, 직원 평균 연봉 1억 ↑…KB금융 1억3340만원 '톱'",/news/news_read.nhn?article_id=0000654368&office_id=468&mode=search&query=삼성전자&page=2,스포츠서울,"(1억350만원), 삼성전자(1억310만원), 비씨카드(1억220만원), 대한유화(1억210만원), 삼성카드(1억150만원), SK이노베이션(1...",2020-05-03 14:43
"삼성전자, CES 2020 최고혁신상 수상 사운드바 국내 출시",/news/news_read.nhn?article_id=0003561863&office_id=076&mode=search&query=삼성전자&page=2,스포츠조선,삼성전자가 4일부터 2020년형 사운드바 'Q 시리즈'의 대표 모델인 'HW-Q800T'를 국내 시장에 본격 출시한다고 3일 밝혔다. 삼성전자에...,2020-05-03 15:07
"삼성·LG, 온라인 개학에 TV·노트북 등 매출 급증",/news/news_read.nhn?article_id=0004333938&office_id=015&mode=search&query=삼성전자&page=2,한국경제,"삼성전자와 LG전자는 온라인 개학 수요를 겨냥한 TV 마케팅에 주력하고 있다. 양사는 모두 자사 제품이 청색광, 자외선, 적외선 등 방출이 적어 시력을 덜 해친다고...",2020-05-03 15:13
'총수 2년' 이재용 부회장…'대국민 사과' 마이크 앞에 설까?,/news/news_read.nhn?article_id=0004403260&office_id=008&mode=search&query=삼성전자&page=2,머니투데이,"[코로나19로 형식보다 '내용'에 방점…준법위 ""사법리스크 해소하는 계기 되야""] 이재용 삼성전자 부회장이 삼성 총수에 오른 지 만 2년이 지난...",2020-05-03 15:14
"삼성전자, 갤럭시Z 플립 색상 라인업 강화 '미러 골드' 추가",/news/news_read.nhn?article_id=0003561868&office_id=076&mode=search&query=삼성전자&page=2,스포츠조선,삼성전자가 새로운 폼팩터 폴더블폰 '갤럭시 Z 플립'의 미러 골드(Mirror Gold) 색상을 6일 국내에 출시한다고 3일 밝혔다. 삼성전자에...,2020-05-03 15:31
대기업 직원 지난해 평균 연봉 7920만원…33곳 ‘억대 연봉’,/news/news_read.nhn?article_id=0001317382&office_id=005&mode=search&query=삼성전자&page=2,국민일보,"평균 연봉이 1억원 이상인 회사가 총 33곳이었는데, 삼성전자와 삼성SDS, SK계열사를 제외하면 모두 금융과 석유화학 업체였다. 제약업과 여신...",2020-05-03 15:45
"동진쎄미켐, 반도체 소재 국산화 정책 수혜주 등",/news/news_read.nhn?article_id=0004333959&office_id=015&mode=search&query=삼성전자&page=2,한국경제,"주요 매출처는 삼성전자, LG디스플레이, 삼성디스플레이 등이다. 지난해 연결기준 매출은 5.8% 증가했고, 영업이익은 47.7% 급증했다. 반도...",2020-05-03 15:48
"주가 아직 회복 못한 저평가 중소형株, 매수 타이밍 왔다",/news/news_read.nhn?article_id=0004333969&office_id=015&mode=search&query=삼성전자&page=2,한국경제,삼성전자 등 대형 우량주 일색이었던 개인투자자 순매수도 그동안 소외됐던 코스닥시장 중소형주로 이동하고 있다. 전문가들은 “코로나19 이후 주가가...,2020-05-03 15:54
"이재용 삼성 부회장, 11일 시한 전 사과 표명 나설 듯",/news/news_read.nhn?article_id=0004632337&office_id=018&mode=search&query=삼성전자&page=2,이데일리,이재용 삼성전자 부회장이 지난해 11월 22일 오후 서울 서초구 서울고등법원에서 열린 파기환송심 2차 공판에 출석하고 있다. (사진= 이영훈 기...,2020-05-03 15:55
"'대국민 사과' 마감 시한 임박… 이재용, 직접 입 여나",/news/news_read.nhn?article_id=0000537976&office_id=417&mode=search&query=삼성전자&page=2,머니S,"준법위 관계자는 ""창립 50주년을 맞은 삼성전자가 이번에 강도 높은 대국민 사과를 통해 국민 앞에 확실히 신뢰를 회복하고 백년 기업으로 나아가는...",2020-05-03 15:55
"58층인데, 삼전 구조대 언제 오나요?",/news/news_read.nhn?article_id=0000492886&office_id=469&mode=search&query=삼성전자&page=2,한국일보,"삼전(삼성전자) 구조대는 언제쯤 올까요?” 주식 투자정보를 주고받는 온라인 커뮤니티에선 최근 이런 글들이 자주 보인다. 삼성전자 주식을 5만8,...",2020-05-03 16:08
지난해 대기업 직원 평균연봉 7920만원…금융업종 가장 높아,/news/news_read.nhn?article_id=0003561883&office_id=076&mode=search&query=삼성전자&page=2,스포츠조선,"CEO스코오 측은 ""억대 평균 연봉을 기록한 업체의 수는 33개""라며 ""33개 기업 중 SK하이닉스(1억1380만원), SK텔레콤(1억980만원), 삼성SDS(1억350만...",2020-05-03 16:09
갤S20 지원금 최대 50만원···아이폰SE 출시 전 지갑 열었다,/news/news_read.nhn?article_id=0002997747&office_id=025&mode=search&query=삼성전자&page=2,중앙일보,삼성전자의 전략폰인 ‘갤럭시S20’이 공시 지원금 인상 카드를 꺼내 들었다. '반값 아이폰'으로 불리며 흥행몰이에 나선‘아이폰 SE’가 6일 출...,2020-05-03 16:14
"삼성, 원음 그대로 고품질 사운드 'HW-Q800T' 출시",/news/news_read.nhn?article_id=0004418259&office_id=014&mode=search&query=삼성전자&page=2,파이낸셜뉴스,삼성전자가 2020년형 사운드바 Q시리즈의 대표 모델인 'HW-Q800T'를 4일 국내 시장에 본격 출시한다고 3일 밝혔다. 이 제품은 소리에 ...,2020-05-03 16:51
삼성·SK 1Q 선방에도 반도체 업황 불안한 이유,/news/news_read.nhn?article_id=0004403283&office_id=008&mode=search&query=삼성전자&page=2,머니투데이,[선행지표인 현물가·DXI지수 한달째 내리막…올해 '제로 성장' 전망도] 삼성전자와 SK하이닉스가 올 1분기 시장 기대를 뛰어넘는 실적을 발표했...,2020-05-03 16:52
지난해 33개 회사 '억대 연봉'…대기업 평균은 7920만원,/news/news_read.nhn?article_id=0004333989&office_id=015&mode=search&query=삼성전자&page=2,한국경제,"(1억350만원), 삼성전자(1억310만원), 비씨카드(1억220만원), 대한유화(1억210만원), 삼성카드(1억150만원), SK이노베이션(1...",2020-05-03 17:02
"삼성·LG, 해외공장 속속 정상화…최대시장 북미 수요회복이 관건",/news/news_read.nhn?article_id=0004567946&office_id=009&mode=search&query=삼성전자&page=2,매일경제,동유럽 이어 멕시코 재가동 인도 제외 全공장 정상가동 해외 매장 폐쇄 등 악재 여전 코로나19 여파로 가동 중단됐던 삼성전자와 LG전자 국외 TV·가전 공장들이...,2020-05-03 17:11
[포토] 삼성전자 Q시리즈 사운드바 출시,/news/news_read.nhn?article_id=0004567949&office_id=009&mode=search&query=삼성전자&page=2,매일경제,삼성전자가 특허 기술인 어쿠스틱빔을 활용해 3.1.2채널 입체 사운드를 구현하는 2020년형 Q시리즈 사운드바 'HW-Q800T'(출고가 90만...,2020-05-03 17:11
대기업 직원 지난해 평균 연봉 7920만원…최고는 '금융업',/news/news_read.nhn?article_id=0004618402&office_id=421&mode=search&query=삼성전자&page=1,뉴스1,"(1억350만원), 삼성전자(1억310만원), 비씨카드(1억220만원), 대한유화(1억210만원), 삼성카드(1억150만원), SK이노베이션(1...",2020-05-03 17:15
코로나로 얼어붙은 해외 대신 내수 먼저 파고드는 가전업계 [생활방역 전환 대대적 ...,/news/news_read.nhn?article_id=0004418283&office_id=014&mode=search&query=삼성전자&page=1,파이낸셜뉴스,"3일 관련 업계에 따르면 삼성전자와 LG전자는 2020년형 냉장고 신제품을 출시, 이달 본격 경쟁을 벌인다. 선수를 친 건 삼성이다. 삼성전자는 지난달 28일 양문형......",2020-05-03 17:15
"""코로나로 시험장 확보 난항"" '삼성고시' 6월로 연기 검토",/news/news_read.nhn?article_id=0004418290&office_id=014&mode=search&query=삼성전자&page=1,파이낸셜뉴스,"삼성 전자계열사 관계자는 ""GSAT는 글로벌 채용절차라 국내뿐 아니라 미국의 코로나19 상황이 어느 정도 진정돼야 추진할 수 있을 것""이라며 ""삼성전자, 삼성물산...",2020-05-03 17:18
삼송·동탄·갈매 등서 올해 첫 디벨로퍼 분양,/news/news_read.nhn?article_id=0004334018&office_id=015&mode=search&query=삼성전자&page=1,한국경제,"모든 호실에는 삼성전자 사물인터넷(IoT)과 시스템 에어컨을 적용할 계획이다. 부대 시설로는 공유라운지와 세미나실, 북카페, 다목적 체육관, 옥...",2020-05-03 17:25
"""정수기에 태극기 붙여달라""…'K프리미엄'에 빠진 바이어들",/news/news_read.nhn?article_id=0004334026&office_id=015&mode=search&query=삼성전자&page=1,한국경제,"삼성전자와 현대자동차, SK하이닉스 등은 제조 대기업이 위기에 강하다는 것을 1분기 ‘깜짝 실적’으로 증명했다. 기술 수준뿐 아니라 위기 관리 ...",2020-05-03 17:31
가구 브랜드 ‘격전지’된 기흥…이케아 이어 국내업계 잇따라 매장 오픈,/news/news_read.nhn?article_id=0004418302&office_id=014&mode=search&query=삼성전자&page=1,파이낸셜뉴스,"특히, 거실, 다이닝룸, 침실, 아이방 등 각 주거 공간 별로 어울리는 까사미아의 가구 및 삼성전자의 가전 제품을 함께 배치해 실제 생활 공간처...",2020-05-03 17:36
중위권 재계 순위 혼전… 현대重·CJ ‘웃고’ 한진·에쓰오일 ‘주춤’,/news/news_read.nhn?article_id=0002596132&office_id=029&mode=search&query=삼성전자&page=1,디지털타임스,"삼성의 경우 계열사 수는 줄었지만 삼성전자의 견고한 실적 등을 앞세워 압도적인 1위를 유지했고, 정의선 수석부회장이 그룹을 실질적으로 이끌고 있...",2020-05-03 17:39
"기업들, 코로나 뚫고 잘 달렸지만…""2분기는 정말 쉽지 않다""",/news/news_read.nhn?article_id=0004334048&office_id=015&mode=search&query=삼성전자&page=1,한국경제,삼성전자 현대자동차 LG화학 LG생활건강 두산인프라코어 등 업종 대표기업이 줄줄이 증권사 기대치를 웃도는 실적을 내놨다. 금융정보업체 에프앤가이...,2020-05-03 17:47
법인세 낮춰 `기업 족쇄` 풀자,/news/news_read.nhn?article_id=0004567986&office_id=009&mode=search&query=삼성전자&page=1,매일경제,"삼성전자 이익은 MS의 절반 지난해 세금은 오히려 1.4배 ◆ 바운스백 코리아 ⑨ ◆ ""코로나19 사태가 발발한 지금은 전시 상황이라는 것을 기억해야 한다. 종류를...",2020-05-03 17:48
삼성전자 법인세율 2년새 3.7%P 뛸때 경쟁사 애플은 9.4%P 세율 낮아졌다,/news/news_read.nhn?article_id=0004567993&office_id=009&mode=search&query=삼성전자&page=1,매일경제,"글로벌 주식정보 제공업체 S&P캐피털 IQ에 따르면 2017~2019년 삼성전자 등 한국 주요 기업들의 법인세 유효세율은 올라가고, 애플 등 미...",2020-05-03 18:00
'CES 최고 혁신상' 수상…삼성전자 사운드바 출시,/news/news_read.nhn?article_id=0004334064&office_id=015&mode=search&query=삼성전자&page=1,한국경제,삼성전자는 4일 2020년형 사운드바 ‘Q 시리즈’의 대표 모델인 ‘HW-Q800T’(사진)를 국내 시장에 출시한다고 밝혔다. 이 제품은 소리에...,2020-05-03 18:02
"안방서 영화관 음질을… 삼성, 3D 사운드바 선봬",/news/news_read.nhn?article_id=0002596155&office_id=029&mode=search&query=삼성전자&page=1,디지털타임스,'어쿠스틱 빔' 적용 현장감 더해 삼성전자가 집안에서도 영화관과 같은 3D 사운드를 즐길 수 있는 2020년형 사운드바 신제품을 출시했다. 삼성...,2020-05-03 18:08
"대기업 평균연봉 7920만원, `억대` 업종은 금융·석유화학",/news/news_read.nhn?article_id=0002596161&office_id=029&mode=search&query=삼성전자&page=1,디지털타임스,"연봉 1억원이 넘는 기업은 총 33개로 삼성전자와 삼성SDS, SK텔레콤, SK하이닉스를 제외하면 모두 금융과 석유화학 업종에서 나왔다. 다만 전년과 비교하면...",2020-05-03 18:08
"주춤했던 IT펀드, 다시 뭉칫돈 몰려든다",/news/news_read.nhn?article_id=0004418325&office_id=014&mode=search&query=삼성전자&page=1,파이낸셜뉴스,"이 펀드는 삼성전자와 구글 자회사 알파벳, 애플, 인텔, 마이크로소프트, IBM 등을 담은 'FF-Global Technology Fund A-...",2020-05-03 18:21
코로나 충격 본격화 …상장사 2분기 실적 잿빛 전망,/news/news_read.nhn?article_id=0002495898&office_id=028&mode=search&query=삼성전자&page=1,한겨레,삼성전자의 2분기 영업이익 전망치는 7조1959억원으로 한달 전 전망치(8조2726억원)보다 13% 감소했다. 영업흑자가 예상됐던 에쓰오일(S-...,2020-05-03 18:52
"S&P ""한국 올 성장률 마이너스로 떨어져도 내년엔 5% 이상 반등""",/news/news_read.nhn?article_id=0004334104&office_id=015&mode=search&query=삼성전자&page=1,한국경제,경기를 덜 타는 품목들이 버팀목 역할을 했다는 설명이다. 국내 반도체 ‘투톱’인 삼성전자와 SK하이닉스는 지난 1분기 시장 예측을 넘어서는 영업이익을 달성했다.,2020-05-03 19:40
"[포토] 삼성, 갤럭시Z플립 ‘미러 골드’ 6일 출시",/news/news_read.nhn?article_id=0001317438&office_id=005&mode=search&query=삼성전자&page=1,국민일보,모델이 3일 삼성전자 갤럭시Z플립 ‘미러 골드’ 모델을 선보이고 있다. 오는 6일 국내에 출시되는 미러 골드 모델은 지난 2월 미국에서 열린 언...,2020-05-03 19:41
현대重·CJ `약진` 한진·에쓰오일 `부진`… 중위권 `엎치락 뒤치락`,/news/news_read.nhn?article_id=0002596200&office_id=029&mode=search&query=삼성전자&page=1,디지털타임스,"삼성의 경우 계열사 수는 줄었지만 삼성전자의 견고한 실적 등을 앞세워 압도적인 1위를 유지했고, 정의선 수석부회장이 그룹을 실질적으로 이끌고 있...",2020-05-03 20:01
이제 본격 소비절벽 닥치나… 속타는 기업들,/news/news_read.nhn?article_id=0003461809&office_id=022&mode=search&query=삼성전자&page=1,세계일보,중단했던 삼성전자와 LG전자의 해외 공장들이 이달 들어 속속 재가동에 나서고 있다. 미국과 유럽 등지의 이동 제한 명령이 완화되면서 다국적 기업...,2020-05-03 20:13
"단기 실적 악화는 불가피하나, 높은 위기관리 능력을 인정받았다 [박동흠의 생활 속...",/news/news_read.nhn?article_id=0003007042&office_id=032&mode=search&query=삼성전자&page=1,경향신문,삼성전자는 2020년 1분기 매출액이 2019년 1분기보다 5.6% 증가한 55조원이라고 공시했다. 이는 2019년 4분기 매출액 60조원과 비...,2020-05-03 21:09
