title,url,press,summary,date
"美 ""반도체 자급할 것""…TSMC·삼성전자 공장 확대 추진",/news/news_read.nhn?article_id=0004337853&office_id=015&mode=search&query=삼성전자&page=11,한국경제,"삼성전자, 대만 TSMC 등의 공장을 미국으로 불러들이려는 계획이 거론되고 있다. 한국 기업의 유턴을 촉진하고 해외 첨단산업을 유치하겠다는 한국...",2020-05-11 02:11
삼성전자 주주 136만명… 거래대금 액면분할 전보다 75% 늘어,/news/news_read.nhn?article_id=0003285332&office_id=020&mode=search&query=삼성전자&page=10,동아일보,6% 올라 코스피 대장주 삼성전자의 소액주주와 거래대금이 액면분할을 단행한 지 2년 만에 크게 늘어난 것으로 나타났다. 액면분할로 주가가 싸지며...,2020-05-11 03:03
"인공지능 활용한 모바일 외국어 예습-복습, 연내 서비스",/news/news_read.nhn?article_id=0003285345&office_id=020&mode=search&query=삼성전자&page=10,동아일보,그는 몇 년 전까지만 해도 삼성전자에서 갤럭시 시리즈의 모바일 디자인과 서비스 기획 업무 등을 담당하던 회사원이었다. 한양대 광고홍보학과를 졸업...,2020-05-11 03:03
"동학개미, 치고 빠진다 생각 말고 장기 투자 종목 늘리세요",/news/news_read.nhn?article_id=0001319682&office_id=005&mode=search&query=삼성전자&page=10,국민일보,"내가 삼성전자 3만원에 샀고, 너는 5만원에 샀는데, 삼성전자가 30년 뒤에 300만원 되면 다 같이 번 거 아닌가. 이게 주식투자다.” -코로...",2020-05-11 04:05
핵심 신산업으로 인정받은 시스템반도체ㆍ바이오헬스ㆍ미래차,/news/news_read.nhn?article_id=0000494978&office_id=469&mode=search&query=삼성전자&page=10,한국일보,지난해 4월 문 대통령은 삼성전자 화성사업장을 찾아 삼성의 ‘2030년 시스템반도체 1위 달성’ 목표에 힘을 보태겠다는 의지를 확실히 했다. 반...,2020-05-11 04:33
‘동학개미’와 쌍끌이 나섰던 국민연금...수익률 직격탄,/news/news_read.nhn?article_id=0002400702&office_id=119&mode=search&query=삼성전자&page=10,데일리안,"지난 두달간 연기금의 순매수 상위종목에 오른 삼성전자(-13.63%), SK하이닉스(8.21%), SK텔레콤(-6.97%), 현대차(-14.48...",2020-05-11 05:00
언택트 품은 인터넷·게임주...주가 재평가 속도낸다,/news/news_read.nhn?article_id=0002400703&office_id=119&mode=search&query=삼성전자&page=10,데일리안,지난해에만 해도 10위권 밖이었던 네이버는 시가총액 35조1523억원으로 삼성전자 우선주를 제치고 4위 자리에 등극했다. 카카오의 시가총액은 1...,2020-05-11 05:00
"조성욱 ""이재용 사과 긍정적…실천 구체화해야 시장이 신뢰""",/news/news_read.nhn?article_id=0002999520&office_id=025&mode=search&query=삼성전자&page=10,중앙일보,“매우 긍정적이다.” 이재용 삼성전자 부회장의 대국민 사과(6일)에 대한 조성욱 공정거래위원장의 평가다. 공정위는 재벌 정책을 주도해 '재벌 저...,2020-05-11 05:02
이건희 회장 병상 6년… 이재용표 ‘뉴 삼성’ 도약할까,/news/news_read.nhn?article_id=0003089248&office_id=081&mode=search&query=삼성전자&page=10,서울신문,이건희 삼성전자 회장이 병상에 누운 지 10일로 꼭 6년이 됐지만 삼성 구성원들에게 잊을 수 없는 ‘5월의 기억’은 진행 중이다. 이 회장의 와...,2020-05-11 05:07
"기후규제, 법보다 '투자자 압박'으로 속도낸다",/news/news_read.nhn?article_id=0004406418&office_id=008&mode=search&query=삼성전자&page=10,머니투데이,포스코와 마찬가지로 철강 업종에 속한 현대제철(2251만여톤)이 2위였고 쌍용양회(1097만여톤) 삼성전자(1078만여톤) S-Oil(882만여...,2020-05-11 05:34
"""한국 전기차 배터리 '독주' 시작됐다""",/news/news_read.nhn?article_id=0000540534&office_id=417&mode=search&query=삼성전자&page=10,머니S,신한BNP파리바자산운용 삼성전자알파혼합형펀드 New York Report ◆ 도망간 맨해튼 부자들… 그 뒤에 남겨진 자들 명동인사이트 ◆ 난기류...,2020-05-11 06:05
"코로나로 주춤했던 ELS, '高수익률' 내세워 다시 시동",/news/news_read.nhn?article_id=0000520935&office_id=366&mode=search&query=삼성전자&page=10,조선비즈,신한금융투자도 이날 삼성전자(005930)와 넷플릭스를 기초자산으로 하는 연 12% 수익률 ELS를 모집할 계획이다. NH투자증권은 아마존과 엔...,2020-05-11 06:11
"원유 ETN 투기 광풍, 당국대책 효과 볼까",/news/news_read.nhn?article_id=0004406432&office_id=008&mode=search&query=삼성전자&page=10,머니투데이,"액면병합, 삼성전자 '국민주' 사례 반대 적용…심리적 장벽 기대 주식병합은 금융투자업계에서 먼저 요청했던 사안이기도 하다. ETN(상장지수채권)...",2020-05-11 06:15
"전기차 움켜쥔 韓 배터리,… 미래 모빌리티 패권 '지킨다'",/news/news_read.nhn?article_id=0000540537&office_id=417&mode=search&query=삼성전자&page=10,머니S,"삼성전자, 삼성SDI, LG화학, 등도 전고체배터리 개발을 진행 중이다. 삼성전자의 경우 현대차와 마찬가지로 2018년 미국 솔리드파워에 지분을...",2020-05-11 06:30
71% 지지율 자신감…J노믹스 남은 2년 '승부수 셋',/news/news_read.nhn?article_id=0004406436&office_id=008&mode=search&query=삼성전자&page=10,머니투데이,삼성전자와 SK하이닉스 등이 전세계 시장 매출의 60~70%를 확보한 메모리반도체 부문과 달리 시스템반도체 시장에서 국내 업계의 매출 점유율은 ...,2020-05-11 06:30
올해 역대급 더위온다… 에어컨시장 ‘들썩’,/news/news_read.nhn?article_id=0000540538&office_id=417&mode=search&query=삼성전자&page=10,머니S,삼성전자는 올해 1월 별도의 도구 없이 전면 패널 전체를 쉽게 분리할 수 있도록 설계해 내부 팬의 블레이드까지 청결하게 관리할 수 있는 ‘이지케...,2020-05-11 06:42
LCD 외부조달 해도 TV 1위 문제없다.. 삼성의 '자신감',/news/news_read.nhn?article_id=0003735107&office_id=011&mode=search&query=삼성전자&page=10,서울경제,삼성전자(005930) 소비자가전(CE) 사업부의 디스플레이 구매 비용이 최근 2년새 절반으로 줄어든 반면 TV 매출은 1.5배 가량 늘었다. ...,2020-05-11 07:01
"[클릭 e종목] 케이엠더블유, 6월부터 국내·외 매출 본격화…""매수 기회""",/news/news_read.nhn?article_id=0004675352&office_id=277&mode=search&query=삼성전자&page=10,아시아경제,"우선 6월부터 라쿠텐, 삼성전자 시스템 장비 매출액이 본격화될 것으로 예상된다. 또 ZTE가 중국 통신 3사로부터 벤더 매출 점유율 30% 이상...",2020-05-11 07:09
"檢, 이르면 이번주 중 이재용 소환…이달 내 수사 마무리",/news/news_read.nhn?article_id=0000211131&office_id=374&mode=search&query=삼성전자&page=10,SBS CNBC,삼성물산과 제일모직 간의 합병과 삼성바이오로직스 분식회계 의혹 등을 수사 중인 검찰이 이르면 이번 주 중 이재용 삼성전자 부회장을 소환할 전망입...,2020-05-11 07:17
[빅데이터MSI]11일 오전 주식시장 심리 5단계 '약간 좋음',/news/news_read.nhn?article_id=0009854814&office_id=003&mode=search&query=삼성전자&page=10,뉴시스,"대장주 삼성전자의 MSI 레벨은 7단계로 집계됐다. 시가총액 상위 종목 중 SK하이닉스는 3단계, LG화학은 2단계, 현대차는 6단계, 셀트리온...",2020-05-11 08:08
미국도 마이너스 금리로 떨어지나 [김현석의 월스트리트나우],/news/news_read.nhn?article_id=0004337883&office_id=015&mode=search&query=삼성전자&page=10,한국경제,"코로나바이러스 팬데믹 같은 사태로 인한 공급망 혼란 재발을 막기 위해 TSMC, 삼성전자 등의 공장을 미국으로 불러들이려는 계획이 논의되고 있다...",2020-05-11 08:10
"`경영권 불승계`…""삼성물산·전자, 기업가치 재평가 기대""",/news/news_read.nhn?article_id=0004636857&office_id=018&mode=search&query=삼성전자&page=9,이데일리,"미래에셋대우는 11일 삼성물산(028260), 삼성전자(005930) 등 삼성그룹주의 기업가치 재평가가 기대된다고 밝혔다. 이는 이재용 부회장이 경영권 불승계를 선언하며 ...",2020-05-11 08:15
"""케이씨, 반도체 투자 확대시 수혜 예상""",/news/news_read.nhn?article_id=0004337892&office_id=015&mode=search&query=삼성전자&page=9,한국경제,"개선으로 삼성전자와 SK하이닉스의 신규 투자 확대가 기대된다""고 말했다. 신규 공장 증설에 적용되는 반도체 장비들은 대부분 3~7개월 이상 제작...",2020-05-11 08:25
"[빅데이터MSI]시장심리 톱5, 삼성전자·한화·셀트리온·LG유플러스·신세계",/news/news_read.nhn?article_id=0009854840&office_id=003&mode=search&query=삼성전자&page=9,뉴시스,11일 빅데이터 시장심리지수(MSI)가 가장 높은 톱5에 삼성전자·한화·셀트리온·LG유플러스·신세계가 선정됐다. 이는 뉴시스와 코스콤이 주요 상...,2020-05-11 08:26
"SKC코오롱PI, 가파른 성장..배당 매력도-하나",/news/news_read.nhn?article_id=0004406476&office_id=008&mode=search&query=삼성전자&page=9,머니투데이,"애플 OLED 모델 비중 증가 및 삼성전자 폴더블 스마트폰 출시에 따른 삼성디스플레이 플렉시블 OLED 패널 출하 증가, 5G 스마트폰 안테나 FPCB 원재료 매출 하반기...",2020-05-11 08:36
삼성 밀어낸 애플·샤오미...1분기 판매량 1위 ‘아이폰11’,/news/news_read.nhn?article_id=0003735125&office_id=011&mode=search&query=삼성전자&page=9,서울경제,샤오미 홍미노트8&8T가 뒤를 이어 2위를 차지했으며 삼성전자(005930) 갤럭시 A 시리즈는 3~4위를 기록했다. 시장조사업체 카날리스에 따...,2020-05-11 08:41
"필수소비재·통신株, 어닝시즌 더 빛난 실적 방어주",/news/news_read.nhn?article_id=0001671549&office_id=016&mode=search&query=삼성전자&page=9,헤럴드경제,반도체 내에서는 4월 29일 컨퍼런스콜을 통해 세부 실적을 발표한 삼성전자의 실적 전망치가 전주 대비 8.6% 하향됐다. 2분기에는 코로나19로...,2020-05-11 08:52
"하나금투 ""케이엠더블유, 급격한 실적 향상 6월 전후""",/news/news_read.nhn?article_id=0009854889&office_id=003&mode=search&query=삼성전자&page=9,뉴시스,"그는 ""6월부터 라쿠텐, 삼성전자 시스템 장비 매출액이 본격화될 것으로 예상된다""면서 ""ZTE가 중국 통신 3사로부터 벤더 매출 점유율 30% ...",2020-05-11 09:00
더 뜨겁고 더 길어질 올 여름 삼성 무풍에어컨으로 여름 휴가 준비하세요!,/news/news_read.nhn?article_id=0004337907&office_id=015&mode=search&query=삼성전자&page=9,한국경제,삼성전자가 새롭게 선보일 ‘무풍 3멀티’는 1대의 실외기에 무풍에어컨 갤러리 1대와 무풍에어컨 벽걸이 와이드 2대까지 총 3대를 조합할 수 있다...,2020-05-11 09:01
"KT, 삼성전자 전용 단말보험 갤럭시 케어 출시",/news/news_read.nhn?article_id=0009854901&office_id=003&mode=search&query=삼성전자&page=9,뉴시스,KT는 갤럭시 시리즈 사용자들을 위해 삼성전자 전용 단말보험 ’갤럭시케어’를 11일 출시한다고 밝혔다. KT 모델들이 KT의 삼성전자 전용 단말...,2020-05-11 09:04
"KT, 삼성전자 전용 단말보험 갤럭시 케어 출시",/news/news_read.nhn?article_id=0009854900&office_id=003&mode=search&query=삼성전자&page=9,뉴시스,KT는 갤럭시 시리즈 사용자들을 위해 삼성전자 전용 단말보험 ’갤럭시케어’를 11일 출시한다고 밝혔다. KT 모델들이 KT의 삼성전자 전용 단말...,2020-05-11 09:04
"美 경제활동 재개 기대감..코스피, 이틀째 상승 출발",/news/news_read.nhn?article_id=0004636936&office_id=018&mode=search&query=삼성전자&page=9,이데일리,"삼성전자(005930)가 0.41% 오르고 삼성바이오로직스(207940), 셀트리온(068270), 삼성SDI(006400), 카카오(035720)가 1%대 상승하고 있다...",2020-05-11 09:09
"KT, '삼성전자 전용 단말보험이 나왔어요'",/news/news_read.nhn?article_id=0004629929&office_id=421&mode=search&query=삼성전자&page=9,뉴스1,= KT는 갤럭시 시리즈 사용자들을 위해 삼성전자 전용 단말보험 ’갤럭시케어’를 11일 출시한다고 밝혔다. 갤럭시케어는 도난?분실과 파손에 대한...,2020-05-11 09:09
"KT, 삼성전자 전용 단말보험 ‘갤럭시케어’ 출시",/news/news_read.nhn?article_id=0004629930&office_id=421&mode=search&query=삼성전자&page=9,뉴스1,= KT는 갤럭시 시리즈 사용자들을 위해 삼성전자 전용 단말보험 ’갤럭시케어’를 11일 출시한다고 밝혔다. 갤럭시케어는 도난?분실과 파손에 대한...,2020-05-11 09:09
재계 1위 삼성 '마지막 총수' 이재용…100조 실탄 M&A 겨냥,/news/news_read.nhn?article_id=0000537587&office_id=031&mode=search&query=삼성전자&page=9,아이뉴스24,"""가장 잘 할 수 있는 분야에 집중하면서도 신사업에 과감하게 도전하겠다."" 이재용 삼성전자 부회장이 대국민 사과를 통해 4세 승계를 포기하고 회...",2020-05-11 09:11
"코스피, 외국인·기관 동반 매도에도 강보합 출발",/news/news_read.nhn?article_id=0004572069&office_id=009&mode=search&query=삼성전자&page=9,매일경제,"시가총액 상위 종목들 가운데 삼성전자, 삼성바이오로직스, NAVER, 셀트리온, LG화학, 현대차, 삼성SDI, 카카오, 현대모비스 등은 상승하...",2020-05-11 09:11
KT 갤럭시케어 출시,/news/news_read.nhn?article_id=0004629937&office_id=421&mode=search&query=삼성전자&page=9,뉴스1,= KT는 갤럭시 시리즈 사용자들을 위해 삼성전자 전용 단말보험 ’갤럭시케어’를 11일 출시한다고 밝혔다. 갤럭시케어는 도난?분실과 파손에 대한...,2020-05-11 09:12
"KT ""삼성전자 전용 단말보험 ‘갤럭시케어’""",/news/news_read.nhn?article_id=0004629936&office_id=421&mode=search&query=삼성전자&page=9,뉴스1,= KT는 갤럭시 시리즈 사용자들을 위해 삼성전자 전용 단말보험 ’갤럭시케어’를 11일 출시한다고 밝혔다. 갤럭시케어는 도난?분실과 파손에 대한...,2020-05-11 09:12
"[fn오전시황]코스피, 개인 매수세에 1950선 상승세",/news/news_read.nhn?article_id=0004421896&office_id=014&mode=search&query=삼성전자&page=9,파이낸셜뉴스,"시가총액 상위종목별로 삼성전자(0.72%), SK하이닉스(0.24%) 등이 상승세다. 반면 LG화학(-0.43%) 등은 하락세다. 코스닥은 전거래일 대비 2.50포인트 오...",2020-05-11 09:15
"""삼성도 TSMC도…"" 반도체 자국 생산 늘리려는 美",/news/news_read.nhn?article_id=0004406511&office_id=008&mode=search&query=삼성전자&page=9,머니투데이,"이날 WSJ는 ""미국 관리들은 삼성전자가 미국에서 더 발전된 반도체를 생산하도록 제작을 늘리는 것을 돕는 데 관심을 보인다""고도 전했다. 삼성전...",2020-05-11 09:17
"KT, 삼성전용 단말보험 '갤럭시케어'…""분실시 새단말 준다""",/news/news_read.nhn?article_id=0000869744&office_id=215&mode=search&query=삼성전자&page=9,한국경제TV,"KT는 갤럭시 S20, 갤럭시 노트10, 갤럭시 Z플립 등 갤럭시 시리즈 사용자를 위한 삼성전자 전용 단말보험 '갤럭시케어'를 11일 출시한다고...",2020-05-11 09:20
"삼성전자, '더 세로' TV·'비스포크' 냉장고 이달 중 해외 공략",/news/news_read.nhn?article_id=0000537591&office_id=031&mode=search&query=삼성전자&page=8,아이뉴스24,삼성전자가 이달 라이프스타일 TV '더 세로'와 맞춤형 냉장고 '비스포크'를 해외에 출시한다. 11일 삼성전자에 따르면 삼성전자는 '더 세로'를...,2020-05-11 09:20
"KT, 삼성전자 전용 단말보험 '갤럭시케어' 출시",/news/news_read.nhn?article_id=0004406514&office_id=008&mode=search&query=삼성전자&page=8,머니투데이,KT는 갤럭시S20·갤럭시노트10·갤럭시Z플립 등 다양한 갤럭시 시리즈 사용자를 위해 삼성전자 전용 단말 보험 '갤럭시케어'를 출시했다고 11일...,2020-05-11 09:22
"코스피, 소폭 상승 출발에 1950선 회복",/news/news_read.nhn?article_id=0004675468&office_id=277&mode=search&query=삼성전자&page=8,아시아경제,"삼성전자(0.72%), NAVER(1.40%), 셀트리온(1.43%), 현대차(1.8%) 등은 상승했다. 같은 시각 코스닥지수도 전장 대비 3....",2020-05-11 09:24
"[개장시황] 코스피, 美고용지표 우려보다 양호…1950 회복",/news/news_read.nhn?article_id=0000537593&office_id=031&mode=search&query=삼성전자&page=8,아이뉴스24,"삼성전자 0.41%, 삼성바이오로직스 0.85%, NAVER 0.47%, 삼성전자우 0.36%의 상승률을 보이고 있다. 코스닥지수는 전 거래일보다 4.51포인트(0.66%...",2020-05-11 09:25
"[오전시황]코스피, 상승출발···장중 1,950 돌파",/news/news_read.nhn?article_id=0003735175&office_id=011&mode=search&query=삼성전자&page=8,서울경제,"시가 총액 상위종목 중에는 삼성전자(0.61%)와 네이버(1.17%), 셀트리온(0.71%), LG생활건강(0.35%), 현대차(1.59%) 등...",2020-05-11 09:29
"미 경제활동 재개 기대감…코스피, 장초반 상승세",/news/news_read.nhn?article_id=0002400764&office_id=119&mode=search&query=삼성전자&page=8,데일리안,"시가총액 상위종목별로 살펴보면 삼성전자(0.51%)를 비롯해 네이버(1.17%), 셀트리온(1.19%), LG생활건강(0.28%), 현대차(1....",2020-05-11 09:29
"""삼성전자 무풍에어컨 사전점검으로 폭염 대비""",/news/news_read.nhn?article_id=0000211151&office_id=374&mode=search&query=삼성전자&page=8,SBS CNBC,"삼성전자서비스는 6월 12일까지 무풍에어컨 사전점검 이벤트를 진행한다. 삼성전자서비스 측은 ""자가점검 후 제품 고장을 발견해 사전점검 서비스를 ...",2020-05-11 09:29
"KT, 삼성전자 전용 단말보험 '갤럭시케어' 출시",/news/news_read.nhn?article_id=0009854952&office_id=003&mode=search&query=삼성전자&page=8,뉴시스,KT는 삼성전자 전용 단말보험 ’갤럭시케어’를 출시했다고 11일 밝혔다. 갤럭시케어는 기존 단말보험인 ‘슈퍼안심’과 비교해 ▲자기부담금 감소 ▲...,2020-05-11 09:30
[개장] 코스피 1950선 회복… 개인 '사자'에 상승,/news/news_read.nhn?article_id=0000540627&office_id=417&mode=search&query=삼성전자&page=8,머니S,"삼성전자(0.72%), SK하이닉스(0.24%), 삼성바이오로직스(0.68%), NAVER(1.64%), 삼성전자우(0.60%), 셀트리온(1....",2020-05-11 09:30
"[이진우의 주간 증시] 국내증시, 박스권 장세…변수는?",/news/news_read.nhn?article_id=0000211152&office_id=374&mode=search&query=삼성전자&page=8,SBS CNBC,-재료없는 장세 속 박스권 등락 -지속적인 외국인 매도에 지수 상승 제한적 -삼성전자 큰 폭 상승 시 추가 상승력 염두 -강력한 악재 등장해야 ...,2020-05-11 09:30
"‘소부장 펀드’, 코로나 증시에도 수익률 9.06%",/news/news_read.nhn?article_id=0001671594&office_id=016&mode=search&query=삼성전자&page=8,헤럴드경제,"지난해 7월 무역분쟁이 심화되던 시기, 국내 소부장 기업 육성을 위해 NH-Amundi자산운용에서 국내 최초로 내놓은 상품으로, 삼성전자, SK...",2020-05-11 09:31
美 '반도체 자급' 추진...인텔·TSMC·삼성전자 공장 확대 가능성,/news/news_read.nhn?article_id=0009854957&office_id=003&mode=search&query=삼성전자&page=8,뉴시스,삼성전자도 미국의 반도체 자급화 추진 계획에 주요한 파트너로 거론된다. WSJ은 미국 텍사스주 오스틴에 이미 공장을 두고 있는 한국의 삼성전자가...,2020-05-11 09:33
"국민연금, 지난달 언택트 투자 쏠쏠…네이버·카카오 20%대 수익",/news/news_read.nhn?article_id=0001671597&office_id=016&mode=search&query=삼성전자&page=8,헤럴드경제,비대면 확산에 따른 서버용 반도체 수요 성장이 예상되는 삼성전자와 SK하이닉스도 투자 확대 대상이었다. 지난달 삼성전자 지분은 9.92%에서 1...,2020-05-11 09:36
양향자 개인적 삶 장례 치러…이제 정치에서 한계 깨겠다,/news/news_read.nhn?article_id=0000053598&office_id=050&mode=search&query=삼성전자&page=8,한경비즈니스,전남 화순에서 태어나 일찍이 아버지를 여의고 1985년 광주여상을 졸업한 뒤 삼성반도체통신(현 삼성전자) 메모리설계실 연구원 사무 보조원으로 입...,2020-05-11 09:40
"[특징주] 케이씨, 반도체 투자 확대시 최대수혜 증권가 분석에 '강세'",/news/news_read.nhn?article_id=0004421946&office_id=014&mode=search&query=삼성전자&page=8,파이낸셜뉴스,"5월 이후에도 추가적인 가격 상승이 전망된다”며 “반도체 업황이 개선되면서 삼성전자, SK하이닉스 등 전방업체 대규모 신규 투자가 기대된다”면서 “반도체...",2020-05-11 09:41
더 뜨거울 올 여름 ‘홈캉스’ 삼성전자 무풍에어컨 사전점검 이벤트,/news/news_read.nhn?article_id=0002999559&office_id=025&mode=search&query=삼성전자&page=8,중앙일보,"━ 강력한 급속 냉방부터 쾌적한 무풍 냉방까지 온 가족이 누린다, 2020년형 무풍에어컨 갤러리 삼성전자의 2020년형 무풍에어컨 갤러리는 무더...",2020-05-11 09:45
"코스피, 상승 출발…두달 만에 장중 1,960선 돌파(종합)",/news/news_read.nhn?article_id=0011599637&office_id=001&mode=search&query=삼성전자&page=8,연합뉴스,"시가총액 상위 종목은 현대차(1.90%), 네이버(1.40%), 셀트리온(1.19%), 삼성SDI(1.05%), 삼성전자(0.61%), LG생활...",2020-05-11 09:47
"[특징주]유한양행, 외국계 매수에 `52주 신고가`",/news/news_read.nhn?article_id=0004637014&office_id=018&mode=search&query=삼성전자&page=8,이데일리,외국인들은 현재 860억원이상 유한양행을 순매수하며 삼성전자에 이어 순매수 2위 종목에 올려두고 있다. JP모건 창구로 8만3000여주이상 매수주문이 몰리고...,2020-05-11 09:51
美 '반도체 자급' 추진...인텔·TSMC·삼성전자 공장 확대 가능성(종합),/news/news_read.nhn?article_id=0009855015&office_id=003&mode=search&query=삼성전자&page=8,뉴시스,삼성전자도 미국의 반도체 자급화 추진 계획에 주요한 파트너로 거론된다. WSJ은 미국 텍사스주 오스틴에 이미 공장을 두고 있는 한국의 삼성전자가...,2020-05-11 09:55
"G마켓·옥션, '갤럭시 북 플렉스 알파+야나두 수강권' 패키지 단독 판매",/news/news_read.nhn?article_id=0004421979&office_id=014&mode=search&query=삼성전자&page=8,파이낸셜뉴스,이 프로모션에서는 삼성전자 신제품 '갤럭시 북 플렉스 알파'와 야나두 영어회화 수강권으로 구성된 특별 패키지 상품을 단독 판매한다. 최근 온라인...,2020-05-11 10:00
"""한일 갈등에 충격"" 日도 반도체 전쟁 뛰어든다",/news/news_read.nhn?article_id=0004406558&office_id=008&mode=search&query=삼성전자&page=7,머니투데이,소재업체들의 삼성전자 의존도가 높은 점만 드러났다. 이 때문에 한국 반도체업계보다 일본 소재업체들의 불만이 더 커지게 됐다. 경제산업성 관료는 ...,2020-05-11 10:06
부담 낮추고 혜택은 늘렸다...KT ‘갤럭시케어’ 출시,/news/news_read.nhn?article_id=0003735232&office_id=011&mode=search&query=삼성전자&page=7,서울경제,KT(030200)는 갤럭시 S20과 갤럭시Z플립 등 갤럭시 시리즈를 위한 삼성전자 전용 단말보험 ‘갤럭시케어’를 11일 출시했다. 갤럭시케어는...,2020-05-11 10:08
코스피 오전 10시 1946선…기관·외인 ‘팔자’에 보합권 밀려,/news/news_read.nhn?article_id=0002223466&office_id=123&mode=search&query=삼성전자&page=7,조세일보,시가총액 1위인 삼성전자는 전 거래일보다 150원(0.31%) 오른 4만8950원에 거래되고 있다. 2위인 SK하이닉스는 600원(0.71%) ...,2020-05-11 10:15
김현석 삼성전자 사장의 이유있는 자신감…3%까지 좁힌 MS,/news/news_read.nhn?article_id=0000537630&office_id=031&mode=search&query=삼성전자&page=7,아이뉴스24,김현석 삼성전자 사장의 표정엔 자신감이 묻어났다. 2010년 '스타일러'로 시장을 선점하고 있는 LG전자에 비해 후발주자로 뛰어들지만 소비자를 ...,2020-05-11 10:16
"[특징주]케이씨, 반도체 투자 확대 수혜 기대 강세",/news/news_read.nhn?article_id=0004675581&office_id=277&mode=search&query=삼성전자&page=7,아시아경제,"이재영 리서치알음 연구원은 ""최근 가격 하락의 주요 원인으로 작용했던 반도체 공급과잉 현상이 빠르게 해소되고 있다""며 ""올해 반도체 업황 개선으로 삼성전자와...",2020-05-11 10:34
한국만 때린다···美 ‘특허괴물’ 소송 韓기업 집중,/news/news_read.nhn?article_id=0003735262&office_id=011&mode=search&query=삼성전자&page=7,서울경제,글로벌 NPE들은 삼성전자(005930)와 LG전자 등 국내 대형 정보기술(IT) 기업에 소송을 걸며 국내 첨단 기술에 견제하고 있다. 11일 ...,2020-05-11 10:50
"유상호 한투증권 부회장, '삼성합병 의혹' 참고인 출석",/news/news_read.nhn?article_id=0009855238&office_id=003&mode=search&query=삼성전자&page=7,뉴시스,삼성물산과 제일모직 합병 과정이 이재용 삼성전자 부회장의 경영권 승계 과정과 직결돼 있다고 검찰은 의심하고 있다. 앞서 검찰은 지난해 9월 한국...,2020-05-11 10:53
"경영, 자녀 안 물려준다 고개 숙인 이재용 부회장",/news/news_read.nhn?article_id=0000010007&office_id=243&mode=search&query=삼성전자&page=7,이코노미스트,준법감시위 권고 따라 대국민 사과문 발표… “법 어기지 않겠다” 선언 이재용 삼성전자 부회장이 지난 5월 6일 대국민 사과문을 내고 고개 숙였다...,2020-05-11 10:55
실외기 1대로 에어컨 3대까지…선택폭 넓힌 삼성,/news/news_read.nhn?article_id=0004406652&office_id=008&mode=search&query=삼성전자&page=7,머니투데이,"삼성전자가 11일 실외기 1대로 최대 3대의 에어컨을 설치할 수 있는 '무풍에어컨 멀티'에 무풍에어컨 갤러리와 벽걸이 와이드를 추가, 출시했다....",2020-05-11 11:00
"삼성 '무풍에어컨 멀티' 라인업 확대…""냉방면적 최대 100㎡""",/news/news_read.nhn?article_id=0011599955&office_id=001&mode=search&query=삼성전자&page=7,연합뉴스,삼성전자는 실외기 1대로 최다 3대의 에어컨을 설치할 수 있는 '무풍에어컨 멀티' 라인업에 무풍에어컨 갤러리와 벽걸이 와이드를 추가한다고 11일...,2020-05-11 11:00
삼성 무풍에어컨 갤러리·벽걸이 와이드 추가… 최대 100㎡ 동시 냉방,/news/news_read.nhn?article_id=0004675617&office_id=277&mode=search&query=삼성전자&page=7,아시아경제,삼성전자는 실외기 1대로 최대 3대의 에어컨을 설치할 수 있는 '무풍에어컨 멀티' 라인업에 무풍에어컨 갤러리와 벽걸이 와이드를 추가했다고 11일...,2020-05-11 11:00
삼성전자 '무풍에어컨' 멀티 라인업 확대,/news/news_read.nhn?article_id=0009855268&office_id=003&mode=search&query=삼성전자&page=7,뉴시스,삼성전자가 실외기 1대로 최대 3대의 에어컨을 설치할 수 있는 ‘무풍에어컨 멀티’ 라인업에 무풍에어컨 갤러리와 벽걸이 와이드를 추가해 무풍에어컨...,2020-05-11 11:00
"삼성전자, '무풍에어컨' 멀티 제품군 확대 출시",/news/news_read.nhn?article_id=0004630246&office_id=421&mode=search&query=삼성전자&page=7,뉴스1,삼성전자가 실외기 1대로 최대 3대의 에어컨을 설치할 수 있는 '무풍에어컨 멀티' 제품군을 늘려 무풍에어컨에 대한 소비자 선택 폭을 한층 넓힌다...,2020-05-11 11:00
"삼성전자, '무풍에어컨' 멀티 제품군 확대 출시",/news/news_read.nhn?article_id=0004630255&office_id=421&mode=search&query=삼성전자&page=7,뉴스1,= 삼성전자는 '무풍에어컨 멀티'에 무풍에어컨 갤러리와 벽걸이 와이드를 추가한다고 11일 밝혔다. 또한 삼성전자는 멀티 에어컨 라인업을 확대하면...,2020-05-11 11:00
"삼성, '무풍에어컨' 멀티라인업 확대…""3멀티, 30평 냉방""",/news/news_read.nhn?article_id=0000869804&office_id=215&mode=search&query=삼성전자&page=7,한국경제TV,삼성전자가 실외기 1대로 최대 3대의 에어컨을 설치할 수 있는 '무풍에어컨 멀티' 라인업에 무풍에어컨 갤러리와 벽걸이 와이드를 추가했다. 삼성전...,2020-05-11 11:00
"삼성전자, '무풍에어컨' 멀티 라인업 확대",/news/news_read.nhn?article_id=0011599950&office_id=001&mode=search&query=삼성전자&page=7,연합뉴스,삼성전자가 실외기 1대로 최대 3대의 에어컨을 설치할 수 있는 '무풍에어컨 멀티' 라인업에 무풍에어컨 갤러리와 벽걸이 와이드를 추가해 무풍에어컨...,2020-05-11 11:00
"삼성전자, '무풍에어컨' 멀티 라인업 확대",/news/news_read.nhn?article_id=0011599949&office_id=001&mode=search&query=삼성전자&page=7,연합뉴스,삼성전자가 실외기 1대로 최대 3대의 에어컨을 설치할 수 있는 '무풍에어컨 멀티' 라인업에 무풍에어컨 갤러리와 벽걸이 와이드를 추가해 무풍에어컨...,2020-05-11 11:00
삼성 ‘무풍에어컨’ 멀티 라인업 확대,/news/news_read.nhn?article_id=0004630254&office_id=421&mode=search&query=삼성전자&page=7,뉴스1,= 삼성전자는 '무풍에어컨 멀티'에 무풍에어컨 갤러리와 벽걸이 와이드를 추가한다고 11일 밝혔다. 또한 삼성전자는 멀티 에어컨 라인업을 확대하면...,2020-05-11 11:00
"삼성, 실외기 1대로 에어컨 3대 연결 ‘무풍에어컨 멀티’ 출시",/news/news_read.nhn?article_id=0003008290&office_id=032&mode=search&query=삼성전자&page=7,경향신문,삼성전자가 실외기 1대로 최대 3대의 에어컨을 연결해 쓸 수 있는 ‘무풍에어컨 멀티’를 출시했다. 삼성전자는 무풍에어컨 스탠드형 1대와 벽걸이형...,2020-05-11 11:01
"삼성전자, '30평까지 냉방' 3멀티 무풍에어컨 내놨다",/news/news_read.nhn?article_id=0004422086&office_id=014&mode=search&query=삼성전자&page=7,파이낸셜뉴스,삼성전자가 국내 최대인 100㎡(약 30평) 면적의 냉방이 가능한 '3멀티형' 무풍에어컨 서비스를 선보였다. 삼성전자는 실외기 1대로 최대 3대...,2020-05-11 11:01
"삼성전자, '무풍에어컨 멀티' 라인업 확대",/news/news_read.nhn?article_id=0000537647&office_id=031&mode=search&query=삼성전자&page=6,아이뉴스24,삼성전자는 실외기 1대로 최대 3대의 에어컨을 설치할 수 있는 '무풍에어컨 멀티' 라인업에 무풍에어컨 갤러리와 벽걸이 와이드를 추가한다고 11일...,2020-05-11 11:01
"삼성전자, ‘무풍에어컨’ 멀티 라인업 확대",/news/news_read.nhn?article_id=0004637106&office_id=018&mode=search&query=삼성전자&page=6,이데일리,삼성전자 ‘무풍에어컨 멀티’. (사진=삼성전자)[이데일리 김종호 기자] 삼성전자(005930)는 실외기 1대로 최대 3대의 에어컨을 설치할 수 ...,2020-05-11 11:01
"삼성전자, `무풍에어컨 멀티` 라인업 확대…갤러리·벽결이 와이드 추가",/news/news_read.nhn?article_id=0002597246&office_id=029&mode=search&query=삼성전자&page=6,디지털타임스,삼성전자가 실외기 1대로 최대 3대의 에어컨을 설치할 수 있는 '무풍에어컨 멀티' 라인업에 무풍에어컨 갤러리와 벽걸이 와이드를 추가했다고 11일...,2020-05-11 11:01
"삼성전자, ‘무풍에어컨’ 멀티 라인업 확대…실외기 설치 공간·비용 줄여",/news/news_read.nhn?article_id=0001671723&office_id=016&mode=search&query=삼성전자&page=6,헤럴드경제,삼성전자는 실외기 1대로 최대 3대의 에어컨을 설치할 수 있는 ‘무풍에어컨 멀티’ 라인업에 무풍에어컨 갤러리와 벽걸이 와이드를 추가했다고 11일...,2020-05-11 11:02
삼성전자 `무풍에어컨` 멀티 라인업 확대,/news/news_read.nhn?article_id=0004572183&office_id=009&mode=search&query=삼성전자&page=6,매일경제,삼성전자는 실외기 1대로 최대 3대의 에어컨을 설치할 수 있는 '무풍에어컨 멀티' 라인업에 무풍에어컨 갤러리와 벽걸이 와이드 모델을 추가했다고 ...,2020-05-11 11:03
"삼성전자, '무풍에어컨' 멀티 라인업 확대",/news/news_read.nhn?article_id=0011599977&office_id=001&mode=search&query=삼성전자&page=6,연합뉴스,삼성전자가 실외기 1대로 최대 3대의 에어컨을 설치할 수 있는 '무풍에어컨 멀티' 라인업에 무풍에어컨 갤러리와 벽걸이 와이드를 추가해 무풍에어컨...,2020-05-11 11:04
"삼성전자, ‘무풍에어컨’ 멀티 라인업 확대",/news/news_read.nhn?article_id=0004630300&office_id=421&mode=search&query=삼성전자&page=6,뉴스1,= 삼성전자는 '무풍에어컨 멀티'에 무풍에어컨 갤러리와 벽걸이 와이드를 추가한다고 11일 밝혔다. 또한 삼성전자는 멀티 에어컨 라인업을 확대하면...,2020-05-11 11:05
삼성 4세 경영 포기 선언…두 달간 직접 작성한 이재용의 ‘뉴 삼성 선언’,/news/news_read.nhn?article_id=0000065356&office_id=024&mode=search&query=삼성전자&page=6,매경이코노미,“자녀에게 회사 경영권을 물려주지 않겠다. ” 이재용 삼성전자 부회장이 5월 6일 ‘대국민 사과문’을 발표했다. 이 부회장이 직접 대국민 사과에...,2020-05-11 11:09
文 대통령 가입한 ‘소부장 펀드’ 코로나 급락장서도 수익률 9%대,/news/news_read.nhn?article_id=0001671736&office_id=016&mode=search&query=삼성전자&page=6,헤럴드경제,"지난해 7월 무역분쟁이 심화되던 시기, 국내 소부장 기업 육성을 위해 NH -Amundi자산운용에서 국내 최초로 내놓은 상품으로, 삼성전자, SK하이닉스 등 반도체 대장주...",2020-05-11 11:14
"필수소비재·통신, 실적전망 상향...어닝시즌 ‘실적 방어주’ 더 빛났다",/news/news_read.nhn?article_id=0001671748&office_id=016&mode=search&query=삼성전자&page=6,헤럴드경제,반도체 내에서는 4월 29일 컨퍼런스콜을 통해 세부 실적을 발표한 삼성전자의 실적 전망치가 전주 대비 8.6% 하향됐다. 2분기에는 코로나19로 인한 세트 수요 감소의.....,2020-05-11 11:19
삼성전자 수익률 꼴찌…반등장에 고개숙인 개미,/news/news_read.nhn?article_id=0004675665&office_id=277&mode=search&query=삼성전자&page=6,아시아경제,코스피 31.2% 반등하는 동안 삼성전자 14.8% 상승 그쳐 개인 순매수 1위에도 불구 상위 10개 중 상승률 최저 [아시아경제 고형광 기자]...,2020-05-11 11:20
‘언택트 투자’ 늘린 국민연금…네이버·카카오 수익 ‘짭짤’,/news/news_read.nhn?article_id=0001671752&office_id=016&mode=search&query=삼성전자&page=6,헤럴드경제,비대면 확산에 따른 서버용 반도체 수요 성장이 예상되는 삼성전자와 SK하이닉스도 투자 확대 대상이었다. 지난달 삼성전자 지분은 9.92%에서 10.01%로...,2020-05-11 11:20
"3년동안 파손·분실 걱정없이…KT, ‘갤럭시케어’ 출시",/news/news_read.nhn?article_id=0001671767&office_id=016&mode=search&query=삼성전자&page=6,헤럴드경제,KT가 삼성전자 갤럭시 전용 단말 보험인 ‘갤럭시케어’를 11일 출시한다고 밝혔다. 갤럭시케어는 ▷자기부담금 감소 ▷배터리 교체보상 강화 ▷수리...,2020-05-11 11:23
삼성 무풍에어컨 멀티 라인업,/news/news_read.nhn?article_id=0009855394&office_id=003&mode=search&query=삼성전자&page=6,뉴시스,삼성전자가 실외기 1대로 최대 3대의 에어컨을 설치할 수 있는 ‘무풍에어컨 멀티’ 라인업에 무풍에어컨 갤러리와 벽걸이 와이드를 추가했다고 11일...,2020-05-11 11:26
'실외기 1대로 최대 3대의 에어컨 설치하세요',/news/news_read.nhn?article_id=0009855392&office_id=003&mode=search&query=삼성전자&page=6,뉴시스,삼성전자가 실외기 1대로 최대 3대의 에어컨을 설치할 수 있는 ‘무풍에어컨 멀티’ 라인업에 무풍에어컨 갤러리와 벽걸이 와이드를 추가했다고 11일...,2020-05-11 11:26
삼성전자 '무풍에어컨' 멀티 라인업 확대,/news/news_read.nhn?article_id=0003735326&office_id=011&mode=search&query=삼성전자&page=6,서울경제,삼성전자는 실외기 1대로 최대 3대의 에어컨을 설치할 수 있는 ‘무풍에어컨 멀티’ 라인업에 무풍에어컨 갤러리와 벽걸이 와이드를 추가했다고 11일...,2020-05-11 11:42
"'동학개미' 50일… 순매수 1위 삼성전자, 수익률은 SK이노가 1등",/news/news_read.nhn?article_id=0000521222&office_id=366&mode=search&query=삼성전자&page=6,조선비즈,"SK이노베이션 72%로 최고 수익률, 삼성전자 13% 그쳐 삼성SDI·셀트리온헬스케어·LG화학도 50%이상 수익률 지난달 7일 조모(43)씨는 ...",2020-05-11 11:44
"`포문 연 美·中반도체 경쟁` 중국 SMIC, 차이나머니 모집나서…미국 ""인텔·T...",/news/news_read.nhn?article_id=0004572257&office_id=009&mode=search&query=삼성전자&page=6,매일경제,"도널드 트럼프 대통령은 취임 후부터 '중국'을 적극 견제해왔는데 이번에 트럼프 정부가 미국 유치를 원하는 업체는 한국 삼성전자와 미국 인텔, 대만 TSMC인 것으로...",2020-05-11 11:55
'삼성바이오 상장 의혹' 한투증권 부회장 검찰 조사,/news/news_read.nhn?article_id=0011600222&office_id=001&mode=search&query=삼성전자&page=6,연합뉴스,삼성바이오 분식회계와 삼성물산-제일모직 합병의 최대 수혜자로 꼽히는 이재용(52) 삼성전자 부회장 측과는 소환조사 일정을 조율 중인 것으로 전해...,2020-05-11 11:57
"중기부, 진단키트 업체 스마트공장 보급 지원…""K방역 공급 확대""",/news/news_read.nhn?article_id=0004630517&office_id=421&mode=search&query=삼성전자&page=6,뉴스1,앞서 중기부는 코로나19 위기로 마스크 품귀현상이 심각할 때 삼성전자와 함께 상생형 스마트공장보급사업을 통해 생산량을 50%이상 증가한 바 있다...,2020-05-11 12:00
'K방역' 확대…진단키트·마스크·손 소독제 기업 스마트공장 구축 전폭 지원한다,/news/news_read.nhn?article_id=0000869830&office_id=215&mode=search&query=삼성전자&page=5,한국경제TV,중기부는 코로나19 위기로 마스크 품귀현상이 심각할 때 삼성전자와 함께 상생형 스마트공장보급사업을 통해 마스크 제조사에 설비 구축지원과 혁신 노...,2020-05-11 12:00
또 삼성이 돕는다…마스크 다음은 진단키트 '코치',/news/news_read.nhn?article_id=0004406726&office_id=008&mode=search&query=삼성전자&page=5,머니투데이,"스마트공장 사업은 삼성전자와 중기부, 중기중앙회가 중소기업에 스마트 공장을 보급하고 확산하는 게 목적이다. 첫번째 사업이었던 삼성전자와 중기부의...",2020-05-11 12:00
'K-방역' 확대 위해 스마트공장 구축 지원,/news/news_read.nhn?article_id=0004675724&office_id=277&mode=search&query=삼성전자&page=5,아시아경제,중기부는 코로나19 위기로 마스크 품귀 현상이 심각할 때 삼성전자와 함께 상생형 스마트공장 보급 사업에 나서 제조업체에 신규설비 구축을 지원하고 혁신 노하우를...,2020-05-11 12:00
'K-방역' 진단키트·마스크 업체에 스마트공장 지원한다,/news/news_read.nhn?article_id=0004422154&office_id=014&mode=search&query=삼성전자&page=5,파이낸셜뉴스,중기부는 코로나19 위기로 마스크 품귀 현상을 겪을 때 삼성전자와 함께 상생형 스마트공장보급사업을 통해 마스크 제조업체에 신규설비 구축지원과 혁...,2020-05-11 12:01
코로나19 진단키트업체 스마트 공장 도입한다,/news/news_read.nhn?article_id=0003358271&office_id=079&mode=search&query=삼성전자&page=5,노컷뉴스,중소벤처기업부는 중소기업중앙회와 삼성전자 스마트공장지원센터 등과 함께 진단키트 생산현장을 방문해 업체별 개선과제를 도출하는 등 스마트공장 도입을...,2020-05-11 12:01
진단키트 업체 스마트공장 도입…'K바이오' 진화 가속도,/news/news_read.nhn?article_id=0004637206&office_id=018&mode=search&query=삼성전자&page=5,이데일리,"중소벤처기업부와 중소기업중앙회, 삼성전자가 솔젠트와 SD바이오센서, 코젠바이오텍, 씨젠 등 4개 주요 진단키트 업체에 ‘대·중소 상생형 스마트공...",2020-05-11 12:01
"삼성 또 나섰다, 마스크 이어 진단키트 생산 지원",/news/news_read.nhn?article_id=0003530159&office_id=023&mode=search&query=삼성전자&page=5,조선일보,이번에도 삼성전자가 함께 중소기업을 돕는다. 중기부는 마스크 품귀현상이 심각하던 지난 2~3월 삼성전자와 함께 상생형 스마트공장보급사업을 통해 ...,2020-05-11 12:04
"[who] 삼성·현대차·LG화학, 미래 비전 위한 혁신선언",/news/news_read.nhn?article_id=0000211177&office_id=374&mode=search&query=삼성전자&page=5,SBS CNBC,"오수영 기자, 먼저 이재용 삼성전자 부회장이 '4대 세습경영' 포기를 공식 선언했죠? 네, 지난주 이 부회장은 '대국민 사과'를 통해 ""아이들에...",2020-05-11 12:07
"삼성전자, ‘무풍에어컨’ 멀티 라인업 확대",/news/news_read.nhn?article_id=0002400840&office_id=119&mode=search&query=삼성전자&page=5,데일리안,삼성전자는 실외기 1대로 최대 3대의 에어컨을 설치할 수 있는 ‘무풍에어컨 멀티’ 라인업에 무풍에어컨 갤러리와 벽걸이 와이드를 추가해 무풍에어컨...,2020-05-11 12:23
[TF시황] 개인매수에 코스피·코스닥 동반 상승,/news/news_read.nhn?article_id=0000025310&office_id=629&mode=search&query=삼성전자&page=5,더팩트,삼성전자(+0.10%)는 소폭 상승 중인 반면 SK하이닉스(-0.47%)와 삼성바이오로직스(-0.51%)는 하락 중이다. 업종은 건강관리기술(+...,2020-05-11 12:26
"[fn오후시황]코스피, 개인 매수세에 1940선 상승세",/news/news_read.nhn?article_id=0004422198&office_id=014&mode=search&query=삼성전자&page=5,파이낸셜뉴스,"64%) 등이 상승세다. 반면 삼성전자(-0.10%), SK하이닉스(-0.24%) 등은 하락세다. 코스닥은 전거래일 대비 6.88포인트 오른 689.18을 기록하고 있다....",2020-05-11 13:05
"[총선 한 달, 산업계에 어떤 변화가] ‘규제 강화’ 유통업계, ‘노동계 압박’ ...",/news/news_read.nhn?article_id=0000010026&office_id=243&mode=search&query=삼성전자&page=5,이코노미스트,"한국노총 산하 삼성전자노조는 4월 24일 사측에 단체교섭 요구서를 제출하고, 단체교섭을 공식 요구했다. 정부 역시 노동계 요구에 부합하는 정책을...",2020-05-11 13:35
'공급 끊길라' 美정부 반도체 자국내 생산 추진..삼성공장 확장도 관심,/news/news_read.nhn?article_id=0004637295&office_id=018&mode=search&query=삼성전자&page=5,이데일리,WSJ는 미국 정부가 삼성전자의 미국 텍사스주 오스틴에 있는 시스템 공장 확장에도 관심을 두고 있다고 밝혔다. 미국 반도체산업협회(SIA)는 미...,2020-05-11 13:40
"언택트 시대, 영어 말하기 시험도 집에서, 오픽업",/news/news_read.nhn?article_id=0001671880&office_id=016&mode=search&query=삼성전자&page=5,헤럴드경제,통신사와 삼성전자에서 UX를 20년간 경험한 베테랑이다. 김 대표는 “평가라는 영역에서 객관성은 매우 중요한 항목이라 생각한다. 기업에서도 AI...,2020-05-11 13:46
솔젠트 등 진단키트 생산 기업에 스마트공장 도입 지원,/news/news_read.nhn?article_id=0002881959&office_id=030&mode=search&query=삼성전자&page=5,전자신문,스마트공장 도입은 삼성전자 등 민간이 참여하는 상생형 스마트공장과 일반형 스마트공장 방식으로 실시한다. 중기부는 올해 250억원의 예산을 투입해...,2020-05-11 14:09
"KT, 갤럭시 전용 단말보험 '갤럭시케어' 출시",/news/news_read.nhn?article_id=0004637334&office_id=018&mode=search&query=삼성전자&page=5,이데일리,KT(030200)가 11일 삼성전자 갤럭시 스마트폰 이용자들을 위한 ‘갤럭시케어’를 출시했다 갤럭시케어는 기존 단말보험인 ‘슈퍼안심’과 비교해...,2020-05-11 14:12
"KB증권, 연 17% 수익 제공 온라인전용 ELS 모집",/news/news_read.nhn?article_id=0002400874&office_id=119&mode=search&query=삼성전자&page=5,데일리안,이번에 판매하는 KB able ELS 1280호와 KB able ELS 1281호는 삼성전자 보통주와 네이버(NAVER) 보통주를 기초자산으로 ...,2020-05-11 14:15
"주가 누르는 외국인·기관 매도, 개미는 1940선 버티기",/news/news_read.nhn?article_id=0004406791&office_id=008&mode=search&query=삼성전자&page=5,머니투데이,"삼성전자, SK하이닉스, 삼성바이오로직스, LG화학을 제외한 나머지 6개 종목은 강보합세를 보이고 있다. NAVER는 0.7%, LG생활건강은 0.99% 상승 중이다. 코...",2020-05-11 14:17
"[오후시황]코스피, 외인·기관 동반 매도에 하락 전환",/news/news_read.nhn?article_id=0003735396&office_id=011&mode=search&query=삼성전자&page=5,서울경제,"시가 총액 상위종목 중에는 네이버(0.70%), 셀트리온(0.48%), LG생활건강(1.13%), 삼성SDI(0.53%) 등이 올랐고, 삼성전자...",2020-05-11 14:18
"삼성 '무풍에어컨 멀티' 라인업 확대…""냉방면적 최대 100㎡""",/news/news_read.nhn?article_id=0001001543&office_id=082&mode=search&query=삼성전자&page=5,부산일보,삼성전자의 ‘무풍에어컨 멀티’.삼성전자 제공 삼성전자는 실외기 1대로 최다 3대의 에어컨을 설치할 수 있는 '무풍에어컨 멀티' 라인업에 무풍에어...,2020-05-11 14:19
"[증시신상품] KB증권, 연 17% 수익 추구 온라인 전용 ELS 모집",/news/news_read.nhn?article_id=0011600639&office_id=001&mode=search&query=삼성전자&page=4,연합뉴스,"이번에 모집하는 'KB 에이블(able) ELS 1281호'는 삼성전자와 네이버 보통주를 기초자산으로 한다. 만기는 1년이며 3개월 단위로 조기 상환 기회를 제공하는데, ...",2020-05-11 14:24
"중기부, 진단 키트·마스크 업체에 스마트 공장 구축 지원",/news/news_read.nhn?article_id=0001438570&office_id=052&mode=search&query=삼성전자&page=4,YTN,"중소벤처기업부는 중소기업중앙회, 삼성전자와 함께 손 소독제와 마스크, 진단 키트 생산업체 18곳에 스마트 공장 지원사업을 벌인다고 밝혔습니다. 스마트 공장이란...",2020-05-11 14:27
"KB증권, `최고 수익률 연 17%` 온라인전용 ELS 모집",/news/news_read.nhn?article_id=0004572354&office_id=009&mode=search&query=삼성전자&page=4,매일경제,"KB able ELS 1280호(2스탁 원금비보장(원금90%부분지급) Booster형)는 삼성전자 보통주와 NAVER 보통주를 기초자산으로 한다. 1년 만기, 3개월 단위...",2020-05-11 14:29
"KB증권, ELS 2종 모집…조기상환 수익률 연 17%",/news/news_read.nhn?article_id=0004637370&office_id=018&mode=search&query=삼성전자&page=4,이데일리,"KB able ELS 1280호는 삼성전자(005930) 보통주와 NAVER(035420) 보통주를 기초자산으로 한다. 1년 만기, 3개월 단위 조기상환 기회를 제공하며 ...",2020-05-11 14:35
"이커머스, '보복소비' 준비된 소비자 노린다",/news/news_read.nhn?article_id=0009856024&office_id=003&mode=search&query=삼성전자&page=4,뉴시스,"프라다, 삼성전자, 에몬스홈, 다이슨, 온앤온 등 주차별로 기획된 행사다. 인기 상품에 적용할 수 있는 20% 할인쿠폰과 장바구니쿠폰, 카드할인...",2020-05-11 14:42
"KB證, 최고 年 17% 추구 온라인전용 ELS 2종 모집",/news/news_read.nhn?article_id=0003735431&office_id=011&mode=search&query=삼성전자&page=4,서울경제,"먼저 KB에이블 ELS 1281호는 삼성전자와 네이버를 기초자산으로 하며 1년 만기, 3개월 단위 조기상환 기회를 제공한다. 조기상환평가일에 기...",2020-05-11 14:45
삼성 무풍 에어컨 라인업 대폭 확대,/news/news_read.nhn?article_id=0002427373&office_id=021&mode=search&query=삼성전자&page=4,문화일보,"갤러리·벽걸이 와이드 추가 삼성전자가 실외기 1대로 무풍에어컨 3대를 사용할 수 있는 ‘무풍에어컨 3멀티’(사진) 라인업에, 무풍에어컨 갤러리와...",2020-05-11 14:47
[조지선의 심리학 공간] ‘라디오 공무원’ 배철수의 장수 비결은?,/news/news_read.nhn?article_id=0000010034&office_id=243&mode=search&query=삼성전자&page=4,이코노미스트,"SK텔레콤 매니저, 삼성전자 책임연구원, 아메리카 온라인(AOL) 수석 QA 엔지니어, 넷스케이프(Netscape) QA 엔지니어를 역임했다. ...",2020-05-11 14:47
[증시 맥짚기] 주가가 팬데믹 이전 고점에 접근했다고?,/news/news_read.nhn?article_id=0000010035&office_id=243&mode=search&query=삼성전자&page=4,이코노미스트,이 시점에 삼성전자를 비롯한 몇몇 우량 기업의 주가는 이미 외환위기 이전 수준을 회복했다. 그리고 또 한번의 반전이 일어났다. 외국인 매수가 뜸...,2020-05-11 14:47
"KB증권, 최고 연 17% 세전 수익 제공하는 온라인전용 ELS 모집",/news/news_read.nhn?article_id=0004675861&office_id=277&mode=search&query=삼성전자&page=4,아시아경제,"KB able ELS 1280호(2스탁 원금비보장(원금90%부분지급))는 삼성전자 보통주와 NAVER 보통주를 기초자산으로 한다. 1년 만기, 3개월 단위 조기상환 기회를...",2020-05-11 14:54
"진단키트, 삼성 도움받아 스마트공장…'K바이오' 가속도(상보)",/news/news_read.nhn?article_id=0004637417&office_id=018&mode=search&query=삼성전자&page=4,이데일리,"- 중기부·중기중앙회·삼성전자, 진단키트 업체 스마트공장 지원 - 기업별 개선과제 도출…대량생산체제 전환 지원 - 중기부, “진단키트 생산량·품...",2020-05-11 14:55
"""마이너스 통장으로 주식 사라고?"" 부자들은 나와 이런 점이 달랐다",/news/news_read.nhn?article_id=0004338287&office_id=015&mode=search&query=삼성전자&page=4,한국경제,심지어 한 번도 재테크에 손대본 적 없는 2030 세대 사이에서 “마이너스 통장을 뚫어서라도 삼성전자 주식을 사야 한다”는 말이 떠돈다. ‘코로...,2020-05-11 14:57
[투자의 창]저평가 우량주에 집중할 시기다,/news/news_read.nhn?article_id=0003735442&office_id=011&mode=search&query=삼성전자&page=4,서울경제,예를 들어 3대 금융지주나 삼성전자와 포스코 같은 1등 기업들이다. 장기적인 관점에서 볼 때 기업가치나 실적 대비 과도하게 저평가된 우량주들은 ...,2020-05-11 14:58
"KB證, 최고 연 17% 온라인전용 ELS 모집",/news/news_read.nhn?article_id=0004422369&office_id=014&mode=search&query=삼성전자&page=4,파이낸셜뉴스,KB able ELS 1280호(2스탁 원금비보장(원금90%부분지급) Booster형)는 KB able ELS 1281호(2스탁 원금비보장(원금80%부분지급) Booste...,2020-05-11 15:02
"""스팀이 옷감에 어떤 영향을?""…삼성·LG, 건조기도 기싸움 예고",/news/news_read.nhn?article_id=0000537700&office_id=031&mode=search&query=삼성전자&page=4,아이뉴스24,삼성전자와 LG전자의 '디스전'이 또다시 시작될 기미를 보이고 있다. 지난해 TV를 두고 팽팽한 신경전을 벌인 데 이어 최근 건조기를 둘러싼 '...,2020-05-11 15:02
"KB증권, 최고 17% 수익 온라인 전용 ELS 모집",/news/news_read.nhn?article_id=0001671905&office_id=016&mode=search&query=삼성전자&page=4,헤럴드경제,KB able ELS 1280호(2스탁 원금비보장(원금90%부분지급) Booster형)는 삼성전자 보통주와 NAVER 보통주를 기초자산으로 한다...,2020-05-11 15:04
美 압박에 中 무한확장…반도체 코리아 `샌드위치`,/news/news_read.nhn?article_id=0002597324&office_id=029&mode=search&query=삼성전자&page=4,디지털타임스,"◇삼성·인텔·TSMC 압박하는 美 정부, ""공장 지어라""= 10일 업계에 따르면 미국 정부는 삼성전자의 현지 파운드리(반도체 위탁생산) 라인 확...",2020-05-11 15:08
"[머니Tips] KB증권, 조기상환 시 최고 17% 추구 온라인전용 ELS 공모",/news/news_read.nhn?article_id=0000537708&office_id=031&mode=search&query=삼성전자&page=4,아이뉴스24,"먼저 KB able ELS 1280호(2스탁 원금비보장(원금90%부분지급) Booster형)는 삼성전자 보통주와 NAVER 보통주를 기초자산으로 한다. 1년 만기, 3개월...",2020-05-11 15:21
세계 반도체 ‘톱10’ 첫 진입한 中 반도체 굴기,/news/news_read.nhn?article_id=0002597336&office_id=029&mode=search&query=삼성전자&page=4,디지털타임스,"순위는 변동 없이 3위를 지켰지만, 작년 1분기 50억 달러 이상 차이가 났던 삼성전자와의 격차를 40억 달러 대로 좁혔다. IC인사이츠에 따르...",2020-05-11 15:29
"[마감 시황] 외국인과 기관의 동반 매도세.. 코스피 1935.40(▼10.42,...",/news/news_read.nhn?article_id=0003735489&office_id=011&mode=search&query=삼성전자&page=4,서울경제,"종목별로는 삼성전자가 0.82% 내린 4만 8400원에 장을 마감한 가운데, 국보(001140)(-11.31%), 화천기계(010660)(-9....",2020-05-11 15:35
"[fn마감시황]코스피, 개인 매수에도 1930선 후퇴",/news/news_read.nhn?article_id=0004422403&office_id=014&mode=search&query=삼성전자&page=3,파이낸셜뉴스,"23%) 등이 상승세다. 반면 삼성전자(-0.82%), SK하이닉스(-0.59%) 등은 하락세다. 코스닥은 전거래일 대비 2.74포인트 오른 685.04에 마감했다. 강구...",2020-05-11 15:36
[이동훈의 Fn터치] 미국 리쇼어링 본격화는 중국 따돌리기,/news/news_read.nhn?article_id=0001319917&office_id=005&mode=search&query=삼성전자&page=3,국민일보,이런 상황에서 미국 정부는 텍사스주 오스틴에 시스템반도체 공장을 둔 삼성전자측에 반도체 증산을 타진중인 것으로 알려졌다. 잠시 주춤했던 애플의 ...,2020-05-11 15:39
"LG, ‘올레드’ 상표권 소송서 패소…‘OLED=LG’ 아니다",/news/news_read.nhn?article_id=0002999661&office_id=025&mode=search&query=삼성전자&page=3,중앙일보,"이어 “삼성전자, 소니, 도시바, 파나소닉 등도 OLED(또는 올레드) TV라는 품목으로 제품을 생산하고 있다”고도 적었다. ━ LG는 2011...",2020-05-11 15:41
"‘마스크 생산’ 혁신 삼성 스마트공장 노하우, 이번엔 진단키트에",/news/news_read.nhn?article_id=0000495213&office_id=469&mode=search&query=삼성전자&page=3,한국일보,중소벤처기업부가 삼성전자와 함께 ‘K-방역물품’ 공급 물량 확대를 위해 스마트 공장 지원에 나선다. 삼성전자는 앞선 2~3월 신종 코로나바이러스...,2020-05-11 15:45
"원유 ETP 액면병합 카드, 효과 있을까",/news/news_read.nhn?article_id=0009856215&office_id=003&mode=search&query=삼성전자&page=3,뉴시스,"만약 발행주식을 2분의 1로 액면병합할 될 경우, 거래정지된 ‘삼성전자 레버리지 WTI원유 선물 ETN’은 현재의 가격 720원에서 2배인 14...",2020-05-11 15:47
"`C-쇼크`에 해외 판로 잃은 삼성·LG전자, ""내수시장이 살 길""",/news/news_read.nhn?article_id=0002597341&office_id=029&mode=search&query=삼성전자&page=3,디지털타임스,코로나19 사태로 해외 판로가 막힌 삼성전자와 LG전자가 국내 시장 주도권을 잡기 위한 치열한 경쟁을 하고 있다. 최근 미국 등 일부 주요 시장...,2020-05-11 15:49
[코스피 마감]두 달만에 최고점 찍더니 상승 탄력 둔화..하루 만에 하락,/news/news_read.nhn?article_id=0004637513&office_id=018&mode=search&query=삼성전자&page=3,이데일리,"삼성전자(005930), SK하이닉스(000660), 삼성바이오로직스(207940)가 각각 0.82%, 0.59%, 0.34% 하락해 시총 1~...",2020-05-11 15:49
"[마감시황]코스피, 기관·외국인 매도에 1930선 후퇴",/news/news_read.nhn?article_id=0009856240&office_id=003&mode=search&query=삼성전자&page=3,뉴시스,"대장주 삼성전자는 전 거래일 대비 400원(0.82%) 내린 4만8400원에 거래를 마쳤다. SK하이닉스(-0.59%), 삼성바이오로직스(-0....",2020-05-11 15:52
"코스피, 외국인·기관 동반 매도에 하락…1930선 마감",/news/news_read.nhn?article_id=0004572449&office_id=009&mode=search&query=삼성전자&page=3,매일경제,"시가총액 상위 종목들 가운데 삼성전자, SK하이닉스, 삼성바이오로직스, LG화학, 현대차, 삼성물산, SK텔레콤, 현대모비스 등이 내렸고 NAV...",2020-05-11 15:53
"코스피, 외인·기관 매도에 하락…1,930대로 후퇴(종합)",/news/news_read.nhn?article_id=0011601159&office_id=001&mode=search&query=삼성전자&page=3,연합뉴스,"시가총액 상위 종목은 삼성물산(-2.84%), LG화학(-1.70%), 현대차(-0.85%), 삼성전자(-0.82%), SK하이닉스(-0.59%...",2020-05-11 15:59
[시황종합] 코스피 1930선으로 밀려…코스닥 소폭 상승,/news/news_read.nhn?article_id=0004631406&office_id=421&mode=search&query=삼성전자&page=3,뉴스1,"코스피 시가총액 상위 10개 종목 중 LG생활건강(1.13%), 삼성SDI(0.53%), NAVER(0.23%)는 상승했고, LG화학(-1.70...",2020-05-11 16:02
코스피 소폭 하락에 1930선 마감…코스닥은 상승세,/news/news_read.nhn?article_id=0004675953&office_id=277&mode=search&query=삼성전자&page=3,아시아경제,"시가총액 상위 10개 기업 중 삼성전자(0.82%), SK하이닉스(0.59%),삼성바이오로직스(0.34%), LG화학(1.7%) 등은 내렸고, ...",2020-05-11 16:03
"[마감] 코스피, 외국인 매도세에 소폭 하락… 1930선 후퇴",/news/news_read.nhn?article_id=0000540907&office_id=417&mode=search&query=삼성전자&page=3,머니S,"코스피 시가총액 10위권 종목에서는 삼성전자(-0.82%), SK하이닉스(-0.59%), 삼성바이오로직스(-0.34%), 삼성전자우(-0.36%...",2020-05-11 16:04
코스피 0.54%↓ 1930선 밀려…코스닥 4거래일째 상승,/news/news_read.nhn?article_id=0002223524&office_id=123&mode=search&query=삼성전자&page=3,조세일보,시가총액 1위인 삼성전자는 전날보다 0.82% 내린 4만8400원에 거래를 마쳤다. 2위인 SK하이닉스는 0.59% 하락한 8만4500원을 기록...,2020-05-11 16:05
"[마감시황] 코스피, 외인·기관 매도로 하락",/news/news_read.nhn?article_id=0000537726&office_id=031&mode=search&query=삼성전자&page=3,아이뉴스24,"NAVER(0.23%), LG생활건강(1.13%)을 제외하고 삼성전자 –0.82%, SK하이닉스 –0.59%, 삼성바이오로직스 –0.34%, 삼성전자우 –0.36%의 하락...",2020-05-11 16:05
"삼성에스원노조 ""사측, 임금 인상·직급졸업제 도입하라""",/news/news_read.nhn?article_id=0009856337&office_id=003&mode=search&query=삼성전자&page=3,뉴시스,민주노총 서비스연맹 삼성에스원노동조합(삼성그룹 노조협의회)은 이날 오후 삼성전자 서초사옥에서 '2020년 임협 촉구 기자회견'을 개최했다. 기자...,2020-05-11 16:11
"삼성, 마스크 이어 진단키트업체에 '생산량 2배' 노하우 전수",/news/news_read.nhn?article_id=0004338359&office_id=015&mode=search&query=삼성전자&page=3,한국경제,과도한 해외 수출 요청으로 납기에 어려움을 겪던 신종 코로나바이러스 감염증(코로나19) 진단 키트 업체들을 위해 삼성전자가 긴급 투입됐다. 마스...,2020-05-11 16:26
"[마감시황]코스피, 외인·기관 매도에 하락···1,930대로 후퇴",/news/news_read.nhn?article_id=0003735521&office_id=011&mode=search&query=삼성전자&page=3,서울경제,"시가총액 상위 종목 중에는 네이버(0.23%)와 LG생활건강(1.13%), 삼성SDI(0.53%) 등이 올랐고, 삼성전자(-0.82%)와 SK하...",2020-05-11 16:27
"""배 띄워도 보낼 곳 없네"" 재계 2Q 쇼크 엄살 아니었다",/news/news_read.nhn?article_id=0004406923&office_id=008&mode=search&query=삼성전자&page=3,머니투데이,삼성전자와 SK하이닉스의 1분기 실적은 나쁘지 않았다. 하지만 4월부터 상황이 급변하며 미국과 EU의 경기부진이 심해졌다. 반도체 수출도 4월이...,2020-05-11 16:32
"KB증권, 온라인 전용 ELS 2종 판매",/news/news_read.nhn?article_id=0004406940&office_id=008&mode=search&query=삼성전자&page=3,머니투데이,"'KB able ELS 1280호'는 삼성전자와 NAVER 보통주를 기초자산으로 한다. 만기는 1년, 3개월 단위로 조기상환 기회를 준다. 조기상환평가일에 기초자산이 최초...",2020-05-11 16:45
"KB증권, 온라인 전용 ELS 2종 판매",/news/news_read.nhn?article_id=0004406940&office_id=008&mode=search&query=삼성전자&page=2,머니투데이,"'KB able ELS 1280호'는 삼성전자와 NAVER 보통주를 기초자산으로 한다. 만기는 1년, 3개월 단위로 조기상환 기회를 준다. 조기상환평가일에 기초자산이 최초...",2020-05-11 16:45
이태원발 코로나에 기업들 '긴장'…직원들에 자진검사 권고,/news/news_read.nhn?article_id=0011601336&office_id=001&mode=search&query=삼성전자&page=2,연합뉴스,11일 업계에 따르면 삼성전자는 지난주 진행된 모바일 문진부터 이태원 방문 여부를 체크 항목에 포함해 작성하도록 하고 있다. 이태원 유흥주점을 ...,2020-05-11 16:46
이태원발 코로나에 기업들 '긴장'…직원들에 자진검사 권고,/news/news_read.nhn?article_id=0000813776&office_id=055&mode=search&query=삼성전자&page=2,SBS,11일 업계에 따르면 삼성전자는 지난주 진행된 모바일 문진부터 이태원 방문 여부를 체크 항목에 포함해 작성하도록 하고 있습니다. 이태원 유흥주점...,2020-05-11 16:59
"삼성, ‘무풍에어컨 멀티' 라인업 확대...국내 최대인 100㎡ 냉방 가능",/news/news_read.nhn?article_id=0002999685&office_id=025&mode=search&query=삼성전자&page=2,중앙일보,삼성전자가 실외기 1대에 3대의 에어컨을 설치할 수 있는 '무풍에어컨 멀티' 제품군에 무풍에어컨 갤러리와 벽걸이 와이드를 새로 출시했다. 삼성전...,2020-05-11 17:00
"G마켓·옥션, '갤럭시 북 알파X야나두' 영어회화 패키지 단독 판매",/news/news_read.nhn?article_id=0004631644&office_id=421&mode=search&query=삼성전자&page=2,뉴스1,"이베이코리아는 G마켓, 옥션을 통해 '야, 나두 플렉스했어!' 프로모션을 열고 '삼성전자 갤럭시 북 플렉스 알파'와 '야나두 영어회화 수강권'으...",2020-05-11 17:04
미래에셋-안방보험간 '7조 美호텔 소송' 8월에 열린다,/news/news_read.nhn?article_id=0003735569&office_id=011&mode=search&query=삼성전자&page=2,서울경제,"퀸 엠마뉴엘은 삼성전자와 애플 간 국제분쟁에서 삼성 측을 대리했던 미국소송 전문로펌이며 ‘피터앤김’은 김갑유 변호사(서울), 볼프강 피터 변호사(스위스), 짐...",2020-05-11 17:12
"집닥, ADT캡스와 보안 서비스 특별 이벤트 진행",/news/news_read.nhn?article_id=0000869924&office_id=215&mode=search&query=삼성전자&page=2,한국경제TV,"한편 집닥은 인테리어 고객에게 여러 혜택을 제공하고자 LG전자 베스트샵, 삼성전자 비스포크, 위아트 등 유관 기업들과 함께 주방가전, 미술품 이...",2020-05-11 17:18
"""30평까지 냉방"" …삼성 '3멀티 무풍에어컨' 선봬",/news/news_read.nhn?article_id=0004422492&office_id=014&mode=search&query=삼성전자&page=2,파이낸셜뉴스,삼성전자가 국내 최대인 100㎡(약 30평) 면적의 냉방이 가능한 '3멀티형' 무풍에어컨 서비스를 선보였다. 삼성전자는 실외기 1대로 최대 3대...,2020-05-11 17:22
마스크 이어 이번엔 진단키트…삼성전자 '기술과외 시즌2',/news/news_read.nhn?article_id=0004338408&office_id=015&mode=search&query=삼성전자&page=2,한국경제,해외 수요 급증으로 납기 준수에 어려움을 겪는 신종 코로나바이러스 감염증(코로나19) 진단키트 업체의 긴급한 생산량 증대를 위해 삼성전자가 ‘구원투수’로...,2020-05-11 17:25
"[TF매매동향] 외인, '삼성SDI' 담고 'LG화학' 뺐다",/news/news_read.nhn?article_id=0000025379&office_id=629&mode=search&query=삼성전자&page=2,더팩트,"이어 삼성전자 615억 원, KB금융 188억 원, 삼성물산 97억 원, 셀트리온 95억 원 순으로 순매도 했다. 코스닥시장에서는 에이치엘비(2...",2020-05-11 17:25
한국판 뉴딜에…5G 부품주 `두근두근`,/news/news_read.nhn?article_id=0004572580&office_id=009&mode=search&query=삼성전자&page=2,매일경제,"김홍식 하나금융투자 연구원은 ""케이엠더블유의 경우 6월부터 일본 라쿠텐, 삼성전자 시스템 장비 매출액이 본격화될 것으로 보인다""면서 ""특히 케이엠더블유에서...",2020-05-11 17:25
"삼성전자, 실외기 1대로 '30평대 냉방'도 가능해요",/news/news_read.nhn?article_id=0003358543&office_id=079&mode=search&query=삼성전자&page=2,노컷뉴스,{IMG:1}삼성전자는 11일 실외기 1대로 최대 3대의 에어컨을 설치할 수 있는 '무풍에어컨 멀티'라인업에 '무풍에어컨 갤러리'와 '벽걸이 와이드'를 추가했다고 밝혔다....,2020-05-11 17:31
'반도체 굴기' 속도 높이는 중국,/news/news_read.nhn?article_id=0004422511&office_id=014&mode=search&query=삼성전자&page=2,파이낸셜뉴스,삼성전자와 SK하이닉스는 각각 2위와 4위를 기록했고 1위는 미국의 인텔이 차지했다. 하이실리콘은 올 1·4분기 기준 26억7000만달러(약 3조2500억원) 매출을 기록...,2020-05-11 17:39
"美, TSMC 공장 유치 추진···고민빠진 삼성",/news/news_read.nhn?article_id=0003735621&office_id=011&mode=search&query=삼성전자&page=2,서울경제,미국과 일본 정부가 신종 코로나바이러스 감염증(코로나19) 확산을 계기로 ‘반도체 자급자족’을 추진하면서 삼성전자와 SK하이닉스 등 국내 반도체...,2020-05-11 17:41
"[fn마켓워치]미래에셋, 안방보험 소송에 최강 변호인단 대응",/news/news_read.nhn?article_id=0004422516&office_id=014&mode=search&query=삼성전자&page=2,파이낸셜뉴스,퀸 엠마뉴엘은 삼성전자와 애플간 국제분쟁에서 삼성측을 대리했던 미국소송 전문로펌이다. 또 매매계약 협상 시 미래에셋 측을 자문했던 미국 로펌 그...,2020-05-11 17:42
출범 2주차에도 불안한 '롯데온'…'SSG닷컴' 초기 데자뷔,/news/news_read.nhn?article_id=0000537746&office_id=031&mode=search&query=삼성전자&page=2,아이뉴스24,실제로 이날 롯데온에 '아이패드'를 검색하면 최상단에 삼성전자의 USB가 검색됐다. 롯데쇼핑은 롯데백화점·롯데마트·롯데슈퍼·롯데닷컴·롭스·롯데홈...,2020-05-11 17:45
[포토] 삼성전자 `무풍에어컨 멀티` 라인업 확대,/news/news_read.nhn?article_id=0004572652&office_id=009&mode=search&query=삼성전자&page=2,매일경제,삼성전자가 실외기 1대로 최대 에어컨 3대를 설치할 수 있는 '무풍에어컨 멀티' 라인업에 무풍에어컨 갤러리와 벽걸이 와이드를 추가한다고 11일 ...,2020-05-11 17:45
"목소리 높인 삼성에스원노조 ""임금인상하라""...삼성화재애니카·삼성전자 노조 등 동...",/news/news_read.nhn?article_id=0009856590&office_id=003&mode=search&query=삼성전자&page=2,뉴시스,"기자회견에는 삼성에스원, 삼성웰스토리노조뿐 아니라 삼성전자서비스지회, 삼성화재애니카 노조, 삼성전자 노조도 동참했다. 민주노총 서비스연맹...",2020-05-11 17:46
"日도 ""반도체 자급자족""···자국중심주의 확산",/news/news_read.nhn?article_id=0003735629&office_id=011&mode=search&query=삼성전자&page=2,서울경제,도널드 트럼프 미 행정부는 텍사스주 오스틴에 파운드리 공장을 둔 삼성전자의 생산시설 확대도 희망하는 것으로 알려졌다. 기업들의 중국 진출로 반도...,2020-05-11 17:47
공매도 금지 두달 후 돌아왔던 외국인… 이번에도 통할까,/news/news_read.nhn?article_id=0004422526&office_id=014&mode=search&query=삼성전자&page=2,파이낸셜뉴스,"외국인이 돌아오고, 삼성전자 등 시가총액 상위주가 포함된 IT업종의 부진이 만회된다면 코스피의 추가 상승도 기대할 수 있다. 증시 전문가들은 과...",2020-05-11 17:50
주문몰린 中企 코로나 진단키트…삼성전자 '과외선생' 나선다,/news/news_read.nhn?article_id=0002999708&office_id=025&mode=search&query=삼성전자&page=1,중앙일보,이 과정에 삼성전자가 힘을 보태기로 했다. 코로나19 국내 위기로 마스크 품귀 현상이 일어났을 때 삼성전자의 마스크 제조 업체 지원으로 생산량을...,2020-05-11 17:51
‘美호텔 인수 불발’ 미래에셋-안방보험 본격 소송전…8월 첫 재판,/news/news_read.nhn?article_id=0004637637&office_id=018&mode=search&query=삼성전자&page=1,이데일리,퀸 엠마뉴엘은 삼성전자(005930)와 애플간 국제분쟁에서 삼성측을 대리했던 미국소송 전문로펌이다. 미래에셋운용은 지난해 9월 안방보험 소유 미...,2020-05-11 17:53
[기자의눈] 증시에 숨은 저금리의 함정,/news/news_read.nhn?article_id=0003735644&office_id=011&mode=search&query=삼성전자&page=1,서울경제,그러나 삼성전자(005930)처럼 수십년에 걸쳐 지속적으로 성장하는 종목도 있다. 결국 우량주를 찾아내고 장기 투자를 감내할 수 있는 투자자의 ...,2020-05-11 17:57
"코스피, 코로나 2차 확산 우려에 하락",/news/news_read.nhn?article_id=0000869946&office_id=215&mode=search&query=삼성전자&page=1,한국경제TV,"삼성전자(-0.82%)와 SK하이닉스(-0.59%), 삼성바이오로직스(-0.34%), LG화학(-1.70%), 현대차(-0.85%), 삼성물산(...",2020-05-11 18:12
올 1분기 최다 판매 스마트폰은 아이폰11…삼성 갤A51 3위,/news/news_read.nhn?article_id=0009856661&office_id=003&mode=search&query=삼성전자&page=1,뉴시스,"삼성전자 스마트폰은 총 4개의 제품이 순위권에 든 것으로 조사됐다. 11일 시장조사업체 카날리스(Canalys)의 최근 보고서에 따르면, 올해 ...",2020-05-11 18:19
K-방역 해외 수출 대폭 증가에 중기부 스마트 공장 보급 지원,/news/news_read.nhn?article_id=0003735656&office_id=011&mode=search&query=삼성전자&page=1,서울경제,신종코로나 바이러스 감염증(코로나19)로 마스크 품귀 현상이 심각할 때 삼성전자와 함께 상생형 스마트공장 보급사업을 통해 마스크 제조업체에 신규 설비 구축 지원과...,2020-05-11 18:21
"미래에셋 美호텔인수 취소 둘러싼 소송, 8월 첫 재판(종합)",/news/news_read.nhn?article_id=0011601579&office_id=001&mode=search&query=삼성전자&page=1,연합뉴스,"피터앤김은 국제분쟁을 전문으로 다루는 국제적 로펌이며, 퀸 엠마누엘은 삼성전자와 애플의 특허소송에서 삼성전자를 대리했던 대형 로펌이다. 미래에셋...",2020-05-11 18:21
"중기부, 'K-방역' 기업 스마트공장 구축 지원",/news/news_read.nhn?article_id=0004422581&office_id=014&mode=search&query=삼성전자&page=1,파이낸셜뉴스,중기부는 코로나19 위기로 마스크 품귀 현상을 겪을 때 삼성전자와 함께 상생형 스마트공장보급사업을 통해 마스크 제조업체에 신규설비 구축지원과 혁...,2020-05-11 18:35
"11일, 기관 거래소에서 삼성전자(-0.82%), KODEX 레버리지(-1.56%...",/news/news_read.nhn?article_id=0004338556&office_id=015&mode=search&query=삼성전자&page=1,한국경제,"기관 투자자는 11일 거래소에서 삼성전자, KODEX 레버리지, 카카오 등을 중점적으로 매도한 것으로 나타났다. 기관 투자자의 순매도 상위 20...",2020-05-11 18:36
"11일, 거래소 외국인 순매도상위에 화학 업종 5종목",/news/news_read.nhn?article_id=0004338559&office_id=015&mode=search&query=삼성전자&page=1,한국경제,"외국인 투자자는 11일 거래소에서 LG화학, 삼성전자, KB금융 등을 중점적으로 매도한 것으로 나타났다. 외국인 투자자의 순매도 상위 20개 종...",2020-05-11 18:37
삼성물산 vs. 대우건설 '반포3주구 수주전' 갈수록 파격,/news/news_read.nhn?article_id=0004422597&office_id=014&mode=search&query=삼성전자&page=1,파이낸셜뉴스,"삼성전자, 삼성SDS, 삼성물산 리조트부문, 에스원, 삼성웰스토리와 함께 삼성의 최고 기술력을 도입할 계획이다. ■정부 나서면 사업 지연될 수도...",2020-05-11 18:43
"미래에셋 미국 호텔인수 취소 소송전, 오는 8월 시작",/news/news_read.nhn?article_id=0004338564&office_id=015&mode=search&query=삼성전자&page=1,한국경제,"피터앤김은 국제분쟁을 전문으로 다루는 국제적 로펌이며, 퀸 엠마누엘은 삼성전자와 애플의 특허소송에서 삼성전자를 대리했던 대형 로펌이다. 미래에셋...",2020-05-11 18:45
해외시장 막힌 가전 `안방 싸움` 커졌다,/news/news_read.nhn?article_id=0002597423&office_id=029&mode=search&query=삼성전자&page=1,디지털타임스,코로나19發 글로벌 수요 침체 삼성·LG 내수시장 경쟁 치열 의류가전 등 신제품 잇딴 출시 [디지털타임스 김민주 기자] 코로나19 사태로 해외 ...,2020-05-11 18:47
세계 업체들과 어깨 견준 `中반도체 굴기`,/news/news_read.nhn?article_id=0002597404&office_id=029&mode=search&query=삼성전자&page=1,디지털타임스,"톱10 첫 진입, 1년새 5계단 상승 생산 재개 수순에 성장가능성 커 삼성전자와 격차 40억달러대 좁혀 [디지털타임스 박정일 기자] 중국 반도체...",2020-05-11 18:47
"""무풍에어컨 3대 가동… 실외기 1대면 충분해요""",/news/news_read.nhn?article_id=0002597422&office_id=029&mode=search&query=삼성전자&page=1,디지털타임스,삼성전자 '멀티 라인업' 확대 삼성전자가 실외기 1대로 최대 3대의 에어컨을 설치할 수 있는 '무풍에어컨 멀티' 라인업에 무풍에어컨 갤러리와 벽...,2020-05-11 18:47
美·中 `자국생산 경쟁`에… 샌드위치 신세로 주도권 뺏길판,/news/news_read.nhn?article_id=0002597405&office_id=029&mode=search&query=삼성전자&page=1,디지털타임스,"◇삼성·인텔·TSMC 압박하는 美 정부, ""공장 지어라""= 11일 업계에 따르면 미국 정부는 삼성전자의 현지 파운드리(반도체 위탁생산) 라인 확...",2020-05-11 18:47
"미래에셋 미국 호텔인수 취소 소송, 8월에 첫 재판",/news/news_read.nhn?article_id=0002400925&office_id=119&mode=search&query=삼성전자&page=1,데일리안,"피터앤김은 국제분쟁을 전문으로 다루는 국제적 로펌이며, 퀸 엠마누엘은 삼성전자와 애플의 특허소송에서 삼성전자를 대리했던 대형 로펌이다. 한편.....",2020-05-11 18:58
"코로나發 기술패권 전쟁…美·中, 이번엔 반도체로 붙는다",/news/news_read.nhn?article_id=0004637671&office_id=018&mode=search&query=삼성전자&page=1,이데일리,삼성전자(005930)와 SK하이닉스(000660) 등 국내 반도체 업계는 양국 움직임을 예의주시하고 있다. 코로나19로 주춤했던 중국 반도체 ...,2020-05-11 19:05
삼성전자 전용 단말보험 출시,/news/news_read.nhn?article_id=0003464087&office_id=022&mode=search&query=삼성전자&page=1,세계일보,11일 KT에서 갤럭시 시리즈 사용자용으로 출시된 삼성전자 전용 단말보험인 ‘갤럭시케어’ 가입 과정을 모델들이 살펴보고 있다. 갤럭시케어는 도난...,2020-05-11 20:38
[포토] 실외기 1대로 에어컨 3대… ‘무풍 에어컨 멀티’ 라인업 확대,/news/news_read.nhn?article_id=0001320068&office_id=005&mode=search&query=삼성전자&page=1,국민일보,삼성전자 모델이 11일 삼성디지털프라자 삼성대치점에 설치된 ‘무풍 에어컨 멀티’ 패키지 앞에서 포즈를 취하고 있다. 무풍 에어컨 멀티는 실외기 ...,2020-05-11 20:39
