title,url,press,summary,date
"핸드폰 원정대, 아이폰SE2 최대 할인에 갤럭시S20·갤럭시 노트10 재고정리",/news/news_read.nhn?article_id=0001154168&office_id=311&mode=search&query=삼성전자&page=8,엑스포츠뉴스,삼성전자의 보급형단말기 A시리즈와 애플의 아이폰SE2 제품이 맞붙었다. 갤럭시A시리즈는 4G 제품과 5G제품 두 모델로 나누어 출시했으며 아이...,2020-05-31 02:00
온라인 삼성고시 이틀째…오전·오후 두 차례 실시,/news/news_read.nhn?article_id=0011644726&office_id=001&mode=search&query=삼성전자&page=8,연합뉴스,전날 2차례 포함 총 4차례…삼성전자 지원자만 응시 사상 처음 온라인으로 치러지는 삼성그룹의 입사시험이 31일도 이어진다. 전날 두 차례에 나눠...,2020-05-31 05:11
"반도체 코리아, 미·중 갈등 영향 아직은 미풍",/news/news_read.nhn?article_id=0002404792&office_id=119&mode=search&query=삼성전자&page=8,데일리안,삼성전자와 SK하이닉스의 주요 수출 대상 목록에 양국 기업들이 모두 포진해 있어 촉각을 곤두세울 수 밖에 없는 문제지만 아직까지 영향이 크지 않...,2020-05-31 06:00
"르노삼성, '태풍의 눈' 엠블럼 유지한다",/news/news_read.nhn?article_id=0002404787&office_id=119&mode=search&query=삼성전자&page=8,데일리안,31일 르노삼성에 따르면 삼성전자·삼성물산과 체결한 삼성 상표 사용 계약이 오는 8월 4일부로 종료된다. 르노삼성은 2000년 8월 5일 삼성 ...,2020-05-31 06:00
코스피 시총 '톱10' 비중 커졌다…전체 45% 육박,/news/news_read.nhn?article_id=0011644741&office_id=001&mode=search&query=삼성전자&page=8,연합뉴스,"시총 부동의 1, 2위인 삼성전자(23.0%)와 SK하이닉스(4.5%)의 비중이 올해 초보다 0.4%포인트씩 낮아졌지만, 상위 10개 종목의 비...",2020-05-31 06:07
5월에도 이어진 '동학개미' 삼성전자 사랑…언택트株도 담았다,/news/news_read.nhn?article_id=0004667575&office_id=421&mode=search&query=삼성전자&page=8,뉴스1,개인투자자들은 이달에도 삼성전자를 중심으로 순매수세를 이어갔다. 네이버(NAVER)와 카카오 등 언택트(비대면) 관련주도 순매수 상위권에 자리했...,2020-05-31 06:10
삼성 준법위 4일 회의…'이재용 사과' 후속조치 나올 듯,/news/news_read.nhn?article_id=0011644743&office_id=001&mode=search&query=삼성전자&page=8,연합뉴스,7개 관계사 구체적 실천방안 보고…노조 문제 해결 '주목' 준법위 출범 4개월 만에 재판부 '숙제' 덜어내나 이재용 삼성전자 부회장의 '대국민 ...,2020-05-31 06:11
"5월에도 셀코리아 外人, '돌풍' 엔씨소프트·카카오는 담았다",/news/news_read.nhn?article_id=0004667577&office_id=421&mode=search&query=삼성전자&page=8,뉴스1,또 외국인이 이달 중후반들어 삼성전자를 순매수해 반도체주에 대한 시각이 바뀌는 게 아니냐는 조심스러운 전망도 나온다. 미국 반도체기업 마이크론이...,2020-05-31 06:14
주식부호 대변동…서정진·김범수 약진하고 정몽구 하락,/news/news_read.nhn?article_id=0011644760&office_id=001&mode=search&query=삼성전자&page=8,연합뉴스,"이 가운데 삼성전자 이건희 회장과 이재용 부회장이 각각 15조1천17억원, 6조7천743억 원으로 부동의 1, 2위 자리를 지켰다. 이건희 회장...",2020-05-31 06:31
개미들에겐 백종원이 없다,/news/news_read.nhn?article_id=0004417350&office_id=008&mode=search&query=삼성전자&page=8,머니투데이,국내 증시에서 우량주를 꼽으라면 단연코 시가총액 1위인 삼성전자다. 코로나19 사태 이후 급등하는 바이오·제약주와 언택트 관련 인터넷·게임주도 ...,2020-05-31 07:00
손정의의 날개없는 추락에.. ARM이 가속도 붙이나?,/news/news_read.nhn?article_id=0003746165&office_id=011&mode=search&query=삼성전자&page=8,서울경제,"반면 저전력 반도체에 초점을 맞췄던 ARM은 모바일 애플리케이션프로세서(AP)에 탑재되는 CPU의 코어디자인을 애플, 삼성전자(005930), ...",2020-05-31 07:01
미·중 갈등도 흔들지 못한 증시…2000선 안착 노린다,/news/news_read.nhn?article_id=0004417354&office_id=008&mode=search&query=삼성전자&page=8,머니투데이,"삼성증권 리서치센터 역시 성장주와 가치주의 균형있는 투자전략이 필요하다는 점을 강조하면서 한 주간 추천 종목으로 대림산업, 이마트, LG상사, ...",2020-05-31 07:15
9월 유럽 가전전시회 참가 두고 고민 커지는 삼성·LG전자,/news/news_read.nhn?article_id=0011644787&office_id=001&mode=search&query=삼성전자&page=8,연합뉴스,두고 삼성전자와 LG전자의 고민이 커지고 있다. 올해 IFA는 신종 코로나바이러스 감염증(코로나19) 사태로 예년보다 규모가 대폭 축소해 열리는...,2020-05-31 07:30
[블록체인 오딧세이]공인인증서 빈자리 채울 블록체인 기반 'DID' 뜬다,/news/news_read.nhn?article_id=0009889298&office_id=003&mode=search&query=삼성전자&page=8,뉴시스,"먼저 지난해 7월 출범한 이니셜 DID 연합은 SK텔레콤, LG유플러스, KT를 포함해 삼성전자와 주요 은행 등 총 14곳이 참여하고 있다. 이...",2020-05-31 07:55
LG·로고도 뗐다…'휴대폰 부활' 올인한 LG전자,/news/news_read.nhn?article_id=0004350643&office_id=015&mode=search&query=삼성전자&page=8,한국경제,삼성전자·애플 등과 경쟁할 수 있는 폼팩터 혁신에도 손을 놓지 않는다. LG전자는 올 하반기 가로본능 폼팩터를 갖춘 스마트폰을 출시할 전망이다....,2020-05-31 08:31
사상 첫 GSAT 이틀째…오전·오후 삼성전자 시험만 진행,/news/news_read.nhn?article_id=0004688602&office_id=277&mode=search&query=삼성전자&page=7,아시아경제,"이틀 째인 이날 오전 9시와 오후 2시에는 삼성전자의 시험만 치러진다. 앞서 온라인 GSAT 첫날 첫 시험에는 삼성SDI 등 전자 관계사, 삼성...",2020-05-31 08:32
온라인 삼성고시 이튿날 삼성전자 지원자만 응시하세요,/news/news_read.nhn?article_id=0001326745&office_id=005&mode=search&query=삼성전자&page=7,국민일보,이틀째인 이날 시험은 삼성전자 입사 지원자들만 응시하며 오전 9시와 오후 2시로 나눠 치러진다. 삼성그룹에 따르면 신입사원 공채 필기시험 삼성직...,2020-05-31 08:49
코스피 시가총액 상위 10개 종목 비중 45%에 육박,/news/news_read.nhn?article_id=0001446556&office_id=052&mode=search&query=삼성전자&page=7,YTN,"시총 1, 2위인 삼성전자와 SK하이닉스는 각각 23.0%와 4.5%의 비중을 차지해 올해 초보다 0.4%포인트씩 낮아졌지만, 상위 10개 종목의 비중은 더 상승했습니다....",2020-05-31 08:53
"[주목!e스몰캡]오이솔루션, 5G 사업 재개로 하반기 실적 반등",/news/news_read.nhn?article_id=0004652612&office_id=018&mode=search&query=삼성전자&page=7,이데일리,"해외에서는 고객사인 삼성전자(005930)를 통한 미국향 매출 증대도 기대됩니다. 삼성전자는 미국의 버라이즌(Verizon), 에이티앤티(AT&...",2020-05-31 09:01
[김범준의 돈의맛]레버리지 풀어줘도 '시큰둥' 삼성카드..자본의 딜레마,/news/news_read.nhn?article_id=0004652613&office_id=018&mode=search&query=삼성전자&page=7,이데일리,삼성생명의 최대주주는 이건희 삼성전자 회장(지분 20.76%)입니다. 이러한 ‘속사정’으로 삼성카드는 레버리지 배율 규제 완화가 그리 달갑지 않...,2020-05-31 09:01
"""삼성전자, 주가 멀리 보고 배당 보자""",/news/news_read.nhn?article_id=0001680157&office_id=016&mode=search&query=삼성전자&page=7,헤럴드경제,신영증권은 삼성전자가 올 2분기 코로나19로 인한 생산 차질 등이 반영돼 실적 부진이 불가피하지만 올해 말을 기점으로 수요 회복과 함께 실적 개...,2020-05-31 09:03
"사상 첫 온라인 삼성고시, 하반기 공채도 '온라인'",/news/news_read.nhn?article_id=0000549071&office_id=417&mode=search&query=삼성전자&page=7,머니S,31일 온라인 시험은 삼성전자 입사 지원자들만 응시하며 오전 9시와 오후 2시로 나눠 치러진다. 이날 삼성그룹에 따르면 신입사원 공채 필기시험 ...,2020-05-31 09:07
"""S펜 넣고 저가모델 추가""…갤폴드2, 예상스펙 모아보니",/news/news_read.nhn?article_id=0004585561&office_id=009&mode=search&query=삼성전자&page=7,매일경제,올 하반기 최고 기대작 삼성전자 갤럭시폴드 후속작에 대한 예상 정보가 외신을 통해 쏟아지면서 소비자들의 기대감이 높아지고 있다. 갤럭시폴드2(가...,2020-05-31 09:18
온라인 삼성 고시 이틀째...오전·오후 두 차례 실시,/news/news_read.nhn?article_id=0001446566&office_id=052&mode=search&query=삼성전자&page=7,YTN,삼성전자는 어제 두 차례에 나눠 진행했던 삼성그룹의 신입사원 공채 필기시험인 삼성직무적성검사가 오늘도 오전 9시와 오후 2시에 나눠 치러진다고 밝혔습니다. 2일...,2020-05-31 09:39
삼성 준법위 4일 회의…'이재용 사과' 후속조치 나올 듯,/news/news_read.nhn?article_id=0000531038&office_id=366&mode=search&query=삼성전자&page=7,조선비즈,지난 7일 이재용 삼성전자 부회장의 대국민 사과에 대한 구체적인 실천 방안이 다음달 4일 나온다. 이 부회장이 기자회견에서 경영권 승계 및 무노...,2020-05-31 09:45
[마켓포인트]코스피 주간 외국인 순매수 1위 '삼성전자',/news/news_read.nhn?article_id=0004652654&office_id=018&mode=search&query=삼성전자&page=7,이데일리,유현욱,2020-05-31 09:57
[마켓포인트]코스피 주간 개인 순매도 1위 '삼성전자',/news/news_read.nhn?article_id=0004652660&office_id=018&mode=search&query=삼성전자&page=7,이데일리,유현욱,2020-05-31 09:58
틈새 넘어 주류 꿰 찬 '게이밍 모니터'…힘 싣는 삼성·LG전자,/news/news_read.nhn?article_id=0000540742&office_id=031&mode=search&query=삼성전자&page=7,아이뉴스24,'게이밍 모니터'가 틈새 제품에서 주류 제품으로 성장하면서 삼성전자와 LG전자의 시장 공략도 보다 적극적으로 전개되고 있다. 게이밍 모니터의 성...,2020-05-31 10:01
이재용 부회장 `대국민 사과` 후속조치..6월4일 나올듯,/news/news_read.nhn?article_id=0004652673&office_id=018&mode=search&query=삼성전자&page=7,이데일리,- 삼성 준법감시위원회 회의서 7개 관계사 보고 - 노조 문제 등 구체적인 실행안 나올 가능성 커 이재용 삼성전자(005930) 부회장이 지난 ...,2020-05-31 10:04
"이건희 지분가치 2조 줄어들 때, 이 사람은 2조 늘어났다",/news/news_read.nhn?article_id=0003535257&office_id=023&mode=search&query=삼성전자&page=7,조선일보,"보유 지분 금액으로는 이건희 삼성전자 회장과 이재용 부회장이 각각 15조1017억 원, 6조7743억 원으로 부동의 1,2위를 차지했다. 특히 ...",2020-05-31 10:11
"'삼성고시' 2일차 막 올라···응시자들 ""지필고사와 달라 적응필요""",/news/news_read.nhn?article_id=0003746188&office_id=011&mode=search&query=삼성전자&page=7,서울경제,"2일차에는 삼성전자(005930) 입사 지원자들만 시험을 치른다. 전날에는 삼성전자를 비롯해 삼성그룹 전자 관계사, 바이오 관계사 지원자 등이 ...",2020-05-31 10:25
'바이오·언택트' 관련 기업 오너 주식 가치 급등,/news/news_read.nhn?article_id=0001446584&office_id=052&mode=search&query=삼성전자&page=7,YTN,"이 가운데 삼성전자 이건희 회장과 이재용 부회장이 각각 15조 천17억 원, 6조 7천743억 원으로 1, 2위를 지켰습니다. 서정진 셀트리온 회장이 4조 8천967억 원...",2020-05-31 10:30
"코로나19 영향, 김범수·김택진 언택트기업 오너 주식부호 순위 급등",/news/news_read.nhn?article_id=0004667764&office_id=421&mode=search&query=삼성전자&page=7,뉴스1,"보유 지분 금액으로는 이건희 삼성전자 회장과 이재용 부회장이 각각 15조1017억 원, 6조7743억 원으로 부동의 1, 2위를 차지했다. 특히...",2020-05-31 10:33
대국민 사과한 이재용… 4일 '후속조치' 내놓는다,/news/news_read.nhn?article_id=0000549085&office_id=417&mode=search&query=삼성전자&page=7,머니S,이재용 삼성전자 부회장의 ‘대국민 사과’에 대한 후속조치가 다음달 초 윤곽을 드러낼 전망이다. 31일 관련업계에 따르면 삼성 7개 관계사는 6월...,2020-05-31 10:36
삼성 준법위 4일 회의…'이재용 사과' 후속조치 나올 듯,/news/news_read.nhn?article_id=0001041475&office_id=214&mode=search&query=삼성전자&page=7,MBC,이재용 삼성전자 부회장의 '대국민 사과'에 대한 구체적인 실천 방안이 다음달 4일 나올 것으로 알려졌습니다. 재계와 준법위 관계자 등에 따르면 ...,2020-05-31 10:38
무사히 첫날 넘긴 온라인 '삼성고시'…오늘은 삼성전자 지원자만 응시,/news/news_read.nhn?article_id=0004667786&office_id=421&mode=search&query=삼성전자&page=6,뉴스1,30일과 31일 양일에 걸쳐 진행되는 2020년 상반기 GSAT은 삼성전자·삼성SDI·삼성생명·호텔신라 등 17개 삼성 계열사 채용 응시자 중 ...,2020-05-31 10:46
"'언택트 시대' 영향 주식부호 판도 변화, 서정진 회장 증가율 가장 높아",/news/news_read.nhn?article_id=0003027151&office_id=241&mode=search&query=삼성전자&page=6,일간스포츠,"이 가운데 삼성전자 이건희 회장과 이재용 부회장이 각각 15조1017억원, 6조7743억원으로 1, 2위 자리를 지켰다. 이건희 회장은 연초(1...",2020-05-31 10:51
삼성전자가 선보이는 '더 월' 체험관,/news/news_read.nhn?article_id=0004667799&office_id=421&mode=search&query=삼성전자&page=6,뉴스1,삼성전자가 31일 경기도 수원시에 위치한 갤러리아 백화점 광교점에 ‘더 월’ 체험존을 열었다. 더 월은 마이크로 LED를 기반으로 한 차세대 디...,2020-05-31 11:00
'마이크로 LED 기반 차세대 디스플레이를 만나다',/news/news_read.nhn?article_id=0004667801&office_id=421&mode=search&query=삼성전자&page=6,뉴스1,삼성전자가 31일 경기도 수원시에 위치한 갤러리아 백화점 광교점에 ‘더 월’ 체험존을 열었다. 더 월은 마이크로 LED를 기반으로 한 차세대 디...,2020-05-31 11:00
"마이크로 LED 기반 차세대 디스플레이, '더 월'",/news/news_read.nhn?article_id=0004667798&office_id=421&mode=search&query=삼성전자&page=6,뉴스1,삼성전자가 31일 경기도 수원시에 위치한 갤러리아 백화점 광교점에 ‘더 월’ 체험존을 열었다. 더 월은 마이크로 LED를 기반으로 한 차세대 디...,2020-05-31 11:00
"삼성, 갤러리아 광교에 '더 월' 체험존 오픈",/news/news_read.nhn?article_id=0011645026&office_id=001&mode=search&query=삼성전자&page=6,연합뉴스,삼성전자는 경기 수원시 갤러리아 백화점 광교점에 '더 월' 체험존을 열었다고 31일 밝혔다. 더 월은 마이크로 발광다이오드(LED)를 기반으로 ...,2020-05-31 11:00
"삼성전자, 갤러리아 광교점에 '더월' 체험존…판매 본격화",/news/news_read.nhn?article_id=0004417423&office_id=008&mode=search&query=삼성전자&page=6,머니투데이,삼성전자가 31일 경기도 수원시에 위치한 갤러리아 백화점 광교점에 '더 월' 체험존을 열었다고 밝혔다. 더 월은 마이크로 LED를 기반으로 한 ...,2020-05-31 11:00
"삼성전자, 갤러리아 백화점에 '더 월' 체험존 열고 판매 본격화",/news/news_read.nhn?article_id=0011645019&office_id=001&mode=search&query=삼성전자&page=6,연합뉴스,삼성전자가 31일 경기도 수원시에 위치한 갤러리아 백화점 광교점에 '더 월' 체험존을 열었다. 사진은 '더 월' 체험존 전경. 2020.5.31,2020-05-31 11:00
"삼성전자, 갤러리아 백화점 광교점에 '더 월' 체험관 오픈",/news/news_read.nhn?article_id=0004667797&office_id=421&mode=search&query=삼성전자&page=6,뉴스1,삼성전자가 31일 경기도 수원시에 위치한 갤러리아 백화점 광교점에 ‘더 월’ 체험존을 열었다. 더 월은 마이크로 LED를 기반으로 한 차세대 디...,2020-05-31 11:00
"삼성전자, 갤러리아 백화점에 '더 월' 체험존 열고 판매 본격화",/news/news_read.nhn?article_id=0011645023&office_id=001&mode=search&query=삼성전자&page=6,연합뉴스,삼성전자가 31일 경기도 수원시에 위치한 갤러리아 백화점 광교점에 '더 월' 체험존을 열었다. 사진은 '더 월' 체험존에서 모델들이 제품을 소개...,2020-05-31 11:00
"삼성전자, '마이크로 LED' 기반 차세대 디스플레이 체험관 오픈",/news/news_read.nhn?article_id=0004667800&office_id=421&mode=search&query=삼성전자&page=6,뉴스1,삼성전자가 31일 경기도 수원시에 위치한 갤러리아 백화점 광교점에 ‘더 월’ 체험존을 열었다. 더 월은 마이크로 LED를 기반으로 한 차세대 디...,2020-05-31 11:00
"삼성전자, 갤러리아 광교점에 ‘더 월’ 체험존 열고 판매 본격화",/news/news_read.nhn?article_id=0004688682&office_id=277&mode=search&query=삼성전자&page=6,아시아경제,삼성전자가 31일 경기도 수원시에 위치한 갤러리아 백화점 광교점에 ‘더 월’ 체험존을 열었다. 더 월은 마이크로 LED를 기반으로 한 차세대 디...,2020-05-31 11:00
"삼성전자, 갤러리아 백화점에 '더 월' 체험존 열고 판매 본격화",/news/news_read.nhn?article_id=0011645020&office_id=001&mode=search&query=삼성전자&page=6,연합뉴스,삼성전자가 31일 경기도 수원시에 위치한 갤러리아 백화점 광교점에 '더 월' 체험존을 열었다. 사진은 마이크로 LED를 기반으로 한 차세대 디스...,2020-05-31 11:00
"삼성전자, 갤러리아 광교점에 마이크로LED TV '더 월' 체험존",/news/news_read.nhn?article_id=0004667810&office_id=421&mode=search&query=삼성전자&page=6,뉴스1,삼성전자가 31일 경기도 수원시에 위치한 갤러리아 백화점 광교점에 '더 월' 체험존을 열었다. 더 월은 마이크로 LED를 기반으로 한 차세대 디...,2020-05-31 11:00
"삼성전자, 갤러리아 백화점에 '더 월' 체험존 열고 판매 본격화",/news/news_read.nhn?article_id=0011645022&office_id=001&mode=search&query=삼성전자&page=6,연합뉴스,삼성전자가 31일 경기도 수원시에 위치한 갤러리아 백화점 광교점에 '더 월' 체험존을 열었다. 사진은 마이크로 LED를 기반으로 한 차세대 디스...,2020-05-31 11:00
"삼성전자, 갤러리아백화점 광교점에 ‘더 월’ 체험존 열어",/news/news_read.nhn?article_id=0002404829&office_id=119&mode=search&query=삼성전자&page=6,데일리안,삼성전자는 31일 경기도 수원시에 위치한 갤러리아 백화점 광교점에 ‘더 월’ 체험존을 열었다고 밝혔다. 더 월은 마이크로LED를 기반으로 한 차...,2020-05-31 11:00
"삼성전자, 갤러리아 광교점에 146인치 TV `더 월` 체험존",/news/news_read.nhn?article_id=0004652700&office_id=018&mode=search&query=삼성전자&page=6,이데일리,삼성전자(005930)가 경기 수원시 갤러리아 백화점 광교점에 ‘더 월’ 체험존을 열었다고 31일 밝혔다. 더 월은 마이크로 발광다이오드(LED...,2020-05-31 11:01
"삼성, 마이크로 LED '더월' 체험존...갤러리아 백화점 오픈",/news/news_read.nhn?article_id=0004434184&office_id=014&mode=search&query=삼성전자&page=6,파이낸셜뉴스,삼성전자가 경기 수원시 갤러리아 백화점 광교점에 마이크로LED '더 월' 체험존을 열었다고 5월 31일 밝혔다. 더 월은 마이크로 LED를 기반...,2020-05-31 11:01
"""차세대 디스플레이 보러 오세요""···삼성, 갤러리아 광교점에 더월 체험존 열어",/news/news_read.nhn?article_id=0003746201&office_id=011&mode=search&query=삼성전자&page=6,서울경제,삼성전자(005930)가 31일 경기도 수원시에 위치한 갤러리아 백화점 광교점에 ‘더 월’ 체험존을 열었다. 더 월은 마이크로 LED를 기반으로...,2020-05-31 11:01
"삼성전자, 갤러리아百 광교점에 '더 월' 체험존 열고 판매 본격화",/news/news_read.nhn?article_id=0000540748&office_id=031&mode=search&query=삼성전자&page=6,아이뉴스24,삼성전자가 31일 경기도 수원시에 위치한 갤러리아 백화점 광교점에 ‘더 월’ 체험존을 열었다. 더 월은 마이크로 LED를 기반으로 한 차세대 디...,2020-05-31 11:01
"삼성, 갤러리아 백화점 광교점에 ‘더 월’ 체험존 오픈",/news/news_read.nhn?article_id=0004585605&office_id=009&mode=search&query=삼성전자&page=5,매일경제,삼성전자가 31일 경기도 수원시에 위치한 갤러리아 백화점 광교점에 ‘더 월’ 체험존을 열었다. 더 월은 마이크로 LED를 기반으로 한 차세대 디...,2020-05-31 11:02
"이재용·정의선·김동관, 3세 3인방 한국형 미래차 협력 나선다",/news/news_read.nhn?article_id=0004417426&office_id=008&mode=search&query=삼성전자&page=5,머니투데이,"중심에 재계 3세 이재용 삼성전자 부회장과 정의선 현대차그룹 수석부회장, 김동관 한화솔루션 부사장이 있다. 이 부회장과 정 수석부회장이 직접 만...",2020-05-31 11:02
"삼성전자, 갤러리아 백화점에 '더 월' 체험존 열고 판매 본격화",/news/news_read.nhn?article_id=0011645049&office_id=001&mode=search&query=삼성전자&page=5,연합뉴스,삼성전자가 31일 경기도 수원시에 위치한 갤러리아 백화점 광교점에 '더 월' 체험존을 열었다. 사진은 마이크로 LED를 기반으로 한 차세대 디스...,2020-05-31 11:07
"삼성전자, 갤러리아 백화점 광교점에 ‘더 월’ 체험존 열고 판매 본격화",/news/news_read.nhn?article_id=0009889518&office_id=003&mode=search&query=삼성전자&page=5,뉴시스,삼성전자가 31일 경기도 수원시에 위치한 갤러리아 백화점 광교점에 ‘더 월’ 체험존을 열었다. 더 월은 마이크로 LED를 기반으로 한 차세대 디...,2020-05-31 11:13
"삼성전자, 갤러리아 백화점 광교점에 ‘더 월’ 체험존 열고 판매 본격화",/news/news_read.nhn?article_id=0009889517&office_id=003&mode=search&query=삼성전자&page=5,뉴시스,삼성전자가 31일 경기도 수원시에 위치한 갤러리아 백화점 광교점에 ‘더 월’ 체험존을 열었다. 더 월은 마이크로 LED를 기반으로 한 차세대 디...,2020-05-31 11:13
"삼성전자, 갤러리아 백화점 광교점에 ‘더 월’ 체험존 열고 판매 본격화",/news/news_read.nhn?article_id=0009889520&office_id=003&mode=search&query=삼성전자&page=5,뉴시스,삼성전자가 31일 경기도 수원시에 위치한 갤러리아 백화점 광교점에 ‘더 월’ 체험존을 열었다. 더 월은 마이크로 LED를 기반으로 한 차세대 디...,2020-05-31 11:13
"삼성전자, 갤러리아 백화점 광교점에 ‘더 월’ 체험존 열고 판매 본격화",/news/news_read.nhn?article_id=0009889516&office_id=003&mode=search&query=삼성전자&page=5,뉴시스,삼성전자가 31일 경기도 수원시에 위치한 갤러리아 백화점 광교점에 ‘더 월’ 체험존을 열었다. 더 월은 마이크로 LED를 기반으로 한 차세대 디...,2020-05-31 11:13
"삼성전자, 갤러리아 백화점 광교점에 ‘더 월’ 체험존 열고 판매 본격화",/news/news_read.nhn?article_id=0009889515&office_id=003&mode=search&query=삼성전자&page=5,뉴시스,삼성전자가 31일 경기도 수원시에 위치한 갤러리아 백화점 광교점에 ‘더 월’ 체험존을 열었다. 더 월은 마이크로 LED를 기반으로 한 차세대 디...,2020-05-31 11:13
온라인 '삼성고시' 이틀째 진행…오늘은 삼성전자 지원자만 응시,/news/news_read.nhn?article_id=0009889553&office_id=003&mode=search&query=삼성전자&page=5,뉴시스,"2일차인 이날은 삼성전자 지원자만 응시할 수 있다. 첫 날인 어제는 삼성전자, 삼성SDI 등 전자 관계사와 삼성생명·호텔신라·제일기획 등 계열사...",2020-05-31 11:33
"삼성, 첫 온라인 GSAT 원활히 마쳐",/news/news_read.nhn?article_id=0011645108&office_id=001&mode=search&query=삼성전자&page=5,연합뉴스,삼성 올해 상반기 채용 GSAT를 온라인 시험으로 진행했다. 사진은 31일 경기도 화성시 삼성전자 사업장에서 감독관들이 실시간으로 원격 감독하는...,2020-05-31 11:35
"삼성, 첫 온라인 GSAT 원활히 마쳐",/news/news_read.nhn?article_id=0011645111&office_id=001&mode=search&query=삼성전자&page=5,연합뉴스,삼성 올해 상반기 채용 GSAT를 온라인 시험으로 진행했다. 사진은 31일 경기도 화성시 삼성전자 사업장에서 감독관들이 실시간으로 원격 감독하는...,2020-05-31 11:35
"삼성, 첫 온라인 GSAT 원활히 마쳐",/news/news_read.nhn?article_id=0011645110&office_id=001&mode=search&query=삼성전자&page=5,연합뉴스,삼성 올해 상반기 채용 GSAT를 온라인 시험으로 진행했다. 사진은 31일 경기도 화성시 삼성전자 사업장에서 감독관들이 실시간으로 원격 감독하는...,2020-05-31 11:35
"삼성, 첫 온라인 GSAT 원활히 마쳐",/news/news_read.nhn?article_id=0011645109&office_id=001&mode=search&query=삼성전자&page=5,연합뉴스,삼성 올해 상반기 채용 GSAT를 온라인 시험으로 진행했다. 사진은 31일 경기도 화성시 삼성전자 사업장에서 감독관들이 실시간으로 원격 감독하는...,2020-05-31 11:35
"삼성, 첫 온라인 GSAT 원활히 치뤄내",/news/news_read.nhn?article_id=0009889561&office_id=003&mode=search&query=삼성전자&page=5,뉴시스,31일 경기도 화성시 삼성전자 사업장에서 감독관들이 실시간으로 원격 감독하는 모습. (사진=삼성전자 제공) 2020.05.31. photo@ne...,2020-05-31 11:36
"삼성, 첫 온라인 GSAT 원활히 치뤄내",/news/news_read.nhn?article_id=0009889559&office_id=003&mode=search&query=삼성전자&page=5,뉴시스,31일 경기도 화성시 삼성전자 사업장에서 감독관들이 실시간으로 원격 감독하는 모습. (사진=삼성전자 제공) 2020.05.31. photo@ne...,2020-05-31 11:36
"삼성, 첫 온라인 GSAT 원활히 치뤄내",/news/news_read.nhn?article_id=0009889560&office_id=003&mode=search&query=삼성전자&page=5,뉴시스,31일 경기도 화성시 삼성전자 사업장에서 감독관들이 실시간으로 원격 감독하는 모습. (사진=삼성전자 제공) 2020.05.31. photo@ne...,2020-05-31 11:36
"삼성, 첫 온라인 GSAT 원활히 치뤄내",/news/news_read.nhn?article_id=0009889558&office_id=003&mode=search&query=삼성전자&page=5,뉴시스,31일 경기도 화성시 삼성전자 사업장에서 감독관들이 실시간으로 원격 감독하는 모습. (사진=삼성전자 제공) 2020.05.31. photo@ne...,2020-05-31 11:36
"삼성, 첫 온라인 GSAT 원활히 치뤄내",/news/news_read.nhn?article_id=0009889557&office_id=003&mode=search&query=삼성전자&page=5,뉴시스,31일 경기도 화성시 삼성전자 사업장에서 감독관들이 실시간으로 원격 감독하는 모습. (사진=삼성전자 제공) 2020.05.31. photo@ne...,2020-05-31 11:36
"삼성, 첫 온라인 GSAT 원활히 치뤄내",/news/news_read.nhn?article_id=0009889562&office_id=003&mode=search&query=삼성전자&page=5,뉴시스,31일 경기도 화성시 삼성전자 사업장에서 감독관들이 실시간으로 원격 감독하는 모습. (사진=삼성전자 제공) 2020.05.31. photo@ne...,2020-05-31 11:36
삼성 온라인 GSAT 원격 감독,/news/news_read.nhn?article_id=0004667886&office_id=421&mode=search&query=삼성전자&page=5,뉴스1,사진은 31일 경기도 화성시 삼성전자 사업장에서 감독관들이 실시간으로 원격 감독하는 모습. (삼성전자 제공) 2020.5.31/뉴스1,2020-05-31 11:39
사상 첫 온라인 GSAT 치른 삼성,/news/news_read.nhn?article_id=0004667884&office_id=421&mode=search&query=삼성전자&page=4,뉴스1,사진은 31일 경기도 화성시 삼성전자 사업장에서 감독관들이 실시간으로 원격 감독하는 모습. (삼성전자 제공) 2020.5.31/뉴스1,2020-05-31 11:39
"삼성, 사상 첫 온라인 GSAT",/news/news_read.nhn?article_id=0004667887&office_id=421&mode=search&query=삼성전자&page=4,뉴스1,사진은 31일 경기도 화성시 삼성전자 사업장에서 감독관들이 실시간으로 원격 감독하는 모습. (삼성전자 제공) 2020.5.31/뉴스1,2020-05-31 11:39
"삼성, 상반기 채용 GSAT 온라인으로 진행",/news/news_read.nhn?article_id=0004667885&office_id=421&mode=search&query=삼성전자&page=4,뉴스1,사진은 31일 경기도 화성시 삼성전자 사업장에서 감독관들이 실시간으로 원격 감독하는 모습. (삼성전자 제공) 2020.5.31/뉴스1,2020-05-31 11:39
"삼성전자, 사상 첫 온라인 GSAT",/news/news_read.nhn?article_id=0004667889&office_id=421&mode=search&query=삼성전자&page=4,뉴스1,사진은 31일 경기도 화성시 삼성전자 사업장에서 감독관들이 실시간으로 원격 감독하는 모습. (삼성전자 제공) 2020.5.31/뉴스1,2020-05-31 11:39
"""부정행위 NO"" 매의 눈으로 '삼성고시' 살펴보는 삼성전자 직원들",/news/news_read.nhn?article_id=0003746215&office_id=011&mode=search&query=삼성전자&page=4,서울경제,"2일차에는 삼성전자(005930) 입사 지원자들만 시험을 치른다. 전날에는 삼성전자를 비롯해 삼성그룹 전자 관계사, 바이오 관계사 지원자 등이 ...",2020-05-31 11:45
"삼성, 첫 온라인 GSAT 원활히 진행..향후 비대면 확대 검토",/news/news_read.nhn?article_id=0004652724&office_id=018&mode=search&query=삼성전자&page=4,이데일리,진행된 GSAT가 문제없이 원활히 진행됐다고 설명했다. 31일 경기도 화성시 삼성전자 사업장에서 감독관들이 실시간으로 원격 감독하는 모습. (사...,2020-05-31 11:46
[포토] 처음으로 온라인 진행된 삼성 채용시험 GSAT,/news/news_read.nhn?article_id=0003094949&office_id=081&mode=search&query=삼성전자&page=4,서울신문,(GSAT)를 온라인 시험으로 진행했다. 31일 경기도 화성시 삼성전자 사업장에서 감독관들이 실시간으로 응시자들을 원격 감독하고 있다. 2020...,2020-05-31 11:46
D램 가격 상승세 주춤…코로나발 위기 현실로?,/news/news_read.nhn?article_id=0002601262&office_id=029&mode=search&query=삼성전자&page=4,디지털타임스,이는 지난 3월에 발표한 전망치와 비교해 8% 늘어난 수치다. 마이크론이 매출 전망치를 상향했다는 소식이 전해지자 삼성전자와 SK하이닉스의 주가...,2020-05-31 11:53
"전자업계, '게이밍 모니터' 시장 강화",/news/news_read.nhn?article_id=0004688713&office_id=277&mode=search&query=삼성전자&page=4,아시아경제,삼성전자와 LG전자가 게이밍 모니터 시장을 위한 마케팅 강화에 나서고 있다. 고사양 게임의 등장과 e스포츠의 성장으로 게이밍 모니터의 수요 확대...,2020-05-31 11:58
"삼성 첫 온라인고시, 응시자들 엇갈린 반응",/news/news_read.nhn?article_id=0003535284&office_id=023&mode=search&query=삼성전자&page=4,조선일보,"31일에는 삼성전자 입사 지원자들만 시험을 본다. 전날에는 삼성전자를 비롯해 삼성그룹 전자 관계사, 바이오 관계사 지원자 등이 응시했다. 국내 ...",2020-05-31 12:02
"삼성, 첫 온라인 GSAT 원활히 마쳐 [경향포토]",/news/news_read.nhn?article_id=0003012117&office_id=032&mode=search&query=삼성전자&page=4,경향신문,삼성 올해 상반기 채용 GSAT를 온라인 시험으로 진행했다. 사진은 31일 경기도 화성시 삼성전자 사업장에서 감독관들이 실시간으로 원격 감독하는...,2020-05-31 12:04
"첫 온라인 '삼성고시' 안정적…삼성 ""채용분야 다양하게 활용""",/news/news_read.nhn?article_id=0004667950&office_id=421&mode=search&query=삼성전자&page=4,뉴스1,"삼성전자가 31일 진행 중인 온라인 형태의 삼성직무적성검사(GSAT)에 대해 ""첫 대규모 시험에도 서버 과부하 등의 문제 없이 시스템이 안정적으...",2020-05-31 12:16
"현대차 정의선, 이번엔 한화 김동관과 '전기차배터리 협력'",/news/news_read.nhn?article_id=0003027158&office_id=241&mode=search&query=삼성전자&page=4,일간스포츠,정의선 수석부회장은 차세대 전기차 배터리 협력을 위해 이재용 삼성전자 부회장과 회동을 한 바 있다. 정 수석부회장은 이번엔 한화그룹의 후계자인 ...,2020-05-31 12:19
"온라인 삼성고시 이틀째…삼성 ""오류없이 원활하게 진행""(종합)",/news/news_read.nhn?article_id=0011645199&office_id=001&mode=search&query=삼성전자&page=4,연합뉴스,"2일차에는 삼성전자 입사 지원자들만 시험을 치른다. 전날에는 삼성전자를 비롯해 삼성그룹 전자 관계사, 바이오 관계사 지원자 등이 응시했다. 시험...",2020-05-31 12:32
이틀째 진행된 온라인 ‘삼성고시’…삼성 오류없이 진행,/news/news_read.nhn?article_id=0000212677&office_id=374&mode=search&query=삼성전자&page=4,SBS CNBC,"2일 차인 오늘은 삼성전자 입사 지원자들만 시험을 치릅니다. 시험은 수리영역 20문항과 추리영역 30문항으로 구성되며 사전 준비 60분, 시험 ...",2020-05-31 12:45
[사진]사상 첫 온라인 삼성고시…'매의 눈'감독관 원격 감독,/news/news_read.nhn?article_id=0004417472&office_id=008&mode=search&query=삼성전자&page=4,머니투데이,채용 GSAT(삼성직무적성검사)를 사상 첫 온라인 시험으로 진행했다. 사진은 31일 경기도 화성시 삼성전자 사업장에서 감독관들이 실시간으로 원격...,2020-05-31 13:15
삼성 준법위 4일 개최...이재용 사과 후속조치 보고된다,/news/news_read.nhn?article_id=0004434238&office_id=014&mode=search&query=삼성전자&page=4,파이낸셜뉴스,이재용 삼성전자 부회장이 대국민 사과 후속조치가 오는 4일 삼성 준법감시위원회(준법위)에 보고될 전망이다. 이 부회장은 지난 5월 6일 대국민 ...,2020-05-31 13:17
"사상 첫 온라인 삼성고시…""부정행위 오류 없어""",/news/news_read.nhn?article_id=0004350707&office_id=015&mode=search&query=삼성전자&page=4,한국경제,이날 시험은 삼성전자 입사 지원자들만 치른다. 전날엔 삼성전자를 비롯한 삼성그룹 전자 관계사와 바이오 관계사 지원자 등이 응시했다. 삼성은 신종...,2020-05-31 13:28
‘삼성고시’ 이틀째…어떻게 진행되나,/news/news_read.nhn?article_id=0001326801&office_id=005&mode=search&query=삼성전자&page=4,국민일보,"2일차에는 삼성전자 입사 지원자들만 시험을 치렀다. 전날에는 삼성전자를 비롯해 삼성그룹 전자 관계사, 바이오 관계사 지원자 등이 응시했다. 시험...",2020-05-31 13:29
"삼성 공채 필기시험, 온라인으로 이틀째…""원활하게 진행""",/news/news_read.nhn?article_id=0000531077&office_id=366&mode=search&query=삼성전자&page=4,조선비즈,"31일에는 삼성전자 입사 지원자들만 시험을 치렀다. 전날에는 삼성전자를 비롯해 삼성그룹 전자 관계사, 바이오 관계사 지원자 등이 응시했다. 시험...",2020-05-31 13:37
"삼성·LG전자, 블록체인 속으로 한걸음 더...포스트 코로나 선제 대응",/news/news_read.nhn?article_id=0004434255&office_id=014&mode=search&query=삼성전자&page=3,파이낸셜뉴스,글로벌 IT·전자기업 삼성전자와 LG전자가 블록체인·가상자산 산업으로 한걸음 더 깊이 발걸음을 옮겼다. 삼성전자는 미국 가상자산 거래소 제미니와...,2020-05-31 13:43
'커닝' 단속부터 난이도까지··· 이틀간 열린 '삼성 고시' 총정리,/news/news_read.nhn?article_id=0003746244&office_id=011&mode=search&query=삼성전자&page=3,서울경제,첫날에는 삼성전자(005930)·삼성SDI(006400)·삼성생명·호텔신라(008770) 등 17개 그룹 계열사 채용에 응시한 이들 가운데 서류...,2020-05-31 13:44
"삼성전자, 갤러리아 백화점 광교점에 `더 월` 체험존 오픈…""프리미엄 품격 선봬""",/news/news_read.nhn?article_id=0002601280&office_id=029&mode=search&query=삼성전자&page=3,디지털타임스,삼성전자가 경기 수원시 갤러리아 백화점 광교점에 마이크로LED '더 월' 체험존을 열었다고 31일 밝혔다. 더 월은 마이크로 LED를 기반으로 ...,2020-05-31 13:51
"[위기의 수출코리아①] 코로나19에 막힌 시스템반도체 1위 꿈…삼성, 9월 파운드...",/news/news_read.nhn?article_id=0002601285&office_id=029&mode=search&query=삼성전자&page=3,디지털타임스,이재용 삼성전자 부회장의 2030년 시스템반도체 세계 1위의 꿈을 펼칠 '파운드리 포럼' 무대가 코로나19에 막혀 올해 아예 열리지 못할 위기에...,2020-05-31 13:52
[위기의 수출코리아②] 주요 간판기업 `어닝쇼크` 현실로…돌파구가 없다,/news/news_read.nhn?article_id=0002601284&office_id=029&mode=search&query=삼성전자&page=3,디지털타임스,국내 증시 대장주 삼성전자의 2분기 영업이익 추정치는 전년 동기 대비 3.8% 줄어든 6조3480억원이었다. 반도체 부문은 비대면 관련 효과로 ...,2020-05-31 13:52
사상 첫 온라인 `삼성고시` 이틀 간 일정 마무리…하반기도 검토,/news/news_read.nhn?article_id=0002601287&office_id=029&mode=search&query=삼성전자&page=3,디지털타임스,"전날에는 삼성전자를 비롯해 삼성그룹 전자 관계사, 바이오 관계사 지원자 등이 참여한 데 이어 이날에는 삼성전자 입사 지원자들만 응시했다. 시험은...",2020-05-31 13:55
"서정진 2조↑ vs 서경배 1.5조↓… ""코로나19로 주식부호 판도 변화""",/news/news_read.nhn?article_id=0002601290&office_id=029&mode=search&query=삼성전자&page=3,디지털타임스,"삼성전자의 이건희 회장과 이재용 부회장이 각각 15조1017억원, 6조7743억 원으로 부동의 1, 2위 자리를 지켰다. 이건희 회장의 경우 코...",2020-05-31 14:12
153만원 에어컨을 116만원에 ‘득템’…여름용품 할인 경쟁,/news/news_read.nhn?article_id=0003005223&office_id=025&mode=search&query=삼성전자&page=3,중앙일보,━ 이른 불볕더위에 잘 팔리는 냉방용품 경기도 용인시 수지구에 거주하는 A 씨는 지난 24일 온라인 쇼핑(e커머스·e-commerce) G마켓에...,2020-05-31 14:36
사상 첫 온라인 삼성고시 무사히 끝나…새 트렌드 될까,/news/news_read.nhn?article_id=0000818262&office_id=055&mode=search&query=삼성전자&page=3,SBS,"사회적 비용 축소, 응시자 편의 측면에서 효용이 크다고 판단된다""며 ""4차 산업혁명에도 부합하는 채용 방식""이라고 말했습니다. (사진=삼성전자 ...",2020-05-31 14:37
"코로나19로 주식부호 순위도 변동…서정진 회장, 주식 지분가치 증가율 1위",/news/news_read.nhn?article_id=0003576617&office_id=076&mode=search&query=삼성전자&page=3,스포츠조선,"이건희 삼성전자 회장은 15조1017억원, 이재용 부회장은 6조7743억원으로 부동의 1,2위 자리를 지켰다. 이건희 회장은 코로나19에 따른 주가 하락으로 연초(1월 2...",2020-05-31 14:49
"삼성그룹, 온라인 공채 시험 치러...제도화 여부 고민",/news/news_read.nhn?article_id=0001446648&office_id=052&mode=search&query=삼성전자&page=3,YTN,[기자] 일요일 오전 경기도 화성시 삼성전자 사업장. 감독관들이 온라인으로 실시되는 직무적성검사를 원격 감독하고 있습니다. [삼성전자 시험 감독...,2020-05-31 14:55
"서정진·김범수 뜨고, 정몽구·서경배 지고…주식부호 순위 ‘코로나 희비’",/news/news_read.nhn?article_id=0003012141&office_id=032&mode=search&query=삼성전자&page=3,경향신문,"이건희 삼성전자 회장과 이재용 부회장의 보유 지분가치는 각각 15조1017억원, 6조7743억원으로 이번에도 1·2위를 지켰다. 하지만 이건희 ...",2020-05-31 15:01
이틀간 열린 첫 온라인 삼성고시 어땠나? 수험생들 반응은,/news/news_read.nhn?article_id=0004417513&office_id=008&mode=search&query=삼성전자&page=3,머니투데이,"시험 첫날(30일)엔 삼성전자·삼성SDI·삼성디스플레이 등 전자 관계사와 삼성생명·호텔신라·제일기획 등 계열사 지원자들이, 둘째날(31일)엔 삼...",2020-05-31 15:19
"부호 순위도 ‘언택트 상한가’…서정진·김범수 약진, 정몽구 하락",/news/news_read.nhn?article_id=0000674084&office_id=144&mode=search&query=삼성전자&page=3,스포츠경향,"CEO스코어에 따르면 삼성전자 이건희 회장과 이재용 부회장이 각각 15조1017억원, 6조7743억 원으로 부동의 1·2위 자리를 지켰다. 이건...",2020-05-31 15:22
'이재용 사과' 후속조치 어떻게 될까···다음달 4일 윤곽 드러낼 전망,/news/news_read.nhn?article_id=0003746282&office_id=011&mode=search&query=삼성전자&page=3,서울경제,이재용 삼성전자(005930) 부회장이 약속한 ‘대국민 사과’에 대한 구체적인 방안이 내달 4일께 나올 전망이다. 이는 경영권 승계를 포기하고 ...,2020-05-31 15:33
"""KB금융·SK하이닉스 주목할 때""",/news/news_read.nhn?article_id=0004350747&office_id=015&mode=search&query=삼성전자&page=3,한국경제,"수요일 ‘이경락의 돈버는 락티비 24 시즌2’에서는 이경락 파트너가 속이뻥차트 기법을 알려주고 해자가 있는 기업으로 SKC, 속이 뻥 뚫리는 특급주로는 삼성전자...",2020-05-31 15:36
"'진단키트 선두' 씨젠, 여전히 가파른 성장 기대",/news/news_read.nhn?article_id=0004350749&office_id=015&mode=search&query=삼성전자&page=3,한국경제,‘동학개미운동’ 바람이 불면서 개인투자자들이 삼성전자에 돈을 쏟아붓고 있지만 삼성전자 주가 흐름은 시장 대비 실망스럽다. 앞으로 1년 이상 보유...,2020-05-31 15:41
"삼성, 이번주 '이재용 사과' 후속조치 내놓을 듯",/news/news_read.nhn?article_id=0000431025&office_id=422&mode=search&query=삼성전자&page=3,연합뉴스TV,이재용 삼성전자 부회장의 '대국민 사과'에 대한 구체적인 실천 방안이 이번주에 나올 것으로 보입니다. 삼성전자와 삼성물산 등 삼성 7개 관계사는...,2020-05-31 15:45
코스피 순환매 장세 전망…반등장 소외株 햇살 드나,/news/news_read.nhn?article_id=0004350753&office_id=015&mode=search&query=삼성전자&page=3,한국경제,감은숙 한국경제TV 파트너는 “지수가 2020을 넘어선 상황에서 시가총액 1위인 삼성전자의 주가가 5만원에 불과하다는 것은 특정 업종으로의 쏠림...,2020-05-31 15:46
"외국인, 4주 연속 '팔자' 지속…삼전 사고 네이버 팔고",/news/news_read.nhn?article_id=0004688773&office_id=277&mode=search&query=삼성전자&page=3,아시아경제,외국인이 지난 주 가장 많이 사들인 종목은 삼성전자였다. 외국인은 지난 주 삼성전자를 3149억원 순매수했다. 뒤이어 포스코(POSCO)를 730억원 사들였다. 이밖에.....,2020-05-31 15:48
"주식부호도 '포스트 코로나'…서정진, 지분가치 2조원 증가",/news/news_read.nhn?article_id=0004350755&office_id=015&mode=search&query=삼성전자&page=2,한국경제,"이건희 삼성전자 회장이 여전히 1위의 자리를 지켰지만, 보유 상장사 주식의 가치는 2조원이나 급감했다. 서정진 셀트리온 회장의 보유주식 가치는 ...",2020-05-31 15:50
"온라인 '삼성고시' 마무리…""다양한 채용분야 적용 검토""(종합)",/news/news_read.nhn?article_id=0009889921&office_id=003&mode=search&query=삼성전자&page=2,뉴시스,"2일차인 이날은 삼성전자 지원자만 응시할 수 있다. 첫 날인 어제는 삼성전자, 삼성SDI 등 전자 관계사와 삼성생명·호텔신라·제일기획 등 계열사...",2020-05-31 15:50
"[줌인]삼성, 비대면 `채용 혁신`…온라인 `GSAT` 성공적 실시(종합)",/news/news_read.nhn?article_id=0004653137&office_id=018&mode=search&query=삼성전자&page=2,이데일리,"첫날은 삼성전자(005930)와 삼성SDI(006400), 삼성생명(032830), 제일기획(030000), 바이오 관계사 응시자들이 시험을 봤...",2020-05-31 16:01
‘바이오·언택트’ 약진에… 시총 10위 비중 45%로 급등,/news/news_read.nhn?article_id=0001326851&office_id=005&mode=search&query=삼성전자&page=2,국민일보,31일 한국거래소에 따르면 코스피 상장 종목(789개) 가운데 시가총액 상위 10종목(삼성전자 우선주 제외)의 비중은 44.7%로 나타났다. 2...,2020-05-31 16:13
무사히 끝난 첫 온라인 '삼성고시'…새 패러다임 만들었다(종합),/news/news_read.nhn?article_id=0004668337&office_id=421&mode=search&query=삼성전자&page=2,뉴스1,온라인 GSAT 첫 날인 30일에는 삼성전자·삼성SDI 등 전자 관계사와 삼성생명·호텔신라·제일기획 등 계열사 응시자들에 대한 시험이 진행됐으며...,2020-05-31 16:16
스마트폰 분실해도 디지털자산은 찾는다,/news/news_read.nhn?article_id=0004434315&office_id=014&mode=search&query=삼성전자&page=2,파이낸셜뉴스,"정기욱 트러스트버스 대표도 ""삼성전자의 블록체인 파트너로서 '삼성 블록체인 키스토어'와 '삼성 블록체인 월렛' 관련 복원도 지원하고 있다""며 ""코스콤과도 디지털...",2020-05-31 16:19
블록체인 속도내는 삼성·LG전자… ‘언택트 시대’ 신사업 선점,/news/news_read.nhn?article_id=0004434318&office_id=014&mode=search&query=삼성전자&page=2,파이낸셜뉴스,글로벌 IT·전자기업 삼성전자와 LG전자가 블록체인·가상자산 산업으로 한걸음 더 깊이 발걸음을 옮겼다. 삼성전자는 미국 가상자산 거래소 제미니와...,2020-05-31 16:19
"이재용 잇단 검찰 소환에 ""사법 인질극·국가적 불행"" 비판 잇따라",/news/news_read.nhn?article_id=0004417524&office_id=008&mode=search&query=삼성전자&page=2,머니투데이,[검찰 기한 없는 수사에 재계·학계 우려 커져…수사결과 따라 삼성 미래전략 '제동'] 이재용 삼성전자 부회장이 삼성물산·제일모직 합병과 경영권 ...,2020-05-31 16:37
‘꾸준한 우상향’ 삼성전자·소부장 수혜기업에 집중 투자 [이런 펀드 어때요?],/news/news_read.nhn?article_id=0004434344&office_id=014&mode=search&query=삼성전자&page=2,파이낸셜뉴스,삼성전자와 함께 소재·부품·장비(소부장) 관련 종목의 성장성이 주목받고 있다. 교보악사자산운용은 이달 삼성전자와 소부장 종목에 집중 투자하는.....,2020-05-31 17:02
"""삼성 초프리미엄 디스플레이 체험하세요""",/news/news_read.nhn?article_id=0004434347&office_id=014&mode=search&query=삼성전자&page=2,파이낸셜뉴스,삼성전자가 경기 수원시 갤러리아 백화점 광교점에 마이크로LED '더 월' 체험존(사진)을 열었다고 5월 31일 밝혔다. 더 월은 마이크로 LED...,2020-05-31 17:04
"이재용 '대국민 사과' 후속 조치는… 삼성 관계사 7곳, 4일 준법위에 보고",/news/news_read.nhn?article_id=0004434346&office_id=014&mode=search&query=삼성전자&page=2,파이낸셜뉴스,이재용 삼성전자 부회장의 대국민 사과 후속조치가 오는 4일 삼성 준법감시위원회(준법위)에 보고될 전망이다. 이 부회장은 지난 5월 6일 대국민 사과에서 무노조...,2020-05-31 17:04
총수 집 앞서 삼겹살 굽고…배드민턴장 지어달라 떼쓰고,/news/news_read.nhn?article_id=0004350803&office_id=015&mode=search&query=삼성전자&page=2,한국경제,지난 24일 이재용 삼성전자 부회장의 자택 앞에서 술을 마시며 삼겹살까지 구워먹은 시위 참가자들의 모습이 유튜브를 통해 알려지면서 이 같은 여론...,2020-05-31 17:17
서버용D램 가격 제자리..4분기 10% 하락 전망도,/news/news_read.nhn?article_id=0003746352&office_id=011&mode=search&query=삼성전자&page=2,서울경제,삼성전자와 SK하이닉스 등 D램 공급사들은 제품 생산수율 향상으로 올 하반기에는 D램 공급량을 추가로 늘릴 것으로 전망돼 가격이 하락할 수 있다...,2020-05-31 17:22
반포3주구도 `래미안`…강남재건축 돌풍,/news/news_read.nhn?article_id=0004585710&office_id=009&mode=search&query=삼성전자&page=2,매일경제,"또 삼성전자, 삼성SDS, 삼성물산 리조트부문 등 그룹 계열사 기술력을 총동원해 특화 설계 및 시스템을 제공할 계획이다. 다만 반포3주구는 기존...",2020-05-31 17:22
"[서경스타즈IR] 삼성전자, 언택트 타고 반도체 훈풍···D램도 상승기류",/news/news_read.nhn?article_id=0003746369&office_id=011&mode=search&query=삼성전자&page=2,서울경제,신종코로나바이러스 감염증(코로나19)으로 주춤하던 삼성전자 주가가 5만원 문턱에 들어섰다. 사회 각 분야에서 ‘비대면’이 강조되면서 삼성전자의 ...,2020-05-31 17:30
주식 부호 지각변동…서정진·김범수 약진,/news/news_read.nhn?article_id=0004350833&office_id=015&mode=search&query=삼성전자&page=2,한국경제,"삼성전자 이건희 회장과 이재용 부회장은 각각 15조1017억원, 6조7743억원으로 주식 부호 1·2위를 지켰다. 이건희 회장은 주가 하락으로 지분 가치가 2조3066억원...",2020-05-31 17:37
상여 끌고 장송곡 틀고…욕설·비방에 포위 당한 '삼성 타운',/news/news_read.nhn?article_id=0004350835&office_id=015&mode=search&query=삼성전자&page=2,한국경제,서초사옥 내 삼성생명과 삼성전자 사내 어린이집 원아들이 등원하거나 낮잠을 자야 하는 시간대와 겹친다. 아이와 부모들이 극심한 피해를 호소하는 이...,2020-05-31 17:38
"'동학개미', 삼성전자 아닌 카카오·네이버 선택했다면…김범수·이해진 지분가치 ↑",/news/news_read.nhn?article_id=0000664321&office_id=468&mode=search&query=삼성전자&page=2,스포츠서울,"코로나19 여파로 증시가 급락하자 저가 매수의 기회로 판단하고 삼성전자 주식을 사들였던 소위 ‘동학개미’들이 카카오, 네이버 등 IT종목을 선택...",2020-05-31 17:40
"채용 트렌드 바꾼'온라인 삼성고시'… ""하반기에도 검토""",/news/news_read.nhn?article_id=0004434367&office_id=014&mode=search&query=삼성전자&page=2,파이낸셜뉴스,"이날 삼성과 지원자 등에 따르면 삼성전자와 전자 관계사, 삼성바이오 관계사 등은 신입사원 채용을 위해 지난 주말 이틀간 오전 9시와 오후 2시로...",2020-05-31 17:42
[포토] 삼성전자 더월 체험존 오픈,/news/news_read.nhn?article_id=0004585789&office_id=009&mode=search&query=삼성전자&page=2,매일경제,삼성전자가 31일 경기 수원시 갤러리아백화점 광교점에 '더 월' 체험존을 열고 차세대 디스플레이 TV 판매를 본격화한다. 더 월은 마이크로 LE...,2020-05-31 18:12
"""소금물 농도 문제 풀다 멘붕""…첫 온라인 삼성고시 후기 보니",/news/news_read.nhn?article_id=0003005255&office_id=025&mode=search&query=삼성전자&page=1,중앙일보,"""수리영역에서 소금물 문제 풀다가 '멘붕'이 왔다.""(삼성전자 반도체부문 공정 파트 지원자) 31일 삼성의 대졸 공채 인·적성 검사 GSAT를 ...",2020-05-31 18:33
"해킹당한 디지털 지갑, 블록체인으로 복원",/news/news_read.nhn?article_id=0002601344&office_id=029&mode=search&query=삼성전자&page=1,디지털타임스,"트러스트버스는 삼성전자의 블록체인 파트너로서 '마스터키' 내 블록체인 기반 복원 솔루션을 구축하고, 삼성전자의 블록체인 키스토어 기반 삼성 월렛...",2020-05-31 18:44
무사히 끝난 첫 온라인 삼성고시… 하반기도 검토,/news/news_read.nhn?article_id=0002601359&office_id=029&mode=search&query=삼성전자&page=1,디지털타임스,"전날에는 삼성전자를 비롯해 삼성그룹 전자 관계사, 바이오 관계사 지원자 등이 참여한 데 이어 이날에는 삼성전자 입사 지원자들만 응시했다. 시험은...",2020-05-31 18:44
"`TV야, 작품이야`… 백화점에 삼성 `더월` 체험존",/news/news_read.nhn?article_id=0002601355&office_id=029&mode=search&query=삼성전자&page=1,디지털타임스,삼성전자가 경기 수원시 갤러리아 백화점 광교점에 마이크로LED '더 월' 체험존을 열었다고 31일 밝혔다. 더 월은 마이크로 LED를 기반으로 ...,2020-05-31 18:44
제조업 매출 쪼그라든다… 예고된 2분기 `어닝쇼크`,/news/news_read.nhn?article_id=0002601351&office_id=029&mode=search&query=삼성전자&page=1,디지털타임스,국내 증시 대장주 삼성전자의 2분기 영업이익 추정치는 전년 동기 대비 3.8% 줄어든 6조3480억원이었다. 반도체 부문은 비대면 관련 효과로 ...,2020-05-31 18:45
"삼성·LG, 초격차 기술 자랑하고 싶어도 자랑할 곳이 없네",/news/news_read.nhn?article_id=0002601352&office_id=029&mode=search&query=삼성전자&page=1,디지털타임스,이재용 삼성전자 부회장의 2030년 시스템반도체 세계 1위의 꿈을 펼칠 '파운드리 포럼' 무대가 코로나19에 막혀 올해 아예 열리지 못할 위기에...,2020-05-31 18:45
불수능 뺨친 첫 온라인 ‘삼성고시’..하반기 이후도 도입 검토,/news/news_read.nhn?article_id=0003095014&office_id=081&mode=search&query=삼성전자&page=1,서울신문,삼성전자 관계자는 “이번 첫 온라인 필기시험으로 대규모 집합 방식의 시험에 드는 사회적 비용을 줄일 수 있었다”면서 “(오프라인 시험보다) 효율...,2020-05-31 18:51
불수능 뺨친 첫 온라인 삼성고시 ‘오류’ 없었다,/news/news_read.nhn?article_id=0003095019&office_id=081&mode=search&query=삼성전자&page=1,서울신문,삼성전자 관계자는 “이번 첫 온라인 필기시험으로 대규모 집합 방식의 시험에 드는 사회적 비용을 줄일 수 있었다”면서 “(오프라인 시험보다) 효율...,2020-05-31 19:06
‘주린이’인가요? 배당·가치·성장성 살펴 ‘나만의 스타일’ 찾으세요,/news/news_read.nhn?article_id=0002499314&office_id=028&mode=search&query=삼성전자&page=1,한겨레,"박 대표는 개인들이 이번에 가장 많이 투자한 삼성전자, 현대차 등 대형주가 “충분히 제값을 받고 있다”며 “찾아보면 시장지배력도 있고 배당도 잘...",2020-05-31 19:18
"레이, 세계 유일 디지털 치과 솔루션…해외서 매출 94%, 주가도 '쑥쑥'",/news/news_read.nhn?article_id=0004350885&office_id=015&mode=search&query=삼성전자&page=1,한국경제,높은 기술력 덕에 2010년에는 의료기기산업에 진출한 삼성전자 눈에 띄어 자회사로 편입되기도 했다. 삼성전자가 의료기기산업에서 철수하며 2015...,2020-05-31 19:34
"""소금 섞기 전 소금물 양은?""…사상 첫 온라인 `삼성고시` 난이도 어려웠다",/news/news_read.nhn?article_id=0002601396&office_id=029&mode=search&query=삼성전자&page=1,디지털타임스,"전날에는 삼성전자를 비롯해 삼성그룹 전자 관계사, 바이오 관계사 지원자 등이 참여한 데 이어 이날에는 삼성전자 입사 지원자들만 응시했다. 시험은...",2020-05-31 19:34
머니투데이대학가요제·인터엠배직장인밴드페스티벌 예선랠리2 '동영상' 심사결과,/news/news_read.nhn?article_id=0004417559&office_id=008&mode=search&query=삼성전자&page=1,머니투데이,"한국은행 삼성전자 등 직장연합/ 보컬: 태양 전영수, 인천교육청 홍선아) ['2020 제13회 머니투데이대학가요제' 개요] -5월부터 7월까지 ...",2020-05-31 20:01
"삼성, 갤러리아 광교에 '더 월' 체험존 오픈",/news/news_read.nhn?article_id=0001680257&office_id=016&mode=search&query=삼성전자&page=1,헤럴드경제,삼성전자는 경기 수원시 갤러리아 백화점 광교점에 '더 월' 체험존을 열었다고 31일 밝혔다. 더 월은 마이크로 발광다이오드(LED)를 기반으로 ...,2020-05-31 20:01
컬러풀한 요즘 가전… ‘개인 취향’ 소비자 요구 반영,/news/news_read.nhn?article_id=0001326911&office_id=005&mode=search&query=삼성전자&page=1,국민일보,"삼성전자가 선보인 ‘비스포크 냉장고’는 화이트와 같은 기본 색상은 물론 자연스러운 베이지, 화사한 라벤더 등으로 15종의 도어패널을 직접 고를 ...",2020-05-31 21:07
"[포토] 삼성, 갤러리아 광교점에 ‘더 월’ 체험존 오픈",/news/news_read.nhn?article_id=0001326912&office_id=005&mode=search&query=삼성전자&page=1,국민일보,삼성전자가 31일 경기도 수원에 위치한 갤러리아백화점 광교점에 ‘더 월’ 체험존을 열었다. 더 월은 마이크로 LED를 기반으로 한 차세대 디스플...,2020-05-31 21:10
삼성전자 ‘더 월’ 체험존 오픈 [포토뉴스],/news/news_read.nhn?article_id=0003012255&office_id=032&mode=search&query=삼성전자&page=1,경향신문,모델들이 31일 경기 갤러리아백화점 광교점에 개장한 삼성전자의 마이크로 발광다이오드(LED) 기반 차세대 디스플레이 ‘더 월’ 체험존을 소개하고...,2020-05-31 21:59
"""모니터 무조건 큰 걸로 첫 온라인 삼성고시 낯선 방식에 '멘붕'",/news/news_read.nhn?article_id=0000501437&office_id=469&mode=search&query=삼성전자&page=1,한국일보,삼성전자 반도체부문 지원자는 “수리 영역에서 소금물 문제 풀다가 ‘멘붕’이 왔다”고도 했다. 일부 응시자는 ‘낯선’ 시험 방식에 고충을 토로했다...,2020-05-31 22:00
"삼성그룹, 온라인 공채 시험 치러...제도화 여부 고민",/news/news_read.nhn?article_id=0001446719&office_id=052&mode=search&query=삼성전자&page=1,YTN,[기자] 일요일 오전 경기도 화성시 삼성전자 사업장. 감독관들이 온라인으로 실시되는 직무적성검사를 원격 감독하고 있습니다. [삼성전자 시험 감독...,2020-05-31 22:11
90년대 창업한 벤처들 괄목 성장…20년 뒤에 또 위대한 탄생 나오려면 [박동흠의...,/news/news_read.nhn?article_id=0003012238&office_id=032&mode=search&query=삼성전자&page=1,경향신문,물론 연매출액 200조원이 넘는 시가총액 1위 기업 삼성전자와 비교해서 아주 큰 숫자는 아니다. 그러나 네이버라는 훌륭한 플랫폼이 우리나라 경제...,2020-05-31 22:14
삼성 온라인 공채 시험…코로나 걱정없어 좋았다 vs 집중력 떨어진다,/news/news_read.nhn?article_id=0003470337&office_id=022&mode=search&query=삼성전자&page=1,세계일보,31일 삼성전자 공채 필기시험이 온라인으로 진행됐다. 이날 경기도 화성시 삼성전자 사업장에서 감독관들이 원격 감독하고 있다. 삼성전자 삼성이 3...,2020-05-31 23:02
