title,url,press,summary,date
정의선도 삼성 달려가게 한 ‘꿈의 배터리’의 비밀,/news/news_read.nhn?article_id=0003003208&office_id=025&mode=search&query=삼성전자&page=10,중앙일보,정의선 현대자동차그룹 수석부회장이 지난 13일 삼성SDI 천안 사업장을 찾아 이재용 삼성전자 부회장과 회동하면서 ‘전고체(All Soild-St...,2020-05-25 00:04
"삼성 갤워치, 심전도 측정 가능해졌다지만…원격진료는 불가",/news/news_read.nhn?article_id=0003003239&office_id=025&mode=search&query=삼성전자&page=10,중앙일보,올해 하반기부터는 삼성전자 스마트워치로 혈압과 심전도를 측정할 수 있게 될 전망이다. 애플워치가 해외에서는 심전도 측정 기능을 제공하고 있지만 ...,2020-05-25 00:06
"[view] 반도체 중국 수출 40%, 유화는 44%…미·중 갈등 불똥 우려",/news/news_read.nhn?article_id=0003003240&office_id=025&mode=search&query=삼성전자&page=10,중앙일보,미국의 중국 화웨이에 대한 제재는 비메모리 반도체에 초점을 맞춘 것이라 삼성전자·SK하이닉스 등에 미치는 타격은 제한적이다. 그러나 화웨이의 제...,2020-05-25 00:06
"SK그룹, 신입공채 '오프라인' 필기 시험 방역수칙 엄수...실외소독기에 방호복까...",/news/news_read.nhn?article_id=0009878367&office_id=003&mode=search&query=삼성전자&page=10,뉴시스,"한편, 삼성전자는 올해 상반기 신입 채용에서 온라인 GSAT(삼성직무적성검사)를 도입하기로 했다. 응시자는 집에서 PC를 활용해 온라인 GSAT...",2020-05-25 00:10
"삼성전자 TV, 2년 연속 '넷플릭스 추천 TV'에 선정",/news/news_read.nhn?article_id=0009878368&office_id=003&mode=search&query=삼성전자&page=10,뉴시스,삼성전자 스마트 TV가 2년 연속 '넷플릭스 추천 TV(Netflix Recommneded TV)'에 선정됐다. 넷플릭스가 최근 발표한 2020...,2020-05-25 01:00
기업 인수합병의 이유[Monday HBR],/news/news_read.nhn?article_id=0003287828&office_id=020&mode=search&query=삼성전자&page=9,동아일보,최근 삼성전자의 생산설비 전문 인력들이 마스크를 생산하는 중소기업을 찾아가 공정을 진단하고 개선사항을 조언하자 생산량이 약 50% 상승했다고 한...,2020-05-25 03:02
불황에 ‘중저가 전쟁’… 5G시대 LTE폰 다시 뜬다,/news/news_read.nhn?article_id=0003287912&office_id=020&mode=search&query=삼성전자&page=9,동아일보,24일 통신업계에 따르면 삼성전자는 최근 SK텔레콤을 통해 갤럭시노트9 128GB 모델을 온·오프라인 매장에서 재출시했다. 갤럭시노트9은 201...,2020-05-25 03:04
"겉으론 ""안보 위협"" 속사정은 5G 패권… 美, 화웨이 목조르기 14년",/news/news_read.nhn?article_id=0003533523&office_id=023&mode=search&query=삼성전자&page=9,조선일보,런정페이 회장 보유주식은 1%대… '진짜 주인은 中정부' 의구심 화웨이는 삼성전자처럼 휴대전화도 만들고 통신장비도 만든다. 중국 선전(深?)에 ...,2020-05-25 03:04
"[단독]KT-LG전자-LGU+, 인공지능 ‘원팀’으로 뭉친다",/news/news_read.nhn?article_id=0003287897&office_id=020&mode=search&query=삼성전자&page=9,동아일보,올해 초 SK텔레콤-삼성전자-카카오가 AI 연합체를 꾸린 데 이어 국내 대표 정보통신기술(ICT) 기업 간 두 번째 AI 협력 전선이 구축된 것...,2020-05-25 03:04
갤워치로 혈압 이어 심전도도 측정,/news/news_read.nhn?article_id=0003287909&office_id=020&mode=search&query=삼성전자&page=9,동아일보,"삼성전자, 심전도 측정 앱 식약처 허가 받아 삼성전자가 개발한 심전도 측정 앱(애플리케이션·응용프로그램)이 식품의약품안전처 허가를 받았다. 삼성전자는 24일...",2020-05-25 03:04
"30만원대 LTE폰, 요금제만으로도 '0원폰'",/news/news_read.nhn?article_id=0003533519&office_id=023&mode=search&query=삼성전자&page=9,조선일보,삼성전자는 지난 7일 37만4000원짜리 '갤럭시 A31'을 내놨다. 같은 날 나온 5G폰 '갤럭시 A51'(57만2000원)보다 약 20만원 싸다. 중국 샤오미가 25일...,2020-05-25 03:04
"39만원짜리 선풍기… ""자연바람 만들다보니 그렇게 됐네요""",/news/news_read.nhn?article_id=0003533527&office_id=023&mode=search&query=삼성전자&page=9,조선일보,문 대표는 1997년 회사를 창업해 삼성전자·LG전자와 같은 대기업은 물론이고 중소·중견기업 200여 곳의 제품 디자인 컨설팅을 했다. 이 공로...,2020-05-25 03:05
"美中 사이 선택 강요받는 한국기업 ""줄타기하는 것 말곤 뾰족수가 없네""",/news/news_read.nhn?article_id=0003533579&office_id=023&mode=search&query=삼성전자&page=9,조선일보,삼성전자·SK하이닉스 등 국내 반도체 기업들은 최근 미국이 중국 IT기업인 화웨이를 제재하면서 비상이 걸렸다. 미국의 제재로 화웨이 등 중국 IT기업들의 생산이...,2020-05-25 03:11
성장판 활짝 열린 전기차… 글로벌 ‘배터리 동맹’ 잰걸음,/news/news_read.nhn?article_id=0001324538&office_id=005&mode=search&query=삼성전자&page=9,국민일보,이에 발맞춘 듯 이재용 삼성전자 부회장은 최근 정의선 현대차그룹 수석부회장을 삼성SDI 사업장으로 초대해 차세대 배터리에 대해 논의했다. 하지만...,2020-05-25 04:02
코로나19 조정 탈피한 코스닥...중소형주에 유동성 더 몰린다,/news/news_read.nhn?article_id=0002403415&office_id=119&mode=search&query=삼성전자&page=9,데일리안,"이진우 메리츠증권 연구원은 ""코스피 대형주가 부진한 것은 삼성전자의 문제라고 볼 수 있는데 여전히 투자자들은 삼성전자의 이익 성장률이 시장보다 ...",2020-05-25 05:00
해외공장 재가동·총수들 현장으로… ‘포스트 코로나’ 경영 박차,/news/news_read.nhn?article_id=0003093087&office_id=081&mode=search&query=삼성전자&page=9,서울신문,"삼성전자 인도 노이다 스마트폰 공장은 지난 7일부터, 첸나이 가전제품 공장은 14일부터 조업을 재개했다. LG전자의 가전제품을 생산하는 푸네 공...",2020-05-25 05:09
온라인으로 보세요… 코로나가 바꾼 가전 발표회 풍경,/news/news_read.nhn?article_id=0000546266&office_id=417&mode=search&query=삼성전자&page=9,머니S,25일 관련업계에 따르면 삼성전자는 지난 21일(현지시각) 미국에서 ‘2020년형 라이프스타일 TV’ 온라인 쇼케이스를 열고 ‘더 테라스’와 ‘...,2020-05-25 05:10
"코로나에 '8K TV' 열기 주춤, 中업체 참전으로 불붙을까",/news/news_read.nhn?article_id=0004413825&office_id=008&mode=search&query=삼성전자&page=9,머니투데이,올 1분기 8K TV 성장세가 주춤한 가운데서도 삼성전자와 LG전자는 선전했다는 평가다. 삼성전자는 해당 시장에서 전 분기보다 확대된 82.7%...,2020-05-25 05:20
"코로나 강타한 중국, 분기 TV시장 9년 만에 '1천만대' 무너져",/news/news_read.nhn?article_id=0011630594&office_id=001&mode=search&query=삼성전자&page=9,연합뉴스,글로벌 TV 시장은 크게 삼성전자와 LG전자가 양분하는 가운데 중국 TV업체는 수출보다 내수 의존도가 높다. 수량으로 봐도 중국 TV업체의 중국...,2020-05-25 06:01
"삼성 냉장고, 미국 에너지스타 '고효율·첨단 제품' 선정",/news/news_read.nhn?article_id=0011630613&office_id=001&mode=search&query=삼성전자&page=9,연합뉴스,북미 냉장고 6개 모델…2011년 이후 합계 39개 가전 수상 삼성전자 냉장고가 미국 환경청(EPA)이 주관하는 에너지스타 '고효율·첨단제품상'...,2020-05-25 06:33
'홍콩보안법' 미중 갈등 vs '코로나 백신' 희망,/news/news_read.nhn?article_id=0001039998&office_id=214&mode=search&query=삼성전자&page=9,MBC,"◀ 앵커 ▶ 지난 주 외국인들은 하이닉스와 삼성전자를 팔고, 금융관련 주식을 사들였습니다. 이번 주 증시는 어떻게 예측하시는지요? ◀ 곽현수/신...",2020-05-25 06:38
[금알못]우선주는 뭐가 다른가요,/news/news_read.nhn?article_id=0009878420&office_id=003&mode=search&query=삼성전자&page=9,뉴시스,"최근 국민주로 등극한 삼성전자 보통주와 우선주로 설명을 하자면 삼성전자의 경우 올해 1분기 1주당 배당금으로 보통주 354원, 우선주 354원을...",2020-05-25 06:53
미중 '기술 신냉전' 반도체에 불똥…한국 수출 대들보 어쩌나,/news/news_read.nhn?article_id=0004655389&office_id=421&mode=search&query=삼성전자&page=9,뉴스1,"화웨이가 미국에 수출하는 스마트폰이나 5G 장비에는 삼성전자, SK하이닉스 등 우리 업체의 반도체 부품이 포함돼 있다. 우리나라 전체 수출에서 ...",2020-05-25 07:00
"무선 이어폰 전성시대…삼성·LG, 애플에 도전장",/news/news_read.nhn?article_id=0000539718&office_id=031&mode=search&query=삼성전자&page=9,아이뉴스24,삼성전자와 LG전자가 무선 이어폰 신제품을 출시하며 애플 추격에 나선다. 애플을 중심으로 성장하고 있는 무선 이어폰 시장에서 삼성전자와 LG전자...,2020-05-25 07:01
"대기업, 사업정상화 속도…정부, 車부품·LCC 지원 검토",/news/news_read.nhn?article_id=0000212188&office_id=374&mode=search&query=삼성전자&page=9,SBS CNBC,"삼성전자는 중국 시안 공장을 증설 중인데, 이곳에서 생산되는 V 낸드플래시 생산량이 삼성전자 전체 생산 물량의 20%에 달합니다. LG화학 역시...",2020-05-25 07:10
"[김대성의 종목분석] 카카오 시총 10위 등극, 언택트 기세에 현대차 제쳐",/news/news_read.nhn?article_id=0002224227&office_id=123&mode=search&query=삼성전자&page=8,조세일보,"코스피 시장에서 22일의 시가총액 1위는 여전히 삼성전자이며 2위 SK하이닉스, 3위 삼성바이오로직스, 4위 NAVER, 5위 삼성전자 우선주,...",2020-05-25 07:10
'車·철강 밀어낸 언택트'…코로나가 시총 순위 바꿨다,/news/news_read.nhn?article_id=0004647532&office_id=018&mode=search&query=삼성전자&page=8,이데일리,"[이데일리 문승용 기자]◇ 시총 10위권은 반도체·바이오·플랫폼이 주름 잡아 24일 마켓포인트에 따르면 코스피 시가총액 1, 2위 자리는 각각 ...",2020-05-25 07:38
2000 복귀 노리는 코스피…카카오·NAVER 더 오를까,/news/news_read.nhn?article_id=0004413866&office_id=008&mode=search&query=삼성전자&page=8,머니투데이,카카오의 시가총책은 지난 22일 기준 21조5062억원으로 현대차(20조1916억원)를 제치고 시총 9위(삼성전자 우선주 제외)에 올랐다. 카카...,2020-05-25 07:48
[빅데이터MSI]25일 오전 주식시장 심리 6단계 '좋음',/news/news_read.nhn?article_id=0009878441&office_id=003&mode=search&query=삼성전자&page=8,뉴시스,"대장주 삼성전자의 MSI 레벨은 7단계로 집계됐다. 시가총액 상위 종목 중 SK하이닉스는 1단계, LG화학은 7단계, 현대차는 3단계, 셀트리온...",2020-05-25 07:53
"'미중 갈등 고조' 화웨이, 삼성·하이닉스에 SOS",/news/news_read.nhn?article_id=0004655415&office_id=421&mode=search&query=삼성전자&page=8,뉴스1,중국 통신장비업체 화웨이가 미국의 제재 압박이 거세지고 있는 가운데 삼성전자와 SK하이닉스에 '안정적인 메모리 반도체 공급'을 요청했다고 블룸버...,2020-05-25 07:55
"[I-리포트] 삼성전기, 2분기 실적감소 속 하반기 기대감 유효 – 하나금융투자",/news/news_read.nhn?article_id=0000539719&office_id=031&mode=search&query=삼성전자&page=8,아이뉴스24,"김록호 하나금융투자 연구원은 ""2분기는 삼성전자 스마트폰 출하량 감소에 따른 실적 감소가 불가피하다""고 평가했다. 다만 하반기에는 코로나19가 진정 국면으로...",2020-05-25 07:56
"중국, 1분기 TV시장 1000만대 하회…코로나19에 휘청",/news/news_read.nhn?article_id=0004346502&office_id=015&mode=search&query=삼성전자&page=8,한국경제,"삼성전자와 LG전자가 글로벌 TV 시장을 양분하는 가운데 중국 TV업체는 수출보다 내수에 의존하고 있다. TCL, 하이센스, 샤오미 등 중국 업...",2020-05-25 07:58
"오이솔루션 올해 '상저하고' 흐름, 해외매출 본격화-하이證",/news/news_read.nhn?article_id=0004413874&office_id=008&mode=search&query=삼성전자&page=8,머니투데이,"이 연구원은 ""올해부터 해외 주요 국가들의 5G 투자가 시작되면서 삼성전자향 매출이 증가할 것""이라며 ""삼성전자는 미국 버라이즌, AT&T, 일본 NTT도코모 등을 신규....",2020-05-25 08:00
"[빅데이터MSI]시장심리 톱5, 카카오·삼성전자·엔씨소프트·LG화학·LG전자",/news/news_read.nhn?article_id=0009878454&office_id=003&mode=search&query=삼성전자&page=8,뉴시스,25일 빅데이터 시장심리지수(MSI)가 가장 높은 톱5에 카카오·삼성전자·엔씨소프트·LG화학·LG전자가 선정됐다. 이는 뉴시스와 코스콤이 주요 ...,2020-05-25 08:10
"삼성 냉장고, 미국서 고효율·첨단제품상 수상",/news/news_read.nhn?article_id=0004581241&office_id=009&mode=search&query=삼성전자&page=8,매일경제,"삼성전자 냉장고가 미국에서 에너지 효율 측면에서 최고 등급을 받았다. 25일 업계에 따르면, 미국 환경청(EPA)이 주관하는 에너지스타는 최근 ...",2020-05-25 08:15
"하이투자증권 ""쏠리드, 올해 해외매출 턴어라운드 성공""",/news/news_read.nhn?article_id=0009878466&office_id=003&mode=search&query=삼성전자&page=8,뉴시스,"이승웅 하이투자증권 연구원은 ""4월 미국의 스프린트(Sprint)와 티모바일(T-Mibile)의 합병완료로 지난해 지연됐던 투자가 재개되고 일본...",2020-05-25 08:23
미중 반도체 패권 전쟁 격화…삼성전자·SK하이닉스에 득일까 실일까,/news/news_read.nhn?article_id=0004655430&office_id=421&mode=search&query=삼성전자&page=8,뉴스1,"미국과 중국간 무역분쟁이 반도체 분야로 확산하면서 삼성전자, SK하이닉스 등 한국 반도체 기업에 미칠 영향에 관심이 모아진다. 미국은 이달 15...",2020-05-25 08:26
‘코로나19 대응’ 가장 많이 언급된 총수는? 이재용 1위,/news/news_read.nhn?article_id=0000499269&office_id=469&mode=search&query=삼성전자&page=8,한국일보,이재용 삼성전자 부회장인 것으로 나타났다. 이 부회장이 언급된 코로나19 게시물 중 가장 연관성이 높은 단어는 ‘대응’이었다. 25일 글로벌빅데...,2020-05-25 08:41
경제 재개+백신 기대 vs 미중 갈등+지표 악화 [선택! 오늘의 종목],/news/news_read.nhn?article_id=0000873085&office_id=215&mode=search&query=삼성전자&page=8,한국경제TV,"83% -한 증시, 미중 갈등 속 눈치보기 -삼성전자, 평택 파운드리 라인 증설 이슈 -반도체 섹터, 전반적으로 강세 -2차전지 섹터 강세 Q....",2020-05-25 08:46
30대 그룹 총수 '코로나19 대응 관심도' 이재용 '최다',/news/news_read.nhn?article_id=0009878482&office_id=003&mode=search&query=삼성전자&page=8,뉴시스,30대 그룹 총수 중 신종 코로나 바이러스 감염증(코로나19) 대응에 가장 관심 많은 총수는 이재용 삼성전자 부회장인 것으로 나타났다. 25일....,2020-05-25 08:50
"삼성 냉장고 6개 모델, 美 에너지스타 '고효율·첨단 제품' 수상",/news/news_read.nhn?article_id=0009878489&office_id=003&mode=search&query=삼성전자&page=8,뉴시스,삼성전자 냉장고 6개 모델이 미국 환경청(EPA)이 주관하는 에너지스타 '고효율·첨단제품상'(Emerging Tech Award)을 수상했다. ...,2020-05-25 08:53
"일레클, 수원 삼성디지털시티 내 업무용 전기자전거 운영",/news/news_read.nhn?article_id=0009878491&office_id=003&mode=search&query=삼성전자&page=8,뉴시스,나인투원이 운영하는 공유퍼스널모빌리티 플랫폼 일레클이 25일부터 삼성전자 수원 삼성디지털시티 내 업무용 전기자전거 서비스 운영을 시작한다. 일레...,2020-05-25 08:53
"삼성전자, '넷플릭스 추천 TV'에 2년 연속 선정",/news/news_read.nhn?article_id=0000539734&office_id=031&mode=search&query=삼성전자&page=8,아이뉴스24,삼성전자 TV가 세계 최대 스트리밍 서비스 업체 넷플릭스가 추천하는 TV에 2년 연속 선정됐다. 25일 업계에 따르면 넷플릭스는 최근 발표한 '...,2020-05-25 09:01
"솔젠트, 코로나19 진단키트 美FDA 긴급사용승인",/news/news_read.nhn?article_id=0009878528&office_id=003&mode=search&query=삼성전자&page=8,뉴시스,나아가 중소기업벤처부와 삼성전자의 사회공헌사업인 ‘스마트공장 구축사업’의 지원을 받아 6월 내 주당 300만~500만명 분의 테스트 키트 생산을...,2020-05-25 09:05
"'코미코' 52주 신고가 경신, 고래싸움에 웃음짓는 새우 - NH투자증권, BUY...",/news/news_read.nhn?article_id=0004346582&office_id=015&mode=search&query=삼성전자&page=8,한국경제,뒤이어 21일 삼성전자는평택에 5nm이하 EUV 파운드리 팹을 구축하기로 발표하였고 가동 시점은2021년 하반기로 예상. 인텔 역시 미국에 추가...,2020-05-25 09:12
"오이솔루션, 5G 해외 매출 증가 하반기부터-하이",/news/news_read.nhn?article_id=0004647630&office_id=018&mode=search&query=삼성전자&page=7,이데일리,하이투자증권은 25일 오이솔루션(138080)에 대해 올해 하반기부터 해외 주요 국가들의 5G 투자가 시작되면서 삼성전자(005930)향 매출이...,2020-05-25 09:14
"코스피, 개인·기관 매수세에 상승 출발…1970선",/news/news_read.nhn?article_id=0004647629&office_id=018&mode=search&query=삼성전자&page=7,이데일리,"삼성SDI(006400), LG화학(051910)이 보합권인 가운데 삼성전자(005930) SK하이닉스(000660)가 소폭 하락 중이다. 지난 22일(이하 미 동부 시각...",2020-05-25 09:14
이재용 선언 핵심은 ‘소유·경영 분리’…승계 없다 못 박은 李…재계 트렌드 되...,/news/news_read.nhn?article_id=0000065459&office_id=024&mode=search&query=삼성전자&page=7,매경이코노미,이재용 삼성전자 부회장이 5월 6일 대국민 사과를 발표한 이후 달라질 ‘뉴 삼성’에 대한 관심이 쏟아진다. 이 부회장이 직접 대국민 사과에 나선...,2020-05-25 09:14
"'유진테크' 52주 신고가 경신, 수확의 시기가 오고 있다 - DB금융투자, BU...",/news/news_read.nhn?article_id=0004346592&office_id=015&mode=search&query=삼성전자&page=7,한국경제,"◆ 최근 애널리스트 분석의견 - 수확의 시기가 오고 있다 - DB금융투자, BUY(유지) 05월 15일 DB금융투자의 어규진 애널리스트는 유진테...",2020-05-25 09:16
[오전시황]코스피·코스닥 소폭 상승 출발,/news/news_read.nhn?article_id=0003742045&office_id=011&mode=search&query=삼성전자&page=7,서울경제,"시가총액 상위종목 중에는 삼성바이오로직스(0.65%)와 네비어(1.74%), LG화학(0.27%), 삼성SDI(0.60%), 카카오(2.23%)...",2020-05-25 09:19
코스피 1980선 줄다리기…강보합세 유지,/news/news_read.nhn?article_id=0004413921&office_id=008&mode=search&query=삼성전자&page=7,머니투데이,"삼성전자와 SK하이닉스, 셀트리온은 약보합세다. 코스닥 지수는 전일 대비 전일 대비 5.5포인트(0.78%) 오른 714.08을 기록 중이다. 외국인이 260억원 순매수 ...",2020-05-25 09:20
[주간경제일정] 서울시 오늘부터 자영업자 생존자금 신청…140만원 지원,/news/news_read.nhn?article_id=0000212205&office_id=374&mode=search&query=삼성전자&page=7,SBS CNBC,"삼성전자가 협력업체 직원을 직접 고용하기로 하면서 업무를 위탁하던 곳에 일이 없어지자, 계약 해지 보상금을 주지 않기 위해 협력업체의 잘못을 무...",2020-05-25 09:21
[개장] 코스피 2000 탈환 기대… 우려감vs 기대감 상존,/news/news_read.nhn?article_id=0000546351&office_id=417&mode=search&query=삼성전자&page=7,머니S,"대표 우량주인 삼성전자와 SK하이닉스는 각각 보합과 0.12% 하락을 나타냈다. 반면 삼성바이오로직스(0.65%), 네이버(2.17%), LG화...",2020-05-25 09:21
상승출발 코스피…개인·기관 매수세에 1980선 유지중,/news/news_read.nhn?article_id=0004684497&office_id=277&mode=search&query=삼성전자&page=7,아시아경제,"반면 셀트리온(-0.6%), SK하이닉스(-0.2%), 삼성전자(-0.1%) 등은 내렸다. 코스닥 지수는 전 거래일보다 0.61%(4.30포인트...",2020-05-25 09:23
"코스피, 코로나19 진정 기대 유지되며 상승 출발",/news/news_read.nhn?article_id=0004581304&office_id=009&mode=search&query=삼성전자&page=7,매일경제,"삼성전자, SK하이닉스, 셀트리온만 하락하고 있으며, 상승 종목 중에서는 카카오, NAVER, SK텔레콤 등이 1% 이상 강세를 보이는 중이다. 이날 코스피에서는 432개...",2020-05-25 09:25
"[TF시황] 코스피, 개인·기관 '사자'에 급등 출발",/news/news_read.nhn?article_id=0000026898&office_id=629&mode=search&query=삼성전자&page=7,더팩트,"삼성전자(+0.21%), 삼성바이오로직스(+1.13%), 네이버(+1.95%)가 상승 중이며, SK하이닉스는 보합세에 거래되고 있다. 업종은 장...",2020-05-25 09:27
"삼성 냉장고, 미국 에너지스타 고효율·첨단상 수상",/news/news_read.nhn?article_id=0001677432&office_id=016&mode=search&query=삼성전자&page=7,헤럴드경제,삼성전자 냉장고가 미국 환경청(EPA)이 주관하는 에너지스타 ‘고효율·첨단제품상’(Emerging Tech Award)을 수상했다. 25일 업계...,2020-05-25 09:31
‘전망 좋은’ LH 평택소사벌 A-5블록 국민-영구임대주택 5월말 공급,/news/news_read.nhn?article_id=0001677435&office_id=016&mode=search&query=삼성전자&page=7,헤럴드경제,요 근래 평택은 삼성전자 고덕사업장이 본격적으로 가동을 시작했고 미군기지 이전 등으로 꾸준한 인구 증가가 이뤄지고 있다. 여기에 집값도 오르고 ...,2020-05-25 09:34
"코스피, 미중갈등 우려에도 상승 출발…장중 1,980 회복(종합)",/news/news_read.nhn?article_id=0011630832&office_id=001&mode=search&query=삼성전자&page=7,연합뉴스,"시가총액 상위 종목 가운데 삼성전자(-0.10%)와 SK하이닉스(-0.12%)는 약보합세를 나타냈다. 네이버(1.95%), 카카오(2.23%)는...",2020-05-25 09:36
"삼성전자, '평택 EUV 파운드리 투자 ' 주가 4만 8800원(0.1%)",/news/news_read.nhn?article_id=0004684518&office_id=277&mode=search&query=삼성전자&page=7,아시아경제,삼성전자는 25일 오전 9시 30분 현재 전일보다 0.1% 오른 4만 8800원에 거래되고 있다. 거래량은 269만 1225주로 전일 거래량 대...,2020-05-25 09:36
[이진우의 주간 증시] 미중 ‘신냉전’…韓증시 여파는?,/news/news_read.nhn?article_id=0000212208&office_id=374&mode=search&query=삼성전자&page=7,SBS CNBC,"-4분기, 공매도 재개·대주주 요건 강화 변수 -과도한 변수, 기존 포트폴리오 보유 전략 대응 유리 -외국인 사랑받던 삼성전자·SK하이닉스…매도...",2020-05-25 09:41
[친절한 경제] 증시 반등 이끈 '동학개미'…수익 어땠나,/news/news_read.nhn?article_id=0000816833&office_id=055&mode=search&query=삼성전자&page=7,SBS,"특히 원유에 투자하는 복잡한 파생상품들에 갑자기 돈이 몰리면서 거의 사고에 가까운 대규모 손실 사태가 나오기도 했고요, 지난 두 달 동안 삼성전...",2020-05-25 09:43
"'코미코' 10% 이상 상승, 최근 5일간 기관 대량 순매수",/news/news_read.nhn?article_id=0004346668&office_id=015&mode=search&query=삼성전자&page=7,한국경제,뒤이어 21일 삼성전자는평택에 5nm이하 EUV 파운드리 팹을 구축하기로 발표하였고 가동 시점은2021년 하반기로 예상. 인텔 역시 미국에 추가...,2020-05-25 09:59
"LH 평택소사벌 A-5블록 국민ㆍ영구임대주택 618가구, 6월 청약접수",/news/news_read.nhn?article_id=0003003304&office_id=025&mode=search&query=삼성전자&page=7,중앙일보,"평택에선 삼성전자 고덕사업장이 본격적으로 가동을 시작했고 미군기지 이전 등으로 꾸준한 인구 증가는 물론, 집값도 오르고 있어 이번 분양에 주거문...",2020-05-25 09:59
다급해진 화웨이…韓반도체 업계 불러 안정적 공급 요구?,/news/news_read.nhn?article_id=0004647681&office_id=018&mode=search&query=삼성전자&page=7,이데일리,"이에 대해 삼성전자(005930)와 SK하이닉스(000660) 관계자는 “화웨이가 중국법인 관계자를 불렀는지, 어떤 요청을 했는지는 확인되지 않...",2020-05-25 09:59
삼성그룹 호암상 시상식 30년만에 처음으로 취소,/news/news_read.nhn?article_id=0011630955&office_id=001&mode=search&query=삼성전자&page=6,연합뉴스,특히 올해는 상이 만들어진 지 30주년이 되는 해여서 이재용 삼성전자 부회장 등 총수 일가의 참석 가능성도 제기됐다. 과거 호암상 시상식에는 이...,2020-05-25 10:08
"삼성 냉장고, 美 에너지스타 ‘고효율·첨단제품상’ 수상",/news/news_read.nhn?article_id=0003742111&office_id=011&mode=search&query=삼성전자&page=6,서울경제,삼성전자 냉장고가 미국 환경청(EPA)이 주관하는 에너지스타 ‘고효율·첨단제품상’을 수상했다. 25일 업계에 따르면 에너지스타는 최근 삼성전자의...,2020-05-25 10:08
코스피 오전 10시 0.38%↑…외국인·기관은 동반 순매도,/news/news_read.nhn?article_id=0002224252&office_id=123&mode=search&query=삼성전자&page=6,조세일보,"시가총액 1, 2위인 삼성전자와 SK하이닉스는 소폭 하락하고 있다. 삼성전자는 전장보다 50원(0.10%) 내린 4만8700원에 거래되고 있다....",2020-05-25 10:16
삼성그룹 호암상 시상식 30년 만에 처음으로 취소,/news/news_read.nhn?article_id=0000816846&office_id=055&mode=search&query=삼성전자&page=6,SBS,특히 올해는 상이 만들어진 지 30주년이 되는 해여서 이재용 삼성전자 부회장 등 총수 일가의 참석 가능성도 제기됐습니다. 과거 호암상 시상식에는...,2020-05-25 10:28
삼성그룹 호암상 시상식 30년만에 처음으로 취소… 코로나19 확산 우려,/news/news_read.nhn?article_id=0001677521&office_id=016&mode=search&query=삼성전자&page=6,헤럴드경제,특히 올해는 상이 만들어진 지 30주년이 되는 해여서 이재용 삼성전자 부회장 등 총수 일가의 참석 가능성도 제기됐다. 과거 호암상 시상식에는 이...,2020-05-25 10:28
"삼성 호암상 시상식, 30년만에 처음으로 취소",/news/news_read.nhn?article_id=0004684598&office_id=277&mode=search&query=삼성전자&page=6,아시아경제,호암상은 1990년 이건희 삼성전자 회장이 삼성 창업자인 호암 이병철 회장의 인재제일과 사회공익 정신을 기리기 위해 제정했다. 호암상 시상식은 삼성그룹 사장단을...,2020-05-25 10:29
"삼성 호암상 시상식, 30년만에 처음 취소…""코로나 확산 우려""",/news/news_read.nhn?article_id=0004581393&office_id=009&mode=search&query=삼성전자&page=6,매일경제,"과거 호암상 시상식에는 이건희 회장과 부인 홍라희 전 리움미술관장을 비롯해 세 자녀인 이재용 삼성전자 부회장, 이부진 호텔신라 사장, 이서현 삼성복지재단...",2020-05-25 10:35
"삼성전자, 코로나 전쟁 중인 멕시코에 국산 마스크 등 물품 지원",/news/news_read.nhn?article_id=0004655769&office_id=421&mode=search&query=삼성전자&page=6,뉴스1,삼성전자가 신종 코로나바이러스 감염증(코로나19)으로 인해 어려움을 겪고 있는 세계 각국에 지원을 이어가고 있다. 지난 1월부터 이어온 삼성의 ...,2020-05-25 10:44
'한국 노벨상' 호암상 시상식…30년만에 처음으로 취소,/news/news_read.nhn?article_id=0004655772&office_id=421&mode=search&query=삼성전자&page=6,뉴스1,"삼성전자의 대표이사 3인을 비롯해 삼성SDI, 삼성전기, 삼성카드 등 주요 계열사 임직원들이 대거 참석해 수상자들을 격려하는 것이다. 이 때문에...",2020-05-25 10:46
"삼성 호암상 시상식, 30년만에 처음으로 취소",/news/news_read.nhn?article_id=0003742153&office_id=011&mode=search&query=삼성전자&page=6,서울경제,특히 올해는 상이 만들어진 지 30주년이 되는 해여서 이재용 삼성전자 부회장 등 총수 일가의 참석 가능성도 제기됐다. 과거 호암상 시상식에는 이...,2020-05-25 10:47
"삼성 호암상 시상식, 코로나 확산 우려로 30년만에 처음 취소",/news/news_read.nhn?article_id=0000539798&office_id=031&mode=search&query=삼성전자&page=6,아이뉴스24,"과거 호암상 시상식에는 이건희 회장과 부인 홍라희 전 리움미술관장을 비롯해 세 자녀인 이재용 삼성전자 부회장, 이부진 호텔신라 사장, 이서현 삼...",2020-05-25 10:49
"삼성 호암상 시상식, 30년만에 처음으로 취소",/news/news_read.nhn?article_id=0003363578&office_id=079&mode=search&query=삼성전자&page=6,노컷뉴스,호암상은 1990년 이건희 삼성전자 회장이 삼성 창업자인 호암 이병철 회장의 인재제일과 사회공익 정신을 기리기 위해 제정했다. 호암상 시상식은 ...,2020-05-25 10:54
"삼성, 제30회 호암상 시상식 취소…""코로나19 때문""",/news/news_read.nhn?article_id=0009878911&office_id=003&mode=search&query=삼성전자&page=6,뉴시스,다만 이재용 삼성전자 부회장과 삼성 총수 일가는 2017년부터 지난해까지 3년 연속 시상식에 불참했다. 과거 시상식에는 삼성그룹 일가가 직접 참...,2020-05-25 10:56
"[fn오전시황] 코스피, 개인 매수세에 오름세",/news/news_read.nhn?article_id=0004430464&office_id=014&mode=search&query=삼성전자&page=6,파이낸셜뉴스,"코스피 시가총액 1위에 해당하는 삼성전자는 전 거래일보다 0.21% 내린 4만8650원에 거래되고 있다. SK하이닉스(-0.62%), 현대모비스(-0.54%), 셀트리온(...",2020-05-25 10:56
"삼성 호암상 시상식, 코로나19로 30년만에 '첫 취소'",/news/news_read.nhn?article_id=0004346727&office_id=015&mode=search&query=삼성전자&page=6,한국경제,"과거 시상식에는 이건희 회장과 부인 홍라희 전 리움미술관장을 비롯해 이재용 삼성전자 부회장, 이부진 호텔신라 사장, 이서현 삼성복지재단 이사장 ...",2020-05-25 10:57
"한경연 ""휴대전화·가전·차 등에는 '구글세' 과세 말아야""",/news/news_read.nhn?article_id=0011631200&office_id=001&mode=search&query=삼성전자&page=6,연합뉴스,"""소비자대상 사업으로 확대하면 삼성전자·현대차도 과세 대상"" ""세수결손·과세주권 침해 등 우려…아시아 국가들과 연대해야"" 경제협력개발기구(OEC...",2020-05-25 11:00
"구글세 부과시 국내기업 유탄…한경연 ""휴대폰·車 등 제조업 제외해야""",/news/news_read.nhn?article_id=0009878938&office_id=003&mode=search&query=삼성전자&page=6,뉴시스,따라 삼성전자 등 국내 기업들에도 디지털세가 부과될 가능성이 커졌기 때문이다. 전국경제인연합회 산하 한국경제연구원은 25일 발간한 '디지털세의 ...,2020-05-25 11:00
"한경연, 디지털세 과세대상서 휴대폰·가전·차 소비자대상사업 제외해야",/news/news_read.nhn?article_id=0000539800&office_id=031&mode=search&query=삼성전자&page=6,아이뉴스24,"등으로 삼성전자, 현대차 등 국내 주요기업 해당(consumer facing business)으로 확대되어, 해당 사업을 영위하는 매출액 7억5...",2020-05-25 11:01
"삼성전자, 현대차도 구글세 대상?",/news/news_read.nhn?article_id=0003533666&office_id=023&mode=search&query=삼성전자&page=6,조선일보,"삼성전자, 현대차도 디지털 과세대상에 포함 소비자대상사업에는 휴대폰, 가전, 자동차 등 우리나라 글로벌 기업의 주력 사업들이 대거 포함되어 있어...",2020-05-25 11:01
"삼성전자, 평택 파운드리 생산시설에 10조 투입",/news/news_read.nhn?article_id=0000010124&office_id=243&mode=search&query=삼성전자&page=6,이코노미스트,삼성전자가 5월 21일 평택에 극자외선(EUV·Extreme Ultra Violet) 파운드리 생산라인을 구축하는 대규모 투자 계획을 발표했다....,2020-05-25 11:03
"솔젠트, 100% 국산 코로나19 진단키트로 해외시장 공략 나선다",/news/news_read.nhn?article_id=0004346743&office_id=015&mode=search&query=삼성전자&page=5,한국경제,중소기업벤처부와 삼성전자의 사회공헌사업인 '스마트공장 구축사업' 지원을 받아 다음달 안에는 주당 300만~500만명 분까지 생산할 수 있는 자동화 시스템을 구축...,2020-05-25 11:16
카카오 파죽지세…LG생건도 넘었다,/news/news_read.nhn?article_id=0004581452&office_id=009&mode=search&query=삼성전자&page=5,매일경제,이는 삼성전자 우선주를 제외한 순위다. 이날 한국거래소에 따르면 오전 10시 30분 기준으로 카카오 주가는 전일 대비 4.86% 상승해 25만9000원을 기록하고 있다.....,2020-05-25 11:16
"카카오, 현대차를 제쳤다",/news/news_read.nhn?article_id=0004684704&office_id=277&mode=search&query=삼성전자&page=5,아시아경제,"1년 전인 지난해 5월24일 시총 톱10에는 삼성전자와 SK하이닉스, 현대차, 셀트리온, LG화학, 신한지주, SK텔레콤, 현대모비스, 포스코(...",2020-05-25 11:21
높아지는 무역장벽…전면에 나선 총수들,/news/news_read.nhn?article_id=0001677616&office_id=016&mode=search&query=삼성전자&page=5,헤럴드경제,재계 1위 삼성전자의 이재용 부회장은 최근 10조원 규모를 투자해 경기도 평택에 최첨단 파운드리(반도체 수탁생산) 라인을 짓겠다고 밝혔다. 이에...,2020-05-25 11:25
"코로나19 때문에… 삼성, ‘호암상’ 시상식 30년 만에 첫 취소",/news/news_read.nhn?article_id=0000546479&office_id=417&mode=search&query=삼성전자&page=5,머니S,이건희 삼성전자 회장이 1990년 제정한 것이다. ‘한국의 노벨상’으로도 불린다. 창업주의 호를 상 이름으로 정할만큼 중요한 행사이기 때문에 삼...,2020-05-25 11:25
"아트노믹스 갤러리K-삼성전자, 미술작품 콘텐츠 제공 및 에디션 제작 위한 MOU ...",/news/news_read.nhn?article_id=0000873195&office_id=215&mode=search&query=삼성전자&page=5,한국경제TV,아트노믹스 갤러리K가 삼성전자와 MOU를 체결했다. 최근 아트노믹스 갤러리K는 삼성전자와 함께 삼성전자의 신제품 '더 프레임TV'(The Fra...,2020-05-25 11:26
[천예선의 현장에서] 180석과 리쇼어링,/news/news_read.nhn?article_id=0001677655&office_id=016&mode=search&query=삼성전자&page=5,헤럴드경제,"삼성전자 역시 지난 2009년부터 스마트폰 공장을 베트남으로 이전했고, 수원 사업장 내수용 TV 생산라인도 2018년 모두 철수해 베트남에서 들...",2020-05-25 11:32
"삼성, 초프리미엄 TV 10월 승부수",/news/news_read.nhn?article_id=0004684724&office_id=277&mode=search&query=삼성전자&page=5,아시아경제,삼성전자가 가정용 '마이크로 발광다이오드(LED) TV'를 이르면 오는 10월께 출시한다. 삼성전자는 이를 통해 그동안 100인치 이상의 기업용...,2020-05-25 11:40
"한경연 ""디지털세 과세범위에서 제조업 빼야""",/news/news_read.nhn?article_id=0000212223&office_id=374&mode=search&query=삼성전자&page=5,SBS CNBC,합의안이 적용될 경우 삼성전자와 현대차 등 국내 주요기업이 해외에서 디지털세를 추가로 부담해야 합니다. 한경연의 분석 결과 국내에서 활동하는 외국기업이 내는...,2020-05-25 11:42
"삼성 냉장고, 美 에너지스타 ‘고효율·첨단제품상’ 수상",/news/news_read.nhn?article_id=0001677686&office_id=016&mode=search&query=삼성전자&page=5,헤럴드경제,삼성전자 냉장고가 미국 환경청(EPA)이 주관하는 에너지스타 ‘고효율·첨단제품상’(Emerging Tech Award)을 수상했다. 25일 업계...,2020-05-25 11:45
호암상 시상식 30년만에 첫 취소,/news/news_read.nhn?article_id=0001677688&office_id=016&mode=search&query=삼성전자&page=5,헤럴드경제,특히 올해는 상이 만들어진 지 30주년이 되는 해여서 이재용 삼성전자 부회장 등 총수 일가의 참석 가능성도 제기됐다. 과거 호암상 시상식에는 이...,2020-05-25 11:47
"[TF시황] 코스피, 개인 매수 유지에 소폭 상승",/news/news_read.nhn?article_id=0000026936&office_id=629&mode=search&query=삼성전자&page=5,더팩트,"삼성전자(-0.10%), SK하이닉스(-0.86%)가 하락세인 반면 삼성바이오로직스(+2.10%), 네이버(+3.47%)는 상승세다. 한편 카카...",2020-05-25 11:48
"KT-LG전자-LGU+, 'AI 동맹' 추진…SKT-삼성-카카오 연합에 '반격'",/news/news_read.nhn?article_id=0009879156&office_id=003&mode=search&query=삼성전자&page=5,뉴시스,"올 초 SK텔레콤, 삼성전자, 카카오가 AI 연합체를 꾸린 데 이어 종합통신기술(ICT) 기업이 주도하는 두 번째 AI 동맹이 나올 것으로 전망...",2020-05-25 11:56
"[who] 이재용, ’뉴 삼성’ 가속…동분서주 속 검찰 소환 임박",/news/news_read.nhn?article_id=0000212234&office_id=374&mode=search&query=삼성전자&page=5,SBS CNBC,"권세욱 기자, 이재용 삼성전자 부회장이 최근 국내외에서 활발한 경영 행보에 나섰죠? [기자] 네, 이재용 부회장은 지난 6일에 ""과거의 잘못과 ...",2020-05-25 12:02
"KT·LG전자·LG유플러스, 인공지능 분야 협력 시작",/news/news_read.nhn?article_id=0000212237&office_id=374&mode=search&query=삼성전자&page=5,SBS CNBC,"탑재를 추진하는 업무협약을 이달 중 체결할 예정입니다. 앞서 지난 1월부터, SK텔레콤과 삼성전자, 카카오도 인공지능 연합체를 구성해 협력을 진...",2020-05-25 12:09
카카오↑삼성전자↓…요즘 증시 '가치투자' 상식이 안 통한다,/news/news_read.nhn?article_id=0004414120&office_id=008&mode=search&query=삼성전자&page=5,머니투데이,개미(개인투자자)들이 가장 사랑하는 삼성전자의 PER는 11.15배에 불과하지만 이달 주가는 2.5% 하락했다. 같은 반도체 업종인 SK하이닉스...,2020-05-25 12:20
"'레이크머티리얼즈' 10% 이상 상승, 반도체 전구체 사업이 성장하는 시기",/news/news_read.nhn?article_id=0004346794&office_id=015&mode=search&query=삼성전자&page=5,한국경제,"삼성전자와 SK 하이닉스에 고유 전율High-k 박막, 확산방지막에 사용되는 CVD/ALD 증착용 전구체 물량 증가가 예상되며, 사업부의 전년대...",2020-05-25 12:45
"삼성전자우, 외국인 5만 9568주 순매도… 주가 0.71%",/news/news_read.nhn?article_id=0004684811&office_id=277&mode=search&query=삼성전자&page=5,아시아경제,삼성전자우가 최근 한달 중 5일 동안 검색 상위 종목에 랭킹되었다. 삼성전자우는 25일 오후 12시 31분 현재 전일보다 0.71% 오른 4만 ...,2020-05-25 13:05
"[올댓차이나] 화웨이, 1분기 중국 5G 시장 점유율 55.4%로 선두",/news/news_read.nhn?article_id=0009879327&office_id=003&mode=search&query=삼성전자&page=5,뉴시스,시장 조사전문 회사 스트래티지 애널리틱스 자료로는 1분기 세계 5G 스마트폰 시장에서 화웨이는 800만대를 판매해 33.2% 점유율로 830만대...,2020-05-25 13:31
"그룹 총수 코로나19 대응 관심도 1위 이재용, 2위 이재현",/news/news_read.nhn?article_id=0000026942&office_id=629&mode=search&query=삼성전자&page=5,더팩트,이재용 삼성전자 부회장인 것으로 나타났다. 2위는 이재현 CJ그룹 회장으로 집계됐다. 25일 글로벌빅데이터연구소에 따르면 31번째 확진자가 발생...,2020-05-25 13:53
외국인이 사면 오르고 개인이 팔면 더 올랐다,/news/news_read.nhn?article_id=0004414158&office_id=008&mode=search&query=삼성전자&page=4,머니투데이,"개인들은 폭락장에서 삼성전자, SK하이닉스 등 저가로 떨어진 우량주 매수에 열을 올렸고 외국인들은 셀트리온, 삼성바이오로직스 등 코로나19(CO...",2020-05-25 13:58
"삼성 호암상 30주년 시상식, 코로나 여파에 사상 첫 취소",/news/news_read.nhn?article_id=0004414162&office_id=008&mode=search&query=삼성전자&page=4,머니투데이,"과거 시상식에는 이건희 삼성전자 회장과 부인 홍라희 전 리움미술관장을 비롯해 이재용 삼성전자 부회장, 이부진 호텔신라 사장, 이서현 삼성복지재단...",2020-05-25 13:59
"中·베트남 일부 갤럭시폰 '무한 재부팅' 시스템 오류...삼성전자 ""윤달 때문""",/news/news_read.nhn?article_id=0009879402&office_id=003&mode=search&query=삼성전자&page=4,뉴시스,중국에서 삼성전자 갤럭시 스마트폰 일부 모델이 지난 주말 '무한 재부팅' 현상을 일으킨 것은 '윤달' 때문인 것으로 확인됐다. 25일 업계에 따...,2020-05-25 14:08
"삼성전자-현대차, '구글세' 불똥..산업계 ""외교 노력 시급""",/news/news_read.nhn?article_id=0004430632&office_id=014&mode=search&query=삼성전자&page=4,파이낸셜뉴스,"추진하면서 삼성전자, 현대차 등 주요 한국 기업들에 비상이 걸렸다. 재계에서는 사실상 미국과 유럽이 주도하는 디지털세 프로젝트에서 국내 제조업의...",2020-05-25 14:09
美中 사이에…'불안불안' 韓 기업,/news/news_read.nhn?article_id=0004684896&office_id=277&mode=search&query=삼성전자&page=4,아시아경제,미국 정부의 중국 화웨이 제재 강화에 따른 양국 간 분쟁의 직접적인 영향권에 든 삼성전자와 SK하이닉스는 아슬아슬한 줄타기 전략으로 버티고 있다...,2020-05-25 14:22
"삼성그룹 호암상 시상식, 코로나19로 30년 만에 첫 취소",/news/news_read.nhn?article_id=0000212244&office_id=374&mode=search&query=삼성전자&page=4,SBS CNBC,"올해는 상이 제정된 30주년을 맞아 지난 2017년부터 불참한 이재용 삼성전자 부회장이 참석할 것이라는 관측도 나왔습니다. 호암재단 관계자는 ""시상식은 대규모...",2020-05-25 14:22
"구글 잡으려는 OECD 디지털세, 한국 대기업에 '유탄'",/news/news_read.nhn?article_id=0003363688&office_id=079&mode=search&query=삼성전자&page=4,노컷뉴스,"이에 따라 컴퓨터, 가전, 휴대전화, 옷·화장품·사치품, 프랜차이즈(호텔·식당), 자동차업종 등을 운영하는 삼성전자와 현대차 등 국내 주요기업도 OECD의 '디지털세......",2020-05-25 14:26
"삼성SDI, 2차전지 2차 부흥기 기로",/news/news_read.nhn?article_id=0004684907&office_id=277&mode=search&query=삼성전자&page=4,아시아경제,이재용 삼성전자 부회장과 정의선 현대차그룹 총괄 수석부회장의 회동에 삼성SDI와 에코프로비엠 등 관련 기업 주가가 급등한 이유다. 하지만 신종....,2020-05-25 14:34
"거침 없는 '카카오' LG생건 넘었다, 삼성SDI 뚫겠다",/news/news_read.nhn?article_id=0003363695&office_id=079&mode=search&query=삼성전자&page=4,노컷뉴스,"카카오 시가총액은 지난 22일 현대차를 제치고 9위로 올라섰고 (삼성전자 우선주 제외), 다음 거래일인 이날 LG생활건강마저 제친 것이다. 오후...",2020-05-25 14:34
코로나에 어렵지만… 대기업 공채 예년 수준 유지,/news/news_read.nhn?article_id=0002429099&office_id=021&mode=search&query=삼성전자&page=4,문화일보,삼성전자 역시 올해 상반기 5000여 명을 채용할 계획인데 하반기에도 같은 규모로 진행해 올해 연간 1만 명 이상을 신규 고용할 방침이다. 앞서...,2020-05-25 14:41
[오후시황]글로벌 경제활동 재개 기대···코스피 코스닥 나란히 1%대 강세,/news/news_read.nhn?article_id=0003742360&office_id=011&mode=search&query=삼성전자&page=4,서울경제,"시가 총액 상위 종목 중에는 삼성바이오로직스(2.27%)와 네이버(3.69%), LG화학(2.79%), 삼성SDI(3.42%), 카카오(8.50...",2020-05-25 14:43
[한세희의 테크&라이프] 반도체 안보 전략 성공할 수 있을까,/news/news_read.nhn?article_id=0000010144&office_id=243&mode=search&query=삼성전자&page=4,이코노미스트,스마트폰 경쟁력을 높이려면 애플이나 삼성전자처럼 핵심 반도체 기술을 스스로 가질 필요가 있기 때문이다. 미국의 제재로 반도체 기술 확보에 더 박...,2020-05-25 14:46
"삼성그룹, 코로나 여파로 호암상 시상식 취소…30년 만에 처음",/news/news_read.nhn?article_id=0002403561&office_id=119&mode=search&query=삼성전자&page=4,데일리안,특히 올해는 상이 만들어진 지 30주년이 되는 해여서 이재용 삼성전자 부회장 등 총수 일가의 참석 가능성도 제기됐다. 과거 호암상 시상식에는 이...,2020-05-25 14:58
"코로나에 휘청인 中 TV 시장.. 9년만에 분기판매량 1,000만대 밑으로",/news/news_read.nhn?article_id=0003742371&office_id=011&mode=search&query=삼성전자&page=4,서울경제,"중국 내수 부진과 생산 중단 등의 여파로 TCL, 하이센스, 샤오미 등 중국 업체의 글로벌 TV 출하량 비중은 32.5%를 기록해 삼성전자(00...",2020-05-25 14:59
"다시 불붙은 미·중 무역분쟁에 초조한 재계 ""수출 감소 우려""",/news/news_read.nhn?article_id=0000528246&office_id=366&mode=search&query=삼성전자&page=4,조선비즈,"국내 대표 기업인 삼성전자(005930)만 해도 중국에 반도체·가전 공장 4개, 미국에 공장 2개를 운영 중이다. 이밖에 현대차(005380),...",2020-05-25 15:01
30주년 맞은 호암상 시상식 올해 안 열린다,/news/news_read.nhn?article_id=0004346946&office_id=015&mode=search&query=삼성전자&page=4,한국경제,"이 회장과 부인 홍라희 전 리움미술관장, 세 자녀인 이재용 삼성전자 부회장, 이부진 호텔신라 사장, 이서현 삼성복지재단 이사장 등도 함께했다. ...",2020-05-25 15:29
"[단독] 삼성전자, 올해 박사급 반도체인재 최소 500명 신규채용",/news/news_read.nhn?article_id=0000539855&office_id=031&mode=search&query=삼성전자&page=4,아이뉴스24,삼성전자의 반도체 사업을 담당하는 DS(디바이스솔루션)부문이 올해에만 박사급 인재 500명 이상을 신규 채용할 계획인 것으로 알려졌다. 박사급 ...,2020-05-25 15:35
성장판 열린 전기차…'그린뉴딜'에 '씽씽',/news/news_read.nhn?article_id=0000873276&office_id=215&mode=search&query=삼성전자&page=4,한국경제TV,정부의 '그린뉴딜'에 발맞춘 듯 이재용 삼성전자 부회장은 최근 정의선 현대차그룹 수석부회장을 삼성SDI 사업장으로 초대해 차세대 배터리에 대해 ...,2020-05-25 15:39
"포스트 코로나 준비 '착착'…이재용·구광모, 현장경영 재시동",/news/news_read.nhn?article_id=0000539858&office_id=031&mode=search&query=삼성전자&page=4,아이뉴스24,이재용 삼성전자 부회장과 구광모 LG그룹 회장 등 재계 총수들이 최근 신종 코로나바이러스 감염증(코로나19)으로 잠시 멈췄던 현장 경영에 시동을...,2020-05-25 15:44
강남 한복판에 요동치는 파도…한국 사이니지 기술력 재조명,/news/news_read.nhn?article_id=0004656929&office_id=421&mode=search&query=삼성전자&page=4,뉴스1,"이 전광판은 삼성전자가 2018년 3월 22일 CJ파워캐스트, 한국무역협회와 공동으로 설치한 것이다. 25일 오후 서울 강남구 코엑스 앞을 지나...",2020-05-25 15:47
강남 한복판에 요동치는 파도…한국 사이니지 기술력 재조명,/news/news_read.nhn?article_id=0004656929&office_id=421&mode=search&query=삼성전자&page=3,뉴스1,"이 전광판은 삼성전자가 2018년 3월 22일 CJ파워캐스트, 한국무역협회와 공동으로 설치한 것이다. 25일 오후 서울 강남구 코엑스 앞을 지나...",2020-05-25 15:47
[마감] 막판 반등 시도불구 2000 회복 실패… 미·중 갈등은 상승 제한,/news/news_read.nhn?article_id=0000546678&office_id=417&mode=search&query=삼성전자&page=3,머니S,"시총 1,2위 삼성전자와 SK하이닉스는 0.21%, 0.12% 소폭 상승했다. 삼성바이오로직스, 네이버, 삼성전자우, LG화학, 삼성SDI 등은...",2020-05-25 15:49
삼성이 만든 농구장 4배 크기 사이니지… 전 세계적 주목,/news/news_read.nhn?article_id=0004656935&office_id=421&mode=search&query=삼성전자&page=3,뉴스1,"이 전광판은 삼성전자가 2018년 3월 22일 CJ파워캐스트, 한국무역협회와 공동으로 설치한 것이다. 25일 오후 서울 강남구 코엑스 앞을 지나...",2020-05-25 15:49
서울 삼성동에 파도가 갇혀있다,/news/news_read.nhn?article_id=0004656934&office_id=421&mode=search&query=삼성전자&page=3,뉴스1,"이 전광판은 삼성전자가 2018년 3월 22일 CJ파워캐스트, 한국무역협회와 공동으로 설치한 것이다. 25일 오후 서울 강남구 코엑스 앞을 지나...",2020-05-25 15:49
"[fn마감시황] 코스피, 개인·기관 매수세에 1990선 회복",/news/news_read.nhn?article_id=0004430757&office_id=014&mode=search&query=삼성전자&page=3,파이낸셜뉴스,"코스피 시가총액 1위에 해당하는 삼성전자는 전 거래일보다 0.21% 오른 4만8850원에 마감했다. 카카오(8.50%), SK(7.88%), 네이버(4.56%), 삼성SD...",2020-05-25 15:52
[코스피 마감]1990선 다시 회복…카카오 시총 8위 도약,/news/news_read.nhn?article_id=0004648070&office_id=018&mode=search&query=삼성전자&page=3,이데일리,대장주인 삼성전자(005930)와 SK하이닉스(000660)가 1% 미만으로 소폭 상승했으며 삼성바이오로직스(207940)와 LG(003550)...,2020-05-25 15:57
"[마감시황] 미중갈등 재개에도 코스피 상승 마감···1,990선 회복",/news/news_read.nhn?article_id=0003742432&office_id=011&mode=search&query=삼성전자&page=3,서울경제,"시가총액 상위종목 중에는 삼성전자(0.21%)와 SK하이닉스(0.12%), 삼성바이오로직스(2.27%), 네이버(4.56%), LG화학(3.32...",2020-05-25 15:57
"""디지털세, 삼성.현대차 등 B2C 제조사는 과세대상에서 제외해야"" 한경연 보고서",/news/news_read.nhn?article_id=0002600161&office_id=029&mode=search&query=삼성전자&page=3,디지털타임스,"대상 제조사업은 컴퓨터, 가전, 휴대전화, 옷·화장품·사치품, 프랜차이즈(호텔·식당), 자동차 등으로 삼성전자, 현대차 등 국내 주요 대기업이 ...",2020-05-25 16:00
"미중 갈등 우려에도…코스피, 백신 기대감에 2000선 '눈 앞'",/news/news_read.nhn?article_id=0004347004&office_id=015&mode=search&query=삼성전자&page=3,한국경제,삼성전자(0.21%) SK하이닉스(0.12%) LG화학(3.32%) 현대차(1.59%) 올랐다. 코로나19로 인한 언택트(비대면) 확산에 대한 ...,2020-05-25 16:01
삼성동에 갇힌 '파도',/news/news_read.nhn?article_id=0004656992&office_id=421&mode=search&query=삼성전자&page=3,뉴스1,"이 전광판은 삼성전자가 2018년 3월 22일 CJ파워캐스트, 한국무역협회와 공동으로 설치한 것이다. 25일 오후 서울 강남구 코엑스 앞을 지나...",2020-05-25 16:03
서울에서 파도감상,/news/news_read.nhn?article_id=0004657002&office_id=421&mode=search&query=삼성전자&page=3,뉴스1,"이 전광판은 삼성전자가 2018년 3월 22일 CJ파워캐스트, 한국무역협회와 공동으로 설치한 것이다. 25일 오후 서울 강남구 코엑스 앞을 지나...",2020-05-25 16:05
"코스피, '개인·기관' 쌍끌이 매수에 2000선 눈앞",/news/news_read.nhn?article_id=0002403580&office_id=119&mode=search&query=삼성전자&page=3,데일리안,이날 삼성전자가 전장 대비 0.20% 오른 4만8850원에 장을 마치는 등 시가총액 상위 20개 종목 가운데 18개 종목이 올랐다. 카카오(8....,2020-05-25 16:05
코스피 1.2% 상승 마감…개인·기관 매수세에 1990대 안착,/news/news_read.nhn?article_id=0004685001&office_id=277&mode=search&query=삼성전자&page=3,아시아경제,"이어 NAVER(4.5%), 삼성SDI(3.5%), LG화학(3.3%), 삼성바이오로직스(2.2%), 삼성전자(0.2%) 등의 순이었다. 같은 ...",2020-05-25 16:06
서울 한복판에서 파도 감상,/news/news_read.nhn?article_id=0004657004&office_id=421&mode=search&query=삼성전자&page=3,뉴스1,"이 전광판은 삼성전자가 2018년 3월 22일 CJ파워캐스트, 한국무역협회와 공동으로 설치한 것이다. 25일 오후 서울 강남구 코엑스 앞을 지나...",2020-05-25 16:06
"[마감시황]코스피, 미-중 갈등에도 1990선 중반까지 회복",/news/news_read.nhn?article_id=0009879892&office_id=003&mode=search&query=삼성전자&page=3,뉴시스,"대장주 삼성전자는 전 거래일 대비 100원(0.21%) 오른 4만8850원에 거래를 마쳤다. 카카오가 8.50% 급등하며 신고가를 다시 썼고, ...",2020-05-25 16:08
[마켓뷰] '언택트' 기업이 밀어올린 코스피,/news/news_read.nhn?article_id=0000528306&office_id=366&mode=search&query=삼성전자&page=3,조선비즈,"삼성전자(005930)와 SK하이닉스(000660)는 0.21%, 0.12%로 소폭 올랐고, 삼성바이오로직스(207940)는 2.27% 상승했다...",2020-05-25 16:08
코스피 1.24%↑ 1990선 회복…카카오 8.5% 급등,/news/news_read.nhn?article_id=0002224302&office_id=123&mode=search&query=삼성전자&page=3,조세일보,"시가총액 1위인 삼성전자는 전날보다 0.21% 오른 4만8850원, 2위인 SK하이닉스는 0.12% 상승한 8만1400원에 장을 종료했다. 코스...",2020-05-25 16:08
미래 탐색·규제 철폐·기술선도···'R&D 팀플레이'가 초격차 열쇠 [서울포럼 2...,/news/news_read.nhn?article_id=0003742455&office_id=011&mode=search&query=삼성전자&page=3,서울경제,"위구연 미국 하버드대 교수와 세바스찬 승 프린스턴대, 다니엘 리 펜실베이니아대 교수 등을 영입한 삼성전자를 비롯해 SK하이닉스(김영한 UCSD ...",2020-05-25 16:12
"[TF시황] 코스피, 미·중 갈등에도 강세 마감",/news/news_read.nhn?article_id=0000026978&office_id=629&mode=search&query=삼성전자&page=3,더팩트,"삼성전자(+0.21%), SK하이닉스(+0.12%), 삼성바이오로직스(+2.27%), 네이버(+4.56%), 삼성전자우(+1.77%), LG화학...",2020-05-25 16:33
"삼성전자, 평택에 10조원 규모의 파운드리 생산 시설 구축",/news/news_read.nhn?article_id=0000053744&office_id=050&mode=search&query=삼성전자&page=3,한경비즈니스,삼성전자가 평택에 대규모의 파운드리(반도체 위탁 생산) 생산 시설 투자 계획을 발표했다. 삼성전자는 5월 21일 경기도 평택사업장에 2021년 ...,2020-05-25 16:33
"[CEO24시] 이재용, 사과 회견 이후 현장 행보…깊어지는 미래 고민",/news/news_read.nhn?article_id=0000053748&office_id=050&mode=search&query=삼성전자&page=2,한경비즈니스,이재용 삼성전자 부회장 이재용 삼성전자 부회장이 공격적인 경영 행보에 나서고 있다. 5월 6일 과거의 잘못과 단절하고 ‘새로운 삼성’으로 거듭나...,2020-05-25 16:34
"'삼성 해고' 시위자들 이재용 집 앞에서 ""삼겹살에 소주""",/news/news_read.nhn?article_id=0004657159&office_id=421&mode=search&query=삼성전자&page=2,뉴스1,"주성호 기자,박종홍 기자 = 삼성 해고노동자들의 피해 보상 등을 요구하기 위해 조직된 시민단체가 이재용 삼성전자 부회장 자택 앞에서 음주가무를 ...",2020-05-25 16:37
연일 최고가 찍는 네이버·카카오…시총 '톱10' 뒤흔든다,/news/news_read.nhn?article_id=0003003426&office_id=025&mode=search&query=삼성전자&page=2,중앙일보,"이달 초만 해도 해도 시총 순위가 10위 밖이었으나, 주가 급등으로 시총이 23조3347억원으로 커지며 단숨에 8위(삼성전자 우선주 제외)까지 ...",2020-05-25 16:43
"[단독] 하반기 나올 갤노트20, S20보다 카메라 스펙 낮춘다",/news/news_read.nhn?article_id=0003003433&office_id=025&mode=search&query=삼성전자&page=2,중앙일보,"올 하반기 삼성전자가 출시할 갤럭시노트20(가칭)의 카메라 사양(스펙)이 갤럭시S20에 비해 낮아진다. 우선 노트20은 3가지 모델(S20, S...",2020-05-25 16:45
또 트럼프 리스크…삼성 반도체 1위 전략 '빨간불',/news/news_read.nhn?article_id=0004414331&office_id=008&mode=search&query=삼성전자&page=2,머니투데이,"""삼성전자의 '반도체 비전 2030'이 '트럼프 리스크'에 발목을 잡혔다."" 반도체업계 한 인사가 25일 미중 무역전쟁에 대한 대화 도중 꺼낸 ...",2020-05-25 16:48
"국내 증시, 의외의 단기 ‘강세장’…해피엔딩 가능성은?",/news/news_read.nhn?article_id=0000212257&office_id=374&mode=search&query=삼성전자&page=2,SBS CNBC,"- 신용거래 10조 돌파…'빚투 개미'에 경고 - 코스피 2천선 터치 이면…개미 '빚투' 활황 - 원유 개미 ""종목 바꿔 손실""…집단소송 예고 ...",2020-05-25 17:02
증시 판도 뒤집은 '언택트'…전통 제조·소재 업체가 사라졌다,/news/news_read.nhn?article_id=0004414343&office_id=008&mode=search&query=삼성전자&page=2,머니투데이,"삼성전자, SK하이닉스 등 기존 주도주인 반도체주는 보합권에서 등락을 반복했으나, 코스피는 1% 넘게 반등했다. 이날 소프트웨어, 2차전지, 제...",2020-05-25 17:08
삼성SDI `젠5`로 車배터리 톱3 노린다,/news/news_read.nhn?article_id=0004581860&office_id=009&mode=search&query=삼성전자&page=2,매일경제,최근 이재용 삼성전자 부회장과 정의선 현대자동차 수석부회장이 만난 이후 삼성SDI 배터리가 현대차에도 탑재되는 것 아니냐는 기대감이 커지고 있다...,2020-05-25 17:10
갤S20으로 트래픽 공유하고 토큰 받는다,/news/news_read.nhn?article_id=0004430858&office_id=014&mode=search&query=삼성전자&page=2,파이낸셜뉴스,25일 블록체인 기반 동영상 서비스 프로젝트 쎄타는 이스포츠(e-sports) 스트리밍 서비스 '쎄타티비'(사진)가 미국에서 출하되는 삼성전자 ...,2020-05-25 17:12
삼성그룹 호암상 시상식 30년만에 처음으로 취소…코로나 여파,/news/news_read.nhn?article_id=0001004802&office_id=082&mode=search&query=삼성전자&page=2,부산일보,특히 올해는 상이 만들어진 지 30주년이 되는 해여서 이재용 삼성전자 부회장 등 총수 일가의 참석 가능성도 제기됐다. 과거 호암상 시상식에는 이...,2020-05-25 17:12
언택트 경제의 ‘시대주’?… LG생건마저 제친 카카오,/news/news_read.nhn?article_id=0001324861&office_id=005&mode=search&query=삼성전자&page=2,국민일보,카카오 시가총액이 23조원을 돌파하며 LG생활건강을 제치고 코스피 시총 순위 8위(삼성전자 우선주 제외)에 올랐다. 지난 22일 ‘재계 2위’ ...,2020-05-25 17:13
"[TF매매동향] 외인, '삼성전자' 팔고 '삼성바이오' 샀다",/news/news_read.nhn?article_id=0000026989&office_id=629&mode=search&query=삼성전자&page=2,더팩트,삼성전자 1085억 원 매도·삼성바이오로직스 342억 원 매수 25일 코스피는 기관의 매수세 전향에 개인과 기관이 '사자'를 유지하며 강세 마감...,2020-05-25 17:13
"美화웨이 제재…SK하이닉스, 반짝 특수에도 못 웃는 이유?",/news/news_read.nhn?article_id=0004648163&office_id=018&mode=search&query=삼성전자&page=2,이데일리,화웨이는 그동안 D램 ‘빅(BIG) 3’ 가운데 스마트폰 및 5세대 이동통신(5G)모뎁칩 등에서 경쟁 관계인 삼성전자(005930)를 제외한 S...,2020-05-25 17:24
"""美 성장주는 배신 안해""…3억으로 테슬라 샀더니 120% 수익",/news/news_read.nhn?article_id=0004347088&office_id=015&mode=search&query=삼성전자&page=2,한국경제,삼성전자였다. ‘동학개미운동’의 시작이었다. 국내에서 삼성전자 외에 대안을 찾기 어렵게 되자 해외로 눈을 돌렸다. 애플 아마존 구글 등 대안이 ...,2020-05-25 17:24
"""구글·애플 대항마"" AI동맹 나선 토종ICT",/news/news_read.nhn?article_id=0003742555&office_id=011&mode=search&query=삼성전자&page=2,서울경제,"SK텔레콤과 삼성전자(005930), 카카오(035720)는 이미 협력을 이어가고 있다. 지난해 10월 SKT와 카카오는 3,000억원 규모의 ...",2020-05-25 17:37
삼성·현대차에 '구글세' 내라는 OECD…세수 축소에 불확실성 우려까지,/news/news_read.nhn?article_id=0003003449&office_id=025&mode=search&query=삼성전자&page=2,중앙일보,삼성전자·현대자동차 등 한국의 글로벌 대기업들도 부과 대상이 될 가능성이 높다. 외국에 낸 세금은 국내에서 공제하도록 돼 있어 가뜩이나 어려운 ...,2020-05-25 17:43
"‘비대면 소통’이 대세? …포스트 코로나 시대, 달라지는 회사 풍경",/news/news_read.nhn?article_id=0003288008&office_id=020&mode=search&query=삼성전자&page=2,동아일보,삼성전자와 협력하는 한 외국계 반도체 설계회사는 미국 본사와 소통할 때 사용했던 애플리케이션 웹액스(Web-ex)를 삼성전자와 회의할 때도 사용...,2020-05-25 17:47
"1억명이 ""유튜브, TV로 본다""…스마트TV 제대로 물 만났네",/news/news_read.nhn?article_id=0004581975&office_id=009&mode=search&query=삼성전자&page=2,매일경제,세계 TV 시장 1위 업체인 삼성전자의 전체 TV 판매 중 스마트 TV 비중은 2017년 76%에서 올해 93% 수준까지 늘었다. 전 세계 TV...,2020-05-25 17:51
"삼성전자·현대차도 ‘구글세’ 불똥… ""亞 공조 대응 나서야"" [이슈분석]",/news/news_read.nhn?article_id=0004430931&office_id=014&mode=search&query=삼성전자&page=2,파이낸셜뉴스,"추진하면서 삼성전자, 현대차 등 주요 한국 기업들에 비상이 걸렸다. 재계에서는 사실상 미국과 유럽이 주도하는 디지털세 프로젝트에서 국내 제조업의...",2020-05-25 17:52
30주년 맞은 호암상 시상식 사상 첫 취소,/news/news_read.nhn?article_id=0004347172&office_id=015&mode=search&query=삼성전자&page=2,한국경제,"이 회장과 부인 홍라희 전 리움미술관장, 세 자녀인 이재용 삼성전자 부회장, 이부진 호텔신라 사장, 이서현 삼성복지재단 이사장 등도 함께했다. 삼성 관계자는...",2020-05-25 17:53
"""美·EU 추진하는 구글세에 삼성전자·현대차 유탄맞아""",/news/news_read.nhn?article_id=0004581987&office_id=009&mode=search&query=삼성전자&page=1,매일경제,삼성전자 현대자동차 등 글로벌 제조기업은 실질과세 원칙에 따라 현지에서 발생한 영업이익에 대해 이미 세금을 내고 있어 디지털서비스사업자의 조세회피 행위를...,2020-05-25 17:54
"삼성 냉장고, 미국 에너지스타 '고효율·첨단 제품' 선정",/news/news_read.nhn?article_id=0001004832&office_id=082&mode=search&query=삼성전자&page=1,부산일보,삼성전자 로고. 삼성전자 냉장고가 미국 환경청(EPA)이 주관하는 에너지스타 '고효율·첨단제품상'을 수상했다. 25일 업계에 따르면 에너지스타는...,2020-05-25 17:54
`완전무선이어폰` 전쟁…애플 에어팟 넘을 각 사 전략은?,/news/news_read.nhn?article_id=0004648206&office_id=018&mode=search&query=삼성전자&page=1,이데일리,"애플의 에어팟이 선두를 달리고 있는 완전 무선 이어폰 시장에서 삼성전자(005930), LG전자(066570), 하만, 소니코리아 등이 신제품 ...",2020-05-25 18:11
"한남동 이재용 집앞, 지글지글 삼겹살 폭식투쟁 그들은 누구?",/news/news_read.nhn?article_id=0003533786&office_id=023&mode=search&query=삼성전자&page=1,조선일보,삼성 해고노동자들의 피해 보상 등을 요구하기 위해 조직된 시민단체가 이재용 삼성전자 부회장 집 앞에서 ‘삼겹살 폭식투쟁’을 벌였다. 또 삼성생명...,2020-05-25 18:15
세계 낸드 매출 8% 증가…삼성전자 점유율 2%포인트 하락,/news/news_read.nhn?article_id=0011632843&office_id=001&mode=search&query=삼성전자&page=1,연합뉴스,SK하이닉스 매출 20% 증가해 점유율 10%대 복귀 전 세계 낸드플래시 시장이 8% 이상 성장한 가운데 삼성전자 점유율은 소폭 하락한 것으로 ...,2020-05-25 18:23
"‘삼성 해고’ 시위자들, 이재용 자택 앞에서 삼겹살에 소주",/news/news_read.nhn?article_id=0002403632&office_id=119&mode=search&query=삼성전자&page=1,데일리안,삼성 해고노동자들의 피해 보상 등을 요구하기 위해 조직된 시민단체가 이재용 삼성전자 부회장 자택 앞에서 삼겹살을 구워먹고 술을 마시는 등 이른바...,2020-05-25 18:28
"25일, 기관 거래소에서 KODEX 레버리지(+2.53%), 삼성SDI(+3.57...",/news/news_read.nhn?article_id=0004347201&office_id=015&mode=search&query=삼성전자&page=1,한국경제,"기관 투자자의 순매수 상위 20개 종목은 KODEX 레버리지, 삼성SDI, KT&G, LG화학, KODEX 코스닥150 레버리지, KODEX W...",2020-05-25 18:37
"25일, 거래소 외국인 순매수상위에 운수장비 업종 4종목",/news/news_read.nhn?article_id=0004347200&office_id=015&mode=search&query=삼성전자&page=1,한국경제,"외국인 투자자는 25일 거래소에서 삼성바이오로직스, 삼성전자우, 현대차 등을 중점적으로 사들인 것으로 나타났다. 외국인 투자자의 순매수 상위 2...",2020-05-25 18:37
"25일, 거래소 기관 순매도상위에 서비스업 업종 3종목",/news/news_read.nhn?article_id=0004347203&office_id=015&mode=search&query=삼성전자&page=1,한국경제,"기관 투자자의 순매도 상위 20개 종목은 카카오, KODEX 200선물인버스2X, KODEX 인버스, 삼성전자우, SK하이닉스, 호텔신라, 신세...",2020-05-25 18:37
"25일, 외국인 거래소에서 삼성전자(+0.21%), SK하이닉스(+0.12%) 등...",/news/news_read.nhn?article_id=0004347202&office_id=015&mode=search&query=삼성전자&page=1,한국경제,"외국인 투자자는 25일 거래소에서 삼성전자, SK하이닉스, NAVER 등을 중점적으로 매도한 것으로 나타났다. 외국인 투자자의 순매도 상위 20...",2020-05-25 18:37
"삼성 해고 시위 시민단체, 이재용 자택 앞 '삼겹살·소주 먹방'",/news/news_read.nhn?article_id=0000026996&office_id=629&mode=search&query=삼성전자&page=1,더팩트,'삼겹살 폭식투쟁' 영상 논란 일자 25일 오후 일부 영상 삭제 해고 노동자의 권리를 주장하겠다며 구성된 시민단체가 이재용 삼성전자 부회장 자택...,2020-05-25 18:56
"""삼성전자·현대車 등 B2C 제조사 디지털세 대상서 제외해야""",/news/news_read.nhn?article_id=0002600227&office_id=029&mode=search&query=삼성전자&page=1,디지털타임스,"대상 제조사업은 컴퓨터, 가전, 휴대전화, 옷·화장품·사치품, 프랜차이즈(호텔·식당), 자동차 등으로 삼성전자, 현대차 등 국내 주요 대기업이 ...",2020-05-25 18:59
글로벌 공장 속속 재가동…코로나 확산세 멕시코는 협의 중,/news/news_read.nhn?article_id=0000212268&office_id=374&mode=search&query=삼성전자&page=1,SBS CNBC,"[기자] 현재 삼성전자와 LG전자, 현대기아차 등 우리 기업들의 해외공장은 대부분 재가동 중입니다. 봉쇄조치가 가장 엄격했던 인도에서도 지난주부...",2020-05-25 18:59
"'삼성 해고’ 시위 시민단체, 이재용 자택 앞에서 삼겹살에 소주까지",/news/news_read.nhn?article_id=0009880335&office_id=003&mode=search&query=삼성전자&page=1,뉴시스,삼성 해고노동자들의 피해 보상 등을 요구를 주장하는 '삼성 해고노동자 고공농성 공동대책위원회'가 이재용 삼성전자 부회장 자택 앞에서 삼겹살을 구...,2020-05-25 19:18
"원격진료, 규제 넘으려니 의료계·시민단체 반대에 막혀",/news/news_read.nhn?article_id=0000212276&office_id=374&mode=search&query=삼성전자&page=1,SBS CNBC,삼성전자도 비슷한 방식으로 심전도를 측정하는 앱을 내놓았습니다. 이렇듯 전화 상담만 가능했던 원격진료에 새로운 기술이 속속 등장하고 있지만 의료...,2020-05-25 19:27
"[뉴있저] ""재정 역량 총동원해야""...미중 갈등 격화에 '긴장'",/news/news_read.nhn?article_id=0001444296&office_id=052&mode=search&query=삼성전자&page=1,YTN,"그런데 삼성전자는 이제 진출하려고 하는 겁니다. 그리고 화웨이가 차지하는 비중도 크지 않고요, 그 부분은. 오히려 그런데 메모리 반도체 부분은 ...",2020-05-25 20:12
코로나로 달라진 회사 생활…주 1회 재택·온라인 회의,/news/news_read.nhn?article_id=0000192253&office_id=449&mode=search&query=삼성전자&page=1,채널A,"축하드립니다."" 이밖에도 삼성전자는 코로나19 장기화로 육아에 어려움을 겪는 직원들을 대상으로 주 4일 근무제를 시행 중입니다. 코로나19가 기...",2020-05-25 20:20
코로나 쇼크에… 글로벌 TV 시장 ‘Turn Off’,/news/news_read.nhn?article_id=0003468475&office_id=022&mode=search&query=삼성전자&page=1,세계일보,여파로 삼성전자와 LG전자의 TV사업 부문 2분기 실적이 크게 부진할 것으로 보인다. 앞서 1분기 실적에서도 TV사업 부문의 감소폭이 드러났는데...,2020-05-25 20:24
이재용 집앞에서 삼겹살 굽고 술 마신 시민단체,/news/news_read.nhn?article_id=0000499559&office_id=469&mode=search&query=삼성전자&page=1,한국일보,삼성 해고노동자의 피해 보상 등을 요구하는 ‘삼성 해고노동자 고공농성 공동대책위원회(공대위)’와 이에 연대한 시민 모임이 이재용 삼성전자 부회장...,2020-05-25 22:47
이재용 집 앞에서 '삼겹살 폭식·음주가무 투쟁'···그들은 누구,/news/news_read.nhn?article_id=0003003500&office_id=025&mode=search&query=삼성전자&page=1,중앙일보,삼성 해고노동자들의 피해 보상 등을 요구하기 위해 조직된 시민단체가 이재용 삼성전자 부회장 집 앞에서 음주가무를 곁들인 '삼겹살 폭식 투쟁'을 ...,2020-05-25 22:48
