title,url,press,summary,date
메모리 반도체 '코로나의 봄'… 마이크론 석달 매출 10% 급증,/news/news_read.nhn?article_id=0003534811&office_id=023&mode=search&query=삼성전자&page=9,조선일보,"삼성전자와 SK하이닉스 내부에서도 ""코로나로 여전히 불확실성이 크긴 하지만 2분기(4~6월) 실적은 나쁘진 않을 것""이라는 말이 나온다. 다른 ...",2020-05-29 03:06
"[이코노 브리핑] 신한카드, 사회공헌 국가산업대상 외",/news/news_read.nhn?article_id=0003469772&office_id=022&mode=search&query=삼성전자&page=8,세계일보,"삼성헬스 TV용 애플리케이션 출시 삼성전자가 ‘삼성 헬스’ 스마트 TV용 애플리케이션(사진)을 한국, 미국, 영국 등 주요 국가에서 출시했다고 ...",2020-05-29 03:12
"삼성전자, `C랩 아웃사이드` 전방위 지원…CES·MWC·IFA 참가도 도와",/news/news_read.nhn?article_id=0004584643&office_id=009&mode=search&query=삼성전자&page=8,매일경제,◆ 코로나 상생 경영 ◆ 삼성전자는 다양한 사내외 프로그램을 통해 스타트업 생태계 확산에 기여하고 스타트업과의 상생협력을 이어가고 있다. 대표적...,2020-05-29 04:04
"[코로나 상생 경영] 큰형들 손 잡고 중기·스타트업, 위기극복 `점프`",/news/news_read.nhn?article_id=0004584660&office_id=009&mode=search&query=삼성전자&page=8,매일경제,코로나發 경제위기 본격 확산 상생협력 통해 경쟁력 유지 총력 삼성전자 사내벤처 프로그램 운영 현대차 모빌리티 협업생태계 구축 SK하이닉스 납품대...,2020-05-29 04:05
[株머니 주요산업 증시기상도] G2갈등 재고조에…삼성전자·SK하이닉스 수급 부담,/news/news_read.nhn?article_id=0004584662&office_id=009&mode=search&query=삼성전자&page=8,매일경제,"◆ 반도체 미·중 간 갈등이 재고조되며, 미국이 화웨이 및 중국 반도체 굴기를 직접적으로 겨냥하고 있어 삼성전자와 SK하이닉스의 수급개선은 6월...",2020-05-29 04:06
[빅데이터로 본 재테크] SK바이오팜 IPO 뜨거운 관심…카카오는 신고가 랠리,/news/news_read.nhn?article_id=0004584661&office_id=009&mode=search&query=삼성전자&page=8,매일경제,19~25일 카카오는 삼성전자를 제치고 종목 검색 순위 1위에 들었다. 보고서 검색 상위 10위 안에도 카카오는 이름을 올렸다. 카카오 주가는 ...,2020-05-29 04:06
[MBN GOLD 시황저격] IT플랫폼·소부장·바이오…코스피 전성시대 이끈다,/news/news_read.nhn?article_id=0004584670&office_id=009&mode=search&query=삼성전자&page=8,매일경제,"삼성전자와 SK하이닉스 등 IT를 대표하는 두 기업 대신에 네이버, 카카오와 같은 플랫폼 기술주들이 지수 상승을 주도하고 있고 소위 '소부장'으...",2020-05-29 04:07
‘한국의 네번째 수출국’ 홍콩 ‘특별지위’ 박탈땐 타격 불가피,/news/news_read.nhn?article_id=0002499092&office_id=028&mode=search&query=삼성전자&page=8,한겨레,"삼성전자나 하이닉스반도체는 대응 역량이 있지만, 화장품(2019년 3억4천만달러)·농수산물(1억달러) 품목 등을 홍콩에 주로 수출해온 중소·중견...",2020-05-29 05:02
"2000 돌파에도 멈추지 않는 동학개미…""아직 216조 남았다""",/news/news_read.nhn?article_id=0004416590&office_id=008&mode=search&query=삼성전자&page=8,머니투데이,"최근에는 삼성전자, SK하이닉스 같은 저평가된 코스피 우량주들뿐 아니라 바이오, 헬스케어 등 코로나19 수혜주가 집중된 코스닥에도 매수세가 이어...",2020-05-29 05:05
‘삼성헬스’ 스마트TV용 애플리케이션 출시,/news/news_read.nhn?article_id=0003094530&office_id=081&mode=search&query=삼성전자&page=8,서울신문,"삼성전자는 ‘삼성 헬스’ 서비스의 스마트TV용 애플리케이션을 한국, 미국, 영국 등 주요국에 출시했다고 28일 밝혔다. 이에 따라 모바일용으로 ...",2020-05-29 05:08
"삼성, 코로나로 어려운 中企와 ‘나눔의 상생’",/news/news_read.nhn?article_id=0003094534&office_id=081&mode=search&query=삼성전자&page=8,서울신문,삼성전자 스마트공장 멘토들의 도움을 받은 뒤의 일이다. 엔제이컴퍼니는 지난 3월 초 손세정제 수요가 급증하는 상황에서도 선뜻 5000만원 상당의...,2020-05-29 05:08
"삼성, 美서 직불카드 '삼성머니' 공개…""차세대 금융경험 강화""",/news/news_read.nhn?article_id=0009887104&office_id=003&mode=search&query=삼성전자&page=8,뉴시스,삼성전자가 모바일 결제 기능을 갖춘 '삼성페이'에 직불카드 기능을 결합한 '삼성 머니'를 미국에서 공개했다. 29일 삼성전자 미국 뉴스룸에 따르...,2020-05-29 06:00
"[단독]삼성 마이크로LED TV, 에너지 효율등급 표기 면제",/news/news_read.nhn?article_id=0004664946&office_id=421&mode=search&query=삼성전자&page=8,뉴스1,올 하반기 가정용 마이크로 LED TV 출시를 계획하고 있는 삼성전자가 이같은 혜택을 누릴 것으로 보인다. 29일 업계에 따르면 산업통상자원부는...,2020-05-29 06:00
"[출근길] 외국인 사들인 삼성전자, 5만원대 '터치'… 상승 랠리 이어갈까",/news/news_read.nhn?article_id=0000548418&office_id=417&mode=search&query=삼성전자&page=8,머니S,대장주 삼성전자가 5만원의 문턱을 넘기면서 상승 랠리를 이어갈 수 있을지 관심이다. 29일 한국거래소에 따르면 지난 28일 삼성전자 주가는 전일...,2020-05-29 06:00
"""넌 스마트폰으로 개인트레이딩 하니? 나는 TV로 해""",/news/news_read.nhn?article_id=0003745516&office_id=011&mode=search&query=삼성전자&page=8,서울경제,삼성전자(005930)가 최근 삼성헬스를 모바일을 넘어 스마트 TV에서도 이용할 수 있게 스마트TV용 앱을 출시하며 세바스찬 승 부사장의 선언이...,2020-05-29 06:01
외국계 몰아낸 국산 반도체PCB 검사장비... 요즘은 일본서 주문 쇄도,/news/news_read.nhn?article_id=0000530373&office_id=366&mode=search&query=삼성전자&page=8,조선비즈,갤럭시 시리즈 돌풍으로 삼성전자의 핸드폰용 기판 검사기 수요가 생기면서 매출이 치솟았다. 하지만 국내외 PC시장 침체와 핸드폰용 기판 검사기 수...,2020-05-29 06:12
[I am '스마트아파트']① 생각으로 집안을 움직인다,/news/news_read.nhn?article_id=0000548422&office_id=417&mode=search&query=삼성전자&page=8,머니S,"대우건설은 삼성전자와 함께 차세대 스마트홈시스템을 개발, 스마트폰 앱을 이용해 음성인식만으로 조명, 난방, 가전제품 등을 제어할 수 있도록 했다...",2020-05-29 06:25
인기 삼성 그랑데 AI 건조기 ‘무늬만 1등급?',/news/news_read.nhn?article_id=0003026844&office_id=241&mode=search&query=삼성전자&page=8,일간스포츠,삼성전자는 그랑데 AI 건조기의 인기 비결 중 하나로 ‘국내 유일의 에너지소비효율 1등급 건조기’라는 점을 꼽았다. 실제로 소비자들은 폭염으로 ...,2020-05-29 07:02
"삼성-LG, 상반된 리쇼어링 행보…어떤 결과 낳을까",/news/news_read.nhn?article_id=0003026847&office_id=241&mode=search&query=삼성전자&page=8,일간스포츠,반면 이재용 삼성전자 부회장은 한국을 글로벌 생산 중심지로 키우는 등 대대적인 투자를 이어나가고 있다. 이 부회장은 지난 21일 경기 평택캠퍼스...,2020-05-29 07:02
"[CEO 이모저모]신동빈, 롯데문화재단 이사장직 사임 外",/news/news_read.nhn?article_id=0003026846&office_id=241&mode=search&query=삼성전자&page=8,일간스포츠,"이재용, 경영권 승계 의혹 17시간 검찰 조사 이재용 삼성전자 부회장이 삼성물산-제일모직 합병과 경영권 승계를 둘러싼 의혹으로 17시간 동안 검...",2020-05-29 07:02
박영선 장관이 불쑥 꺼낸 ‘소셜캐피탈’,/news/news_read.nhn?article_id=0003745532&office_id=011&mode=search&query=삼성전자&page=8,서울경제,"네이버와 소상공인, 삼성전자와 중소기업 스마트공장이 대표적인 예입니다. 협약주체 면면은 쟁쟁합니다. 현대기아차, 4대 은행, 소프트뱅크벤처스에 ...",2020-05-29 07:11
[빅데이터MSI]29일 오전 주식시장 심리 2단계 '나쁨',/news/news_read.nhn?article_id=0009887185&office_id=003&mode=search&query=삼성전자&page=7,뉴시스,"대장주 삼성전자의 MSI 레벨은 1단계로 집계됐다. 시가총액 상위 종목 중 SK하이닉스는 7단계, LG화학은 2단계, 현대차는 4단계, 셀트리온...",2020-05-29 08:06
[MK 부동산단신] 삼송지구 `소아전문병원` 수익형 상가 매각,/news/news_read.nhn?article_id=0004584717&office_id=009&mode=search&query=삼성전자&page=7,매일경제,고덕신도시 유일한 환승 센터와 지하철 1호선 서정리역을 도보로 이용할 수 있으며 삼성전자 종사자와 대단지 아파트 고정 배후수요를 확보하고 있다....,2020-05-29 08:19
[뉴스새벽배송]홍콩보안법에 화난 트럼프…마이크론 다시↓,/news/news_read.nhn?article_id=0004651300&office_id=018&mode=search&query=삼성전자&page=7,이데일리,"마이크론의 반락에 따라 이날 삼성전자 등 반도체주의 움직임도 영향을 받을 것으로 보인다. ◇트위터 매니아 트럼프, 트위터 규제 나선다 트럼프 대...",2020-05-29 08:23
"""김범수·이재용 적극적"" 30대 그룹 총수 코로나19 사회공헌 관심도",/news/news_read.nhn?article_id=0000027400&office_id=629&mode=search&query=삼성전자&page=7,더팩트,이재용 삼성전자 부회장인 것으로 나타났다. 글로벌빅데이터연구소는 31번째 확진자가 발생한 지난 2월 18일부터 이달 20일까지 약 3개월 동안 ...,2020-05-29 08:38
"삼성, '갤럭시폴드2' 부품 발주…오는 8월 출시 유력",/news/news_read.nhn?article_id=0000540528&office_id=031&mode=search&query=삼성전자&page=7,아이뉴스24,삼성전자가 폴더블 스마트폰 차기작 '갤럭시폴드2'(가칭) 부품을 납품업체에 발주한 것으로 알려지면서 8월 출시 가능성이 높게 점쳐지고 있다. 2...,2020-05-29 08:44
미중 무역갈등에 휘청이는 홍콩.. 한국수출도 '흔들',/news/news_read.nhn?article_id=0003745558&office_id=011&mode=search&query=삼성전자&page=7,서울경제,"스마트폰, 통신장비 시장 등 삼성전자(005930)가 강점이 있는 분야에서도 추가적인 점유율 확대가 예상된다. 무역협회 관계자는 “양국의 강대강...",2020-05-29 08:45
"해킹당한 디지털 지갑, 블록체인으로 복원한다",/news/news_read.nhn?article_id=0002601095&office_id=029&mode=search&query=삼성전자&page=7,디지털타임스,"트러스트버스는 삼성전자의 블록체인 파트너로서 '마스터키' 내 블록체인 기반 복원 솔루션을 구축하고, 삼성전자의 블록체인 키스토어 기반 삼성 월렛...",2020-05-29 09:02
[개장 시황] 코스피 2018.37.. 외국인의 '팔자' 기조에 하락 출발 (▼1...,/news/news_read.nhn?article_id=0003745577&office_id=011&mode=search&query=삼성전자&page=7,서울경제,"종목별로는 삼성전자가 0.79% 내린 5만 0000원에 거래되는 가운데, 웅진에너지(103130)(-27.06%), 대양금속(009190)(-5...",2020-05-29 09:06
"""빨래방·네일숍이 왜 거기서 나와"" 하이마트 메가스토어 수원점 가보니…",/news/news_read.nhn?article_id=0004665219&office_id=421&mode=search&query=삼성전자&page=7,뉴스1,"원룸·오피스텔에 맞는 1인 가전부터 LG전자의 '시그니처'와 '오브제', 삼성전자의 QLED TV와 '비스포크' 냉장고 등 모든 라인업 제품들이...",2020-05-29 09:09
"코스피, 미중 갈등 우려에 하락 출발…2010선 등락",/news/news_read.nhn?article_id=0004584763&office_id=009&mode=search&query=삼성전자&page=7,매일경제,"시가총액 상위 종목들 가운데 삼성전자, SK하이닉스, LG화학, 삼성SDI, 카카오, LG생활건강 등은 내리고 있고 삼성바이오로직스, NAVER...",2020-05-29 09:10
"고조된 미·중 긴장…코스피, 이틀째 하락해 2020선 아래로",/news/news_read.nhn?article_id=0004416683&office_id=008&mode=search&query=삼성전자&page=7,머니투데이,"삼성전자와 SK하이닉스, 카카오는 1~2%대 하락세다. 시총 10위 종목 가운데 삼성바이오로직스와 셀트리온만이 오르고 있다. 코스닥 지수는 코스피와 달리 상승세다....",2020-05-29 09:15
이재용 부회장 사흘 만에 또 소환…삼바 수사 곧 결론,/news/news_read.nhn?article_id=0000874369&office_id=215&mode=search&query=삼성전자&page=7,한국경제TV,이재용 삼성전자 부회장이 삼성그룹 경영권 승계를 둘러싼 의혹으로 검찰에 사흘 만에 재소환됐다. 법조계에 따르면 서울중앙지검 경제범죄형사부는 이날...,2020-05-29 09:15
"코스피, 미중 갈등 고조에 하락 출발…2020 턱걸이",/news/news_read.nhn?article_id=0004651372&office_id=018&mode=search&query=삼성전자&page=7,이데일리,삼성전자(005930)와 SK하이닉스(000660)가 1~2%대 하락세를 보이고 있다. 언택트 대형주 NAVER(035420)와 카카오(035720)가 1%대 빠지는 가운...,2020-05-29 09:16
"검찰, 이재용 삼성 부회장 사흘 만에 재소환…막바지 수사 박차",/news/news_read.nhn?article_id=0011642162&office_id=001&mode=search&query=삼성전자&page=7,연합뉴스,"첫 소환 당시 17시간 고강도 조사…""보고·지시 없었다"" 주장 삼성물산-제일모직 합병과 삼성 경영권 승계를 둘러싼 의혹을 수사하는 검찰이 29일...",2020-05-29 09:18
"이재용, 사흘만에 검찰 재출석…'합병 의혹' 등 보강조사",/news/news_read.nhn?article_id=0009887316&office_id=003&mode=search&query=삼성전자&page=7,뉴시스,삼성물산과 제일모직 합병 의혹 등을 수사 중인 검찰이 이재용 삼성전자 부회장을 사흘만에 재소환했다. 29일 검찰에 따르면 서울중앙지검 경제범죄형...,2020-05-29 09:21
"[개장시황] 코스피, 美·中 홍콩보안법 충돌에 하락세",/news/news_read.nhn?article_id=0000540542&office_id=031&mode=search&query=삼성전자&page=7,아이뉴스24,"삼성바이오로직스(2.62%), 셀트리온(1.42%), 삼성SDI(0.97%)는 상승세인 반면 삼성전자 –1.09%, SK하이닉스 –2.50%, NAVER –1.66%, 삼...",2020-05-29 09:26
갤럭시S20+ 日 5G에 추가 투입…공세 강화,/news/news_read.nhn?article_id=0001679631&office_id=016&mode=search&query=삼성전자&page=7,헤럴드경제,"삼성전자가 갤럭시S20플러스 모델을 일본 5세대(G) 스마트폰 시장에 추가 투입한다. 기대작을 잇따라 출시, ‘무주공산’인 일본 5G폰 시장을 ...",2020-05-29 09:27
"코스피 하락 출발…미중 마찰 우려에 장중 2,010대(종합)",/news/news_read.nhn?article_id=0011642186&office_id=001&mode=search&query=삼성전자&page=7,연합뉴스,"시가총액 상위주 가운데선 삼성전자(-1.09%), SK하이닉스(-2.26%) 등 반도체주가 약세를 보였다. 네이버(-1.46%), 카카오(-1....",2020-05-29 09:27
"[TF시황] 코스피, 외인·기관 매도에 하락 중",/news/news_read.nhn?article_id=0000027406&office_id=629&mode=search&query=삼성전자&page=7,더팩트,"시가총액 상위종목은 삼성전자(-1.09%), SK하이닉스(-2.26%), 네이버(-1.46%)가 하락 중이다. 삼성바이오로직스(+2.29%)는 ...",2020-05-29 09:28
"코스피, 美·中 마찰 확대 우려에 내리며 2010선… 코스닥 강보합",/news/news_read.nhn?article_id=0004687767&office_id=277&mode=search&query=삼성전자&page=7,아시아경제,"다만 미 반도체기업 마이크론의 실적 전망치 상향에 따라 반도체 업황 개선 기대감이 반영되면서 삼성전자, SK하이닉스 등 전기전자 업종이 상승하며...",2020-05-29 09:28
대기업을 창업의 산실로…기업집단·CVC 규제 풀어라 [여기는 논설실],/news/news_read.nhn?article_id=0004349796&office_id=015&mode=search&query=삼성전자&page=6,한국경제,"안건준 크루셜텍 대표이자 현 벤처기업협회장을 비롯해 이장규 텔레칩스 대표, 이재원 슈프리마 대표, 이세용 이랜텍 대표, 반호영 네오펙트 대표 등...",2020-05-29 09:32
"[개장] 코스피, 미·중 마찰 확대 영향 하락… 외국인 '팔자' 주도",/news/news_read.nhn?article_id=0000548526&office_id=417&mode=search&query=삼성전자&page=6,머니S,"코스피 시총 1위인 삼성전자(-0.60%)를 비롯해 SK하이닉스(-2.03%), 네이버(-0.62%), 삼성전자우(-0.92%), LG화학(-0...",2020-05-29 09:34
마이크로LED TV 에너지효율등급 표기 면제된다,/news/news_read.nhn?article_id=0000540547&office_id=031&mode=search&query=삼성전자&page=6,아이뉴스24,이에 따라 올해 하반기 가정용 마이크로LED TV를 본격적으로 선보일 것으로 예상되는 삼성전자가 개정안의 혜택을 볼 것으로 전망된다. 삼성전자는...,2020-05-29 09:34
코스피 소폭 하락 2020선 턱걸이…코스닥은 강보합,/news/news_read.nhn?article_id=0004665261&office_id=421&mode=search&query=삼성전자&page=6,뉴스1,"SK하이닉스(-1.79%), 삼성전자우(-1.15%), 삼성전자(-0.60%), 카카오(-0.56%)는 하락했다. 코스닥 지수는 이날 오전 9시...",2020-05-29 09:35
"이재용 부회장, 17시간 조사 후 사흘만에 검찰 재소환",/news/news_read.nhn?article_id=0004584787&office_id=009&mode=search&query=삼성전자&page=6,매일경제,이재용 삼성전자 부회장이 삼성물산-제일모직 합병과 삼성 경영권 승계를 둘러싼 의혹 등과 관련해 검찰에 재차 소환돼 조사 중이다. 29일 업계에 따르면 서울중앙지검...,2020-05-29 09:36
"삼성, 美 직불카드 '삼성머니' 공개…애플·구글카드와 한판승부",/news/news_read.nhn?article_id=0004416697&office_id=008&mode=search&query=삼성전자&page=6,머니투데이,삼성전자가 선불 충전 형태의 직불카드 서비스 '삼성 머니'를 미국에서 공개했다. 29일 삼성전자 미국 뉴스룸에 따르면 삼성전자는 글로벌 핀테크 ...,2020-05-29 09:42
"코스피, 미·중 충돌 우려에 하락...외인·기관 ‘팔자’",/news/news_read.nhn?article_id=0002404550&office_id=119&mode=search&query=삼성전자&page=6,데일리안,"삼성전자(-0.89%)를 비롯해 SK하이닉스(-2.28%), 카카오(-1.50%) 등이 하락세를 보인 반면 삼성바이오로직스(2.62%), 셀트리...",2020-05-29 09:43
"[fn오전시황] 코스피, 외국인·기관 매도에 약보합세",/news/news_read.nhn?article_id=0004433564&office_id=014&mode=search&query=삼성전자&page=6,파이낸셜뉴스,"시가총액 상위 종목 중 삼성전자와 SK하이닉스는 각각 0.79%, 1.91% 하락 중이다. 이에 반해 삼성바이오로직스(1.80%), 삼성SDI(0.97%) 등은 상승하고 ...",2020-05-29 09:43
"""4월 글로벌 스마트폰 판매량 6937만대…전년比 41% 감소""",/news/news_read.nhn?article_id=0009887358&office_id=003&mode=search&query=삼성전자&page=6,뉴시스,"제조사별로 보면 삼성전자의 판매량은 1322만대로 전년 동기 대비 47%, 전월 대비 29% 감소했다. 전 세계 시장 점유율은 19%를 차지했다...",2020-05-29 09:46
불안한 홍콩…투자자들 ‘인버스·레버리지’로 우르르,/news/news_read.nhn?article_id=0001679651&office_id=016&mode=search&query=삼성전자&page=6,헤럴드경제,코스피 200 선물지수를 역추종하는 이 상품은 거래금액도 1조1248억9000만원으로 삼성전자에 이어 전체 2위에 올랐다. ‘KODEX 레버리지...,2020-05-29 09:48
"외신 ""미국 거래소 제미니, 삼성전자와 파트너십 체결"" 外",/news/news_read.nhn?article_id=0004584805&office_id=009&mode=search&query=삼성전자&page=6,매일경제,"5월 29일 코인니스 아침뉴스 브리핑 암호화폐 전문 미디어 코인텔레그래프에 따르면, 최근 미국 암호화폐 거래소 제미니(Gemini)가 공식 성명...",2020-05-29 09:50
"이재용 삼성 부회장, 사흘만에 검찰 재출석",/news/news_read.nhn?article_id=0002404556&office_id=119&mode=search&query=삼성전자&page=6,데일리안,이재용 삼성전자 부회장이 29일 검찰에 재출석해 소환 조사를 받고 있다. 법조계와 재계에 따르면 이 부회장은 이 날 오전 피고발인 신분으로 서울...,2020-05-29 09:54
이재용 檢 재소환에 삼성은 침묵…뉴삼성 차질빚나,/news/news_read.nhn?article_id=0004665333&office_id=421&mode=search&query=삼성전자&page=6,뉴스1,이재용 삼성전자 부회장이 '경영권 승계' 의혹과 관련해 첫 비공개 소환조사를 받은 지 사흘만인 29일 재소환되면서 삼성을 둘러싼 긴장감이 높아지...,2020-05-29 10:01
"이재용 부회장, 검찰 재출석…'삼성합병 의혹' 등 보강조사(종합)",/news/news_read.nhn?article_id=0009887412&office_id=003&mode=search&query=삼성전자&page=6,뉴시스,삼성물산과 제일모직 합병 의혹 등을 수사 중인 검찰이 이재용 삼성전자 부회장을 사흘만에 재소환했다. 29일 검찰에 따르면 서울중앙지검 경제범죄형...,2020-05-29 10:01
"돌아온 ‘장독대 브라운’...갤노트20, 코퍼 색상 나온다",/news/news_read.nhn?article_id=0003745645&office_id=011&mode=search&query=삼성전자&page=6,서울경제,삼성전자(005930)가 하반기 전략 스마트폰 ‘갤럭시 노트20’ 시리즈에 코퍼(구리) 색상 등을 적용하는 것으로 알려졌다. 독일 갤럭시클럽에 ...,2020-05-29 10:03
이재용 부회장 사흘만에 검찰 재출석... 불법 합병의혹,/news/news_read.nhn?article_id=0000548545&office_id=417&mode=search&query=삼성전자&page=6,머니S,이재용 삼성전자 부회장이 사흘만에 다시 검찰 조사를 받는다. 29일 법조계에 따르면 서울중앙지검 경제범죄형사부는 이날 오전 이 부회장을 소환해 ...,2020-05-29 10:07
"[인터뷰] 정민근 딜로이트안진 부회장 관료화된 한공회, 바꾸겠다",/news/news_read.nhn?article_id=0001679687&office_id=016&mode=search&query=삼성전자&page=6,헤럴드경제,국내 1위 대기업인 삼성전자를 기준으로 만들어진 현행 감사기준이 자산 1000억원 미만 중소기업에도 적용돼 비효율적이라는 진단이다. 정 부회장은...,2020-05-29 10:10
"코스피, 외국인·기관 동반 순매도…오전 10시 0.6%↓",/news/news_read.nhn?article_id=0002224558&office_id=123&mode=search&query=삼성전자&page=6,조세일보,"시가총액 1, 2위인 삼성전자와 SK하이닉스도 하락하고 있다. 삼성전자는 전일 종가보다 400원(0.79%) 하락한 5만원에 거래되고 있다. S...",2020-05-29 10:13
"이재용, '17시간 조사' 사흘만에 검찰 재출석…삼성 ""공식 입장 없어""",/news/news_read.nhn?article_id=0009887488&office_id=003&mode=search&query=삼성전자&page=6,뉴시스,이재용 삼성전자 부회장이 삼성물산과 제일모직 합병 의혹 등과 관련해 사흘만에 검찰에 재출석했다. 29일 검찰에 따르면 서울중앙지검 경제범죄형사부...,2020-05-29 10:21
"금융권, 21대 국회에 아무 것도 하지 말아주세요",/news/news_read.nhn?article_id=0001679702&office_id=016&mode=search&query=삼성전자&page=6,헤럴드경제,"삼성생명이 가진 삼성전자 지분은 취득가로는 법정한도인 자산의 3% 미만이지만, 시가로는 8%에 달한다. 절반 이상을 강제로 팔아야 할 수 있다....",2020-05-29 10:22
"이재용 부회장, 사흘만에 검찰 재소환...경영 올스톱 불안감(종합)",/news/news_read.nhn?article_id=0002404570&office_id=119&mode=search&query=삼성전자&page=5,데일리안,이재용 삼성전자 부회장이 29일 검찰에 재출석해 소환 조사를 받고 있다. 지난 26일 검찰에 소환돼 17시간 동안 조사를 받았던 것에 이은 두 ...,2020-05-29 10:28
이재용 3일만에 재소환… 합병의혹 조만간 결론(종합),/news/news_read.nhn?article_id=0000548560&office_id=417&mode=search&query=삼성전자&page=5,머니S,이재용 삼성전자 부회장이 29일 검찰에 재소환됐다. 지난 26일 검찰조사를 받고 27일 새벽 귀가한 뒤 3일만에 다시 불려간 것. 29일 법조계...,2020-05-29 10:30
"5만원 지지선 확보한 삼성전자, 향후 어디까지?",/news/news_read.nhn?article_id=0001679729&office_id=016&mode=search&query=삼성전자&page=5,헤럴드경제,삼성전자 주가가 5만원대에 복귀하면서 이제 관건은 향후 향방에 쏠린다. 코로나19 사태를 딛고 서버·PC 등의 반도체 수요가 회복되면서 3분기부터 실적 개선이...,2020-05-29 10:38
"삼성전자, 외국인 39만 5695주 순매수… 주가 -0.79%",/news/news_read.nhn?article_id=0004687916&office_id=277&mode=search&query=삼성전자&page=5,아시아경제,삼성전자는 29일 오전 10시 31분 현재 전일보다 0.79% 내린 5만 원에 거래되고 있다. 이는 지난 5월 15일 대비 4.49% 상승한 수...,2020-05-29 10:45
재택근무 카드 꺼낸 최태원·신동빈 회장…재계 확산하나,/news/news_read.nhn?article_id=0000540588&office_id=031&mode=search&query=삼성전자&page=5,아이뉴스24,앞서 삼성전자는 정부가 지난 6일 생활 방역으로 전환한 뒤에도 예방조치를 완화하지 않은 만큼 기존 수준대로 직원들의 안전에 온 힘을 쏟고 있다....,2020-05-29 10:50
"홍콩보안법發 '미중 갈등' 고조…코스피, 장중 2000선 위협",/news/news_read.nhn?article_id=0004349936&office_id=015&mode=search&query=삼성전자&page=5,한국경제,삼성전자(0.60%) SK하이닉스(2.62%) 네이버(2.49%) 카카오(2.25%) 등이 내리고 있다. 반면 삼성바이오로직스(1.15%) 셀트...,2020-05-29 11:02
코로나 위기 속 돋보인 韓-中 외교…경제협력 ‘물살’,/news/news_read.nhn?article_id=0000212582&office_id=374&mode=search&query=삼성전자&page=5,SBS CNBC,"지난 18일 이재용 삼성전자 부회장과 만난 후허핑 산시성 당서기는 ""삼성과 메모리 반도체, 배터리, 바이오 분야에서 협력을 강화할 수 있다""고 ...",2020-05-29 11:02
"검찰, 이재용 삼성 부회장 사흘 만에 재소환",/news/news_read.nhn?article_id=0003026904&office_id=241&mode=search&query=삼성전자&page=5,일간스포츠,삼성물산-제일모직 합병과 삼성 경영권 승계를 둘러싼 의혹을 수사하는 검찰이 29일 이재용 삼성전자 부회장을 재소환했다. 서울중앙지검 경제범죄형사...,2020-05-29 11:02
네이버·카카오 이유있는 주가 강세,/news/news_read.nhn?article_id=0004687945&office_id=277&mode=search&query=삼성전자&page=5,아시아경제,삼성전자는 2분기 영업이익이 3.77% 감소한 6조3480억원을 기록할 것으로 예상되며 한 달 전에 비해 11.78% 하향 조정됐다. SK하이닉스는 2분기 영업이익이......,2020-05-29 11:03
[데스크칼럼]카톡과 자동차,/news/news_read.nhn?article_id=0004687962&office_id=277&mode=search&query=삼성전자&page=5,아시아경제,"부동의 1위 삼성전자를 제외하면 LG화학과 현대차 정도만 남아있다. 현대차는 그날의 등락에 따라 10위권에서 탈락하기도 한다. 대신 삼성바이오로직스, 네이버...",2020-05-29 11:13
"""장투→한방→장투→한방""···개미들의 끝없는 변심",/news/news_read.nhn?article_id=0003745730&office_id=011&mode=search&query=삼성전자&page=5,서울경제,반면 그동안 꾸준히 사모았던 삼성전자(005930) 주식은 주가가 5만원을 넘어서면서 대거 내다 팔고 있다. 대신증권에 따르면 최근 한 달간 개...,2020-05-29 11:26
"뛰는 동학개미, 나는 원정개미",/news/news_read.nhn?article_id=0004687997&office_id=277&mode=search&query=삼성전자&page=5,아시아경제,"그나마 개인 순매수 2, 4, 5위인 삼성전자(1조1249억원)와 SK하이닉스(4363억원), 현대차(3523억원)가 각각 10.04%, 7.0...",2020-05-29 11:26
"사흘만에 또 소환, 무리한 수사",/news/news_read.nhn?article_id=0001679808&office_id=016&mode=search&query=삼성전자&page=5,헤럴드경제,이재용 삼성전자 부회장이 29일 오전 검찰에 재소환되자 재계 전반에 검찰의 무리한 수사에 대한 비판의 목소리가 높아지고 있다. 중국의 홍콩보안법 통과 등으로...,2020-05-29 11:30
'초격차 삼성' 반도체 인력 역대 최대,/news/news_read.nhn?article_id=0004688012&office_id=277&mode=search&query=삼성전자&page=5,아시아경제,삼성전자의 반도체 분야 인력이 올해 1분기 5만5000명을 돌파하며 역대 최다를 기록했다. 글로벌 초격차 전략을 위한 인재 영입 강화 움직임으로...,2020-05-29 11:33
‘G2’ 갈등에 불안한 홍콩…투자자들 ‘인버스·레버리지’로 우르르,/news/news_read.nhn?article_id=0001679827&office_id=016&mode=search&query=삼성전자&page=5,헤럴드경제,코스피 200 선물지수를 역추종하는 이 상품은 거래금액도 1조1248억9000만원으로 삼성전자에 이어 전체 2위에 올랐다. ‘KODEX 레버리지’는 전일 대비 29.68....,2020-05-29 11:33
"관료화된 조직문화, 협의구조 만들것정민근 부회장의 한공회장 출사표",/news/news_read.nhn?article_id=0001679833&office_id=016&mode=search&query=삼성전자&page=5,헤럴드경제,국내 1위 대기업인 삼성전자를 기준으로 만들어진 현행 감사기준이 자산 1000억원 미만 중소기업에도 적용돼 비효율적이라는 진단이다. 정 부회장은...,2020-05-29 11:34
"‘5만원 리터치’ 삼성전자, 상승세 어디까지?",/news/news_read.nhn?article_id=0001679836&office_id=016&mode=search&query=삼성전자&page=5,헤럴드경제,삼성전자 주가가 5만원대에 복귀하면서 이제 관건은 향후 향방에 쏠린다. 코로나19 사태를 딛고 서버·PC 등의 반도체 수요가 회복되면서 3분기부...,2020-05-29 11:35
코로나·미중분쟁 악재 속 재소환 된 이재용…삼성 다시 '시계제로',/news/news_read.nhn?article_id=0004665669&office_id=421&mode=search&query=삼성전자&page=5,뉴스1,이재용 삼성전자 부회장(51)이 경영권 승계 의혹과 관련해 검찰 조사를 받은 뒤 사흘만인 29일 재소환되면서 삼성그룹 안팎의 긴장감이 높아지고 ...,2020-05-29 11:40
"검찰, 이재용 부회장 사흘 만에 재소환…수사 막바지",/news/news_read.nhn?article_id=0000212586&office_id=374&mode=search&query=삼성전자&page=5,SBS CNBC,검찰이 이재용 삼성전자 부회장을 사흘 만에 검찰에 다시 소환했습니다. 이번 주에만 두 번째인데요. 1년 6개월가량 진행돼온 삼성 합병과 경영권 ...,2020-05-29 11:49
"'4년 전 가격' 아이폰12, 10월부터 순차 출시 전망",/news/news_read.nhn?article_id=0004651564&office_id=018&mode=search&query=삼성전자&page=5,이데일리,고급형 모델인 아이폰12 프로 시리즈는 스테인리스 스틸 재질에 삼성전자(005930) OLED 디스플레이가 탑재될 것으로 예상된다. 120헤르츠...,2020-05-29 11:52
"코로나19 여파, 광공업 생산 11년 만에 큰 폭으로 줄어",/news/news_read.nhn?article_id=0000212587&office_id=374&mode=search&query=삼성전자&page=4,SBS CNBC,"◇ 검찰, 이재용 부회장 사흘 만에 재소환 검찰이 오늘(29일) 오전 이재용 삼성전자 부회장을 다시 소환했습니다. 이 부회장은 지난 26일 검찰...",2020-05-29 11:53
미중 IT전쟁 승부 한국이 결정한다…이유는?,/news/news_read.nhn?article_id=0004665705&office_id=421&mode=search&query=삼성전자&page=4,뉴스1,게다가 정치적으로도 한국이 북한을 견제하기 위해 중국에 크게 의존하고 있기 때문에 중국과의 관계가 어긋나면 삼성전자의 사업에도 큰 타격을 받게 ...,2020-05-29 11:54
"[TF시황] 코스피, 외인·기관 매도에 '약보합'",/news/news_read.nhn?article_id=0000027445&office_id=629&mode=search&query=삼성전자&page=4,더팩트,"시가총액 상위 종목은 삼성전자(-0.60%) SK하이닉스(-2.26%), 네이버(-3.12%)가 하락 중이다. 반면 삼성바이오로직스(+1.31%...",2020-05-29 11:56
"[정오 시황] 코스피 2027.38, 하락세(▼1.16, -0.06%) 지속",/news/news_read.nhn?article_id=0003745752&office_id=011&mode=search&query=삼성전자&page=4,서울경제,"종목별로는 삼성전자가 0.40% 내린 5만 0200원에 거래되는 가운데, 에이프로젠제약(003060)(-7.61%), 대양금속(009190)(-...",2020-05-29 12:05
"이재용 등 삼성 임원 1년간 38번 檢소환…""한달에 3번꼴""",/news/news_read.nhn?article_id=0004665822&office_id=421&mode=search&query=삼성전자&page=4,뉴스1,검찰은 가장 최근에는 총수인 이재용 삼성전자 부회장을 1주일새 두차례나 소환하며 수사의 고삐를 죄고 있다. 지난해 4월 고한승 삼성바이오에피스 ...,2020-05-29 13:01
"김지형 삼성 준법위원장 ""김용희 합의 성사 애쓰신 분들께 감사""",/news/news_read.nhn?article_id=0004416863&office_id=008&mode=search&query=삼성전자&page=4,머니투데이,김씨가 고공농성 마치는 것은 354일 만이다. 이재용 삼성전자 부회장은 삼성 준법감시위의 요구에 따라 이달 7일 대국민사과에서 노조 문제 등에 ...,2020-05-29 13:48
코스피 소폭 하락 2010선…美 시간외 선물 하락,/news/news_read.nhn?article_id=0004665934&office_id=421&mode=search&query=삼성전자&page=4,뉴스1,"이밖에 SK하이닉스(2.86%), 삼성전자우(1.26%), 삼성전자(0.79%) 등 반도체 관련주도 하락했다. 코스닥지수는 이날 오후 1시35분...",2020-05-29 13:48
대만계 팹리스 CEO와 TSMC에 낀 삼성,/news/news_read.nhn?article_id=0003745786&office_id=011&mode=search&query=삼성전자&page=4,서울경제,삼성전자와 TSMC 간 파운드리 수주 경쟁에서 자주 등장하는 미국 팹리스가 있다. 바로 그래픽처리장치(GPU) 최강자인 엔비디아와 이를 쫓는 A...,2020-05-29 13:56
삼성 갤럭시 스마트폰으로 가상자산 거래한다,/news/news_read.nhn?article_id=0004433742&office_id=014&mode=search&query=삼성전자&page=4,파이낸셜뉴스,삼성전자의 갤럭시 스마트폰으로 가상자산을 사고팔거나 담보로 맡겨 놓고 이자를 받는 등 다양한 가상자산 거래를 할 수 있게 된다. 삼성전자가 글로...,2020-05-29 14:00
"검찰, 이재용 삼성전자 부회장 재소환…사흘 만에 다시 조사",/news/news_read.nhn?article_id=0000078710&office_id=310&mode=search&query=삼성전자&page=4,여성신문,"이 부회장 ""보고, 지시 없다"" 혐의 전면 부인 검찰, 다음달 중 신병처리 여부 결정 이재용(52) 삼성전자 부회장이 29일 검찰에 재출석해 소...",2020-05-29 14:15
"돌아온 '아재 브라운'…삼성, 갤노트20에 '코퍼' 입힌다",/news/news_read.nhn?article_id=0000874486&office_id=215&mode=search&query=삼성전자&page=4,한국경제TV,삼성전자가 하반기 출시할 전략 스마트폰 '갤럭시 노트20' 시리즈에 코퍼(구리) 색상 등을 적용하는 것으로 알려졌다. 현지시간 28일 독일 갤럭...,2020-05-29 14:20
김지형 삼성 준법위원장 김용희씨 합의 성사 애쓰신 분들께 감사,/news/news_read.nhn?article_id=0003094709&office_id=081&mode=search&query=삼성전자&page=4,서울신문,삼성 준법감시위원회의 권고에 따라 이재용 삼성전자 부회장이 지난 7일 대국민사과를 한 지 한달도 안 돼 김씨의 농성 문제가 해결되자 감사의 표시...,2020-05-29 14:21
"김지형 삼성준법감시위원장""삼성-김용희 합의 성사 애쓴 분들께 감사""",/news/news_read.nhn?article_id=0004688139&office_id=277&mode=search&query=삼성전자&page=4,아시아경제,24년 넘게 투쟁을 이어오던 김씨는 지난해 6월 삼성전자 서초사옥 인근인 강남역 폐쇄회로(CC)TV 철탑 위로 올라갔다. 그는 고공농성을 하는 ...,2020-05-29 14:24
"김지형 삼성 준법감시위원장, 김용희 합의 성사 애쓰신 분들께 감사",/news/news_read.nhn?article_id=0001679923&office_id=016&mode=search&query=삼성전자&page=4,헤럴드경제,24년 넘게 투쟁을 이어오던 김씨는 회사에 계속 다녔다면 정년을 맞았을 지난해 7월 10일을 한 달 앞두고 삼성전자 서초사옥 인근인 강남역 CC...,2020-05-29 14:37
"삼성 해고노동자 김용희, 강남역 '철탑 농성' 접는다",/news/news_read.nhn?article_id=0003365866&office_id=079&mode=search&query=삼성전자&page=4,노컷뉴스,"앞서 삼성전자 이재용 부회장은 지난 6일 '대국민 사과'를 통해 ""삼성의 노사 문화는 시대의 변화에 부응하지 못했다""며 ""이제 더 이상 삼성에서...",2020-05-29 14:44
"코로나·美中갈등·日보복에 '총수 공백' 우려까지...재계 ""삼성 위기 우려된다""",/news/news_read.nhn?article_id=0004433808&office_id=014&mode=search&query=삼성전자&page=4,파이낸셜뉴스,검찰이 삼성바이오로직스 분식회계 의혹과 관련해 이재용 삼성전자 부회장에 대해 잇단 소환 조사를 벌이면서 재계의 우려가 깊어지고 있다. 경제 전문...,2020-05-29 14:47
"코스피, 코로나 치료제 기대감에 상승 전환…2038선까지",/news/news_read.nhn?article_id=0004651655&office_id=018&mode=search&query=삼성전자&page=4,이데일리,"삼성바이오로직스(207940)가 2% 가깝게, 셀트리온(068270)이 1% 미만으로 상승 중인 가운데 삼성전자(005930) LG화학(051910) 삼성SDI(00640...",2020-05-29 14:48
"5월도 外人 웃었다… 코스피 수익률, 개인·기관의 2배",/news/news_read.nhn?article_id=0002429804&office_id=021&mode=search&query=삼성전자&page=4,문화일보,같은 기간 개인 투자자는 코스피 시장에서 3조5937억 원 순매수했다. 개인 순매수 1위 종목은 지난 4월에 이어 이달에도 삼성전자(6881억 ...,2020-05-29 14:51
"내일 `반포3주구` 운명의 날, 삼성 vs 대우 승자는?",/news/news_read.nhn?article_id=0004585057&office_id=009&mode=search&query=삼성전자&page=4,매일경제,"삼성은 삼성전자, 삼성SDS, 삼성물산 리조트부문, 에스원, 삼성웰스토리 등 그룹 계열사의 기술력을 총동원해 특화 설계 및 시스템을 제공할 방침...",2020-05-29 14:54
반도체 경기 다시 꺾이나.. D램 현물가 급락에 울상짓는 투자자들,/news/news_read.nhn?article_id=0003745851&office_id=011&mode=search&query=삼성전자&page=4,서울경제,삼성전자(005930)와 SK하이닉스(000660)가 각각 3.3%와 4.3%씩 매출이 줄었으며 미국 마이크론의 매출 감소율은 11.1%에 달한...,2020-05-29 15:08
"김지형 삼성 준법위원장 ""김용희씨 합의 애쓴분들께 감사""",/news/news_read.nhn?article_id=0004666321&office_id=421&mode=search&query=삼성전자&page=3,뉴스1,경남 지역 삼성 노조 설립위원장으로 활동했다는 이유로 1995년 5월 해고된 김씨는 지난해 6월10일부터 삼성전자 서초사옥 앞인 강남역 사거리 ...,2020-05-29 15:13
하반기 15개 종목 쏠림현상 나타난다?…액티브가 이길 것,/news/news_read.nhn?article_id=0004350194&office_id=015&mode=search&query=삼성전자&page=3,한국경제,"한국에서는 LG화학, 천보, 네이버, 카카오, 엔씨소프트, 더존비즈온, 셀트리온헬스케 어, 유한양행, SK텔레콤, LG유플러스, GS리테일, LG생활건강, NHN, 삼성전...",2020-05-29 15:31
"[마감시황]코스피 2,020선 소폭 상승 마감",/news/news_read.nhn?article_id=0003745890&office_id=011&mode=search&query=삼성전자&page=3,서울경제,시가총액 상위 종목 중에서는 삼성전자(005930)는 0.60% 상승했고 SK하이닉스(000660)는 2.86% 하락했다. 삼성바이오로직스(20...,2020-05-29 15:41
"코스피, 미중 갈등 우려에 게걸음…2020선 강보합 마감",/news/news_read.nhn?article_id=0004585110&office_id=009&mode=search&query=삼성전자&page=3,매일경제,"시가총액 상위 종목들 가운데 삼성전자, 삼성바이오로직스, 셀트리온, LG화학, 현대차, 현대모비스 등이 상승했고 SK하이닉스, NAVER, 카카...",2020-05-29 15:47
[코스피 마감] 2029선 강보합…미중 갈등·치료제 기대감 혼재,/news/news_read.nhn?article_id=0004651734&office_id=018&mode=search&query=삼성전자&page=3,이데일리,"삼성전자(005930), LG화학(051910)이 1% 미만으로 올랐다. NAVER(035420)가 6.03%, 카카오(035720)가 1.31...",2020-05-29 15:53
"IBM 출신 블록체인 헬스케어 전문가, 삼성전자 블록체인 개발 이끈다",/news/news_read.nhn?article_id=0004433862&office_id=014&mode=search&query=삼성전자&page=3,파이낸셜뉴스,삼성전자가 블록체인·가상자산 사업수장으로 IBM 출신 임원을 영입했다. 삼성전자 무선사업부에서 임시조직으로 운영하던 블록체인 태스크포스(TF)를...,2020-05-29 15:58
"코스피, '개인 强매수세'에 소폭 상승 마감",/news/news_read.nhn?article_id=0002404689&office_id=119&mode=search&query=삼성전자&page=3,데일리안,"하지만 NAVER(-6.03%), 삼성전자우(-1.49%), 카카오(-1.31%) 등은 하락하며 혼조세를 보였다. 코스닥도 상승으로 마감했다. ...",2020-05-29 16:00
"삼성 ""김용희씨 상황 해결 다행…겸허한 자세로 사회와 소통""",/news/news_read.nhn?article_id=0004666481&office_id=421&mode=search&query=삼성전자&page=3,뉴스1,"1995년 5월, 경남 지역 삼성 노조 설립위원장으로 활동했다는 이유로 해고된 김용희씨는 지난해 6월10일부터 삼성전자 서초사옥 앞 강남역 사거...",2020-05-29 16:00
"삼성, 김용희씨 농성문제 합의…""겸허한 자세로 사회와 소통하겠다""",/news/news_read.nhn?article_id=0004688262&office_id=277&mode=search&query=삼성전자&page=3,아시아경제,대해 이재용 삼성전자 부회장이 직접 입장을 밝히라고 요구한 바 있다. 이 부회장은 준법감시위의 요구에 따라 이달 7일 대국민사과를 통해 이에 대...,2020-05-29 16:00
"삼성해고자 김용희, 고공농성 중단…삼성 ""겸허하게 소통""",/news/news_read.nhn?article_id=0000874536&office_id=215&mode=search&query=삼성전자&page=3,한국경제TV,24년 넘게 투쟁을 이어오던 김씨는 회사에 계속 다녔다면 정년을 맞았을 지난해 7월 10일을 한달 앞두고 삼성전자 서초사옥 인근인 강남역 CCT...,2020-05-29 16:00
"""시민 생명·안전이 무엇보다 중요"" 삼성 농성 해결 입장",/news/news_read.nhn?article_id=0000027478&office_id=629&mode=search&query=삼성전자&page=3,더팩트,"삼성전자는 29일 입장문을 내고 ""전날(28일) 김 씨의 농성 문제가 양측의 합의에 의해 최종 타결됐다""며 ""회사는 김 씨에게 문제를 조속히 해...",2020-05-29 16:00
"[마감시황]코스피, 2030선 앞두고 강보합 마감…막판 상승 반전",/news/news_read.nhn?article_id=0009888420&office_id=003&mode=search&query=삼성전자&page=3,뉴시스,"대장주 삼성전자는 전 거래일 대비 300원(0.60%) 오른 5만700원에 거래를 마쳤다. 삼성바이오로직스(1.80%), 셀트리온(1.18%),...",2020-05-29 16:00
삼성 '해고노동자'와 합의…강남역 철탑서 1년 만에 내려왔다,/news/news_read.nhn?article_id=0004417012&office_id=008&mode=search&query=삼성전자&page=3,머니투데이,등 요구안 전부에 대해 합의에 성공했다. 앞서 이재용 삼성전자 부회장은 삼성 준법감시위원회의 요구에 따라 이달 7일 대국민사과에서 노조 문제 등...,2020-05-29 16:00
"삼성, 해고노동자 김용희에 사과…고공농성 중단 ‘합의’",/news/news_read.nhn?article_id=0002404690&office_id=119&mode=search&query=삼성전자&page=3,데일리안,삼성전자가 해고노동자 김용희(61)씨에게 공식 사과했다. 삼성전자는 29일 입장문을 통해 “김용희씨의 농성 문제가 양측 합의에 의해 전날 최종 ...,2020-05-29 16:00
"삼성, 355일 만에 끝난 철탑농성 사과…조속히 해결하지 못했다",/news/news_read.nhn?article_id=0003094750&office_id=081&mode=search&query=삼성전자&page=3,서울신문,24년 넘게 투쟁을 이어오던 김씨는 회사에 계속 다녔다면 정년을 맞았을 지난해 7월 10일을 한 달 앞두고 삼성전자 서초사옥 인근인 강남역 CC...,2020-05-29 16:01
삼성 해고노동자 고공농성 355일 만에 풀었다,/news/news_read.nhn?article_id=0001326536&office_id=005&mode=search&query=삼성전자&page=3,국민일보,이재용 삼성전자 부회장의 대국민 사과 이후 23일 만에 이뤄진 성과다. 삼성전자는 29일 입장문을 내고 “김씨의 농성 문제가 양측의 합의에 의해...,2020-05-29 16:01
"삼성 ""해고노동자 김용희씨와 농성문제 합의"" 입장 발표",/news/news_read.nhn?article_id=0000530919&office_id=366&mode=search&query=삼성전자&page=3,조선비즈,김씨는 지난해 6월부터 삼성전자 서초사옥 인근 강남역 CCTV 철탑 위로 올라가 고공농성을 이어왔다. 고공농성 중 세 차례 단식 농성을 병행하기...,2020-05-29 16:01
"삼성, 해고노동자 김용희씨와 합의…""사과의 뜻 밝힌다""",/news/news_read.nhn?article_id=0004433863&office_id=014&mode=search&query=삼성전자&page=3,파이낸셜뉴스,앞서 지난 6일 이재용 부회장은 대국민 사과에서 노사문제에 대해 “삼성의 노사문제는 시대 변화에 부응하지 못했다”면서 “최근 삼성에버랜드와 삼성...,2020-05-29 16:01
"삼성, ""고공농성 김용희씨 최종 타결..겸허한 자세로 소통""",/news/news_read.nhn?article_id=0004651751&office_id=018&mode=search&query=삼성전자&page=3,이데일리,또 지난해 6월부터는 삼성전자 서초사옥 인근 강남역 CCTV 철탑 위에 올라가 세 차례 단식 농성을 병행하며 고공농성을 지속해왔다. 김용희씨가 ...,2020-05-29 16:01
삼성 김용희 씨 농성 문제 최종타결…늦어진 점 사과,/news/news_read.nhn?article_id=0010843543&office_id=056&mode=search&query=삼성전자&page=3,KBS,"삼성전자는 기자들에게 보낸 입장문에서 ""김용희 씨 농성 문제가 합의에 의해 어제(28일) 최종 타결됐다""고 했습니다. 이어 ""김용희 씨에게 문제...",2020-05-29 16:02
[시황종합] 코스피 강보합 2029.6…삼성전자↑ 네이버·카카오↓,/news/news_read.nhn?article_id=0004666491&office_id=421&mode=search&query=삼성전자&page=2,뉴스1,"셀트리온(1.81%), 삼성바이오로직스(1.80%), 삼성전자(0.60%), LG화학(0.51%)은 상승한 반면 네이버(6.03%), SK하이닉...",2020-05-29 16:03
묵은 난제 속속 해결해내는 삼성... 이재용發 변화 ‘가속’,/news/news_read.nhn?article_id=0003469944&office_id=022&mode=search&query=삼성전자&page=2,세계일보,"실제 삼성은 2018년 반도체 피해자 시민단체 ‘반올림’과 11년 만의 중재 합의, 삼성전자서비스 수리기사 직접고용 합의에 이어 최근에는 노조 ...",2020-05-29 16:04
"[마감시황] 코스피, 기관 매물 축소에 반등 성공…강보합",/news/news_read.nhn?article_id=0000540656&office_id=031&mode=search&query=삼성전자&page=2,아이뉴스24,"삼성전자(0.60%), 삼성바이오로직스(1.80%), 셀트리온(1.18%), LG화학(0.51%)이 상승한 반면 SK하이닉스 –2.86%, NAVER –6.03%, 삼성전...",2020-05-29 16:05
25년만에 '해고자 합의'…해묵은 난제 속속 해결하는 삼성,/news/news_read.nhn?article_id=0004666496&office_id=421&mode=search&query=삼성전자&page=2,뉴스1,특히 해고자 복직은 이달초 이재용 삼성전자 부회장이 '대국민 사과'를 한 이후 일어난 변화라는 점에서 재계의 주목을 받고 있다. 29일 삼성은 ...,2020-05-29 16:06
"[TF시황] 코스피, 개인 매수에 소폭 상승…2029선 마감",/news/news_read.nhn?article_id=0000027482&office_id=629&mode=search&query=삼성전자&page=2,더팩트,"시가총액 상위종목은 삼성전자(+0.60%), 삼성바이오로직스(+1.80%), 셀트리온(+1.18%), LG화학(+0.51%)이 올랐다. 반면 S...",2020-05-29 16:06
"[마켓뷰] 코스피, 코로나 치료제 기대로 소폭 상승",/news/news_read.nhn?article_id=0000530922&office_id=366&mode=search&query=삼성전자&page=2,조선비즈,"종목별로는 NAVER(035420), 카카오(035720), SK하이닉스(000660)가 하락했고, 삼성바이오로직스(207940), 셀트리온(0...",2020-05-29 16:10
"삼성 ""김용희 씨에게 사과...안타까운 상황 해결돼 다행""",/news/news_read.nhn?article_id=0001446101&office_id=052&mode=search&query=삼성전자&page=2,YTN,이번 합의를 두고 이재용 삼성전자 부회장이 지난 6일 대국민 사과 때 소통 의지를 강조한 이후 삼성 측이 난제 해결에 적극적인 자세로 나섰다는 해석이 나오고...,2020-05-29 16:14
"코스피, 외국인 '팔자' 불구 소폭 반등…증권·보험주 3%대 하락",/news/news_read.nhn?article_id=0002224595&office_id=123&mode=search&query=삼성전자&page=2,조세일보,시가총액 1위인 삼성전자는 전날보다 300원(0.60%) 오른 5만700원에 거래를 마쳤다. 2위인 SK하이닉스는 2400원(2.86%) 하락한...,2020-05-29 16:14
해고노동자 고공농성 해제…이재용 대국민 사과 후 첫 성과(종합),/news/news_read.nhn?article_id=0011643624&office_id=001&mode=search&query=삼성전자&page=2,연합뉴스,"2018년 4월 삼성전자서비스 간접고용 협력사 직원을 직접 고용한다고 발표했고, 그해 11월에는 2007년 기흥사업장 노동자 황유미씨가 숨지면서...",2020-05-29 16:19
"삼성 ""해고노동자에 사과···사회 소통 힘쓸것""",/news/news_read.nhn?article_id=0003745958&office_id=011&mode=search&query=삼성전자&page=2,서울경제,"재계에서는 이번 합의가 이재용 삼성전자 부회장이 이달 6일 경영권 승계, 노조, 시민사회와의 소통 문제에 대해 대국민 사과를 한 뒤 나온 구체적...",2020-05-29 16:23
"삼성, 김용희씨와 합의 타결…""고공농성 중단 뒤늦게나마 다행""",/news/news_read.nhn?article_id=0001041274&office_id=214&mode=search&query=삼성전자&page=2,MBC,"해고당했다며 그동안 삼성을 상대로 명예복직 투쟁을 별였고, 지난해 7월 10일부터는 삼성전자 서초사옥 인근의 강남역 CCTV 철탑 위로 올라가 ...",2020-05-29 16:29
"[마감] 코스피, 미·중 갈등에도 개인 '사자' 행렬… 소폭상승",/news/news_read.nhn?article_id=0000548822&office_id=417&mode=search&query=삼성전자&page=2,머니S,"삼성전자(0.60%), 삼성바이오로직스(1.80%), 셀트리온(1.18%), LG화학(0.51%)이 상승했고, SK하이닉스(-2.86%), 네이...",2020-05-29 16:31
"[TF매매동향] 외국인, '삼성전자' 사고 '네이버' 팔았다",/news/news_read.nhn?article_id=0000027487&office_id=629&mode=search&query=삼성전자&page=2,더팩트,삼성전자 1782억 원 매수·네이버 1684억 원 매도 29일 코스피는 개인이 매수세로 전환한 가운데 외국인과 기관은 동반 매도로 전환하며 강보...,2020-05-29 16:31
"코스피, 미중 마찰에도 백신 기대감에 강보합…2,029.60 마감",/news/news_read.nhn?article_id=0000874543&office_id=215&mode=search&query=삼성전자&page=2,한국경제TV,"코스피 시가총액 상위 종목에선 삼성전자(0.60%)가 5거래일 연속 상승했다. 삼성바이오로직스(1.80%)와 셀트리온(1.18%), LG화학(0...",2020-05-29 16:40
'중계무역 기지' 홍콩 관세폭탄땐 韓수출 휘청···금융도 비상,/news/news_read.nhn?article_id=0003745970&office_id=011&mode=search&query=삼성전자&page=2,서울경제,"철강제품, 플라스틱 등에서 반사이익이 기대되기 때문이다. 스마트폰, 통신장비 시장 등 삼성전자가 강점이 있는 분야에서도 추가적인 점유율 확대가 ...",2020-05-29 16:44
"[생생경제] 주식, 곡소리나는 조정은 없을 것, 홍춘욱, 황세운의 주식 시장 전망",/news/news_read.nhn?article_id=0001446117&office_id=052&mode=search&query=삼성전자&page=2,YTN,"그런데 조금 제가 연구위원님 말씀에 조금 더 첨언을 해드리자면, 우리나라 동학개미들이 샀던 종목들을 봤더니 1등이 삼성전자, 2등이 현대차를 사...",2020-05-29 16:54
"삼성, 고공농성 해고노동자와 합의…""문제 조속히 해결하지 못해 죄송""",/news/news_read.nhn?article_id=0000298479&office_id=448&mode=search&query=삼성전자&page=2,TV조선,삼성전자가 서울 강남역 사거리 교통 폐쇄회로TV 철탑 위에서 복직을 요구하며 농성 중인 삼성해고노동자 김용희(61)씨와 28일 합의했다. 이로써...,2020-05-29 16:59
"국내외 경제 심각한데 총수 반복 소환..학계·재계 ""삼성 위기 우려된다"" 의견",/news/news_read.nhn?article_id=0004433902&office_id=014&mode=search&query=삼성전자&page=2,파이낸셜뉴스,검찰이 삼성바이오로직스 분식회계 의혹과 관련해 이재용 삼성전자 부회장에 대해 잇단 소환 조사를 벌이면서 재계의 우려가 깊어지고 있다. 경제 전문가들은 이...,2020-05-29 17:11
"""하반기 증시, LG화학 등 15종목이 주도""",/news/news_read.nhn?article_id=0004350304&office_id=015&mode=search&query=삼성전자&page=2,한국경제,"한국에서는 LG화학, 천보, 네이버, 카카오, 엔씨소프트, 더존비즈온, 셀트리온헬스케어, 유한양행, SK텔레콤, LG유플러스, GS리테일, LG...",2020-05-29 17:14
"[fn이사람]박수연 써니파이브 이사 ""물·공기 사는데 햇빛은?""… 벤처사업 뛰어든...",/news/news_read.nhn?article_id=0004433919&office_id=014&mode=search&query=삼성전자&page=2,파이낸셜뉴스,자연광에 준하는 햇빛 관련 조명 개발을 하고 있는 써니파이브는 삼성전자 사내벤처로 시작해 이달 중순 분사에 성공했다. 박 이사는 아이디어 구상부...,2020-05-29 17:15
"삼성, ‘고공농성’ 김용희 씨와 분쟁 합의…조속해결 못한 점 사과",/news/news_read.nhn?article_id=0003289019&office_id=020&mode=search&query=삼성전자&page=1,동아일보,이재용 삼성전자 부회장이 6일 승계 문제 등 삼성을 둘러싼 논란에 대해 ‘대국민 사과문’을 발표하고 변화를 다짐한 뒤 나온 첫 사회적 분쟁 합의...,2020-05-29 17:16
"삼성SDI+현대차, 삼성전자+이마트…삼성發 '신협력시대'",/news/news_read.nhn?article_id=0004350351&office_id=015&mode=search&query=삼성전자&page=1,한국경제,정 수석부회장은 이재용 삼성전자 부회장과 만나 차세대 전기자동차 배터리 사업 협력 방안을 논의했다. 삼성종합기술원은 최근 1회 충전으로 800㎞...,2020-05-29 17:45
코로나·檢수사에 미·중 분쟁까지…삼성전자 `첩첩산중`,/news/news_read.nhn?article_id=0004585265&office_id=009&mode=search&query=삼성전자&page=1,매일경제,격화되면서 삼성전자가 처한 불확실성이 더욱 커지고 있다. 미국이 이미 중국 화웨이에 시스템반도체(모바일AP) 공급을 제한하는 취지의 규제를 내놓...,2020-05-29 17:45
삼성 서초사옥 ‘고공농성’ 김용희씨… 354일만에 땅으로,/news/news_read.nhn?article_id=0000548852&office_id=417&mode=search&query=삼성전자&page=1,머니S,지난해 6월10일부터 삼성전자 서초 사옥 앞 사거리에서 고공농성을 진행하던 김용희씨가 고공농성을 중단한다. 김씨는 29일 오후 6시 지상으로 내...,2020-05-29 17:50
"삼성전기, 특별관계자 지분변동",/news/news_read.nhn?article_id=0001326601&office_id=005&mode=search&query=삼성전자&page=1,국민일보,"삼성전기는 삼성전자 및 특별관계자의 지분율이 23.89%에서 23.88%로 변동했다고 29일 공시했다. 한편, 삼성전기는 장 마감 이후 해당 기...",2020-05-29 17:53
"""혼자 다 할 수는 없다""…대기업, 스타트업 키워 新사업 속도·효율 높인다",/news/news_read.nhn?article_id=0004350366&office_id=015&mode=search&query=삼성전자&page=1,한국경제,삼성전자는 사내 직원들이 창업한 스타트업 지원에 초점을 맞추고 있다. 최근 5개 사내 스타트업이 삼성전자의 사내 프로그램 C랩을 거쳐 독립했다. 대기업이...,2020-05-29 17:53
기세 좋던 서버용D램 가격 주춤.. '반도체 경기'마저 꺾이나,/news/news_read.nhn?article_id=0003746019&office_id=011&mode=search&query=삼성전자&page=1,서울경제,삼성전자(005930)와 SK하이닉스(000660) 등의 D램 공급사들은 제품 생산 수율 향상으로 올 하반기에는 D램 공급량을 추가로 늘릴 것으...,2020-05-29 17:55
355일 만에 철탑 내려오는 김용희씨… 삼성 시민의 생명·안전 무엇보다 중요,/news/news_read.nhn?article_id=0003469985&office_id=022&mode=search&query=삼성전자&page=1,세계일보,"이후 삼성을 상대로 사과와 명예복직 등을 촉구하며 시위를 해왔으며, 정상적인 근무를 했다면 정년을 맞았을 7월10일을 한 달 앞두고 삼성전자 서...",2020-05-29 18:02
"이재용 사과 후 해고자 김용희씨와 합의…재계·학계 ""삼성 전향적 태도""",/news/news_read.nhn?article_id=0009888632&office_id=003&mode=search&query=삼성전자&page=1,뉴시스,이재용 삼성전자 부회장이 경영권 승계 및 노조 문제 등과 관련해 지난 6일 대국민 사과문을 발표한 이후 나온 첫 성과다. 1년 여간 고공농성을 ...,2020-05-29 18:08
"삼성전자, 지난해 차세대 대표이사 후보군 7명 교육 실시",/news/news_read.nhn?article_id=0000212618&office_id=374&mode=search&query=삼성전자&page=1,SBS CNBC,삼성전자는 지난해 차세대 대표이사 후보군 7명에 대한 교육을 실시한 것으로 나타났습니다. 삼성전자는 오늘(29일) 공시한 '2019년 기업지배구...,2020-05-29 18:15
[CEO풍향계] 검찰 조사 받은 이재용…검찰 고발 피한 박현주,/news/news_read.nhn?article_id=0000430829&office_id=422&mode=search&query=삼성전자&page=1,연합뉴스TV,"검찰 조사를 받은 이재용 삼성전자 부회장과 공정거래위원회의 검찰 고발을 피한 박현주 미래에셋그룹 회장 소식을 배삼진, 한지이 기자가 전해드립니다...",2020-05-29 18:17
예금만기는 길게…국공채펀드·고배당 우량주 돈 몰리나,/news/news_read.nhn?article_id=0000212620&office_id=374&mode=search&query=삼성전자&page=1,SBS CNBC,"[신동일 / 국민은행 강남스타PB센터 부센터장 : 삼성전자와 마이크로소프트 주식을 같이 가져가는 게 좋아요. 해외주식은 달러로 사고, 우리나라는...",2020-05-29 18:31
"29일, 거래소 기관 순매도상위에 유통업 업종 4종목",/news/news_read.nhn?article_id=0004350395&office_id=015&mode=search&query=삼성전자&page=1,한국경제,"기관 투자자는 29일 거래소에서 삼성전자, KODEX 코스닥150선물인버스, KODEX 200선물인버스2X 등을 중점적으로 매도한 것으로 나타났...",2020-05-29 18:37
"29일, 거래소 기관 순매수상위에 금융업 업종 2종목",/news/news_read.nhn?article_id=0004350393&office_id=015&mode=search&query=삼성전자&page=1,한국경제,"기관 투자자의 순매수 상위 20개 종목은 KODEX 레버리지, NAVER, KODEX WTI원유선물(H), 삼성전자우, KT&G, KODEX 코...",2020-05-29 18:37
"29일, 거래소 외국인 순매수상위에 전기,전자 업종 4종목",/news/news_read.nhn?article_id=0004350392&office_id=015&mode=search&query=삼성전자&page=1,한국경제,"외국인 투자자는 29일 거래소에서 삼성전자, 기아차, 더존비즈온 등을 중점적으로 사들인 것으로 나타났다. 외국인 투자자의 순매수 상위 20개 종...",2020-05-29 18:37
"29일, 외국인 거래소에서 NAVER(-6.03%), SK하이닉스(-2.86%) ...",/news/news_read.nhn?article_id=0004350394&office_id=015&mode=search&query=삼성전자&page=1,한국경제,"외국인 투자자는 29일 거래소에서 NAVER, SK하이닉스, 삼성전자우 등을 중점적으로 매도한 것으로 나타났다. 외국인 투자자의 순매도 상위 2...",2020-05-29 18:37
삼성 진정성 통했나… 355일만의 합의,/news/news_read.nhn?article_id=0004433983&office_id=014&mode=search&query=삼성전자&page=1,파이낸셜뉴스,이재용 삼성전자 부회장이 이달 초 대국민 사과를 통해 노조활동 보장을 발표한 이후 노사 간 화합과 상생을 위한 삼성의 발걸음이 빨라지면서 해고노...,2020-05-29 18:45
D램 고정거래가격 5개월 연속 상승,/news/news_read.nhn?article_id=0004350416&office_id=015&mode=search&query=삼성전자&page=1,한국경제,"삼성전자와 SK하이닉스에서도 ""2분기 실적은 나쁘지 않을 것""이란 얘기가 나온다. 향후 전망에 대해선 상승세를 예상하는 의견이 우세하다. 코로나...",2020-05-29 20:07
"355일 만에 땅 밟은 김용희씨 ""나와의 싸움 힘들었다""",/news/news_read.nhn?article_id=0009888768&office_id=003&mode=search&query=삼성전자&page=1,뉴시스,"공대위에 따르면, 최종합의문에는 삼성 측에서는 삼성 계열사를 대표해 삼성전자 주식회사와 삼성물산 주식회사 대표이사가 서명했다. 공대위 측은 임 ...",2020-05-29 20:40
서버용D램은 제자리·PC용 D램은 찔끔 상승.. 반도체 업계 불안 커진다,/news/news_read.nhn?article_id=0003746052&office_id=011&mode=search&query=삼성전자&page=1,서울경제,업계에서는 서버용 솔리드스테이트드라이브(SSD)에 강점이 있는 삼성전자(005930)를 제외하고는 여타 낸드플래시 업체들이 수익을 내지 못하는 ...,2020-05-29 21:38
