title,url,press,summary,date
반도체 인재 배출 스탠퍼드 5배 늘릴때 서울대 15년 제자리,/news/news_read.nhn?article_id=0003004321&office_id=025&mode=search&query=삼성전자&page=11,중앙일보,삼성전자와 SK하이닉스는 반도체 전문 인력 양성을 위해 고려대·연세대 등과 개별적으로 계약을 맺고 내년부터 반도체 공학과 학생을 모집한다. 또 메모리에서...,2020-05-28 00:04
신기술 해외기업 M&A 서둘러 5G 비메모리 시장 선점을,/news/news_read.nhn?article_id=0003004315&office_id=025&mode=search&query=삼성전자&page=11,중앙일보,박 교수는 삼성전자와 SK하이닉스 생산라인 구축에 참여하는 등 이론과 현장을 두루 섭렵한 반도체 전문가다. Q : 미국의 화웨이 제재가 우리 반...,2020-05-28 00:04
"AI·자율차 이끌 두뇌 비메모리, 한국 점유율은 4%뿐",/news/news_read.nhn?article_id=0003004316&office_id=025&mode=search&query=삼성전자&page=11,중앙일보,시장조사업체 트렌드포스에 따르면 올해 1분기 글로벌 D램 시장에서 삼성전자(44.1%)와 SK하이닉스(29.3%)의 점유율을 합치면 70%가 넘...,2020-05-28 00:04
"중가폰·온라인 판매 급증, 코로나가 스마트폰 시장도 바꿨다",/news/news_read.nhn?article_id=0003004359&office_id=025&mode=search&query=삼성전자&page=10,중앙일보,올 1분기 삼성전자의 스마트폰 중 가장 많이 팔린 제품도 갤럭시A90 5G(사진) 모델이었다. 이 제품의 ASP는 453달러(약 56만원)로 지...,2020-05-28 00:06
[고수익 ELS의 유혹]혹하는 금리…'하이리스크 하이리턴',/news/news_read.nhn?article_id=0004650044&office_id=018&mode=search&query=삼성전자&page=10,이데일리,"- 삼성전자·넷플릭스 등 우량주에 지수까지..고수익ELS ''눈길'' - 코로나19사태, 시장 변동성 예측못해 - 고위험상품 ELS, 기초자산·...",2020-05-28 00:12
"[고수익 ELS의 유혹]만기 길고, 상환기회 많고, 손실기준 낮아야 유리",/news/news_read.nhn?article_id=0004650045&office_id=018&mode=search&query=삼성전자&page=10,이데일리,- 만기 1년보다는 3년…조기상환도 따져야 - 원금부분보장이 발목을 잡을 수도 - 삼성전자 담아서 안전?…“삼성전자는 논외” - 녹인 배리어 낮...,2020-05-28 00:13
코로나 쇼크 속 생산실적 희비…반도체 웃고 항공·운송업계 울고(종합),/news/news_read.nhn?article_id=0009884777&office_id=003&mode=search&query=삼성전자&page=10,뉴시스,"삼성전자 반도체 사업부문은 생산능력을 작년 1분기 1762억9900만개에서 2774억5000만개로 1년 새 57.4%, SK하이닉스는 5조104...",2020-05-28 00:20
아우는 오르는데 형님은 제자리…삼성전자 횡보 이유,/news/news_read.nhn?article_id=0004650051&office_id=018&mode=search&query=삼성전자&page=10,이데일리,신종 코로나 바이러스 감염증(코로나19) 여파로 증시가 급락하자 저가매수 기회라며 삼성전자를 무섭게 사들였던 동학개미들이 울상이다. 코스피지수가...,2020-05-28 01:31
"핸드폰원정대, 아이폰SE2 할인판매, 갤럭시S20 및 노트10 특가 좌표 공개",/news/news_read.nhn?article_id=0002404165&office_id=119&mode=search&query=삼성전자&page=10,데일리안,삼성전자의 상반기 출시된 갤럭시S20시리즈는 현금 구매시 10만원대에 구매가 가능하며 애플의 상반기 출시된 아이폰SE2 역시 10만원대에 구매가...,2020-05-28 02:01
편리미엄·위생 장착 가전제품… 코로나 충격에도 선방,/news/news_read.nhn?article_id=0003469328&office_id=022&mode=search&query=삼성전자&page=10,세계일보,고성능·고위생 상품에 수요 몰려 / 삼성전자 ‘그랑데 AI 건조기·세탁기’ 출시 / 넉달만에 누적판매 15만대 기록 / 4월 시판 LG ‘트롬 ...,2020-05-28 02:03
"현대·기아車 차세대 전기차, LG화학 배터리 장착한다",/news/news_read.nhn?article_id=0004348944&office_id=015&mode=search&query=삼성전자&page=10,한국경제,일각에서는 최근 이재용 삼성전자 부회장과 정의선 현대차 수석부회장의 만남을 계기로 삼성SDI가 배터리 공급사로 선정될 것이라는 관측도 있었다. 하지만...,2020-05-28 02:11
[백브리핑] 3년前 손 뗀 e스포츠에 다시 손내민 삼성전자,/news/news_read.nhn?article_id=0003534467&office_id=023&mode=search&query=삼성전자&page=10,조선일보,"SKT 게임단과 파트너십 계약 업계 ""매몰차게 떠날땐 언제고…"" 삼성전자가 27일 SK텔레콤의 T1 게임단과 파트너십 계약을 맺었다고 발표했습니...",2020-05-28 03:03
"[단독]LG화학, 현대기아차에 수조원대 배터리 공급",/news/news_read.nhn?article_id=0003288660&office_id=020&mode=search&query=삼성전자&page=10,동아일보,"일각에서는 이재용 삼성전자 부회장과 정의선 현대차그룹 수석부회장의 단독 회동 이후 삼성SDI가 2차 공급사가 될 거란 예측이 나오기도 했지만, 그간 현대차...",2020-05-28 03:04
[2020 착한브랜드 대상]삼성 투자 수혜… 충남 아산 오피스텔,/news/news_read.nhn?article_id=0003288681&office_id=020&mode=search&query=삼성전자&page=10,동아일보,"여기에 스마트밸리 일반산업단지, 마정산업단지 등과 함께 삼성디스플레이, 삼성 SDI 천안사업장, 삼성전자 나노시티 등 삼성벨트가 형성돼 있어 8...",2020-05-28 03:05
[2020 착한브랜드 대상]홈앤라이프스타일숍으로 거듭나다,/news/news_read.nhn?article_id=0003288688&office_id=020&mode=search&query=삼성전자&page=10,동아일보,"삼성전자, LG전자 등 국내 제조업체를 비롯해 다이슨, 일렉트로룩스 등 600여 개 해외 브랜드를 취급한다. 소비자들이 다양한 해외 브랜드를 접...",2020-05-28 03:05
반도체 공장 인근 용인 오산천에 수달이 산다,/news/news_read.nhn?article_id=0001325879&office_id=005&mode=search&query=삼성전자&page=10,국민일보,삼성전자는 27일 ‘세계 수달의 날’을 맞아 자사 유튜브에 수달의 모습을 담은 영상을 공개했다. 영상에서 수달 두 마리는 야간 오산천에서 함께 ...,2020-05-28 04:09
한국 돌아오는 기업들 인건비 걱정이 사라진다,/news/news_read.nhn?article_id=0004415729&office_id=008&mode=search&query=삼성전자&page=10,머니투데이,민동훈 기자 기업유턴 마지막 열쇠…'최소 마진 20%' 삼성 반도체의 비결 삼성전자 평택반도체 공장에는 특별한 조직이 하나 있다. 축구장 400...,2020-05-28 04:30
'오너 리스크'에도 꿋꿋한 삼성·SK그룹株…투자 신뢰도 더 커지나,/news/news_read.nhn?article_id=0002404169&office_id=119&mode=search&query=삼성전자&page=10,데일리안,그룹 대장주인 삼성전자와 SK는 물론이고 계열사 주가도 올해 1분기 실적 및 향후 사업에 대한 기대감이 훨씬 긍정적으로 작용하고 있어서다. 시장...,2020-05-28 05:00
"이재용, 업무용 차 ‘G90’으로 갈아탔다",/news/news_read.nhn?article_id=0003094136&office_id=081&mode=search&query=삼성전자&page=10,서울신문,현대차와 협력관계 강화된 듯 이재용 삼성전자 부회장이 업무용 차량으로 현대자동차 고급브랜드 제네시스의 대형 세단 ‘G90’을 타는 모습이 포착됐...,2020-05-28 05:09
삼성 반도체 공장 하천서 수달 또 나왔다,/news/news_read.nhn?article_id=0003094152&office_id=081&mode=search&query=삼성전자&page=10,서울신문,삼성전자 경기 용인시 기흥 반도체공장 인근 하천에서 천연기념물인 수달 한 마리가 발견된 데 이어 최근 추가로 한 마리가 더 포착됐다. 삼성전자는...,2020-05-28 05:10
"부담되네~한 템포 쉰 주도주…""이젠 소외 종목 관심 가질 때""",/news/news_read.nhn?article_id=0004415746&office_id=008&mode=search&query=삼성전자&page=10,머니투데이,"그간 증시 상승을 견인한 2차전지, 언택트(비대면) 관련주는 약세였으나, 삼성전자를 비롯해 철강, 기계, 은행 등 최근 부진했던 업종이 선전했다...",2020-05-28 05:20
털·냄새 제거하는 공기청정기…삼성·LG도 ‘펫가전’ 합세,/news/news_read.nhn?article_id=0000824296&office_id=382&mode=search&query=삼성전자&page=10,스포츠동아,삼성전자는 반려동물의 털과 냄새를 말끔히 제거해 주는 펫 전용 공기청정기 ‘무풍큐브 펫케어’를 4일 출시했다. 이 공기청정기에 적용된 필터는 활...,2020-05-28 05:45
이재용 부회장이 '삼바 의혹' 강력 부인한 배경은?,/news/news_read.nhn?article_id=0003365060&office_id=079&mode=search&query=삼성전자&page=10,노컷뉴스,"삼성전자 이재용 부회장이 '경영권 승계 의혹'으로 최근 검찰 조사를 받은 후 내놓은 입장은 ""보고받거나 지시한 사실이 전혀 없다""였다. 이 부회...",2020-05-28 05:52
"""진정한 폴더블""…삼성 '갤폴드', 올해의 디스플레이 선정",/news/news_read.nhn?article_id=0004662462&office_id=421&mode=search&query=삼성전자&page=9,뉴스1,삼성전자가 지난해 출시한 첫 폴더블(foldable) 스마트폰 '갤럭시 폴드'에 탑재된 디스플레이가 올해 가장 뛰어난 혁신 기술로 꼽혔다. 지난...,2020-05-28 06:00
한달 걸릴 불상을 하루만에…3D프린터 만난 예술혼,/news/news_read.nhn?article_id=0004415763&office_id=008&mode=search&query=삼성전자&page=9,머니투데이,김포공항과 인천공항에 전시됐던 삼성전자 휴대폰 모형도 임 대표의 손길을 거쳐 간 작품들이다. 국내뿐 아니라 해외에서도 러브콜이 이어진다. 최근에...,2020-05-28 06:00
[재송]27일 장 마감 후 주요 종목뉴스,/news/news_read.nhn?article_id=0004650086&office_id=018&mode=search&query=삼성전자&page=9,이데일리,"△삼성전자(005930)는 계열사인 삼성화재해상과 기흥, 화성, 평택, 온양, 수원, 구미, 광주사업장 및 서초사옥, 서울R&D캠퍼스 등의 건물, 기계 등에 대해...",2020-05-28 06:02
'포스트 코로나' 코스피 2000이 다른 3가지 이유,/news/news_read.nhn?article_id=0004662482&office_id=421&mode=search&query=삼성전자&page=9,뉴스1,"코로나19발 폭락장 직전 마지막으로 2000선을 지켰던 3월 6일 기준 시총 10위권(우선주 포함)에는 삼성전자, SK하이닉스, 삼성전자우, 삼...",2020-05-28 06:05
"갤S20 부진, 하반기 '갤노트20·갤폴드'가 구원투수?",/news/news_read.nhn?article_id=0004415769&office_id=008&mode=search&query=삼성전자&page=9,머니투데이,삼성전자 플래그십 스마트폰 '갤럭시S20' 시리즈 출하량이 1분기 크게 감소했다. 코로나19(COVID-19) 여파로 전 세계 스마트폰 시장이 ...,2020-05-28 06:10
[e공시 눈에 띄네]코스피-27일,/news/news_read.nhn?article_id=0004686763&office_id=277&mode=search&query=삼성전자&page=9,아시아경제,1%↑ ◆신세계건설=1949억 규모 구리갈매 지식산업센터 공사 수주 ◆삼성전자=삼성화재와 860억 규모의 패키지보험 거래 ◆한국콜마=제약사업부문...,2020-05-28 06:39
"SK하이닉스, 낸드플래시 시장 '톱5' 복귀",/news/news_read.nhn?article_id=0003743878&office_id=011&mode=search&query=삼성전자&page=9,서울경제,펌웨어는 컨트롤러에 내장된 소프트웨어로 삼성전자(005930) 또한 관련 기술력 강화를 위해 지난 2012년 미국 실리콘밸리에 자리한 엔벨로를 ...,2020-05-28 07:01
[기업공시 5월 27일]RFHIC 50억원 규모 자사주 취득 등,/news/news_read.nhn?article_id=0003743876&office_id=011&mode=search&query=삼성전자&page=9,서울경제,결정 ▲삼성전자(005930)=삼성화재와 860억원 규모의 패키지보험 거래 ▲국보(001140)=현저한 시황변동에 대한 조회공시 요구에 ‘추가 자금조달 검토’ 답변...,2020-05-28 07:01
[韓 신성장 헬스케어] 원격진료 시동 건 삼성…핵심은 웨어러블,/news/news_read.nhn?article_id=0000540304&office_id=031&mode=search&query=삼성전자&page=9,아이뉴스24,국내에서는 삼성전자가 스마트폰과 웨어러블 디바이스를 주축으로 디지털 헬스케어 사업을 확장해 드라이브를 걸고 있다. 삼성은 2017년 4월부터 미...,2020-05-28 07:01
2차 미중 고래싸움에 韓경제 새우등 터질라…치명타 불가피,/news/news_read.nhn?article_id=0000212461&office_id=374&mode=search&query=삼성전자&page=9,SBS CNBC,"반대로 중국업체와 경쟁하지 않고, 본토에 공장을 구축한 삼성전자 반도체 부문, 현대자동차 등은 수혜가 예상됩니다. 그러나 더 걱정스러운 것은 미...",2020-05-28 07:32
"삼성전자, 대내외 악재에도 시스템반도체 투자 ‘박차’",/news/news_read.nhn?article_id=0000212462&office_id=374&mode=search&query=삼성전자&page=9,SBS CNBC,"또 삼성전자가 지금 안팎으로 불안한 상황인데, 시스템 반도체 투자를 확대하기로 했다는 소식 들립니다. 산업계 주요 소식들, 윤성훈 기자와 이야기...",2020-05-28 07:36
[빅데이터MSI]28일 오전 주식시장 심리 3단계 '약간 나쁨',/news/news_read.nhn?article_id=0009884904&office_id=003&mode=search&query=삼성전자&page=9,뉴시스,"대장주 삼성전자의 MSI 레벨은 4단계로 집계됐다. 시가총액 상위 종목 중 SK하이닉스는 4단계, LG화학은 4단계, 현대차는 7단계, 셀트리온...",2020-05-28 07:55
S펜.애플펜슬에 꽂힌 10~20대...토종 모나미가 위험하다,/news/news_read.nhn?article_id=0003743894&office_id=011&mode=search&query=삼성전자&page=9,서울경제,코로나19 사태로 온라인 강의 등 비대면 수업이 길어지면서 펜으로 필기해 온 오랜 전통이 삼성전자 갤럭시노트 S펜이나 애플의 ‘애플펜슬’과 같은...,2020-05-28 08:11
삼성 스마트 TV서 '삼성 헬스' 서비스 개시,/news/news_read.nhn?article_id=0011638882&office_id=001&mode=search&query=삼성전자&page=9,연합뉴스,"삼성전자가 지난 27일 '삼성 헬스' 스마트 TV용 애플리케이션을 한국, 미국, 영국 등 주요 국가에 출시했다. 이로써 모바일용으로만 제공되던 ...",2020-05-28 08:12
삼성 스마트 TV서 '삼성 헬스' 서비스 개시,/news/news_read.nhn?article_id=0011638881&office_id=001&mode=search&query=삼성전자&page=9,연합뉴스,"삼성전자가 지난 27일 '삼성 헬스' 스마트 TV용 애플리케이션을 한국, 미국, 영국 등 주요 국가에 출시했다. 이로써 모바일용으로만 제공되던 ...",2020-05-28 08:12
삼성 스마트 TV서 `삼성 헬스` 서비스 개시,/news/news_read.nhn?article_id=0004650156&office_id=018&mode=search&query=삼성전자&page=9,이데일리,"삼성전자(005930)가 27일 ‘삼성 헬스(Samsung Health)’ 스마트 TV용 애플리케이션(앱)을 한국, 미국, 영국 등 주요 국가에...",2020-05-28 08:18
[뉴스새벽배송]실적 전망치 상향한 마이크론…韓반도체 '주목',/news/news_read.nhn?article_id=0004650159&office_id=018&mode=search&query=삼성전자&page=9,이데일리,◇마이크론 실적 추정치 상향…삼성전자 ‘주목’ 간밤 마이크론은 실적보고를 통해 3분기 매출전망을 기존의 46억~52억달러에서 52억~54억달러로...,2020-05-28 08:20
'삼성 헬스' 큰 화면에서 즐기세요....스마트 TV에서도 서비스 개시,/news/news_read.nhn?article_id=0009884927&office_id=003&mode=search&query=삼성전자&page=9,뉴시스,"삼성전자가 27일 ‘삼성 헬스(Samsung Health)’ 스마트 TV용 애플리케이션(이하 앱)을 한국, 미국, 영국 등 주요 국가에 출시했다...",2020-05-28 08:20
"`TV로 건강관리`…삼성전자, `삼성헬스` 스마트TV 서비스 시작",/news/news_read.nhn?article_id=0002600828&office_id=029&mode=search&query=삼성전자&page=9,디지털타임스,삼성전자가 스마트폰용 '삼성 헬스' 애플리케이션(이하 앱) 서비스를 TV로 확대해 제공한다. 삼성전자는 27일 '삼성 헬스' 스마트 TV용 앱을...,2020-05-28 08:30
"삼성전자, 스마트 TV용 '삼성 헬스' 앱 출시",/news/news_read.nhn?article_id=0004686838&office_id=277&mode=search&query=삼성전자&page=9,아시아경제,"삼성전자가 최근 ‘삼성 헬스(Samsung Health)’ 스마트 TV용 애플리케이션을 한국, 미국, 영국 등 국가에 출시했다고 28일 밝혔다....",2020-05-28 08:32
"""홈 트레이닝에 제격""…스마트TV용 '삼성 헬스' 앱 출시",/news/news_read.nhn?article_id=0011638949&office_id=001&mode=search&query=삼성전자&page=8,연합뉴스,삼성전자는 모바일용만 있던 '삼성 헬스'(Samsung Health) 애플리케이션을 스마트TV용으로도 출시하고 서비스를 시작했다고 28일 밝혔다...,2020-05-28 08:43
"삼성전자, 스마트 TV서 '삼성 헬스' 서비스 개시",/news/news_read.nhn?article_id=0000540313&office_id=031&mode=search&query=삼성전자&page=8,아이뉴스24,"삼성전자는 '삼성 헬스' 스마트 TV용 애플리케이션(앱)을 한국, 미국, 영국 등 주요 국가에 출시했다고 28일 밝혔다. 이에 따라 모바일용으로...",2020-05-28 08:43
삼성 스마트 TV서 `삼성 헬스` 서비스 개시,/news/news_read.nhn?article_id=0004583842&office_id=009&mode=search&query=삼성전자&page=8,매일경제,"삼성전자가 27일 '삼성 헬스' 스마트 TV용 앱을 한국, 미국, 영국 등 주요 국가에 출시했다. 이로써 모바일용으로만 제공되던 삼성 헬스 서비...",2020-05-28 08:53
삼성 스마트 TV서 ‘삼성 헬스’ 서비스 개시,/news/news_read.nhn?article_id=0004662644&office_id=421&mode=search&query=삼성전자&page=8,뉴스1,"= 삼성전자가 지난 27일 ‘삼성 헬스(Samsung Health)’ 스마트 TV용 애플리케이션을 한국, 미국, 영국 등 주요 국가에 출시했다....",2020-05-28 08:56
"삼성전자, '홈 트레이닝을 스마트 TV 통해 즐기세요'",/news/news_read.nhn?article_id=0004662643&office_id=421&mode=search&query=삼성전자&page=8,뉴스1,"= 삼성전자가 지난 27일 ‘삼성 헬스(Samsung Health)’ 스마트 TV용 애플리케이션을 한국, 미국, 영국 등 주요 국가에 출시했다....",2020-05-28 08:56
"'삼성 헬스'를 스마트TV서도…""QLED로 즐기는 홈 트레이닝""",/news/news_read.nhn?article_id=0004662649&office_id=421&mode=search&query=삼성전자&page=8,뉴스1,"삼성전자가 28일 스마트TV용 '삼성 헬스'(Samsung Health) 애플리케이션을 한국과 미국, 영국 등 주요 국가에 출시했다고 밝혔다. ...",2020-05-28 08:58
"프리미엄 브랜드로 꽉 찬 `리빙파워센터`, 새로운 쇼핑명소로 자리매김",/news/news_read.nhn?article_id=0002600840&office_id=029&mode=search&query=삼성전자&page=8,디지털타임스,"리빙파워센터, 시몬스갤러리, 삼성전자 등 수요자 선호도 높은 프리미엄 브랜드 구성 가족 나들이 가기 좋은 키즈카페·영화관 등 즐길거리도 많아 국...",2020-05-28 09:00
"""홈트레이닝 할땐 삼성 TV 앞으로""",/news/news_read.nhn?article_id=0003743935&office_id=011&mode=search&query=삼성전자&page=8,서울경제,"삼성전자(005930) TV구매자들이 요가, 근력 운동 등의 홈트레이닝을 대화면에서 받을 수 있게 됐다. 삼성전자는 ‘삼성 헬스’ 스마트 TV용...",2020-05-28 09:03
"삼성전자, 삼성 스마트 TV서 ‘삼성 헬스’ 서비스 개시",/news/news_read.nhn?article_id=0002404211&office_id=119&mode=search&query=삼성전자&page=8,데일리안,삼성전자는 27일 ‘삼성 헬스(Samsung Health)’ 스마트TV용 애플리케이션(앱)을 한국·미국·영국 등 주요 국가에 출시했다. 이로써 ...,2020-05-28 09:04
"코스피, 반도체 강세에 상승 출발…2,040선 위로",/news/news_read.nhn?article_id=0011639032&office_id=001&mode=search&query=삼성전자&page=8,연합뉴스,"삼성전자(2.20%), SK하이닉스(3.32%) 등 시총 상위 반도체주가 강세를 이끄는 모습이다. 같은 시각 코스닥지수는 전날보다 3.34포인트...",2020-05-28 09:07
삼성 스마트 TV서 ‘삼성 헬스’ 서비스 개시,/news/news_read.nhn?article_id=0000547929&office_id=417&mode=search&query=삼성전자&page=8,머니S,"삼성전자는 ‘삼성 헬스’ 스마트 TV용 애플리케이션을 한국, 미국, 영국 등 주요 국가에 출시했다고 28일 밝혔다. 이로써 모바일용으로만 제공되...",2020-05-28 09:09
"코스피, 삼전·하이닉스 힘입어 상승 출발…2040선 터치",/news/news_read.nhn?article_id=0004650226&office_id=018&mode=search&query=삼성전자&page=8,이데일리,시가총액 비중 30%를 차지하는 삼성전자(005930)와 SK하이닉스(000660)의 상승세가 지수를 견인하고 있다. 이날 마켓포인트에 따르면 오전 9시7분 현재...,2020-05-28 09:10
"스마트 TV용 '삼성 헬스' 韓美英 시장 동시 출시...""고화질, 큰 화면으로 건...",/news/news_read.nhn?article_id=0004432688&office_id=014&mode=search&query=삼성전자&page=8,파이낸셜뉴스,"삼성전자가 스마트 TV용 '삼성 헬스' 애플리케이션을 한국, 미국, 영국 시장에 출시했다고 28일 밝혔다. 이로써 모바일용으로만 제공돼온 삼성 ...",2020-05-28 09:10
"삼성디스플레이, 폴더블로 '올해의 디스플레이상' 수상",/news/news_read.nhn?article_id=0004686895&office_id=277&mode=search&query=삼성전자&page=8,아시아경제,"한편, 삼성디스플레이는 현재 삼성전자의 2번째 폴더블폰인 갤럭시 Z플립에 위아래로 접히는 클램쉘(Clam Shell) 타입의 폴더블 디스플레이를...",2020-05-28 09:11
"삼성, 직불카드 '삼성머니' 美서 공개…""애플카드 대항마""",/news/news_read.nhn?article_id=0004349022&office_id=015&mode=search&query=삼성전자&page=8,한국경제,삼성전자가 모바일 결제시스템 '삼성페이'의 편리함과 직불카드 제어 기능을 결합한 '삼성 머니'를 미국에서 공개했다. 28일 삼성전자 미국법인은 ...,2020-05-28 09:11
"동학개미들 모처럼 웃나, 삼성전자 5만원 돌파",/news/news_read.nhn?article_id=0004415854&office_id=008&mode=search&query=삼성전자&page=8,머니투데이,[[특징주]] 코로나19(COVID-19) 사태에 이어진 '동학개미운동'을 통해 국민 주식으로 등극한 삼성전자가 1주일여 만에 5만원대를 넘어섰다. 28일 오전 9시10분...,2020-05-28 09:13
삼성 스마트TV서도 '삼성 헬스' 서비스 시작,/news/news_read.nhn?article_id=0004349033&office_id=015&mode=search&query=삼성전자&page=8,한국경제,삼성전자가 스마트 TV용 애플리케이션(앱) '삼성 헬스'를 한국과 미국·영국 등 주요 국가에 출시했다. 모바일용으로만 제공되던 기존 삼성 헬스 ...,2020-05-28 09:14
집에서 TV보며 운동 …삼성 스마트TV서 ‘삼성헬스’ 서비스 개시,/news/news_read.nhn?article_id=0001679043&office_id=016&mode=search&query=삼성전자&page=8,헤럴드경제,"삼성전자가 28일 ‘삼성 헬스(Samsung Health)’ 스마트 TV용 애플리케이션(이하 앱)을 한국과 미국, 영국 등 주요 국가에 출시했다...",2020-05-28 09:15
대우건설 | 반포3주구 스마트 기술 총동원,/news/news_read.nhn?article_id=0000065502&office_id=024&mode=search&query=삼성전자&page=8,매경이코노미,지난 4월에는 삼성전자와 차세대 스마트홈 구축을 위한 MOU를 체결해 삼성전자의 스마트싱스(SmartThings) 플랫폼과 연동하기로 했다. 또...,2020-05-28 09:15
"[특징주]삼성전자·SK하이닉스, 반도체 투심 개선에 ‘강세’",/news/news_read.nhn?article_id=0004650236&office_id=018&mode=search&query=삼성전자&page=8,이데일리,한동안 비대면 대형주에 밀려 지지부진하던 대장주 삼성전자(005930)와 SK하이닉스(000660)가 장 초반 강세를 보이고 있다. 28일 마켓포인트에 따르면 이날 오전 ...,2020-05-28 09:18
[특징주] 삼성전자 강세...5만원 회복,/news/news_read.nhn?article_id=0003743960&office_id=011&mode=search&query=삼성전자&page=7,서울경제,삼성전자(005930)가 28일 오전 5만원를 회복했다. 이날 오전 9시 13분 유가증권시장에서 삼성전자는 전일 대비 1.4% 상승한 5만600원에 거래되고 있다. 삼성전...,2020-05-28 09:19
"코스피, 2,040선 위로…반도체 강세에 상승 출발",/news/news_read.nhn?article_id=0001459597&office_id=057&mode=search&query=삼성전자&page=7,MBN,"삼성전자(2.20%), SK하이닉스(3.32%) 등 시총 상위 반도체주가 강세를 이끄는 모습입니다. 같은 시각 코스닥지수는 전날보다 3.34포인트(0.46%) 오른 727...",2020-05-28 09:19
"삼성 폴더블 디스플레이, 세계 최대 디스플레이 학회 선정 최고의 디스플레이",/news/news_read.nhn?article_id=0009885032&office_id=003&mode=search&query=삼성전자&page=7,뉴시스,"한편, 삼성디스플레이는 현재 삼성전자의 2번째 폴더블폰인 갤럭시Z플립에 위아래로 접히는 클램쉘(Clam Shell) 타입의 폴더블 디스플레이를 ...",2020-05-28 09:21
"갤폴드, '올해의 디스플레이' 수상…""차세대 잠재력 선보여""",/news/news_read.nhn?article_id=0004415860&office_id=008&mode=search&query=삼성전자&page=7,머니투데이,"삼성디스플레이의 폴더블 디스플레이는 지난해 출시된 삼성전자의 '갤럭시 폴드'에 탑재된 접이식 디스플레이로 접으면 4.6인치, 펼치면 7.3인치로...",2020-05-28 09:21
삼성 `폴더블 디스플레이`…세계 최고 디스플레이 선정,/news/news_read.nhn?article_id=0004650237&office_id=018&mode=search&query=삼성전자&page=7,이데일리,삼성디스플레이는 현재 삼성전자의 두 번째 폴더블폰인 ‘갤럭시Z플립’에 조개처럼 위·아래로 접히는 클램쉘(Clam Shell) 타입의 폴더블 디스...,2020-05-28 09:21
"코스피, 4거래일 연속 상승…2050선 코앞",/news/news_read.nhn?article_id=0004583881&office_id=009&mode=search&query=삼성전자&page=7,매일경제,"삼성전자, SK하이닉스, NAVER, LG화학 등은 오르는 동안, 삼성바이오로직스, 셀트리온, 삼성SDI, 카카오, LG생활건강 등은 하락세다....",2020-05-28 09:22
"삼성 폴더블 디스플레이, SID 2020서 '올해의 디스플레이상'",/news/news_read.nhn?article_id=0002404228&office_id=119&mode=search&query=삼성전자&page=7,데일리안,"한편, 삼성디스플레이는 현재 삼성전자의 2번째 폴더블폰인 갤럭시Z플립에 위아래로 접히는 클램쉘(Clam Shell) 타입의 폴더블 디스플레이를 ...",2020-05-28 09:24
"[개장시황] 코스피, 美증시 훈풍에 2050선 눈앞",/news/news_read.nhn?article_id=0000540339&office_id=031&mode=search&query=삼성전자&page=7,아이뉴스24,"삼성바이오로직스(-0.64%), 셀트리온(-0.23%), 삼성SDI(-0.55%)는 하락세인 반면 삼성전자 1.40%, SK하이닉스 3.32%, NAVER 0.44%의 상...",2020-05-28 09:25
"코스피, 외국인 매수세에 2050선 터치…반도체주 ↑",/news/news_read.nhn?article_id=0004415868&office_id=008&mode=search&query=삼성전자&page=7,머니투데이,"삼성전자와 SK하이닉스가 각각 2%, 3%대 강세인 반면, 그동안 크게 올랐던 NAVER와 카카오는 1~2%대 하락하고 있다. 같은 시간 코스닥 지수도 2.87포인트(0....",2020-05-28 09:27
[특징주] 삼성전자 장중 5만원 넘어…'美 마이크론 호재',/news/news_read.nhn?article_id=0004662744&office_id=421&mode=search&query=삼성전자&page=7,뉴스1,삼성전자가 약 1주일만에 장중 5만원대를 넘어섰다. 28일 오전 9시 25분 기준 삼성전자는 전일 대비 800원(1.60%) 오른 5만700원에...,2020-05-28 09:32
"[fn오전시황] 코스피, 외인 매수 전환에 2050선 회복",/news/news_read.nhn?article_id=0004432729&office_id=014&mode=search&query=삼성전자&page=7,파이낸셜뉴스,"코스피 시가총액 1위에 해당하는 삼성전자는 전 거래일보다 1.60% 오른 5만8000원에 거래되고 있다. SK하이닉스(3.56%), LG화학(1.14%)도 강세다. 삼성물...",2020-05-28 09:32
"'홈트를 편하게' 삼성전자, 스마트 TV용 삼성 헬스 앱 츨시",/news/news_read.nhn?article_id=0003574940&office_id=076&mode=search&query=삼성전자&page=7,스포츠조선,"삼성전자가 '삼성 헬스(Samsung Health)' 스마트 TV용 애플리케이션(이하 앱)을 지난 27일 한국, 미국, 영국 등 주요 국가에 출...",2020-05-28 09:32
"코스피, 반도체 강세에 상승 출발…2,040선 위로(종합)",/news/news_read.nhn?article_id=0011639093&office_id=001&mode=search&query=삼성전자&page=7,연합뉴스,"삼성전자(1.60%), SK하이닉스(3.07%) 등 시총 상위 반도체주가 지수 상승을 이끌었다. 지난밤 뉴욕증시의 다우존스 30 산업평균지수는 ...",2020-05-28 09:32
코스피 2040선 출발에 2050선까지 회복,/news/news_read.nhn?article_id=0004686919&office_id=277&mode=search&query=삼성전자&page=7,아시아경제,"시가총액 10위 가운데 삼성전자(1.80%), SK하이닉스(3.69%), NAVER(0.22%), LG화학(1.14%) 등은 오른 반면, 삼성바...",2020-05-28 09:33
"[개장] 외국인이 돌아왔다… 코스피, 2040선 돌파",/news/news_read.nhn?article_id=0000547965&office_id=417&mode=search&query=삼성전자&page=7,머니S,"삼성전자(1.60%), SK하이닉스(3.32%), 삼성전자우(1.75%), LG화학(1.64%) 등은 상승세다. 반면 삼성바이오로직스(-0.96...",2020-05-28 09:37
[특징주] 삼성전자·SK하이닉스 강세…언택트 효과,/news/news_read.nhn?article_id=0000540342&office_id=031&mode=search&query=삼성전자&page=7,아이뉴스24,반도체 대장주인 삼성전자와 SK하이닉스가 장 초반 강세를 보이고 있다. 삼성전자와 SK하이닉스는 28일 오전 9시33분 현재 유가증권시장에서 전 거래일 대비 각각 2.0....,2020-05-28 09:38
"삼성 폴더블 디스플레이, SID서 '올해의 디스플레이'상",/news/news_read.nhn?article_id=0011639120&office_id=001&mode=search&query=삼성전자&page=7,연합뉴스,"이번에 수상한 폴더블 디스플레이는 삼성전자의 첫번째 폴더블폰인 갤럭시 폴드에 최초로 탑재된 접이식 제품이다. 접으면 4.6인치, 펼치면 7.3인...",2020-05-28 09:42
"삼성 폴더블 디스플레이, '올해의 디스플레이상' 선정돼",/news/news_read.nhn?article_id=0003744012&office_id=011&mode=search&query=삼성전자&page=7,서울경제,"한편, 삼성디스플레이는 현재 삼성전자(005930)의 2번째 폴더블폰인 갤럭시Z플립에 위아래로 접히는 클램쉘(Clam Shell) 타입의 폴더블...",2020-05-28 09:42
'홈트'를 큰 화면에서…'삼성 헬스' TV용 앱 출시,/news/news_read.nhn?article_id=0004415891&office_id=008&mode=search&query=삼성전자&page=7,머니투데이,"삼성전자가 '삼성 헬스' 스마트 TV용 애플리케이션(이하 앱)을 한국, 미국, 영국 등 주요 국가에 출시했다고 28일 밝혔다. 모바일용으로만 제...",2020-05-28 09:44
코스피 장중 한때 2050선도 넘어…반도체株 상승,/news/news_read.nhn?article_id=0004662779&office_id=421&mode=search&query=삼성전자&page=7,뉴스1,"특히 미국 반도체업체인 마이크론테크놀로지가 실적 가이던스를 상향조정하면서 삼성전자(1.80%), SK하이닉스(4.18%) 등 반도체 관련 업종들...",2020-05-28 09:44
"코스피, 반도체 강세 힘입어 상승 출발… 2040선 위로",/news/news_read.nhn?article_id=0000500469&office_id=469&mode=search&query=삼성전자&page=6,한국일보,삼성전자(1.60%)와 SK하이닉스(3.07%) 등 시총 상위 반도체주가 지수 상승을 이끌었다. 지난밤 뉴욕증시의 다우존스 30 산업평균지수는 ...,2020-05-28 09:46
코스피 오전 9시30분 2040선 돌파…삼성전자 5만원 회복,/news/news_read.nhn?article_id=0002224470&office_id=123&mode=search&query=삼성전자&page=6,조세일보,시가총액 1위인 삼성전자의 주가는 2% 가까이 오르며 5만원을 다시 넘어섰다. 28일 오전 9시30분 현재 코스피 지수는 전날보다 16.85포인...,2020-05-28 09:47
"대우건설, 반포3주구 재건축에 최신 스마트 기술 총 망라",/news/news_read.nhn?article_id=0003004495&office_id=025&mode=search&query=삼성전자&page=6,중앙일보,삼성전자와 손잡고 빅데이터 기반 IoT 서비스 제공 보안 뿐만 아니라 첨단 항균시설도 설치된다. 우선 기존의 공기질 개선 시스템인 5ZCS(Fi...,2020-05-28 09:53
미국발 훈풍·한은 기준금리 인하…코스피 1%대 상승세,/news/news_read.nhn?article_id=0002404249&office_id=119&mode=search&query=삼성전자&page=6,데일리안,"삼성전자(2.40%)를 비롯해 SK하이닉스(4.55%), 네이버(0.22%), LG화학(1.01%), 삼성SDI(0.96%) 등이 상승세를 기록...",2020-05-28 09:58
"코스피, 반도체주 강세로 상승 출발… 2050선 돌파",/news/news_read.nhn?article_id=0003469417&office_id=022&mode=search&query=삼성전자&page=6,세계일보,"특히 삼성전자(2.20%), SK하이닉스(4.55%) 등 시총 상위 반도체 종목이 강세면서 코스피 지수 상승을 이끌고 있다. 28일 서울 중구 ...",2020-05-28 10:01
은성수 반도체·바이오·미래차에도 자금지원,/news/news_read.nhn?article_id=0001679101&office_id=016&mode=search&query=삼성전자&page=6,헤럴드경제,"시스템반도체는 파운드리 사업으로 대표되는데, 최근 삼성전자는 2030년까지 133조원을 투자하겠다고 발표했다. SK는 신약개발사인 SK바이오팜 ...",2020-05-28 10:03
"[특징주] 삼성전자, 업황 개선 기대에 장중 5만원선 회복",/news/news_read.nhn?article_id=0001459661&office_id=057&mode=search&query=삼성전자&page=6,MBN,국내 증시 '대장주'인 삼성전자가 반도체 업황 회복에 대한 기대감으로 오늘(28일) 장중 2% 가까이 상승하고 있습니다. 이날 오전 9시 45분 현재 유가증권시장에서......,2020-05-28 10:04
스마트TV용 '삼성 헬스' 앱 출시,/news/news_read.nhn?article_id=0001005569&office_id=082&mode=search&query=삼성전자&page=6,부산일보,삼성전자 모델이 2020년형 삼성 스마트 TV용 '삼성 헬스' 앱으로 홈 트레이닝 영상을 시청하며 동작을 따라 하고 있다.삼성전자 제공 삼성전자...,2020-05-28 10:07
"""삼성 헬스, 삼성 스마트TV에서 즐기세요""",/news/news_read.nhn?article_id=0003365128&office_id=079&mode=search&query=삼성전자&page=6,노컷뉴스,"삼성전자가 27일 '삼성 헬스(Samsung Health)' 스마트 TV용 애플리케이션(이하 앱)을 한국과 미국, 영국 등 주요 국가에 출시했다...",2020-05-28 10:09
"삼성이 관심 가지는 NXP, 새 CEO에 커트 시버스 선임",/news/news_read.nhn?article_id=0003744123&office_id=011&mode=search&query=삼성전자&page=6,서울경제,시스템 반도체 경쟁력 강화에 박차를 가하고 있는 삼성전자가 관심을 가지고 있는 기업으로 알려진 NXP가 새 최고경영자(CEO)로 커트 시버스를 ...,2020-05-28 10:13
"""기준금리 추가 인하, 韓증시 영향 제한적""",/news/news_read.nhn?article_id=0004686983&office_id=277&mode=search&query=삼성전자&page=6,아시아경제,"완화와 삼성전자, SK하이닉스의 반등이 더욱 관건이 될 것""이라고 내다봤다. 윤 센터장도 ""코로나19가 촉발시킨 새로운 미국·중국 분쟁 가능성과...",2020-05-28 10:14
코로나 습격에 사고 팔고 기업 M&A ‘큰 장’ 섰다,/news/news_read.nhn?article_id=0000065509&office_id=024&mode=search&query=삼성전자&page=6,매경이코노미,국내에서는 신사업 발굴에 안간힘을 쓰는 삼성전자가 머지않아 굵직한 M&A에 나설 것이라는 기대가 크다. 이재용 삼성전자 부회장은 최근 발표한 대...,2020-05-28 10:15
"삼성디스플레이, '폴더블'로 '올해의 디스플레이상' 수상",/news/news_read.nhn?article_id=0000540364&office_id=031&mode=search&query=삼성전자&page=6,아이뉴스24,한편 삼성디스플레이는 현재 삼성전자의 2번째 폴더블폰인 갤럭시Z플립에 위아래로 접히는 '클램쉘' 타입의 폴더블 디스플레이를 탑재했다. 기존의 플...,2020-05-28 10:16
"언택트 3대장, 환산주가 1,2,6위 올라",/news/news_read.nhn?article_id=0001679129&office_id=016&mode=search&query=삼성전자&page=6,헤럴드경제,최근 코스피가 2000선을 회복했지만 환산주가 상위 10개 종목 중 삼성전자를 포함한 5개 종목이 연초대비 마이너스 상승률을 기록했다. 환산주가...,2020-05-28 10:23
"삼성 폴더블 디스플레이, SID서 ‘올해의 디스플레이’상",/news/news_read.nhn?article_id=0001679134&office_id=016&mode=search&query=삼성전자&page=6,헤럴드경제,"이번에 수상한 폴더블 디스플레이는 삼성전자의 첫번째 폴더블폰인 갤럭시 폴드에 최초로 탑재된 접이식 제품이다. 접으면 4.6인치, 펼치면 7.3인...",2020-05-28 10:27
"진격의 코스피, 한은 기준금리 인하에 장중 2,050선 탈환",/news/news_read.nhn?article_id=0000874095&office_id=215&mode=search&query=삼성전자&page=6,한국경제TV,삼성전자(1.80%)와 SK하이닉스(3.81%)가 장 초반 외국인을 중심으로 강한 매수세에 강세고 NAVER(0.44%)와 LG화학(1.01%)...,2020-05-28 10:28
[TF특징주] 삼성전자 5만원 탈환…반도체 회복 기대감,/news/news_read.nhn?article_id=0000027289&office_id=629&mode=search&query=삼성전자&page=6,더팩트,"삼성전자, 2.00% 오른 5만900원에 거래 중 반도체 수요에 대해 회복이 예상되면서 삼성전자와 SK하이닉스 등이 강세를 보이고 있다. 28일...",2020-05-28 10:31
이재용 부회장이 최근 들어 현대차 주로 타는 까닭은...,/news/news_read.nhn?article_id=0009885282&office_id=003&mode=search&query=삼성전자&page=6,뉴시스,"이재용 삼성전자 부회장이 최근들어 현대기아차동차 이용을 늘리고 있다. 이 부회장의 업무용 차량은 최근까지 이용했던 쌍용 체어맨부터 벤츠S클래스,...",2020-05-28 10:31
외국인 대거 순매수에 코스피 장중 2050 돌파,/news/news_read.nhn?article_id=0001679152&office_id=016&mode=search&query=삼성전자&page=6,헤럴드경제,"이에 대장주 삼성전자가 2.20% 상승했고, 시가총액 상위주에서 SK하이닉스(3.93%), LG생활건강(0.07%) 등이 올랐다. 전기전자, 철...",2020-05-28 10:34
"삼성 폴더블 디스플레이, 세계 최대 학회 선정 ‘올해의 디스플레이상’",/news/news_read.nhn?article_id=0000500501&office_id=469&mode=search&query=삼성전자&page=6,한국일보,지난해 삼성전자의 첫 폴더블 스마트폰 ‘갤럭시 폴드’에 처음 탑재된 이 제품은 여러 번 접었다 펴도 내구성을 갖도록 구조 및 특성을 최적화한 재...,2020-05-28 10:36
[마켓인사이트]삼성·SK 합작 시스템반도체상생펀드에 VC 7곳 도전장,/news/news_read.nhn?article_id=0004349167&office_id=015&mode=search&query=삼성전자&page=5,한국경제,"≪이 기사는 05월26일(07:02) 자본시장의 혜안 ‘마켓인사이트’에 게재된 기사입니다≫ 삼성전자와 SK하이닉스, 한국성장금융투자운용(한국성장금융)이 조성하는...",2020-05-28 10:41
"홍콩 특별지위 박탈 수출 직격탄…韓 기업, '25% 美 징벌적 관세 영향권'",/news/news_read.nhn?article_id=0001679175&office_id=016&mode=search&query=삼성전자&page=5,헤럴드경제,"격화되면서 삼성전자, SK하이닉스 등 국내 반도체 수출에 악영향을 줄 수 있다는 우려도 확산하고 있다. 28일 산업계에 따르면 삼성과 LG, SK 등 국내 주요 그룹들은 ...",2020-05-28 10:42
'갤럭시노트7 단종' 손해배상 소송…소비자 패소 확정,/news/news_read.nhn?article_id=0009885328&office_id=003&mode=search&query=삼성전자&page=5,뉴시스,"삼성전자의 '갤럭시 노트7' 단종과 리콜 과정에서 피해를 입었다며 기존 구매자들이 회사를 상대로 손해배상을 청구했지만, 대법원은 배상 책임이 없...",2020-05-28 10:45
"""마이크론 고맙다""…삼성전자 5만원 탈환",/news/news_read.nhn?article_id=0000529923&office_id=366&mode=search&query=삼성전자&page=5,조선비즈,반도체 수요가 회복될 것으로 예상되면서 삼성전자(005930)와 SK하이닉스(000660)등이 강세를 보이고 있다. 28일 오전 10시 40분 ...,2020-05-28 10:50
갤Z플립 VS 레이저 하반기 재격돌...폴더블폰 흥행 이끄나,/news/news_read.nhn?article_id=0003744265&office_id=011&mode=search&query=삼성전자&page=5,서울경제,삼성전자(005930) 클램셸 폴더블폰 ‘갤럭시Z플립’과 모토로라 ‘레이저’가 올해 하반기 새로운 모델로 재격돌한다. 올해 초 세계 최초 클램셸...,2020-05-28 10:53
"코스콤, 금융클라우드로 개인 디지털 자산 보호…""해킹당한 디지털 지갑, 블록체인 ...",/news/news_read.nhn?article_id=0004687064&office_id=277&mode=search&query=삼성전자&page=5,아시아경제,"트러스트버스는 삼성전자의 블록체인 파트너로서 마스터키 내 블록체인 기반 복원 솔루션을 구축하고, 삼성전자의 블록체인 키스토어 기반 삼성 월렛도 함께 지원하여...",2020-05-28 11:02
"대법 ""갤노트7 화재 사태에 삼성 손해배상 책임 없어""",/news/news_read.nhn?article_id=0004349208&office_id=015&mode=search&query=삼성전자&page=5,한국경제,삼성전자의 '갤럭시노트7' 배터리 '화재' 사고로 정신적 손해를 입었다는 일부 소비자들의 주장에 대해 제조사의 손해배상 책임이 없다는 대법원 판...,2020-05-28 11:10
언택트 대장주 3인방…환산주가 ‘씽씽’,/news/news_read.nhn?article_id=0001679253&office_id=016&mode=search&query=삼성전자&page=5,헤럴드경제,최근 코스피가 2000선을 회복했지만 환산주가 상위 10개 종목 중 삼성전자를 포함한 5개 종목이 연초대비 마이너스 상승률을 기록했다. 환산주가...,2020-05-28 11:16
'코로나19 보다 무서운 홍콩 엑소더스',/news/news_read.nhn?article_id=0004687106&office_id=277&mode=search&query=삼성전자&page=5,아시아경제,"28일 관련 업계에 따르면 삼성전자, SK하이닉스 등 반도체 기업들은 홍콩의 특별지위 박탈 등 미국의 경고가 현실화하는 극단적인 상황을 감안해 기존 홍콩을 경유한...",2020-05-28 11:18
집콕운동…‘삼성헬스’ 스마트TV 앱서비스,/news/news_read.nhn?article_id=0001679278&office_id=016&mode=search&query=삼성전자&page=5,헤럴드경제,"삼성전자가 28일 ‘삼성 헬스(Samsung Health)’ 스마트 TV용 애플리케이션(이하 앱)을 한국과 미국, 영국 등 주요 국가에 출시했다...",2020-05-28 11:29
"코스콤-트러스트버스, 디지털 자산관리 서비스 위한 MOU",/news/news_read.nhn?article_id=0004584036&office_id=009&mode=search&query=삼성전자&page=5,매일경제,"트러스트버스는 삼성전자의 블록체인 파트너로서 '마스터키' 내 블록체인 기반 복원 솔루션을 구축하고, 삼성전자의 블록체인 키스토어 기반 삼성 월렛도 함께...",2020-05-28 11:29
삼성 폴더블 디스플레이 ‘올해의 디스플레이’상,/news/news_read.nhn?article_id=0001679279&office_id=016&mode=search&query=삼성전자&page=5,헤럴드경제,"이번에 수상한 폴더블 디스플레이는 삼성전자의 첫번째 폴더블폰인 갤럭시 폴드에 최초로 탑재된 접이식 제품이다. 접으면 4.6인치, 펼치면 7.3인...",2020-05-28 11:30
"한국기업, 25% 美 징벌적 관세 영향권…수출 ‘발등의 불’",/news/news_read.nhn?article_id=0001679282&office_id=016&mode=search&query=삼성전자&page=5,헤럴드경제,"격화되면서 삼성전자, SK하이닉스 등 국내 반도체 기업의 수출에 악영향을 줄 수 있다는 우려도 확산하고 있다. 28일 산업계에 따르면 삼성과 L...",2020-05-28 11:32
"[최강시사] 김기식 3차 추경, 35조원 규모될 것…재정건전성 문제없어",/news/news_read.nhn?article_id=0010842690&office_id=056&mode=search&query=삼성전자&page=5,KBS,"것 - 삼성전자 중장기 반도체 투자 , 이재용 없어도 이뤄져.. 삼성 걱정 할 필요 없어 - 3차 추경, 35조원 선에서 마련되고 통과될 거라 ...",2020-05-28 11:42
"대법 ""'갤럭시7 폭발' 불안감, 정신적 손해배상 대상 아냐""(종합)",/news/news_read.nhn?article_id=0004663324&office_id=421&mode=search&query=삼성전자&page=5,뉴스1,삼성전자의 스마트폰 '갤럭시노트7'을 샀던 소비자들이 배터리 폭발사고와 관련해 입은 재산적·정신적 손해를 배상하라며 삼성전자를 상대로 소송을 냈...,2020-05-28 11:42
은성수 반도체·바이오·미래車도 자금지원,/news/news_read.nhn?article_id=0001679330&office_id=016&mode=search&query=삼성전자&page=5,헤럴드경제,"시스템반도체는 파운드리 사업으로 대표되는데, 최근 삼성전자는 2030년까지 133조원을 투자하겠다고 발표했다. SK는 신약개발사인 SK바이오팜 상장을 추진 중이며...",2020-05-28 11:43
"""코로나 집콕 생활 '홈 트레이닝'에 제격""…스마트TV용 '삼성 헬스' 앱 출시",/news/news_read.nhn?article_id=0001459766&office_id=057&mode=search&query=삼성전자&page=5,MBN,"삼성전자는 모바일용만 있던 '삼성 헬스'(Samsung Health) 애플리케이션을 스마트TV용으로도 출시하고 서비스를 시작했다고 오늘(28일) 밝혔습니다. 한국, 미국,...",2020-05-28 11:50
"[TF시황] 코스피, 외인·기관 쌍끌이 매수에 1% 가량 '상승'",/news/news_read.nhn?article_id=0000027307&office_id=629&mode=search&query=삼성전자&page=5,더팩트,"시가총액 상위종목은 삼성전자(+1.80%), SK하이닉스(+3.69%), 네이버(+1.75%)가 상승 중인 가운데 삼성바이오로직스(-1.60%)...",2020-05-28 11:51
"코스피, 한은 금리인하에 상승세…장중 2050선 돌파",/news/news_read.nhn?article_id=0000212490&office_id=374&mode=search&query=삼성전자&page=5,SBS CNBC,"뉴욕증시가 2%대로 크게 뛴 가운데, 미국 반도체사인 마이크론 주가가 급등하면서 삼성전자나 SK하이닉스 등 국내 반도체주도 상승 중입니다. 더불...",2020-05-28 11:53
‘배터리 발화’ 갤노트7 소비자 손배소 패소 확정,/news/news_read.nhn?article_id=0000212496&office_id=374&mode=search&query=삼성전자&page=5,SBS CNBC,삼성전자의 '갤럭시노트7' 발화사고 손해배상 소송에서 소비자들이 최종 패소했습니다. 대법원은 오늘(28일) 갤럭시노트7 구매자 1천800여명이 ...,2020-05-28 11:58
코로나 때문에… 지난달 전세계 TV출하량 28%↓,/news/news_read.nhn?article_id=0002429566&office_id=021&mode=search&query=삼성전자&page=4,문화일보,"특히 국내 업체들의 주력이자, 세계 최대 가전 시장인 미국과 유럽이 경기 위축의 직격탄을 맞으면서 삼성전자와 LG전자의 2분기 실적 하락 우려도...",2020-05-28 12:02
'마이너스' 성장률 전망에 상승폭↓…코스닥 하락세,/news/news_read.nhn?article_id=0001040901&office_id=214&mode=search&query=삼성전자&page=4,MBC,시가 총액 상위 종목 살펴보면 혼조세를 보이는 가운데 삼성전자와 SK하이닉스가 마이크론 테크놀로지의 실적 가이던스 상향 소식과 반도체 업황 회복...,2020-05-28 12:15
삼성 스마트 TV서 ‘삼성 헬스’ 서비스 개시,/news/news_read.nhn?article_id=0002429587&office_id=021&mode=search&query=삼성전자&page=4,문화일보,"삼성 헬스 서비스를 스마트 TV 대화면으로 즐겨 삼성전자가 27일 ‘삼성 헬스’ 스마트 TV용 애플리케이션(앱)을 한국, 미국, 영국 등 주요 ...",2020-05-28 12:21
이재용 기소 주목...법조계 객관적 사실 입증 없으면 무리,/news/news_read.nhn?article_id=0002404315&office_id=119&mode=search&query=삼성전자&page=4,데일리안,이재용 삼성전자 부회장이 삼섬 합병 의혹과 관련 검찰 소환 조사를 받으면서 일부에선 벌써부터 기소 가능성이 거론되고 있다. 하지만 법조계 등에서...,2020-05-28 12:24
삼성 폴더블 디스플레이 국제학회서 혁신賞 수상,/news/news_read.nhn?article_id=0002429611&office_id=021&mode=search&query=삼성전자&page=4,문화일보,"이번에 수상한 폴더블 디스플레이는 삼성전자의 첫번째 폴더블폰인 갤럭시 폴드에 최초로 탑재된 접이식 제품이다. 접으면 4.6인치, 펼치면 7.3인치로 확장된다....",2020-05-28 12:41
"""동학개미, 밤새 안녕들 하신가요?""",/news/news_read.nhn?article_id=0002600909&office_id=029&mode=search&query=삼성전자&page=4,디지털타임스,◆ '진격의 동학개미' = 삼성전자는 동학개미 운동의 표석이다. 많은 개미들이 외국인에 맞서 하락장에서 삼성전자를 매수했다. 28일 오전 9시1...,2020-05-28 13:01
"골프존데카, '갤럭시워치 액티브2 골프' 누적판매 5천대 돌파",/news/news_read.nhn?article_id=0004416147&office_id=008&mode=search&query=삼성전자&page=4,머니투데이,골프존 관계사 골프존데카는 자체 개발한 골프 거리 측정 앱(응용프로그램) '스마트캐디'가 탑재된 삼성전자의 '갤럭시워치 액티브2 골프 에디션' ...,2020-05-28 13:06
코스피 상승출발했으나…하락반전에 2010선까지 내려가,/news/news_read.nhn?article_id=0004687284&office_id=277&mode=search&query=삼성전자&page=4,아시아경제,"시가총액 10위 가운데 삼성전자(0.2%), SK하이닉스(1.6%), NAVER(0.44%) 등은 올랐고, 삼성바이오로직스(3.04%), 셀트리...",2020-05-28 13:36
이진하 스페이셜 대표 코로나 가도 원격회의 더 뜬다…AR·VR 이어 모바일도 연...,/news/news_read.nhn?article_id=0002885063&office_id=030&mode=search&query=삼성전자&page=4,전자신문,스페이셜은 최연소 삼성전자 수석연구원 출신으로 잘 알려진 이진하 대표가 2017년 미국에서 창업한 협업툴 개발 스타트업이다. 각자 다른 작업공간...,2020-05-28 13:39
"코스피, 홍콩 리스크·마이너스 성장 탓에 하락 전환…2010선",/news/news_read.nhn?article_id=0004650528&office_id=018&mode=search&query=삼성전자&page=4,이데일리,미국 마이크론의 매출 전망 상향에 힘입어 삼성전자(005930)와 SK하이닉스(000660)의 상승세로 상승 출발해 2054선까지 치솟았다. 하지만 성장률 예상치 하향과 ...,2020-05-28 13:40
코스피 하락 전환 2010선…코스닥 2% 하락,/news/news_read.nhn?article_id=0004663622&office_id=421&mode=search&query=삼성전자&page=4,뉴스1,"미국 반도체업체인 마이크론테크놀로지가 실적 가이던스를 상향조정함에 따라 삼성전자(0.80%), SK하이닉스(2.46%), 삼성전자우(0.47%)...",2020-05-28 13:52
코스피 상승 주도 '동학 개미'…무엇으로 끌어올렸나,/news/news_read.nhn?article_id=0009886000&office_id=003&mode=search&query=삼성전자&page=4,뉴시스,증시가 공황장세를 보이며 급락하던 3월 한 달 동안 개인들은 유가증권시장에서 삼성전자를 4조9587억원 쓸어담으며 장기투자에 나서는 모습이었다....,2020-05-28 13:58
최태원 회장의 '인재 사랑'…미래 인재 힘 싣는 SK하이닉스,/news/news_read.nhn?article_id=0000540416&office_id=031&mode=search&query=삼성전자&page=4,아이뉴스24,"서울대학교가 3월 신설한 '인공지능반도체공학 연합전공'에 삼성전자와 SK하이닉스가 운영에 필요한 경비, 실험·실습 기자재 등을 지원하기로 했다....",2020-05-28 14:11
"코스피, 개인 순매도에 반락…2020선은 상회",/news/news_read.nhn?article_id=0004416213&office_id=008&mode=search&query=삼성전자&page=4,머니투데이,"오전 중 하락했던 NAVER는 1%대 상승세로 돌아섰고, 삼성전자와 카카오는 강보합세다. 나머지는 모두 하락세다. 코스닥 지수도 반락했다. 이 시각 현재 코스닥...",2020-05-28 14:15
`약세전환` 코스피…금리인하 카드에도 마이너스 성장 `충격`,/news/news_read.nhn?article_id=0004584152&office_id=009&mode=search&query=삼성전자&page=4,매일경제,"삼성전자, SK하이닉스, NAVER, 카카오 등은 상승하는 동안 삼성바이오로직스, 셀트리온, LG화학, 삼성SDI, LG생활건강, 현대차 등은 ...",2020-05-28 14:21
"코스콤, 해킹된 디지털 자산 블록체인으로 복원",/news/news_read.nhn?article_id=0000530168&office_id=366&mode=search&query=삼성전자&page=4,조선비즈,"트러스트버스는 삼성전자(005930)의 블록체인 파트너로서 ‘마스터키’ 내 블록체인 기반 복원 솔루션을 구축하고, 삼성전자의 블록체인 키스토어 ...",2020-05-28 14:25
삼성이 만든 줄… 日 조롱하는 ‘디스이즈어펜’ 광고 알고보니,/news/news_read.nhn?article_id=0000500606&office_id=469&mode=search&query=삼성전자&page=4,한국일보,일본 조롱하는 삼성 노트북ㆍ태블릿 광고 눈길 삼성 광고 아닌데… 온라인에서 “수출 규제 때문” 추측까지 일본을 조롱하는 소재를 이용한 삼성전자 ...,2020-05-28 14:35
"대법 ""삼성, '갤노트7 폭발' 정신적 손해배상 책임 없다""",/news/news_read.nhn?article_id=0000874203&office_id=215&mode=search&query=삼성전자&page=4,한국경제TV,2016년 삼성전자 갤럭시노트7의 배터리 '폭발' 사고로 정신적 손해를 입었다는 일부 소비자들의 주장에 대해 제조사의 손해배상 책임이 없다는 대...,2020-05-28 14:48
"해킹·훼손된 디지털 자산, 블록체인으로 복원한다",/news/news_read.nhn?article_id=0002885101&office_id=030&mode=search&query=삼성전자&page=4,전자신문,트러스트버스는 삼성전자 블록체인 파트너로서 마스터 키 내 블록체인 기반 복원 솔루션을 구축한다. 삼성전자 블록체인 키스토어 기반 삼성 월렛도 함께 지원해...,2020-05-28 14:58
'파죽지세' 동학개미…아직도 실탄 200조 넘게 남았다,/news/news_read.nhn?article_id=0004416270&office_id=008&mode=search&query=삼성전자&page=4,머니투데이,"최근에는 삼성전자, SK하이닉스 같은 저평가된 코스피 우량주들뿐 아니라 바이오, 헬스케어 등 코로나19 수혜주가 집중된 코스닥에도 매수세가 이어...",2020-05-28 15:03
어떻게 우리는 중국산 전자제품에 중독되었나 (하),/news/news_read.nhn?article_id=0004584229&office_id=009&mode=search&query=삼성전자&page=3,매일경제,"최근 우리나라에서는 삼성전자, LG전자 등 대기업들이 장악하고 있는 대형 가전이 아니라 10만~30만원 정도에 구매할 수 있는 소형가전 시장이 ...",2020-05-28 15:03
나도 모르게 확진자 접촉…앱이 먼저 '감염 위험경고' 보냈다,/news/news_read.nhn?article_id=0004416273&office_id=008&mode=search&query=삼성전자&page=3,머니투데이,"지난해 컴퓨터 과학 분야 노벨상으로 불리는 튜링상을 수상했으며, 국내에선 삼성전자와 협업한 것으로도 유명한 인물이다. 그는 '탈분산화 위험 인지...",2020-05-28 15:05
"삼성전자, 코로나19 시대 맞춤형 TV 건강관리 앱 출시",/news/news_read.nhn?article_id=0004349389&office_id=015&mode=search&query=삼성전자&page=3,한국경제,"삼성전자가 '홈 루덴스(home ludens)'족을 겨냥한 TV용 건강관리 앱을 출시했다. 홈 루덴스는 집을 뜻하는 홈(home)과 유희, 놀이...",2020-05-28 15:12
멜론의 '음악 다양성' 실험…실시간 차트 없애고 주제별 감상 강화,/news/news_read.nhn?article_id=0004349409&office_id=015&mode=search&query=삼성전자&page=3,한국경제,삼성전자 스마트냉장고와 SK텔레콤 인공지능(AI) 스피커 ‘누구(NUGU)’ 등을 통해서도 멜론을 즐길 수 있도록 편리한 음악 감상 환경을 제공...,2020-05-28 15:23
삼성 인덕션 `더 플레이트` 기획·개발자가 찌개를 522시간 끓인 이유는?,/news/news_read.nhn?article_id=0002600967&office_id=029&mode=search&query=삼성전자&page=3,디지털타임스,"이제는 주방기기도 감성을 자극해야만 소비자 마음을 잡을 수 있죠."" 삼성 인덕션 '더 플레이트' 기획을 담당한 채인아 삼성전자 생활가전사업부 상...",2020-05-28 15:35
"[fn마감시황] 코스피, 외인·기관 매수에도 개인 매도...2020선 회귀",/news/news_read.nhn?article_id=0004433174&office_id=014&mode=search&query=삼성전자&page=3,파이낸셜뉴스,코스피 시가총액 상위주 중 삼성전자는 전 거래일보다 1.00% 오른 5만400원에 마감했다. 네이버(5.25%)와 SK하이닉스(3.07%)도 상승 마감했다. 반면...,2020-05-28 15:36
실내활동 증가에 에어컨 구매 급증…전년 대비 43%↑,/news/news_read.nhn?article_id=0001005668&office_id=082&mode=search&query=삼성전자&page=3,부산일보,△캐리어 벽걸이에어컨(ARC061SSE)은 37만 9000원(2020년 5월 27일 가격 기준) △삼성전자 무풍멀티형에어컨(AF18R5773WZ...,2020-05-28 15:38
역성장 전망·미중갈등 격화...코스닥 -2.2%,/news/news_read.nhn?article_id=0000874213&office_id=215&mode=search&query=삼성전자&page=3,한국경제TV,"삼성전자(+1.00%), SK하이닉스(+3.07%), 네이버(+5.25%), 삼성전자우(+1.28%), 카카오(+2.50%) 등이 상승 마감했다...",2020-05-28 15:44
"""개인고객 유치에 총력""…IB 개점휴업에 속수무책",/news/news_read.nhn?article_id=0000874214&office_id=215&mode=search&query=삼성전자&page=3,한국경제TV,""" 증권사들은 대책으로 동학개미 운동에 따른 브로커리지 특수를 노리고 삼성전자 주식 증정, 수수료 감면 등 마케팅에 집중하고 있습니다. 하지만 ...",2020-05-28 15:45
"[마감시황]코로나19 확진 급증에 홍콩보안법 부담...코스피 2,020선 하락 마...",/news/news_read.nhn?article_id=0003744869&office_id=011&mode=search&query=삼성전자&page=3,서울경제,"시가총액 상위 종목 중 삼성전자 1.00%, SK하이닉스 3.07%, NAVER 5.25%, 카카오 2.50% 등은 상승을 기록했다. 반면 삼성...",2020-05-28 15:46
[코스피 마감] 홍콩 리스크 부각에 4거래일만에 조정…2028선,/news/news_read.nhn?article_id=0004650692&office_id=018&mode=search&query=삼성전자&page=3,이데일리,"기대감에 삼성전자(005930)가 1%, SK하이닉스(000660)가 3.07% 올랐다. 언택트 대형주인 NAVER(035420)(5.25%),...",2020-05-28 15:47
외인 지분율 금융위기 이후 최저로 떨어진 현대차…지금이 매수기회?,/news/news_read.nhn?article_id=0004349438&office_id=015&mode=search&query=삼성전자&page=3,한국경제,LG화학(99.80배) 네이버(64.59배) 삼성전자(15.79배) 등과 비교해 현격히 낮다. 증권사들은 연일 현대차 목표주가를 높이고 있다. ...,2020-05-28 15:58
"[마감시황]코스피, 역성장 공포에 하락",/news/news_read.nhn?article_id=0009886480&office_id=003&mode=search&query=삼성전자&page=3,뉴시스,"대장주 삼성전자는 전 거래일 대비 500원(1.00%) 오른 5만400원에 거래를 마쳤고, SK하이닉스(3.07%)와 네이버(5.25%), 카카...",2020-05-28 15:58
코스피 2020선 마감…코스닥 2%대 하락,/news/news_read.nhn?article_id=0004687430&office_id=277&mode=search&query=삼성전자&page=3,아시아경제,"시가총액 10위 안에서 삼성전자(1%), SK하이닉스(3.07%), NAVER(5.25%), 카카오(2.5%) 등은 상승한 반면 삼성바이오로직스...",2020-05-28 15:59
"[단독]3자연합, 3월 한진칼 주총 취소소송 제기…경영권 분쟁 2탄",/news/news_read.nhn?article_id=0003288752&office_id=020&mode=search&query=삼성전자&page=3,동아일보,경영권 분쟁 과정에서 일절 외부에 모습을 드러내지 않았던 김 대표는 사법시험 44회 출신으로 삼성전자 법무실 등에서 일했던 경력이 있으며 3자연...,2020-05-28 16:01
RE100 참여 기업 235곳으로 늘어…국내는 제도 도입 협의 중,/news/news_read.nhn?article_id=0002885144&office_id=030&mode=search&query=삼성전자&page=3,전자신문,삼성전자와 LG화학 등을 비롯한 23개 기업이 지난해 11월 열린 시범사업 설명회에 참석했다. 이들 기업은 녹색요금제 등에 관한 의견을 제시했다...,2020-05-28 16:02
"[TF시황] 코스피, 개인 매도 커지며 2020선으로 후퇴",/news/news_read.nhn?article_id=0000027340&office_id=629&mode=search&query=삼성전자&page=3,더팩트,"시가총액 상위종목은 삼성전자(+1.00%), SK하이닉스(+3.07%), 네이버(+5.25%), 삼성전자우(+1.28%), 카카오(+2.50%)...",2020-05-28 16:03
개인-외인·기관 반대 움직임…코스피 2020선으로 후퇴,/news/news_read.nhn?article_id=0002404364&office_id=119&mode=search&query=삼성전자&page=3,데일리안,"시가총액 상위 10개 종목 가운데에서는 삼성전자(1.00%), SK하이닉스(3.07%), 네이버(5.25%), 카카오(2.50%) 등 4종목만 ...",2020-05-28 16:04
삼성 스마트TV로 `홈트`한다,/news/news_read.nhn?article_id=0004584314&office_id=009&mode=search&query=삼성전자&page=3,매일경제,"삼성전자가 자사 스마트 TV용 '삼성 헬스' 애플리케이션을 한국, 미국, 영국 등 주요 국가에 동시 출시했다고 28일 밝혔다. 이를 통해 모바일용으로만 제공되던 삼성......",2020-05-28 16:04
[시황종합] 코스피 약보합 2020선…코스닥 2%대 하락,/news/news_read.nhn?article_id=0004664254&office_id=421&mode=search&query=삼성전자&page=3,뉴스1,"SK하이닉스(3.07%), 삼성전자우(1.28%), 삼성전자(1.00%) 순이다. 반면 삼성바이오로직스(2.08%), LG화학(1.77%), 삼...",2020-05-28 16:05
"대법 ""삼성, 갤럭시노트7 폭발 관련 손해배상 책임 없어""",/news/news_read.nhn?article_id=0000540452&office_id=031&mode=search&query=삼성전자&page=2,아이뉴스24,배터리 폭발 문제로 단종된 삼성전자 '갤럭시노트7' 소비자들이 삼성전자를 상대로 낸 손해배상 소송에서 패소했다. 대법원2부는 28일 갤럭시노트7...,2020-05-28 16:06
코스피 약보합 마감…거래대금 역대 최대(종합),/news/news_read.nhn?article_id=0011640886&office_id=001&mode=search&query=삼성전자&page=2,연합뉴스,"시가총액 1·2위인 삼성전자(1.00%), SK하이닉스(3.07%)는 전날 미국 반도체 기업 마이크론의 실적 전망 상향조정에 힘입어 강세를 띠었...",2020-05-28 16:07
"[마감시황] 코스피, 개인 매물…4일만에 하락 '숨고르기'",/news/news_read.nhn?article_id=0000540453&office_id=031&mode=search&query=삼성전자&page=2,아이뉴스24,"삼성바이오로직스(-2.08%), 셀트리온(-0.94%), LG화학(-1.77%)이 하락한 반면 삼성전자 1.00%, SK하이닉스 3.07%, NAVER 5.25%의 상승률...",2020-05-28 16:09
"네이처가 본 삼성 ""1조5천억 기초연구 투자, 과학기술 사회공헌""",/news/news_read.nhn?article_id=0002404375&office_id=119&mode=search&query=삼성전자&page=2,데일리안,"기초연구 분야가 정부 주도의 톱다운 방식에서 연구자 주도의 기초연구 강조 기조로 전환되고 있는 가운데, 삼성전자의 ‘삼성미래기술육성사업’이 기초...",2020-05-28 16:11
상승세 꺾인 코스피…마이너스 성장률 충격에 2020선 `털썩`,/news/news_read.nhn?article_id=0004584328&office_id=009&mode=search&query=삼성전자&page=2,매일경제,"삼성전자, SK하이닉스, NAVER, 카카오가 오르는 반면 삼성바이오로직스, 셀트리온, LG화학, 삼성SDI, LG생활건강, 현대차 등은 하락했...",2020-05-28 16:13
삼성전자 5만원 재돌파…외국인 이틀째 순매수,/news/news_read.nhn?article_id=0004664298&office_id=421&mode=search&query=삼성전자&page=2,뉴스1,대장주 삼성전자가 약 1주일만에 5만원을 넘겼다. 28일 한국거래소에 따르면 이날 삼성전자 주가는 전일 대비 500원(1%) 상승한 5만400원...,2020-05-28 16:14
"외인 대규모 매수세…반도체, 주도주로 돌아올까",/news/news_read.nhn?article_id=0004416375&office_id=008&mode=search&query=삼성전자&page=2,머니투데이,"SK하이닉스는 3.07%, 삼성전자는 1%, 삼성전기는 1.24%, LG이노텍은 2.49% 상승했다. 미국 반도체기업인 마이크론이 데이터센터 수...",2020-05-28 16:16
삼성전자 5만원대 복귀…코스닥은 2.19% 급락,/news/news_read.nhn?article_id=0002224529&office_id=123&mode=search&query=삼성전자&page=2,조세일보,시가총액 1위인 삼성전자의 주가는 지난 20일 이후 6거래일만에 5만원선을 다시 돌파했다. 28일 코스피 지수는 전날보다 2.66포인트(0.13...,2020-05-28 16:18
"[마감] 경제성장률 -0.2%… 코스피, 2020선대로 밀려",/news/news_read.nhn?article_id=0000548278&office_id=417&mode=search&query=삼성전자&page=2,머니S,"코스피 시가총액 10위권 상위 종목에서는 삼성전자(1.00%), SK하이닉스(3.07%), 네이버(5.25%), 삼성전자우(1.28%), 카카오...",2020-05-28 16:18
"'삼성고시' D-2…""토사구팽에 나오는 동물은 뭔가요?""",/news/news_read.nhn?article_id=0004416388&office_id=008&mode=search&query=삼성전자&page=2,머니투데이,"삼성전자의 한 차장급 직원은 ""동기들 중 조용히 사라진 이들이 나중에 알고 보니 GSAT 출제를 다녀왔다고 하더라""며 ""대부분 고득점자들로 서류...",2020-05-28 16:21
삼성 비스포크 출시 1년…냉장고 성공 힘입어 주방가전 전반으로 확대,/news/news_read.nhn?article_id=0004650798&office_id=018&mode=search&query=삼성전자&page=2,이데일리,기자] 삼성전자가 지난해 6월 출시한 맞춤형 냉장고 ‘비스포크’의 성공에 힘입어 비스포크 제품군을 주방가전 전반으로 확대하고 있다. 28일 업계...,2020-05-28 16:35
한숨 돌리나 싶었는데…쿠팡發 코로나 확산에 문단속하는 기업들,/news/news_read.nhn?article_id=0004664411&office_id=421&mode=search&query=삼성전자&page=2,뉴스1,"이 밖에 삼성전자, 현대차, SK하이닉스, LG전자, 삼성SDI, 대한항공 같은 기업들은 생활속 거리두기로 바뀐 이후에도 체온측정, 손소독제 비...",2020-05-28 16:36
"골프존데카 ""3달만에 스마트캐디 탑재 갤럭시워치 판매량 5000대 돌파""",/news/news_read.nhn?article_id=0002224532&office_id=123&mode=search&query=삼성전자&page=2,조세일보,골프존데카와 삼성전자가 2016년 스마트워치 전용으로 선보인 바 있다. 올해 2월 말 출시된 갤럭시 워치 액티브2 골프 에디션에 탑재된 스마트캐...,2020-05-28 16:38
스마트폰 분실해도 저장해 놓은 디지털 자산은 찾는다,/news/news_read.nhn?article_id=0004433261&office_id=014&mode=search&query=삼성전자&page=2,파이낸셜뉴스,정기욱 트러스트버스 대표도 “삼성전자의 블록체인 파트너로서 ‘삼성 블록체인 키스토어’와 ‘삼성 블록체인 월렛’ 관련 복원도 지원하고 있다”며 “...,2020-05-28 16:39
"[TF매매동향] 외국인, '삼성전자' 사고 '삼성SDI' 팔았다",/news/news_read.nhn?article_id=0000027358&office_id=629&mode=search&query=삼성전자&page=2,더팩트,삼성전자 1226억 원 매수·삼성SDI 395억 원 매도 27일 코스피는 개인 매도세가 커지며 오후 중 하락세로 전환해 약보합권에 마감했다. 이...,2020-05-28 16:55
증시선방 `동학개미`의 반란… 하반기도 통할까,/news/news_read.nhn?article_id=0002601012&office_id=029&mode=search&query=삼성전자&page=2,디지털타임스,코스피 3월 11兆 폭풍매수… 이달 27일 2031선 회복세 시총 상위종목 30% 상승… 삼성전자도 5만원대로 안착 기업 수익 악화·美中 무역전...,2020-05-28 17:10
[기업] 삼성전자 스마트 TV서도 '삼성 헬스' 앱 이용 가능,/news/news_read.nhn?article_id=0001445613&office_id=052&mode=search&query=삼성전자&page=2,YTN,"삼성전자가 스마트 TV에서 활용 가능한 '삼성 헬스' 애플리케이션을 우리나라와 미국, 영국 등 주요 국가에 출시했습니다. 이로써 모바일용으로만 ...",2020-05-28 17:16
소외주의 반격…은행·철강·반도체株 들썩,/news/news_read.nhn?article_id=0004349522&office_id=015&mode=search&query=삼성전자&page=2,한국경제,반도체 집중하는 외국인 이날 외국인과 기관이 은행주를 사들이긴 했지만 가장 많이 사들인 종목은 삼성전자와 SK하이닉스였다. 외국인과 기관은 각각...,2020-05-28 17:29
"美마이크론 훈풍에… 삼성전자·하이닉스 ""반갑다, 외국인""",/news/news_read.nhn?article_id=0004433309&office_id=014&mode=search&query=삼성전자&page=2,파이낸셜뉴스,국내 반도체 대장주인 삼성전자와 SK하이닉스의 주가 회복 가능성에 관심이 쏠린다. 메모리 반도체를 생산하는 미국 마이크론테크놀로지가 올해 3·4...,2020-05-28 17:29
외국인 지분 2008년 이후 최저…현대차 지금이 저가매수 기회?,/news/news_read.nhn?article_id=0004349524&office_id=015&mode=search&query=삼성전자&page=2,한국경제,12배 수준이다. LG화학(99.80배) 네이버(64.59배) 삼성전자(15.79배) 등과 비교해 현격히 낮다. 증권사들은 연일 현대차 목표주가...,2020-05-28 17:30
"아이티엠반도체, 애플도 반한 PMP '초격차'…상장 6개월만에 시총 1.5조",/news/news_read.nhn?article_id=0004349526&office_id=015&mode=search&query=삼성전자&page=1,한국경제,삼성전자 매출 비중도 29%에 달한다. 업계에 따르면 삼성전자의 1분기 무선 이어폰 출하량은 작년 동기(135만 대) 대비 250% 늘어난 47...,2020-05-28 17:30
극심한 '우선주 저평가'…더 커진 배당 매력,/news/news_read.nhn?article_id=0004349528&office_id=015&mode=search&query=삼성전자&page=1,한국경제,주주친화적인 정책을 펴는지 잘 살펴봐야 한다고 말한다. 2016년 이재용 삼성전자 부회장이 우선주 괴리율이 10% 수준을 넘지 않도록 하겠다고 ...,2020-05-28 17:31
'상위 1%' 아크로의 미래 주거공간 키워드는 '맞춤형·주방',/news/news_read.nhn?article_id=0003745064&office_id=011&mode=search&query=삼성전자&page=1,서울경제,삼성전자가 도입한 ‘비 스포크’와 같이 주거공간의 구성도 개개인의 취향에 맞춰 보다 유동적으로 선택할 수 있는 방안이 확대된다는 것이다. 아크로...,2020-05-28 17:34
홍콩 특별지위 박탈 가능성에 국내 업계 큰 피해 없다지만…,/news/news_read.nhn?article_id=0000500720&office_id=469&mode=search&query=삼성전자&page=1,한국일보,실제 삼성전자와 SK하이닉스는 홍콩에 판매법인을 운영하고 있다. 하지만 업계에서는 홍콩이 특별 지위를 박탈당해 대미 수출품 관세가 중국만큼 붙더...,2020-05-28 17:44
"[포토] 삼성, 스마트TV용 앱 `삼성헬스` 한·미·영 출시",/news/news_read.nhn?article_id=0004584477&office_id=009&mode=search&query=삼성전자&page=1,매일경제,"삼성전자가 28일 스마트 TV용 애플리케이션 '삼성 헬스'를 한국, 미국, 영국 등 주요 국가에서 동시에 출시했다고 밝혔다. 삼성 헬스는 사용자...",2020-05-28 17:44
삼성 폴더블 디스플레이 `월드 베스트`,/news/news_read.nhn?article_id=0004584480&office_id=009&mode=search&query=삼성전자&page=1,매일경제,삼성 폴더블 디스플레이는 삼성전자의 갤럭시 폴드에 최초로 탑재된 제품이다. 삼성디스플레이는 실제 사용 환경에 맞춰 내구성을 갖추도록 플라스틱 기반 커버...,2020-05-28 17:45
삼성전자 5만원대 복귀…반도체랠리 신호탄,/news/news_read.nhn?article_id=0004584502&office_id=009&mode=search&query=삼성전자&page=1,매일경제,외국인 돌아오며 박스권 탈출 이틀연속 2747억원 쓸어담아 28일 삼성전자 주가 1% 상승 언택트 확산속 스마트폰 수요↑ 마이크론 예상실적 상향...,2020-05-28 17:51
홍콩 경유해 중국 가는 반도체 등 물류비 증가,/news/news_read.nhn?article_id=0004349581&office_id=015&mode=search&query=삼성전자&page=1,한국경제,이 중 약 80%는 삼성전자와 SK하이닉스의 주력 제품인 메모리 반도체다. 홍콩에 수출된 반도체의 90% 이상은 중국으로 재수출됐다. 홍콩은 달러화 결제가 가능하고 최대 ...,2020-05-28 17:54
2020 국가산업대상’ 시상식...26개 기업 수상,/news/news_read.nhn?article_id=0003004680&office_id=025&mode=search&query=삼성전자&page=1,중앙일보,"이 날 시상식에는 삼성전자, 신한카드, 스타벅스커피코리아, 에쓰-오일, KB저축은행, 한국맥도날드, 한국아스트라제네카, 세라젬, 한국자산관리공사...",2020-05-28 18:07
"코로나 위기를 재테크 기회로 '고배당금융테크랩' [코로나 극복, 하나 된 대한민국...",/news/news_read.nhn?article_id=0004433361&office_id=014&mode=search&query=삼성전자&page=1,파이낸셜뉴스,이 상품은 국내 대표 4차산업 선도기업인 삼성전자와 안정적인 고배당을 추구하는 금융주에 투자한다. 삼성전자와 3대 금융지주사의 주식 또는 이를 ...,2020-05-28 18:08
"원자재 긴급 공수 등 마스크 대란 해소 '숨은 공신'[코로나 극복, 하나 된 대한...",/news/news_read.nhn?article_id=0004433360&office_id=014&mode=search&query=삼성전자&page=1,파이낸셜뉴스,특히 삼성전자는 중국의 한 반도체 고객사가 직원 안전 차원에서 보낸 마스크 5만개까지 대구 지역에 전달했다. 삼성은 마스크 필터용 부직포 구매대...,2020-05-28 18:08
"코스콤-트러스트버스, 블록체인 기반 디지털 자산 복구 서비스 개발",/news/news_read.nhn?article_id=0004584571&office_id=009&mode=search&query=삼성전자&page=1,매일경제,트러스트버스는 삼성전자의 블록체인 파트너로서 해당 서비스 내 블록체인 기반 복원 솔루션을 구축한다. 아울러 삼성전자의 블록체인 키스토어 기반 삼...,2020-05-28 18:32
"28일, 거래소 기관 순매수상위에 금융업 업종 5종목",/news/news_read.nhn?article_id=0004349644&office_id=015&mode=search&query=삼성전자&page=1,한국경제,"기관 투자자는 28일 거래소에서 SK하이닉스, 삼성전자, KB금융 등을 중점적으로 사들인 것으로 나타났다. 기관 투자자의 순매수 상위 20개 종...",2020-05-28 18:37
"28일, 외국인 거래소에서 삼성전자(+1%), SK하이닉스(+3.07%) 등 순매...",/news/news_read.nhn?article_id=0004349643&office_id=015&mode=search&query=삼성전자&page=1,한국경제,"외국인 투자자는 28일 거래소에서 삼성전자, SK하이닉스, POSCO 등을 중점적으로 사들인 것으로 나타났다. 외국인 투자자의 순매수 상위 20...",2020-05-28 18:37
"28일, 거래소 외국인 순매도상위에 서비스업 업종 4종목",/news/news_read.nhn?article_id=0004349645&office_id=015&mode=search&query=삼성전자&page=1,한국경제,"외국인 투자자의 순매도 상위 20개 종목은 삼성SDI, LG화학, SK, KT&G, 한국전력, 한국조선해양, 셀트리온, 강원랜드, 이마트, 삼성...",2020-05-28 18:37
"""김치찌개 522시간 끓인 끝에… 얼룩 안남는 순백인덕션 탄생했죠""",/news/news_read.nhn?article_id=0002601054&office_id=029&mode=search&query=삼성전자&page=1,디지털타임스,"이제는 주방기기도 감성을 자극해야만 소비자 마음을 잡을 수 있죠."" 삼성 인덕션 '더 플레이트' 기획을 담당한 채인아 삼성전자 생활가전사업부 상...",2020-05-28 18:55
"이재용 기소 '촉각'…각계 ""檢, '스모킹 건' 없는 무리한 기소 부작용 클 것""",/news/news_read.nhn?article_id=0000027375&office_id=629&mode=search&query=삼성전자&page=1,더팩트,"일각에서 이재용 삼성전자 부회장을 소환한 검찰이 결국 기소에 나설 것이라는 관측까지 제기되지만, 각계에서는 객관적인 사실관계 입증 없이 밀어붙이...",2020-05-28 21:00
'여의도발' 코로나 공포 일파만파···삼성전자서비스·ABL생명 잇따라 폐쇄,/news/news_read.nhn?article_id=0003745388&office_id=011&mode=search&query=삼성전자&page=1,서울경제,28일 삼성전자(005930)서비스에 따르면 이날 인천 계양구 26번 환자의 세부 동선이 공개되면서 여의나루로 71에 있는 삼성전자 여의도 휴대...,2020-05-28 21:09
"초저가 TV 효자 노릇 ‘톡톡’…삼성, ‘불황 마케팅’ 통했다",/news/news_read.nhn?article_id=0003011812&office_id=032&mode=search&query=삼성전자&page=1,경향신문,"30만원대 미만 출하량 4배 증가 1000달러 이상 제품은 15% 감소 삼성 “프리미엄, 여전히 압도적” 코로나19 확산에도 불구하고 삼성전자의...",2020-05-28 22:39
재계 1·2위 손잡은 ‘전고체 배터리’ 뭐길래…용량 크고 폭발 위험 없는 ‘차세대...,/news/news_read.nhn?article_id=0000065510&office_id=024&mode=search&query=삼성전자&page=1,매경이코노미,이재용 삼성전자 부회장과 정의선 현대차그룹 수석부회장이 차세대 배터리 사업을 위해 손을 맞잡으면서 재계 안팎 기대가 크다. 재계 1·2위 그룹이...,2020-05-28 23:16
