title,url,press,summary,date
"삼성전자, 평택 2라인 낸드 생산에 8조 투자...재계 ""과거 족쇄 풀어야""(종합...",/news/news_read.nhn?article_id=0009892381&office_id=003&mode=search&query=삼성전자&page=10,뉴시스,김종민 고은결 기자 = 삼성전자가 평택캠퍼스 2라인에 낸드플래시 생산라인을 구축하는 투자를 단행한다. 삼성전자는 5월 평택 2라인에 낸드플래시 ...,2020-06-02 00:00
"삼성 사장단, 민노총 간부 출신 문성현 초청 강연 들었다",/news/news_read.nhn?article_id=0003005630&office_id=025&mode=search&query=삼성전자&page=10,중앙일보,이재용 삼성전자 부회장의 ‘무노조 경영 폐기’ 선언을 전후로 삼성전자를 비롯한 삼성 계열사 여섯 곳에 노동조합이 결성됐다. 문 위원장은 민주노총...,2020-06-02 00:04
"중국 따라와봐, 삼성전자 평택 낸드플래시 9조 투자",/news/news_read.nhn?article_id=0003005664&office_id=025&mode=search&query=삼성전자&page=10,중앙일보,삼성전자가 비메모리에 이어 메모리 반도체의 투자를 가속화한다. 삼성전자는 지난달 평택 파운드리(반도체 위탁생산) 10조원 투자에 이어 1일 낸드...,2020-06-02 00:05
"삼성전자, 지역 스타트업 육성 박차…대구·경북혁신센터 액셀러레이팅 프로그램 진행",/news/news_read.nhn?article_id=0009892390&office_id=003&mode=search&query=삼성전자&page=10,뉴시스,"삼성전자가 대구·경북창조경제혁신센터와 창의적 아이디어, 혁신 기술을 보유한 지역 스타트업 육성에 나선다. 1일 삼성전자에 따르면, 첫 번째 프로...",2020-06-02 01:00
문성현 경제사회노동위원회 위원장 초청해 노사관계 강연들은 삼성 사장단,/news/news_read.nhn?article_id=0003289459&office_id=020&mode=search&query=삼성전자&page=10,동아일보,"1일 경기 용인시 삼성인력개발원에서 열린 이번 강연에는 김기남 삼성전자 부회장, 이영호 삼성물산 사장, 전영묵 삼성생명 사장 등 계열사 사장단 ...",2020-06-02 03:02
삼성 낸드플래시에 8조 추가 투자… 반도체 초격차 굳힌다,/news/news_read.nhn?article_id=0003289517&office_id=020&mode=search&query=삼성전자&page=10,동아일보,행보 삼성전자가 경기 평택시에 낸드플래시 생산라인을 증설한다고 1일 밝혔다. 투자 규모는 8조 원대 안팎으로 알려졌다. 지난달 21일 경기 평택...,2020-06-02 03:04
"삼성 사장단, 3년 만에 모였다… 경사노위 위원장의 노사관계 강연 들으려",/news/news_read.nhn?article_id=0003535655&office_id=023&mode=search&query=삼성전자&page=10,조선일보,재계 안팎에선 파기환송심 재판과 검찰의 기소설이 나오고 있는 이재용 삼성전자 부회장과 삼성그룹 수뇌부의 초조한 심정이 반영된 행사 아니냐는 얘기가 나온다....,2020-06-02 03:05
"개인이 산 주식은 마이너스, 외국인이 산 주식은 고수익",/news/news_read.nhn?article_id=0003535705&office_id=023&mode=search&query=삼성전자&page=9,조선일보,지난 3개월간 개미들은 '삼성전자' 주식을 무섭게 사 모았다. 우선주(약 1조755억원)를 포함해 개미들은 삼성전자 주식을 총 7조1571억원어...,2020-06-02 03:23
머니투데이 오프라인 헤드라인-2일자,/news/news_read.nhn?article_id=0004418251&office_id=008&mode=search&query=삼성전자&page=9,머니투데이,"벗고 ‘날것으로’ ‘윈터가든’ 커플탄생, 느린만큼 뭉클했죠 [증권] 대기업 지배구조, 지난해보다 개선 “유동성 큰물 들어온다”…V 뚫은 코스닥, 삼성전자도 꿈틀",2020-06-02 03:31
"삼성, 낸드플래시에 8조 투자… 메모리 반도체 초격차 벌린다",/news/news_read.nhn?article_id=0001327437&office_id=005&mode=search&query=삼성전자&page=9,국민일보,삼성전자가 경기도 평택캠퍼스 2라인(P2라인)에 약 8조원을 투자해 최첨단 낸드플래시 생산라인을 추가로 구축한다고 1일 발표했다. 같은 곳에 초...,2020-06-02 04:10
‘노동계 대부’ 초청해 노사관계 강의 들은 삼성 사장단,/news/news_read.nhn?article_id=0001327440&office_id=005&mode=search&query=삼성전자&page=9,국민일보,이 강연은 이재용 삼성전자 부회장의 대국민 사과 후속 조치로 마련됐다. 삼성은 1일 문성현(사진) 경제사회노동위원회(경사노위) 위원장을 초청해 ...,2020-06-02 04:11
‘건전한 노사관계’ 강연 들은 삼성 사장단,/news/news_read.nhn?article_id=0003095415&office_id=081&mode=search&query=삼성전자&page=9,서울신문,더이상 삼성에서는 무조노 경영이란 말이 나오지 않도록 하고 노동3권을 확실히 보장하겠다.” 지난달 6일 이재용 삼성전자 부회장이 대국민 사과에서...,2020-06-02 05:08
"中반도체 따라올 테면 따라와… 삼성전자, 평택에 또 8조 투자",/news/news_read.nhn?article_id=0003095412&office_id=081&mode=search&query=삼성전자&page=9,서울신문,"확장” 삼성전자가 약 8조원을 들여 국내 낸드플래시 생산라인 증설에 나선다. 낸드플래시는 메모리 반도체의 일종으로,전원이 끊겨도 저장된 데이터가...",2020-06-02 05:08
"28거래일 만에 5만1000원대 회복한 삼성전자, 더 오를까?",/news/news_read.nhn?article_id=0004418273&office_id=008&mode=search&query=삼성전자&page=9,머니투데이,코스피도 시가총액 상위주들의 주가상승에 힘입어 2060선을 넘어섰고 주가상승이 지지부진하던 삼성전자도 5만1000원대를 기록하며 시장에 훈풍이 ...,2020-06-02 05:20
221개 대기업 지배구조…작년보다 나아졌다,/news/news_read.nhn?article_id=0004418280&office_id=008&mode=search&query=삼성전자&page=9,머니투데이,자산규모가 가장 큰 삼성전자는 핵심지표 15개 가운데 12개를 준수하고 있다고 체크해 지난해 11개보다 1개 항목이 늘었다. 지난해에 비해 추가...,2020-06-02 05:30
"B2B 공들이는 이통3사, ‘한국판 뉴딜’ 수혜 기대",/news/news_read.nhn?article_id=0002405178&office_id=119&mode=search&query=삼성전자&page=9,데일리안,"SK텔레콤은 지난해 말 삼성전자, 지멘스 등 18개 기업·기관 등과 함께 5G 스마트팩토리 얼라이언스(5G-SFA)를 구성했다. KT도 스마트 ...",2020-06-02 06:00
인도 스마트폰시장 고삐 죄는 삼성…'갤럭시M시리즈'로 1위 굳히기,/news/news_read.nhn?article_id=0000541004&office_id=031&mode=search&query=삼성전자&page=9,아이뉴스24,"삼성전자가 인도 스마트폰 시장을 공략하기 위해 '갤럭시 M 시리즈' 2종을 출시한다. 삼성전자가 중국 업체 샤오미, 비보와 3파전을 펼치는 인도...",2020-06-02 06:01
변호사·의사 일부 업무 수행… 전문직도 ‘위협’ [탐사기획 - 노동4.0 별 '일...,/news/news_read.nhn?article_id=0003470799&office_id=022&mode=search&query=삼성전자&page=9,세계일보,삼성전자 출신들이 세운 ‘룰루랩’은 AI를 탑재한 피부 진단기를 개발했다. 이 진단기를 활용하면 자신의 피부 상태가 어떤지를 피부과에 가지 않아...,2020-06-02 06:03
(중소)기업을 한다는 것의 의미 (상),/news/news_read.nhn?article_id=0004586753&office_id=009&mode=search&query=삼성전자&page=9,매일경제,우리나라 최고의 기업이 삼성전자라는 사실을 부인하는 사람은 없습니다. 뿐만 아니라 세계적인 차원에서도 삼성전자는 톱 클래스의 기업 중 하나입니다...,2020-06-02 06:03
‘건전한 노사관계’ 강의 들은 삼성 사장단,/news/news_read.nhn?article_id=0003470807&office_id=022&mode=search&query=삼성전자&page=9,세계일보,삼성의 전 계열사가 최근 무노조 경영 포기를 공개 선언한 이재용 삼성전자 부회장의 행보에 적극 힘을 보태는 모양새다. 사진=뉴스1 삼성은 1일 ...,2020-06-02 06:04
시총 순위 흔든 '비대면' 대장주 네이버·카카오 6월에도 질주하나,/news/news_read.nhn?article_id=0004671041&office_id=421&mode=search&query=삼성전자&page=9,뉴스1,이 기간 코스피 대장주인 삼성전자가 2.4% 상승하는데 그쳤고 SK하이닉스는 약보합세를 나타냈던 것과 비교하면 비대면주가 고속질주하고 있는 셈이...,2020-06-02 06:05
홍콩발 美·中 갈등에 日변수까지....韓 반도체 영향은,/news/news_read.nhn?article_id=0009892461&office_id=003&mode=search&query=삼성전자&page=9,뉴시스,"2일 업계에 따르면, 삼성전자와 SK하이닉스 등 반도체 기업들은 최근 미·중 갈등의 뇌관으로 급부상한 '홍콩 보안법'(홍콩 국가보안법) 이슈와 ...",2020-06-02 06:32
파운드리에 이어 낸드까지…삼성전자 '투자' 속도낸다,/news/news_read.nhn?article_id=0003366860&office_id=079&mode=search&query=삼성전자&page=9,노컷뉴스,지난달 6일 '대국민 사과' 이후 삼성전자 이재용 부회장의 경영행보에 속도감이 더해지고 있다. 이 부회장은 지난달 13일 현대차 정의선 수석부회...,2020-06-02 06:39
[뉴스예고] ‘다 계획이 있구나’···중기부와 구글,/news/news_read.nhn?article_id=0003747076&office_id=011&mode=search&query=삼성전자&page=9,서울경제,제조생태계면 삼성전자가 구글 역할을 하죠. 중기부가 삼성전자의 스마트공장 노하우를 제조중소기업이 전수할 수 있도록 지원사업을 만들었습니다. 세계...,2020-06-02 07:00
초격차의 삼성···'낸드플래시 치킨게임' 신호탄 쏘나,/news/news_read.nhn?article_id=0003747079&office_id=011&mode=search&query=삼성전자&page=9,서울경제,삼성전자(005930)가 지난 1일 약 9조원을 들여 경기도 평택에 낸드플래시 생산라인을 건설하겠다고 밝힌 이후 업계에서는 관련 시장에서도 ‘치...,2020-06-02 07:01
[재송] 1일 장 마감 후 주요 종목 뉴스,/news/news_read.nhn?article_id=0004654267&office_id=018&mode=search&query=삼성전자&page=9,이데일리,△에스원(012750) = 삼성전자(005930)와 1807억원 규모의 통합 인력보안 용역 계약을 체결했다고 공시. △마이크로텍(227950) = 엔투텍으로 사명을 변경한...,2020-06-02 07:01
"아이폰보다 예쁜 핑크?...‘벨벳’, LG 빼고 3色으로 재시동",/news/news_read.nhn?article_id=0003747084&office_id=011&mode=search&query=삼성전자&page=9,서울경제,"신종코로나바이러스 감염증(코로나19)으로 스마트폰 수요가 줄어든데다 애플 아이폰SE, 삼성전자 갤럭시 A31·A51 등과 맞붙으며 가격 경쟁에서...",2020-06-02 07:26
"[클릭 e종목] ""삼성전자 하반기, 신규투자·D램수요·주주환원 주목해야""",/news/news_read.nhn?article_id=0004689886&office_id=277&mode=search&query=삼성전자&page=8,아시아경제,"하반기에는 삼성전자의 파운드리 신규 투자와 D램 부족 현상, 주주환원 정책 기조 강화를 주목해야 한다는 분석이 나왔다. 2일 미래에셋대우는 삼성...",2020-06-02 07:46
[美中 넛크래커 韓] 초격차로 승부 건다…R&D로 위기 돌파,/news/news_read.nhn?article_id=0000541010&office_id=031&mode=search&query=삼성전자&page=8,아이뉴스24,삼성전자는 올해 1분기 5조3천600억원의 연구개발(R&D)비를 투자했다. 코로나19와 1년넘게 지속되고 있는 미·중 무역분쟁 등 각종 불확실성...,2020-06-02 08:01
"'코로나 국난 극복' 경제정책방향 지켜본 기업들, 반응은?",/news/news_read.nhn?article_id=0004418353&office_id=008&mode=search&query=삼성전자&page=8,머니투데이,팹리스(반도체 설계) 창업부터 성장까지 '원스톱' 지원 서비스를 제공한다는 구상인데 이는 삼성전자와 SK하이닉스의 협력 없이는 사실상 불가능하다...,2020-06-02 08:05
[빅데이터MSI]2일 오전 주식시장 심리 7단계 '매우좋음',/news/news_read.nhn?article_id=0009892499&office_id=003&mode=search&query=삼성전자&page=8,뉴시스,"대장주 삼성전자의 MSI 레벨은 7단계로 집계됐다. 시가총액 상위 종목 중 SK하이닉스는 7단계, LG화학은 3단계, 현대차는 4단계, 셀트리온...",2020-06-02 08:11
"국내 상장사 영업이익률 5.1%, 최근 10년새 ‘최악’",/news/news_read.nhn?article_id=0000549761&office_id=417&mode=search&query=삼성전자&page=8,머니S,국내기업 1위 삼성전자의 2000대 기업 내 영향력도 다소 낮아졌다. 삼성전자의 매출 영향력은 2018년 11%에서 2019년에는 10%로 1년...,2020-06-02 08:18
"""지난해 2000대 기업 영업이익률 5.1%…2009년 이후 최저""",/news/news_read.nhn?article_id=0009892519&office_id=003&mode=search&query=삼성전자&page=8,뉴시스,국내 1위 기업 삼성전자의 2000대 기업 내 영향력도 다소 낮아졌다. 삼성전자의 매출 영향력은 2018년 11%에서 2019년에는 10%로 1...,2020-06-02 08:24
"NH證 ""삼성전자, 향후 NAND 수요 긍정적""",/news/news_read.nhn?article_id=0009892521&office_id=003&mode=search&query=삼성전자&page=8,뉴시스,NH투자증권은 2일 삼성전자(005930)에 대해 평택 NAND 투자는 수급이 예상 대비 양호하기 때문이라며 올해 글로벌 NAND의 수요가 증가...,2020-06-02 08:27
"제일기획, 中2030 뚫어보는 소셜 빅데이터 기업 '컬러데이터' 인수",/news/news_read.nhn?article_id=0004689946&office_id=277&mode=search&query=삼성전자&page=8,아시아경제,"중국에서 삼성전자, 화이자, 슈나이더일렉트릭 등 다양한 분야 광고주들의 데이터 기반 마케팅도 수행해왔다. 특히 중국 소비 시장 내 2030 젊은...",2020-06-02 08:30
"[빅데이터MSI]시장심리 톱5, 삼성전자·셀트리온·대우조선해양·두산·한화",/news/news_read.nhn?article_id=0009892526&office_id=003&mode=search&query=삼성전자&page=8,뉴시스,2일 빅데이터 시장심리지수(MSI)가 가장 높은 톱5에 삼성전자·셀트리온·대우조선해양·두산·한화가 선정됐다. 이는 뉴시스와 코스콤이 주요 상장기...,2020-06-02 08:31
"삼성SDI, 계열사 중 매출 증가율 최고 전망…목표가↑-신한",/news/news_read.nhn?article_id=0004654327&office_id=018&mode=search&query=삼성전자&page=8,이데일리,신한금융투자는 삼성SDI(006400)가 삼성전자(005930) 계열사 가운데 가장 높은 매출 증가율을 기록할 것으로 전망했다. 10년 이상 공...,2020-06-02 08:34
"[Hot-Line] ""삼성전자, 평택 2라인 낸드 투자…긍정적 수요 예상""",/news/news_read.nhn?article_id=0004586814&office_id=009&mode=search&query=삼성전자&page=8,매일경제,NH투자증권은 2일 삼성전자에 대해 메모리 반도체 추가 투자 라인 발표가 향후 2021년까지 장비 업체 실적에 긍정적 기여를 할 전망이라며 투자...,2020-06-02 08:37
"SK머티리얼즈, 반도체 등 IT 소재 매출 기대… 목표가↑ -신한",/news/news_read.nhn?article_id=0004654337&office_id=018&mode=search&query=삼성전자&page=8,이데일리,"소 연구원은 “3분기부터는 미국 애플향 OLED 패널 생산 본격화, 삼성전자(005930)의 화성 DRAM 라인 신규가동, 중국 시안 공장 NA...",2020-06-02 08:38
"""삼성SDI, 3분기 2차전지 사업부 흑전 예상..목표가↑"" 신한금융투자",/news/news_read.nhn?article_id=0004435359&office_id=014&mode=search&query=삼성전자&page=8,파이낸셜뉴스,"또 ""최근 주가 급등에 따른 밸류에이션 부담보다는 미래성장동력에 초점을 맞추는 전략이 유효하다""며 ""삼성전자 계열사 가운데 가장 높은 매출 성장을 기록할 것...",2020-06-02 08:39
"[증시브리핑] 美증시, 미중 갈등에도 경제회복 기대…주요지수 상승",/news/news_read.nhn?article_id=0000212806&office_id=374&mode=search&query=삼성전자&page=8,SBS CNBC,"어제 왕의 귀환 준비에 나선 삼성전자 라는 기사가 있었습니다. 최근 증시가 안 좋았을 때 '삼만전자'를 기다리는 분들도 계셨는데, 5만원대를 굳...",2020-06-02 08:41
"제일기획, 中 소셜 빅데이터 분석 기업 ‘컬러데이터’ 인수",/news/news_read.nhn?article_id=0004654365&office_id=018&mode=search&query=삼성전자&page=8,이데일리,"- 데이터 기반 마케팅 역량 강화 목적 M&A 추진 - 삼성전자, 화이자 등 다양한 기업 현지 마케팅 - 기존 마케팅 분석 강화, 신규 광고주 ...",2020-06-02 08:56
"제일기획, 中 소셜 빅데이터 분석 기업 '컬러데이터' 인수",/news/news_read.nhn?article_id=0004435378&office_id=014&mode=search&query=삼성전자&page=8,파이낸셜뉴스,"컬러데이터는 이 같은 역량을 바탕으로 중국에서 삼성전자(IT), 화이자(제약), 슈나이더일렉트릭(에너지 및 자동화 솔루션) 등 다양한 광고주의 ...",2020-06-02 09:00
"제일기획, 중국 빅데이터 분석 기업 M&A",/news/news_read.nhn?article_id=0001680914&office_id=016&mode=search&query=삼성전자&page=8,헤럴드경제,"컬러데이터는 중국에서 삼성전자와 제약회사인 화이자, 에너지 및 자동화 솔루션 회사인 슈나이더일렉트릭 등 에너지 및 자동화 솔루션 등 다양한 광고...",2020-06-02 09:03
[오늘 기업 오늘 사람] 삼성전자·테슬라·삼성물산·닛산자동차,/news/news_read.nhn?article_id=0000212810&office_id=374&mode=search&query=삼성전자&page=8,SBS CNBC,"■ 경제와이드 모닝벨 '오늘 기업 오늘 사람' - 김대호 글로벌이코노믹연구소장 ◇ 반도체 초격차 '이재용 삼성전자 ' - 증권사들 ""6월엔 삼성...",2020-06-02 09:03
"AR 기업 애니펜, 삼성전자 C랩 아웃사이드 선정",/news/news_read.nhn?article_id=0009892593&office_id=003&mode=search&query=삼성전자&page=8,뉴시스,애니펜(대표 전재웅)은 혁신적인 아이디어 및 기술을 보유한 스타트업을 선발하여 성장 지원 및 협력 시너지를 도모하는 삼성전자 C랩 아웃사이드에 ...,2020-06-02 09:05
[개장 시황] 코스피 2061.45.. 외국인과 기관의 '팔자' 기조에 하락 출발...,/news/news_read.nhn?article_id=0003747130&office_id=011&mode=search&query=삼성전자&page=8,서울경제,"종목별로는 삼성전자가 0.39% 내린 5만 1000원에 거래되는 가운데, 일양약품우(007575)(-3.02%), 한진칼우(18064K)(-2....",2020-06-02 09:06
삼성전자 평택 낸드플래시 투자발표···장비업체 긍정적-NH,/news/news_read.nhn?article_id=0004654390&office_id=018&mode=search&query=삼성전자&page=7,이데일리,NH투자증권은 2일 삼성전자(005930)가 평택 2라인 낸드플래시(전원이 끊겨도 저장된 데이터가 손상되지 않는 메모리 반도체) 투자를 발표함에 따라 올해 하반기부터......,2020-06-02 09:07
"제일기획, 중국 소셜 빅데이터 분석기업 '컬러데이터' 인수",/news/news_read.nhn?article_id=0011648785&office_id=001&mode=search&query=삼성전자&page=7,연합뉴스,"컬러데이터는 이같은 데이터 분석 역량을 바탕으로 중국에서 삼성전자, 화이자, 슈나이더일렉트릭 등 여러 광고주의 마케팅을 수행해왔다. 특히 소비 ...",2020-06-02 09:07
"제일기획, 중국 소셜 빅데이터 분석 기업 `컬러데이터` 인수",/news/news_read.nhn?article_id=0004586850&office_id=009&mode=search&query=삼성전자&page=7,매일경제,"이 같은 역량으로 중국에서 삼성전자, 화이자, 슈나이더일렉트릭 등 다양한 광고주의 데이터 기반 마케팅을 수행했다. 특히, 중국 소비 시장에서 2...",2020-06-02 09:08
"코스피, 외국인·기관 동반 매도 속 보합권 출발",/news/news_read.nhn?article_id=0004586856&office_id=009&mode=search&query=삼성전자&page=7,매일경제,"시가총액 상위 종목들 가운데 셀트리온, LG화학, 삼성SDI, LG생활건강 등이 상승하고 있고 삼성전자, SK하이닉스, 삼성바이오로직스, NAV...",2020-06-02 09:12
"삼성, 美서 갤S20 대상 '삼성 액세스' 프로그램 실시",/news/news_read.nhn?article_id=0009892613&office_id=003&mode=search&query=삼성전자&page=7,뉴시스,삼성전자가 미국에서 갤럭시S20 시리즈 사용자를 위해 프리미엄 업그레이드 프로그램인 '삼성 액세스(Samsung Access)'를 실시한다. 2...,2020-06-02 09:13
'LNG선 수주 쾌거' 조선주 급등에 코스피도 반등,/news/news_read.nhn?article_id=0004418403&office_id=008&mode=search&query=삼성전자&page=7,머니투데이,"삼성전자, SK하이닉스, 삼성바이오로직스, NAVER는 하락하고 있는 반면, 셀트리온, LG화학, 삼성SDI, LG생활건강은 상승 중이다. 코스닥시장에서는 개인이 215억...",2020-06-02 09:16
"코스피, 미·중 마찰 확산에도 개인 ‘사자’…2070선 회복",/news/news_read.nhn?article_id=0004654413&office_id=018&mode=search&query=삼성전자&page=7,이데일리,"반면 NAVER(035420)는 1% 이상 빠지고 있고 카카오(035720)(-0.95%), 삼성전자(005930)(-0.78%), 현대모비스(012330)(-0.73%)...",2020-06-02 09:17
美 증시 상승 마감…코스피 2070선 진입,/news/news_read.nhn?article_id=0002405209&office_id=119&mode=search&query=삼성전자&page=7,데일리안,"삼성전자(-0.39%)를 비롯해 SK하이닉스(-0.60%), 삼성바이오로직스(-0.95%), 네이버(-1.05%), 카카오(-1.14%) 등인 ...",2020-06-02 09:18
"제일기획, 중국 소셜 빅데이터 분석기업 '컬러데이터' 인수",/news/news_read.nhn?article_id=0004671276&office_id=421&mode=search&query=삼성전자&page=7,뉴스1,"'컬러데이터'는 이 같은 역량을 바탕으로 중국에서 삼성전자(IT), 화이자(제약), 슈나이더일렉트릭(에너지 및 자동화 솔루션) 등 다양한 광고주...",2020-06-02 09:20
"[개장시황] 코스피, 하락 출발후 반등…2070 회복",/news/news_read.nhn?article_id=0000541036&office_id=031&mode=search&query=삼성전자&page=7,아이뉴스24,"삼성전자(-0.78%), SK하이닉스(-0.72%), 삼성바이오로직스(-0.79%), NAVER(-1.05%)가 하락하는 반면 삼성전자우 0.11%, 셀트리온 0.88%,...",2020-06-02 09:22
"유진투자 ""3차 추경, 삼성·LG전자 가전사업에 긍정적""",/news/news_read.nhn?article_id=0000875172&office_id=215&mode=search&query=삼성전자&page=7,한국경제TV,"그러면서 ""그간 정체되었던 IoT 생태계가 형성됨으로써 국내 삼성전자와 LG전자 가전 사업 성장에 긍정적인 역할을 할 것'으로 기대했다. 특히 ""LG전자 가전 매출 약 3...",2020-06-02 09:25
"[TF시황] 코스피, 뉴욕증시 상승마감에 반등 '성공'",/news/news_read.nhn?article_id=0000027805&office_id=629&mode=search&query=삼성전자&page=7,더팩트,"시가총액 상위종목은 삼성전자(-0.20%), SK하이닉스(-0.48%), 삼성바이오로직스(-0.79%), 네이버(-1.27%)가 모두 하락 중이...",2020-06-02 09:30
[오전시황] 코스피 개인 매수세에 상승 전환···조선주 급등,/news/news_read.nhn?article_id=0003747171&office_id=011&mode=search&query=삼성전자&page=7,서울경제,"시가총액 상위 종목 중에는 삼성전자(005930), SK하이닉스(000660) 등 상위권 주요 종목이 일제히 1% 안팎의 하락세를 나타내는 가운...",2020-06-02 09:31
"[개장] 코스피, 2070선 회복… 하락 출발 뒤 상승 전환",/news/news_read.nhn?article_id=0000549824&office_id=417&mode=search&query=삼성전자&page=7,머니S,"삼성전자우(0.57%), 셀트리온(0.44%), LG화학(0.63%), 삼성SDI(2.46%), LG생활건강(0.37%) 등은 상승세를 보이고 ...",2020-06-02 09:32
코로나19 수출에 악영향…반도체 수출 하락은 소폭 개선,/news/news_read.nhn?article_id=0000212819&office_id=374&mode=search&query=삼성전자&page=7,SBS CNBC,특히 삼성전자가 경기도 평택 캠퍼스에 낸드플래시 생산라인을 증설하는 추가 투자에 나선다고 밝혔는데요. 2021년 하반기 양산을 시작할 계획입니다...,2020-06-02 09:33
"[fn오전시황] 코스피, 개인·외인 매수세 2070선 방어",/news/news_read.nhn?article_id=0004435445&office_id=014&mode=search&query=삼성전자&page=7,파이낸셜뉴스,"시가총액 상위종목별로 삼성전자(-0.20%), SK하이닉스(-0.60%), 삼성바이오로직스(-0.95%) 등은 하락세다. 반면 LG화학(0.63%), 삼성 SDI(2.46...",2020-06-02 09:35
"삼성전자우, 검색 상위 랭킹... 주가 0.8%",/news/news_read.nhn?article_id=0004690058&office_id=277&mode=search&query=삼성전자&page=7,아시아경제,삼성전자우가 최근 한달 중 6일 동안 검색 상위 종목에 랭킹되었다. 삼성전자우는 2일 오전 9시 30분 현재 전일보다 0.8% 오른 4만 430...,2020-06-02 09:35
"코스피 하락 출발 뒤 상승 전환…장중 2,070선 돌파(종합)",/news/news_read.nhn?article_id=0011648873&office_id=001&mode=search&query=삼성전자&page=7,연합뉴스,"시가총액 상위 종목 가운데에는 삼성전자(-0.20%)와 SK하이닉스(-0.72%), 네이버(-1.69%) 등이 약세를 나타내고 있고, LG화학(...",2020-06-02 09:36
[송재경의 인사이트] 미중 갈등 재고조…韓증시 영향은,/news/news_read.nhn?article_id=0000212823&office_id=374&mode=search&query=삼성전자&page=7,SBS CNBC,"- 미중 분쟁, 삼성전자·SK하이닉스 수급 부담 - 중장기 新업종 긍정적…단기적 舊업종 투자기회 - 현재 주도주, 테크 및 플랫폼ㆍ헬스케어 기업...",2020-06-02 09:41
"원유 개미, ‘언택트 개미’로…삼전·네이버·카카오 담았다",/news/news_read.nhn?article_id=0001680954&office_id=016&mode=search&query=삼성전자&page=7,헤럴드경제,"2일 한국거래소에 따르면 5월 개인은 삼성전자를 가장 많이 사들였다. 수량으로는 1293만2700주, 금액으로는 5930억6500만원어치를 순매...",2020-06-02 09:41
"KB증권, 녹인배리어 45% 이하로 낮춘 ELS 공모",/news/news_read.nhn?article_id=0001680956&office_id=016&mode=search&query=삼성전자&page=6,헤럴드경제,"KB able ELS 1302호(1스탁 1인덱스 스텝다운형)는 코스피200지수와 삼성전자 보통주를 기초자산으로 하며, 3년 만기에 6개월 단위로...",2020-06-02 09:43
"[STOCK] 삼성전자, 평택 2라인 낸드 투자 수요 증가… 투자의견 '매수'",/news/news_read.nhn?article_id=0000549828&office_id=417&mode=search&query=삼성전자&page=6,머니S,NH투자증권은 2일 삼성전자에 대해 평택 낸드(NAND) 투자는 수급이 예상 대비 양호하기 때문이라며 올해 글로벌 NAND의 수요가 증가할 것이...,2020-06-02 09:44
韓조선 '23조원' LNG선 잭팟…비결은 '초격차',/news/news_read.nhn?article_id=0004671337&office_id=421&mode=search&query=삼성전자&page=6,뉴스1,초격차는 한국 수출의 1등 공신이자 한국의 대표 기업인 삼성전자의 메모리 반도체 사업을 이야기할 때 많이 등장한 말로 알려져 있다. 그러나 조선...,2020-06-02 09:45
'아이폰12 바라기' 삼성D·LGD…적자 탈피 구세주 되나,/news/news_read.nhn?article_id=0000541049&office_id=031&mode=search&query=삼성전자&page=6,아이뉴스24,"정원석 하이투자증권 연구원은 ""지금까지 전략적으로 삼성전자에 집중해오던 삼성디스플레이가 올해 하반기 화웨이, 오포, 비보 등 중국 스마트폰 업체...",2020-06-02 09:48
"KB증권, 원금비보장형 ELS 9종 공모",/news/news_read.nhn?article_id=0000541053&office_id=031&mode=search&query=삼성전자&page=6,아이뉴스24,"KB증권은 오는 5일까지 삼성전자 보통주와 S&P500지수, Eurostoxx50지수를 기초자산으로 활용하고 두 번의 리자드 상환 기회를 제공하...",2020-06-02 10:01
"제일기획, 中 소셜 빅데이터 분석 기업 ‘컬러데이터’ 인수",/news/news_read.nhn?article_id=0003747211&office_id=011&mode=search&query=삼성전자&page=6,서울경제,"중국에서 삼성전자, 화이자, 슈나이더일렉트릭 등 다양한 광고주의 데이터 기반 마케팅을 수행해왔으며 최근 3년간 연평균 매출성장률은 약 40%에 ...",2020-06-02 10:04
"제일기획, 中 소셜 빅데이터 분석 기업 '컬러데이터' 인수",/news/news_read.nhn?article_id=0003366919&office_id=079&mode=search&query=삼성전자&page=6,노컷뉴스,"이 같은 역량을 바탕으로 중국에서 삼성전자(IT), 화이자(제약), 슈나이더일렉트릭(에너지 및 자동화 솔루션) 등 다양한 광고주의 데이터 기반 ...",2020-06-02 10:12
코스피 2070선 돌파…오전 10시 0.57%↑,/news/news_read.nhn?article_id=0002224737&office_id=123&mode=search&query=삼성전자&page=6,조세일보,"시가총액 1위인 삼성전자는 전 거래일보다 100원(0.20%) 상승한 5만1300원, 2위인 SK하이닉스는 300원(0.48%) 하락한 8만33...",2020-06-02 10:14
"[단독] 라온테크, 기술성 평가 돌입…코스닥 이전 본격화",/news/news_read.nhn?article_id=0004586946&office_id=009&mode=search&query=삼성전자&page=6,매일경제,"이 핵심 기술을 통해 라온테크가 양산한 제품이 주성엔지니어링, 테스, 원익IPS, 세메스 등에 납품되고 최종적으로 삼성전자와 SK하이닉스의 공정...",2020-06-02 10:32
"코스피, 개인·외인 사자에 2080선 회복…코스닥 0.8%↑",/news/news_read.nhn?article_id=0004671512&office_id=421&mode=search&query=삼성전자&page=6,뉴스1,"시가총액 상위 10개 종목 중에서는 삼성전자, LG화학, 삼성SDI, 현대차 등이 상승하고 있다. SK하이닉스, 삼성바이오로직스, NAVER, ...",2020-06-02 10:33
개인·외인 쌍끌이 매수…석달 만에 코스피 장중 2080선 돌파,/news/news_read.nhn?article_id=0001681048&office_id=016&mode=search&query=삼성전자&page=6,헤럴드경제,"시가총액 상위주 중에선 삼성전자(0.20%), LG화학(0.63%), 삼성SDI(2.32%), 현대차(1.00%) 등이 오름세를 보였다. 간밤 ...",2020-06-02 10:39
"KB증권, ELS 9종 공모",/news/news_read.nhn?article_id=0004690179&office_id=277&mode=search&query=삼성전자&page=6,아시아경제,"KB증권은 오는 5일까지 삼성전자 보통주와 S&P500지수, Eurostoxx50지수를 기초자산으로 활용하고 두 번의 리자드 상환 기회를 제공하는 KB able ELS 1...",2020-06-02 10:44
"제일기획, 中 빅데이터 분석 기업 인수 ""마케팅 역량 강화""",/news/news_read.nhn?article_id=0009892906&office_id=003&mode=search&query=삼성전자&page=6,뉴시스,"이 같은 역량을 바탕으로 중국에서 삼성전자(IT), 화이자(제약), 슈나이더일렉트릭(에너지 및 자동화 솔루션) 등 다양한 광고주의 데이터 기반 ...",2020-06-02 10:46
"KB證, ELS 9종 공모",/news/news_read.nhn?article_id=0003747277&office_id=011&mode=search&query=삼성전자&page=6,서울경제,"먼저 KB 에이블 ELS 1302호(1스탁 1인덱스 스텝다운형)는 코스피200지수와 삼성전자를 기초자산으로 하며, 3년 만기에 6개월 단위로 조...",2020-06-02 10:51
"KB증권, ELS 9종 공모… 삼성전자·S&P500지수 기초자산 활용",/news/news_read.nhn?article_id=0000549886&office_id=417&mode=search&query=삼성전자&page=6,머니S,"KB증권은 5일까지 삼성전자 보통주와 S&P500지수, Eurostoxx50지수를 기초자산으로 활용하고 두 번의 리자드 상환 기회를 제공하는 K...",2020-06-02 10:53
"제일기획, 中 빅데이터 분석 전문기업 ‘컬러데이터’ 인수",/news/news_read.nhn?article_id=0000501975&office_id=469&mode=search&query=삼성전자&page=6,한국일보,"이 같은 역량을 바탕으로 중국에서 삼성전자(IT), 화이자(제약), 슈나이더일렉트릭(에너지 및 자동화 솔루션) 등 다양한 광고주의 데이터 기반 ...",2020-06-02 10:56
'삼성 무풍에어컨 생산 바쁘다 바빠',/news/news_read.nhn?article_id=0004671607&office_id=421&mode=search&query=삼성전자&page=6,뉴스1,= 광주광역시 광산구 하남산단 6번로에 위치한 삼성전자 광주사업장에서 직원들이 ‘무풍에어컨’을 생산하고 있다. 삼성전자는 예년보다 무더위가 예상...,2020-06-02 11:00
'다가오는 여름 에어컨 생산라인 풀가동',/news/news_read.nhn?article_id=0009892978&office_id=003&mode=search&query=삼성전자&page=6,뉴시스,삼성전자는 예년보다 무더위가 예상되는 올해 여름철 성수기를 대비해 무풍에어컨 생산라인을 풀가동 중이라고 2일 밝혔다. 광주광역시 광산구 하남산단...,2020-06-02 11:00
[사진]삼성 '무풍에어컨' 생산라인은 풀가동 중,/news/news_read.nhn?article_id=0004418526&office_id=008&mode=search&query=삼성전자&page=6,머니투데이,광주광역시 광산구 하남산단 6번로에 위치한 삼성전자 광주사업장에서 직원들이 '무풍에어컨'을 생산하고 있다. 삼성전자는 예년보다 무더위가 예상되는...,2020-06-02 11:00
"삼성전자, 초여름 더위에 무풍에어컨 생산라인 풀가동",/news/news_read.nhn?article_id=0011649275&office_id=001&mode=search&query=삼성전자&page=6,연합뉴스,삼성전자가 예년보다 무더위가 예상되는 올해 여름철 성수기를 대비해 무풍에어컨 생산라인을 풀가동 중이라고 2일 소식을 전했다. 사진은 광주광역시 ...,2020-06-02 11:00
여름철 성수기 대비 에어컨 생산라인 풀가동,/news/news_read.nhn?article_id=0009892979&office_id=003&mode=search&query=삼성전자&page=5,뉴시스,삼성전자는 예년보다 무더위가 예상되는 올해 여름철 성수기를 대비해 무풍에어컨 생산라인을 풀가동 중이라고 2일 밝혔다. 광주광역시 광산구 하남산단...,2020-06-02 11:00
"삼성전자, 초여름 더위에 무풍에어컨 생산라인 풀가동",/news/news_read.nhn?article_id=0011649274&office_id=001&mode=search&query=삼성전자&page=5,연합뉴스,삼성전자가 예년보다 무더위가 예상되는 올해 여름철 성수기를 대비해 무풍에어컨 생산라인을 풀가동 중이라고 2일 소식을 전했다. 사진은 광주광역시 ...,2020-06-02 11:00
[사진]삼성 '무풍에어컨' 생산라인은 풀가동 중,/news/news_read.nhn?article_id=0004418526&office_id=008&mode=search&query=삼성전자&page=5,머니투데이,광주광역시 광산구 하남산단 6번로에 위치한 삼성전자 광주사업장에서 직원들이 '무풍에어컨'을 생산하고 있다. 삼성전자는 예년보다 무더위가 예상되는...,2020-06-02 11:00
"삼성전자, 초여름 더위에 무풍에어컨 생산라인 풀가동",/news/news_read.nhn?article_id=0011649272&office_id=001&mode=search&query=삼성전자&page=5,연합뉴스,삼성전자가 예년보다 무더위가 예상되는 올해 여름철 성수기를 대비해 무풍에어컨 생산라인을 풀가동 중이라고 2일 소식을 전했다. 사진은 광주광역시 ...,2020-06-02 11:00
역대급 무더위 예고…삼성 무풍에어컨 생산 '풀가동',/news/news_read.nhn?article_id=0011649282&office_id=001&mode=search&query=삼성전자&page=5,연합뉴스,삼성전자는 예년보다 더 더울 것으로 예고된 올해 여름철 성수기에 대비해 무풍에어컨 생산라인을 풀가동 중이라고 2일 밝혔다. 삼성전자 광주사업장은...,2020-06-02 11:00
여름철 성수기 대비 삼성 에어컨 생산라인 풀가동,/news/news_read.nhn?article_id=0009892980&office_id=003&mode=search&query=삼성전자&page=5,뉴시스,삼성전자는 예년보다 무더위가 예상되는 올해 여름철 성수기를 대비해 무풍에어컨 생산라인을 풀가동 중이라고 2일 밝혔다. 광주광역시 광산구 하남산단...,2020-06-02 11:00
'무더위 준비하자' 분주한 무풍에어컨 생산라인,/news/news_read.nhn?article_id=0004671609&office_id=421&mode=search&query=삼성전자&page=5,뉴스1,= 광주광역시 광산구 하남산단 6번로에 위치한 삼성전자 광주사업장에서 직원들이 ‘무풍에어컨’을 생산하고 있다. 삼성전자는 예년보다 무더위가 예상...,2020-06-02 11:00
"삼성전자, 여름 무더위에 무풍에어컨 생산라인 풀가동",/news/news_read.nhn?article_id=0004690202&office_id=277&mode=search&query=삼성전자&page=5,아시아경제,"""어려운 시기에 가정에서 무풍에어컨의 시원한 바람으로 가슴 속까지 시원하게 잘 이겨냈으면 좋겠다"" 삼성전자 광주사업장 무풍에어컨 생산라인에서 일...",2020-06-02 11:00
'삼성 무풍에어컨 생산 바쁘다 바빠',/news/news_read.nhn?article_id=0004671607&office_id=421&mode=search&query=삼성전자&page=5,뉴스1,= 광주광역시 광산구 하남산단 6번로에 위치한 삼성전자 광주사업장에서 직원들이 ‘무풍에어컨’을 생산하고 있다. 삼성전자는 예년보다 무더위가 예상...,2020-06-02 11:00
"삼성전자, 여름철 성수기 대비 '무풍에어컨' 생산라인 풀가동",/news/news_read.nhn?article_id=0000541086&office_id=031&mode=search&query=삼성전자&page=5,아이뉴스24,삼성전자가 예년보다 무더위가 예상되는 올해 여름철 성수기를 대비해 무풍에어컨 생산에 주력하고 있다. 삼성전자는 광주광역시 광산구 하남산단 6번로...,2020-06-02 11:01
"삼성전자, 예년보다 이른 더위에 무풍에어컨 생산라인 풀가동",/news/news_read.nhn?article_id=0002601789&office_id=029&mode=search&query=삼성전자&page=5,디지털타임스,삼성전자는 예년보다 무더위가 예상되는 올해 여름철 성수기를 대비해 무풍에어컨 생산라인을 풀가동하고 있다고 2일 밝혔다. 특히 무풍에어컨 갤러리는...,2020-06-02 11:01
"삼성전자, 초여름 더위에 `무풍에어컨` 생산라인 풀가동",/news/news_read.nhn?article_id=0004654547&office_id=018&mode=search&query=삼성전자&page=5,이데일리,삼성전자(005930)는 예년보다 무더위가 예상되는 올해 여름철 성수기를 대비해 무풍에어컨 생산라인을 풀(FULL) 가동하고 있다고 2일 밝혔다...,2020-06-02 11:01
"[사진기사]삼성, 전남 광주서 '무풍에어컨' 생산라인 풀가동",/news/news_read.nhn?article_id=0004435588&office_id=014&mode=search&query=삼성전자&page=5,파이낸셜뉴스,"삼성전자는 올해 여름철 에어컨 판매 성수기를 대비해 무풍에어컨 생산라인을 모두 가동하고 있다고 2일 밝혔다. 이날 삼성전자에 따르면, 무풍에어컨...",2020-06-02 11:01
"""바쁘다 바빠""…삼성, 무풍에어컨 생산라인 풀가동",/news/news_read.nhn?article_id=0004586983&office_id=009&mode=search&query=삼성전자&page=5,매일경제,삼성전자는 예년보다 무더위가 예상되는 올 여름철 성수기를 대비해 무풍에어컨 생산라인을 풀가동 중이라고 2일 밝혔다. 특히 무풍에어컨 갤러리는.....,2020-06-02 11:02
"삼성전자, 여름철 대비 무풍에어컨 생산라인 '풀가동'",/news/news_read.nhn?article_id=0004352221&office_id=015&mode=search&query=삼성전자&page=5,한국경제,삼성전자는 예년보다 무더울 것으로 예상되는 올해 여름철 성수기를 대비해 무풍에어컨 생산라인을 풀가동했다고 2일 밝혔다. 무풍에어컨 갤러리는 강력...,2020-06-02 11:02
역대급 폭염 온다 삼성 무풍에어컨 공장 풀가동,/news/news_read.nhn?article_id=0001681079&office_id=016&mode=search&query=삼성전자&page=5,헤럴드경제,삼성전자는 올해 역대급 폭염에 대비해 무풍에어컨 생산라인을 풀가동하고 있다고 2일 밝혔다. 광주광역시 광산구 하남산단 6번로에 위치한 삼성전자 ...,2020-06-02 11:04
삼성 사장단은 왜 '노동계 원로' 문성현을 만났을까,/news/news_read.nhn?article_id=0003747313&office_id=011&mode=search&query=삼성전자&page=5,서울경제,"그도 그럴 것이 지난 5월 6일 이재용 삼성전자(005930) 부회장이 “무노조 경영 원칙을 버리겠다”고 선언한 이래, 노동이라는 담론에 사장단...",2020-06-02 11:09
2000대 기업 영업이익률 10년 전으로 돌아가,/news/news_read.nhn?article_id=0001327532&office_id=005&mode=search&query=삼성전자&page=5,국민일보,이같은 상황에 삼성전자의 2000대 기업 내 영향력도 낮아진 것으로 분석됐다. 2018년 삼성전자의 매출 영향력은 11%였으나 지난해에는 10%...,2020-06-02 11:19
"제일기획, 中 소셜 빅데이터 분석 기업 인수",/news/news_read.nhn?article_id=0001681102&office_id=016&mode=search&query=삼성전자&page=5,헤럴드경제,"컬러데이터는 중국에서 삼성전자와 제약회사인 화이자, 에너지 및 자동화 솔루션 회사인 슈나이더일렉트릭 등 에너지 및 자동화 솔루션 등 다양한 광고주의 데이터...",2020-06-02 11:20
[포토뉴스] 역대급 폭염 온다 삼성 무풍에어컨 공장 풀가동,/news/news_read.nhn?article_id=0001681106&office_id=016&mode=search&query=삼성전자&page=5,헤럴드경제,삼성전자는 올해 역대급 폭염에 대비해 무풍에어컨 생산라인을 풀가동하고 있다고 2일 밝혔다. 광주광역시 광산구 하남산단 6번로에 위치한 삼성전자 ...,2020-06-02 11:21
"삼성전자, 삼성디스플레이 대신 차이나스타의 LCD 물량 늘려",/news/news_read.nhn?article_id=0003005782&office_id=025&mode=search&query=삼성전자&page=4,중앙일보,삼성전자가 지난 4월 TV용으로 구매한 액정(LCD)패널 중 삼성디스플레이에서 구매한 비중이 처음으로 10%대까지 떨어진 것으로 나타났다. 삼성...,2020-06-02 11:21
더위 성큼..삼성전자 에어컨공장 풀가동,/news/news_read.nhn?article_id=0003747334&office_id=011&mode=search&query=삼성전자&page=4,서울경제,삼성전자는 예년보다 무더위가 예상되는 올해 여름철 성수기를 대비해 무풍에어컨 생산라인을 풀가동하고 있다고 2일 밝혔다. 무풍에어컨 갤러리는......,2020-06-02 11:24
개미들 원유 팔고 ‘언택트 폭식’,/news/news_read.nhn?article_id=0001681149&office_id=016&mode=search&query=삼성전자&page=4,헤럴드경제,"2일 한국거래소에 따르면 5월 개인은 삼성전자를 가장 많이 사들였다. 수량으로는 1293만2700주, 금액으로는 5930억6500만원어치를 순매...",2020-06-02 11:31
"재계-여당, 규제개선 위해 만난다",/news/news_read.nhn?article_id=0001681183&office_id=016&mode=search&query=삼성전자&page=4,헤럴드경제,"2일 재계에 따르면 삼성전자, 현대자동차, 대한항공 임원진은 오는 11일 국회에서 더불어민주당 ‘코로나19국난극복위원회 비상경제대책본부 기업 태스크포스(TF)’가...",2020-06-02 11:37
개인·외인 쌍끌이 매수…코스피 장중 2080 돌파,/news/news_read.nhn?article_id=0001681185&office_id=016&mode=search&query=삼성전자&page=4,헤럴드경제,"시가총액 상위주 중에선 삼성전자(0.20%), LG화학(0.63%), 삼성SDI(2.32%), 현대차(1.00%) 등이 오름세를 보였다. 간밤 뉴욕증시 상승이 국내 시장에...",2020-06-02 11:37
"[단독] 재계-여당, 코로나 위기 극복…규제 개선 방안 논의",/news/news_read.nhn?article_id=0001681230&office_id=016&mode=search&query=삼성전자&page=4,헤럴드경제,2일 재계에 따르면 삼성전자·현대자동차·대한항공 임원진은 오는 11일 국회에서 더불어민주당 ‘코로나19국난극복위원회 비상경제대책본부 기업 태스크...,2020-06-02 11:57
"자산 2조 이상 코스피 상장사, 기업지배구조 보고서 공시 완료",/news/news_read.nhn?article_id=0011649590&office_id=001&mode=search&query=삼성전자&page=4,연합뉴스,"포스코, 15개 핵심지표 중 14개 준수…삼성전자는 12개 준수 곽민서 박원희 기자 = 한국거래소는 유가증권시장 상장사 211개사가 2019사업...",2020-06-02 11:59
[TF시황] 개인 '사자'에 국내증시 상승세 유지 중,/news/news_read.nhn?article_id=0000027838&office_id=629&mode=search&query=삼성전자&page=4,더팩트,"시가총액 상위종목은 삼성전자(+0.39%)가 상승세로 전향한 가운데 SK하이닉스(-0.36%), 삼성바이오로직스(-0.32%), 네이버(-1.2...",2020-06-02 11:59
"제일기획, 中빅데이터 기업 인수… 마케팅 역량 강화",/news/news_read.nhn?article_id=0002430064&office_id=021&mode=search&query=삼성전자&page=4,문화일보,"그동안 삼성전자, 화이자, 슈나이더일렉트릭(에너지 및 자동화 솔루션) 등 다양한 광고주의 데이터 기반 마케팅을 성공적으로 수행해왔다. 특히 중국 소비 시장에서...",2020-06-02 12:01
`포스트 코로나` 내다본 삼성의 역발상…7세대 V낸드 `초격차`,/news/news_read.nhn?article_id=0004654666&office_id=018&mode=search&query=삼성전자&page=4,이데일리,"삼성전자(005930)가 평택캠퍼스 2라인(P2라인)에 약 8조원을 들여 낸드플래시 생산시설 투자에 돌입하면서, 글로벌 3D 낸드 시장에 지각 ...",2020-06-02 12:18
"이재용, 반도체 투자에 노사문제 해결까지...광폭 경영행보",/news/news_read.nhn?article_id=0002405301&office_id=119&mode=search&query=삼성전자&page=4,데일리안,이재용 삼성전자 부회장이 해외 반도체 사업장 방문에 이어 국내 반도체 생산라인 구축에 나서면서 적극적인 사업 행보를 펼치고 있다. 또 지난달 6...,2020-06-02 12:19
기업 지배구조 `이사회 독립성`에 방점…배당정책은 미흡,/news/news_read.nhn?article_id=0004654696&office_id=018&mode=search&query=삼성전자&page=4,이데일리,삼성전자(005930)는 올 3월 이사회 의장을 사내이사(이상훈 전 삼성전자 경영지원 실장)에서 사외이사(박재완 성균관대 행정학과 명예교수)로 ...,2020-06-02 13:16
[오후 주식시장은] 개인 매수세에 코스피·코스닥 동반 상승,/news/news_read.nhn?article_id=0003747403&office_id=011&mode=search&query=삼성전자&page=4,서울경제,시가총액 상위 종목 중에는 삼성전자(005930)가 0.2% 상승하는 가운데 SK하이닉스(000660) 등 시가총액 상위종목 대부분이 하락 중이...,2020-06-02 13:23
기업이 쏘아 올리는 코로나 희망…LG화학·조선빅3 잇단 낭보,/news/news_read.nhn?article_id=0002601812&office_id=029&mode=search&query=삼성전자&page=4,디지털타임스,삼성전자와 LG디스플레이 등도 포스트 코로나 시대를 앞두고 본격적인 질주 준비에 박차를 가하고 있다. 코로나19 팬데믹(세계적 대유행)으로 흔들...,2020-06-02 13:24
"삼성전자, 초여름 더위에 무풍에어컨 생산라인 풀가동",/news/news_read.nhn?article_id=0002405322&office_id=119&mode=search&query=삼성전자&page=4,데일리안,삼성전자는 예년보다 무더위가 예상되는 올해 여름철 성수기를 대비해 무풍에어컨 생산라인을 풀가동 중이라고 2일 밝혔다. 회사측은 특히 무풍에어컨 ...,2020-06-02 13:41
중저가폰 공습에 삼성전자의 고민…'카니발라이제이션' 파고 넘을까,/news/news_read.nhn?article_id=0000541111&office_id=031&mode=search&query=삼성전자&page=4,아이뉴스24,"삼성전자는 롱텀에볼루션(LTE) 모델인 갤럭시A31과 갤럭시A51 5G, 갤럭시A71을 잇따라 출시하면서 중저가 스마트폰 시장에 본격적으로 뛰어...",2020-06-02 13:45
"전략회의 틀 깬 삼성·LG, 부문별 나누고 상시 체제 전환",/news/news_read.nhn?article_id=0000541112&office_id=031&mode=search&query=삼성전자&page=4,아이뉴스24,2일 업계에 따르면 삼성전자는 6월 열리는 상반기 글로벌 전략회의를 사업부문별로 진행하고 있다. 일부 사업부는 일찍이 해외 법인장들과 현안 및 ...,2020-06-02 13:49
'포스트 코로나' 시대…패러다임 변화 속 수혜주 총정리,/news/news_read.nhn?article_id=0004352353&office_id=015&mode=search&query=삼성전자&page=4,한국경제,이 연구원은 디지털 전환에 맞춰 성장할 수 있는 기업으로 삼성에스디에스 롯데정보통신 한컴MDS 케이아이엔엑스 에치에프알 파이오링크 삼성전자 싸이...,2020-06-02 13:51
"화웨이, 핵심 반도체 2년치 비축했다",/news/news_read.nhn?article_id=0004352369&office_id=015&mode=search&query=삼성전자&page=4,한국경제,화웨이는 지난달 삼성전자와 SK하이닉스에도 '안정적으로 메모리 공급을 해달라'고 요청한 것으로 알려졌다. 삼성전자와 SK하이닉스가 화웨이에 공급...,2020-06-02 14:09
삼성전자 ‘무풍에어컨’ 라인 풀가동,/news/news_read.nhn?article_id=0002430129&office_id=021&mode=search&query=삼성전자&page=4,문화일보,삼성전자가 올해 여름 성수기에 대비해 ‘무풍에어컨’생산 라인을 완전 가동한 가운데 1일 삼성전자 광주사업장에서 직원들이 무풍 에어컨을 만들고 있...,2020-06-02 14:11
1호선 아산 풍기역(가칭) 품은 올전세형 명품 임대아파트 '모종2차 삼일파라뷰 센...,/news/news_read.nhn?article_id=0000875290&office_id=215&mode=search&query=삼성전자&page=3,한국경제TV,"삼성전자 나노시티 온양캠퍼스, 현대모터스밸리, 아산테크노밸리 등 산업단지가 가깝게 위치해 있는 직주근접 프리미엄도 온전히 누릴 수 있다. 여기에...",2020-06-02 14:25
"제일기획, 2년만에 인수합병 재개…中 소셜 빅데이터 기업 인수",/news/news_read.nhn?article_id=0003005851&office_id=025&mode=search&query=삼성전자&page=3,중앙일보,"컬러데이터는 삼성전자, 화이자 등 다양한 광고주와 데이터 기반 마케팅 계약을 맺었다. 이번 인수는 중국 시장 확장을 염두에 둔 것으로 보인다. ...",2020-06-02 14:48
"다이슨, 뒤늦게 AS센터 오픈 `속도`…""소 잃고 외양간 고치기"" 비판 목소리",/news/news_read.nhn?article_id=0002601859&office_id=029&mode=search&query=삼성전자&page=3,디지털타임스,"이어 삼성전자가 '제트'를 앞세워 시장점유율 30% 가까이 차지해 2위를 기록하고 있다. 다이슨의 시장점유율은 20% 안팎으로, 3위를 형성하고...",2020-06-02 15:00
"제일기획, 중국 소셜 빅데이터 분석기업 ‘컬러데이터’ 인수",/news/news_read.nhn?article_id=0002499523&office_id=028&mode=search&query=삼성전자&page=3,한겨레,"이를 바탕으로 컬러데이터는 중국에서 삼성전자, 화이자제약, 슈나이더 일렉트릭 등의 데이터 기반 마케팅을 수행해왔다. 제일기획은 최근 중국 내에서...",2020-06-02 15:02
'WTO 제소 재개' 정부발표에 심경 복잡한 반도체업계,/news/news_read.nhn?article_id=0009893785&office_id=003&mode=search&query=삼성전자&page=3,뉴시스,정부가 2일 일본의 수출 제한 조치를 세계무역기구(WTO)에 제소한다고 발표했지만 정작 피해 당사자인 삼성전자와 SK하이닉스 등 반도체업계는 심...,2020-06-02 15:09
배터리·조선 등 ‘메이드 인 코리아’ 위상 굳건…`반·디`도 회복 신호탄,/news/news_read.nhn?article_id=0002601871&office_id=029&mode=search&query=삼성전자&page=3,디지털타임스,여기에 삼성전자 역시 지난달 파운드리(반도체 위탁생산)에 이어 낸드플래시까지 18조원이 넘는 대규모 투자계획을 내놓고 중국의 굴기(몸을 일으킴)...,2020-06-02 15:21
"2조원 이상 코스피 상장사, 기업지배구조 보고서 공개",/news/news_read.nhn?article_id=0004587183&office_id=009&mode=search&query=삼성전자&page=3,매일경제,"자산총액 상위 기업 가운데 삼성전자는 기업 지배구조 핵심지표 15개 가운데 12개를 준수한 것으로 나타났다. 현대자동차는 12개, 한화는 8개를...",2020-06-02 15:22
"[fn마감시황] 코스피, 1%대 상승세 속 2080선 회복.. 코스닥도 1%대 상...",/news/news_read.nhn?article_id=0004435910&office_id=014&mode=search&query=삼성전자&page=3,파이낸셜뉴스,"시가총액 상위종목별로 삼성전자(0.39%), 삼성SDI(1.09%), 현대차(2.50%) 등은 상승했다. 반면 SK하이닉스(-0.36%), 네이버(-1.27%) 등은 하락...",2020-06-02 15:44
"제일기획, 中빅데이터 '컬러데이터' 인수…Z세대 공략",/news/news_read.nhn?article_id=0004352468&office_id=015&mode=search&query=삼성전자&page=3,한국경제,"이 같은 역량을 바탕으로 중국에서 삼성전자(IT), 화이자(제약), 슈나이더일렉트릭(에너지 및 자동화 솔루션) 등 다양한 광고주의 데이터 기반 ...",2020-06-02 15:48
"포스코 15개 중 14개, 삼성전자 12개 기업지배구조 핵심지표 준수",/news/news_read.nhn?article_id=0003027659&office_id=241&mode=search&query=삼성전자&page=3,일간스포츠,자산총액 상위 기업 가운데 삼성전자는 기업 지배구조 핵심지표 15개 가운데 12개를 준수한 것으로 나타났다. 현대자동차도 12개를 준수했다. 포...,2020-06-02 15:48
"코스피, 기관 매수에 이틀 연속 1%대 상승…2080선 마감",/news/news_read.nhn?article_id=0004587223&office_id=009&mode=search&query=삼성전자&page=3,매일경제,"삼성전자, 삼성SDI, 현대차, LG생활건강, 현대모비스, 삼성물산, SK텔레콤 등이 올랐으나 SK하이닉스, NAVER, 셀트리온, LG화학, ...",2020-06-02 15:50
"코스피 2,100선 접근...""추가랠리 기대감 고조""",/news/news_read.nhn?article_id=0000875326&office_id=215&mode=search&query=삼성전자&page=3,한국경제TV,"코스피 시가총액 상위 10개 종목에선 삼성전자(0.39%)가 7거래일 연속 상승세를 이어갔고, 삼성SDI(1.09%)와 현대차(2.50%), LG생활건강(0.51%)도 올...",2020-06-02 15:51
"[마감] 코스피, 1%대 상승… 이젠 2090선 '목전'",/news/news_read.nhn?article_id=0000550104&office_id=417&mode=search&query=삼성전자&page=3,머니S,"코스피 시가총액 10위권 종목에서는 삼성전자(0.39%), 삼성전자우(0.11%), 삼성SDI(1.09%), 현대차(2.50%) 등이 상승 마감...",2020-06-02 15:57
[코스피 마감]석달 만에 2080선 회복…금융株 두각,/news/news_read.nhn?article_id=0004654876&office_id=018&mode=search&query=삼성전자&page=3,이데일리,"이어 삼성SDI(006400)(1.09%), 삼성물산(028260)(0.98%), LG생활건강(051900)(0.51%), 삼성전자(005930...",2020-06-02 15:57
"[마감시황] 코스피, 3일째 상승…2090선 눈앞",/news/news_read.nhn?article_id=0000541144&office_id=031&mode=search&query=삼성전자&page=3,아이뉴스24,"SK하이닉스(-0.36%), NAVER(-1.27%), 셀트리온(-1.32%)은 하락한 반면 삼성전자 0.39%, 삼성전자우 0.11%, 삼성SDI 1.09%의 상승률을 ...",2020-06-02 15:59
"'결국 펀더멘털'…코스피, 2차 상승국면 들어서나",/news/news_read.nhn?article_id=0004418726&office_id=008&mode=search&query=삼성전자&page=3,머니투데이,전날 5만1200원을 기록하며 두 달여만에 5만1000원대를 회복한 삼성전자는 이날도 200원 오른 5만1400원에 거래를 마쳤다. 개인과 외국...,2020-06-02 16:00
"코스피 이틀 연속 1%대 상승…2,090선 눈앞(종합)",/news/news_read.nhn?article_id=0011650530&office_id=001&mode=search&query=삼성전자&page=3,연합뉴스,"시가총액 상위 종목 가운데에는 현대차(2.50%)가 2%대 상승했고, 삼성전자(0.39%)도 상승 마감했다. 네이버(-1.27%)와 셀트리온(-...",2020-06-02 16:05
[시황종합] 코스피 3개월만에 2090선 눈앞…잭팟 조선株 급등,/news/news_read.nhn?article_id=0004672674&office_id=421&mode=search&query=삼성전자&page=3,뉴스1,"시가총액 상위 10개 종목 중 삼성전자(0.39%), 삼성SDI(1.09%), 현대차(2.50%) 등이 상승했다. SK하이닉스(-0.36%), ...",2020-06-02 16:06
미래 먹거리 찾아라… 재계 총수들 신사업 채찍질,/news/news_read.nhn?article_id=0002601892&office_id=029&mode=search&query=삼성전자&page=3,디지털타임스,"실제로 이재용 삼성전자 부회장은 지난달 6일 기자회견에서 ""끊임없는 혁신과 기술력으로 가장 잘할 수 있는 분야에 집중하면서도 신사업에 과감하게 ...",2020-06-02 16:07
"삼성전자 글로벌 전략회의, 연 2회→1회 축소 운영할 듯",/news/news_read.nhn?article_id=0009894050&office_id=003&mode=search&query=삼성전자&page=3,뉴시스,삼성전자가 사업 부문별 주요 임원과 해외법인장이 모여 성과를 공유하고 전략을 세우는 '글로벌 전략회의'를 연 2회에서 연 1회로 축소 운영할 전...,2020-06-02 16:07
미래 먹거리 찾아라… 재계 총수들 신사업 채찍질,/news/news_read.nhn?article_id=0002601892&office_id=029&mode=search&query=삼성전자&page=2,디지털타임스,"실제로 이재용 삼성전자 부회장은 지난달 6일 기자회견에서 ""끊임없는 혁신과 기술력으로 가장 잘할 수 있는 분야에 집중하면서도 신사업에 과감하게 ...",2020-06-02 16:07
"코스피, 연이은 급등세…기관매수세에 2080선 안착",/news/news_read.nhn?article_id=0002405363&office_id=119&mode=search&query=삼성전자&page=2,데일리안,"시가총액 상위종목 가운데에서는 삼성전자(0.39%), 삼성전자우(0.11%), 삼성SDI(1.09%), 현대차(2.50%) 등이 상승했다. SK...",2020-06-02 16:08
공유 오피스+지식산업센터 시너지로 업무효율 극대화… 복합 지식산업센터 '현대 클러...,/news/news_read.nhn?article_id=0000875332&office_id=215&mode=search&query=삼성전자&page=2,한국경제TV,"한편, '힐스테이트 갈매역 스칸센'은 계약자 및 입주자들에게 삼성전자 인기 제품 할인 구매 혜택을 제공하는 등 다채로운 이벤트를 진행한다. 분양...",2020-06-02 16:09
"[마감시황]코스피, 경기개선 기대감에 상승세…2087선 마감",/news/news_read.nhn?article_id=0009894061&office_id=003&mode=search&query=삼성전자&page=2,뉴시스,"이날 코스피 대장주 삼성전자는 전날보다 200원(0.39%) 오른 5만1400원에 거래를 마쳤다. 현대차(2.50%), 삼성SDI(1.09%),...",2020-06-02 16:11
"[TF시황] 코스피, 기관 매수에 2080선 마감",/news/news_read.nhn?article_id=0000027866&office_id=629&mode=search&query=삼성전자&page=2,더팩트,"삼성전자(+0.39%), 삼성전자우(+0.11%), 삼성SDI(+1.09%), 현대차(+2.50%)가 오른 가운데 SK하이닉스(-0.36%), ...",2020-06-02 16:11
‘엔켐’ 김경훈 전 삼성 SDI 전무 영입…2차 전지 글로벌기업 도약 노린다,/news/news_read.nhn?article_id=0003005875&office_id=025&mode=search&query=삼성전자&page=2,중앙일보,2차 전지 소재 생산 전문기업 ‘엔켐(대표 오정강)’은 지난 1일 1987년 삼성코닝 연구소에서부터 시작해 약 32년 간의 삼성 근무 경력을 가...,2020-06-02 16:12
"[마켓뷰]3개월만에 2080선 밟은 코스피…""고점 쉽게 예측 어려워""",/news/news_read.nhn?article_id=0000532394&office_id=366&mode=search&query=삼성전자&page=2,조선비즈,시가총액 상위 종목 중에서는 삼성전자(005930)가 전날보다 200원(0.39%) 상승한 5만1400원까지 올랐다. 시총 2위인 SK하이닉스(...,2020-06-02 16:15
"코스피, 석달만에 2080선 돌파…은행·보험주 급등",/news/news_read.nhn?article_id=0002224776&office_id=123&mode=search&query=삼성전자&page=2,조세일보,"시가총액 1위인 삼성전자는 전날보다 0.39% 상승한 5만1400원, 2위인 SK하이닉스는 0.36% 하락한 8만3300원에 거래를 마쳤다. 코...",2020-06-02 16:17
일본 수출규제 WTO 제소…반도체·디스플레이 불확실성 커져,/news/news_read.nhn?article_id=0011650603&office_id=001&mode=search&query=삼성전자&page=2,연합뉴스,그중 극자외선(EUV)용 포토레지스트는 삼성전자의 차세대 반도체 공정에 투입되는 소재여서 수출규제 초반 업계 우려를 낳았다. 하지만 일본 경제산...,2020-06-02 16:19
"[기업] 삼성전자, 여름철 대비 무풍에어컨 생산라인 '풀가동'",/news/news_read.nhn?article_id=0001447527&office_id=052&mode=search&query=삼성전자&page=2,YTN,삼성전자가 무더위가 예상되는 여름철 성수기에 대비해 광주사업장에 있는 무풍에어컨 생산라인 전체 가동에 들어갔습니다. 삼성전자는 무풍에어컨이 으뜸...,2020-06-02 16:33
쿼드카메라 달고 '더 싸게'…20만원대 갤럭시 국내 출시,/news/news_read.nhn?article_id=0004352505&office_id=015&mode=search&query=삼성전자&page=2,한국경제,"삼성전자가 최근 미국, 러시아 등 일부 국가에 선보인 초저가 보급형 스마트폰 '갤럭시A21s'를 한국에도 출시할 것으로 보인다. 스마트폰 두뇌 ...",2020-06-02 16:46
韓日 관계 악화에 `반·디` 핵심소재 또 막힐까?…업계 긴장,/news/news_read.nhn?article_id=0002601914&office_id=029&mode=search&query=삼성전자&page=2,디지털타임스,그중 극자외선(EUV)용 포토레지스트는 삼성전자의 차세대 반도체 공정에 투입되는 소재여서 수출규제 초반 업계 우려를 낳았다. 하지만 일본 경제산...,2020-06-02 17:10
"코로나19 위기 극복, 재계-여당 머리 맞댄다",/news/news_read.nhn?article_id=0004672902&office_id=421&mode=search&query=삼성전자&page=2,뉴스1,"2일 재계에 따르면 오는 11일 삼성전자와 현대자동차, 대한항공 임원진은 국회에서 더불어민주당 '코로나19국난극복위원회 비상경제대책본부 기업 태...",2020-06-02 17:16
"통신칩 다급한 화웨이, 삼성전자 대신 대만 미디어텍 손잡나",/news/news_read.nhn?article_id=0003005906&office_id=025&mode=search&query=삼성전자&page=2,중앙일보,화웨이가 스마트폰 시장에서 경쟁하는 삼성전자 대신 중화권 업체를 택한 것으로 분석된다. 이에따라 스마트폰용 AP(애플리케이션 프로세서) 시장의 ...,2020-06-02 17:29
[클릭! 해외증시 이 종목] AI·클라우드 확산에 엔비디아 실적 `쑥`,/news/news_read.nhn?article_id=0004587344&office_id=009&mode=search&query=삼성전자&page=2,매일경제,반면 메모리 반도체 세계 1위 업체인 삼성전자는 같은 기간 주가가 7.9% 하락했다. 언택트 확산에 따라 한국 증시는 카카오 등과 같은 플랫폼 ...,2020-06-02 17:35
"유럽·일본社들의 물량 쟁탈전…한국 OLED TV, 없어서 못판다",/news/news_read.nhn?article_id=0004352578&office_id=015&mode=search&query=삼성전자&page=2,한국경제,하지만 같은 기간 삼성전자와 LG전자의 출하량은 오히려 2.6% 늘었다. 고가 제품을 찾는 수요는 줄지 않았다는 게 업계의 설명이다. 세트업체 ...,2020-06-02 17:36
"장외주식시장 시총, 코로나 이전수준 회복 [마켓워치]",/news/news_read.nhn?article_id=0004436003&office_id=014&mode=search&query=삼성전자&page=2,파이낸셜뉴스,"삼성전자 자회사인 세메스는 반도체 회로를 깎아내는 에칭(식각)장비, 반도체 테스트 핸들러 등을 삼성전자에 납품한다. 같은 기간 코로나 진단키트주...",2020-06-02 17:44
"[TF매매동향] 외국인, '현대차' 사고 'SK하이닉스' 팔았다",/news/news_read.nhn?article_id=0000027886&office_id=629&mode=search&query=삼성전자&page=2,더팩트,"이어 셀트리온 422억 원, 네이버(NAVER) 285억 원, 삼성전자 182억 원, 삼성중공업 167억 원 순으로 매도했다. 코스닥 시장에서는...",2020-06-02 17:44
"포스코, 지배구조 준수율 가장 높아",/news/news_read.nhn?article_id=0004587381&office_id=009&mode=search&query=삼성전자&page=2,매일경제,포스코는 지난해 15개 항목 모두 준수했지만 올해는 '주총 집중일 이외 개최' 항목을 충족하지 못했다. 삼성전자와 현대차는 15개 가운데 12개를 지킨 것으로 집계됐다.,2020-06-02 17:49
아이폰에 신한카드 폰케이스 씌우면 삼성페이처럼 쓴다,/news/news_read.nhn?article_id=0004352610&office_id=015&mode=search&query=삼성전자&page=2,한국경제,신한카드는 삼성전자에 마그네틱 보안전송(MSB) 기술에 대한 로열티를 지불하고 갤럭시에 설치된 신한페이판에 터치결제기능을 추가했다. 누적 결제액...,2020-06-02 17:49
"`순환매` 다음 업종은…""車·금융·화장품""",/news/news_read.nhn?article_id=0004587391&office_id=009&mode=search&query=삼성전자&page=1,매일경제,"'동학개미운동'을 촉발시킨 삼성전자는 대표 반도체주로, 개인투자자들의 거센 매수에도 불구하고 주가는 2일 5만1400원을 기록해 아직까지 전고점...",2020-06-02 17:51
"제일기획, 中 빅데이터 기업 인수",/news/news_read.nhn?article_id=0004352621&office_id=015&mode=search&query=삼성전자&page=1,한국경제,"컬러데이터는 중국에서 삼성전자 화이자 등의 광고주를 확보하고 있다. 중국의 SNS와 뉴스, e커머스(전자상거래) 댓글 등을 취합해 데이터를 분석하는 기술을 보유한...",2020-06-02 17:53
[포토] 벌써부터…삼성 무풍에어컨 생산라인 `풀가동`,/news/news_read.nhn?article_id=0004587412&office_id=009&mode=search&query=삼성전자&page=1,매일경제,삼성전자가 올여름 수요 급증을 대비해 무풍에어컨 생산라인을 풀가동 중이라고 2일 밝혔다. 삼성전자는 무풍에어컨 갤러리 제품이 '으뜸효율 가전제품...,2020-06-02 17:56
"제일기획, 中 소셜 빅데이터 기업 인수",/news/news_read.nhn?article_id=0004587417&office_id=009&mode=search&query=삼성전자&page=1,매일경제,"컬러데이터는 이 같은 데이터 분석 역량을 바탕으로 중국에서 삼성전자, 화이자, 슈나이더일렉트릭 등 여러 광고주의 마케팅을 수행해왔다. 특히 SNS를 활용한 마케팅...",2020-06-02 17:57
"제일기획, 中 빅데이터 분석기업 인수",/news/news_read.nhn?article_id=0000532431&office_id=366&mode=search&query=삼성전자&page=1,조선비즈,"컬러데이터는 중국에서 삼성전자, 화이자, 슈나이더일렉트릭 등 다양한 광고주와 마케팅 계약을 맺었다. 제일기획은 최근 중국에서 소셜 채널을 활용한...",2020-06-02 18:02
수출지표 개선·대규모 투자…힘 받는 반도체 장비·소재株,/news/news_read.nhn?article_id=0004655021&office_id=018&mode=search&query=삼성전자&page=1,이데일리,이들 업체 주가는 삼성전자(005930)가 전날(1일) 경기도 평택 2라인에 약 8조원 규모의 3차원(3D) 낸드(NAND) 플래시 반도체 생산...,2020-06-02 18:06
"제일기획, 디지털기업 M&A로 미래 성장동력 확보",/news/news_read.nhn?article_id=0004436072&office_id=014&mode=search&query=삼성전자&page=1,파이낸셜뉴스,"컬러데이터는 이 같은 역량을 바탕으로 중국에서 삼성전자(IT), 화이자(제약), 슈나이더일렉트릭(에너지 및 자동화 솔루션) 등 다양한 광고주의 데이터 기반 마케팅을...",2020-06-02 18:26
주가 출렁여도 꾸준히 성장 ELS 인기 종목 된 카카오·네이버,/news/news_read.nhn?article_id=0002499578&office_id=028&mode=search&query=삼성전자&page=1,한겨레,"2일 한국예탁결제원을 통해 기초자산 2개로 이뤄진 국내 주식형 이엘에스의 올해 상반기 발행 현황을 보면, ‘네이버-삼성전자’ 조합이 61개 가운...",2020-06-02 18:32
"02일, 거래소 기관 순매수상위에 금융업 업종 3종목",/news/news_read.nhn?article_id=0004352658&office_id=015&mode=search&query=삼성전자&page=1,한국경제,"기관 투자자는 02일 거래소에서 삼성전자, KB금융, KODEX 레버리지 등을 중점적으로 사들인 것으로 나타났다. 기관 투자자의 순매수 상위 2...",2020-06-02 18:37
"02일, 기관 거래소에서 카카오(-1.7%), 삼성전자우(+0.11%) 등 순매도",/news/news_read.nhn?article_id=0004352660&office_id=015&mode=search&query=삼성전자&page=1,한국경제,"기관 투자자는 02일 거래소에서 카카오, 삼성전자우, 한국조선해양 등을 중점적으로 매도한 것으로 나타났다. 기관 투자자의 순매도 상위 20개 종...",2020-06-02 18:37
"02일, 거래소 외국인 순매도상위에 전기,전자 업종 3종목",/news/news_read.nhn?article_id=0004352659&office_id=015&mode=search&query=삼성전자&page=1,한국경제,"외국인 투자자의 순매도 상위 20개 종목은 SK하이닉스, 셀트리온, NAVER, 삼성전자, 삼성중공업, 삼성전자우, 한진칼, KB금융, 대림산업...",2020-06-02 18:37
LG전자에 주도권 내주고 … 뒤늦게 AS센터 늘리는 다이슨,/news/news_read.nhn?article_id=0002601949&office_id=029&mode=search&query=삼성전자&page=1,디지털타임스,"이어 삼성전자가 '제트'를 앞세워 시장점유율 30% 가까이 차지해 2위를 기록하고 있다. 다이슨의 시장점유율은 20% 안팎으로, 3위를 형성하고...",2020-06-02 18:52
당장 소재 조달 차질 없지만… 美·中 갈등 격화땐 불확실성 우려,/news/news_read.nhn?article_id=0002601936&office_id=029&mode=search&query=삼성전자&page=1,디지털타임스,그중 극자외선(EUV)용 포토레지스트는 삼성전자의 차세대 반도체 공정에 투입되는 소재여서 수출규제 초반 업계 우려를 낳았다. 하지만 일본 경제산...,2020-06-02 18:52
"""무더위 온다""… 삼성, 무풍에어컨 생산라인 풀가동",/news/news_read.nhn?article_id=0002601951&office_id=029&mode=search&query=삼성전자&page=1,디지털타임스,으뜸효율 환급 덕 판매 호조 자동청소건조 기능까지 갖춰 삼성전자는 예년보다 무더위가 예상되는 올해 여름철 성수기를 대비해 무풍에어컨 생산라인을 ...,2020-06-02 18:52
"""新산업 발굴하라"" 재계 총수들 광폭행보",/news/news_read.nhn?article_id=0002601925&office_id=029&mode=search&query=삼성전자&page=1,디지털타임스,"실제로 이재용 삼성전자 부회장은 지난달 6일 기자회견에서 ""끊임없는 혁신과 기술력으로 가장 잘할 수 있는 분야에 집중하면서도 신사업에 과감하게 ...",2020-06-02 18:52
위기서 저력보인 우리기업… 배터리·조선 `글로벌 잭팟`,/news/news_read.nhn?article_id=0002601923&office_id=029&mode=search&query=삼성전자&page=1,디지털타임스,삼성전자와 LG디스플레이 등도 포스트 코로나 시대를 앞두고 본격적인 질주를 준비하고 있다. 코로나19 팬데믹(세계적 대유행)으로 흔들렸던 우리 ...,2020-06-02 18:52
C쇼크속 기업들 잇단 낭보… 신사업 `뚝심투자` 빛났지만,/news/news_read.nhn?article_id=0002601926&office_id=029&mode=search&query=삼성전자&page=1,디지털타임스,여기에 삼성전자 역시 지난달 파운드리(반도체 위탁생산)에 이어 낸드플래시까지 18조원이 넘는 대규모 투자계획을 내놓고 중국의 굴기(몸을 일으킴)...,2020-06-02 18:52
"[포토뉴스] 삼성전자, 무풍에어컨 공장 풀가동",/news/news_read.nhn?article_id=0001006729&office_id=082&mode=search&query=삼성전자&page=1,부산일보,삼성전자는 예년보다 더울 것으로 예고된 올 여름 성수기에 대비해 광주사업장 무풍에어컨 생산라인을 풀가동 중이라고 2일 밝혔다. 프리미엄 제품인 ...,2020-06-02 19:17
"반도체 '핵심 부품' 우리 기술로…""日 의존 필요 없다""",/news/news_read.nhn?article_id=0001042087&office_id=214&mode=search&query=삼성전자&page=1,MBC,"수출 규제 직후, 이재용 삼성전자 부회장이 직접 일본을 찾을 정도로 위기감이 컸습니다. 하지만 국내 업체가 고순도 제품 개발에 성공하고 생산라인...",2020-06-02 19:43
"[포토] 역대급 무더위 예고… 삼성, 무풍에어컨 생산 풀가동",/news/news_read.nhn?article_id=0001327754&office_id=005&mode=search&query=삼성전자&page=1,국민일보,삼성전자는 여름철 성수기를 대비해 무풍에어컨 생산라인을 풀가동하고 있다고 2일 밝혔다. 광주 광산구 하남산단 6번로에 위치한 삼성전자 광주사업장...,2020-06-02 21:52
