title,url,press,summary,date
"[TF초점] '삼성·현대차·LG' 산업계, 생산라인 재가동…불확실성 해소될까",/news/news_read.nhn?article_id=0000024748&office_id=629&mode=search&query=삼성전자&page=7,더팩트,삼성전자·LG전자·현대차 등 해외 생산라인 대다수 가동 재개 신종 코로나바이러스 감염증(코로나19) 사태로 어려움을 겪고 있는 산업계의 해외 핵...,2020-05-05 00:00
[사진] ‘동학 개미’ 1조7000억 사상 최대 순매수에도 코스피 하락,/news/news_read.nhn?article_id=0002998077&office_id=025&mode=search&query=삼성전자&page=7,중앙일보,이날 개인 투자자는 삼성전자를 5000억원 넘게 순매수하며 가장 많이 담았 다. 이날 서울 여의도 KB국민은행 딜링룸. [연합뉴스],2020-05-05 00:03
비대면 경제의 역설…D램값 39개월 만에 최대 폭등,/news/news_read.nhn?article_id=0002998073&office_id=025&mode=search&query=삼성전자&page=7,중앙일보,"D램 가격의 상승세는 삼성전자, SK하이닉스 등 국내 반도체 업체에도 이득이다. PC용 D램 수요가 늘어나는 주요인은 코로나19 사태 이후 비대...",2020-05-05 00:03
원주 벤처기업 `의료빅데이터' 사업 선도 화제,/news/news_read.nhn?article_id=0000797686&office_id=087&mode=search&query=삼성전자&page=7,강원일보,삼성전자 `씨랩' 출신 설립 원주 디지털헬스케어 (주)브레싱스 주력제품 `불로' 美 크라우드펀딩 목표금액보다 11배 초과 삼성 출신 30대 청년...,2020-05-05 00:32
단비같은 D램… 가격 3년만에 최대폭 상승,/news/news_read.nhn?article_id=0003284280&office_id=020&mode=search&query=삼성전자&page=6,동아일보,한진만 삼성전자 메모리사업부 전무는 지난달 29일 삼성전자 1분기(1∼3월) 실적발표 콘퍼런스콜에서 이같이 말했다. 재택경제가 활성화하면서 데이...,2020-05-05 03:02
"[간추린 뉴스]금양인터내셔날, 칠레와인 ‘1865’ 우든굿즈 내놔 外",/news/news_read.nhn?article_id=0003284331&office_id=020&mode=search&query=삼성전자&page=6,동아일보,"■ 삼성, 반려동물 냄새제거 ‘펫케어 공기청정기’ 출시 삼성전자가 반려동물의 털과 냄새를 없애주는 공기청정기 ‘무풍큐브 펫케어’를 4일 출시했다...",2020-05-05 03:03
"개인 1조7000억원 순매수… ""스톡 사피엔스의 출현""",/news/news_read.nhn?article_id=0003528551&office_id=023&mode=search&query=삼성전자&page=6,조선일보,이날 개인들의 순매수는 삼성전자와 같은 전기전자 업종에 집중됐다. 개인 순매수 금액의 47%(약 7900억원)가 전기전자 업종이었다. 개인들의 ...,2020-05-05 03:07
"삼성전자, 1분기 R&D에 5조3600억 투자",/news/news_read.nhn?article_id=0001317859&office_id=005&mode=search&query=삼성전자&page=6,국민일보,삼성전자가 코로나19 사태로 경영 불확실성이 커진 상황 속에서도 1분기에 역대 최대 규모인 5조3600억원을 연구개발(R&D)에 투자했다. 시스...,2020-05-05 04:02
"삼성전자, 반려동물 냄새 99% 제거 ‘펫케어 공기청정기’ 출시",/news/news_read.nhn?article_id=0003087824&office_id=081&mode=search&query=삼성전자&page=6,서울신문,삼성전자는 4일 ‘펫케어 공기청정기’를 출시한다고 밝혔다. 반려견(598만 마리)과 반려묘(258만 마리)를 합쳐 국내 반려동물이 856만 마리...,2020-05-05 05:07
"삼성전자, 브라질에 12억원대 의료용품·전자제품 지원",/news/news_read.nhn?article_id=0011587749&office_id=001&mode=search&query=삼성전자&page=6,연합뉴스,김재순 특파원 = 삼성전자 브라질법인은 신종 코로나바이러스 감염증(코로나19) 확산으로 어려움을 겪는 브라질 국민을 위해 의료용품과 전자제품 등...,2020-05-05 05:12
"'코로나19 직격탄' 항공·여행·車 2분기 최악…""바닥 친다""",/news/news_read.nhn?article_id=0004620216&office_id=421&mode=search&query=삼성전자&page=6,뉴스1,삼성전자 2분기 영업이익 컨센서스는 7조1657억원으로 1분기 잠정치(6조4473억원) 대비 11.1% 높았다. SK하이닉스 2분기 영업이익도 ...,2020-05-05 05:50
"""코로나 시대, 집꾸미기 트렌드"" 롯데百, 홈퍼니싱 페어",/news/news_read.nhn?article_id=0004403794&office_id=008&mode=search&query=삼성전자&page=6,머니투데이,대표 참여 브랜드는 삼성전자·LG전자를 비롯해 다우닝·템퍼·에이스·시몬스·필립스·테팔 등 20여개다. 대표 품목으로는 △필립스 소닉케어 전동칫솔...,2020-05-05 06:00
1분기 곳곳에서 '깜짝실적'…2분기는 '빨간불',/news/news_read.nhn?article_id=0009846271&office_id=003&mode=search&query=삼성전자&page=6,뉴시스,코스피에서 가장 많은 비중을 차지하는 대장주 삼성전자도 전망치보다 높은 영업이익을 기록해 화제가 된 바 있다. SK하이닉스 역시 어닝서프라이즈를...,2020-05-05 06:00
"""코로나19에 집꾸미기 상품 인기""…롯데백화점서 기획전",/news/news_read.nhn?article_id=0011587754&office_id=001&mode=search&query=삼성전자&page=6,연합뉴스,"기획전에는 삼성전자와 LG전자, 다우닝, 템퍼, 에이스, 시몬스 등 20여개 브랜드가 참여해 식탁과 소파 등을 최대 40% 할인한다. 구매 금액...",2020-05-05 06:00
자산 불어나는 'ESG'...투자 성과 개선 '뚜렷',/news/news_read.nhn?article_id=0002399737&office_id=119&mode=search&query=삼성전자&page=6,데일리안,삼성전자나 SK하이닉스 등은 ESG평가등급이 하향조정되며 이미 ESG 리더스 지수에서 제외된 바 있다. 현재 국내 ESG지수에서 금융 업종 비중...,2020-05-05 06:00
코로나에 신제품도 유튜브로 공개…온라인서 활로 찾는 가전업계,/news/news_read.nhn?article_id=0009846252&office_id=003&mode=search&query=삼성전자&page=6,뉴시스,"삼성전자와 LG전자는 지난달 29일 1분기 실적 발표 이후 이어진 콘퍼런스콜을 통해 일제히 ""온라인 판매를 강화하겠다""라고 언급했다. 5일 관련...",2020-05-05 06:00
"롯데百, 집콕족 위한 '홈퍼니싱 페어' 열어…""최대 40% 할인""",/news/news_read.nhn?article_id=0004620221&office_id=421&mode=search&query=삼성전자&page=6,뉴스1,삼성전자부터 엘지전자·다우닝·템퍼·에이스·시몬스·필립스·테팔 등 20여 브랜드가 참여한다. 대표 제품으로는 Δ필립스 소닉케어 전동칫솔 Δ다우닝 ...,2020-05-05 06:00
"""국민연금 한시적 투자금도 회사 자산?""…PEF 규제 강화 ‘논란’",/news/news_read.nhn?article_id=0004633131&office_id=018&mode=search&query=삼성전자&page=6,이데일리,이재용 삼성전자 부회장이 삼성그룹을 지배하는 총수(동일인)인 것처럼 지 대표가 전체 IMM 계열사의 사실상 개인 총수라는 얘기다. ◇“외부 투자...,2020-05-05 06:01
"""집 꾸미기 수요 증가""…롯데百, 홈퍼니싱 페어 개최",/news/news_read.nhn?article_id=0004633129&office_id=018&mode=search&query=삼성전자&page=6,이데일리,"롯데백화점에 따르면 대표 참여 브랜드는 삼성전자, 엘지전자를 비롯해 다우닝, 템퍼, 에이스, 시몬스, 필립스, 테팔 등 20개 이상 브랜드가 참...",2020-05-05 06:01
"삼성 1위→4위 추락···한국이 쏜 5G, 1년만에 中에 추월당했다",/news/news_read.nhn?article_id=0002998151&office_id=025&mode=search&query=삼성전자&page=6,중앙일보,"삼성전자는 2018년 4분기 세계 5G 통신장비 시장점유율 31.6%로 1위를 차지했다. 2위는 중국 화웨이(30.6%), 3위 에릭슨(24.6...",2020-05-05 06:01
코로나19發 미중 무역전쟁 재점화 조짐…재계 노심초사,/news/news_read.nhn?article_id=0000536848&office_id=031&mode=search&query=삼성전자&page=6,아이뉴스24,삼성전자·현대자동차 등 주요 대기업들이 올해 경영전략을 전면 수정하면서 생존을 건 대응책 마련에 동분서주하고 있다. 수출과 내수가 동시에 부진한...,2020-05-05 06:01
"[수출효자 반디폰] '수출 중심' 반도체, 2분기 이후 악화 우려",/news/news_read.nhn?article_id=0000536849&office_id=031&mode=search&query=삼성전자&page=6,아이뉴스24,실제로 삼성전자와 SK하이닉스는 1분기 실적 컨퍼런스콜에서 나란히 코로나19를 이유로 하반기 업황 분석을 하지 못하고 있다고 언급했다.,2020-05-05 06:01
동학개미 이끄는 30대…그들은 왜 주식 투자에 나섰나,/news/news_read.nhn?article_id=0004620237&office_id=421&mode=search&query=삼성전자&page=6,뉴스1,"중에서는 삼성전자, 카카오, 네이버 등을 비롯해 IT, 5G, 자율주행, 코로나19 치료제 관련 제약주에 대해 문의하고는 한다""고 설명했다. 3...",2020-05-05 06:05
"삼성전자, 브라질에 12억원대 의료용품·전자제품 지원",/news/news_read.nhn?article_id=0004568768&office_id=009&mode=search&query=삼성전자&page=6,매일경제,삼성전자 브라질법인은 코로나19 확산으로 어려움을 겪는 브라질 국민을 위해 의료용품과 전자제품 등 500만 헤알(약 12억원) 상당의 물품을 지원하기로 했다고 4일...,2020-05-05 06:29
"역대 최대 동학개미들, 무엇 사나",/news/news_read.nhn?article_id=0009846281&office_id=003&mode=search&query=삼성전자&page=5,뉴시스,특히 삼성전자와 SK하이닉스 등 시가총액 상위 종목에 중점적으로 베팅했다. 5일 한국거래소에 따르면 전날 개인 투자자들은 유가증권시장에서 1조7...,2020-05-05 06:35
"韓 연합군 vs 이케아 ""누가 더 세나""…'기흥 혈전' 최종 승자는?",/news/news_read.nhn?article_id=0004620256&office_id=421&mode=search&query=삼성전자&page=5,뉴스1,"◇""삼성전자 제품에 스벅까지?""…까사미아 기흥 리빙파워센터점 지하 1층에 약 1488㎡(450평) 규모로 들어선 '까사미아 리빙파워센터점'은 까...",2020-05-05 06:40
왜 이미지센서일까…차세대 '먹거리',/news/news_read.nhn?article_id=0004620265&office_id=421&mode=search&query=삼성전자&page=5,뉴스1,어두운 환경에서 개별 화소들이 빛을 받아들이는 어려움을 극복하기 위해 삼성전자와 SK하이닉스는 인접한 여러 개의 화소를 하나의 화소처럼 동작하는...,2020-05-05 07:00
"LG화학·삼성전자, 지난해 日 특허등록 나란히 '톱 5'",/news/news_read.nhn?article_id=0004620264&office_id=421&mode=search&query=삼성전자&page=5,뉴스1,LG화학과 삼성전자가 지난해 일본에서 가장 많은 특허를 등록한 외국기업 '톱(TOP) 5'에 나란히 이름을 올렸다. 5일 업계에 따르면 일본 특...,2020-05-05 07:00
"""기관·외인에 안 진다""…1.7조 또 쏟아붓고도 '90조' 남은 개미들",/news/news_read.nhn?article_id=0004403812&office_id=008&mode=search&query=삼성전자&page=5,머니투데이,"순매수 종목도 3월에는 삼성전자, 현대차, SK하이닉스 등 대형주와 레버리지 ETF(코스피200의 2배 수익률을 주는 상품) 같이 증시 상승을 ...",2020-05-05 07:11
코로나 침체 속에서도 눈에 띄는 '위생·건강가전',/news/news_read.nhn?article_id=0004620291&office_id=421&mode=search&query=삼성전자&page=5,뉴스1,"5일 업계에 따르면, 삼성전자는 1분기 의류케어 가전제품들이 큰 폭의 판매 증가세를 보였다. 지난 1월 출시한 '그랑데 AI' 건조기·세탁기는 ...",2020-05-05 08:00
중국 반도체 '전방위 추격'…낸드 이어 D램 격차도 좁힌다,/news/news_read.nhn?article_id=0011587845&office_id=001&mode=search&query=삼성전자&page=5,연합뉴스,"창신메모리 연내 17나노 D램 양산할 듯…삼성보다 3년 뒤처져 양쯔메모리는 128단 낸드 개발 성공…하이실리콘, 퀄컴 제쳐 삼성전자, SK하이닉...",2020-05-05 08:11
"코로나19에…의류 건조기 관심 급증 ""살균기능 주목""",/news/news_read.nhn?article_id=0004672302&office_id=277&mode=search&query=삼성전자&page=5,아시아경제,LG전자와 삼성전자의 의류건조기 온라인 정보량을 조사했다. 분석 기간은 지난 1월1일부터 2월17일까지와 대구에서 '코로나19' 31번째 확진자...,2020-05-05 08:12
황금연휴에 집안 꾸미기 관련 가전·가구 판매 늘었다,/news/news_read.nhn?article_id=0004672309&office_id=277&mode=search&query=삼성전자&page=5,아시아경제,"삼성전자, 엘지전자를 비롯해다우닝, 템퍼, 에이스, 시몬스, 필립스, 테팔등 20개 이상 브랜드가 참여 한다. 대표 품목으로는 필립스 소닉케어 ...",2020-05-05 08:49
'어린이 펀드' 뭐 담았나 봤더니…`삼성전자`,/news/news_read.nhn?article_id=0004633165&office_id=018&mode=search&query=삼성전자&page=5,이데일리,시중에 나와 있는 어린이 펀드 대부분은 ‘삼성전자(005930)’에 대한 의존도가 높은 것으로 조사됐다. 삼성전자 등 대형주 비중이 높아 벤치마...,2020-05-05 09:17
'국민주' 삼성전자 본격 반등 멀었다…2분기 실적도 '먹구름',/news/news_read.nhn?article_id=0004633175&office_id=018&mode=search&query=삼성전자&page=5,이데일리,삼성전자(005930)는 언제쯤 본격 반등할까. 최근 하락장에서 삼성전자를 매입한 많은 동학개미들이 궁금해하는 점이다. 그러나 안타깝게도 당분간...,2020-05-05 09:34
"우리 아이에 줄 주식, 테슬라가 좋을까 삼성전자가 좋을까",/news/news_read.nhn?article_id=0000518667&office_id=366&mode=search&query=삼성전자&page=5,조선비즈,같은 돈으로 자녀에게 삼성전자(005930)의 주식을 사줬다면 양도세는 면제되지만 투자이익은 300만원 가량이다. 호지영 우리은행 PB고객부 세...,2020-05-05 10:01
LG ‘벨벳’ 가격 승부수...2년뒤 반납하면 40만원대,/news/news_read.nhn?article_id=0003732751&office_id=011&mode=search&query=삼성전자&page=5,서울경제,"아이폰SE의 경우 최저 55만원(자급제 기준)이며 삼성전자 갤럭시 A51 역시 57만 2,000원이다. LG전자는 “벨벳 구매를 원하는 고객에게...",2020-05-05 10:01
집꾸미기 좋은날..롯데 홈퍼니싱 페어 개최,/news/news_read.nhn?article_id=0004418845&office_id=014&mode=search&query=삼성전자&page=5,파이낸셜뉴스,"대표 참여 브랜드는 삼성전자, 엘지전자를 비롯해 다우닝, 템퍼, 에이스, 시몬스, 필립스, 테팔 등 20개 이상 브랜드가 참여한다. 대표 품목으...",2020-05-05 10:05
"""삼성전자, 장기적으론 긍정적…서버 투자 속도 둔화는 부담""",/news/news_read.nhn?article_id=0004672359&office_id=277&mode=search&query=삼성전자&page=5,아시아경제,삼성전자가 장기적으로 반도체 부문의 실적이 개선될 것이란 의견이 나왔다. 다만 서버 투자 속도가 둔화될 가능성은 염두에 둬야 할 것으로 보인다....,2020-05-05 10:15
"`낸드에 D램까지`…中, 정부 지원 속 반도체 코리아 맹추격",/news/news_read.nhn?article_id=0002596238&office_id=029&mode=search&query=삼성전자&page=5,디지털타임스,중국 반도체 업계가 낸드플래시에 이어 D램까지 양산 계획을내놓으며 삼성전자와 SK하이닉스를 맹추격 하고 있다. 아직 삼성전자 등과 비교해 기술 ...,2020-05-05 10:51
"삼성전자, 포터블 인덕션 '더 플레이트' 신제품 출시",/news/news_read.nhn?article_id=0011588010&office_id=001&mode=search&query=삼성전자&page=5,연합뉴스,삼성전자가 오는 6일 포터블 인덕션 '더 플레이트' 1구 모델을 새롭게 출시한다고 5일 밝혔다. 모델이 수원 삼성전자 디지털시티 프리미엄하우스에...,2020-05-05 11:00
"""1인 가구도 부담없이"" 삼성전자, 1구형 포터블 인덕션 출시",/news/news_read.nhn?article_id=0011588012&office_id=001&mode=search&query=삼성전자&page=5,연합뉴스,삼성전자는 별도 설치가 필요 없는 포터블 인덕션 '더 플레이트' 1구 모델을 출시한다고 5일 밝혔다. 1구 모델은 지난해 10월 출시한 2구 모...,2020-05-05 11:00
"삼성전자, 1구 인덕션 '더 플레이트' 출시…""혼밥에 딱""",/news/news_read.nhn?article_id=0004403858&office_id=008&mode=search&query=삼성전자&page=5,머니투데이,삼성전자는 포터블 인덕션 '더 플레이트'를 출시했다고 6일 밝혔다. 1구 모델인 신제품은 별도 설치가 필요 없고 이동이 편리한 게 특징이다. 컴...,2020-05-05 11:00
삼성전자 포터블 인덕션 '더 플레이트',/news/news_read.nhn?article_id=0004620449&office_id=421&mode=search&query=삼성전자&page=5,뉴스1,= 삼성전자가 포터블 인덕션 ‘더 플레이트(The Plate)’ 1구 신제품을 출시했다. 더 플레이트 1구 모델은 기존 2구 모델 대비 컴팩트한...,2020-05-05 11:00
"삼성전자, 포터블 인덕션 '더 플레이트' 신제품 출시",/news/news_read.nhn?article_id=0011588011&office_id=001&mode=search&query=삼성전자&page=4,연합뉴스,삼성전자가 오는 6일 포터블 인덕션 '더 플레이트' 1구 모델을 새롭게 출시한다고 5일 밝혔다. 모델이 수원 삼성전자 디지털시티 프리미엄하우스에...,2020-05-05 11:00
"삼성전자, 포터블 인덕션 '더 플레이트' 신제품 출시",/news/news_read.nhn?article_id=0011588007&office_id=001&mode=search&query=삼성전자&page=4,연합뉴스,삼성전자가 오는 6일 포터블 인덕션 '더 플레이트' 1구 모델을 새롭게 출시한다고 5일 밝혔다. 모델이 수원 삼성전자 디지털시티 프리미엄하우스에...,2020-05-05 11:00
"삼성전자, 포터블 인덕션 더 플레이트 1 구 출시",/news/news_read.nhn?article_id=0004620448&office_id=421&mode=search&query=삼성전자&page=4,뉴스1,= 삼성전자가 포터블 인덕션 ‘더 플레이트(The Plate)’ 1구 신제품을 출시했다. 더 플레이트 1구 모델은 기존 2구 모델 대비 컴팩트한...,2020-05-05 11:00
"삼성전자, 포터블 인덕션 '더 플레이트' 신제품 출시",/news/news_read.nhn?article_id=0011588005&office_id=001&mode=search&query=삼성전자&page=4,연합뉴스,삼성전자가 오는 6일 포터블 인덕션 '더 플레이트' 1구 모델을 새롭게 출시한다고 5일 밝혔다. 사진은 삼성 포터블 인덕션 '더 플레이트' 1구...,2020-05-05 11:00
"삼성전자, '1구형' 포터블 인덕션 출시…가격 25만원",/news/news_read.nhn?article_id=0004620441&office_id=421&mode=search&query=삼성전자&page=4,뉴스1,삼성전자는 이동이 간편한 포터블(portable) 인덕션 '더 플레이트'(The Plate) 1구 모델을 출시한다고 5일 밝혔다. 지난해 2구 ...,2020-05-05 11:00
"삼성전자, 포터블 인덕션 ‘더 플레이트’ 신제품 출시",/news/news_read.nhn?article_id=0002399763&office_id=119&mode=search&query=삼성전자&page=4,데일리안,삼성전자는 포터블 인덕션 ‘더 플레이트(The Plate)’ 1구 모델을 새롭게 출시한다고 5일 밝혔다. 6일 출시되는 더 플레이트 1구 모델은...,2020-05-05 11:00
"삼성전자, 포터블 인덕션 '더 플레이트' 1구 모델 6일 출시",/news/news_read.nhn?article_id=0004672374&office_id=277&mode=search&query=삼성전자&page=4,아시아경제,삼성전자가 포터블 인덕션 ‘더 플레이트(The Plate)’ 1구 모델을 6일 새롭게 출시한다고 5일 밝혔다. 앞서 삼성전자는 지난해 10월 2...,2020-05-05 11:00
포터블 인덕션 '더 플레이트' 선보인 삼성전자,/news/news_read.nhn?article_id=0004620447&office_id=421&mode=search&query=삼성전자&page=4,뉴스1,= 삼성전자 모델이 수원 삼성전자 디지털시티 프리미엄하우스에서 포터블 인덕션 ‘더 플레이트(The Plate)’ 1구 신제품을 소개하고 있다. ...,2020-05-05 11:00
"삼성전자, 포터블 인덕션 '더 플레이트' 신제품 출시",/news/news_read.nhn?article_id=0011588008&office_id=001&mode=search&query=삼성전자&page=4,연합뉴스,삼성전자가 오는 6일 포터블 인덕션 '더 플레이트' 1구 모델을 새롭게 출시한다고 5일 밝혔다. 모델이 수원 삼성전자 디지털시티 프리미엄하우스에...,2020-05-05 11:00
삼성전자 포터블 인덕션 '더 플레이트',/news/news_read.nhn?article_id=0004620449&office_id=421&mode=search&query=삼성전자&page=4,뉴스1,= 삼성전자가 포터블 인덕션 ‘더 플레이트(The Plate)’ 1구 신제품을 출시했다. 더 플레이트 1구 모델은 기존 2구 모델 대비 컴팩트한...,2020-05-05 11:00
"삼성전자, 포터블 인덕션 신제품 출시…1인 가구 공략",/news/news_read.nhn?article_id=0009846460&office_id=003&mode=search&query=삼성전자&page=4,뉴시스,삼성전자는 포터블 인덕션 '더 플레이트(The Plate)' 1구 모델을 6일 새롭게 출시한다고 5일 밝혔다. 작년 10월 2구 모델로 첫 선을...,2020-05-05 11:00
"삼성전자, 휴대용 인덕션 '더 플레이트' 출시",/news/news_read.nhn?article_id=0003732780&office_id=011&mode=search&query=삼성전자&page=4,서울경제,삼성전자(005930)가 포터블 인덕션 ‘더 플레이트’ 1구 모델을 6일 새롭게 출시한다. 지난해 10월 2구 모델로 첫선을 보인 더 플레이트는...,2020-05-05 11:00
"삼성전자, 포터블 인덕션 '더 플레이트' 신제품 출시",/news/news_read.nhn?article_id=0011588003&office_id=001&mode=search&query=삼성전자&page=4,연합뉴스,삼성전자가 오는 6일 포터블 인덕션 '더 플레이트' 1구 모델을 새롭게 출시한다고 5일 밝혔다. 사진은 삼성 포터블 인덕션 '더 플레이트' 1구...,2020-05-05 11:00
"""1인 가구도 부담없이"" 삼성전자, 1구형 포터블 인덕션 출시",/news/news_read.nhn?article_id=0011588012&office_id=001&mode=search&query=삼성전자&page=4,연합뉴스,삼성전자는 별도 설치가 필요 없는 포터블 인덕션 '더 플레이트' 1구 모델을 출시한다고 5일 밝혔다. 1구 모델은 지난해 10월 출시한 2구 모...,2020-05-05 11:00
"삼성전자, 포터블 인덕션 '더 플레이트'…출고가 25만원",/news/news_read.nhn?article_id=0000536860&office_id=031&mode=search&query=삼성전자&page=4,아이뉴스24,삼성전자가 포터블 인덕션 ‘더 플레이트(The Plate)’ 1구 모델을 6일 새롭게 출시한다. 지난해 10월 2구 모델로 첫 선을 보인 더 플...,2020-05-05 11:01
"삼성전자, 포터블 인덕션 `더 플레이트` 1구 모델 출시…""`혼밥에 최적""",/news/news_read.nhn?article_id=0002596242&office_id=029&mode=search&query=삼성전자&page=4,디지털타임스,삼성전자가 포터블 인덕션 '더 플레이트(The Plate)' 1구 모델을 출시한다고 5일 밝혔다. 작년 10월 2구 모델로 첫 선을 보인 더 플...,2020-05-05 11:01
삼성전자 인덕션 시장 공략… 포터블 인덕션 ‘더 플레이트’ 신제품 출시,/news/news_read.nhn?article_id=0001669517&office_id=016&mode=search&query=삼성전자&page=4,헤럴드경제,삼성전자가 포터블 인덕션 ‘더 플레이트(The Plate)’ 1구 모델을 6일 새롭게 출시한다. 작년 10월 2구 모델로 첫 선을 보인 더 플레...,2020-05-05 11:02
"삼성전자, 포터블 인덕션 ‘더 플레이트’ 신제품 출시",/news/news_read.nhn?article_id=0004633225&office_id=018&mode=search&query=삼성전자&page=4,이데일리,삼성전자(005930)는 포터블 인덕션 ‘더 플레이트(The Plate)’ 1구 모델을 출시한다고 5일 밝혔다. 지난해 10월 2구 모델로 첫 ...,2020-05-05 11:02
"삼성전자, 운반하기 편한 1구 인덕션 출시···1인 가구 겨냥",/news/news_read.nhn?article_id=0003007292&office_id=032&mode=search&query=삼성전자&page=4,경향신문,삼성전자가 간편하게 운반할 수 있는 인덕션 ‘더 플레이트(The Plate)’ 1구 모델을 6일 출시한다고 5일 밝혔다. 지난해 10월 포터블 ...,2020-05-05 11:05
코로나19에 ‘집꾸미기’ 떴다…연휴 매출 30% 늘어,/news/news_read.nhn?article_id=0002596246&office_id=029&mode=search&query=삼성전자&page=4,디지털타임스,"삼성전자, 엘지전자를 비롯해 다우닝, 템퍼, 에이스, 시몬스, 필립스, 테팔 등 20개 이상의 브랜드가 참여한다. 필립스 소닉케어 전동칫솔(6만...",2020-05-05 11:20
`사회적 거리두기` 끝나자 청년 일자리 챙기는 이재용 삼성전자 부회장,/news/news_read.nhn?article_id=0002596252&office_id=029&mode=search&query=삼성전자&page=3,디지털타임스,'코로나19 사회적 거리두기'가 끝나자 삼성전자가 가장 먼저 챙긴 것은 청년 일자리 창출이었다. 청년 소프트웨어 인재 육성은 삼성전자 뿐 아니라...,2020-05-05 11:43
의료기기 특허출원 크게 늘어…전체 출원증가율 3배 넘어,/news/news_read.nhn?article_id=0011588121&office_id=001&mode=search&query=삼성전자&page=3,연합뉴스,"최다 출원인은 삼성전자(2천252건)이다. 중견기업인 서울바이오시스, 바디프렌드, 오스템임플란트는 각각 진료 장치, 치료 보조, 치과기기 분야에...",2020-05-05 12:00
"카드업계, 예년보다 더 절실한 '5월 특수 잡기'",/news/news_read.nhn?article_id=0002880984&office_id=030&mode=search&query=삼성전자&page=3,전자신문,"LG베스트샵과 삼성전자 디지털 프라자 이용고객에게는 최대 10만원 캐시백을 준다. 하나카드는 네이버쇼핑과 5% 청구할인(최대 2000원), 요기...",2020-05-05 12:01
세계가 주목하는 K-메디컬…의료기기 연구개발도 활발,/news/news_read.nhn?article_id=0004633265&office_id=018&mode=search&query=삼성전자&page=3,이데일리,"최다 출원인은 14개 유형 중 4개 분야에서 가장 많은 특허를 출원한 삼성전자(2252건)가 차지했다. 또 중견기업인 서울바이오시스, 바디프렌드...",2020-05-05 12:01
5G 가입자 52만명↑ … ‘보조금’ 등에 업고 5G 바람 이어지나,/news/news_read.nhn?article_id=0001669537&office_id=016&mode=search&query=삼성전자&page=3,헤럴드경제,지난 3월 이동통신 3사는 일제히 삼성전자 갤럭시S10 5G의 출고가를 30만원 가량 인하했다. 코로나19 불황으로 인한 단말기 시장 위축과 5...,2020-05-05 12:06
"삼성전자, 포터블 인덕션 1구형 출시....""혼밥에 딱""",/news/news_read.nhn?article_id=0004418913&office_id=014&mode=search&query=삼성전자&page=3,파이낸셜뉴스,삼성전자가 포터블 인덕션 '더 플레이트' 1구 제품을 6일 출시한다고 5일 밝혔다. 지난해 10월 2구 모델로 첫 선을 보인 더 플레이트는 별도...,2020-05-05 12:15
'2020 용산 전자랜드 가전페어' 5월 10일까지... 최대 59% 할인,/news/news_read.nhn?article_id=0000078244&office_id=310&mode=search&query=삼성전자&page=3,여성신문,"이밖에 삼성전자·LG전자·위니아대우 제품을 일정 금액 이상 구매 시 결제 금액에 따라 후라이팬 세트, 여행용 캐리어 6종, UV 살균 건조기, ...",2020-05-05 12:33
한국서 맥못추는 코로나19 K보건의료 특허 한몫했다,/news/news_read.nhn?article_id=0003732817&office_id=011&mode=search&query=삼성전자&page=3,서울경제,"최다 출원인은 삼성전자로 지난 10년 간 2,252개 특허를 출원했다. 이밖에 서울바이오시스(092190), 바디프랜드, 오스템임플란트(0482...",2020-05-05 13:01
삼성전자 인덕션 '더 플레이트' 신제품 출시,/news/news_read.nhn?article_id=0009846570&office_id=003&mode=search&query=삼성전자&page=3,뉴시스,삼성전자가 6일 포터블 인덕션 '더 플레이트(The Plate)' 1구 모델을 출시한다고 5일 밝혔다. 사진은 삼성전자 모델이 수원 삼성전자 디...,2020-05-05 13:11
삼성전자 인덕션 '더 플레이트' 신제품 출시,/news/news_read.nhn?article_id=0009846571&office_id=003&mode=search&query=삼성전자&page=3,뉴시스,삼성전자가 6일 포터블 인덕션 '더 플레이트(The Plate)' 1구 모델을 출시한다고 5일 밝혔다. 사진은 삼성전자 모델이 수원 삼성전자 디...,2020-05-05 13:11
삼성전자 인덕션 '더 플레이트' 신제품 출시,/news/news_read.nhn?article_id=0009846572&office_id=003&mode=search&query=삼성전자&page=3,뉴시스,삼성전자가 6일 포터블 인덕션 '더 플레이트(The Plate)' 1구 모델을 출시한다고 5일 밝혔다. 사진은 삼성전자 모델이 수원 삼성전자 디...,2020-05-05 13:11
‘집콕’ 길어지자 집 꾸미기에 눈 돌린 소비자들,/news/news_read.nhn?article_id=0003007303&office_id=032&mode=search&query=삼성전자&page=3,경향신문,"삼성전자, LG전자를 비롯해 시몬스, 에이스, 필립스 등 20개 이상의 브랜드가 참여한다. 롯데백화점 관계자는 “코로나19로 생활가전 및 생활용품 수요 증가가 매출에......",2020-05-05 13:19
"LG화학, ‘배터리 꿈의 소재’ 탄소나노튜브 증설",/news/news_read.nhn?article_id=0000053571&office_id=050&mode=search&query=삼성전자&page=3,한경비즈니스,"choies@hankyung.com [위클리 이슈=기업 기사 인덱스] -삼성전자·SK하이닉스, 1000억원 규모 ‘시스템 반도체 펀드’ 조성 -...",2020-05-05 13:21
"삼성전자·SK하이닉스, 1000억원 규모 ‘시스템 반도체 펀드’ 조성",/news/news_read.nhn?article_id=0000053573&office_id=050&mode=search&query=삼성전자&page=3,한경비즈니스,삼성전자와 SK하이닉스가 국내 시스템 반도체 유망 중소기업을 육성하기 위해 손을 잡았다. 두 회사는 한국성장금융과 2년간 최소 1000억원 규모...,2020-05-05 13:21
"HDC현대산업개발, 아시아나 인수 연기…항공업 구조조정 ‘안갯속’",/news/news_read.nhn?article_id=0000053572&office_id=050&mode=search&query=삼성전자&page=3,한경비즈니스,"choies@hankyung.com [위클리 이슈=기업 기사 인덱스] -삼성전자·SK하이닉스, 1000억원 규모 ‘시스템 반도체 펀드’ 조성 -...",2020-05-05 13:21
"SK브로드밴드, 티브로드 합병 마무리…통합 법인 출범",/news/news_read.nhn?article_id=0000053574&office_id=050&mode=search&query=삼성전자&page=3,한경비즈니스,"choies@hankyung.com [위클리 이슈=기업 기사 인덱스] -삼성전자·SK하이닉스, 1000억원 규모 ‘시스템 반도체 펀드’ 조성 -...",2020-05-05 13:21
"카카오, 주요 계열사 한 건물로 불러들인다",/news/news_read.nhn?article_id=0000053576&office_id=050&mode=search&query=삼성전자&page=3,한경비즈니스,"choies@hankyung.com [위클리 이슈=기업 기사 인덱스] -삼성전자·SK하이닉스, 1000억원 규모 ‘시스템 반도체 펀드’ 조성 -...",2020-05-05 13:22
"이케아, 서울에 첫 도심형 매장 오픈",/news/news_read.nhn?article_id=0000053575&office_id=050&mode=search&query=삼성전자&page=3,한경비즈니스,"choies@hankyung.com [위클리 이슈=기업 기사 인덱스] -삼성전자·SK하이닉스, 1000억원 규모 ‘시스템 반도체 펀드’ 조성 -...",2020-05-05 13:22
"신한금융그룹, 종합 부동산 컨설팅 서비스 ‘밸류업 플러스’ 출시",/news/news_read.nhn?article_id=0000053577&office_id=050&mode=search&query=삼성전자&page=3,한경비즈니스,"choies@hankyung.com [위클리 이슈=기업 기사 인덱스] -삼성전자·SK하이닉스, 1000억원 규모 ‘시스템 반도체 펀드’ 조성 -...",2020-05-05 13:22
"삼성전자, 1구형 포터블 인덕션 출시…1인 가구 겨냥",/news/news_read.nhn?article_id=0001000320&office_id=082&mode=search&query=삼성전자&page=3,부산일보,삼성전자의 포터블 인덕션 ‘더 플레이트’ 1구 모델.삼성전자 제공 삼성전자는 별도 설치가 필요 없는 포터블 인덕션 '더 플레이트' 1구 모델을 ...,2020-05-05 13:23
"KCFT, SK넥실리스로 사명 변경",/news/news_read.nhn?article_id=0000053578&office_id=050&mode=search&query=삼성전자&page=2,한경비즈니스,"choies@hankyung.com [위클리 이슈=기업 기사 인덱스] -삼성전자·SK하이닉스, 1000억원 규모 ‘시스템 반도체 펀드’ 조성 -...",2020-05-05 13:23
"삼성전자, 브라질에 12억원대 의료용품·전자제품 지원",/news/news_read.nhn?article_id=0004568839&office_id=009&mode=search&query=삼성전자&page=2,매일경제,삼성전자가 코로나19 확산에 따라 어려움을 겪고있는 브라질에 의료용품과 전자제품 등을 지원하기로 했다. 5일 삼성전자에 따르면 이 회사 브라질법인은 진단키트...,2020-05-05 13:47
코로나로 막힌 삼성·LG 美판로 뚫려..베스트바이 200개 매장 '재개장',/news/news_read.nhn?article_id=0004403916&office_id=008&mode=search&query=삼성전자&page=2,머니투데이,코로나19(COVID-19) 여파로 판로가 막혔던 삼성전자와 LG전자가 TV를 중심으로 대형 생활가전 판매에 속도를 낼 것으로 보인다. 5일 관...,2020-05-05 13:58
K보건의료 잘 나가는 이유는? 의료기기 특허 역량,/news/news_read.nhn?article_id=0010830122&office_id=056&mode=search&query=삼성전자&page=2,KBS,"누적 기준 가장 많은 출원인은 삼성전자(2,252건)였고, 연세대(888건)와 서울대(808건)가 뒤를 이었다. 특허청은 ""지난해 제정된 의료기...",2020-05-05 14:01
"전자랜드, 2020 용산 전자랜드 가전페어 진행",/news/news_read.nhn?article_id=0004418942&office_id=014&mode=search&query=삼성전자&page=2,파이낸셜뉴스,"이밖에 삼성전자·LG전자·위니아대우 제품을 일정 금액 이상 구매 시 결제 금액에 따라 후라이팬 세트, 여행용 캐리어 6종, UV 살균 건조기, ...",2020-05-05 14:16
낸드 이어 D램까지 추격···진격의 中 반도체,/news/news_read.nhn?article_id=0003732842&office_id=011&mode=search&query=삼성전자&page=2,서울경제,업계에서는 삼성전자가 지난 2017년 11월 양산을 시작한 2세대 10나노급(1y) D램을 17나노대로 추정하고 있다. 창신메모리가 올해 말 1...,2020-05-05 14:48
코로나 타고···LG전자 온라인샵 쑥쑥,/news/news_read.nhn?article_id=0003732843&office_id=011&mode=search&query=삼성전자&page=2,서울경제,최근 삼성전자는 2020년형 퀀텀닷디스플레이(QLED) TV를 주제로 온라인 ‘테크 세미나’를 진행하는 한편 LG전자도 일체형 세탁건조기 ‘트롬...,2020-05-05 14:48
"[포스트 코로나] `반도체+배터리` 버팀목…전자업계, 4차 산업혁명 속도",/news/news_read.nhn?article_id=0002596288&office_id=029&mode=search&query=삼성전자&page=2,디지털타임스,"삼성전자 측은 최근 1분기 실적발표 컨퍼런스콜에서 ""부품 사업에서는 디스플레이 부문이 스마트폰 시장 침체로 실적 악화가 예상된다""며 ""세트 사업...",2020-05-05 14:52
"삼성전자, 포터블 인덕션 '더 플레이트' 1구 모델 선보여",/news/news_read.nhn?article_id=0003562595&office_id=076&mode=search&query=삼성전자&page=2,스포츠조선,삼성전자가 포터블 인덕션 '더 플레이트(The Plate)' 1구 모델을 새롭게 출시한다고 5일 밝혔다. 1인 가구가 늘어 나며 소형 인덕션을 ...,2020-05-05 15:00
"삼성전자 ""협력사 경쟁력 높인다""…'삼성 노하우' 담긴 특허 2만7000건 개방",/news/news_read.nhn?article_id=0004334884&office_id=015&mode=search&query=삼성전자&page=2,한국경제,"삼성전자는 신종 코로나바이러스 감염증(코로나19) 확산 여파로 경영상의 어려움을 겪고 있는 국내 협력사에 기술, 인력, 자금 등을 지원하고 있다...",2020-05-05 15:32
협력사가 살아야 우리도 산다…'상생경영' 힘쓰는 기업들,/news/news_read.nhn?article_id=0004334887&office_id=015&mode=search&query=삼성전자&page=2,한국경제,"삼성전자, LG전자는 협력업체 스마트팩토리 전환을 지원하고 있다. 포스코는 협력업체인 동국산업이 생산성 저하 문제를 겪고 있다는 점을 파악한 뒤...",2020-05-05 15:40
LG 벨벳폰 0원·갤S20 10만원···불 붙은 스마트폰 보조금 전쟁,/news/news_read.nhn?article_id=0002998228&office_id=025&mode=search&query=삼성전자&page=2,중앙일보,"삼성전자는 30만~50만원대 5G 스마트폰인 갤럭시 A 시리즈를 출시했고, 애플 역시 50만원대의 4G폰인 아이폰 SE로 맞불을 놨다. 반면 L...",2020-05-05 16:03
"롯데백화점, 6~17일 가전·가구 '홈퍼니싱 페어' 개최",/news/news_read.nhn?article_id=0003562704&office_id=076&mode=search&query=삼성전자&page=2,스포츠조선,"삼성전자, LG전자를 비롯해 다우닝, 템퍼, 에이스, 시몬스, 필립스, 테팔 등 20개 이상 브랜드가 참여 한다. 대표 품목으로는 필립스 소닉케...",2020-05-05 16:07
"위기에 빛난 LG그룹주…""하반기 성장도 기대""",/news/news_read.nhn?article_id=0004334922&office_id=015&mode=search&query=삼성전자&page=2,한국경제,삼성은 호실적을 낸 삼성전자와 삼성SDI(35.6%)를 제외한 상당수 계열사가 시장 기대치에 못 미쳤다. 삼성물산(-12.9%) 삼성SDS(-7...,2020-05-05 17:02
지금이 기회? 주식시장 뛰어드는 주린이(주식+어린이)들,/news/news_read.nhn?article_id=0000646039&office_id=088&mode=search&query=삼성전자&page=2,매일신문,"삼성전자 주식 매수시기를 저울질하다 실제로 매수하지는 않았다는 C씨는 ""5천만원쯤 없어도 굶어 죽지는 않으니 투자해보자는 생각이 들더라""며 ""주...",2020-05-05 17:02
135만 '삼성 개미' 1분기 배당 18만원씩 받는다,/news/news_read.nhn?article_id=0003732881&office_id=011&mode=search&query=삼성전자&page=2,서울경제,올해 1·4분기 삼성전자(005930)의 개인 주주들은 평균 18만원가량의 배당금을 받을 수 있는 것으로 추산됐다. 삼성전자의 주가 상승률이 기...,2020-05-05 17:10
전자랜드 ‘2020 용산 전자랜드 가전페어’,/news/news_read.nhn?article_id=0000817678&office_id=382&mode=search&query=삼성전자&page=2,스포츠동아,"또 삼성전자·LG전자·위니아대우 제품을 일정 금액 이상 구매 시 결제 금액에 따라 후라이팬 세트, 여행용 캐리어 6종, UV 살균 건조기, 칼세...",2020-05-05 17:20
삼성전자 R&D 투자는 진행형...반도체 소부장株 웃을까,/news/news_read.nhn?article_id=0003732905&office_id=011&mode=search&query=삼성전자&page=2,서울경제,‘신종 코로나바이러스 감염증(코로나19)’ 확산에 따른 업황 둔화 우려에도 올해 삼성전자가 연구개발(R&D) 및 생산설비에 대한 투자를 최대치로...,2020-05-05 17:24
"[포토] 삼성전자 ""인덕션, 이제 포터블로 쓰세요""",/news/news_read.nhn?article_id=0004568915&office_id=009&mode=search&query=삼성전자&page=2,매일경제,삼성전자가 포터블 인덕션 '더 플레이트(The Plate)' 1구 모델을 6일 새롭게 출시한다. 삼성전자 모델이 수원 삼성전자 디지털시티 프리미...,2020-05-05 17:28
코스피 기업 절반 작년보다 상황 더 안좋다,/news/news_read.nhn?article_id=0003732908&office_id=011&mode=search&query=삼성전자&page=2,서울경제,여기에 삼성전자와 SK하이닉스는 1·4분기 실적 콘퍼런스콜에서 나란히 코로나19를 이유로 하반기 업황 분석을 하지 못하고 있다고 밝힐 정도로 앞...,2020-05-05 17:28
"현대기아차 64% · GM 10%…K제조업, 퀀텀점프 기회 왔다",/news/news_read.nhn?article_id=0004334959&office_id=015&mode=search&query=삼성전자&page=1,한국경제,삼성전자도 연말부터 D램 크기를 줄일 수 있는 극자외선(EUV) 노광장비를 세계 최초로 D램 공정에 적용하는 등 경쟁력을 끌어올리는 데 집중하고...,2020-05-05 17:29
코로나 수출충격 이제 시작인데···韓기업 좌불안석[미중 무역전쟁 또 터지나],/news/news_read.nhn?article_id=0003732918&office_id=011&mode=search&query=삼성전자&page=1,서울경제,높아지는 불확실성에 삼성전자(005930)·현대차(005380) 등 주요 대기업은 올해 경영전략을 전면 수정하는 등 대책 마련에 분주한 상황이다...,2020-05-05 17:31
"삼성, 외환위기 거치며 글로벌 대표기업 도약…현대차는 금융위기 이후 美 점유율 2...",/news/news_read.nhn?article_id=0004334974&office_id=015&mode=search&query=삼성전자&page=1,한국경제,삼성전자의 지난 4일 종가 기준 시가총액이다. 코스피200 종목 전체 시총에서 30%를 넘어설 만큼 증권시장에서 차지하는 비중이 크다. ‘시총 1위=삼성전자’ 공식이......,2020-05-05 17:41
['K언택트'로 민관 수출길 개척한다]'웨비나'로 신제품 론칭···기업 목소리 모...,/news/news_read.nhn?article_id=0003732942&office_id=011&mode=search&query=삼성전자&page=1,서울경제,삼성전자는 코로나19가 위력을 떨치고 있는 유럽지역에서 각국 정부가 전염병 확산을 방지하기 위해 접촉을 제한한 기간만큼 모든 기기의 보증기간을 ...,2020-05-05 17:43
'K 언택트' 기술 활용···민관 수출길 개척한다,/news/news_read.nhn?article_id=0003732950&office_id=011&mode=search&query=삼성전자&page=1,서울경제,삼성전자는 미국에서 코로나19로 사투를 벌이는 의료진과 경찰·소방공무원 등에게 스마트폰 무료수리를 오는 6월 말까지 약속하며 지역사회를 파고들고 있다.,2020-05-05 17:48
"[포토] 삼성, 포터블 인덕션 ‘더 플레이트’ 1구 출시",/news/news_read.nhn?article_id=0001318065&office_id=005&mode=search&query=삼성전자&page=1,국민일보,삼성전자가 포터블 인덕션 ‘더 플레이트(The Plate)’ 1구 모델을 출시한다고 5일 밝혔다. 모델들이 수원 삼성전자 디지털시티 프리미엄하우...,2020-05-05 18:03
"美·유럽 실적 악화 현실화…삼성·LG, 2분기 중국 공략 집중",/news/news_read.nhn?article_id=0004419046&office_id=014&mode=search&query=삼성전자&page=1,파이낸셜뉴스,"5일 관련 업계에 따르면 삼성전자와 LG전자는 코로나19 팬데믹(세계적 대유행)의 정점인 2·4분기 주요 시장인 북미와 유럽에서 TV, 가전 등...",2020-05-05 18:07
"삼성, 현금자산 꾸준한 증가… R&D에 5조이상 투자",/news/news_read.nhn?article_id=0004419045&office_id=014&mode=search&query=삼성전자&page=1,파이낸셜뉴스,삼성전자가 사상 최대 현금 보유액 기록을 잇따라 갈아치우고 있다. 곳간이 든든해지면서 연구개발(R&D) 투자도 분기 기준 역대 최고를 기록했다. 삼성전자가 현금...,2020-05-05 18:07
집 꾸미기 인기에 롯데백화점 기획전 열어,/news/news_read.nhn?article_id=0002496106&office_id=028&mode=search&query=삼성전자&page=1,한겨레,"삼성전자와 엘지전자, 다우닝, 템퍼, 에이스, 시몬스 등 20여개 브랜드가 기획전에 참여해 식탁과 소파 등을 최대 40% 할인한다. 구매 고객에...",2020-05-05 18:42
"삼성전자, 휴대용 1구짜리 인덕션 출시",/news/news_read.nhn?article_id=0002496109&office_id=028&mode=search&query=삼성전자&page=1,한겨레,"삼성전자가 휴대용 인덕션 조리기구 ‘더 플레이트' 1구 모델을 5일 출시했다. 1구 모델은 지난해 10월 출시한 2구 모델보다 작은 크기로, 협...",2020-05-05 18:44
집콕 시대 `TV·컴퓨터` 제일 잘 나가네,/news/news_read.nhn?article_id=0002596342&office_id=029&mode=search&query=삼성전자&page=1,디지털타임스,"삼성전자, 엘지전자를 비롯해 다우닝, 템퍼, 에이스, 시몬스, 필립스, 테팔 등 20개 이상의 브랜드가 참여한다. 필립스 소닉케어 전동칫솔(6만...",2020-05-05 19:35
거리두기 끝나자 청년일자리 넓히는 이재용,/news/news_read.nhn?article_id=0002596333&office_id=029&mode=search&query=삼성전자&page=1,디지털타임스,"삼성전자, SSAFY 교육생 모집 SW 교육·고용 연계 프로그램 채용 박람회·취업 지원 서비스 ""IT 생태계 등 미래 위한 씨앗"" [디지털타임스...",2020-05-05 19:35
"1인 가구에 `딱`… 삼성, 포터블 인덕션 선봬",/news/news_read.nhn?article_id=0002596332&office_id=029&mode=search&query=삼성전자&page=1,디지털타임스,이동성↑ 1구 모델 '더 플레이트' 전용 용기 등 라이프 스타일 반영 삼성전자가 오는 6일 포터블 인덕션 '더 플레이트(The Plate)' 1...,2020-05-05 19:35
홈IoT·로봇 등 신사업 급부상… 반도체·배터리서 희망을 본다,/news/news_read.nhn?article_id=0002596322&office_id=029&mode=search&query=삼성전자&page=1,디지털타임스,"삼성전자 측은 최근 1분기 실적발표 컨퍼런스콜에서 ""부품 사업에서는 디스플레이 부문이 스마트폰 시장 침체로 실적 악화가 예상된다""며 ""세트 사업...",2020-05-05 19:35
"中 반도체 기술, 한국 기업 턱밑 추적",/news/news_read.nhn?article_id=0003462379&office_id=022&mode=search&query=삼성전자&page=1,세계일보,창신메모리가 올 연말 17나노 D램 양산에 돌입할 경우 삼성전자와의 기술격차가 3년 안팎으로 좁혀지는 셈이다. 앞서 중국 양쯔메모리(YMTC)도...,2020-05-05 20:21
세계 스마트 소매시장 연 평균 24% 성장,/news/news_read.nhn?article_id=0003462378&office_id=022&mode=search&query=삼성전자&page=1,세계일보,"마켓앤마켓은 “아시아·태평양 지역에는 스마트 소매 시장에서 앞서가는 알리바바(중국)와 롯데, 삼성전자 등의 본거지”라며 “향후 5년간 최고 성장...",2020-05-05 20:21
"삼성전자, 1인가구 겨냥 1구 포터블 인덕션 출시",/news/news_read.nhn?article_id=0003462382&office_id=022&mode=search&query=삼성전자&page=1,세계일보,삼성전자 모델이 수원 삼성전자 디지털시티 프리미엄하우스에서 포터블 인덕션 ‘더 플레이트(The Plate)’ 1구 신제품을 소개하고 있다. ‘더...,2020-05-05 20:22
"'한국형 뉴딜' 한다더니, 또다시 규제완화 타령인가",/news/news_read.nhn?article_id=0002268536&office_id=047&mode=search&query=삼성전자&page=1,오마이뉴스,▲  문재인 대통령이 지난 2월 13일 오전 서울 대한상공회의소에서 열린 코로나19 대응 경제계 간담회에서 이재용 삼성전자 부회장과 인사하고 있...,2020-05-05 20:43
‘1구 인덕션’으로 1인 가구 요리도 간편하게,/news/news_read.nhn?article_id=0003007385&office_id=032&mode=search&query=삼성전자&page=1,경향신문,ㆍ삼성전자 ‘더 플레이트’ 출시 삼성전자는 간편하게 운반할 수 있는 인덕션 ‘더 플레이트(The Plate)’ 1구 모델을 6일 출시한다고 5일...,2020-05-05 21:22
‘렘데시비르’ 관련주 열풍…‘묻지마’ 투자 주의보,/news/news_read.nhn?article_id=0003007391&office_id=032&mode=search&query=삼성전자&page=1,경향신문,국내 최고 대장주인 삼성전자 거래량이 1위(1832만2020건)를 차지한 가운데 신풍제약이 2위(824만2098건)로 뒤를 이었다. 또 다른 관...,2020-05-05 21:25
