title,url,press,summary,date
"반도체 패권 전쟁 미·중, 대만 TSMC 차지해야 왕관 쓴다",/news/news_read.nhn?article_id=0003002380&office_id=025&mode=search&query=삼성전자&page=11,중앙일보,"2위인 삼성전자는 15.9%, 3위인 글로벌파운드리는 7.7%다. TSMC는 지난해 매출 약 42조원, 영업이익 14조5000억원을 기록했다. ...",2020-05-21 00:05
셀트리온 헬스케어 사태로 보는 주식 매수 매도시점,/news/news_read.nhn?article_id=0002270263&office_id=047&mode=search&query=삼성전자&page=11,오마이뉴스,"기사가 길어지니 두번째 매수금지 세력작전 패턴과 유형은 다음 기사에 언급드리기로 하고, 자주 언급드렸던 삼성전자도 오늘은 역시나 잘 오르고 있으...",2020-05-21 00:50
"LG전자, 양산형 TV 생산라인 印尼로 옮긴다",/news/news_read.nhn?article_id=0003287195&office_id=020&mode=search&query=삼성전자&page=11,동아일보,앞서 삼성전자가 2018년 TV 생산라인을 베트남으로 옮긴 데 이어 LG전자도 비슷한 수순을 밟으면서 양산형 TV의 ‘메이드 인 코리아’ 시대가 사실상 저물게 됐다.......,2020-05-21 03:01
"LG, 일반TV 전량 해외 생산… 인건비 줄여 미래 경쟁력 확보",/news/news_read.nhn?article_id=0003287205&office_id=020&mode=search&query=삼성전자&page=11,동아일보,삼성전자도 2018년 마지막 남은 수원사업장의 국내 TV 생산 라인을 베트남으로 이전했다. 그 대신 수원 사업장은 마이크로 발광다이오드(LED)...,2020-05-21 03:02
사물인터넷-AI 활용한 비스포크 냉장고,/news/news_read.nhn?article_id=0003287314&office_id=020&mode=search&query=삼성전자&page=11,동아일보,삼성전자는 20일 사물인터넷(IoT)과 인공지능(AI) 기술을 기반으로 식자재 관리와 가족 간 소통 기능 등을 강화한 비스포크 패밀리허브 냉장고...,2020-05-21 03:04
"한국은 오프쇼어링… LG전자, 구미 TV라인 2개 인도네시아로 옮긴다",/news/news_read.nhn?article_id=0003532719&office_id=023&mode=search&query=삼성전자&page=11,조선일보,삼성전자도 지난 2009년부터 스마트폰 공장을 베트남으로 이전하며 현재 연간 스마트폰 생산량의 절반가량인 1억5000만대를 베트남에서 생산하고 있다. 반면 해외로...,2020-05-21 03:05
"日언론 ""소재·부품 수출규제로 우리 기업이 실적악화""",/news/news_read.nhn?article_id=0003532790&office_id=023&mode=search&query=삼성전자&page=11,조선일보,"삼성전자도 반도체 제조 공정에 들어가는 불화수소 일부를 국내 업체에서 조달하고 있는 것으로 알려졌다. 닛케이는 ""한·일 정부 간 적대감이 일본 산업 현장에...",2020-05-21 04:00
[Science in Biz] 폭발·화재 없는 전고체 배터리…상용화는 `먼길`,/news/news_read.nhn?article_id=0004579107&office_id=009&mode=search&query=삼성전자&page=11,매일경제,지난 13일 이재용 삼성전자 부회장과 정의선 현대자동차 수석부회장의 만남으로 전고체 배터리에 대한 관심은 더욱 높아졌다. '폭발·화재'가 없는 ...,2020-05-21 04:06
코로나도 뚫는 전기차 배터리…삼성SDI·LG화학 주가 코로나 이전 근접,/news/news_read.nhn?article_id=0004649708&office_id=421&mode=search&query=삼성전자&page=11,뉴스1,삼성SDI는 LG화학과 SK이노베이션에 비해 전기차 배터리 투자에 보수적이라는 평가를 받아왔지만 지난 13일 이재용 삼성전자 부회장과 정의선 현...,2020-05-21 05:00
스마트폰 화면비율 '20대9'가 대세...올 1분기 전체 절반 넘어서,/news/news_read.nhn?article_id=0009873371&office_id=003&mode=search&query=삼성전자&page=11,뉴시스,"지난 1분기에는 삼성전자 A51, A71뿐 아니라 비보(vivo) X30, X30 Pro, 아이쿠우(iQoo) 3, 오포(Oppo) Realme...",2020-05-21 05:00
"트렌드 읽고 리스크 분산, 위기에도 경쟁자 제쳤다",/news/news_read.nhn?article_id=0003002448&office_id=025&mode=search&query=삼성전자&page=11,중앙일보,"삼성전자가 그렇다. 삼성전자는 올 1분기 55조3252억원 매출에, 6조4473억원의 영업이익을 냈다. 매출은 5.6%가, 영업이익은 3.4%가...",2020-05-21 05:01
지난해 우리나라 50대 기업 영업이익 61% 폭락,/news/news_read.nhn?article_id=0011623462&office_id=001&mode=search&query=삼성전자&page=11,연합뉴스,"1984년부터 지난해까지 36년 연속 매출 50위에 든 기업은 삼성전자, 현대자동차, LG전자, LG화학, 삼성물산, 대한항공, 현대건설, 대림...",2020-05-21 05:30
"삼성, 갤럭시A에 '손떨림방지' 적용 검토…""보급형도 고급형처럼""",/news/news_read.nhn?article_id=0009873401&office_id=003&mode=search&query=삼성전자&page=11,뉴시스,"삼성전자가 자사 플래그십(주력 모델) 스마트폰에만 적용해오던 광학식 손떨림 방지기능(OIS), 일명 '손떨림방지' 기능을 보급형 스마트폰에도 적...",2020-05-21 06:00
"삼성, 글로벌 '스마트 팩토리' 기업 톱10…亞기업 유일",/news/news_read.nhn?article_id=0004649742&office_id=421&mode=search&query=삼성전자&page=11,뉴스1,"현재 삼성에선 삼성전자를 중심으로 삼성SDS, 삼성SDI, 삼성전기 등 주요 전자 계열사들이 힘을 합쳐 스마트 팩토리 구축에 주력하고 있다. 스...",2020-05-21 06:00
지난해 우리나라 50대 기업 영업이익 전년보다 61% 폭락,/news/news_read.nhn?article_id=0002599429&office_id=029&mode=search&query=삼성전자&page=11,디지털타임스,"1984년부터 지난해까지 36년 연속 매출 50위에 든 기업은 삼성전자, 현대자동차, LG전자, LG화학, 삼성물산, 대한항공, 현대건설, 대림산업 등 8곳이다. 상장.....",2020-05-21 06:22
"우리나라 50대 기업, 지난해 영업이익 61%↓",/news/news_read.nhn?article_id=0000526424&office_id=366&mode=search&query=삼성전자&page=11,조선비즈,1984년부터 지난해까지 36년 연속 매출 50위에 든 기업은 △삼성전자 △현대자동차 △LG전자 △LG화학 △삼성물산 △대한항공 △현대건설 △대...,2020-05-21 06:25
"대만 TSMC 미국 공장 투자, '면피성' 지적 이유는",/news/news_read.nhn?article_id=0011623530&office_id=001&mode=search&query=삼성전자&page=11,연합뉴스,4년 뒤에야 5나노 첫 양산…공장 규모도 전체의 2%에 불과 삼성전자 고민 깊어져…투자해도 규모 적을 듯 세계 1위 파운드리(반도체 위탁생산) ...,2020-05-21 06:33
작년 국내 50대 기업 영업이익 61% ‘뚝’… 코로나에 올해도 초비상,/news/news_read.nhn?article_id=0000498266&office_id=469&mode=search&query=삼성전자&page=11,한국일보,삼성전자와 SK하이닉스가 반도체 업황 불황으로 타격을 입은 영향이다. 올해는 신종 코로나바이러스 감염증(코로나19)에 따른 경영 악화까지 더해지...,2020-05-21 06:55
N번방 방지법 통과…리쇼어링 장려 속 ‘LG 오프쇼어링’,/news/news_read.nhn?article_id=0000211937&office_id=374&mode=search&query=삼성전자&page=10,SBS CNBC,"삼성전자도 지난 2009년부터 스마트폰 공장을 베트남으로 이전해 현재 연간 스마트폰 생산량의 절반가량인 1억 5,000만 대를 그곳에서 생산 중...",2020-05-21 06:57
‘마스크 원자재 수급·기업인 中특별입국’…산업부 상반기 적극행정 5選,/news/news_read.nhn?article_id=0004645489&office_id=018&mode=search&query=삼성전자&page=10,이데일리,"산업부 코로나19 국내 확산으로 마스크 (원자재) 부족 현상이 나타난 올 3월 삼성전자, 삼성물산을 비롯한 민간기업, 산하기관인 대한무역투자진흥...",2020-05-21 07:09
지난해 국내 50대 기업 영업이익 61% 감소,/news/news_read.nhn?article_id=0001456908&office_id=057&mode=search&query=삼성전자&page=10,MBN,"1984년부터 지난해까지 36년 연속 매출 50위에 든 기업은 삼성전자, 현대자동차, LG전자, LG화학, 삼성물산, 대한항공, 현대건설, 대림산업 등 8곳입니다. 상장....",2020-05-21 07:22
갤노트20...1억 화소 ‘살리고’ 100배줌 ‘없애고’,/news/news_read.nhn?article_id=0003740577&office_id=011&mode=search&query=삼성전자&page=10,서울경제,삼성전자(005930)의 하반기 플래그십 스마트폰 ‘갤럭시 노트20 플러스’ 모델에 1억 800만 화소 카메라가 탑재될 것이라는 전망이 나왔다....,2020-05-21 07:31
반도체 불황 타격에…작년 국내 50대 기업 영업이익 61% 폭락,/news/news_read.nhn?article_id=0004344653&office_id=015&mode=search&query=삼성전자&page=10,한국경제,삼성전자와 SK하이닉스가 반도체 업황 불황으로 타격을 입은 영향이다. 21일 조직개발 전문업체 지속성장연구소가 기업분석 전문 한국CXO연구소에 ...,2020-05-21 07:41
지난해 50대 기업 중 30곳 매출 하락…영업이익 61%↓,/news/news_read.nhn?article_id=0009873461&office_id=003&mode=search&query=삼성전자&page=10,뉴시스,"해당 기업은 삼성전자(18년 1위→19년 1위), 현대자동차(3위→3위), LG전자(7위→6위), LG화학(10위→12위), 삼성물산(13위→1...",2020-05-21 07:50
"외국인 이틀연속 순매수, 코스피 2000 넘을까",/news/news_read.nhn?article_id=0004412237&office_id=008&mode=search&query=삼성전자&page=10,머니투데이,"지난 19~20일 가장 많이 순매수한 종목은 SK하이닉스(1383억원)였고 삼성전자(991억원)가 그 다음이었다. 삼양식품(335억원), 셀트리...",2020-05-21 07:53
"LG전자, 구미 TV라인 일부 인도네시아로 옮긴다",/news/news_read.nhn?article_id=0000816032&office_id=055&mode=search&query=삼성전자&page=10,SBS,"삼성전자가 2년 전 국내 TV 생산을 접었는데, LG전자도 경북 구미에 있는 TV 생산라인 일부를 인도네시아로 옮긴다고 밝혔습니다. '메이드 인...",2020-05-21 07:57
[그래픽텔링]코로나가 덮쳐도 돈 버는 회사는 있다,/news/news_read.nhn?article_id=0003002472&office_id=025&mode=search&query=삼성전자&page=10,중앙일보,"삼성전자는 올 1분기 55조3252억원 매출에, 6조4473억원의 영업이익을 냈다. SK하이닉스의 매출 역시 지난해 1분기보다 매출이 늘어난 7...",2020-05-21 08:01
"시총 톱10 성장株, 20년만…""포스트 코로나 시대 주도주""",/news/news_read.nhn?article_id=0004645521&office_id=018&mode=search&query=삼성전자&page=10,이데일리,20일 종가기준 시총 톱 10 종목은 삼성전자(005930) SK하이닉스(000660) 삼성바이오로직스(207940) 네이버(035420) 셀트...,2020-05-21 08:04
[빅데이터MSI]21일 오전 주식시장 심리 3단계 '약간 나쁨',/news/news_read.nhn?article_id=0009873473&office_id=003&mode=search&query=삼성전자&page=10,뉴시스,"대장주 삼성전자의 MSI 레벨은 1단계로 집계됐다. 시가총액 상위 종목 중 SK하이닉스는 3단계, LG화학은 1단계, 현대차는 2단계, 셀트리온...",2020-05-21 08:06
코로나19 백신 개발 기대·우려 속 변화 판단 필요,/news/news_read.nhn?article_id=0004645526&office_id=018&mode=search&query=삼성전자&page=10,이데일리,"최근 2개월여간 증시 회복 과정에서 IT S/W, 헬스케어, 필수소비재 업종이 증시 상승을 주도하는 동안 삼성전자(005930), SK하이닉스(...",2020-05-21 08:09
"반도체 체인, 바닥 확인…6월 이후 회복 속도 중요",/news/news_read.nhn?article_id=0004645571&office_id=018&mode=search&query=삼성전자&page=10,이데일리,"이 연구원은 “스마트폰 판매가 회복되고, 하반기 반도체 투자가 재개된다고 투자자들이 믿기 시작한 것으로 보인다”면서 “삼성전자(005930), ...",2020-05-21 08:52
증시 추가 상승 전망..중소형주 초과 수익 가능,/news/news_read.nhn?article_id=0004645578&office_id=018&mode=search&query=삼성전자&page=10,이데일리,"이어 “실제로 삼성전자(005930), 현대차(005380), 현대모비스(012330) 등 시가총액 상위주 및 경기민감주들의 상승이 나타날 때는...",2020-05-21 08:56
[맞장토론] 미·중 갈등 격화…우리 경제에 대형 악재될까?,/news/news_read.nhn?article_id=0000238606&office_id=437&mode=search&query=삼성전자&page=10,JTBC,그런데 우리나라 삼성전자만 하더라도 제조 과정에 위치해 있습니다. 그런데 원래 고부가가치 분야는 제품의 개념을 설계하는 부분이에요. 이 부분이 ...,2020-05-21 08:57
"한국 50대 기업, 영업이익 2006년 수준으로 돌아갔다",/news/news_read.nhn?article_id=0003532834&office_id=023&mode=search&query=삼성전자&page=10,조선일보,연구소 관계자는 “삼성전자와 SK하이닉스 영향이 컸다”며 “두 회사에서 올렸던 2018년 영업이익만 64조원에 달했는데 작년에 16조원으로 75...,2020-05-21 09:03
언택트株는 '삼성전자의 귀환'이 두렵다?,/news/news_read.nhn?article_id=0001676184&office_id=016&mode=search&query=삼성전자&page=10,헤럴드경제,"증권가에선 언택트주가 직면할, 투자자가 유의해야 할 난관으로 ▷공매도 금지 해제 ▷백신 개발 ▷삼성전자 귀환 등을 꼽았다. 21일 증권업계 등에 따르면...",2020-05-21 09:05
"코스피, 경제 정상화 기대감에 두달 만에 2000선 회복",/news/news_read.nhn?article_id=0004579200&office_id=009&mode=search&query=삼성전자&page=10,매일경제,"시가총액 상위 종목들 가운데 삼성전자, SK하이닉스, NAVER, 셀트리온, LG화학, 삼성SDI, 현대차, 카카오, 삼성물산, 현대모비스, S...",2020-05-21 09:11
'美 훈풍' 코스피 2000선 돌파…3월6일 이후 처음,/news/news_read.nhn?article_id=0004649991&office_id=421&mode=search&query=삼성전자&page=10,뉴스1,"9시 6분 기준 네이버(3.15%), 카카오(3.02%), LG화학(1.79%), 삼성SDI(1.36%), 삼성전자우(1.15%) 등은 오름세를...",2020-05-21 09:11
"'이엔에프테크놀로지' 52주 신고가 경신, 보여줄게 많다 - 하이투자증권, BUY...",/news/news_read.nhn?article_id=0004344725&office_id=015&mode=search&query=삼성전자&page=10,한국경제,"올해초에 착공된 미국 Austin 생산시설 구축을 통해 삼성전자 Austin 반도체 공장(SAS)과 함께 Global Foundry, TI, I...",2020-05-21 09:12
5G 아이폰 없으니 삼성이 왕?...美 5G폰 10대 중 9대 '갤S20',/news/news_read.nhn?article_id=0003740626&office_id=011&mode=search&query=삼성전자&page=9,서울경제,미국에서 올해 1·4분기 판매된 5G 스마트폰 10대 중 9대는 삼성전자(005930) 갤럭시 S20 시리즈인 것으로 조사됐다. 20일(현지시간...,2020-05-21 09:12
"""법 어기지 않겠다""는 이재용, 국회가 다시 분주해졌다",/news/news_read.nhn?article_id=0002270278&office_id=047&mode=search&query=삼성전자&page=9,오마이뉴스,▲  이재용 삼성전자 부회장이 지난 6일 오후 서울 서초동 삼성사옥에서 경영권 승계 및 노동조합 문제 등과 관련해 ‘대국민 사과문’을 발표하고...,2020-05-21 09:12
삼성전자 주가 5만원대 안착 시도,/news/news_read.nhn?article_id=0004412284&office_id=008&mode=search&query=삼성전자&page=9,머니투데이,[[특징주]] 삼성전자 주가가 소폭 상승하며 5만원대 안착을 시도하고 있다. 삼성전자는 지난 19일 5만원선을 회복한 뒤 사흘 연속 5만원대를 유지하고 있다. 21일 오전...,2020-05-21 09:13
"코스피, 경제정상화 기대감에 상승 출발…2000선 `터치`",/news/news_read.nhn?article_id=0004645628&office_id=018&mode=search&query=삼성전자&page=9,이데일리,"대장주인 삼성전자(005930)와 SK하이닉스(000660), 네이버(035420), 삼성전자우(005935), LG화학(051910) 등은 상승하고 있다. 반면 삼성바이...",2020-05-21 09:17
"코스피, 장중 2000선 돌파…'팬데믹 폭락' 이전 수준 회복",/news/news_read.nhn?article_id=0009873616&office_id=003&mode=search&query=삼성전자&page=9,뉴시스,"대장주 삼성전자는 전 거래일 대비 100원(0.20%) 오른 5만100원에 거래되고 있다. SK하이닉스(0.24%, 네이버(3.15%), LG화...",2020-05-21 09:19
"""'철통보안폰' '갤 A 퀀텀', SKT 출시 갤A 시리즈 중 예약판매량 최대""",/news/news_read.nhn?article_id=0009873618&office_id=003&mode=search&query=삼성전자&page=9,뉴시스,갤럭시 A 퀀텀은 SK텔레콤이 삼성전자와 초협력을 통해 양자난수생성 칩셋을 탑재한 세계 최초 5G 스마트폰이다. 양자난수생성 칩셋은 예측할 수 ...,2020-05-21 09:20
"[개장시황] 코스피, 美 경제재개 기대감에…2000 회복",/news/news_read.nhn?article_id=0000539319&office_id=031&mode=search&query=삼성전자&page=9,아이뉴스24,"삼성바이오로직스(-0.33%), 셀트리온(-0.46%), LG생활건강(-1.13%)이 하락세인 반면 삼성전자 0.40%, SK하이닉스 0.36%, NAVER 2.93%의 ...",2020-05-21 09:20
"3달 만에 코스피 2000선 돌파, 외국인들 3일째 ""사자""",/news/news_read.nhn?article_id=0004412290&office_id=008&mode=search&query=삼성전자&page=9,머니투데이,시가총액 상위 종목 중에서는 삼성전자와 SK하이닉스가 강보합세를 나타내고 있다. SK는 자회사 SK바이오팜의 상장 소식에 7%대 상승률을 기록 중이고 LG화학...,2020-05-21 09:24
"코스피, 장중 2000선 돌파…'팬데믹 폭락' 이전 수준 회복(종합)",/news/news_read.nhn?article_id=0009873667&office_id=003&mode=search&query=삼성전자&page=9,뉴시스,"대장주 삼성전자는 전 거래일 대비 50원(0.10%) 내린 4만9950원에 거래되고 있다. SK하이닉스(-0.24%), 삼성바이오로직스(-0.6...",2020-05-21 09:34
"[개장] 코스피, 2000선 넘었다… 미국 경제재개 기대감 활짝",/news/news_read.nhn?article_id=0000545086&office_id=417&mode=search&query=삼성전자&page=9,머니S,"삼성바이오로직스(-0.33%), 셀트리온(-0.46%), LG생활건강(-1.13%)이 하락세인 반면 삼성전자 0.40%, SK하이닉스 0.36%...",2020-05-21 09:36
"[특징주] 삼성전자, 5만원 안착 시도…장초반 혼조세",/news/news_read.nhn?article_id=0004650155&office_id=421&mode=search&query=삼성전자&page=9,뉴스1,코스피가 2000선을 돌파한 21일 삼성전자 주가도 5만원대 안착을 시도하고 있다. 21일 오전 9시39분 기준으로 삼성전자는 전날 종가와 같은...,2020-05-21 09:41
"코스피 장중 2,000 회복…코로나19 이후 두달여만(종합)",/news/news_read.nhn?article_id=0011623906&office_id=001&mode=search&query=삼성전자&page=9,연합뉴스,"시가총액 상위 종목 가운데는 삼성전자(-0.10%), SK하이닉스(-0.36%), 삼성바이오로직스(-0.67%), 셀트리온(-0.92%)이 내렸...",2020-05-21 09:42
"'레이크머티리얼즈' 10% 이상 상승, 반도체 전구체 사업이 성장하는 시기",/news/news_read.nhn?article_id=0004344798&office_id=015&mode=search&query=삼성전자&page=9,한국경제,"삼성전자와 SK 하이닉스에 고유 전율High-k 박막, 확산방지막에 사용되는 CVD/ALD 증착용 전구체 물량 증가가 예상되며, 사업부의 전년대...",2020-05-21 09:49
양자보안 5G 스마트폰 '갤럭시A 퀀텀' 흥행 조짐,/news/news_read.nhn?article_id=0000872437&office_id=215&mode=search&query=삼성전자&page=9,한국경제TV,SK텔레콤이 삼성전자와 손잡고 출시한 양자보안 5세대 이동통신(5G) 스마트폰 '갤럭시A 퀀텀'이 흥행 조짐을 보이고 있다. 역대 갤럭시A 시리...,2020-05-21 09:49
"[fn오전시황]코스피, 두달 반 만에 2000선 돌파...팬데믹 이전 수준 회복",/news/news_read.nhn?article_id=0004428552&office_id=014&mode=search&query=삼성전자&page=9,파이낸셜뉴스,"삼성전자는 전일대비 2.34% 오른 5만100원에 거래되고 있다. SK하이닉스, 네이버, 삼성전자우, LG화학 등도 상승하고 있다. 반면 삼성바...",2020-05-21 09:53
"美 경제 회복 기대감에…코스피, 두 달반 만에 2000선 '탈환'",/news/news_read.nhn?article_id=0004344811&office_id=015&mode=search&query=삼성전자&page=9,한국경제,삼성전자(0.10%) SK하이닉스(0.12%) 셀트리온(0.92%) 현대차(0.51%) 등이 내리고 있다. 반면 네이버(4.50%) LG화학(4...,2020-05-21 09:55
"코스피 장중 2,000 회복…코로나19 이후 두달여만",/news/news_read.nhn?article_id=0001457013&office_id=057&mode=search&query=삼성전자&page=9,MBN,"시가총액 상위 종목 가운데는 삼성전자(-0.10%), SK하이닉스(-0.36%), 삼성바이오로직스(-0.67%), 셀트리온(-0.92%)이 내렸고, 네이버(4.50%), ...",2020-05-21 09:56
"블룸버그 ""IT 기술의 차이…한국이 일본 완파했다""",/news/news_read.nhn?article_id=0004344817&office_id=015&mode=search&query=삼성전자&page=9,한국경제,삼성전자와 같은 거대 기술 기업을 갖고 있으며 스마트폰 활용도도 매우 높다. 재난 지원금을 쓸 때마다 소비자들의 휴대전화 앱으로 잔액을 알려주기...,2020-05-21 09:57
"[특징주]레이크머티리얼즈, 그린 뉴딜 수혜…LED·태양전지 핵심소재 세계 1위",/news/news_read.nhn?article_id=0004682611&office_id=277&mode=search&query=삼성전자&page=9,아시아경제,"핵심 소재 일종인 TMA 제조기술을 확보하고 삼성전자와 TSMC, 한화큐셀 등 세계적 기업을 고객으로 확보했다. 전 세계에서 TMA 제조사는 레...",2020-05-21 09:58
LG화학 잇따른 악재... 새 비전-세계 1위 성과 묻혔다,/news/news_read.nhn?article_id=0003532852&office_id=023&mode=search&query=삼성전자&page=9,조선일보,LG화학의 배터리 부문 ‘고객’인 현대차그룹의 정의선 수석부회장이 충남 천안 삼성SDI 사업장을 찾아 이재용 삼성전자 부회장을 비롯해 삼성 최고...,2020-05-21 10:06
"[스톡톡스]""IT·커뮤니케이션·헬스케어가 이끄는 장""",/news/news_read.nhn?article_id=0004645695&office_id=018&mode=search&query=삼성전자&page=8,이데일리,윤 센터장은 “중소형주 중에서도 이유가 없이 올랐거나 이미 많이 오른 바이오주는 주춤할 수 있다”며 “삼성전자(005930)의 경우 4분기 재고에 대한 우려 때문에...,2020-05-21 10:07
"코스피, 2달 반만에 2000선 회복…오전 10시 0.69%↑",/news/news_read.nhn?article_id=0002224095&office_id=123&mode=search&query=삼성전자&page=8,조세일보,시가총액 1위인 삼성전자의 주가는 전날 종가와 같은 5만원에 거래되고 있다. 2위인 SK하이닉스는 100원(0.12%) 오른 8만4200원을 기...,2020-05-21 10:15
"'레이크머티리얼즈' 상한가↑ 도달, 반도체 전구체 사업이 성장하는 시기",/news/news_read.nhn?article_id=0004344856&office_id=015&mode=search&query=삼성전자&page=8,한국경제,"삼성전자와 SK 하이닉스에 고유 전율High-k 박막, 확산방지막에 사용되는 CVD/ALD 증착용 전구체 물량 증가가 예상되며, 사업부의 전년대...",2020-05-21 10:21
"삼성전자우, 외국인 7만 9583주 순매수… 주가 0.58%",/news/news_read.nhn?article_id=0004682680&office_id=277&mode=search&query=삼성전자&page=8,아시아경제,삼성전자우가 최근 한달 중 4일 동안 검색 상위 종목에 랭킹되었다. 삼성전자우는 21일 오전 10시 31분 현재 전일보다 0.58% 오른 4만 ...,2020-05-21 10:35
8월 코리아렌탈쇼 & '정기구독특별전' 개최,/news/news_read.nhn?article_id=0000211971&office_id=374&mode=search&query=삼성전자&page=8,SBS CNBC,본 행사는 개최 첫 해부터 △삼성전자 △코웨이 △현대렌탈케어 △SK매직 △쿠쿠홈시스 △SK네트웍스 △청호나이스 △휴테크산업 △바디프랜드 △웰릭스...,2020-05-21 10:42
"면역력 강화 일상이 된 ‘뉴노멀(New normal)’ 시대…주방가전, 이젠 위생...",/news/news_read.nhn?article_id=0003467243&office_id=022&mode=search&query=삼성전자&page=8,세계일보,삼성전자의 ‘양문형 정수기 냉장고’는 위생적이고 편리하게 정수기 수질관리가 가능한 것이 특징이다. 필터관리가 불편했던 점을 개선했다. 주기적 방문 관리 없이...,2020-05-21 10:44
"토니모리, 신기술사업금융업 진출",/news/news_read.nhn?article_id=0004682718&office_id=277&mode=search&query=삼성전자&page=8,아시아경제,윤 CEO는 삼성경제연구소와 삼성전자를 거쳐 2000년 코오롱인베스트먼트의 창립멤버로 합류한 이후 2007년부터 작년말까지 대표로 활동했다. 이...,2020-05-21 10:50
"토니모리, 자회사 '토니인베스트먼트' 통해 신기술사업금융업 진출",/news/news_read.nhn?article_id=0004650426&office_id=421&mode=search&query=삼성전자&page=8,뉴스1,윤 대표는 삼성경제연구소와 삼성전자를 거쳐 2000년 코오롱인베스트먼트의 창립멤버로 합류한 이후 2007년부터 지난해 말까지 대표로 활동하면서 ...,2020-05-21 10:58
"삼성전자, 평택에 EUV 파운드리 생산라인 구축",/news/news_read.nhn?article_id=0004650442&office_id=421&mode=search&query=삼성전자&page=8,뉴스1,"= 삼성전자가 EUV(Extreme Ultra Violet, 극자외선) 기반 최첨단 제품 수요 증가에 대응하기 위해 경기도 평택캠퍼스에 파운드리...",2020-05-21 11:00
"삼성전자, 평택캠퍼스에 파운드리 생산 시설 구축",/news/news_read.nhn?article_id=0009873961&office_id=003&mode=search&query=삼성전자&page=8,뉴시스,"삼성전자가 EUV(Extreme Ultra Violet, 극자외선) 기반 최첨단 제품 수요 증가에 대응하기 위해 경기도 평택캠퍼스에 파운드리 생...",2020-05-21 11:00
"삼성전자, 평택에 EUV 파운드리 생산라인 구축",/news/news_read.nhn?article_id=0011624284&office_id=001&mode=search&query=삼성전자&page=8,연합뉴스,삼성전자가 EUV(극자외선) 기반 최첨단 제품 수요 증가에 대응하기 위해 경기도 평택캠퍼스에 파운드리 생산 시설을 구축한다고 21일 밝혔다. 삼...,2020-05-21 11:00
"삼성, 평택에 EUV 파운드리 생산라인 구축",/news/news_read.nhn?article_id=0004650443&office_id=421&mode=search&query=삼성전자&page=8,뉴스1,"= 삼성전자가 EUV(Extreme Ultra Violet, 극자외선) 기반 최첨단 제품 수요 증가에 대응하기 위해 경기도 평택캠퍼스에 파운드리...",2020-05-21 11:00
"삼성, 평택에 첫 파운드리 생산라인 구축…비전 2030 박차",/news/news_read.nhn?article_id=0011624280&office_id=001&mode=search&query=삼성전자&page=8,연합뉴스,"화성 이어 두번째 EUV 전용라인…10조원대 대규모 투자 이재용 ""어려울 때일수록 미래에 투자해야""…글로벌 1위 목표 본격화 삼성전자가 평택에 ...",2020-05-21 11:00
"삼성전자, 평택에 EUV 파운드리 생산라인 구축…2021년 본격 가동",/news/news_read.nhn?article_id=0004650434&office_id=421&mode=search&query=삼성전자&page=8,뉴스1,삼성전자가 경기도 평택에 극자외선(EUV) 기반 최첨단 제품 수요 증가에 대응하기 위한 시스템 반도체 위탁생산(파운드리) 시설을 구축한다. 삼성...,2020-05-21 11:00
"삼성전자, 평택캠퍼스에 파운드리 생산 시설 구축",/news/news_read.nhn?article_id=0009873962&office_id=003&mode=search&query=삼성전자&page=8,뉴시스,"삼성전자가 EUV(Extreme Ultra Violet, 극자외선) 기반 최첨단 제품 수요 증가에 대응하기 위해 경기도 평택캠퍼스에 파운드리 생...",2020-05-21 11:00
'화장품'서 길 잃은 토니모리… '신기술금융업' 본격 진출,/news/news_read.nhn?article_id=0000545167&office_id=417&mode=search&query=삼성전자&page=8,머니S,윤대표는 삼성경제연구소와 삼성전자를 거쳐 2000년 코오롱인베스트먼트의 창립멤버로 합류한 이후 2007년부터 작년말까지 대표로 활동하면서 이미 ...,2020-05-21 11:00
삼성전자 평택사업장에 EUV 시스템 반도체 생산라인 구축,/news/news_read.nhn?article_id=0003010278&office_id=032&mode=search&query=삼성전자&page=8,경향신문,·AI·5G 등 첨단산업 수요 대응 차원 ·이재용 “어려울 때 일수록 미래 투자” 삼성전자가 내년 하반기 가동을 목표로 경기 평택사업장에 극자외...,2020-05-21 11:00
"[속보]삼성전자, 평택에 파운드리 라인 구축한다",/news/news_read.nhn?article_id=0004682730&office_id=277&mode=search&query=삼성전자&page=8,아시아경제,자세한 내용 이어집니다.,2020-05-21 11:00
"삼성전자, 평택에 EUV 파운드리 생산라인 구축...2021년 하반기 본격 가동",/news/news_read.nhn?article_id=0009873958&office_id=003&mode=search&query=삼성전자&page=8,뉴시스,"삼성전자가 EUV(Extreme Ultra Violet, 극자외선) 기반 최첨단 제품 수요 증가에 대응하기 위해 경기도 평택캠퍼스에 파운드리 생...",2020-05-21 11:00
"""우리는 남는다"" ...삼성, 평택에 파운드리 공장 신설",/news/news_read.nhn?article_id=0000872487&office_id=215&mode=search&query=삼성전자&page=8,한국경제TV,삼성전자가 지난해 4월 '반도체 비전 2030'을 발표한 이후 시스템 반도체 분야에서 글로벌 1위를 달성하기 위한 행보를 이어가고 있다. 21일...,2020-05-21 11:00
"삼성전자, 평택에 EUV 파운드리 생산라인 구축",/news/news_read.nhn?article_id=0011624284&office_id=001&mode=search&query=삼성전자&page=7,연합뉴스,삼성전자가 EUV(극자외선) 기반 최첨단 제품 수요 증가에 대응하기 위해 경기도 평택캠퍼스에 파운드리 생산 시설을 구축한다고 21일 밝혔다. 삼...,2020-05-21 11:00
"삼성, 평택에 첫 파운드리 생산라인 구축…비전 2030 박차",/news/news_read.nhn?article_id=0011624280&office_id=001&mode=search&query=삼성전자&page=7,연합뉴스,"화성 이어 두번째 EUV 전용라인…10조원대 대규모 투자 이재용 ""어려울 때일수록 미래에 투자해야""…글로벌 1위 목표 본격화 삼성전자가 평택에 ...",2020-05-21 11:00
"삼성전자, 평택캠퍼스에 파운드리 생산 시설 구축",/news/news_read.nhn?article_id=0009873961&office_id=003&mode=search&query=삼성전자&page=7,뉴시스,"삼성전자가 EUV(Extreme Ultra Violet, 극자외선) 기반 최첨단 제품 수요 증가에 대응하기 위해 경기도 평택캠퍼스에 파운드리 생...",2020-05-21 11:00
"이재용 '세계 1등 비전' 구체화…삼성전자, 평택 EUV 파운드리 라인 구축",/news/news_read.nhn?article_id=0000026586&office_id=629&mode=search&query=삼성전자&page=7,더팩트,"'반도체 비전 2030' 가속도 ""파운드리 사업 견고한 성장 이어갈 것"" 이재용 삼성전자 부회장이 시스템반도체 분야 세계 1등이라는 목표와 더불...",2020-05-21 11:01
"""TSMC, 美 공장투자는 수준이하""",/news/news_read.nhn?article_id=0004682735&office_id=277&mode=search&query=삼성전자&page=7,아시아경제,업계에서는 또 다른 반도체 강자인 삼성전자의 미국 내 반도체 추가 투자 여부에 관심을 쏟는 분위기다. 21일 업계와 주요 외신에 따르면 TSMC...,2020-05-21 11:01
"삼성, 평택에 파운드리 생산 시설 구축...시스템 반도체 사업 강화",/news/news_read.nhn?article_id=0004428705&office_id=014&mode=search&query=삼성전자&page=7,파이낸셜뉴스,삼성전자가 경기 평택 캠퍼스에 파운드리 생산 시설을 구축한다고 21일 밝혔다. 극자외선(EUV) 기반 최첨단 제품 수요 증가에 대응하기 위해서다...,2020-05-21 11:01
"LG는 해외로, 삼성은 국내에…'생산전략' 엇갈린 이유",/news/news_read.nhn?article_id=0004650459&office_id=421&mode=search&query=삼성전자&page=7,뉴스1,한국을 대표하는 글로벌 전자업체인 삼성전자와 LG전자가 핵심 사업의 생산기지 운용 전략을 두고 상반된 행보를 보여 업계의 관심이 모인다. 삼성전...,2020-05-21 11:01
"삼성전자, 평택에 5나노급 `EUV 파운드리` 생산라인 구축",/news/news_read.nhn?article_id=0004645780&office_id=018&mode=search&query=삼성전자&page=7,이데일리,삼성전자(005930)가 극자외선(EUV) 기반 최첨단 제품 수요 증가에 대응하기 위해 경기도 평택캠퍼스에 파운드리(반도체 수탁생산) 생산시설을...,2020-05-21 11:01
"""TSMC 잡자""…삼성, 평택에 EUV 파운드리 라인 짓는다",/news/news_read.nhn?article_id=0004344908&office_id=015&mode=search&query=삼성전자&page=7,한국경제,2030년 시스템 반도체 1위 목표를 내건 삼성전자가 파운드리(반도체 위탁생산) 분야에서 극자외선(EUV)을 활용한 초미세공정에 승부수를 건다....,2020-05-21 11:01
"삼성전자, 평택에 EUV 파운드리 라인 짓는다",/news/news_read.nhn?article_id=0003740742&office_id=011&mode=search&query=삼성전자&page=7,서울경제,삼성전자가 경기도 평택캠퍼스에 극자외선(EUV) 기반 최첨단 파운드리(반도체 위탁생산) 생산라인을 짓는다. 업계에서는 삼성전자가 평택 EUV 라...,2020-05-21 11:01
"삼성전자, 화성 이어 평택에도 EUV 파운드리 라인 구축",/news/news_read.nhn?article_id=0000539382&office_id=031&mode=search&query=삼성전자&page=7,아이뉴스24,삼성전자가 화성에 이어 평택에서도 EUV 파운드리(반도체 위탁생산) 라인을 구축한다. 삼성전자가 EUV(극자외선) 기반 최첨단 제품 수요 증가에...,2020-05-21 11:01
"삼성전자, 평택에 '반도체 위탁생산(파운드리)' 라인 신설(상보)",/news/news_read.nhn?article_id=0004682736&office_id=277&mode=search&query=삼성전자&page=7,아시아경제,삼성전자가 극자외선(EUV) 기반 최첨단 제품 수요 증가에 대응하기 위해 경기 기흥·화성에 이어 평택에 파운드리(반도체 위탁생산) 시설을 만든다...,2020-05-21 11:01
트럼프發 흔들리는 반도체 시장…흔들림 없는 삼성전자,/news/news_read.nhn?article_id=0001323596&office_id=005&mode=search&query=삼성전자&page=7,국민일보,미국과 중국이 반도체 관련 기싸움을 벌이고 있는 가운데 삼성전자가 경기도 평택캠퍼스에 파운드리(위탁생산) 생산 시설을 추가로 구축한다고 21일 ...,2020-05-21 11:01
"[커머스 핫라인]올 여름 필수가전 에어컨, '멀티형'이 대세",/news/news_read.nhn?article_id=0002883849&office_id=030&mode=search&query=삼성전자&page=7,전자신문,최근에는 삼성전자가 100㎡(약 30평) 면적을 냉방할 수 있는 3멀티형 무풍에어컨을 선보여 소비자 선택폭도 한층 넓어지게 됐다. ◇17+7평이...,2020-05-21 11:02
"""미래 투자 멈출 수 없다"" 삼성전자, 평택에 EUV 파운드리 구축",/news/news_read.nhn?article_id=0002599477&office_id=029&mode=search&query=삼성전자&page=7,디지털타임스,삼성전자가 코로나19 사태에 따른 위기에도 '2030년 시스템반도체 세계 1위' 달성을 위한 '초격차' 투자에 가속도를 붙인다. 10조원 안팎에...,2020-05-21 11:02
변화무쌍 주도株…지금 바구니에 담을 주식은 'OOO',/news/news_read.nhn?article_id=0004344912&office_id=015&mode=search&query=삼성전자&page=7,한국경제,올해 첫 거래일인 1월2일 기준 시총 1위는 삼성전자였다. 이어 SK하이닉스 삼성전자우 NAVER 삼성바이오로직스 현대차 현대모비스 셀트리온 L...,2020-05-21 11:02
'총수' 이재용이 이끄는 시스템반도체 1등의 꿈,/news/news_read.nhn?article_id=0004682741&office_id=277&mode=search&query=삼성전자&page=7,아시아경제,""" 지난 6일 국민 앞에 머리를 숙이며 과거의 잘못과 단절하고 '새로운 삼성'으로 거듭나겠다는 의지를 밝힌 이재용 삼성전자 부회장이 대국민 사과...",2020-05-21 11:02
"삼성, 기흥·화성에 이어 평택까지 파운드리 라인 구축",/news/news_read.nhn?article_id=0003362451&office_id=079&mode=search&query=삼성전자&page=7,노컷뉴스,삼성전자가 EUV(Extreme Ultra Violet · 극자외선) 기반 최첨단 제품 수요 증가에 대응하기 위해 경기도 평택캠퍼스에 파운드리 ...,2020-05-21 11:02
"삼성, 평택에 EUV 파운드리 라인 구축…""내년 하반기 가동""",/news/news_read.nhn?article_id=0004579343&office_id=009&mode=search&query=삼성전자&page=7,매일경제,삼성전자는 극자외선(EUV) 기반 최첨단 제품 수요 증가에 대응하기 위해 경기도 평택캠퍼스에 파운드리 생산 시설을 구축한다고 21일 밝혔다. 삼...,2020-05-21 11:02
"토니모리, '토니인베스트먼트' 유상증자…신기술사업금융업 진출",/news/news_read.nhn?article_id=0002883850&office_id=030&mode=search&query=삼성전자&page=7,전자신문,윤대표는 삼성경제연구소와 삼성전자를 거쳐 2000년 코오롱인베스트먼트의 창립멤버로 합류한 이후 2007년부터 지난해까지 대표로 활동하면서 업계에...,2020-05-21 11:03
"안주하면 미래 없다 이재용, 평택에 파운드리 생산시설 구축",/news/news_read.nhn?article_id=0003467253&office_id=022&mode=search&query=삼성전자&page=6,세계일보,총 투자규모 10조원대 삼성전자가 EUV(극자외선) 기반 최첨단 제품 수요 증가에 대응하기 위해 경기도 평택캠퍼스(사진)에 파운드리 생산 시설을...,2020-05-21 11:07
"""TSMC 잡고 시스템반도체 1위""…속도 내는 비전 2030",/news/news_read.nhn?article_id=0004682750&office_id=277&mode=search&query=삼성전자&page=6,아시아경제,삼성전자가 경기 화성에 이어 평택에까지 극자외선(EUV) 파운드리(반도체 위탁생산) 라인 구축에 나선 것은 TSMC와 인텔 등 쟁쟁한 경쟁자를 ...,2020-05-21 11:08
'동학개미운동의 힘' 두달 반만에 코스피 2000선 회복,/news/news_read.nhn?article_id=0000545183&office_id=417&mode=search&query=삼성전자&page=6,머니S,"개인 투자자가 삼성전자, 현대차 등 시가총액 상위주 집중 매수 행진을 벌이면서 코스피를 불과 두 달새 2000선 가까이로 끌어 올린 셈이다. 한...",2020-05-21 11:10
"토니모리, 자회사 토니인베스트먼트 통해 신기술사업금융업 진출",/news/news_read.nhn?article_id=0000872493&office_id=215&mode=search&query=삼성전자&page=6,한국경제TV,윤 대표는 삼성경제연구소와 삼성전자를 거쳐 2000년 코오롱인베스트먼트의 창립멤버로 합류한 이후 2007년부터 지난해 말까지 대표로 활동했다. ...,2020-05-21 11:15
"카카오 클레이튼, 리퀴드 글로벌과 토큰 생태계 키운다",/news/news_read.nhn?article_id=0004428750&office_id=014&mode=search&query=삼성전자&page=6,파이낸셜뉴스,"이 중 에코시스템 파트너에는 지난해 SK텔레콤 가입자를 대상으로 ‘클레이튼폰’을 함께 출시한 삼성전자와 우리금융, 신한은행을 비롯해 두나무 업비...",2020-05-21 11:19
거침없이 달리는 언택트株 삼성전자의 귀환이 두렵다?,/news/news_read.nhn?article_id=0001676375&office_id=016&mode=search&query=삼성전자&page=6,헤럴드경제,"증권가에선 언택트주가 직면할, 투자자가 유의해야 할 난관으로 ▷공매도 금지 해제 ▷백신 개발 ▷삼성전자 귀환 등을 꼽았다. 21일 증권업계 등에 따르면...",2020-05-21 11:23
"미국내 5G스마트폰, 10대중 9대가 '삼성 갤럭시S20'",/news/news_read.nhn?article_id=0009874140&office_id=003&mode=search&query=삼성전자&page=6,뉴시스,미국에서 올해 1분기 판매된 5G 스마트폰 10대 중 9대는 삼성전자의 갤럭시 S20 시리즈인 것으로 나타났다. 20일(현지시간) 시장조사업체 ...,2020-05-21 11:29
"삼성전자, 평택에 EUV 파운드리 구축...TSMC 경쟁 본격화",/news/news_read.nhn?article_id=0002402930&office_id=119&mode=search&query=삼성전자&page=6,데일리안,삼성전자가 극자외선(EUV·Extreme Ultra Violet) 기반 파운드리(반도체 위탁생산) 생산라인 구축에 나선다. 미세공정 시장을 주도...,2020-05-21 11:31
'논스톱 투자' 강조한 이재용 부회장...반도체 2030 비전 달성 잰걸음,/news/news_read.nhn?article_id=0009874147&office_id=003&mode=search&query=삼성전자&page=6,뉴시스,"삼성전자가 평택에 EUV(Extreme Ultra Violet, 극자외선) 파운드리(Foundry·반도체 제조위탁) 생산 시설 구축에 나섰다. ...",2020-05-21 11:32
삼성전자→원유 갈아탔다가…'돈 잃은' 개미들의 깨달음,/news/news_read.nhn?article_id=0004412456&office_id=008&mode=search&query=삼성전자&page=6,머니투데이,"한 증권사 연구원은 ""막연하게 삼성전자 등 우량주 위주의 투자를 하던 개미들이 원유 폭락 사태를 계기로 더 깊은 공부의 필요성을 느낀 것 같다""...",2020-05-21 11:33
TSMC 따라잡을 절호의 기회? 삼성전자 ‘EUV 파운드리’ 생산시설 전격 확장,/news/news_read.nhn?article_id=0000498380&office_id=469&mode=search&query=삼성전자&page=6,한국일보,삼성전자가 시스템 반도체 파운드리(위탁생산) 사업을 전격 확장한다. 원래 메모리 반도체 증산을 위해 경기 평택사업장에 짓고 있는 공장에 극자외선...,2020-05-21 11:38
[그래픽]삼성전자 ‘반도체 비전 2030’ 추진 현황,/news/news_read.nhn?article_id=0009874173&office_id=003&mode=search&query=삼성전자&page=6,뉴시스,"삼성전자가 평택에 EUV(Extreme Ultra Violet, 극자외선) 파운드리(Foundry·반도체 제조위탁) 생산 시설 구축에 나섰다. ...",2020-05-21 11:40
"""TSMC 잡겠다"" 삼성전자, 평택에 최첨단 파운드리 짓는다",/news/news_read.nhn?article_id=0004344952&office_id=015&mode=search&query=삼성전자&page=6,한국경제,삼성전자가 경기 평택에 5나노미터 이하 제품을 주력으로 생산하는 최신 파운드리(반도체 수탁생산) 라인을 구축한다. 삼성전자가 화성에 이어 평택에...,2020-05-21 11:41
‘이재용式’ 위기때 공격투자…평택·화성·기흥 파운드리 3각축 완성,/news/news_read.nhn?article_id=0001676437&office_id=016&mode=search&query=삼성전자&page=6,헤럴드경제,“어려울 때일수록 미래를 위한 투자를 멈춰서는 안됩니다.” (이재용 삼성전자 부회장) 삼성전자가 신종 코로나바이러스 감염증(코로나19)으로 인한...,2020-05-21 11:51
"삼성, 평택에 첫 파운드리 생산라인",/news/news_read.nhn?article_id=0001676439&office_id=016&mode=search&query=삼성전자&page=6,헤럴드경제,삼성전자가 극자외선 EUV (Extreme Ultra Violet) 기반 최첨단 제품 수요 증가에 대응하기 위해 경기도 평택캠퍼스에 파운드리 생산 시설을 구축한다고 21일...,2020-05-21 11:51
정의선 회동·中 출장·대규모 투자…이재용 ‘뉴 삼성’ 향한 행보 가속도,/news/news_read.nhn?article_id=0001676435&office_id=016&mode=search&query=삼성전자&page=6,헤럴드경제,이재용 삼성전자 부회장의 5월 행보다. 이달 들어서만 일주일 간격으로 굵직한 일정을 소화하며 ‘뉴(New) 삼성’을 향한 행보를 가속화하고 있다...,2020-05-21 11:51
두 번째 EUV 파운드리 짓는 삼성…TSMC 추격 속도 붙나(종합),/news/news_read.nhn?article_id=0011624645&office_id=001&mode=search&query=삼성전자&page=6,연합뉴스,올해 7나노 이하 생산 규모 3배 이상 확대…초미세화 '박차' 파운드리 점유율 확대 본격화…시스템 반도체 최대실적 기록 삼성전자가 21일 두 번...,2020-05-21 11:56
"삼성전자, 평택 사업장에 ‘파운드리 생산라인’ 공사 착수",/news/news_read.nhn?article_id=0000211981&office_id=374&mode=search&query=삼성전자&page=6,SBS CNBC,삼성전자가 경기도 평택 사업장에 극자외선 기반 첨단 파운드리 생산 시설을 구축합니다. 평택사업장은 지난 2017년부터 D램과 낸드플래시 등 메모...,2020-05-21 11:56
대학 생활을 위한 나만의 노트북 선택 기준,/news/news_read.nhn?article_id=0002270313&office_id=047&mode=search&query=삼성전자&page=6,오마이뉴스,삼성전자 서비스에 문의하면 세팅에서 저소음 모드를 켜라고 한다. 저소음 모드를 키면 절전 모드로 동작하는 대신 팬 소음은 줄어든다. 기껏 최신 ...,2020-05-21 11:57
[연합시론] 리쇼어링 정책 실효성 되짚게 하는 LG의 TV생산라인 해외이전,/news/news_read.nhn?article_id=0011624652&office_id=001&mode=search&query=삼성전자&page=6,연합뉴스,"경쟁사인 삼성전자는 이미 지난 2018년 수원 공장의 TV 생산라인을 모두 베트남으로 옮겨 국내 생산을 종료했다. 국내 대기업들의 공장 해외 이전은 임금과 세제, 입지.....",2020-05-21 11:57
삼성은 국내에 TSMC는 美에 신규 공장...불붙는 파운드리 경쟁,/news/news_read.nhn?article_id=0004650709&office_id=421&mode=search&query=삼성전자&page=5,뉴스1,삼성전자가 '반도체 비전 2030' 계획의 일환으로 경기도 평택캠퍼스에 극자외선(EUV) 전용 반도체 위탁생산(파운드리) 시설을 구축한다. 파운...,2020-05-21 11:57
"삼성, 평택에 첫 파운드리 생산라인 구축…비전 2030 박차",/news/news_read.nhn?article_id=0001039304&office_id=214&mode=search&query=삼성전자&page=5,MBC,"삼성전자가 경기도 평택에 극자외선, EUV 반도체 위탁생산 시설을 구축하는 대규모 투자 계획을 밝혔습니다. 이번 투자는 지난해 4월 이재용 부회...",2020-05-21 12:00
"이재용 ""투자 멈춰선 안돼""....삼성전자, 평택 EUV 파운드리로 '2030 비...",/news/news_read.nhn?article_id=0009874285&office_id=003&mode=search&query=삼성전자&page=5,뉴시스,"삼성전자가 평택에 EUV(Extreme Ultra Violet, 극자외선) 파운드리(Foundry·반도체 제조위탁) 생산 시설 구축에 나섰다. ...",2020-05-21 12:01
"삼성, 평택에 첫 파운드리 생산라인 구축…비전 2030 박차(종합)",/news/news_read.nhn?article_id=0011624788&office_id=001&mode=search&query=삼성전자&page=5,연합뉴스,"화성 이어 두번째 EUV 전용라인…10조원대 대규모 투자 이재용 ""어려울 때일수록 미래에 투자해야""…글로벌 1위 목표 본격화 삼성전자가 평택에 ...",2020-05-21 12:09
"'실적 악화' 토니모리, 신사업 확대로 기사회생 할까",/news/news_read.nhn?article_id=0000539399&office_id=031&mode=search&query=삼성전자&page=5,아이뉴스24,윤 대표는 삼성경제연구소와 삼성전자를 거쳐 2000년 코오롱인베스트먼트의 창립 멤버로 합류한 이후 2007년부터 작년 말까지 대표로 활동하면서 ...,2020-05-21 12:13
"[리액션 뉴스]삼성-LG, 또 전쟁…이번엔 ‘의류관리기’",/news/news_read.nhn?article_id=0000192048&office_id=449&mode=search&query=삼성전자&page=5,채널A,이번엔 삼성전자가 시작했습니다. 일부 판매점에서 LG전자의 의류관리기 누수 문제를 저격한 영상을 튼 건데요. LG측 제품이 옷을 흔들며 털어주는...,2020-05-21 12:28
정부 일자리 지켜달라 호소…재계 고용 유지·창출 화답,/news/news_read.nhn?article_id=0001676463&office_id=016&mode=search&query=삼성전자&page=5,헤럴드경제,삼성전자는 2018년 경제 활성화와 일자리 창출을 위해 3년간 총 180조원을 투자하고 4만여명을 직접 채용하겠다고 밝힌 바 있다. 또 이재용 삼성전자 부회장은 지난 2월...,2020-05-21 12:29
"지난해 우리나라 50대 기업, 영업이익 61% 감소",/news/news_read.nhn?article_id=0003571204&office_id=076&mode=search&query=삼성전자&page=5,스포츠조선,"1984년부터 지난해까지 36년 연속 매출 50위에 든 기업은 삼성전자, 현대자동차, LG전자, LG화학, 삼성물산, 대한항공, 현대건설, 대림산업 등 8곳이다. 상장.....",2020-05-21 12:57
"롯데百 대전점, 중소기업 ‘리빙&웨딩' 페어",/news/news_read.nhn?article_id=0004428849&office_id=014&mode=search&query=삼성전자&page=5,파이낸셜뉴스,"한편, 삼성전자에서는 주말 이틀간(23~24일) 웨딩페어를 펼쳐, 웨딩 구매 고객에게 구매 금액대별로 삼성 웨딩포인트를 증정하고, 최대 55만원 상당의 웨딩기프트를...",2020-05-21 13:20
"[특징주]카카오, 현대차 제치고 시총 9위 등극",/news/news_read.nhn?article_id=0004645914&office_id=018&mode=search&query=삼성전자&page=5,이데일리,삼성전자(005930) 우선주를 포함하면 전체 10위에 오른 것이다. 21일 마켓포인트에 따르면 카카오(035720)는 이날 오후 1시 30분 ...,2020-05-21 13:40
"삼성, '반도체 비전 2030' 닻 올렸다...평택 파운드리 공장에 10조 투자",/news/news_read.nhn?article_id=0003002549&office_id=025&mode=search&query=삼성전자&page=5,중앙일보,삼성전자가 평택에 극자외선(EUV) 파운드리(반도체 위탁생산) 라인을 구축한다고 20일 발표했다. ‘반도체 비전 2030’을 위한 투자를 본격화...,2020-05-21 13:43
작년 50대 기업 중 30곳 매출 하락…영업이익 61% 폭락,/news/news_read.nhn?article_id=0001039328&office_id=214&mode=search&query=삼성전자&page=5,MBC,"삼성전자와 SK하이닉스가 반도체 업황 불황으로 타격을 입은 영향이 컸습니다. 지속성장연구소는 ""한국 경제를 대표하는 대기업들의 매출과 영업 내실...",2020-05-21 13:53
"토니모리, 신기술사업금융업 본격 진출… 자회사 100억원 증자",/news/news_read.nhn?article_id=0000526876&office_id=366&mode=search&query=삼성전자&page=5,조선비즈,윤 대표는 삼성경제연구소와 삼성전자를 거쳐 2000년 코오롱인베스트먼트의 창립멤버로 합류한 이후 2007년부터 지난해까지 대표로 활동하면서 업계...,2020-05-21 13:57
지난해 우리나라 50대 기업 영업이익 61% 폭락,/news/news_read.nhn?article_id=0001004058&office_id=082&mode=search&query=삼성전자&page=5,부산일보,"1984년부터 지난해까지 36년 연속 매출 50위에 든 기업은 삼성전자, 현대자동차, LG전자, LG화학, 삼성물산, 대한항공, 현대건설, 대림...",2020-05-21 14:12
1분기 美 5G 스마트폰 톱3 모두 갤럭시S20이 ‘싹쓸이’,/news/news_read.nhn?article_id=0004645944&office_id=018&mode=search&query=삼성전자&page=5,이데일리,삼성전자(005930)의 상반기 플래그십(전략) 모델인 ‘갤럭시S20’ 시리즈가 올해 1분기 미국 5G 스마트폰 시장에서 90%가 넘는 점유율을...,2020-05-21 14:14
"코스피 2000선 회복…센터장들 ""언택트·콘택트 분산투자해야""",/news/news_read.nhn?article_id=0004651038&office_id=421&mode=search&query=삼성전자&page=5,뉴스1,"유진투자 변준호 센터장도 ""여전히 시가총액 상위에 있는 반도체 기업(삼성전자, SK하이닉스 등), 네이버, 카카오 등에 투자하는 것도 좋다""고 ...",2020-05-21 14:21
"삼성전자·LG전자, 美 특허 출원 10위안에",/news/news_read.nhn?article_id=0002599521&office_id=029&mode=search&query=삼성전자&page=5,디지털타임스,삼성전자와 LG전자가 미국에서 특허출원을 가장 많이 한 기관 상위 10위 안에 나란히 이름을 올렸다. 두 기업이 지난해 미국에 출원한 특허의 개...,2020-05-21 14:22
대국민 사과 이후 '뉴삼성' 속도 내는 이재용,/news/news_read.nhn?article_id=0011625096&office_id=001&mode=search&query=삼성전자&page=5,연합뉴스,"평택 투자 발표…""어려울 때일수록 미래 투자"" 강조 정의선 회동·중국 출장 이어 연일 공격 행보 이재용 삼성전자 부회장이 대국민 사과를 한 뒤 ...",2020-05-21 14:28
"삼성, 평택에도 파운드리 공장… 투자규모 10조 전망",/news/news_read.nhn?article_id=0002428732&office_id=021&mode=search&query=삼성전자&page=5,문화일보,세운 삼성전자가 경기 기흥·화성에 이어 평택에도 파운드리(반도체 위탁생산) 공장을 구축한다. 시스템 반도체를 주문받아 생산하는 파운드리 시장은 ...,2020-05-21 14:31
"화웨이발 미·중 무역분쟁 나비효과, 반도체·DP 타격받나",/news/news_read.nhn?article_id=0002402984&office_id=119&mode=search&query=삼성전자&page=5,데일리안,삼성전자와 SK하이닉스는 화웨이 외에도 이미 샤오미·오포·비보 등에도 메모리반도체를 공급하는 등 고객 포트폴리오가 다변화돼 있고 유기발광다이오드...,2020-05-21 14:41
"삼성전자, 평택에도 파운드리 생산라인 구축…TSMC 추격 박차",/news/news_read.nhn?article_id=0004579553&office_id=009&mode=search&query=삼성전자&page=4,매일경제,삼성전자가 평택에 극자외선(EUV) 파운드리 생산라인을 구축하는 대형 투자 계획을 발표했다. EUV 생산라인 확대로 파운드리 1위인 대만 TSMC 추격에 속도를 내고......,2020-05-21 14:41
2000선 아슬아슬한 코스피…코스닥은 강세 이어가,/news/news_read.nhn?article_id=0004683022&office_id=277&mode=search&query=삼성전자&page=4,아시아경제,"시가총액 10위 기업 가운데 삼성전자(0.2%),삼성바이오로직스(1%), NAVER(0.9%), LG화학(4.69%) 등은 상승했고, SK하이닉...",2020-05-21 14:59
"삼성전자, 평택에 EUV 파운드리 생산라인 구축",/news/news_read.nhn?article_id=0000545346&office_id=417&mode=search&query=삼성전자&page=4,머니S,삼성전자는 극자외선(EUV) 기반 최첨단 제품 수요 증가에 대응하기 위해 경기도 평택캠퍼스에 파운드리 생산 시설을 구축한다고 21일 밝혔다. 삼...,2020-05-21 15:08
"삼성전자, 평택에 파운드리 신설… 총 7개 파운드리 체제로",/news/news_read.nhn?article_id=0002498112&office_id=028&mode=search&query=삼성전자&page=4,한겨레,삼성전자가 평택에 대규모 파운드리(반도체 위탁생산) 생산시설 투자 계획을 발표했다. 삼성전자는 21일 경기도 평택사업장에 2021년 가동을 목표...,2020-05-21 15:14
"[기업] 삼성전자, 평택에 EUV 파운드리 생산시설 구축",/news/news_read.nhn?article_id=0001442764&office_id=052&mode=search&query=삼성전자&page=4,YTN,삼성전자가 경기도 평택캠퍼스에 EUV 파운드리 생산시설을 구축해 내년 하반기 본격 가동에 들어갑니다. 삼성전자는 EUV 기반 최첨단 제품 수요에...,2020-05-21 15:22
"갤노트10 지원금 올린 LGU+, 갤노트9 재출시한 SKT",/news/news_read.nhn?article_id=0004412626&office_id=008&mode=search&query=삼성전자&page=4,머니투데이,"[LGU+, 갤노트10 공시지원금 최대 50만원으로 상향…지원금>약정할인] LG유플러스가 지난해 하반기 출시된 삼성전자의 갤럭시노트10 공시지원...",2020-05-21 15:25
"이재용, 평택 파운드리 구축으로 비메모리 승부수… 투자 멈추면 안돼",/news/news_read.nhn?article_id=0000545376&office_id=417&mode=search&query=삼성전자&page=4,머니S,이재용 삼성전자 부회장이 평택 캠퍼스에 파운드리 생산 시설을 구축하며 비메모리 글로벌 1위를 목표로 하는 ‘반도체 비전 2030’에 추동력을 싣...,2020-05-21 15:33
"""주린아! 라떼는 말이야~"" 주식 고수된 슈퍼개미들",/news/news_read.nhn?article_id=0004412638&office_id=008&mode=search&query=삼성전자&page=4,머니투데이,"그러니 삼성전자 개미든, 원유 개미든 똑같이 기특합니다. 일단 주식을 시작했으면 절반은 온 셈이에요.""-남산주성 김태석씨. 개인이 외국인을 이겼...",2020-05-21 15:33
[그래픽] 삼성전자 파운드리 생산 시설 현황,/news/news_read.nhn?article_id=0011625433&office_id=001&mode=search&query=삼성전자&page=4,연합뉴스,삼성전자는 경기도 평택캠퍼스에 2021년 가동을 목표로 EUV 기반의 최첨단 제품 수요에 대응하는 파운드리(반도체 위탁생산) 생산 시설을 구축한...,2020-05-21 15:36
"코스피, 글로벌 경제 회복 기대감에 2000선 턱밑 마감",/news/news_read.nhn?article_id=0004579631&office_id=009&mode=search&query=삼성전자&page=4,매일경제,"엔씨소프트, LG화학 등이 4~5%대 강세를 보였고 삼성바이오로직스, NAVER, 삼성SDI, 카카오, 현대모비스, SK텔레콤 등이 올랐으나 삼...",2020-05-21 15:47
[fn마감시황]코스피 5거래일째 상승...장중 2000선 넘어,/news/news_read.nhn?article_id=0004429031&office_id=014&mode=search&query=삼성전자&page=4,파이낸셜뉴스,"삼성전자는 보합(0%) 마감했고, SK하이닉스, 삼성바이오로직스, 현대차는 약세를 나타냈다. 반면 네이버, LG화학, 삼성SDI, 카카오는 1~4%대 올랐다. 코스닥지수는...",2020-05-21 15:52
"삼성, TSMC에 1위 쟁탈전 선포…EUV 파운드리 추가 구축",/news/news_read.nhn?article_id=0004579642&office_id=009&mode=search&query=삼성전자&page=4,매일경제,삼성전자가 평택에 극자외선(EUV) 파운드리 라인을 구축한다. '반도체 비전 2030' 후속 조치 중 하나로 화성에 이은 두 번째 EUV 파운드...,2020-05-21 15:55
"삼성, 평택에 파운드리 생산라인 구축…'비전 2030' 본격화",/news/news_read.nhn?article_id=0000297763&office_id=448&mode=search&query=삼성전자&page=4,TV조선,"삼성전자가 21일, 경기도 평택캠퍼스에 파운드리 생산 라인을 구축하는 대규모 투자 계획을 밝혔다. 업계에서는 삼성전자가 평택 파운드리 라인 구축...",2020-05-21 15:56
"[마감시황]코스피, 2000선 '눈앞'…개인·외국인 매수에 상승",/news/news_read.nhn?article_id=0009875007&office_id=003&mode=search&query=삼성전자&page=4,뉴시스,"대장주 삼성전자는 전 거래일 대비 50원(0.10%) 내린 4만9950원에 거래를 마쳤다. SK하이닉스(-0.83%), LG생활건강(-0.28%...",2020-05-21 15:56
"[마감시황] 코스피 3월 이후 처음으로 장중 2,000선 돌파...코스닥도 1% ...",/news/news_read.nhn?article_id=0003740979&office_id=011&mode=search&query=삼성전자&page=4,서울경제,"시가총액 상위 종목 중에서는 삼성전자(-0.10%), SK하이닉스(-0.83%), LG생활건강(-0.28%), 현대차(-0.10%) 등은 하락 ...",2020-05-21 16:01
[코스피 마감]2000선 바짝…경기부양 기대에 녹은 심리,/news/news_read.nhn?article_id=0004646045&office_id=018&mode=search&query=삼성전자&page=4,이데일리,"반면 삼성전자(005930)와 SK하이닉스(000660), LG생활건강(051900) 등은 하락했고, 삼성전자우(005935), 셀트리온(068...",2020-05-21 16:03
[TF시황] 개인·외인 동반 매수…코스피 장중 2000선 회복,/news/news_read.nhn?article_id=0000026650&office_id=629&mode=search&query=삼성전자&page=4,더팩트,"삼성전자(-0.10%), SK하이닉스(-0.83%), LG생활건강(-0.28%), 현대차(-0.10%)는 내렸고 삼성바이오로직스(+1.50%),...",2020-05-21 16:04
코스피 2000 눈앞에 두고 마감…코스닥 710선 회복,/news/news_read.nhn?article_id=0004683070&office_id=277&mode=search&query=삼성전자&page=4,아시아경제,"시가총액 10위 중 삼성전자(0.1%), SK하이닉스(0.83%),LG생활건강(0.28%) 등은 내렸다. 이와 달리 삼성바이오로직스(1.5%),...",2020-05-21 16:05
"원/달러 환율 강보합 1,230.9원 마감",/news/news_read.nhn?article_id=0011625604&office_id=001&mode=search&query=삼성전자&page=4,연합뉴스,"전날에 이어 이날도 삼성전자 분기 배당의 역송금 물량이 쏟아지면서 원화 약세를 이끈 것으로 분석된다. 환율은 장중 한때 1,233.3원까지 올랐...",2020-05-21 16:07
"[마감시황] 코스피, 5일째 오름세…장중 2000 밟았다",/news/news_read.nhn?article_id=0000539454&office_id=031&mode=search&query=삼성전자&page=4,아이뉴스24,"삼성전자(-0.10%), SK하이닉스(-0.83%), LG생활건강(-0.28%)이 하락세를 보인 반면 삼성바이오로직스 1.50%, NAVER 1.35%, LG화학 4.14...",2020-05-21 16:08
"삼성 '갤럭시노트20' 공개 행사, 사상 첫 온라인으로 열수도",/news/news_read.nhn?article_id=0009875039&office_id=003&mode=search&query=삼성전자&page=3,뉴시스,삼성전자가 하반기 전략 스마트폰 '갤럭시노트20' 언팩(신제품 공개) 행사를 온라인으로 개최할 것으로 보인다. 21일 업계와 외신에 따르면 신종...,2020-05-21 16:10
코스피 5거래일 연속 상승…2000선 '바짝',/news/news_read.nhn?article_id=0002224138&office_id=123&mode=search&query=삼성전자&page=3,조세일보,시가총액 1위인 삼성전자는 전일 종가보다 50원(-0.10%) 하락한 4만9950원으로 장을 마감해 5만원선 아래로 다시 내려갔다. 2위인 SK...,2020-05-21 16:15
"코스피, 두 달반 만에 장중 2000선 회복…""상승세 잦아들 수도""",/news/news_read.nhn?article_id=0004345177&office_id=015&mode=search&query=삼성전자&page=3,한국경제,삼성전자(0.10%) SK하이닉스(0.83%) LG생활건강(0.28%) 현대차(0.10%) 하락했다. 삼성바이오로직스(1.50%) 네이버(1.3...,2020-05-21 16:16
"코스피, 개인·외인 매수에 상승…두달반만에 장중 2,000선 넘어(종합)",/news/news_read.nhn?article_id=0011625659&office_id=001&mode=search&query=삼성전자&page=3,연합뉴스,"반면 삼성전자(-0.10%)와 SK하이닉스(-0.83%), 현대차(-0.10%) 등은 내렸다. 업종별로는 증권(1.82%), 서비스(1.50%)...",2020-05-21 16:17
"""이대론 안된다""…화장품 수익 악화에 토니모리 VC로 눈돌린다",/news/news_read.nhn?article_id=0004579662&office_id=009&mode=search&query=삼성전자&page=3,매일경제,윤 대표는 삼성경제연구소와 삼성전자를 거쳐 2000년 코오롱인베스트먼트의 창립멤버로 합류한 이후 2007년부터 작년말까지 대표로 활동하면서 이미...,2020-05-21 16:18
원·달러 환율 1230.9원 마감… 달러 수요 증가로 소폭 하락,/news/news_read.nhn?article_id=0000527005&office_id=366&mode=search&query=삼성전자&page=3,조선비즈,"주요국의 경기 재개 기대감으로 인해 증시에는 훈풍이 불었지만, 삼성전자(005930)의 분기 배당금 지급 등으로 국내 달러 수요가 확대되며 하락...",2020-05-21 16:18
"[마감] 코스피, 6일 연속 상승… 장중 2000 돌파",/news/news_read.nhn?article_id=0000545421&office_id=417&mode=search&query=삼성전자&page=3,머니S,"코스피 시가총액 10위권 종목에서는 삼성전자(-0.10%), SK하이닉스(-0.83%), LG생활건강(-0.28%), 현대차(-0.10%) 등은...",2020-05-21 16:19
美 경제재개 기대감 반영…코스피 장중 2천 돌파,/news/news_read.nhn?article_id=0000872571&office_id=215&mode=search&query=삼성전자&page=3,한국경제TV,"하락 마감한 종목은 삼성전자(-0.10%), SK하이닉스(-0.83%), LG생활건강(-2.08%), 현대차(-0.10%) 등이다. 셀트리온, ...",2020-05-21 16:19
"코스피 두달반만에 장중 2,000선 돌파",/news/news_read.nhn?article_id=0001004125&office_id=082&mode=search&query=삼성전자&page=3,부산일보,"반면 삼성전자(-0.10%)와 SK하이닉스(-0.83%), 현대차(-0.10%) 등은 내렸다. 업종별로는 증권(1.82%), 서비스(1.50%)...",2020-05-21 16:26
[외환마감]삼전 배당금 역송금 물량에…원·달러 강보합,/news/news_read.nhn?article_id=0004646063&office_id=018&mode=search&query=삼성전자&page=3,이데일리,지난 19일 이뤄진 삼성전자의 1분기 배당금 지급에 따른 역송금 물량이 3거래일 연속 유입되며 환율을 끌어올린 것으로 보인다. 다만 장중 123...,2020-05-21 16:29
"'4.8조' 미국 로봇청소기 시장, 삼성·LG가 쓸어 담는다",/news/news_read.nhn?article_id=0004412689&office_id=008&mode=search&query=삼성전자&page=3,머니투데이,미중 무역전쟁으로 중국산 저가제품 판매가 주춤할 것으로 예상되는 가운데 삼성전자와 LG전자가 반사이익을 노릴 것으로 보인다. 21일 미국 시장조...,2020-05-21 16:34
"[TF매매동향] 외인, '삼성전자'사고, '카카오' 팔았다",/news/news_read.nhn?article_id=0000026666&office_id=629&mode=search&query=삼성전자&page=3,더팩트,"삼성전자 936억 원 매수·카카오 268억 원 매도 21일 코스피는 개인이 매수포지션으로, 기관은 매도로 전향했다. 개인과 외국인은 각각 290...",2020-05-21 16:41
"3개월만 2000선 '터치' 코스피 ""보수적 자세 필요하다""",/news/news_read.nhn?article_id=0004412702&office_id=008&mode=search&query=삼성전자&page=3,머니투데이,"삼성전자, SK하이닉스, 현대차 등은 소폭 내렸다. 코스닥 시총 가운데는 케이엠더블유가 4% 상승하며 가장 큰 폭으로 올랐다. 알테오젠, CJ ...",2020-05-21 16:51
이재용의 빅픽처..평택에 10조 규모 EUV 파운드리 구축,/news/news_read.nhn?article_id=0004646088&office_id=018&mode=search&query=삼성전자&page=3,이데일리,"- 이재용 ""어려울 때일수록 미래 투자 멈춰선 안된다” 이재용 삼성전자(005930) 부회장이 선언한 2030년 시스템반도체 세계 1위 달성을 ...",2020-05-21 16:52
"이재용의 승부수, 韓 거점으로 파운드리 세계시장 공략(종합)",/news/news_read.nhn?article_id=0004646089&office_id=018&mode=search&query=삼성전자&page=3,이데일리,"한국을 생산 거점化 - 이재용 “어려울 때 미래 투자 멈춰선 안된다"" [이데일리 양희동 기자] 삼성전자(005930)가 화웨이 ‘반도체 금수’ ...",2020-05-21 16:52
"핸드폰 원정대, 아이폰SE2 최대지원 및 갤럭시S20, 노트10 특가 프로모션",/news/news_read.nhn?article_id=0001149889&office_id=311&mode=search&query=삼성전자&page=3,엑스포츠뉴스,"아이폰SE 2세대 출시부터 삼성전자의 A31, A51 출시로 성능과 이미지별로 소비자들에게는 선택할 수 있는 폭이 넓어지고 있다. 애플은 201...",2020-05-21 16:54
"업무효율성 높이는 맞춤형 지식산업센터, ‘현대 테라타워 영통’ 눈길",/news/news_read.nhn?article_id=0003092408&office_id=081&mode=search&query=삼성전자&page=3,서울신문,특히 사업지가 위치한 영통구 일대는 삼성전자 등 초우량기업과 다수의 협력업체가 위치해 비즈니스 최적지로 꼽히는 곳이다. 기업체가 다수 위치해 업...,2020-05-21 16:57
삼성전자의 파운드리 세계1위 비전 성공할까?,/news/news_read.nhn?article_id=0003467401&office_id=022&mode=search&query=삼성전자&page=3,세계일보,화성 이어 평택 EUV 라인 구축 삼성전자가 21일 공개한 극자외선(EUV) 파운드리(반도체 위탁생산) 라인 구축 계획의 밑바탕에는 시스템 반도...,2020-05-21 17:02
"토니모리, 신기술사업금융업 진출…""미래성장 동력 확보""",/news/news_read.nhn?article_id=0004646104&office_id=018&mode=search&query=삼성전자&page=3,이데일리,윤대표는 삼성경제연구소와 삼성전자를 거쳐 2000년 코오롱인베스트먼트의 창립멤버로 합류한 이후 2007년부터 작년말까지 대표로 활동하면서 이미 ...,2020-05-21 17:04
"""기업 생산기지 이전, 원룸이사 아냐"" 美 압박에 고민 빠진 재계",/news/news_read.nhn?article_id=0003741041&office_id=011&mode=search&query=삼성전자&page=3,서울경제,삼성전자(005930)는 수교를 맺은 해 진출해 지금까지 텐진과 시안 등에 반도체·가전 공장 4곳을 중국에 세웠다. 미국은 2곳이다. 중국 시장...,2020-05-21 17:11
"작년 매출 50大기업 영업益 60%감소…""55조원 사라져""",/news/news_read.nhn?article_id=0004646120&office_id=018&mode=search&query=삼성전자&page=2,이데일리,삼성전자(005930)와 SK하이닉스(000660)는 전년 대비 75% 급감했다. 지속성장연구소가 기업분석전문기관인 한국CXO연구소에 의뢰해 1...,2020-05-21 17:18
"기술수출만 답 아냐,새로운 대안 제시한 지놈앤컴퍼니",/news/news_read.nhn?article_id=0004646127&office_id=018&mode=search&query=삼성전자&page=2,이데일리,이는 삼성전자(005930)가 인도네시아에 있는 작은 반도체 물질 개발회사와 함께 단순 조력관계가 아닌 서로 모든 의사결정을 같이 하는 협력관계...,2020-05-21 17:23
글로벌 반도체 패권전쟁 가열···고민 깊어지는 삼성,/news/news_read.nhn?article_id=0003741052&office_id=011&mode=search&query=삼성전자&page=2,서울경제,10조원을 들여 경기도 평택캠퍼스에 극자외선(EUV) 파운드리(반도체 위탁생산) 라인을 짓겠다는 삼성전자의 결정은 반도체를 둘러싼 미중 갈등이 ...,2020-05-21 17:24
화성 이어 평택까지···삼성 '5나노 파운드리'로 TSMC 잡는다,/news/news_read.nhn?article_id=0003741055&office_id=011&mode=search&query=삼성전자&page=2,서울경제,삼성전자가 경기 평택캠퍼스에 10조원을 투자해 극자외선(EUV) 기반 최첨단 파운드리(반도체 위탁생산) 라인을 구축한다. 오는 2030년까지 글...,2020-05-21 17:25
개미 뭉쳐 장중 2000선 탈환···코스피 최저 대비 37% 뛰었다,/news/news_read.nhn?article_id=0003002608&office_id=025&mode=search&query=삼성전자&page=2,중앙일보,"이정기 하나금융투자 연구원은 ""4월 이후 삼성전자 같은 우량주에서 큰 수익을 못 내자 개인 투자자들이 더 높은 수익률을 좇아 코스닥 종목으로 몰...",2020-05-21 17:28
반도체 장비·소재株는 '뜀박질',/news/news_read.nhn?article_id=0004345231&office_id=015&mode=search&query=삼성전자&page=2,한국경제,삼성전자와 SK하이닉스 주가가 주춤한데도 반도체 장비·소재주는 쉴 새 없이 오르고 있다. 국내 장비·소재업체들이 글로벌 경쟁력을 갖추고 고객사를...,2020-05-21 17:28
2000선 터치한 코스피…코로나 털고 더 갈까,/news/news_read.nhn?article_id=0004646133&office_id=018&mode=search&query=삼성전자&page=2,이데일리,20일 종가기준 시총 상위 10위 종목은 삼성전자(005930) SK하이닉스(000660) 삼성바이오로직스(207940) 네이버(035420) ...,2020-05-21 17:29
사과 회견 이후…가속도 붙는 이재용의 '미래투자',/news/news_read.nhn?article_id=0004345246&office_id=015&mode=search&query=삼성전자&page=2,한국경제,“끊임없는 혁신과 기술력을 바탕으로 가장 잘할 수 있는 분야에 집중하고 신사업에도 과감하게 도전하겠다.” 이재용 삼성전자 부회장이 지난 6일 대국민 사과...,2020-05-21 17:35
"삼성 ""초격차 전략으로 파운드리 주도권""…1위 TSMC와 경쟁",/news/news_read.nhn?article_id=0004345250&office_id=015&mode=search&query=삼성전자&page=2,한국경제,지난해 4월 30일 문재인 대통령이 경기 화성 삼성전자 반도체공장을 방문했다. 이재용 삼성전자 부회장은 공사가 채 끝나지 않은 최신 EUV(극자...,2020-05-21 17:35
"실적+유동성 힘으로 2000 터치…""네이버·카카오·엔씨 파죽지세""",/news/news_read.nhn?article_id=0004345253&office_id=015&mode=search&query=삼성전자&page=2,한국경제,삼성증권 리서치센터가 폭락장 이후 주가 상승을 이끈 종목별 기여도를 분석한 결과 유가증권시장 전체 시총의 3분의 1을 차지하는 삼성전자의 기여도...,2020-05-21 17:37
"삼성, 평택에 10조원 파운드리 공장",/news/news_read.nhn?article_id=0004345259&office_id=015&mode=search&query=삼성전자&page=2,한국경제,삼성전자가 경기 평택에 5㎚(나노미터·1㎚=1억분의 1ｍ) 이하 초정밀 제품을 생산할 수 있는 파운드리(반도체 수탁생산) 라인을 건설한다. 세계 1위인 대만의 TSMC를....,2020-05-21 17:40
`엘리엇 대항마` 키운다더니…결국 공염불,/news/news_read.nhn?article_id=0004579772&office_id=009&mode=search&query=삼성전자&page=2,매일경제,"국내 대기업인 SK와 현대자동차, 삼성전자를 괴롭혔던 해외 펀드들인 소버린이나 엘리엇 등은 이 같은 규제를 받지 않으면서 지분 단 몇 %만으로도...",2020-05-21 17:41
"동화약품?GS칼텍스, 광고주협회 '좋은 광고 대상' 수상",/news/news_read.nhn?article_id=0003002616&office_id=025&mode=search&query=삼성전자&page=2,중앙일보,"인쇄 부문 좋은 광고상은 삼성전자의 위대한 경험(광고회사 제일기획), 신한금융지주의 기발한 광고 캠페인(광고회사 제일기획), SK하이닉스의 시험...",2020-05-21 17:41
"이재용 ""어려울때 미래투자""…삼성, 파운드리에 10조 추가 투입",/news/news_read.nhn?article_id=0004579780&office_id=009&mode=search&query=삼성전자&page=2,매일경제,평택에도 EUV라인 구축 내년부터 5나노 공정 가동 화성 파운드리 가동도 본격화 TSMC와 정면승부 발판 마련 비메모리 세계1위 전략 탄력 삼성...,2020-05-21 17:42
"""어려울 때일수록 미래 투자""… '뉴삼성' 속도내는 이재용",/news/news_read.nhn?article_id=0004429141&office_id=014&mode=search&query=삼성전자&page=2,파이낸셜뉴스,"""어려울 때일수록 미래를 위한 투자를 멈춰선 안됩니다.""(이재용 삼성전자 부회장) 삼성전자가 21일 코로나19발 국내외 경기침체에도 10조원 규...",2020-05-21 17:46
코로나19가 바꾼 패러다임…IT·바이오·언택트 시총상위 '장악',/news/news_read.nhn?article_id=0004646160&office_id=018&mode=search&query=삼성전자&page=2,이데일리,코스피 지수가 장중 한때 2000선을 돌파하고 카카오가 유가증권 시가총액 10위(삼성전자우 제외)에 오르면서 이목이 집중되고 있다. 코로나19를...,2020-05-21 17:50
"삼성, 평택에도 EUV파운드리",/news/news_read.nhn?article_id=0004579818&office_id=009&mode=search&query=삼성전자&page=2,매일경제,초정밀 시스템반도체 생산 대만TSMC 향한 추격 가속 삼성전자가 화성사업장에 이어 평택사업장에도 극자외선(EUV) 파운드리(반도체 위탁생산) 라인을 구축한다. 이를...,2020-05-21 17:50
"美 ""탈중국 공급망, 한국과 논의했다""",/news/news_read.nhn?article_id=0004579821&office_id=009&mode=search&query=삼성전자&page=2,매일경제,트럼프 정부가 발표한 '미국 기술을 사용한 반도체의 중국 공급 금지'만 하더라도 메모리반도체까지 적용할 경우 삼성전자와 SK하이닉스 등 우리 기...,2020-05-21 17:50
"이재용 ""어려울수록 투자""···평택에 최첨단 파운드리 구축",/news/news_read.nhn?article_id=0003741090&office_id=011&mode=search&query=삼성전자&page=2,서울경제,삼성전자가 경기 평택캠퍼스에 10조원을 투자해 극자외선(EUV) 기반 최첨단 파운드리(반도체 위탁생산) 라인을 구축한다. 오는 2030년까지 글...,2020-05-21 17:57
[밀크] 급등장에서 깡통 찰 줄 몰랐습니다,/news/news_read.nhn?article_id=0000498548&office_id=469&mode=search&query=삼성전자&page=2,한국일보,"긴 하락장에 그동안 동학개미들의 마음을 사로잡았던 인버스는 지난 달 삼성전자, SK하이닉스를 제치고 개인 순매수 상위 종목에 이름을 올리기도 했...",2020-05-21 18:03
현대차 추격하는 카카오… 코스피 주도주 갈아타기 시작됐다,/news/news_read.nhn?article_id=0004429175&office_id=014&mode=search&query=삼성전자&page=1,파이낸셜뉴스,"이날 기준 코스피 시총 상위종목은 반도체·플랫폼을 포함하는 IT(삼성전자·SK하이닉스·NAVER·카카오), 바이오(삼성바이오로직스·셀트리온), ...",2020-05-21 18:20
"삼성·LG전자, 임원 보수 대폭 감소",/news/news_read.nhn?article_id=0004429179&office_id=014&mode=search&query=삼성전자&page=1,파이낸셜뉴스,삼성전자와 LG전자가 코로나19와 경영 환경 악화 여파로 올 들어 등기임원 보수를 절반 이상 줄어든 것으로 나타났다. 21일 금융감독원 전자공시시스템과 관련...,2020-05-21 18:29
'그린뉴딜' 바람 타고… 풍력발전株 쌩쌩,/news/news_read.nhn?article_id=0004646200&office_id=018&mode=search&query=삼성전자&page=1,이데일리,최근 이재용 삼성전자 부회장과 정의선 현대차 수석부회장의 만남을 계기로 협업 가능성이 부각되며 큰 폭으로 올랐다. 특히 2차 전지에 들어가는 전...,2020-05-21 18:32
"삼성, 평택에 EUV 파운드리…TSMC 맹추격",/news/news_read.nhn?article_id=0004429192&office_id=014&mode=search&query=삼성전자&page=1,파이낸셜뉴스,삼성전자가 경기 평택 캠퍼스에 10조원 이상을 들여 극자외선(EUV) 기반의 파운드리(반도체 위탁생산) 시설을 구축한다. 글로벌 메모리반도체 시장 선두인...,2020-05-21 18:36
"21일, 외국인 거래소에서 삼성전자(-0.1%), LG화학(+4.14%) 등 순매...",/news/news_read.nhn?article_id=0004345341&office_id=015&mode=search&query=삼성전자&page=1,한국경제,"외국인 투자자는 21일 거래소에서 삼성전자, LG화학, 엔씨소프트 등을 중점적으로 사들인 것으로 나타났다. 외국인 투자자의 순매수 상위 20개 ...",2020-05-21 18:37
"21일, 기관 거래소에서 삼성전자(-0.1%), SK(+3.6%) 등 순매도",/news/news_read.nhn?article_id=0004345344&office_id=015&mode=search&query=삼성전자&page=1,한국경제,"기관 투자자는 21일 거래소에서 삼성전자, SK, 대덕전자 등을 중점적으로 매도한 것으로 나타났다. 기관 투자자의 순매도 상위 20개 종목은 삼...",2020-05-21 18:37
"이재용, 반도체 승부수…평택에 첫 ‘파운드리 라인’ 구축",/news/news_read.nhn?article_id=0000212019&office_id=374&mode=search&query=삼성전자&page=1,SBS CNBC,삼성전자가 경기도 화성에 이어 평택에도 첨단 반도체 파운드리를 만들겠다고 발표했습니다. 오는 2030년까지 글로벌 시스템 반도체 1위 목표를 향...,2020-05-21 18:50
"이재용, 대국민 사과 이후 광폭행보…현장경영에 투자까지",/news/news_read.nhn?article_id=0000212020&office_id=374&mode=search&query=삼성전자&page=1,SBS CNBC,"이재용 삼성전자 부회장은 이번 생산라인 증설에 대해 ""미래에 대한 투자""라고 강조했습니다. 지난 6일 대국민 사과 이후 이 부회장의 행보를 좀 ...",2020-05-21 18:55
"삼성전자, 평택캠퍼스 내 파운드리 생산시설 구축",/news/news_read.nhn?article_id=0001004198&office_id=082&mode=search&query=삼성전자&page=1,부산일보,삼성전자는 경기도 평택캠퍼스에 내년 가동을 목표로 초미세 극자외선(EUV) 기반의 최첨단 제품 수요에 대응하는 파운드리(반도체 위탁생산) 생산 시설을 구축한다고...,2020-05-21 19:04
국내 매출 50대 기업 영업이익 반토막,/news/news_read.nhn?article_id=0001004206&office_id=082&mode=search&query=삼성전자&page=1,부산일보,"1984년부터 지난해까지 36년 연속 매출 50위에 든 기업은 삼성전자, 현대자동차, LG전자, LG화학, 삼성물산, 대한항공, 현대건설, 대림산업 등 8곳이다. 지난해 ...",2020-05-21 19:05
이재용 133兆 투자 약속 지킨다,/news/news_read.nhn?article_id=0002599623&office_id=029&mode=search&query=삼성전자&page=1,디지털타임스,"""위기에도 미래투자 중단 없다"" 전문인력 1만500명 채용 계획 삼성전자가 21일 밝힌 평택에 새 초미세공정 파운드리 라인 구축 결정은 오는 2...",2020-05-21 19:14
TSMC 美투자는 면피용?,/news/news_read.nhn?article_id=0002599624&office_id=029&mode=search&query=삼성전자&page=1,디지털타임스,전체 중국 비중은 최소 20%는 넘을 것으로 보인다. 이런 가운데 삼성전자가 이날 평택 파운드리 전용라인 신설을 공표하면서 TSMC의 상황은 더...,2020-05-21 19:14
"""5나노 파운드리 한판 붙자""… 삼성, TSMC와 大격돌 예고",/news/news_read.nhn?article_id=0002599622&office_id=029&mode=search&query=삼성전자&page=1,디지털타임스,""" 경기도 평택에 ""현존하는 가장 앞선 5나노(㎚) 이하 파운드리(반도체 위탁생산) 라인을 구축하겠다""는 삼성전자의 21일 발표는 바로 세계 반...",2020-05-21 19:14
"삼성·LG, 美 특허출원 톱10 진입… 작년 1만1500건 넘어",/news/news_read.nhn?article_id=0002599645&office_id=029&mode=search&query=삼성전자&page=1,디지털타임스,"삼성전자 8735개 '세계 2위' LG전자 9위… 2810개 출원 IBM, 9477개 특허 등록 1위 현대車 1561개로 23위 올라 [디지털타...",2020-05-21 19:14
삼성 `초격차 투자`… 평택에 파운드리,/news/news_read.nhn?article_id=0002599618&office_id=029&mode=search&query=삼성전자&page=1,디지털타임스,'시스템 반도체 1위' 목표 한발 더 초미세 공정기술 적용 범위 확대 이재용 삼성전자 부회장이 코로나19에 따른 실적악화 위기에도 '2030년 ...,2020-05-21 19:14
삼성생명 암보험 분쟁…법원 직접치료비 삼성 지급의무 없어,/news/news_read.nhn?article_id=0000212024&office_id=374&mode=search&query=삼성전자&page=1,SBS CNBC,"하지만 암 환자들은 시위를 중단하지 않을 방침인데다, 이재용 삼성전자 부회장의 경영권 승계 과정과 관련해 마련된 내부 준법감시위원회에도 문제제기...",2020-05-21 19:15
"[종합뉴스 단신] 삼성전자, 평택에 파운드리 생산라인 구축…10조 투자",/news/news_read.nhn?article_id=0001457327&office_id=057&mode=search&query=삼성전자&page=1,MBN,삼성전자가 평택에 극자외선 파운드리 생산라인을 구축하기로 하면서 10년 후 글로벌 시스템 반도체 시장에서 1위를 차지하겠다는 목표에 한발 더 다가섰습니다....,2020-05-21 20:01
세계경제 재개 기대… 코스피 두 달 반 만에 장중 2000 ‘터치’,/news/news_read.nhn?article_id=0003467468&office_id=022&mode=search&query=삼성전자&page=1,세계일보,"시가총액 상위 종목 가운데는 삼성전자(-0.10%), SK하이닉스(-0.86%)가 내렸고, 네이버(1.35%), LG화학(4.14%), 삼성SD...",2020-05-21 20:39
"삼성, 평택에 10조원 투자 반도체 공장 건설",/news/news_read.nhn?article_id=0003010393&office_id=032&mode=search&query=삼성전자&page=1,경향신문,삼성전자가 경기 평택사업장에 시스템 반도체를 생산하는 극자외선(EUV) 기반의 파운드리(반도체 위탁생산) 공장 구축에 들어갔다. 코로나19 확산으로 인한 경기악화...,2020-05-21 21:17
"삼성, 평택에 대규모 파운드리 라인 구축",/news/news_read.nhn?article_id=0003467524&office_id=022&mode=search&query=삼성전자&page=1,세계일보,2021년 하반기부터 본격 가동/ 이재용 “어려운 때일수록 투자” 삼성전자가 EUV(극자외선) 기반 최첨단 제품 수요 증가에 대응하기 위해 경기...,2020-05-21 23:03
