title,url,press,summary,date
"[단독포착] '코로나19 음성, 귀가하는 이재용 부회장'",/news/news_read.nhn?article_id=0000026343&office_id=629&mode=search&query=삼성전자&page=12,더팩트,이재용 삼성전자 부회장이 19일 오후 경기도 김포시의 한 호텔에서 코로나19 바이러스 검사를 마치고 자택으로 귀가하고 있다. 지난 17일 이재용...,2020-05-20 00:01
"이재용, 중국출장 오가며 세번 코로나 검사",/news/news_read.nhn?article_id=0003002052&office_id=025&mode=search&query=삼성전자&page=12,중앙일보,이재용 삼성전자 부회장이 중국 시안을 찾아 낸드플래시 반도체 공장을 둘러본 뒤 19일 오후 2시쯤 서울 김포공항으로 귀국했다. 이 부회장은 이날...,2020-05-20 00:06
1분기 전 세계서 팔린 TV 2대 중 1대는 삼성·LG,/news/news_read.nhn?article_id=0003002048&office_id=025&mode=search&query=삼성전자&page=12,중앙일보,특히 삼성전자는 글로벌 TV 시장에서 역대 최대 점유율을 기록했다. 그러나 2분기부터는 국내 기업들도 코로나19의 직접적인 피해를 피해가기가 쉽...,2020-05-20 00:06
[경제 브리핑] 삼성 ‘밤에도 선명한 사진’ 이미지센서,/news/news_read.nhn?article_id=0003002053&office_id=025&mode=search&query=삼성전자&page=12,중앙일보,삼성전자가 5000만 화소의 모바일용 이미지센서 ‘아이소셀 GN1’(사진)을 19일 출시했다. 1.2㎛(마이크로미터·100만 분의 1m) 크기의...,2020-05-20 00:06
'QLED의 힘' 삼성전자 TV 1분기 시장점유율 32.4%...역대 최대(종합),/news/news_read.nhn?article_id=0009870530&office_id=003&mode=search&query=삼성전자&page=12,뉴시스,삼성전자가 1분기 글로벌 TV 시장에서 32.4%의 점유율을 달성하며 분기 금액 기준 역대 최대치를 기록했다. 글로벌 시장조사업체 옴디아(구 I...,2020-05-20 00:10
"2박3일 中출장, 코로나검사 3번 받은 이재용",/news/news_read.nhn?article_id=0003286998&office_id=020&mode=search&query=삼성전자&page=12,동아일보,출국전-시안 도착 직후 한차례씩… 19일 김포공항서 또 검사 받아 이재용 삼성전자 부회장이 2박 3일 일정의 중국 시안(西安) 출장을 위해 신종...,2020-05-20 03:02
삼성TV 세계 시장 점유율 29.4→32.4%로 늘었다,/news/news_read.nhn?article_id=0003532386&office_id=023&mode=search&query=삼성전자&page=12,조선일보,삼성전자 TV가 코로나 사태로 글로벌 시장이 위축된 상황에도 지난 1분기(1~3월) 역대 최대 시장 점유율을 기록했다. 19일 글로벌 시장조사 업체 옴디아에 따르면...,2020-05-20 03:02
"이재용 만난 후허핑 中산시성 당서기 ""삼성의 프로젝트 보장, 협력 강화할 것""",/news/news_read.nhn?article_id=0003532382&office_id=023&mode=search&query=삼성전자&page=12,조선일보,"李부회장, 중국 출장 마치고 귀국 코로나 검사받고 2주간 '능동감시' 코로나 사태 이후 첫 해외 출장길에 올랐던 이재용 삼성전자 부회장이 중국 ...",2020-05-20 03:02
美中 싸움에… 시름 커지는 한국 반도체,/news/news_read.nhn?article_id=0003286976&office_id=020&mode=search&query=삼성전자&page=12,동아일보,세계 최대 반도체 파운드리(위탁생산) 업체인 대만 TSMC가 사실상 미국의 요청에 호응하면서 파운드리 시장 점유율 2위를 차지하고 있는 삼성전자...,2020-05-20 03:02
"한국 TV, 글로벌 점유율 50% 첫 돌파",/news/news_read.nhn?article_id=0003287044&office_id=020&mode=search&query=삼성전자&page=11,동아일보,19일 시장조사업체 옴디아에 따르면 삼성전자는 올해 1분기(1∼3월) 전 세계 TV 시장에서 금액 기준 전년 동기(29.4%) 대비 3.0%포인...,2020-05-20 03:04
상장사 1분기 순익 48% 뚝… 서비스-유통 ‘코로나 비명’,/news/news_read.nhn?article_id=0003287041&office_id=020&mode=search&query=삼성전자&page=11,동아일보,"국내 증시 대장주인 삼성전자를 제외하면 나머지 기업들의 영업이익과 당기순이익은 각각 41.0%, 61.8% 감소했다. 상장사 17개 업종 중 12개 업종이 적자 전환하거나...",2020-05-20 03:04
우린 패션… 기존 스마트폰과 달라,/news/news_read.nhn?article_id=0003287061&office_id=020&mode=search&query=삼성전자&page=11,동아일보,애플이 최근 보급형 신규 모델 아이폰SE2를 출시해 중가 경쟁에 뛰어든 데 이어 최근 삼성전자도 19일 SK텔레콤을 통해 갤럭시노트9을 15만 ...,2020-05-20 03:04
"삼성, 글로벌TV 분기 점유율 최고치 경신",/news/news_read.nhn?article_id=0003466752&office_id=022&mode=search&query=삼성전자&page=11,세계일보,1분기 32.4% 기록… 2019년比 3.1% P 증가 / QLED 등 프리미엄·초대형 호조 주효 삼성전자가 글로벌 TV 판매 시장에서 1분기 기준 역대 최대 점유율 기록...,2020-05-20 03:22
"코스피 상장사, 1분기 순익 ‘반토막’… 2분기 더 암울",/news/news_read.nhn?article_id=0001323029&office_id=005&mode=search&query=삼성전자&page=11,국민일보,"삼성전자를 빼고 계산하면 상황은 더 심각하다. 삼성전자를 제외한 591곳의 1분기 연결 영업이익과 당기순이익은 각각 41%, 61.8% 급감했다...",2020-05-20 04:07
"한국 TV, 세계 시장 점유율 1위 탈환",/news/news_read.nhn?article_id=0001323033&office_id=005&mode=search&query=삼성전자&page=11,국민일보,브랜드별로는 삼성전자가 역대 최대 점유율을 기록했다. 삼성전자의 1분기 금액 기준 점유율은 32.4%로 작년 동기보다 3.1% 포인트 증가했다....,2020-05-20 04:07
"삼성, DSLR 수준 초고속 자동초점 모바일 이미지 센서 출시",/news/news_read.nhn?article_id=0001323040&office_id=005&mode=search&query=삼성전자&page=11,국민일보,삼성전자가 디지털일안반사식카메라(DSLR) 수준의 초고속 자동초점 기능을 지원하는 5000만 화소 모바일 이미지센서 ‘아이소셀 GN1’을 출시해...,2020-05-20 04:09
한화 영업이익 62% CJ 54% 상승···언택트·선제투자 빛났다,/news/news_read.nhn?article_id=0003002080&office_id=025&mode=search&query=삼성전자&page=11,중앙일보,"한화솔루션(61.7%), CJ제일제당(54%), LG전자(21%), 현대자동차(4.7%), 삼성전자(3.4%)의 영업이익은 지난해 1분기와 비교...",2020-05-20 05:01
금융그룹 통합감독 속도전…삼성 금융그룹 정조준하나,/news/news_read.nhn?article_id=0004644483&office_id=018&mode=search&query=삼성전자&page=11,이데일리,특히 삼성전자 지분을 대거 들고 있는 삼성생명과 삼성화재가 가장 큰 영향을 받을 것으로 예상돼 삼성의 지배구조를 겨냥한 법안이라는 논란이 일기도...,2020-05-20 05:01
상장사 순익 반토막… 서비스·유통 ‘코로나 직격탄’,/news/news_read.nhn?article_id=0003091867&office_id=081&mode=search&query=삼성전자&page=11,서울신문,영업익 31%↓… 매출 유지·수익성 부진 삼성전자 빼면 영업익 41%·순익 62%↓ 순익 서비스 -76%·철강 -58%·유통 -39% 순손실 S...,2020-05-20 05:08
TSMC도 손들고 투자…삼성 美 공장 증설 가능성은,/news/news_read.nhn?article_id=0004411465&office_id=008&mode=search&query=삼성전자&page=11,머니투데이,하면서 삼성전자의 투자 여부에도 시선이 쏠린다. 트럼프에 호응할 필요…TSMC 견제도 절실 19일 관련업계에 따르면 삼성이 미국 트럼프 정부 요...,2020-05-20 05:30
'인재 사냥터' 美 막히자 韓으로…반·디 인력 사냥 나선 中,/news/news_read.nhn?article_id=0004411468&office_id=008&mode=search&query=삼성전자&page=11,머니투데이,"중국업체들이 노리는 한국 인력은 삼성전자, SK하이닉스, LG디스플레이, 삼성디스플레이, LG화학, SK이노베이션 등에서 10년 이상 근무한 경...",2020-05-20 05:31
"中 ""D램 개발"" 자신감…알고보니 삼성 인력 빼내기",/news/news_read.nhn?article_id=0004411469&office_id=008&mode=search&query=삼성전자&page=11,머니투데이,③] '삼성전자·SK하이닉스에서 10년 이상 반도체 엔지니어로 근무한 경험자' 중국 푸젠진화반도체는 지난해 한국 반도체 고급인력 채용 공고를 띄...,2020-05-20 05:34
'최우수 경영' 국내 기업에 삼성전자…2위는 KT&G,/news/news_read.nhn?article_id=0011619825&office_id=001&mode=search&query=삼성전자&page=11,연합뉴스,기업은 삼성전자라는 평가가 나왔다. 20일 기업평가사이트 CEO스코어(대표 박주근)가 지난해 기준 매출액 상위 500대 기업 가운데 금융부문을 ...,2020-05-20 06:01
이재용 訪中과정 세차례나 코로나 검사… 재계 위기의식 드러낸 것,/news/news_read.nhn?article_id=0003466771&office_id=022&mode=search&query=삼성전자&page=11,세계일보,中 시안공장 방문 앞서 두차례 / 귀국 후 임시시설서 한번 더 받아 / 中 당국자와 반도체 등 협력 논의 이재용 삼성전자 부회장을 비롯한 경영진...,2020-05-20 06:03
"""갤럭시노트 20플러스, 1억+ 화소 카메라에 자동초점 향상""",/news/news_read.nhn?article_id=0011619827&office_id=001&mode=search&query=삼성전자&page=11,연합뉴스,"해외매체 ""스페이스줌 적용은 불확실…배터리 효율 개선"" 삼성전자의 주력 스마트폰인 갤럭시노트 차기작에 1억 화소 카메라가 탑재될 수 있다는 외국...",2020-05-20 06:05
"""현금에 삼성전자 주식도 줄게요""… 개미 모시기 바쁜 증권사들",/news/news_read.nhn?article_id=0000525742&office_id=366&mode=search&query=삼성전자&page=11,조선비즈,계좌를 개설하면 현금을 주거나 삼성전자(005930)등 우량주식을 제공하는 곳도 있다. 개인 투자자를 위해 프라이빗 뱅커(PB) 서비스를 제공하...,2020-05-20 06:12
"하반기 최신 GPU에 '플스·엑박'까지…""그래픽 D램 상승세""",/news/news_read.nhn?article_id=0004646927&office_id=421&mode=search&query=삼성전자&page=11,뉴스1,"D램익스체인지는 현재 메모리 제조사 중에서 GDDR6 양산이 가능한 곳은 삼성전자와 미국의 마이크론뿐이라며 ""SK하이닉스는 올 연말쯤 경쟁에 가...",2020-05-20 06:15
'최우수 경영' 1위는 삼성전자…2위는 KT&G,/news/news_read.nhn?article_id=0000872036&office_id=215&mode=search&query=삼성전자&page=11,한국경제TV,금융부문을 제외한 국내기업 가운데 경영이 가장 우수한 기업은 삼성전자라는 평가가 나왔다. 기업평가사이트 CEO스코어(대표 박주근)가 지난해 기준...,2020-05-20 06:46
"매출액 8억 코스닥 상장사가 암세포를 걸러낸다? - 싸이토젠 [혁신, 스타트업을 ...",/news/news_read.nhn?article_id=0000672316&office_id=144&mode=search&query=삼성전자&page=11,스포츠경향,"세계 4대 반도체 회사 중에 2개인 삼성전자, SK하이닉스가 우리나라에 있고, 이러한 반도체 기술을 바탕으로 우리나라는 세계적인 IT 강국이 되...",2020-05-20 07:00
"코로나 후 첫 中 출장 이재용, 사흘 일정 마치고 귀국",/news/news_read.nhn?article_id=0000211845&office_id=374&mode=search&query=삼성전자&page=10,SBS CNBC,코로나19 사태 이후 첫 해외 출장길에 올랐던 이재용 삼성전자 부회장이 2박 3일 간의 중국 일정을 마치고 어제(19일) 귀국했습니다. 이 부회...,2020-05-20 07:20
LG '상소문폰'에 '갤럭시 폴드' 접힐까?···LG 롤러블폰 내년 출시 유력,/news/news_read.nhn?article_id=0003739887&office_id=011&mode=search&query=삼성전자&page=10,서울경제,삼성전자(005930)도 새로운 스마트폰 폼팩터를 개발하고 있는 것으로 알려졌다. 지난해 김학상 삼성전자 무선사업부 비주얼개발팀장(전무)은 “스...,2020-05-20 07:26
"中 출장 다녀온 이재용, '뉴 삼성' 위한 다음 구상은...",/news/news_read.nhn?article_id=0009870663&office_id=003&mode=search&query=삼성전자&page=10,뉴시스,이재용 삼성전자 부회장이 2박3일간 중국 출장 일정을 마치고 지난 19일 귀국했다. 이 부회장의 이번 출장은 코로나19 사태 이후 글로벌 기업인...,2020-05-20 08:00
국내 기업 중 '최우수 경영' 평가 받은 기업은?,/news/news_read.nhn?article_id=0003532494&office_id=023&mode=search&query=삼성전자&page=10,조선일보,삼성전자가 국내 기업 경영평가에서 가장 높은 점수를 받으며 국내 상위 254개 기업 중 종합평가 1위를 기록했다. 기업평가 사이트 CEO스코어는...,2020-05-20 08:00
[지붕이의 용어사전] 액셀러레이터 / 콘텐츠 사업자 / ELS 등,/news/news_read.nhn?article_id=0004578309&office_id=009&mode=search&query=삼성전자&page=10,매일경제,최근 삼성전자는 2030년까지 시스템반도체 분야 파운드리 세계 1위를 달성하겠다는 '반도체 비전 2030' 에 따라 코로나19 사태에도 2020...,2020-05-20 08:03
"해외언론, 갤럭시노트 차기작 기능 소개…""엄청나네!""",/news/news_read.nhn?article_id=0004578320&office_id=009&mode=search&query=삼성전자&page=10,매일경제,삼성전자의 갤럭시노트 차기작에 1억 화소 카메라가 탑재될 수 있다는 해외 언론의 분석이 나왔다. 20일 해외 IT매체 샘모바일에 따르면 올해 하반기 출시될 것으로...,2020-05-20 08:06
"중국 다녀온 이재용, 코로나19 ‘음성’… 7시간 대기 후 귀가",/news/news_read.nhn?article_id=0000544469&office_id=417&mode=search&query=삼성전자&page=10,머니S,중국 출장을 다녀온 이재용 삼성전자 부회장이 귀국 직후 코로나19 진단검사로 최종 음성 판정을 확인한 뒤 귀가했다. 이 부회장은 지난 19일 오...,2020-05-20 08:07
국내 '최우수 경영' 기업에 삼성전자…2위는?,/news/news_read.nhn?article_id=0001456466&office_id=057&mode=search&query=삼성전자&page=10,MBN,금융부문을 제외한 국내기업 가운데 경영이 가장 우수한 기업은 삼성전자라는 평가가 나왔습니다. 오늘(20일) 기업평가사이트 CEO스코어(대표 박주근)가 지난해 기준...,2020-05-20 08:09
[뉴스체크｜경제] 손목시계형 심전도기기 건보 적용,/news/news_read.nhn?article_id=0000238495&office_id=437&mode=search&query=삼성전자&page=10,JTBC,대장주 삼성전자를 빼면 코로나로 인한 충격은 더 드러납니다. 591곳 상장기업들의 순이익이 줄어든 정도가 62%에 가깝습니다. 2. 공인인증서 ...,2020-05-20 08:15
[빅데이터MSI]20일 오전 주식시장 심리 4단계 '보통',/news/news_read.nhn?article_id=0009870694&office_id=003&mode=search&query=삼성전자&page=10,뉴시스,"대장주 삼성전자의 MSI 레벨은 3단계로 집계됐다. 시가총액 상위 종목 중 SK하이닉스는 3단계, LG화학은 4단계, 현대차는 7단계, 셀트리온...",2020-05-20 08:21
'최우수 경영' 국내 기업에 삼성전자…2위는 KT&G,/news/news_read.nhn?article_id=0000815791&office_id=055&mode=search&query=삼성전자&page=10,SBS,금융부문을 제외한 국내기업 가운데 경영이 가장 우수한 기업은 삼성전자라는 평가가 나왔습니다. 기업평가사이트 CEO스코어(대표 박주근)가 지난해 ...,2020-05-20 08:28
"에이아이매틱스, KT파워텔과 AI 모빌리티 플랫폼사업 업무협약",/news/news_read.nhn?article_id=0004578339&office_id=009&mode=search&query=삼성전자&page=10,매일경제,지난 5월 이스라엘 인공지능(AI) 기반 차량 안전주행 솔루션 스타트업 기업인 넥사(Nexar)가 진행한 5200만 달러(약 634억원) 규모의...,2020-05-20 08:29
"""美의 화웨이 제재 장기화, 삼성전자·애플 등 수혜 전망""-KB증권",/news/news_read.nhn?article_id=0004427692&office_id=014&mode=search&query=삼성전자&page=10,파이낸셜뉴스,"이창민 연구원은 ""특히 오보, 비보 등 중국 로컬 업체들의 수혜 강도가 가장 클 것으로 보인다""면서 ""삼성전자와 애플도 일정 부분 반사이익을 누릴 수 있을 것으로...",2020-05-20 08:33
"제일기획, 중남미서 글로벌 기업 '바이어스도르프' 광고주 영입",/news/news_read.nhn?article_id=0004681633&office_id=277&mode=search&query=삼성전자&page=10,아시아경제,"실제 제일기획은 중남미 시장에서 삼성전자를 비롯해 에픽게임즈, 닛산 크레딧, 오피스디포 등 다양한 광고주의 디지털 마케팅 캠페인, 소셜미디어 채...",2020-05-20 08:35
"TSMC, 화웨이 신규 주문 중단시 삼성전자 수혜 전망",/news/news_read.nhn?article_id=0004644589&office_id=018&mode=search&query=삼성전자&page=10,이데일리,NH투자증권은 대만 TSMC가 중국 화웨이의 신규 수주를 중단했다는 보도가 사실이라면 제품 경쟁력 약화로 인해 삼성전자(005930) 스마트폰 ...,2020-05-20 08:41
범삼성 한솔家 조연주 한솔케미칼 사장의 공격행보,/news/news_read.nhn?article_id=0000539102&office_id=031&mode=search&query=삼성전자&page=10,아이뉴스24,이 고문은 이병철 삼성그룹 창업주의 장녀이자 이건희 삼성전자 회장의 누나다. 이재용 삼성전자 부회장과는 외사촌지간인 셈이다. 20일 재계에 따르...,2020-05-20 08:43
"롯데하이마트, 하반기 실적 회복 가능성..목표가↑-하나",/news/news_read.nhn?article_id=0004644607&office_id=018&mode=search&query=삼성전자&page=10,이데일리,그는 “매출 증대를 위해 최저가 정책을 취하기에는 삼성전자·LG전자의 막강한 브랜드력이 발목을 잡는다”며 “비용구조를 개선하기 위해 매장을 줄이...,2020-05-20 08:48
[오늘 기업 오늘 사람] 삼성전자·한국정보인증·SK바이오사이언스·쌍용차,/news/news_read.nhn?article_id=0000211856&office_id=374&mode=search&query=삼성전자&page=10,SBS CNBC,"◇ 중국 시안 현장 지휘 '이재용 삼성전자' - 이재용, 코로나 뚫고 중국 시안 반도체 사업장 점검 - 정의선 회동 후 닷새만에 중국행…글로벌 ...",2020-05-20 08:50
"삼성전자 '갤럭시노트20 플러스', 1억 화소 카메라 탑재 전망",/news/news_read.nhn?article_id=0000539104&office_id=031&mode=search&query=삼성전자&page=10,아이뉴스24,올해 하반기 출시 예정인 삼성전자 '갤럭시노트20' 시리즈 중 플러스 모델이 1억 화소 카메라를 탑재할 것이라는 전망이 나왔다. 20일 IT 매...,2020-05-20 08:54
[이슈분석] 글로벌증시에 불어닥친 코로나…1분기 상장사 실적 ‘쇼크’,/news/news_read.nhn?article_id=0000211858&office_id=374&mode=search&query=삼성전자&page=10,SBS CNBC,"대장주인 삼성전자를 제외한 상장사들 영업이익과 순이익 모두 마이너스인데요? - 한국거래소, 1분기 코스피·코스닥 상장사 실적 발표 - 코스피 기...",2020-05-20 08:56
"제일기획, 중남미서 바이어스도르프 디지털 마케팅 담당",/news/news_read.nhn?article_id=0004647190&office_id=421&mode=search&query=삼성전자&page=9,뉴스1,"실제로 제일기획은 중남미 시장에서 삼성전자를 비롯해 에픽게임즈, 닛산 크레딧, 오피스디포 등 다양한 광고주의 디지털 마케팅 캠페인, 소셜미디어 ...",2020-05-20 09:05
"제일기획, 중남미 첫 대규모 수주…'니베아' 디지털 광고 맡는다",/news/news_read.nhn?article_id=0004644702&office_id=018&mode=search&query=삼성전자&page=9,이데일리,"실제로 제일기획은 중남미 시장에서 삼성전자를 비롯해 에픽게임즈, 닛산 크레딧, 오피스디포 등 다양한 광고주의 디지털 마케팅 캠페인, 소셜미디어 ...",2020-05-20 09:07
"삼성전자, ‘최우수 경영’ 국내 기업 선정..2위는 KT&G",/news/news_read.nhn?article_id=0004644701&office_id=018&mode=search&query=삼성전자&page=9,이데일리,삼성전자(005930)가 국내기업 가운데 경영이 가장 우수한 기업으로 선정됐다. 기업평가사이트 CEO스코어는 지난해 기준 매출액 상위 500대 ...,2020-05-20 09:07
[개장 시황] 코스피 1972.12.. 개인의 '팔자' 기조에 하락 출발 (▼8....,/news/news_read.nhn?article_id=0003739942&office_id=011&mode=search&query=삼성전자&page=9,서울경제,"종목별로는 삼성전자가 0.60% 내린 5만 0000원에 거래되는 가운데, 파미셀(005690)(-5.32%), 대양금속(009190)(-3.30...",2020-05-20 09:08
"""삼성디스플레이, 아이폰12 4개 모델 중 3개에 디스플레이 독점 공급""",/news/news_read.nhn?article_id=0000539109&office_id=031&mode=search&query=삼성전자&page=9,아이뉴스24,"한편 DSCC는 삼성전자의 폴더블폰인 '갤럭시 폴드'에 대한 전망도 내놨다. 삼성전자가 오는 7월 '갤럭시 폴드 스페셜 에디션'을 내놓고, 7~...",2020-05-20 09:11
"코스피, 코로나19 백신 의구심에 약보합 출발",/news/news_read.nhn?article_id=0004578400&office_id=009&mode=search&query=삼성전자&page=9,매일경제,"삼성전자, SK하이닉스, LG화학, 현대차 등이 떨어지고 있고 NAVER, 셀트리온, LG생활건강, 삼성SDI 등은 오르고 있다. 이날 유가증권시장에서는 350개 종목이 ...",2020-05-20 09:16
"코스피, 개미 차익실현에 보합세…1,980선 등락(종합)",/news/news_read.nhn?article_id=0011620149&office_id=001&mode=search&query=삼성전자&page=9,연합뉴스,"시가총액 상위 종목 가운데는 삼성전자(-0.80%)와 SK하이닉스(-0.60%)가 동반 하락했고 LG화학(-0.42%), 현대차(-1.61%) ...",2020-05-20 09:18
"[단독] 삼성금융사, '암환우모임'에 ""집회 그만"" 법적대응",/news/news_read.nhn?article_id=0004411633&office_id=008&mode=search&query=삼성전자&page=9,머니투데이,"20일 보험업계 및 법조계에 따르면 서울 서초구 삼성전자 서초사옥에 입주한 삼성생명, 삼성화재, 삼성증권, 삼성자산운용 등 삼성금융계열사와 삼성...",2020-05-20 09:21
1년만에 700선 복귀한 코스닥…코스피는 숨고르기,/news/news_read.nhn?article_id=0004411634&office_id=008&mode=search&query=삼성전자&page=9,머니투데이,"시가총액 상위 주요 종목 중에서는 삼성전자가 1%대 미만 하락률을 나타내고 있다. SK하이닉스도 약보합세다. NAVER, 삼성SDI, LG생활건...",2020-05-20 09:23
코스피 개미 차익실현에 보합세…코스닥 1년만에 700선 돌파(종합2보),/news/news_read.nhn?article_id=0011620181&office_id=001&mode=search&query=삼성전자&page=9,연합뉴스,"시가총액 상위 종목 가운데는 삼성전자(-0.70%)와 SK하이닉스(-0.12%)가 동반 하락했고 LG화학(-0.56%), 현대차(-1.92%) ...",2020-05-20 09:27
"초고화소에 감도까지···삼성전자, 모바일 이미지센서 투트랙 본격 가동",/news/news_read.nhn?article_id=0003739968&office_id=011&mode=search&query=삼성전자&page=9,서울경제,"“엔지니어에게 기술적 한계란 좋은 동기부여이자, 넘어서야 할 숙명이다.” 지난달 27일 삼성전자(005930)의 이미지센서 연구개발(R&D)을 ...",2020-05-20 09:27
"[특징주] 경인양행, '투명 폴리이미드필름 특허 출연' 소식에 강세",/news/news_read.nhn?article_id=0002402610&office_id=119&mode=search&query=삼성전자&page=9,데일리안,삼성전자 삼성종합기술원 필름소재랩은 지난달 말 특허청에 폴리이미드 필름 관련 특허를 출원했다. 일본 정부가 투명 PI에 쓰이는 플루오린 PI 수...,2020-05-20 09:29
"[개장시황] 코스피, 하락 출발후 상승 반전…코스닥 700 회복",/news/news_read.nhn?article_id=0000539120&office_id=031&mode=search&query=삼성전자&page=9,아이뉴스24,"삼성전자(-0.70%), SK하이닉스(-0.73%), 삼성전자우(-0.12%)가 하락세를 보인 반면 삼성바이오로직스 0.17%, NAVER 1.64%, 셀트리온 0.70%...",2020-05-20 09:29
"코스피, 하루만에 1980선 밑으로…약보합 출발",/news/news_read.nhn?article_id=0004644739&office_id=018&mode=search&query=삼성전자&page=9,이데일리,"삼성전자(005930)와 SK하이닉스(000660)가 각각 0.70%, 0.24% 하락중이며, 삼성바이오로직스(207940)와 LG화학(051910)도 1% 미만에서 약세...",2020-05-20 09:34
장 초반 1980선 이어가는 코스피…코스닥은 1년 만에 700선 회복,/news/news_read.nhn?article_id=0004681721&office_id=277&mode=search&query=삼성전자&page=9,아시아경제,"반면 현대차(-2.0%), 삼성전자(-0.6%), LG화학(-0.5%) 등은 떨어졌다. 코스닥 지수도 상승세다. 전날보다 0.11% 오른 697...",2020-05-20 09:35
"삼성전자, 500대 기업 경영평가 '최우수 기업'…2위는 KT&G",/news/news_read.nhn?article_id=0009870849&office_id=003&mode=search&query=삼성전자&page=9,뉴시스,"삼성전자가 국내 500대 기업 중 글로벌 경쟁력을 비롯해 고속성장, 투자, 건실경영 등 경영부문에서 좋은 평가를 받아 경영평가 최우수 기업에 선...",2020-05-20 09:35
"""삼성 갤럭시노트9, 美 소비자가 가장 만족한 스마트폰""",/news/news_read.nhn?article_id=0009870851&office_id=003&mode=search&query=삼성전자&page=9,뉴시스,"미국 소비자들 사이에서 만족도가 가장 높은 스마트폰은 삼성전자 '갤럭시노트9'라는 조사 결과가 나왔다. 20일 미국 소비자만족지수협회(ACSI,...",2020-05-20 09:36
[개장시황] 코스닥 1년 만에 700선 돌파···코스피는 보합세,/news/news_read.nhn?article_id=0003739987&office_id=011&mode=search&query=삼성전자&page=9,서울경제,"시가총액 상위 종목 중에는 삼성전자(005930)(-0.60%), SK하이닉스(000660)(-0.24%), 삼성바이오로직스(207940)(-0.17%)가 일제히 하락하고...",2020-05-20 09:38
검찰 소환 앞두고… 이재용 출장에 성공 약속한 중국,/news/news_read.nhn?article_id=0001323104&office_id=005&mode=search&query=삼성전자&page=9,국민일보,이재용 삼성전자 부회장이 중국으로부터 '성공'을 약속받았다. 신종 코로나 바이러스 감염증(코로나19) 속에도 아랑곳 않은 이 부회장의 횡보에 중...,2020-05-20 09:39
"[개장] 코스피, 1970선 유지… 코로나19백신 의구심에 보합세",/news/news_read.nhn?article_id=0000544557&office_id=417&mode=search&query=삼성전자&page=9,머니S,"삼성전자(-0.70%), SK하이닉스(-0.12%), 삼성바이오로직스(-0.33%), 삼성전자우(-0.23%), 현대차(-1.11%)는 내림세를...",2020-05-20 09:46
"[fn오전시황]코스피, 개인 '팔자' 외국인·기관 '사자'에 혼조세",/news/news_read.nhn?article_id=0004427788&office_id=014&mode=search&query=삼성전자&page=8,파이낸셜뉴스,"시가총액 상위종목 중에서는 삼성전자(-0.70%), 삼성바이오로직스(-0.17%), LG화학(-0.28%) 등이 하락세다. SK하이닉스(0.12%), 네이버(2.81%),...",2020-05-20 09:48
코스닥 700선 돌파…오전 9시 30분 0.89%↑,/news/news_read.nhn?article_id=0002224012&office_id=123&mode=search&query=삼성전자&page=8,조세일보,"시가총액 1, 2위인 삼성전자와 SK하이닉스는 소폭 하락하고 있다. 삼성전자는 전 거래일보다 350원(0.70%) 하락한 4만9950원에 거래되...",2020-05-20 09:48
갤럭시노트20 디자인 유출…후면 트리플 카메라 '눈길',/news/news_read.nhn?article_id=0009870926&office_id=003&mode=search&query=삼성전자&page=8,뉴시스,올해 하반기 출시 예정인 삼성전자 갤럭시노트20 후면에는 트리플 카메라가 일렬로 배열될 것으로 보인다. 전작인 갤럭시노트10 시리즈와 비슷한 디...,2020-05-20 09:48
"중기부, 상반기 적극행정 우수사례 5건 선정",/news/news_read.nhn?article_id=0004644764&office_id=018&mode=search&query=삼성전자&page=8,이데일리,선정된 사례 외에도 △창업보육센터 및 지역 테크노파크 입주기업의 임대료 감면 △자상한 기업(삼성전자) 전문인력을 활용한 마스크 제조업체의 생산성...,2020-05-20 09:51
"또 추경 정부, 삼전보다 많은 55만개 일자리 ‘약속’",/news/news_read.nhn?article_id=0001323115&office_id=005&mode=search&query=삼성전자&page=8,국민일보,55만개 일자리는 삼성전자 직원 32만671명보다 많고 행정부 국가 공무원 66만9077명보단 약간 적은 숫자다. 앞서 정부는 3월 1차 추경으...,2020-05-20 10:00
"기대작 갤노트20, 온라인 언팩으로 첫 공개!",/news/news_read.nhn?article_id=0001675687&office_id=016&mode=search&query=삼성전자&page=8,헤럴드경제,삼성전자 스마트폰 사상 첫 온라인 언팩(신제품 공개)이 열린다. 삼성전자의 하반기 전략 스마트폰 ‘갤럭시노트20’이 온라인을 통해 처음 공개된다...,2020-05-20 10:05
"므누신·파월, 美경제 투톱의 경고…영구적 경제손상",/news/news_read.nhn?article_id=0000211871&office_id=374&mode=search&query=삼성전자&page=8,SBS CNBC,선전한 삼성전자를 제외하면 순이익이 무려 60%이상 급감했다 Q. 수출에 타격이 본격화되면서 2분기 실적이 더 악화될 것이란 전망이 나옵니다. ...,2020-05-20 10:09
"화학물질 규제로 망한다는 기업과 보수언론, 사실은?",/news/news_read.nhn?article_id=0002270153&office_id=047&mode=search&query=삼성전자&page=8,오마이뉴스,"또한, 최악의 화학 사고인 2012년 구미 휴브글로벌, 2013년 삼성전자 화성공장 불산 누출사고 이후 만들어진 화관법 또한 같은 날 제정되었다...",2020-05-20 10:15
김포공항 직원이 대기업 오너에게 왜 거수경례를?,/news/news_read.nhn?article_id=0003740037&office_id=011&mode=search&query=삼성전자&page=8,서울경제,“보통 목례를 하는게 일반적인데 격식을 차린다는 게 거수경례까지 한 것 같은데요.” 지난 19일 이재용 삼성전자 부회장이 신종 코로나바이러스 감...,2020-05-20 10:19
"기관·외국인, 4년만 최대 순매수…삼성전자 3500억원 담았다",/news/news_read.nhn?article_id=0001675706&office_id=016&mode=search&query=삼성전자&page=8,헤럴드경제,"삼성전자만 3500억원 이상 사들이며 증시를 견인했지만, 아직 추세 전환으로 보기엔 이르다는 지적이 나온다. 한국거래소에 따르면 기관과 외국인....",2020-05-20 10:20
'코로나19 팬데믹' 민간외교관 이재용…美 공장 증설 나설까,/news/news_read.nhn?article_id=0000539150&office_id=031&mode=search&query=삼성전자&page=8,아이뉴스24,이재용 삼성전자 부회장이 코로나19 팬더믹(대유행) 상황에서 중국 산시성 당국자들과 만나 코로나19 대응과 사업협력 방안을 논의하는 등 민간 외...,2020-05-20 10:22
"삼성전자, 글로벌 사회공헌 웹사이트 개설…비전·스토리 소개",/news/news_read.nhn?article_id=0009871170&office_id=003&mode=search&query=삼성전자&page=8,뉴시스,삼성전자가 사회공헌 비전과 국내외 사회공헌 활동을 소개하는 글로벌 웹사이트를 열었다. 20일 삼성전자 뉴스룸에 따르면 삼성전자는 최근 글로벌 사...,2020-05-20 10:30
일본 수출규제 '부메랑'…유력 불화수소업체 순익 18％↓,/news/news_read.nhn?article_id=0011620656&office_id=001&mode=search&query=삼성전자&page=8,연합뉴스,삼성전자의 경우 반도체으 안정적 생산을 유지하기 위해 일부 공정에서 한국 내 조달이 가능한 저순도 불화수소를 쓰기로 했다고 닛케이는 설명했다. ...,2020-05-20 10:33
코스피 1980선 공방…코스닥 11개월만에 700선 돌파,/news/news_read.nhn?article_id=0004647672&office_id=421&mode=search&query=삼성전자&page=8,뉴스1,"네이버(2.81%), 카카오(2.50%), 셀트리온(0.94%), 삼성SDI(0.94%) 등은 상승하고 있는 반면 현대차(-2.32%), 삼성전...",2020-05-20 10:34
경영평가 '최우수' 기업에 삼성전자…KT&G·셀트리온 2~3위,/news/news_read.nhn?article_id=0002883566&office_id=030&mode=search&query=삼성전자&page=8,전자신문,국내 기업 중 경영이 가장 뛰어난 기업이 삼성전자라는 평가가 나왔다. 20일 기업평가사이트 CEO스코어(대표 박주근)가 지난해 기준 국내 매출액...,2020-05-20 10:39
"[5스타 오전 장 투자전략] 700선 회복한 코스닥, 상승세 지속될까?",/news/news_read.nhn?article_id=0000211873&office_id=374&mode=search&query=삼성전자&page=8,SBS CNBC,"장기화 경고 - 전일 외국인, 코스피 매수 ◇ 오늘장 투자전략 - 각국 양적완화 정책 시행 - 코스피, 조정시 매수 전략 - 삼성전자·반도체주 ...",2020-05-20 10:39
"유니퀘스트 자회사, KT파워텔과 AI 모빌리티 사업 업무협약 체결",/news/news_read.nhn?article_id=0004644820&office_id=018&mode=search&query=삼성전자&page=8,이데일리,지난 5월 이스라엘 AI 기반 차량 안전주행 솔루션 스타트업 기업인 넥사(Nexar)가 진행한 5200만 달러(약 634억원) 규모의 자금조달에...,2020-05-20 10:41
5G폰 비켜! …LTE폰의 반격,/news/news_read.nhn?article_id=0001675753&office_id=016&mode=search&query=삼성전자&page=8,헤럴드경제,삼성전자가 갤럭시노트9 LTE모델 재판매를 시작했다. 6GB램·128GB 단일 모델을 15만대 가량 신규 생산해 판매한다. 출고가는 79만 97...,2020-05-20 10:42
"닛케이 ""韓수출규제로 脫일본 가속…日기업에 부메랑""",/news/news_read.nhn?article_id=0004644832&office_id=018&mode=search&query=삼성전자&page=8,이데일리,"반도체라는 것은 아주 미세한 차이로 수율이 달라지는 섬세한 제품인 만큼 한국기업은 품질이 보장되는 일본제품을 선호했고, 일본 반도체소재 회사들은...",2020-05-20 10:43
SK하이닉스 집중근무시간 폐지 검토…주 4일 근무 확산되나,/news/news_read.nhn?article_id=0001675758&office_id=016&mode=search&query=삼성전자&page=8,헤럴드경제,삼성전자가 최근 주 4일 근무를 허용하고 있지만 이는 코로나19 장기화로 육아부담을 느끼는 직원들을 위해 4월과 5월 두 달간 한시적으로만 시행하고 있다....,2020-05-20 10:47
"제일기획, '니베아' 소유한 바이어스도르프 광고 맡는다",/news/news_read.nhn?article_id=0003361872&office_id=079&mode=search&query=삼성전자&page=7,노컷뉴스,"실제로 제일기획은 중남미 시장에서 삼성전자를 비롯해 에픽게임즈, 닛산 크레딧, 오피스디포 등 다양한 광고주의 디지털 마케팅 캠페인, 소셜미디어 ...",2020-05-20 10:48
국내 최우수 경영 기업은 삼성전자...KT&G·셀트리온 2·3위,/news/news_read.nhn?article_id=0002402633&office_id=119&mode=search&query=삼성전자&page=7,데일리안,삼성전자가 국내 기업들 중 경영이 가장 우수한 기업이라는 평가가 나왔다. 삼성전자는 20일 기업평가사이트 CEO스코어(대표 박주근)가 지난해 기...,2020-05-20 10:49
쉽고 빠른 ‘퀀텀인증’ 나온다…차세대 양자보안株 부각,/news/news_read.nhn?article_id=0004427909&office_id=014&mode=search&query=삼성전자&page=7,파이낸셜뉴스,오는 22일 SK텔레콤과 삼성전자는 QRNG 칩셋이 탑재된 양자보안 스마트폰 갤럭시A 퀀텀을 출시한다. 일반 이용자(B2C)도 양자보안 기술을 ...,2020-05-20 10:59
"삼성전자, 비스포크 냉장고에 '패밀리허브' 적용",/news/news_read.nhn?article_id=0004647791&office_id=421&mode=search&query=삼성전자&page=7,뉴스1,= 삼성전자는 20일 사물인터넷(IoT)과 인공지능(AI) 기술을 접목한 '패밀리허브'(Family Hub) 기능이 적용된 '비스포크'(BESP...,2020-05-20 11:00
"삼성전자, 비스포크 냉장고에도 '패밀리허브' 적용",/news/news_read.nhn?article_id=0011620928&office_id=001&mode=search&query=삼성전자&page=7,연합뉴스,"냉장고 속 식재료 자동인식 기술 탑재, 13가지 색상 취향따라 조합 삼성전자가 '패밀리허브(Family Hub)'가 적용된 비스포크(BESPOK...",2020-05-20 11:00
삼성 비스포크 냉장고에도 '패밀리허브' 기능,/news/news_read.nhn?article_id=0004411749&office_id=008&mode=search&query=삼성전자&page=7,머니투데이,삼성전자가 '패밀리허브'가 적용된 비스포크 냉장고를 출시한다고 20일 밝혔다. 패밀리허브는 삼성전자가 2016년 업계 최초로 사물인터넷(IoT)...,2020-05-20 11:00
"삼성전자, '패밀리허브' 적용한 비스포크 냉장고 출시",/news/news_read.nhn?article_id=0011620923&office_id=001&mode=search&query=삼성전자&page=7,연합뉴스,삼성전자가 '패밀리허브'가 적용된 비스포크 냉장고를 오는 21일 출시한다고 20일 밝혔다. 사진은 삼성전자 모델들이 수원 삼성전자 디지털시티.....,2020-05-20 11:00
"유명희 본부장 ""경제민족주의 부상…핵심 국가·권역별 맞춤형 협력""",/news/news_read.nhn?article_id=0004647788&office_id=421&mode=search&query=삼성전자&page=7,뉴스1,"이 자리에는 삼성전자, 현대자동차, LG 디스플레이, SK 이노베이션, 포스코 등과 대한상의, 무역협회, 코트라(KOTRA) 등이 참석했다. 유...",2020-05-20 11:00
이것이 '패밀리허브 적용 비스포크 냉장고',/news/news_read.nhn?article_id=0004647790&office_id=421&mode=search&query=삼성전자&page=7,뉴스1,= 삼성전자는 20일 사물인터넷(IoT)과 인공지능(AI) 기술을 접목한 '패밀리허브'(Family Hub) 기능이 적용된 '비스포크'(BESP...,2020-05-20 11:00
"삼성전자, 비스포크 냉장고에 '패밀리허브' 적용…21일 출시",/news/news_read.nhn?article_id=0004647783&office_id=421&mode=search&query=삼성전자&page=7,뉴스1,삼성전자는 20일 사물인터넷(IoT)과 인공지능(AI) 기술을 접목한 '패밀리허브'(Family Hub) 기능이 적용된 '비스포크'(BESPOK...,2020-05-20 11:00
"삼성전자, '패밀리허브' 적용한 비스포크 냉장고 출시",/news/news_read.nhn?article_id=0011620924&office_id=001&mode=search&query=삼성전자&page=7,연합뉴스,삼성전자가 '패밀리허브'가 적용된 비스포크 냉장고를 오는 21일 출시한다고 20일 밝혔다. 사진은 삼성전자 모델들이 수원 삼성전자 디지털시티.....,2020-05-20 11:00
"삼성전자, 패밀리허브 적용한 비스포크 냉장고 출시",/news/news_read.nhn?article_id=0004681904&office_id=277&mode=search&query=삼성전자&page=7,아시아경제,삼성전자가 ‘패밀리허브(Family Hub)’가 적용된 '비스포크(BESPOKE)' 냉장고를 21일 출시한다. 삼성전자는 맞춤형 디자인에 똑똑함...,2020-05-20 11:00
"유명희 ""코로나로 경제 민족주의 부상…중견국과 공조해 대응""",/news/news_read.nhn?article_id=0011620925&office_id=001&mode=search&query=삼성전자&page=7,연합뉴스,"연내 첫 성과를 도출하겠다는 계획도 밝혔다. 간담회에는 삼성전자, 현대차, LG디스플레이, SK이노베이션, 포스코 등 대기업과 대한상의, 무역협...",2020-05-20 11:00
"삼성전자, ‘패밀리허브’ 적용한 비스포크 냉장고 출시",/news/news_read.nhn?article_id=0004647792&office_id=421&mode=search&query=삼성전자&page=7,뉴스1,= 삼성전자는 20일 사물인터넷(IoT)과 인공지능(AI) 기술을 접목한 '패밀리허브'(Family Hub) 기능이 적용된 '비스포크'(BESP...,2020-05-20 11:00
"삼성전자, '패밀리허브' 적용한 비스포크 냉장고 출시",/news/news_read.nhn?article_id=0011620926&office_id=001&mode=search&query=삼성전자&page=7,연합뉴스,삼성전자가 '패밀리허브'가 적용된 비스포크 냉장고를 오는 21일 출시한다고 20일 밝혔다. 사진은 삼성전자 모델들이 수원 삼성전자 디지털시티.....,2020-05-20 11:00
"삼성, 비스포크에 '패밀리허브' 적용…""내부 식재료 인식""",/news/news_read.nhn?article_id=0000872174&office_id=215&mode=search&query=삼성전자&page=7,한국경제TV,삼성전자가 '패밀리허브'가 적용된 비스포크(BESPOKE) 냉장고를 21일 출시한다고 밝혔다. 패밀리허브는 삼성전자가 2016년 업계 최초로 사...,2020-05-20 11:00
"유명희 ""미·중 갈등 '신냉전'…업계와 국익 극대화 협의""",/news/news_read.nhn?article_id=0009871325&office_id=003&mode=search&query=삼성전자&page=7,뉴시스,"이날 간담회에는 삼성전자, 현대차, LG디스플레이, SK이노베이션, 포스코 등 글로벌 협력 담당 임원이 참석해 기업 시각에서 신종 코로나바이러스...",2020-05-20 11:00
삼성전자 '패밀리허브' 적용한 비스포크 냉장고 출시,/news/news_read.nhn?article_id=0009871320&office_id=003&mode=search&query=삼성전자&page=7,뉴시스,삼성전자가 ‘패밀리허브(Family Hub)’가 적용된 비스포크(BESPOKE) 냉장고를 21일 출시한다. 패밀리허브는 삼성전자가 2016년 업...,2020-05-20 11:00
"""'경제민족주의' 시대…한국이 중견국 통상공조 이끈다""",/news/news_read.nhn?article_id=0004681907&office_id=277&mode=search&query=삼성전자&page=7,아시아경제,"인사와 삼성전자, 현대차, LG디스플레이, SK이노베이션, 포스코(POSCO) 등의 기업인, 대한상공회의소, 한국무역협회, KOTRA 등 유관기...",2020-05-20 11:00
패밀리허브 적용된 '비스포크 냉장고'를 소개합니다!,/news/news_read.nhn?article_id=0004647789&office_id=421&mode=search&query=삼성전자&page=7,뉴스1,= 삼성전자는 20일 사물인터넷(IoT)과 인공지능(AI) 기술을 접목한 '패밀리허브'(Family Hub) 기능이 적용된 '비스포크'(BESP...,2020-05-20 11:00
"삼성전자, ‘패밀리허브’ 적용한 비스포크 냉장고 출시",/news/news_read.nhn?article_id=0002402649&office_id=119&mode=search&query=삼성전자&page=6,데일리안,삼성전자는 ‘패밀리허브(Family Hub)’가 적용된 비스포크(BESPOKE) 냉장고를 21일 출시한다. 패밀리허브는 삼성전자가 지난 2016...,2020-05-20 11:00
"유명희 통상본부장 ""포스트코로나 신통상전략 마련""",/news/news_read.nhn?article_id=0004427915&office_id=014&mode=search&query=삼성전자&page=6,파이낸셜뉴스,"대한상의, 무역협회, 코트라 및 삼성전자, 현대차, LG디스플레이, SK이노베이션, 포스코 등 대기업 관계자들이 참석했다. 유 본부장은 포스트코...",2020-05-20 11:01
"삼성전자, '패밀리허브' 비스포크 냉장고 출시…409만원부터",/news/news_read.nhn?article_id=0000539178&office_id=031&mode=search&query=삼성전자&page=6,아이뉴스24,삼성전자는 '패밀리허브'가 적용된 비스포크 냉장고를 오는 21일 출시한다고 20일 밝혔다. 패밀리허브는 삼성전자가 2016년 업계 최초로 사물인...,2020-05-20 11:01
"삼성전자, ‘패밀리허브’ 적용한 비스포크 냉장고 출시",/news/news_read.nhn?article_id=0004644871&office_id=018&mode=search&query=삼성전자&page=6,이데일리,삼성전자는 ‘패밀리허브(Family Hub)’가 적용된 비스포크(BESPOKE) 냉장고를 출시한다고 20일 밝혔다. 패밀리허브는 삼성전자(005...,2020-05-20 11:01
"""나만의 냉장고, 내 식단관리까지..."" 삼성, 한층 똑똑해진 비스포크 출시",/news/news_read.nhn?article_id=0004427916&office_id=014&mode=search&query=삼성전자&page=6,파이낸셜뉴스,"""나만을 위해 디자인된 냉장고가 맞춤형 요리 선정까지 해준다."" 삼성전자가 맞춤형 냉장고 비스포크(BESPOKE)에 식단 관리 기능이 담긴 '패...",2020-05-20 11:01
미국서 가장 만족도 높은 스마트폰은 삼성 '갤럭시노트9',/news/news_read.nhn?article_id=0004344055&office_id=015&mode=search&query=삼성전자&page=6,한국경제,미국 소비자들 사이에서 만족도가 가장 높은 단말기 1위는 2018년 출시된 삼성전자 갤럭시노트9인 것으로 나타났다. 20일 미국 소비자만족도지수...,2020-05-20 11:01
유명희 본부장 중견국 공조로 포스트 코로나 글로벌 무역질서 마련,/news/news_read.nhn?article_id=0004644880&office_id=018&mode=search&query=삼성전자&page=6,이데일리,"삼성전자와 현대차, LG디스플레이, SK이노베이션, 포스코 등 주요 기업 글로벌협력 담당 임원과 관계기관이 함께 했다. 유 본부장은 모두발언에서...",2020-05-20 11:02
"삼성전자, `패밀리허브` 적용 비스포크 냉장고 출시",/news/news_read.nhn?article_id=0004578532&office_id=009&mode=search&query=삼성전자&page=6,매일경제,삼성전자는 20일 '패밀리허브(Family Hub)'가 적용된 비스포크(BESPOKE) 냉장고를 21일 출시한다고 밝혔다. 패밀리허브는 삼성전자...,2020-05-20 11:02
"""포스트코로나=각자도생의 시대""…통상전략 새로 짠다",/news/news_read.nhn?article_id=0004411759&office_id=008&mode=search&query=삼성전자&page=6,머니투데이,△삼성전자 △현대차 △LG디스플레이 △SK이노베이션 △포스코(POSCO) 글로벌협력 담당 임원과 △대한상공회의소 △한국무역협회 △KOTRA(대한...,2020-05-20 11:03
냉장고 속 식품 인식…삼성전자 ‘패밀리허브’ 적용 비스포크 냉장고 출시,/news/news_read.nhn?article_id=0001675773&office_id=016&mode=search&query=삼성전자&page=6,헤럴드경제,삼성전자가 ‘패밀리허브(Family Hub)’가 적용된 비스포크(BESPOKE) 냉장고를 21일 출시한다. 패밀리허브는 삼성전자가 2016년 업...,2020-05-20 11:03
'비스포크 냉장고에도 패밀리허브 적용되요',/news/news_read.nhn?article_id=0009871388&office_id=003&mode=search&query=삼성전자&page=6,뉴시스,삼성전자는 오는 21일 패밀리허브가 적용된 비스포크 냉장고를 출시한다고 20일 밝혔다. 패밀리허브는 삼성전자가 2016년 업계 최초로 사물인터넷...,2020-05-20 11:08
패밀리허브 적용한 비스포크 냉장고 출시,/news/news_read.nhn?article_id=0009871391&office_id=003&mode=search&query=삼성전자&page=6,뉴시스,삼성전자는 오는 21일 패밀리허브가 적용된 비스포크 냉장고를 출시한다고 20일 밝혔다. 패밀리허브는 삼성전자가 2016년 업계 최초로 사물인터넷...,2020-05-20 11:08
패밀리허브 적용한 비스포크 냉장고 출시,/news/news_read.nhn?article_id=0009871390&office_id=003&mode=search&query=삼성전자&page=6,뉴시스,삼성전자는 오는 21일 패밀리허브가 적용된 비스포크 냉장고를 출시한다고 20일 밝혔다. 패밀리허브는 삼성전자가 2016년 업계 최초로 사물인터넷...,2020-05-20 11:08
'비스포크 냉장고에도 패밀리허브 적용되요',/news/news_read.nhn?article_id=0009871389&office_id=003&mode=search&query=삼성전자&page=6,뉴시스,삼성전자는 오는 21일 패밀리허브가 적용된 비스포크 냉장고를 출시한다고 20일 밝혔다. 패밀리허브는 삼성전자가 2016년 업계 최초로 사물인터넷...,2020-05-20 11:08
"돌아온 외국인, 현대·기아차 주식 사들인 이유는?",/news/news_read.nhn?article_id=0004644888&office_id=018&mode=search&query=삼성전자&page=6,이데일리,"삼성전자(005930)·SK하이닉스(000660) 등 반도체주, 현대차(005380)·기아차(000270) 등 자동차주, 카카오(035720)·...",2020-05-20 11:11
"삼성전자, `패밀리허브` 적용한 비스포크 냉장고 출시…""혁신적 기능 추가""",/news/news_read.nhn?article_id=0002599213&office_id=029&mode=search&query=삼성전자&page=6,디지털타임스,삼성전자가 '패밀리허브(Family Hub)'가 적용된 비스포크(BESPOKE) 냉장고를 오는 21일 출시한다. 20일 삼성전자에 따르면 패밀리...,2020-05-20 11:11
"코스피, 경기부양책 기대감에 강보합 전환",/news/news_read.nhn?article_id=0004644901&office_id=018&mode=search&query=삼성전자&page=6,이데일리,"SK하이닉스(000660), 네이버(035420), 삼성전자우(005935), 셀트리온(068270), LG화학(051910) 등은 상승 중이다. 반면 대장주인 삼성전자(...",2020-05-20 11:17
드디어 외국인 돌아오나…기관과 쌍끌이에 삼성전자 기대감 쑥쑥,/news/news_read.nhn?article_id=0004681955&office_id=277&mode=search&query=삼성전자&page=6,아시아경제,코스피와 함께 삼성전자도 이틀 연속 순매수하면서 외국인 귀환에 대한 기대감을 키웠다. 20일 한국거래소에 따르면 외국인과 기관은 전일 코스피에서...,2020-05-20 11:18
<안전경영이 기업 경쟁력이다>‘무재해 인센티브’ 캠페인 도입… 자율관리로 사고 7...,/news/news_read.nhn?article_id=0002428463&office_id=021&mode=search&query=삼성전자&page=6,문화일보,"앞으로도 사내외 방역에 최선을 다할 예정”이라고 말했다. 곽선미 기자 gsm@munhwa.com ／ 제작후원／ 삼성전자, 현대자동차그룹, SK,...",2020-05-20 11:21
<안전경영이 기업 경쟁력이다>기내 소독·좌석 거리두기… 하늘서도 코로나 감염 원천...,/news/news_read.nhn?article_id=0002428464&office_id=021&mode=search&query=삼성전자&page=6,문화일보,"해외 긴급 구호 활동에 적극적으로 동참한다는 방침이다. 정유진 기자 yoojin@munhwa.com ／ 제작후원／ 삼성전자, 현대자동차그룹, S...",2020-05-20 11:21
[포착] 마스크·장갑에 노타이…이재용의 ‘코로나 검사’ 공항패션,/news/news_read.nhn?article_id=0001323159&office_id=005&mode=search&query=삼성전자&page=5,국민일보,중국 출장을 마치고 돌아온 이재용 삼성전자 부회장이 신종 코로나바이러스 감염증(코로나19) 음성 판정을 받아 20일부터 업무 복귀가 가능해졌다....,2020-05-20 11:22
기관·外人 4년만에 최대 순매수…삼성전자 3500억 담아,/news/news_read.nhn?article_id=0001675814&office_id=016&mode=search&query=삼성전자&page=5,헤럴드경제,"삼성전자만 3500억원 이상 사들이며 증시를 견인했지만, 아직 추세 전환으로 보기엔 이르다는 지적이 나온다. 한국거래소에 따르면 기관과 외국인 ...",2020-05-20 11:23
"삼성전자, IoT·AI 기반 ‘패밀리허브’ 비스포크 냉장고 출시",/news/news_read.nhn?article_id=0000544644&office_id=417&mode=search&query=삼성전자&page=5,머니S,삼성전자는 ‘패밀리허브’가 적용된 비스포크 냉장고를 21일 출시한다고 20일 밝혔다. 패밀리허브는 삼성전자가 2016년 업계 최초로 사물인터넷(...,2020-05-20 11:25
"[데스크칼럼] 코로나19 지원, 미래를 내다보자",/news/news_read.nhn?article_id=0001675825&office_id=016&mode=search&query=삼성전자&page=5,헤럴드경제,"개인들이 믿고 샀던 삼성전자나 SK하이닉스 등 기존의 간판주들의 반등은 상대적으로 미약했다. 대신 삼성바이오, 네이버, LG생활건강, 카카오, ...",2020-05-20 11:27
경영평가 최우수 ‘삼성전자’ 일년새 두 계단 상승...SK이노·한미약품·강원랜드는...,/news/news_read.nhn?article_id=0001323167&office_id=005&mode=search&query=삼성전자&page=5,국민일보,삼성전자가 국내 500대 기업 경영평가 결과 종합평가 1위에 올랐다. 지난해 3위에서 두 계단 상승했다. 반면 지난해 10위권에 자리했던 SK이...,2020-05-20 11:31
"日닛케이 ""한국, 脫일본 기업 서둘러…日업체 실적에 영향""",/news/news_read.nhn?article_id=0009871551&office_id=003&mode=search&query=삼성전자&page=5,뉴시스,삼성전자도 반도체의 안정 생산 유지를 위해 생산 공정 일부를 국내 공급이 가능한 저순도 불화수소로 바꾸었다고 신문은 전했다. 한국 반도체산업협회...,2020-05-20 11:34
"유명희 포스트 코로나 경제 민족주의 부상…중견국과 공조 대응""",/news/news_read.nhn?article_id=0001675850&office_id=016&mode=search&query=삼성전자&page=5,헤럴드경제,"간담회에는 삼성전자, 현대차, LG디스플레이, SK이노베이션, 포스코 등 대기업과 대한상의, 무역협회, 코트라 등이 참석했다. 유 본부장은 ""국...",2020-05-20 11:34
경영평가 최우수 기업에 삼성전자 선정…KT&G·셀트리온 2~3위,/news/news_read.nhn?article_id=0002599223&office_id=029&mode=search&query=삼성전자&page=5,디지털타임스,삼성전자가 국내 500대 기업 중 경영이 가장 우수한 기업이라는 평가가 나왔다. 20일 기업평가사이트 CEO스코어가 지난해 기준 국내 매출액 상...,2020-05-20 11:34
'최우수 경영' 1위에 삼성전자 선정…2·3위 KT&G·셀트리온,/news/news_read.nhn?article_id=0004344105&office_id=015&mode=search&query=삼성전자&page=5,한국경제,"삼성전자가 국내 500대 기업 중 글로벌 경쟁력을 비롯해 고속성장, 투자, 건실경영 등 경영부문에서 좋은 평가를 받아 경영평가 최우수 기업에 선...",2020-05-20 11:40
냉장고 속 식품 인식…삼성전자 ‘비스포크 냉장고’ 출시,/news/news_read.nhn?article_id=0001675873&office_id=016&mode=search&query=삼성전자&page=5,헤럴드경제,삼성전자가 ‘패밀리허브(Family Hub)’가 적용된 비스포크(BESPOKE) 냉장고를 21일 출시한다. 패밀리허브는 삼성전자가 2016년 업...,2020-05-20 11:40
SK하이닉스 집중근무시간 폐지 검토…재계 근로시간 대전환 맞나,/news/news_read.nhn?article_id=0001675881&office_id=016&mode=search&query=삼성전자&page=5,헤럴드경제,삼성전자가 최근 주 4일 근무를 허용하고 있지만 이는 코로나19 장기화로 육아 부담을 느끼는 직원들을 위해 4월과 5월 두 달간 한시적으로만 시...,2020-05-20 11:45
[TF시황] 코스닥 견조한 오름세…오전 중 700선 돌파,/news/news_read.nhn?article_id=0000026417&office_id=629&mode=search&query=삼성전자&page=5,더팩트,"시가총액 상위종목은 삼성전자(-0.40%), 삼성바이오로직스(-0.33%)가 하락 중이다. 반면 SK하이닉스(+0.85%), 네이버(+3.75%...",2020-05-20 11:50
삼성 갤노트 20플러스 전면 '1억 화소 카메라' 탑재 전망,/news/news_read.nhn?article_id=0003570424&office_id=076&mode=search&query=삼성전자&page=5,스포츠조선,삼성전자의 갤럭시노트(갤노트) 차기작에 1억 화소 카메라가 탑재될 수 있다는 전망이 나왔다. 카메라는 삼성전자가 그동안 신제품 출시마다 경쟁력으로 강조해온...,2020-05-20 12:06
"中 출장 다녀온 이재용, 코로나 음성판정 받고 경영복귀",/news/news_read.nhn?article_id=0000211890&office_id=374&mode=search&query=삼성전자&page=5,SBS CNBC,지난 일요일 중국으로 출국했던 이재용 삼성전자 부회장이 어제 오후 귀국했습니다. 이 내용은 정인아 기자 연결해서 알아보겠습니다. 이재용 부회장이...,2020-05-20 12:07
[피플&데이터] 3차례 코로나 검사 마다않고 다녀온 中출장…이재용 ‘뉴삼성’ 향한...,/news/news_read.nhn?article_id=0001675916&office_id=016&mode=search&query=삼성전자&page=5,헤럴드경제,경기도 김포시 마리나베이 호텔 앞에 이재용 삼성전자 부회장이 모습을 드러냈다. 2박3일간의 중국출장 후 신종 코로나바이러스 감염증(코로나19) ...,2020-05-20 12:43
그렇게 팔던 외국인이 순매수 전환? 키워드는 회복·반사익·환율,/news/news_read.nhn?article_id=0004644969&office_id=018&mode=search&query=삼성전자&page=5,이데일리,"이머징마켓 반등 베팅, 삼성전자(005930) 반사이익, 원달러 환율 안정 확인 등이 키워드다. 매일 아침 7시 이데일리TV 굿머니 5월20일 ...",2020-05-20 13:07
"삼성전자, 외국인 10만 6604주 순매도… 주가 -0.7%",/news/news_read.nhn?article_id=0004682066&office_id=277&mode=search&query=삼성전자&page=5,아시아경제,삼성전자는 20일 오후 12시 32분 현재 전일보다 0.7% 내린 4만 9950원에 거래되고 있다. 이는 지난 5월 15일 대비 4.39% 상승...,2020-05-20 13:10
[이데일리ON 배현철] 2020년도 한국주식시장 하반기 전망,/news/news_read.nhn?article_id=0004644972&office_id=018&mode=search&query=삼성전자&page=5,이데일리,"돌이켜보면, 2008년 금융위기가 발생하면서 주가 하락하였을 때, 우리나라 업종대표종목 삼성전자(005930), 삼성전기(009150), 삼성물...",2020-05-20 13:21
"삼성디스플레이, 코로나19에 디스플레이 추가투자 ‘속도조절’한다",/news/news_read.nhn?article_id=0003002214&office_id=025&mode=search&query=삼성전자&page=5,중앙일보,"다만, 이재용 삼성전자 부회장이 QD 디스플레이 투자계획을 발표하고 한달 뒤인 지난해 11월부터 2단계 사업 부지에서도 공사가 재개됐다. 부품 ...",2020-05-20 13:43
"역풍 맞은 아베…""수출 규제에 日 기업만 당했다""",/news/news_read.nhn?article_id=0000872208&office_id=215&mode=search&query=삼성전자&page=5,한국경제TV,"LG디스플레이는 지난해 11월부터 스텔라케미파의 불화수소 대신 한국 솔브레인 제품을 쓰고 있고, 삼성전자도 불화수소 일부를 국내에서 조달하고 있...",2020-05-20 13:48
냉장고가 식재료 유통기한 알려주고 식단 제안,/news/news_read.nhn?article_id=0003740210&office_id=011&mode=search&query=삼성전자&page=4,서울경제,삼성전자(005930)는 사물인터넷(IoT)과 인공지능(AI) 기반의 정보 제공 서비스인 ‘패밀리허브’가 적용된 ‘비스포크’ 냉장고를 출시한다고...,2020-05-20 13:50
"[fn오후시황]코스피, 기관 매수세에 힘입어 상승 반전",/news/news_read.nhn?article_id=0004428068&office_id=014&mode=search&query=삼성전자&page=4,파이낸셜뉴스,"시가총액 상위종목 중에서는 삼성전자(-0.70%), 삼성바이오로직스(-0.33%) 등이 부진하다. SK하이닉스(1.57%), 네이버(3.28%), 셀트리온(1.64%)는 ...",2020-05-20 13:57
"[특징주]레이크머티, 반도체전쟁 삼성전자 해법 수혜…원료물질 공급물량 급증",/news/news_read.nhn?article_id=0004682129&office_id=277&mode=search&query=삼성전자&page=4,아시아경제,"박찬솔 SK증권 연구원은 ""레이크머티리얼즈는 LED 소재와 고효율 태양전지용 TMA 소재 글로벌 점유율 1위로 추정된다""며 ""주요 매출원인 LED 소재의 경우 삼성전자.....",2020-05-20 13:59
"""연봉 3배에 아파트까지"" 中 유혹에 넘어갔던 김부장 1년만에…",/news/news_read.nhn?article_id=0004411886&office_id=008&mode=search&query=삼성전자&page=4,머니투데이,"중국업체들이 노리는 한국 인력은 삼성전자, SK하이닉스, LG디스플레이, 삼성디스플레이, LG화학, SK이노베이션 등에서 10년 이상 근무한 경...",2020-05-20 14:00
코스피 상장 592곳 순익 반토막… 2분기 실적은 더 악화될 가능성,/news/news_read.nhn?article_id=0002428551&office_id=021&mode=search&query=삼성전자&page=4,문화일보,"삼성전자를 제외하면 상황은 더욱 처참하다. 삼성전자를 제외한 1분기 코스피 상장사들의 영업이익과 순이익은 각각 13조299억 원, 6조1487억 원으로 전년 동기 대비.....",2020-05-20 14:11
삼성 ‘패밀리 허브’ 비스포크 냉장고 출시,/news/news_read.nhn?article_id=0002428541&office_id=021&mode=search&query=삼성전자&page=4,문화일보,4도어에 13가지 색 조합 가능 삼성전자가 ‘패밀리허브’를 적용한 ‘비스포크(BESPOKE)냉장고’(사진)를 20일 출시했다. 패밀리허브는 삼성...,2020-05-20 14:11
"무선이어폰 年 20% 高성장… LG, 국내시장 재도전",/news/news_read.nhn?article_id=0002428547&office_id=021&mode=search&query=삼성전자&page=4,문화일보,"삼성전자·애플 등이 스마트폰에 이어폰을 꽂는 구멍을 없애면서 무선 이어폰 시장을 빠르게 키운 가운데 LG전자, 아마존, 구글, 마이크로소프트 등...",2020-05-20 14:11
삼성전자 ‘경영평가 최우수 기업’에,/news/news_read.nhn?article_id=0002428544&office_id=021&mode=search&query=삼성전자&page=4,문화일보,"CEO스코어, 500개社 평가 글로벌경쟁력·고용창출 우수 국내 500대 기업 중 삼성전자가 경영평가 최우수 기업에 이름을 올렸다. 20일 기업평가사이트 CEO스코어에......",2020-05-20 14:11
"[특징주] 엠씨넥스, 8%↑ 상승… 카메라 모듈 수요 늘어",/news/news_read.nhn?article_id=0000544739&office_id=417&mode=search&query=삼성전자&page=4,머니S,엠씨넥스는 주요 고객사인 삼성전자가 스마트폰 갤럭시 S20을 출시하면서 모바일 카메라 모듈 수주 규모가 크게 늘어 실적으로 이어졌다. 엠씨넥스의...,2020-05-20 14:14
"삼성전자, '패밀리허브' 적용 비스포크 냉장고 선보여",/news/news_read.nhn?article_id=0003570508&office_id=076&mode=search&query=삼성전자&page=4,스포츠조선,삼성전자가 '패밀리허브(Family Hub)'가 적용된 비스포크(BESPOKE) 냉장고를 21일 출시한다. 패밀리허브는 삼성전자가 2016년 업...,2020-05-20 14:16
사람 뺏기면 기술도 뺏긴다…우수 인력 설 땅을 넓혀라,/news/news_read.nhn?article_id=0004411908&office_id=008&mode=search&query=삼성전자&page=4,머니투데이,"(下)] ━ 中 ""D램 개발"" 자신감…알고보니 삼성 인력 빼내기 ━ '삼성전자·SK하이닉스에서 10년 이상 반도체 엔지니어로 근무한 경험자' 중...",2020-05-20 14:30
"삼성, 美가전공장 물량 회복 속도…구인 공고에 ""60일 근속 시 보너스""",/news/news_read.nhn?article_id=0009872165&office_id=003&mode=search&query=삼성전자&page=4,뉴시스,삼성전자가 신종 코로나바이러스 감염증(코로나19) 사태로 셧다운 기간을 거친 미국 가전공장의 인력을 확대하고 생산 물량 회복에 속도를 낼 전망이...,2020-05-20 14:40
코로나 여파에도 'IFA 2020' 9월 열린다,/news/news_read.nhn?article_id=0004428123&office_id=014&mode=search&query=삼성전자&page=4,파이낸셜뉴스,"행사가 대폭 축소됐지만 코로나19 팬데믹(세계적 대유행)으로 현지 마케팅과 영업에 큰 차질을 빚은 삼성전자와 LG전자 등 국내 기업을 비롯해 화웨이, 샤오미...",2020-05-20 14:42
"삼성전자, ‘패밀리허브’ 갖춘 비스포크 냉장고 출시",/news/news_read.nhn?article_id=0004344255&office_id=015&mode=search&query=삼성전자&page=4,한국경제,삼성전자가 ‘패밀리허브’ 기능을 갖춘 비스포크 냉장고를 21일 출시한다. 패밀리허브는 삼성전자가 2016년 선보인 냉장고 스마트 기능이다. 냉장...,2020-05-20 14:43
"포스코, 윤리적 광물구매 강화...'책임 있는 광물 구매 연합' 가입",/news/news_read.nhn?article_id=0004428137&office_id=014&mode=search&query=삼성전자&page=4,파이낸셜뉴스,"지난 2008년 설립돼 현재 애플, 테슬라, 삼성전자 등 자동차사 및 정보기술(IT) 기업 380여곳이 가입돼 있다. 그동안 RMI는 콩고민주공화국, 중앙아프리카공화국 등...",2020-05-20 14:52
"LG전자 구미 TV 생산라인 일부, 인도네시아로 옮긴다",/news/news_read.nhn?article_id=0003010094&office_id=032&mode=search&query=삼성전자&page=4,경향신문,삼성전자도 2018년 6월 유일하게 국내에서 TV를 생산하던 수원공장의 라인을 베트남으로 옮겼다. 한편 업계는 해외 공장을 국내로 이전하는 정부...,2020-05-20 14:53
"""하반기 폴더블 살아난다""…삼성디스플레이에 쏠린 시선",/news/news_read.nhn?article_id=0000539233&office_id=031&mode=search&query=삼성전자&page=4,아이뉴스24,"삼성전자와 화웨이 등의 제조업체가 폴더블폰 출시를 예고하고 있어서다. 샤오미, 오포, 비보 등도 폴더블폰을 준비하고 있는 것으로 전해졌다. 폴더...",2020-05-20 14:58
"동탄 오피스텔 지고 동탄 지식산업센터 뜬다, '동탄 코너원 스마트타워' 주목",/news/news_read.nhn?article_id=0000872245&office_id=215&mode=search&query=삼성전자&page=4,한국경제TV,"삼성전자를 비롯한 두산중공업, 한국쓰리엠 등 글로벌 기업도 자리해 지역 산업에 활력을 불어넣고 있다. 대규모 유통시설도 마련되고 있다. 기흥 I...",2020-05-20 15:03
옷 먼지·냄새 제거부터 속성 건조까지… ‘4단계 관리’로 의류 청정기 시장 돌풍,/news/news_read.nhn?article_id=0002428589&office_id=021&mode=search&query=삼성전자&page=4,문화일보,20일 산업계에 따르면 최근 들어 의류관리기에 대한 소비자 관심이 높아지면서 삼성전자와 LG전자 등 대기업은 물론이고 코웨이까지 의류관리기 시장...,2020-05-20 15:11
"[특징주]램테크, 미국 반도체 자급화 정책 수혜 기대…액체 불화수소 국산화 공급중",/news/news_read.nhn?article_id=0004682230&office_id=277&mode=search&query=삼성전자&page=4,아시아경제,삼성전자가 미중 무역분쟁 긴장감 속에서 트럼프 행정부의 요구에 부응할 미국 투자 확대 등의 전략적 결정을 내놓을 것이라는 기대감도 작용한 것으로 보인다. 20일...,2020-05-20 15:14
"""삼성 갤럭시노트9, 미국 소비자 스마트폰 만족도 1위""",/news/news_read.nhn?article_id=0011622096&office_id=001&mode=search&query=삼성전자&page=3,연합뉴스,"ACSI ""업체 순위는 애플, 삼성 순"" 삼성전자 갤럭시노트9가 미국 시장에서 스마트폰 만족도가 가장 높은 모델로 선정됐다. 삼성전자는 업체별 ...",2020-05-20 15:20
일본 수출규제로 '한국 탈일본' 가속화... 오히려 일 기업에 타격,/news/news_read.nhn?article_id=0002270202&office_id=047&mode=search&query=삼성전자&page=3,오마이뉴스,"그러면서 ""이 관습을 흔든 것이 일본 정부의 수출규제 강화""라며 ""삼성전자도 반도체의 안정적인 생산 유지를 위해 한국에서 조달할 수 있는 저순도 불화수소를...",2020-05-20 15:23
"코스피, 기관·외국인 매수세에 1989.64로 상승 마감",/news/news_read.nhn?article_id=0004682267&office_id=277&mode=search&query=삼성전자&page=3,아시아경제,"시가총액 상위 종목을 보면 삼성전자는 전 장보다 0.60% 내린 5만원에 장을 끝마쳤다. 반대로 SK하이닉스(1.69%), 네이버(3.98%),...",2020-05-20 15:44
"[fn마감시황]코스피, 기관·외국인 매수세에 강보합 마감..코스닥, 700선 안착",/news/news_read.nhn?article_id=0004428210&office_id=014&mode=search&query=삼성전자&page=3,파이낸셜뉴스,"시가총액 상위종목 중에서는 삼성전자(-0.60)가 하락 마감했다. SK하이닉스(1.69%), 네이버(3.98%)는 상승, 삼성바이로직스는 전날과 같았다. 이날 코스닥지수는...",2020-05-20 15:47
실감형 언택트 마케팅 & 프로모션 시대가 열린다,/news/news_read.nhn?article_id=0000822085&office_id=382&mode=search&query=삼성전자&page=3,스포츠동아,AR마케팅·AR커머스 전문기업 팝스라인 김영덕 대표는 삼성전자 한국총괄을 거쳐 홈플러스 점장과 모바일상품권 본부장을 경험한 후 팝스라인을 창업하...,2020-05-20 15:47
코스닥 1년만에 700선 돌파…코스피 1990선으로 보합세,/news/news_read.nhn?article_id=0000211904&office_id=374&mode=search&query=삼성전자&page=3,SBS CNBC,반도체 공급과잉 현상이 빠르게 해소됨에 따른 업황 개선으로 삼성전자와 SK하이닉스가 신규 투자를 늘릴 것이란 기대감이 작용했습니다. 오늘은 서비...,2020-05-20 15:52
"코스피, 美 경기부양책 기대감에 나흘째 오름세",/news/news_read.nhn?article_id=0004578799&office_id=009&mode=search&query=삼성전자&page=3,매일경제,"SK하이닉스, NAVER, 셀트리온, LG화학, 삼성SDI, 카카오 등이 줄줄이 올랐고 삼성전자, 현대차는 하락했다. 이날 유가증권시장에서는 550개 종목이 상승했고 27...",2020-05-20 15:55
"[마감] 코스피 1990선 회복 눈앞… ""언택트·바이오 업종 상승 주도""",/news/news_read.nhn?article_id=0000544822&office_id=417&mode=search&query=삼성전자&page=3,머니S,"코스피 시가총액 상위 종목에서는 SK하이닉스(1.69%), 네이버(3.98%), 삼성전자우(0.23%), 셀트리온(2.58%), LG화학(1.5...",2020-05-20 15:58
개인 '팔고' 외인 '사고'…코스피 1990 눈앞,/news/news_read.nhn?article_id=0002402751&office_id=119&mode=search&query=삼성전자&page=3,데일리안,"시가총액 10위권 내에서는 카카오(5.23%), 삼성SDI(4.25%) 등은 상승했고, 삼성전자(0.60%), 현대차(-1.82%) 등은 하락했...",2020-05-20 15:59
[마감시황] 코스피 상승···코스닥 11개월 만에 700대 재진입,/news/news_read.nhn?article_id=0003740375&office_id=011&mode=search&query=삼성전자&page=3,서울경제,"시가총액 상위 종목 중에는 삼성전자(005930)가 0.60%, 현대차가 1.82% 하락했지만 SK하이닉스(000660)(1.69%), 네이버(3.98%), 셀트리온(06...",2020-05-20 15:59
"[마감시황] 코스피, 4일째 상승…2000선 탈환 눈앞",/news/news_read.nhn?article_id=0000539248&office_id=031&mode=search&query=삼성전자&page=3,아이뉴스24,"이날 시가총액 상위 10종목에선 삼성전자(-0.60%), LG생활건강(-0.07%), 현대차(1.82%)를 제외하고 모두 올랐다. SK하이닉스 1.69%, NAVER 3....",2020-05-20 16:01
"[기업] 삼성전자, 자동 식품인식 기술 적용 냉장고 출시",/news/news_read.nhn?article_id=0001442313&office_id=052&mode=search&query=삼성전자&page=3,YTN,삼성전자가 자동 식품 인식 기술이 적용된 비스포크 냉장고를 출시했습니다. 국내에서 유일하게 자동 식품 인식 기술이 적용돼 냉장고 내부에 탑재된 ...,2020-05-20 16:02
"[마감시황]코스피, 外人 2거래일 연속 순매수…1989선 마감",/news/news_read.nhn?article_id=0009872603&office_id=003&mode=search&query=삼성전자&page=3,뉴시스,"내린 종목은 현대차(-1.82%), 삼성전자(-0.60%), LG생활건강(-0.07%)다. 삼성바이오로직스는 전날과 같은 가격에 거래를 마쳤다....",2020-05-20 16:03
"화웨이, 전략스마트폰 `P40` 살리려..TSMC에 긴급 '라스트오더'",/news/news_read.nhn?article_id=0004645208&office_id=018&mode=search&query=삼성전자&page=3,이데일리,업계 한 관계자는 “7나노 이하 초미세공정이 가능한 파운드리는 TSMC와 삼성전자 등 전 세계 2곳에 불과해 미국의 반도체 제재가 유지되는 이상...,2020-05-20 16:03
"원/달러 환율 5원 상승…다시 1,230원대로",/news/news_read.nhn?article_id=0011622400&office_id=001&mode=search&query=삼성전자&page=3,연합뉴스,"1,220원대에서 저가 매수 심리가 견고해지는 분위기 속에 이날 나온 삼성전자 중간 배당의 역송금 물량도 원화 약세 요인이었다. 신종 코로나바이...",2020-05-20 16:04
[코스피 마감]나흘째 올라 1990선 바짝…외국인 또 샀다,/news/news_read.nhn?article_id=0004645212&office_id=018&mode=search&query=삼성전자&page=3,이데일리,"SK하이닉스(000660)와 네이버(035420), 삼성전자우(005935), 셀트리온(068270), LG화학(051910), 삼성SDI(00...",2020-05-20 16:05
"코스피, 기관·외인 매수에 닷새째 상승…1,990선 '코앞'(종합)",/news/news_read.nhn?article_id=0011622412&office_id=001&mode=search&query=삼성전자&page=3,연합뉴스,"반면 삼성전자(-0.60%)와 현대차(-1.82%) 등은 내렸다. 업종별로는 의료정밀(4.45%), 서비스업(2.50%), 기계(1.34%), ...",2020-05-20 16:06
[시황종합] 코스피 1990선 눈앞…코스닥 700선 돌파,/news/news_read.nhn?article_id=0004649061&office_id=421&mode=search&query=삼성전자&page=3,뉴스1,"카카오(5.23%), 삼성SDI(4.25%), 네이버(3.98%), 셀트리온(2.58%), SK하이닉스(1.69%), LG화학(1.54%)는 상...",2020-05-20 16:07
코스닥 11개월만에 700선 돌파…코스피 2000선 '성큼',/news/news_read.nhn?article_id=0002224057&office_id=123&mode=search&query=삼성전자&page=3,조세일보,"기아차(-2.68%), 에스원(-2.60%), POSCO(-1.97%), 신한지주(-1.97%), 현대차(-1.82%), LG(-1.55%), ...",2020-05-20 16:09
"삼성전자, 500대 기업 경영평가 1위…경쟁력ㆍ성장성ㆍ건실ㆍ고용 우수",/news/news_read.nhn?article_id=0000498118&office_id=469&mode=search&query=삼성전자&page=3,한국일보,"삼성전자가 국내 500대 기업 중 글로벌 경쟁력을 비롯해 고속성장, 투자, 건실경영 등 다양한 경영부문에서 탁월한 성과를 거두며 경영평가 최우수...",2020-05-20 16:11
이재용 삼성전자 부회장 귀국 후에도 쏠리는 中언론 관심,/news/news_read.nhn?article_id=0003740388&office_id=011&mode=search&query=삼성전자&page=2,서울경제,이재용 삼성전자 부회장이 중국 산시성에 위치한 시안 반도체 사업장을 방문한 뒤 19일 귀국한 후에도 중국 매체들은 연일 이 부회장 방문에 주목하...,2020-05-20 16:12
"[TF시황] 국내증시, 외인·기관 쌍끌이 매수에 '강세'",/news/news_read.nhn?article_id=0000026484&office_id=629&mode=search&query=삼성전자&page=2,더팩트,"삼성전자(-0.60%)주가는 이날 소폭 하락해 주가 5만 원에 마친 가운데 SK하이닉스(+1.69%), 네이버(+3.98%), 삼성전자우(+0....",2020-05-20 16:21
코스닥 11개월만에 700선 회복...외인·기관 쌍끌이 매수,/news/news_read.nhn?article_id=0000872270&office_id=215&mode=search&query=삼성전자&page=2,한국경제TV,"시가총액 상위 종목 중에서는 SK하이닉스(1.69%), 네이버(3.98%), 셀트리온(2.58%), 삼성SDI(4.25%), 카카오(5.23%)...",2020-05-20 16:27
리쇼어링 정책 와중에…LG전자도 TV 해외이전 결단 배경은,/news/news_read.nhn?article_id=0011622514&office_id=001&mode=search&query=삼성전자&page=2,연합뉴스,삼성전자는 앞서 국내 TV 생산라인을 해외로 이전한 바 있어 국내에서 두 회사의 일반 TV 생산은 사실상 철수하는 셈이다. 삼성전자는 10여년 ...,2020-05-20 16:29
"코로나19에 中 TV 시청 시간 26%↑…삼성·LG ""뜻밖의 호재""",/news/news_read.nhn?article_id=0004412033&office_id=008&mode=search&query=삼성전자&page=2,머니투데이,특히 올 1분기 글로벌 TV 시장 점유율 1~2위를 나란히 사수한 삼성전자와 LG전자는 현지 프리미엄 라인업을 확대해 수익성 극대화를 노리고 있...,2020-05-20 16:32
"대구혁신센터, C랩 10기 참가 스타트업 모집",/news/news_read.nhn?article_id=0000648099&office_id=088&mode=search&query=삼성전자&page=2,매일신문,지난 2014년부터 운영된 C랩은 대구혁신센터의 대표 창업지원 프로그램으로 대구시·삼성전자 등 3자가 협력해 스타트업을 보육한다. 최종 선정된 ...,2020-05-20 16:47
전기차 배터리 확보전…현대·기아차의 선택은,/news/news_read.nhn?article_id=0000539259&office_id=031&mode=search&query=삼성전자&page=2,아이뉴스24,"일각에서는 삼성전자와의 배터리 동맹 가능성도 나오고 있지만, 결정된 것은 없다는 입장이다. 전문가들은 완성차업체의 배터리에 대한 직접 투자는 전...",2020-05-20 16:50
"IFA2020, 9월 3~5일 예정대로 열린다",/news/news_read.nhn?article_id=0004428267&office_id=014&mode=search&query=삼성전자&page=2,파이낸셜뉴스,"행사가 대폭 축소됐지만 코로나19 팬데믹(세계적 대유행)으로 현지 마케팅과 영업에 큰 차질을 빚은 삼성전자와 LG전자 등 국내 기업을 비롯해 화웨이, 샤오미...",2020-05-20 17:01
포스코 'RMI' 가입… 윤리적 광물 구매 강화,/news/news_read.nhn?article_id=0004428268&office_id=014&mode=search&query=삼성전자&page=2,파이낸셜뉴스,"지난 2008년 설립돼 현재 애플, 테슬라, 삼성전자 등 자동차사 및 정보기술(IT) 기업 380여곳이 가입돼 있다. 그동안 RMI는 콩고민주공화국, 중앙아프리카공화국 등...",2020-05-20 17:01
"[TF매매동향] 외국인, 'SK하이닉스' 사고 '현대차' 팔았다",/news/news_read.nhn?article_id=0000026500&office_id=629&mode=search&query=삼성전자&page=2,더팩트,"이어 삼성전자우 309억 원, 삼성SDI 233억 원, 셀트리온 232억 원, LG화학 139억 원을 담았다. 반면 현대차는 359억 원가량 팔...",2020-05-20 17:01
"'형보다 낫다'…700선 뚫은 코스닥, 얼마나 더 갈까",/news/news_read.nhn?article_id=0003002284&office_id=025&mode=search&query=삼성전자&page=2,중앙일보,"이정기 하나금융투자 연구원은 ""4월 이후 삼성전자 같은 우량주에서 큰 수익을 못 내자 개인 투자자들이 더 높은 수익률을 좇아 코스닥 종목으로 몰...",2020-05-20 17:09
공인인증서 굿바이! 블록체인 인증사업 '큰 장' 선다,/news/news_read.nhn?article_id=0004428282&office_id=014&mode=search&query=삼성전자&page=2,파이낸셜뉴스,"이와 별도로 이통3사와 삼성전자, 금융권 등이 참여한 '이니셜DID연합'이 만든 DID 서비스 '이니셜' 애플리케이션(앱) 안에도 올 상반기를 ...",2020-05-20 17:10
"삼성 '갤럭시노트9', 美 소비자 스마트폰 만족도 1위",/news/news_read.nhn?article_id=0000539262&office_id=031&mode=search&query=삼성전자&page=2,아이뉴스24,삼성전자 '갤럭시노트9'이 미국 소비자들 사이에서 만족도가 가장 높은 스마트폰에 선정됐다. 20일 미국 소비자만족지수협회(ACSI)의 보고서에 ...,2020-05-20 17:12
"삼성디스플레이, 코로나에 아산 2단지 조성공사 일시중단",/news/news_read.nhn?article_id=0003740464&office_id=011&mode=search&query=삼성전자&page=2,서울경제,"쓰이는 디스플레이 수요도 크게 줄어들 것으로 전망된다. 삼성전자는 올 1·4분기 디스플레이 사업에서 전반적인 패널 판매 감소로 2,900억원의 ...",2020-05-20 17:29
LG 구미 TV라인 2개 인도네시아로 옮긴다,/news/news_read.nhn?article_id=0003740487&office_id=011&mode=search&query=삼성전자&page=2,서울경제,퀀텀닷(QD) 디스플레이와 마이크로 LED 등의 제품군을 내년께 내놓을 삼성전자와의 점유율 격차를 좁히기 위해서라도 공장 이전이 필요했다는 분석...,2020-05-20 17:32
"朴 '천송이 코트' 논란 이후 6년…공인인증서, 진짜 사라진다",/news/news_read.nhn?article_id=0003002300&office_id=025&mode=search&query=삼성전자&page=2,중앙일보,삼성전자·KB증권·신한은행 등은 블록체인 스타트업 아이콘루프와 함께 DID 플랫폼 '마이아이디'를 상반기 중 출시할 예정이다. 아이콘루프 관계자...,2020-05-20 17:37
터치스크린 '패밀리허브' 적용한 삼성 비스포크 냉장고 출시,/news/news_read.nhn?article_id=0004344474&office_id=015&mode=search&query=삼성전자&page=2,한국경제,삼성전자가 ‘패밀리허브’가 적용된 비스포크(BESPOKE·사진)를 21일 출시한다. 패밀리허브는 사물인터넷(IoT)과 인공지능(AI)을 기반으로...,2020-05-20 17:40
[포토] 삼성 `패밀리허브` 탑재 비스포크 냉장고,/news/news_read.nhn?article_id=0004578915&office_id=009&mode=search&query=삼성전자&page=2,매일경제,삼성전자가 '패밀리허브'를 탑재한 비스포크 냉장고를 출시한다고 20일 밝혔다. 삼성전자 모델들이 수원 삼성전자 디지털시티 프리미엄하우스에서 패밀...,2020-05-20 17:42
1년여만 코스닥 700 돌파…'모더나' 무산에도 랠리는 계속된다,/news/news_read.nhn?article_id=0004412089&office_id=008&mode=search&query=삼성전자&page=2,머니투데이,"시총 상위주 가운데는 NAVER, 카카오 등 언택트(비대면) 관련주가 4~5%대 강세를 보였고, 삼성전자(-0.60%), 현대차(-1.82%) ...",2020-05-20 17:46
"'SCM 재구축 원가경쟁력 높이자"" LG TV 사업 승부수",/news/news_read.nhn?article_id=0003740509&office_id=011&mode=search&query=삼성전자&page=2,서울경제,퀀텀닷(QD) 디스플레이와 마이크로 LED 등의 제품군을 내년께 내놓을 삼성전자(005930)와의 점유율 격차를 좁히기 위해서라도 공장 이전이 ...,2020-05-20 17:46
희비갈린 개미…`일개미` 웃고 `불개미` 울다,/news/news_read.nhn?article_id=0004578951&office_id=009&mode=search&query=삼성전자&page=1,매일경제,동학개미 투자 성적표 분석 삼성전자·현대차·LG화학 등 우량주 3월중 연중저점 찍어 이때 매수한 투자자는 `방긋` 곱버스 올라탄 개미는 -48%...,2020-05-20 17:48
"4대그룹 임원들 ""재난지원금 기부에서 왜 세무조사가 나오죠?""",/news/news_read.nhn?article_id=0004412093&office_id=008&mode=search&query=삼성전자&page=1,머니투데이,다음날인 12일 서울 중구 대한상공회의소에서 열린 국내 첫 '민간 샌드박스 지원센터' 출범식에 참석했던 이인용 삼성전자 사장과 공영운 현대차 사...,2020-05-20 17:50
이시국에 IFA 강행...눈치만 보는 삼성·LG,/news/news_read.nhn?article_id=0004412095&office_id=008&mode=search&query=삼성전자&page=1,머니투데이,"눈치만 보고 있죠."" 유럽 최대 가전·IT(정보기술) 전시회인 IFA가 오는 9월 개최될 예정이지만 삼성전자와 LG전자는 선뜻 참가를 결정하지 ...",2020-05-20 17:55
외인·유동성·소부장 '삼박자'...코스닥 11개월 만에 700 돌파,/news/news_read.nhn?article_id=0003740516&office_id=011&mode=search&query=삼성전자&page=1,서울경제,특히 그동안 순매도했던 삼성전자(005930)와 SK하이닉스(000660) 등을 다시 매수하고 있어 국내 증시에 긍정적이라는 평가다. 이날 외국...,2020-05-20 17:55
"코로나19 장기화로 침체된 부동산 시장, 지식산업센터가 주목받는 이유",/news/news_read.nhn?article_id=0000539279&office_id=031&mode=search&query=삼성전자&page=1,아이뉴스24,"단지 인근에 삼성전자 기흥·화성 캠퍼스 및 수원 일반산업단지와 관련 계열사, 협력업체 등이 위치해 시너지효과도 기대된다. (주)디허브플러스는 경...",2020-05-20 18:04
삼성-현대 총수 회동에 천안ㆍ아산 부동산 시장 ‘반색’,/news/news_read.nhn?article_id=0003002315&office_id=025&mode=search&query=삼성전자&page=1,중앙일보,최근 업계에 따르면 이재용 삼성전자 부회장과 정의선 현대차그룹 수석부회장이 지난 13일 차세대 전기차용 배터리를 연구개발ㆍ생산하는 삼성SDI 천...,2020-05-20 18:05
"삼성전자, 화웨이 반사이익? 주가는 미지근",/news/news_read.nhn?article_id=0004428370&office_id=014&mode=search&query=삼성전자&page=1,파이낸셜뉴스,미국의 중국 화웨이 2차 제재로 기대감을 모았던 삼성전자 주가 상승세가 다시 주춤해졌다. 삼성전자가 반사이익을 일부 누릴 것으로 보면서도 그 효과가 생각보다...,2020-05-20 18:09
공인인증서 대안 떠오른 블록체인… 통신3사·카카오 정면승부,/news/news_read.nhn?article_id=0004428377&office_id=014&mode=search&query=삼성전자&page=1,파이낸셜뉴스,"이와 별도로 이통3사와 삼성전자, 금융권 등이 참여한 '이니셜DID연합'이 만든 DID 서비스 '이니셜' 애플리케이션(앱) 안에도 올 상반기를 ...",2020-05-20 18:12
[단독] 네이버 ‘환산주가’ 첫 1000만원 돌파… 산업구조 변화 ‘실감’,/news/news_read.nhn?article_id=0003467005&office_id=022&mode=search&query=삼성전자&page=1,세계일보,환산주가를 기준으로 하면 국내 시가총액 1위인 삼성전자도 250만원(현재 주가 5만원)으로 네이버의 40% 수준에 불과하다. 환산주가는 상장 주...,2020-05-20 18:22
[경제 인사이드] 미중 무역전쟁…화웨이 타격 커지면 삼성·SK도 영향,/news/news_read.nhn?article_id=0010838243&office_id=056&mode=search&query=삼성전자&page=1,KBS,"왜냐하면 메모리 반도체 같은 경우에는 우리나라의 삼성전자와 SK하이닉스가 글로벌 1, 2위를 차지하고 있는 기업이기 때문이죠. 그래서 사실상 스...",2020-05-20 18:26
"어느새 700선 회복한 코스닥…""중소형株 더 간다""",/news/news_read.nhn?article_id=0004645369&office_id=018&mode=search&query=삼성전자&page=1,이데일리,"코스피는 삼성전자(005930)와 SK하이닉스(000660) 등 특정 종목이 시가총액을 30% 가까이 차지하지만, 코스닥은 IT와 헬스케어가 차...",2020-05-20 18:32
"20일, 거래소 외국인 순매수상위에 전기,전자 업종 6종목",/news/news_read.nhn?article_id=0004344567&office_id=015&mode=search&query=삼성전자&page=1,한국경제,"외국인 투자자는 20일 거래소에서 SK하이닉스, 삼성전자우, 삼성SDI 등을 중점적으로 사들인 것으로 나타났다. 외국인 투자자의 순매수 상위 2...",2020-05-20 18:37
"20일, 거래소 기관 순매도상위에 금융업 업종 4종목",/news/news_read.nhn?article_id=0004344571&office_id=015&mode=search&query=삼성전자&page=1,한국경제,"기관 투자자는 20일 거래소에서 삼성전자우, KODEX 200선물인버스2X, 한국전력 등을 중점적으로 매도한 것으로 나타났다. 기관 투자자의 순...",2020-05-20 18:37
"즐거운-팝스라인, 휴대폰 기반 '실감형 비대면 마케팅' 손잡는다",/news/news_read.nhn?article_id=0003010143&office_id=032&mode=search&query=삼성전자&page=1,경향신문,"팝스라인은 삼성전자 한국총괄과 홈플러스 점장·모바일상품권 본부장을 거친 김영덕 대표가 4년여 전 창업한 업체로, 웹 브라우저 상에서 상품과 서비...",2020-05-20 18:38
오폐수 정화한 물 매일 4.5만t ‘콸콸’…공장 옆 오산천에 수달이 돌아왔네!,/news/news_read.nhn?article_id=0003092126&office_id=081&mode=search&query=삼성전자&page=1,서울신문,정화시설 5곳에 ‘방류수 상황실’ 운영 하천 수량 풍부해지며 수질 크게 개선 지난 14일 찾은 삼성전자 화성·기흥 반도체 사업장에는 커다란 연못...,2020-05-20 18:52
"""유통기한 하루 남았어요"" 더 똑똑해진 삼성 AI냉장고",/news/news_read.nhn?article_id=0002599421&office_id=029&mode=search&query=삼성전자&page=1,디지털타임스,비스포크 모델에 패밀리허브 적용 식자재관리·캘린더 기능 등 제공 삼성전자가 '패밀리허브(Family Hub)'가 적용된 비스포크(BESPOKE)...,2020-05-20 19:10
"[포토] 삼성전자, 패밀리허브 기술 갖춘 비스포크 냉장고 출시",/news/news_read.nhn?article_id=0001323385&office_id=005&mode=search&query=삼성전자&page=1,국민일보,모델이 20일 수원 삼성전자 디지털시티 프리미엄 하우스에서 식단 관리 기능 등 패밀리허브 기술이 적용된 비스포크 냉장고 신제품을 소개하고 있다....,2020-05-20 19:38
대면 마케팅은 위험해… 가전 출시행사 속속 온라인 전환,/news/news_read.nhn?article_id=0003467062&office_id=022&mode=search&query=삼성전자&page=1,세계일보,코로나로 바뀐 신제품 소개 풍경 / 美서 선보일 삼성전자 ‘더 세로 TV’ / 현지 지사 뉴스룸 통해 홍보키로 / “별도 오프라인 진행없다” 선...,2020-05-20 20:45
눈 못 뗄 ‘인공눈’ 경쟁,/news/news_read.nhn?article_id=0002498020&office_id=028&mode=search&query=삼성전자&page=1,한겨레,이미 삼성전자는 지난 2017년에 카메라 사업을 접었다. 카메라 경쟁은 스마트폰 제조사로 넘어갔다. 스마트폰 성능이 상향 표준화되면서 카메라 성...,2020-05-20 21:23
"‘정체국면’ TV사업, 비용절감 고육책…업계 리쇼어링 사실상 힘들어",/news/news_read.nhn?article_id=0003010215&office_id=032&mode=search&query=삼성전자&page=1,경향신문,앞서 삼성전자도 2018년 6월 유일하게 국내에서 TV를 생산하던 수원 공장의 라인을 베트남으로 옮겼다. 구미 지역 사회의 반발에 대해 LG전자는 인력 구조조정은...,2020-05-20 22:44
