head,text,url
외국인 매도세·법적 리스크에 주가상승 '미지근',"[더팩트ㅣ박경현 기자] 삼성전자 주가가 최근 이재용 삼성전자 부회장의 대국민 사과와 코스피 1950선 회복 등 대내외적인 환경변화에도 주가 5만 원선 하회를 벗어나지 못하고 있다. 시장과 투자자들은 아직까지 미지근한 상승세를 보이는 삼성전자 주가 향방을 두고 관심이 높아지고 있다.지난 6일 이재용 부회장이 대국민 사과문을 발표하며 지배구조 관련 불확실성이 일부 해소됐다는 평이 이어졌다. 업계 관계자들과 시장투자자들은 이 부회장의 사과에 삼성전자 주가가 오를 것으로 예상하기도 했다.개인들의 꾸준한 삼성전자 주식 매수 또한 주가 상승의 긍정적 요소로 꼽혀왔다. 신종 코로나바이러스 감염증(코로나19) 사태로 하락증시였던 지난 2월 이후 개인 매수세가 꾸준히 이어지고 있다. 개인의 삼성전자 순매수액은 지난 2월 1조6000억 원, 지난 3월 4조9587억 원에 이어 지난달 4367억 원을 기록했다.그러나 이 부회장의 사과 발표 다음날인 7일 삼성전자 주가는 전날보다 0.81%(400원) 내린 4만8800원에 장을 마쳤다. 삼성물산은 전 거래일 대비 2.82%(3000원) 하락했고, 삼성바이오로직스는 전일 보다 1.39%, 삼성엔지니어링도 2.52% 내렸다.삼성전자의 미미한 상승세는 최근 계속돼 왔다. 코스피 지수가 1950선까지 회복되는 동안에도 삼성전자의 수익률은 크게 개선되지 않았다. 삼성전자 주가는 코로나19 확산세가 한창이던 3월 19일에 4만2300원에서 반등을 시작한 뒤 최대 4만9200원까지 올라왔다. 그러나 이 기간 수익률은 16% 가량으로, 같은 기간 30%넘게 상승한 코스피지수 상승률의 절반수준에 그쳤다.삼성전자 주가 급발진이 기대만큼 확실하게 나타날 기미를 보이지 않자 투자자들의 관심이 '향후 상승 시기가 언제일 것이냐'에 쏠리고 있다.시장에서는 아직까지 코로나19 이후 폭증한 외국인 순매도가 주가 상승의 걸림돌로 작용할 것으로 보고 있다. 외국인 매도세는 최근 감소세에 접어들었지만 이렇다 할만큼 확실히 국내증시에 돌아오지 않았다.12일 금융투자업계에 따르면 전날 금융감독원이 공개한 '2020년 4월 외국인 증권투자 동향'에서, 4월 중 외국인이 순매도한 상장주식은 5억3930억 원으로 월별기준 최대규모의 순매도를 기록한 지난 3월(13조4500억 원) 이후 두번째로 많은 규모를 기록했다. 두 달 연속으로 최대 순매도를 기록한 것이다. 현재 외국인 지분율이 50%가 넘는 삼성전자는 외국인 순매수세가 유입되지 않으면 주가가 큰 폭으로 오르기 어려울 수 있다는 분석이다.실적전망 측면에서도 삼성전자 주가의 가파른 상승에 찬물을 끼얹고 있다. 업계에서는 삼성전자의 올해 2분기 실적악화가 불가피하다고 점치고 있다. 코로나19로 인한 전반적인 수요 감소가 2분기 실적에 본격적으로 반영 될 예정인데다, 올해 반도체 업황 부진이 예상되기 때문이다. 한화투자증권 리포트에 따르면 삼성전자는 디스플레이 관련 일회성 이익을 제외하면 1분기 대비 실적이 감소할 것으로 예상된다.일각에서는 이 부회장과 관련된 재판결과가 아직 나오지 않은 점도 주가상승에 리스크로 작용한 것으로 보고있다. 이재용 부회장은 현재 국정농단 파기 환송심과 삼성바이오로직스 분식회계 의혹과 관련해 증거인멸은 항소심, 분식회계 부분은 검찰수사에 연루되어 있다.한 증권업계 관계자는 ""아직까지는 (대국민 사과가) 이 부회장의 단순 의지표명일 뿐""이라며 ""법적인 불확실성이 완전히 해소돼야 주가에 본격적으로 반영되지 않겠나""라고 예측했다.pkh@tf.co.kr저작권자 ⓒ 특종에 강한 더팩트 & tf.co.kr 무단 전재 및 재배포 금지",/news/news_read.nhn?article_id=0000025393&office_id=629&mode=search&query=삼성바이오로직스&page=2
"검찰, 삼성 전현직 간부들 소환 조사 마쳐11일 유상호 한국투자증권 부회장 참고인 소환이달 말 수사 마무리할 예정","삼성물산과 제일모직의 합병 의혹을 수사하고 있는 검찰이 이르면 이번 주 내로 이재용 삼성전자 부회장을 소환 조사할 것으로 보인다.법조계에 따르면 서울중앙지검 경제범죄형사부는 삼성물산과 제일모직 합병 의혹과 관련해 이재용 삼성전자 부회장을 이르면 이번주 중 피의자 신분으로 불러 조사할 예정이다.이 부회장의 소환은 지난해 11월 검찰의 피의자 공개소환 폐지 방침에 따라 비공개로 이뤄질 전망이다.검찰은 지난 2015년 이뤄진 삼성물산과 제일모직의 합병이 이 부회장의 경영권 승계를 위한 지배구조 개편 과정의 일환일 가능성을 의심하고 있다. 두 회사의 합병 과정에서 이 부회장에 유리한 쪽으로 합병 비율이 산정됐는지 등을 수사중이다.검찰은 11일 한국투자증권의 유상호 부회장을 참고인으로 소환해 조사했다. 한국투자증권은 삼성바이오로직스가 유가증권 시장에 상장될 당시 대표 주관사였다.검찰은 삼성바이오로직스가 자회사인 에피스의 회계처리 기준을 바꿔 회사 가치를 4조5000억원 늘린 뒤 상장하는 과정에서 위법 여부가 있었는지 여부를 조사한 것으로 전해졌다.이에 앞서 검찰은 최지성 옛 삼성 미래전략실장(부회장), 김종중 옛 미전실 전략팀장(사장), 최치훈 삼성물산 이사회 의장, 이영호 삼성물산 사장, 정현호 삼성전자 사업지원TF장(사장), 김태한 삼성바이오 사장 등을 줄줄이 소환해 조사했다.이렇듯 삼성의 전현직 고위 간부들을 소환조사한 검찰은 의혹의 핵심인 이 부회장을 마지막으로 불러 조사한 후 관련자들의 사법처리 방향을 결정할 것으로 보인다. 검찰은 이달 말까지 수사를 마무리할 방침인 것으로 전해졌다.한편 이재용 삼성전자 부회장은 지난 6일 대국민 사과에서 삼성을 둘러싼 많은 논란이 경영권 승계 문제에서 비롯됐다는 점을 인정하면서도 관련 의혹이나 혐의에 대해서는 구체적인 언급을 하지 않았다.이 부회장은 “승계 문제와 관련해 많은 질책을 받아왔다. 특히 삼성에버랜드와 삼성SDS 건에 대해 비난을 받았다. 최근에는 승계와 관련한 뇌물 혐의로 재판이 진행중이다. 저와 삼성을 둘러싸고 제기된 많은 논란은 근본적으로 이 문제에서 비롯된 게 사실이다. 이제는 경영권 승계 문제로 더 이상 논란이 생기지 않도록 하겠다”고 밝혔다.데일리안 김소영 기자 (acacia@dailian.co.kr)ⓒ (주)데일리안 - 무단전재, 변형, 무단배포 금지",/news/news_read.nhn?article_id=0002400943&office_id=119&mode=search&query=삼성바이오로직스&page=2
,삼성의 경영권 승계 의혹과 관련해 조사를 받아온 이재용 삼성전자 부회장이 이르면 이번 주 안에 검찰에 소환될 예정입니다.서울중앙지검 경제범죄형사부는 어제(11일) 이와 관련해 삼성바이오로직스의 상장 주관사였던 한국투자증권의 고위 임원을 소환했습니다.검찰은 이재용 부회장에 대한 조사를 마친 뒤 관련자에 대한 구속영장 청구 여부 등을 결정할 방침입니다. 정인아 기자(ina@sbs.co.kr) ▶ ▶ 저작권자 SBS미디어넷 & SBS I&M 무단전재-재배포 금지,/news/news_read.nhn?article_id=0000211220&office_id=374&mode=search&query=삼성바이오로직스&page=2
개인투자자만 홀로 순매수시가총액 1~3위 하락세,"[이데일리 최정희 기자] 코스피 지수가 1930선을 중심으로 보합권에서 등락하고 있다. 주요국 경제 봉쇄 조치가 하나둘 씩 해제되고 있으나 그로 인해 신종 코로나 바이러스 감염증(코로나19) 확산이 재발될 수 있다는 우려가 커진 영향이다. 우리나라 역시 정부가 사회적 거리두기를 완화하겠다는 의사를 표시한 후 황금연휴가 끝나자 클럽을 중심으로 코로나19 재확산이 우려되고 있다. 12일 마켓포인트에 따르면 코스피 지수는 이날 오전 9시 4분 현재 전 거래일보다 1.82포인트, 0.09% 하락한 1933.58에 거래되고 있다. 1938선에서 개장한 이후 1930중반선에서 좁은 움직임을 보이고 있다. 간밤 뉴욕증시는 하락했다. 각국이 봉쇄 조치를 완화하면서 경제가 살아날 것이란 기대감이 컸으나 봉쇄 완화 조치가 코로나19를 재유행시킬 수 있다는 우려가 제기된 영향이다. 이럴 경우 세계 경제가 더 큰 충격을 받을 것이란 우려가 나온다. 수급은 약한 편이다. 개인투자자만 홀로 444억원을 순매수하고 있다. 외국인과 기관은 각각 61억원, 362억원을 순매도 중이다. 금융투자가 207억원, 연기금 등이 208억원 가량을 내다팔고 있다. 보험, 투신, 기타금융, 사모펀드만 소폭 순매수 중이다. 프로그램매매는 차익과 비차익을 합해 192억원 가량 순매도하고 있다. 시가총액 상위 종목들은 하락 우위를 보이고 있다. 삼성전자(005930), SK하이닉스(000660), 삼성바이오로직스(207940) 등 시가총액 상위 1~3위 종목은 일제히 하락하고 있다. LG화학(051910)은 1%대 하락하고, 현대차(005380), 삼성SDI(006400), 삼성물산(028260), 현대모비스(012330) 등은 약세 흐름을 보이고 있다. 반면 네이버(035420)는 2%대, 카카오(035720)는 1%대 상승하고 있다. 셀트리온(068270), SK텔레콤(017670), 엔씨소프트(036570) 등은 강세다. 업종별로 보면 희비가 갈린다. 운송장비, 전기가스업은 1%대 하락하고 화학, 섬유의복, 철강금속, 전기전자, 유통업, 건설업 등이 약세다. 은행, 증권, 보험도 약세다. 반면 운수창고, 통신업, 의료정밀, 기계, 의약품, 종이목재, 음식료품 등은 강세를 보이고 있다.최정희 (jhid0201@edaily.co.kr)＜ⓒ종합 경제정보 미디어 이데일리 - 무단전재 & 재배포 금지＞",/news/news_read.nhn?article_id=0004637880&office_id=018&mode=search&query=삼성바이오로직스&page=2
,"신종 코로나바이러스 감염증(코로나19) 재확산 조짐에 증시가 다시 주춤했다. 코스피는 소폭 상승으로 출발했지만 19230선에서 등락을 지속하고 있다.12일 코스피 지수는 전 거래일보다 0.17%(3.22포인트) 오른 1938.62에 거래를 출발했다. 개인은 96억원 순매수를 보였다, 외국인도 이날은 20억원 순매수로 시작했다. 하지만 기관은 288억원의 순매도를 나타냈다.코스피 시총 상위 톱10 종목은 대부분 하락세로 출발했다. 삼성바이오로직스(0.34%)와 네이버(1.86%), 셀트리온(0.71%)에만 상승을 나타내는 붉은색 등이 켜졌다. 반면 삼성전자, SK하이닉스, 삼성전자우, LG화학, LG생활건강, 현대차, 삼성SDI는 모두 0.5~1% 내외에서 하락세로 시작했다.코스닥 지수는 전 거래일보다 0.36%(2.44포인트) 상승한 687.48에 장을 출발했다. 개인은 204억원 순매수하며 증시를 주도했다, 반면 외국인과 기관은 각각 177억원, 32억원 순매도 중이다.코스닥 시가총액 상위종목은 코스피와 반대로 대부분 상승세로 시작했다. 하락으로 시작한 종목은 에이치엘비(-4.57%)와 알테오젠(-1.43%) 뿐이었다. 그 외 셀트리온헬스케어, 펄어비스, CJ ENM, 셀트리온제약, 씨젠, 케이엠더블유, 스튜디오드래곤은 0.5~1% 내외에서 상승 그래프를 그렸다. 특히 제넥신은 3.32%로 높은 상승률을 그리며 출발했다.앞서 뉴욕증시는 한국 등 코로나19 재확산 조짐이 대두되면서 불안감이 확대됐다. 여기에 미-중 갈등이 지속된 점도 부담으로 작용하면서 주요 3대 지수가 혼조세로 마감됐다. 특히 국제유가는 산유국들의 추가 감산에도 불구하고 하락했다. 다우지수는 0.45% 하락했고, 서부텍사스산원유(WTI)는 2.4% 추락했다.서상영 키움증권 연구원은 “한국 증시는 코로나19 재확산 우려와 중국이 코로나19 책임을 져야 한다고 주장한 피터 나바로의 발언, 미국 증시 마감 후 트럼프가 무역 재협상에 관심이 없다고 주장한 점, 애플 부품주 부진 등을 감안할 때 매물 출회 가능성이 높다”고 전망했다.송창범 기자
 <저작권자 ⓒ '성공을 꿈꾸는 사람들의 경제 뉴스' 머니S, 무단전재 및 재배포 금지>",/news/news_read.nhn?article_id=0000541119&office_id=417&mode=search&query=삼성바이오로직스&page=2
,"(서울=뉴스1) 박응진 기자 = 12일 코스피는 장 초반 하락해 1920선을 가리키고 있다. 시간외 미국 뉴욕 증시 지수 선물의 하락에 영향을 받은 것으로 보인다. 반면 코스닥은 680선에서 상승세다.이날 오전 9시19분 현재 코스피는 전날(11일)과 비교해 8.79포인트(0.45%) 내린 1926.61을 기록하고 있다. 기관과 외국인이 각각 814억원, 255억원 순매도하고 있고, 개인이 홀로 1090억원 순매수 중이다. 코스피 시가총액 상위 10개 종목 중 NAVER(1.86%), 셀트리온(1.19%), 삼성바이오로직스(0.34%)만 오르고 있고, 나머지 종목들을 내리고 있다. 하락률은 LG화학(-1.30%), 현대차(-1.07%), 삼성SDI(-0.87%) 등 순으로 크다. 업종별로 보면 통신업(0.71%), 의약품(0.62%), 서비스업(0.51%) 등이 상승하고 있고, 전기가스업(-1.22%), 운수장비(-1.17%), 은행(-1.02%) 등은 하락하고 있다. 코스닥은 전날 대비 1.41포인트(0.21%) 상승한 686.45를 가리키고 있다. 개인이 홀로 178억원 순매수 중이고, 외국인과 기관이 각각 128억원, 32억원 순매도하고 있다. 코스닥 시가총액 상위 10개 종목 중 씨젠(2.48%), 셀트리온헬스케어(1.69%), 펄어비스(1.43%) 등이 상승세이고, 에이치엘비(-4.93%), 알테오젠(-2.26%), 스튜디오드래곤(-0.26%) 등이 하락세다. 업종별로는 소프트웨어(1.83%), IT소프트웨어(1.29%), 유통(1.12%) 등이 오르고 있고, 운송장비(-2.73%), 출판·매체(-0.96%), 정보기기(-0.70%) 등은 내리고 있다. 서울외환시장에서 달러/원 환율은 전날보다 3.5원 오른 1224원으로 거래를 시작했다. 간밤 뉴욕 증시는 혼조세였다. 다우 지수는 0.45% 내린 2만4221.99, 스탠다드앤푸어스(S&P)500 지수는 0.01% 오른 2930.19, 나스닥 지수는 0.78% 상승한 9192.34로 마감했다.pej86@news1.kr© 뉴스1코리아(), 무단 전재 및 재배포 금지",/news/news_read.nhn?article_id=0004632212&office_id=421&mode=search&query=삼성바이오로직스&page=2
외국인·기관 매도세…코스닥은 소폭 오름세,"[아이뉴스24 류은혁 기자] 코스피가 코로나19 재확산 우려가 커지면서 1930대포인트에서 강보합세로 출발했으나 이내 하락으로 전환했다.12일 코스피지수는 전 거래일보다 3.22포인트(0.17%) 오른 1938.62에 거래를 시작해 오전 9시18분 현재 9.71포인트(0.50%) 하락한 1925.69에 거래되고 있다. 외국인과 기관의 매도폭이 커지면서 하락으로 돌아섰다.개인이 1천105억원 순매수 중이며 외국인과 기관은 각각 292억원, 819억원 순매도 중이다.간밤 미국 증시는 코로나19 재유행 우려에 혼조세를 나타냈다. 다우존스30 산업평균지수는 0.45% 내린 반면 스탠더드앤드푸어스(S&P)500지수와 나스닥지수는 각각 0.01%, 0.78% 상승했다.최근 각국이 코로나19에 따른 봉쇄를 완화하면서 얼어붙었던 경제가 살아날 것이란 기대가 적지 않지만 봉쇄 완화가 코로나19 재유행을 촉발할 경우 세계 경제가 더 큰 충격을 받을 수 있다는 긴장감도 팽팽하다.이날 코스피에서 시가총액 상위 10종목에선 삼성바이오로직스(0.34%), NAVER(1.86%), 셀트리온(1.19%)을 제외하고 하락세다. 삼성전자 –0.93%, SK하이닉스 –0.83%, 삼성전자우 –0.84%, LG화학 –1.59%의 하락률을 보이고 있다.코스닥지수는 전 거래일보다 2.18포인트(0.36%) 오른 687.48에 장을 시작해 오전 9시 18분 현재 1.55포인트(0.23%) 상승한 686.59에 거래되고 있다. 개인이 178억원 순매수 중이며 외국인과 기관이 각각 128억원, 32억원 순매도하고 있다.시가총액 상위 10종목에선 에이치엘비(-4.66%), 알테오젠(-2.49%), SK머티리얼즈(-0.12%)를 제외하고 상승세다. 셀트리온헬스케어 1.46%, 펄어비스 2.05%, 셀트리온제약 1.61%, CJ ENM 0.34%의 상승률을 보이고 있다. ehryu@inews24.com [ⓒ 아이뉴스24 무단전재 및 재배포 금지]",/news/news_read.nhn?article_id=0000537798&office_id=031&mode=search&query=삼성바이오로직스&page=2
,"미중 무역분쟁 우려 부각…코스닥은 상승(서울=연합뉴스) 황재하 기자 = 코스피가 12일 상승세로 출발했다가 하락세로 돌아섰다.

이날 오전 9시 22분 현재 코스피는 전날보다 7.75포인트(0.40%) 내린 1,927.65를 나타냈다.

지수는 전장보다 3.22포인트(0.17%) 오른 1,938.62에서 출발했으나 약세로 전환했다.

유가증권시장에서는 기관이 857억원, 외국인이 242억원어치를 순매도했다. 개인은 1천122억원을 순매수했다.

지난 11일(현지시간) 뉴욕증시에서는 다우존스30 산업평균지수(-0.45%)가 하락하고 스탠더드앤드푸어스(S&P) 500 지수(0.01%)와 나스닥 지수(0.78%)는 상승하는 혼조세를 보였다.

서상영 키움증권 연구원은 ""도널드 트럼프 미국 대통령이 미국 증시 마감 이후 중국과의 무역 재협상에 관심이 없다고 언급한 영향으로 국내 증시에서 매물이 출회되고 있는 것으로 보인다""며 ""국내 주가지수는 최근 미중 무역 분쟁 부각으로 상승세가 제한되고 있다""고 설명했다.

트럼프 대통령은 11일(현지시간) 백악관 기자회견에서 중국에 유리한 조건으로 무역 합의 재협상이 이뤄질 가능성과 관련해 ""전혀 없다. 조금도 없다. 관심 없다""고 선을 그었다.

시가총액 상위 종목은 LG화학(-2.02%), 삼성SDI(-1.57%), 삼성물산(-1.46%), 현대차(-1.17%), 삼성전자(-0.83%), SK하이닉스(-0.83%), LG생활건강(-0.21%) 등이 내렸다.

네이버(1.63%), 셀트리온(0.95%), 삼성바이오로직스(0.17%) 등은 올랐다.

업종별로는 은행(-1.15%), 운수·장비(-1.02%), 전기·가스업(-1.00%), 증권(-0.88%), 철강·금속(-0.78%), 전기·전자(-0.77%) 등이 약세, 통신업(0.85%), 서비스업(0.77%), 의약품(0.62%), 운수·창고(0.34%) 등이 강세다.

같은 시간 코스닥지수는 전장보다 1.97포인트(0.29%) 오른 687.01을 나타냈다.

지수는 전장보다 2.44포인트(0.36%) 오른 687.48로 개장해 강세 흐름을 이어가고 있다.

코스닥시장에서는 개인이 101억원어치를 순매수했다. 외국인은 57억원, 기관은 22억원을 순매도했다.

서상영 연구원은 ""최근 국내 증시는 종목별 장세가 펼쳐지면서 코스닥시장의 강세가 뚜렷하다""며 ""국제 경기 회복 지연 가능성에 외국인의 매도세가 이어지고 있는데, 코스닥은 상대적으로 외국인 투자의 영향도가 작다""고 설명했다.

시총 상위 종목 중에는 씨젠(2.26%), 펄어비스(2.05%), 셀트리온제약(1.61%), 셀트리온헬스케어(1.46%), CJ ENM(0.34%), 케이엠더블유(0.33%), 스튜디오드래곤(0.13%) 등이 올랐다.

에이치엘비(-4.66%), 알테오젠(-2.43%), SK머티리얼즈(-0.18%) 등은 내렸다.

jaeh@yna.co.kr",/news/news_read.nhn?article_id=0011602080&office_id=001&mode=search&query=삼성바이오로직스&page=2
▶ 헉! 소리나는 스!토리 뉴스 [헉스]▶ '아는 척'하고 싶은 당신을 위한 [두유노우],"[파이낸셜뉴스] 코스피가 외국인과 기관의 동반 매도에 1%대 낙폭을 기록하고 있다.
 12일 오전 10시 현재 코스피지수는 전일대비 26.44포인트(1.37%) 하락한 1908.96을 나타내고 있다. 지수는 전장보다 3.22포인트(0.17%) 오른 1938.62에서 출발했으나 약세로 전환했다.
 간밤 뉴욕증시는 코로나19 재유행 우려에 혼조세를 보였다. 뉴욕증시에서는 다우존스30 산업평균지수가 0.45% 하락하고, 스탠더드앤드푸어스(S&P) 500 지수와 나스닥 지수가 각각 0.01%, 0.78% 상승하는 등 혼조세로 마감했다.
 이 시각 현재 코스피시장에서 외국인은 690억원, 기관은 1920억원을 순매도 하고 있다. 개인은 2638억원을 순매수 하고 있다.
 업종별로는 의약품, 통신업을 제외한 전 종목이 하락하고 있다. 시가총액 상위종목도 내림세가 강하다. 삼성전자, SK하이닉스는 각각 1.24%, 1.18% 하락하고 있고, LG화학, LG생활건강, 현대차, 삼성SDI, 삼성물산도 약세를 나타내고 있다. 반면 삼성바이오로직스, 네이버, 셀트리온은 1%대 안팎 오르고 있다.
 같은 시각 코스닥지수는 전일대비 7.33포인트(1.07%) 하락한 677.71을 나타내고 있다. 코스닥시장에서 외국인과 기관은 각각 229억원, 94억원을 순매도 하고 있고, 개인은 316억원을 순매수 하고 있다.
 한편, 이날 서울외환시장에서 원·달러 환율은 전일대비 3.5원 오른 1224.0원에 개장했다.



 ※ 저작권자 ⓒ 파이낸셜뉴스. 무단 전재-재배포 금지",/news/news_read.nhn?article_id=0004422814&office_id=014&mode=search&query=삼성바이오로직스&page=2
"개인만 홀로 매수세..환율 7원대 상승삼성전자, SK하이닉스 1%대 하락","[이데일리 최정희 기자] 코스피 지수가 장중 1%대 하락하고 있다. 경제 봉쇄 조치 해제시 신종 코로나 바이러스 감염증(코로나19)이 재확산될 수 있다는 우려에 봉쇄 조치 해제 기대감이 약해진 영향이다. 이런 가운데 미국은 중국에 코로나19 책임론을 부각시키고 있어 중국과의 무역갈등 재개 가능성이 대두되고 있다. 12일 마켓포인트에 따르면 코스피 지수는 이날 오전 10시 5분께 전 거래일보다 26.42포인트, 1.37% 하락한 1908.98에 거래되고 있다. 코스피 지수는 1930선에서 개장한 직후 보합권에서 등락하는 듯 했으나 점차 하락폭을 키우는 모습이다. 앤드루 쿠오모 뉴욕 주지사는 이번 주말부터 일부 야외활동을 재개할 수 있다고 밝혔으나 빌 더블라지오 뉴욕시장은 뉴욕시 정상화까지는 확실하게 준비되지 않아 봉쇄 조치가 6월까지 이어질 것이라고 밝혔다. 봉쇄 조치가 해제되면 경제가 살아날 것이란 기대감이 컸으나 봉쇄 조치 해제시 코로나19 재확산 우려가 커지고 있다. 우리나라 역시 사회적 거리두기를 완화하겠다고 밝히자마자 클럽을 중심으로 코로나19 확진자가 늘어나고 있다. 이런 가운데 도널드 트럼프 미 대통령이 중국과의 무역 재협상에 관심 없다고 밝히면서 투자심리를 더욱 위축시키고 있다. 수급을 보면 개인투자자만 2662억원 순매수하고 있다. 외국인과 기관은 각각 710억원, 1911억원 순매도중이다. 원-달러 환율은 7.3원 오른 1227.8원에 거래돼 원화 약세 흐름이다. 시가총액 상위 종목들은 하락세가 강하다. 삼성전자(005930), SK하이닉스(000660)가 1%대 하락하고 LG화학(051910), 현대차(005380), 삼성SDI(006400), 삼성물산(028260)이 2%대 떨어지고 있다. 현대모비스(012330)도 2%대 약세다. 반면 삼성바이오로직스(207940), NAVER(035420)는 강세 흐름이다. 셀트리온(068270)은 1%대, 엔씨소프트(036570)도 1%대 오르고 있다. 업종별로는 통신업, 의약품, 음식료품만 강세를 보일 뿐 나머지 업종이 일제히 하락하고 있다.최정희 (jhid0201@edaily.co.kr)＜ⓒ종합 경제정보 미디어 이데일리 - 무단전재 & 재배포 금지＞",/news/news_read.nhn?article_id=0004637985&office_id=018&mode=search&query=삼성바이오로직스&page=2
,"[머니투데이 정인지 기자] [편집자주] 코스닥의 가파른 질주가 계속되고 있다. 3월 급락장에서 바닥을 다진 코스닥은 어느새 연고점을 눈앞에 두고 있으며 코스피에 비해 흐름도 견고하다. 그러나 한편에선 신중론도 나온다. 코스닥은 700선을 넘어설 수 있을까. 전문가들의 시각을 종합해봤다. [[연중고점 코 앞 코스닥]①개인매수세에 급등…""한국만 중소형주 올랐다""]코스닥지수가 2달만에 60%가 급등하면서 어느새 연초 수준을 회복했다. 코로나19(COVID-19)에 수혜를 입을 것으로 기대되는 바이오·IT(정보통신) 주들이 폭등한 덕분이다. 증시 전문가들은 ""개인 매수세가 유입되는 종목들은 계속 상승할 것""이라면서도 ""지수가 빠르게 올라와 이제부터 종목별 차별화가 나타날 수 있다""고 조언했다. 12일 오전 11시 30분 현재 코스닥지수는 연초(674.02) 대비 소폭 상승한 679.81을 기록 중이다. 코스닥지수는 지난 3월에 기록한 저점 대비 약 62%가 상승해 빠른 회복력을 보이고 있다. 코스피지수는 1920선으로 연초 보다 12% 낮은 것과 비교된다. 코스닥지수의 탄탄한 상승세는 개인들의 매수세가 몰리고 있는데다 외국인들이 이탈이 크지 않았기 때문으로 해석된다. 코스닥시장에서 비중이 높은 바이오기업들은 코로나19 치료제 및 진단키드로, IT기업들은 △디지털 인프라 구축 △비대면 산업 육성 △사회간접자본(SOC) 디지털화로 위시되는 '한국판 뉴딜'의 수혜를 입을 것으로 기대된다. 실제로 코스닥 시가총액 10위 중에서는 셀트리온제약(3위), 씨젠(5위), 알테오젠(8위)이 새로 편입되면서 시총 10종목 중 6곳이 바이오기업이 점령했다. 셀트리온제약과 알테오젠의 주가는 연초 대비 약 2배, 씨젠은 3배가 오른 상황이다. 특히 시장 내 외국인 비중이 크지 않아 개인투자자들의 매수세가 증시 상승에 직결됐다. 지수가 저점을 찍은 지난 3월 19일 이후 개인 투자자들은 코스닥시장에서 1조8285억원을 순매수했다. 기관과 외국인도 최근 순매수로 돌아서 지난 일주일간 외국인은 738억원, 기관은 1418억원을 매수하 있다. 이경민 대신증권 연구원은 ""코스닥기업들은 세계 경제나 무역에 대한 민감도가 낮아 코스피보다 먼저 낙폭을 회복했다""며 ""실적을 바탕으로 지수가 상승한 것은 아니지만, 코로나19 이후 변화된 사업환경에 대한 기대감으로 상승 흐름이 좀더 이어질 수 있다""고 말했다. 이러한 상승세는 한국 증시만의 특징으로 꼽힌다. 미국에서도 나스닥지수가 최근 연초 수준을 회복하긴 했지만, 페이스북, 아마존닷컴, 애플, 구글 등 대형주들의 비중이 높다. 이진우 메리츠증권 연구원은 ""나스닥지수는 대형 기술주가 상승을 이끌어 전세계적으로 중소형주가 강세를 보이고 있다고 볼 수 없다""며 ""최근 코스닥지수의 상승은 특정 섹터의 상승이 원인""이라고 판단했다. 투자자들은 그러나 코스닥 상승세가 마냥 즐겁지는 않다. 코스닥지수가 급등했다가 급락한 사례가 많아서다. 2018년에도 중소형주 붐으로 코스닥지수가 900선까지 올랐다가 당해 말 600선으로 주저앉았다. 코스닥 대장주인 셀트리온헬스케어도 당시 15만원대까지 치솟았다가 연말 6만원대로 반토막이 났다. 삼성바이오로직스와 함께 분식회계 의혹이 불거지면서 금융감독원이 감리에 들어가자 주가 상승 기대감은 한순간에 축소됐다. 코스닥증시는 규모가 작아 변동성이 큰 탓이다. 코스닥 전체 1412종목의 시총은 252조1170억원으로 삼성전자의 보통주 시총(285조0575억원)보다도 작다. 그만큼 저가의 기업이 많다는 의미다.김학균 신영증권 리서치센터장은 ""지난 코스닥증시 상승세와 다르지 않다고 본다""며 ""개인투자자들의 매수세는 계속되겠지만 옛날과 질적으로 다르다고 말하긴 어렵다""고 밝혔다. 그는 ""실질적인 사업이 뒷받침되는 기업들은 주가가 유지되겠지만, 섹터에 대한 기대감으로 함께 오른 기업들은 높은 주가가 계속되기 어렵다""고 말했다. 주가 상승세만큼 실적도 뒷받침 되지 않는 기업들이 많다는 점도 부담이다. 셀트리온헬스케어·제약은 PER이 지난해 실적 대비 200~300배에 달한다. 알테오젠은 2016년부터 4년 연속 연결 영업손실을 기록하고 있지만 인간 히알루로니다제(ALT-B4) 기술 수출이 예상되면서 올해 주가가 2배 이상이 뛰었다. 시총 12위 제넥신, 13위 메지온도 2년 이상 연속 적자를 기록하고 있다. 노동길 NH투자증권 연구원은 ""개인 투자 비중이 높아 개인들의 매수세가 끝이 나기 전까지는 코스닥지수가 계속 상승할 것으로 예상된다""면서도 ""코스닥기업들은 실적 추정치가 없는 기업들이 많아 명확한 수치로 증시의 고평가, 저평가를 말하기 어렵다""고 지적했다. 정인지 기자 injee@mt.co.kr
<저작권자 ⓒ '돈이 보이는 리얼타임 뉴스' 머니투데이, 무단전재 및 재배포 금지>",/news/news_read.nhn?article_id=0004407338&office_id=008&mode=search&query=삼성바이오로직스&page=2
'삼성물산·제일모직 합병' 의혹 관련이르면 이번주 이재용 소환 전망도,"[서울=뉴시스] 김가윤 기자 = 삼성물산과 제일모직 합병 의혹 등을 수사 중인 검찰이 김종중 전 미래전략실 전략팀장(사장)을 재소환했다.검찰이 이르면 이번주 이재용 삼성전자 부회장을 소환할 것이란 전망이 나오는 가운데, 삼성그룹의 전·현직 임원들을 연이어 소환하며 막판 '혐의 다지기'에 집중하는 모습이다.12일 법조계에 따르면 서울중앙지검 경제범죄형사부(부장검사 이복현)는 이날 오전 김 전 사장을 소환해 조사하고 있다.검찰은 김 전 사장을 상대로 삼성물산과 제일모직 합병 과정에 그룹 차원의 개입이 있었는지 여부 등을 조사할 것으로 보인다.검찰은 삼성바이오로직스 분식회계 의혹 사건과 함께 지난 2015년 삼성물산과 제일모직 합병 과정에 불법 행위가 있었는지 여부 등을 수사 중이다. 삼성물산과 제일모직 합병 과정이 이 부회장의 경영권 승계 과정과 직결돼 있다고 검찰은 의심하고 있다.검찰은 전날 유상호 한국투자증권 부회장을 참고인 신분으로 불러 합병 과정에 관한 의혹을 조사했으며, 지난달 말에는 윤용암 전 삼성증권 대표를 불러 그룹 차원의 개입 여부 등을 확인했다.또 검찰은 김태한 삼성바이오로직스 대표와 고한승 삼성바이오에피스 대표도 최근 다시 소환해 분식회계 관련 의혹을 조사했다. 이 밖에 최치훈 삼성물산 이사회 의장(사장)과 최지성 전 미래전략실 실장(부회장), 김신 전 삼성물산 대표, 이영호 삼성물산 대표 등도 소환됐다.검찰은 이달 내 수사를 마무리한다는 목표로, 그간의 수사기록 등을 살펴보며 관련자 진술 등을 정리하고 있는 것으로 전해졌다. 검찰은 이 부회장의 조사 필요성을 검토 중이며, 최종적으로 그를 소환한 뒤 1년6개월간 이뤄졌던 장기 수사를 마무리할 것으로 보인다. yoon@newsis.com<ⓒ 공감언론 뉴시스통신사. 무단전재-재배포 금지>",/news/news_read.nhn?article_id=0009857620&office_id=003&mode=search&query=삼성바이오로직스&page=2
코스닥 하락세…0.81% 내린 679.50 거래 중,"[더팩트ㅣ박경현 기자] 국내증시가 외국인과 기관의 매도에 일제히 하락세를 나타내고 있다.12일 오전 11시 30분 현재 코스피는 전장대비 19.29포인트(-1.00%) 하락한 1916.11선이다.코스피는 현재까지 개인 홀로 매수세를 유지하고 있다. 개인은 3846억 원을 사들인 반면 외국인과 기관은 각각 1326억 원, 2464억 원을 팔아치우고 있다.코스닥은 오전 중 하락세로 전환했다. 코스닥은 전장대비 5.54포인트(-0.81%) 내린 679.50를 나타내고 있다.코스닥에서도 개인 홀로 679억 원을 매수 중인 반면 외국인과 기관은 각각 512억 원, 174억 원을 순매도 중이다.시가총액 상위종목 주가는 엇갈리고 있다. 삼성전자(-1.45%), SK하이닉스(-0.83%)는 내림세인 반면 삼성바이오로직스(+0.68%)와 네이버(+1.63%)는 상승 중이다.현재까지 업종은 게임엔터테인먼트(+3.29%)가 강세다. 뒤를 이어 생명과학도구및 서비스, 무선통신서비스, 건강관리업체및 서비스가 2~3%가량 오름세다.반면 교육서비스, 가정용기기와용품, 조선, 디스플레패널은 3%대 하락 중이다.pkh@tf.co.kr저작권자 ⓒ 특종에 강한 더팩트 & tf.co.kr 무단 전재 및 재배포 금지",/news/news_read.nhn?article_id=0000025447&office_id=629&mode=search&query=삼성바이오로직스&page=2
,"[서울경제] 국내 증시가 신종 코로나바이러스 감염증(코로나19) 재확산 등 경기 침체 장기화 우려가 불거지며 하락세를 보이고 있다. 기관투자자와 외국인은 이틀 연속 매도에 나섰다.12일 오후 1시14분 현재 코스피는 전장보다 0.71%(13.67포인트) 하락한 1,921.73을 나타냈다. 이날 지수는 전 거래일 대비 0.17%(3.22포인트) 오른 1,938.62로 출발했지만, 곧 하락 전환했다. 이후 1,920선에서 보합 추세다.같은 시간 개인은 홀로 4,583억원을 순매수했다. 반면 외국인과 기관은 각각 1,411억원과 3,104억원을 팔았다. 노동길 NH투자증권 연구원은 “국내 주식시장은 흔들림에도 개인 투자자가 순매수 규모를 늘리고 있다”며 “개인 투자자는 과거와 달리 시가총액 상위주에도 순매수를 집중하고 있다”고 말했다. 금일 개인 수급 집중 업종은 전기전자·화학·금융 등 코스피 우량주에 쏠렸다.코스피 시가 총액 상위 종목 중에서는 인터넷 관련 종목인 네이버와 카카오는 각각 5.36%와 3.86% 올라 강세다. 이외에도 삼성바이오로직스(0.68%), 셀트리온(0.71%), LG생활건강(0.21%) 등이 상승세다. 반면 삼성전자와 SK하이닉스는 각각 1.45%와 0.24% 하락세다..같은 시간 코스닥지수는 0.74%(2.24포인트) 내린 679.99를 기록했다. 지수는 전 거래일 대비 0.36%(2.44포인트) 오른 687.48로 출발해 상승세를 유지하는 듯했지만, 이내 하락세를 보였다. 현재 외국인과 기관은 913억원과 266억원씩을 순매도했다. 반면 개인은 1,194억원을 순매수했다.시가 총액 상위 종목은 셀트리온헬스케어(1.35%), 펄어비스(2.52%), 셀트리온제약(3.49%), 씨젠(6.46%) 등이 강세다. /신한나기자 hanna@sedaily.com저작권자 ⓒ 서울경제, 무단 전재 및 재배포 금지",/news/news_read.nhn?article_id=0003735979&office_id=011&mode=search&query=삼성바이오로직스&page=2
,"삼성바이오로직스가 최근 한달 중 17일 동안 검색 상위 종목에 랭킹되었다. 삼성바이오로직스는 12일 오후 2시 32분 현재 전일보다 0.85% 오른 59만 1000원에 거래되고 있다.
이는 지난 4월 8일 대비 23.77% 상승한 수준이다. 삼성바이오로직스는 삼성그룹의 바이오 사업 지주사로 알려져 있다. 오늘 외국인은 삼성바이오로직스를 2만 362주 순매수 하고 기관은
3000주 순매수 하는 것으로 잠정 집계되고 있다. 최근 5일 동안 개인 투자자들은 2만 8091주 순매도 했고, 외국인과 기관은 각각 5만 442주 순매수, 1만 8016주 순매수 했다.

※자료출처 : 인공지능 투자 비서 AI라씨로※ 이 기사는 아시아경제와 금융 AI 전문기업 씽크풀이 공동 개발한 기사 자동생성 알고리즘에 의해 실시간으로 작성된 것입니다. 아경봇 기자 r2@asiae.co.kr <ⓒ경제를 보는 눈, 세계를 보는 창 아시아경제 무단전재 배포금지>",/news/news_read.nhn?article_id=0004676724&office_id=277&mode=search&query=삼성바이오로직스&page=2
,"국내에서 코로나19 확진자가 사흘째 20명선을 웃도는 등코로나19 재확산에 대한 우려가 퍼지면서 코스피가 약보합세를 머물고 있다.12일 코스피는 전일 대비 13.23포인트(0.68%) 내린 1922.17에 거래를 마쳤다. 코스피는 지난달 29일 장중 1950선에 올라선 뒤 눈에 띄게 상승 탄력이 줄어 들었다. 경제활동 재개 기대감과 코로나19 재확산 우려가 뒤섞이면서 지수가 좀처럼 방향성을 잡지 못하는 모습이다.최근 한국, 독일, 중국과 같이 코로나19를 비교적 잘 통제했던 지역에서 재확산 조짐이 나타나고 있다. 중앙방역대책본부(방대본)은 이날 0시 기준 코로나19 확진자가 전날 0시보다 27명 증가했다고 밝혔다. 신규 확진자 27명 중 22명이 국내 발생 사례다. 서울 용산구 이태원 클럽들을 중심으로 발생한 집단감염 사례가 계속 보고되고 있다.중국에서도 집단 감염 사례가 나오고 있다. 우한의 한 지역에서 6명이 감염된 사례가 보고됐고 지린성은 1명의 확진자가 14명에게 전파시킨 사례가 보고됐다. 이런 와중에도 미국과 유럽에서는 경제활동 재개 움직임이 완연하다. 미국에서는 뉴욕주 일대를 제외하면 사실상 전역이 경제활동 재가동에 들어갔다. 현재 비필수업종에 대한 '재택명령'이 적용되는 주 정부는 뉴욕주와 코네티컷주, 매사추세츠주 3곳에 불과하다. 뉴욕주는 오는 15일, 매사추세츠주는 18일, 코네티컷주는 20일로 각각 재택명령이 만료되기 때문에 다음주면 미 전역에서 봉쇄령이 풀릴 것으로 예상된다. 영국도 이동 제한조치를 완화하기 시작했다. '집에 머물러라'고 했던 정부 정책의 슬로건이 '경계를 유지하라'로 변경됐다. 13일부터는 야외활동 제한도 완화할 예정이며 다음달부터는 개학도 가능할 것으로 예상된다. 김일혁 KB증권 연구원은 ""코로나19 통제력의 선두에 섰던 나라에서 바이러스가 재확산되면서 전세계적으로 경제활동 재개 기대가 약해질 수 있다""라며 ""정부가 이동제한 조치를 완화해도 코로나19 통제력이 확실하지 않다면 경제활동 재개 속도는 더딜 것""이라고 말했다. 업종별로 철강·금속, 섬유·금속, 건설업, 기계, 운송장비 등이 2% 넘게 빠졌고 의약품 한 업종만 소폭 올랐다.매매주체별로 외국인과 기관이 각각 3112억원, 2989억원을 순매도했고 개인은 6063억원을 순매수했다. 프로그램 매매는 3157억원 매도 우위를 나타냈다.시가총액 상위 종목들은 혼조세를 보였다.삼성전자, LG화학, LG생활건강, 현대차 등은 떨어졌고 SK하이닉스, 삼성바이오로직스, NAVER, 셀트리온 등은 올랐다.이날 유가증권시장에서는 1개 상한가를 포함해 183개 종목이 상승했고 671개 종목이 하락했다.코스닥은 전일 대비 0.83포인트(0.12%) 내린 684,21에 마감했다. [디지털뉴스국 고득관 기자] [ⓒ 매일경제 & mk.co.kr, 무단전재 및 재배포 금지]",/news/news_read.nhn?article_id=0004573317&office_id=009&mode=search&query=삼성바이오로직스&page=1
▶ 헉! 소리나는 스!토리 뉴스 [헉스]▶ '아는 척'하고 싶은 당신을 위한 [두유노우],"[파이낸셜뉴스] 코스피가 이틀째 하락해 1920선 마감했다.
 12일 코스피지수는 전일대비 13.23포인트(0.68%) 하락한 1922.17을 기록했다. 지수는 전장보다 3.22포인트(0.17%) 오른 1938.62에서 출발해 약세로 전환, 장중 1900선까지 밀리기도 했다.
 코로나19 재확산과 미중 무역분쟁 우려가 투자심리에 부정적으로 작용했다.
 이날 코스피시장에서 외국인과 기관은 각각 3113억원, 2290억원을 순매도 했다. 개인은 6064억원을 순매수 했다.
 업종별로는 음식료업, 의약품, 통신업, 서비스업을 제외한 전 종목이 하락했다.
 시가총액 상위종목은 혼조세를 나타냈다. 삼성전자는 전일대비 1.03%(500원) 하락한 4만7900원을 기록했다. LG화학, LG생활건강, 현대차, 삼성SDI, 삼성물산도 1~2%대 내렸다. 반면 SK하이닉스, 삼성바이오로직스, 네이버, 카카오, 셀트리온은 1~3%대 안팎 올랐다.
 같은날 코스닥지수는 전일대비 0.83포인트(0.12%) 하락한 684.21을 기록했다. 코스닥시장에서 외국인과 기관은 각각 1015억원, 269억원을 순매도 했다. 개인은 1317억원을 순매수 했다.
 한편, 이날 서울 외환시장에서 원·달러환율은 전장대비 4.3원 오른 1224.8원에 마감했다.



 ※ 저작권자 ⓒ 파이낸셜뉴스. 무단 전재-재배포 금지",/news/news_read.nhn?article_id=0004423159&office_id=014&mode=search&query=삼성바이오로직스&page=1
,"[서울경제] 국내 증시는 신종 코로나바이러스 감염증(코로나19) 이후 밸류에이션 고평가 논란이 제기되면서 하락세로 장을 마감했다. 미중 무역 분쟁 재개 가능성 또한 증시에 부정적인 영향을 미쳤다는 평가다.12일 코스피지수는 전장보다 0.68%(13.23포인트) 하락한 1,922.17로 장을 마쳤다. 이날 지수는 전 거래일 대비 0.17%(3.22포인트) 오른 1,938.62로 출발했지만, 하락 포지션으로 전환했다.개인투자자는 전거래일에 이어 이틀 연속 5,000억원 넘게 순매수를 이어 갔다. 이날 개인은 홀로 6,069억원을 순매수했다. 반면 외국인과 기관은 각각 3,116억원과 2,990억원을 순매도했다. 노동길 NH투자증권 연구원은 “여기에 미국과 중국 간 파열음이 투자심리에 부정적으로 작용하고 있다”며 “지난주 미중 대화 분위기에 안도했던 미국 주식시장은 중국 관영 언론 자매지 환구시보(글로벌타임스)는 무역 합의 무효화 가능성 보도에 우려감을 드러냈다”고 말했다.코스피 시가 총액 상위 종목 중에서는 인터넷 관련 종목인 네이버와 카카오가 각각 2.33%와 3.37% 올라 강세를 보였다. 이외에도 SK하이닉스(1.42%), 삼성바이오로직스(1.02%), 셀트리온(0.24%)이 상승 마감했다. 삼성전자(-1.03%), LG화학(-2.45%), LG생활건강(-1.18%), 현대차(-1.92%) 등은 하락했다.같은 시간 코스닥지수는 0.12%(0.83포인트) 내린 684.21을 기록했다. 지수는 전 거래일 대비 0.36%(2.44포인트) 오른 687.48로 출발했다. 현재 외국인과 기관은 1,015억원과 265억원씩을 순매도했다. 반면 개인은 1,313억원을 순매수했다.시가 총액 상위 종목은 대부분 상승세를 보였다. 셀트리온헬스케어(1.13%), 펄어비스(2.62%), 셀트리온제약(3.49%), 씨젠(6.78%), 알테오젠(2.55%) 등 바이오 헬스케어 종목이 강세를 보였다. 반면 CJ ENM(-3.42%), 케이엠더블유(-0.82%), SK머티리얼즈(-0.48%) 등은 약세였다./신한나기자 hanna@sedaily.com저작권자 ⓒ 서울경제, 무단 전재 및 재배포 금지",/news/news_read.nhn?article_id=0003736144&office_id=011&mode=search&query=삼성바이오로직스&page=1
개인투자자만 홀로 6000억원대 순매수엔씨소프트 6%대 올라..시총 2~3위 1~2%대 올라,"[이데일리 최정희 기자] 코스피 지수가 2거래일 연속 하락했다. 신종 코로나 바이러스 감염증(코로나19) 재확산에 대한 경계감에 따른 것으로 풀이된다. 12일 장중 코스피 흐름(출처: 마켓포인트)12일 마켓포인트에 따르면 코스피 지수는 전 거래일보다 13.23포인트, 0.68% 하락한 1922.17에 거래를 마쳤다. 2거래일 연속 하락세다. 이날 코스피 지수는 1930선에 개장한 직후 장 초반 1%대 하락세를 보였으나 시간이 갈수록 하락폭을 좁혔다. 그러다 장중 소폭 상승 전환하는 듯 했으나 또 다시 하락세로 전환됐다. 장중 중국 재무부가 희토류 광석을 포함해 미국 상품 79종에 대해 1년간 수입 관세를 면제할 것이라고 밝히면서 미국과 중국간 갈등 관계가 완화되는 듯 했으나 증시에 미치는 영향은 제한적이었다. 수급으로 보면 개인투자자가 6063억원을 순매수했다. 외국인과 기관은 각각 3112억원, 2989억원을 동반 순매도했다. 금융투자는 2932억원, 연기금 등은 737억원 가량을 순매도했다. 보험(83억원), 투신(582억원), 기타금융(75억원), 기타법인(33)만 순매수를 보였다. 이날 원-달러 환율은 4.3원 오른 1224.8원에 거래를 마쳐 원화 약세 흐름을 보였다. 프로그램매매는 차익과 비차익을 합해 3158억원 순매도세를 기록했다. 시가총액 상위 종목들은 희비가 갈렸다. 삼성전자(005930)는 1%대 하락했으나 SK하이닉스(000660)와 삼성바이오로직스(207940)는 각각 1%대씩 상승했다. 네이버(035420)와 카카오(035720)는 각각 2%대, 3%대 올랐다. SK텔레콤(017670)과 엔씨소프트(036570)는 2%대, 6%대 상승했다. 반면 LG화학, 삼성물산(028260)은 2%대 하락하고 LG생활건강(051900) 현대차(005380), 삼성SDI(006400), 현대모비스(012330)는 1%대 떨어졌다. POSCO(005490)는 3%대, 신한지주(055550), 한국전력(015760), 삼성SDS(018260)는 2%대씩 하락했다. 개별 종목으로 보면 자사주 소각 공시를 낸 메리츠금융지주(138040)가 2%대 상승했다. 1분기 어닝 서프라이즈를 기록한 현대리바트(079430)는 상한가를 기록했다. 검찰이 LS니꼬동제련을 압수수색했다는 소식이 알려지면서 LS(006260), LS네트웍스(000680) 등은 2%대 하락했다. 업종별로 보면 하락 우위 흐름이 강했다. 통신업이 2%대, 음식료품이 1%대 강세를 보였을 뿐 나머지 대다수 업종이 하락했다. 철강금속, 기계, 건설업, 운송장비, 은행, 섬유의복 등이 2%대 하락하고 화학, 유통업, 전기가스업, 운수창고 등은 1%대 하락했다. 이날 거래량은 7억8390만6000주, 거래대금은 9조5041억3300만원으로 집계됐다. 상한가 1개 종목을 포함해 183개 종목이 올랐고 하한가 없이 671개 종목이 하락했다. 57개 종목은 보합권에서 거래를 마쳤다.최정희 (jhid0201@edaily.co.kr)＜ⓒ종합 경제정보 미디어 이데일리 - 무단전재 & 재배포 금지＞",/news/news_read.nhn?article_id=0004638334&office_id=018&mode=search&query=삼성바이오로직스&page=1
,"이태원발 신종 코로나바이러스 감염증(코로나19) 재확산 우려가 재부각되면서 코스피는 소폭 하락 마감했다. 투자심리가 위축된 외국인과 기관이 이날도 매도를 이끌며 지수 상승을 막았다.코스피는 7일 전 거래일 대비 0.68%(-13.23포인트) 하락한 1922.17에 거래를 마쳤다. 이날도 개인이 매수를 이끌었고 외국인은 파는 것에 초점이 맞춰졌다. 개인은 6064억원 순매수했고 외국인은 3107억원 순매도했다. 기관도 2989억원 순매도를 기록했다.코스피 시가총액 10개 상위종목은 혼조세로 마감됐다. 삼성전자를 비롯한 삼성전자우, LG화학, LG생활건강, 현대차, 삼성SDI 등은 1% 초반대에서 2% 중반대까지 하락했다. 반면 SK하이닉스(1.42%), 삼성바이오로직스(1.02%), 네이버(2.33%), 셀트리온(0.24%)는 상승 마감했다.코스닥은 전 거래일 대비 0.12%(-0.83포인트) 내린 684,21에 거래를 마쳤다. 개인은 1317억원 순매수했고 외국인과 기관은 각각 997억원 268억원 순매도했다.코스닥 시가총액 10개 상위종목도 혼조세를 보였다. 셀트리온헬스케어(1.13%), 펄어비스(2.62%), 셀트리온제약(3.49%), 씨젠(6.78%), 알테오젠(2.55%) 등은 빨간불이 켜지며 상승마감했다. 반면 에이치엘비는 –8.27%, CJ ENM도 –3.42%를 기록했다. 케이엠더블유와 SK머티리얼즈도 각각 –0.82%, -0.48%로 하락세를 보였다.코로나19 재확산 우려가 증시를 다시 끌어 내렸다는 분석이다. 다만 코로나19 관련 진단키드주와 온라인교육주, 게임주 등 재택 관련 종목과 테마는 다시 주가가 상승, 전체적인 지수 하락폭을 줄였다.앞서 뉴욕증시도 코로나19 재확산 우려에도 불구하고 기술주 강세에 혼조세를 기록했다.한편 이날 달러/원 환율은 4.30원(0.35%) 인상된 1224.80원으로 거래를 마쳤다.송창범 기자
 <저작권자 ⓒ '성공을 꿈꾸는 사람들의 경제 뉴스' 머니S, 무단전재 및 재배포 금지>",/news/news_read.nhn?article_id=0000541409&office_id=417&mode=search&query=삼성바이오로직스&page=1
외인·기관 6천억원 넘게 순매도…코스닥 약보합,"[아이뉴스24 류은혁 기자] 코스피가 외국인과 기관의 6천억원 넘는 매도공세에 하락으로 마감했다. 코로나19 책임론을 둘러싼 미국과 중국의 충돌 우려가 미·중 무역협상 갈등으로 번지면서 국내 증시에 악재로 작용했다.12일 코스피지수는 전날보다 13.23포인트(0.68%) 내린 1922.17에 마감했다. 이날 코스피는 코로나19 재확산 우려에 하락세로 출발, 외국인과 기관의 매도세가 거세지면서 낙폭을 키웠다.이날 개인이 6천64억원 순매수한 반면 외국인과 기관이 각각 3천107억원, 2천989억원 순매도했다.앞서 코로나19 책임 여부를 두고 미국과 중국의 무역분쟁이 다시 점화될 가능성이 제기됐다. 도널드 트럼프 미국 대통령은 11일(현지시간) 중국에 유리한 조건으로 무역합의 재협상이 이뤄질 가능성과 관련해 ""전혀 관심 없다""며 ""중국은 수십년간 미국을 이용해왔다""고 비판했다.이날 시가총액 상위 10종목은 혼조세를 나타냈다. SK하이닉스(1.42%), 삼성바이오로직스(1.02%), NAVER(2.33%), 셀트리온(0.24%)은 상승한 반면 삼성전자 –1.03%, 삼성전자우 –1.57%, LG화학 –2.45%의 하락률을 보였다.업종별로는 대부분 하락세를 보였다. 게임엔터테인먼트(5.15%), 건강관리업체 및 서비스(4.46%), 생명과학도구 및 서비스(4.31%) 업종이 상승한 반면 사무용전자제품(-4.51%), 가정용기기와 용품(-3.83%), 교육서비스(-3.77%), 조선(-3.62%), 디스플레이패널(-3.23%) 업종이 하락했다. 이날 상한가 종목은 현대리바트 1개였고, 하한가 종목은 없었다.코스닥지수는 전 거래일 대비 0.83포인트(0.12%) 내린 684.21에 장을 끝냈다. 개인이 1천315억원 순매수한 반면 외국인과 기관은 각각 997억원, 266억원 순매도했다.시가총액 상위 10종목은 혼조세를 보였다. 셀트리온헬스케어(1.13%), 펄어비스(2.62%), 셀트리온제약(3.49%)이 상승한 반면 에이치엘비 –8.27%, CJ ENM –3.42%, 케이엠더블유 –0.82%, SK머티리얼즈 –0.48%의 하락세를 보였다.이날 상한가 종목은 플레이디, 넥스트BT 2종목이었고 하한가 종목은 없었다.한편 이날 서울외환시장에서 원/달러 환율은 전 거래일 대비 4.3원 오른 1224.8원에 마감됐다. ehryu@inews24.com [ⓒ 아이뉴스24 무단전재 및 재배포 금지]",/news/news_read.nhn?article_id=0000537936&office_id=031&mode=search&query=삼성바이오로직스&page=1
,"코로나19 확산·미중 무역분쟁 재점화 우려…코스닥, 5일 만에 하락(서울=연합뉴스) 황재하 기자 = 코스피가 이틀째 하락 마감했다.

12일 코스피는 전날보다 13.23포인트(0.68%) 내린 1,922.17에 거래를 마쳤다.

지수는 전장보다 3.22포인트(0.17%) 오른 1,938.62에서 출발했으나 이후 하락과 상승을 오간 끝에 하락세를 굳혔다.

유가증권시장에서는 외국인이 3천115억원, 기관이 2천990억원어치를 각각 순매도했다. 개인은 6천67억원을 순매수했다.

이경민 대신증권 연구원은 ""신종 코로나바이러스 감염증(코로나19) 확산 속도가 다시 빨라질 수 있다는 우려에 경기 회복 기대감이 낮아지고, 도널드 트럼프 미국 대통령이 중국에 대해 강경하게 발언하면서 미중 무역분쟁 재점화 우려가 확대되면서 주가지수 하락으로 이어졌다""고 설명했다.

트럼프 대통령은 11일(현지시간) 백악관 기자회견에서 중국에 유리한 조건으로 무역 합의 재협상이 이뤄질 가능성과 관련해 ""전혀 없다. 조금도 없다. 관심 없다""고 말했다.

시가총액 상위 종목 가운데는 LG화학(-2.45%), 삼성물산(-2.44%), 현대차(-1.92%), LG생활건강(-1.18%), 삼성SDI(-1.05%), 삼성전자(-1.03%) 등이 내렸다.

네이버(2.33%), SK하이닉스(1.42%), 삼성바이오로직스(1.02%), 셀트리온(0.24%)은 올랐다.

업종별로는 철강·금속(-2.54%), 섬유·의복(-2.51%), 건설업(-2.15%), 기계(-2.12%), 운수·장비(-2.07%), 은행(-2.06%), 화학(-1.95%), 증권(-1.86%), 전기·가스업(-1.84%), 보험(-1.80%), 운수·창고(-1.78%), 유통업(-1.52%), 금융업(-1.45%), 비금속광물(-1.39%) 등 대부분이 약세였다.

통신업(2.18%), 음식료품(1.69%), 서비스업(1.34%), 의약품(0.88%)은 강세였다.

주가가 내린 종목은 671개, 오른 종목은 184개였다. 보합은 43개 종목이었다.

프로그램 매매는 차익거래와 비차익거래 모두 매도 우위로 전체적으로는 3천157억원의 순매도로 집계됐다.

유가증권시장의 거래량은 7억6천652만주, 거래대금은 9조4천813억원이었다.코스닥지수는 전장보다 0.83포인트(0.12%) 내린 684.21로 마감했다.

코스닥지수가 하락 마감한 것은 지난 4일 이후 5거래일 만이다.

지수는 전장보다 2.44포인트(0.36%) 오른 687.48로 개장했으나 장 후반까지 하락과 상승을 오간 끝에 하락세로 가닥을 잡았다.

코스닥시장에서도 외국인은 1천15억원, 기관은 266억원어치를 순매도했다. 개인은 1천315억원을 순매수했다.

시총 상위 종목 가운데는 에이치엘비(-8.27%), CJ ENM(-3.42%), 케이엠더블유(-0.82%), SK머티리얼즈(-0.48%) 등이 내렸다.

씨젠(6.78%), 셀트리온제약(3.49%), 펄어비스(3.62%), 알테오젠(2.55%), 셀트리온헬스케어(1.13%), 스튜디오드래곤(0.13%) 등은 올랐다.

코스닥시장의 거래량은 14억1천5만주, 거래대금은 9조7천526억원이었다.

서울 외환시장에서 원/달러 환율은 전 거래일보다 4.3원 오른 달러당 1,224.8원에 마감했다.

jaeh@yna.co.kr",/news/news_read.nhn?article_id=0011603771&office_id=001&mode=search&query=삼성바이오로직스&page=1
,"[서울=뉴시스] 김제이 기자 = 코스피가 신종 코로나 바이러스 감염증(코로나19) 재확산 우려에 이틀 연속 하락세로 마감했다.12일 코스피지수는 전 거래일(1935.40)보다 3.22포인트(0.17%) 오른 1938.62에 출발한 뒤에 바로 반락한 뒤 하락 구간을 맴돌다 13.23포인트(0.68%) 내린 1922.17에 마감했다.이날 지수는 이태원 클럽 확진자로 인해 줄어들던 신규 확진자 수가 다시 늘어나자 코로나19 재확산 우려로 투자심리가 위축된 것으로 풀이된다.유가증권시장에서 개인은 이날 6065억원을 홀로 순매수하며 지수의 낙폭 확대를 방어했다. 반면 외국인과 기관 투자자들은 각각 3116억원 2987억원을 순매도하며 지수를 끌어내렸다.업종별로는 대체로 하락세를 보였다. 이날 통신업(2.18%), 음식료품(1.69%), 서비스업(1.34%), 의약품(0.88%)를 제외한 모든 업종이 하락했다. 철강금속, 섬유의복, 건설업, 기계, 운송장비, 은행은 2%대로 크게 내렸다. 그 밖에 화학, 증권, 전기가스업, 보험, 운수창고, 유통업, 금융업, 비금속광물도 1%대로 하락했다.시가총액 상위 10개 종목들은 희비가 교차했다. 이날 시총 1위 대장주 삼성전자가 전날 대비 500원(1.03%) 내린 4만7900원에 거래를 마쳤다. 상승한 종목은 네이버(2.33%), SK하이닉스(1.42%), 삼성바이오로직스(1.02%), 셀트리온(0.24%)이다. 반면 내린 종목은 삼성전자를 제외하고 LG화학(-2.45%), 삼성물산(-2.44%), 현대차(-1.92%), LG생활건강(-1.18%), 삼성SDI(-1.05%) 등이 있다.증권가에서는 이날 코스피의 부진에 코로나19 재확산 우려와 미중 무역분쟁 이슈 등이 영향을 줬다고 분석했다.서상영 키움증권 연구원은 ""이날 국내증시는 추가적인 코로나19 확산 우려로 매물 출회되며 하락했다""며 ""더 나아가 트럼프가 중국과의 재 협상은 없다고 주장하고, 나바로, 폼페이오 등이 코로나에 대한 중국의 책임을 물어야 한다고 언급하는 등 미국과 중국의 마찰 심화 또한 부정적 요인으로 작용했다""고 말했다.이날 코스닥지수는 전 거래일(685.04)보다 0.83포인트(0.12%) 내린 684.21에 마감했다. 지수는 전날보다 2.44포인트(0.36%) 오른 687.48에 출발한 뒤 장 중 하락구간과 상승구간을 오다가 내림세로 거래를 마쳤다.코스닥 시장에서 개인은 1316억원을 순매수했으며 외국인과 기관은 각각 1015억원, 268억원을 팔아치웠다.시가 총액 상위 종목들은 혼조세를 보였다. 씨젠(6.78%), 셀트리온제약(3.49%), 펄어비스(2.62%), 알테오젠(2.55%), 셀트리온헬스케어(1.13%), 스튜디오드래곤(0.13%) 등이 올랐다. 반면, 에이치엘비(-8.27%), CJ ENM(-3.42%), 케이엠더블유(-0.82%), SK머티리얼즈(-0.48%) 등이 내렸다. jey@newsis.com<ⓒ 공감언론 뉴시스통신사. 무단전재-재배포 금지>",/news/news_read.nhn?article_id=0009858423&office_id=003&mode=search&query=삼성바이오로직스&page=1
"코스피 0.68% 내린 1922.17, 코스닥 0.12% 내린 684.21달러/원 환율 4.3원 오른 1224.8원","(서울=뉴스1) 박응진 기자 = 12일 코스피는 외국인과 기관의 동반 순매도에 1920선으로 밀렸다. 코스닥도 소폭 내렸다. 시간외 뉴욕 증시 지수 선물이 떨어진 게 영향을 미쳤다. 서울 이태원 클럽발(發) 신종 코로나바이러스 감염증(코로나19) 재확산 우려 등도 반영된 것으로 풀이된다. 이날 코스피는 전날(11일)과 비교해 13.23포인트(0.68%) 떨어진 1922.17로 마감했다. 2거래일 연속 하락 마감이다. 외국인과 기관이 각각 3113억원, 2990억원 순매도했고, 개인이 홀로 6064억원 순매수했다. 이날로 외국인과 기관은 2거래일 연속 순매도, 개인은 2거래일 연속 순매수했다.코스피 시가총액 상위 10개 종목 중 NAVER(2.33%), SK하이닉스(1.42%), 삼성바이오로직스(1.02%), 셀트리온(0.24%)은 상승했고, LG화학(-2.45%), 삼성전자우(-1.57%), 현대차(-1.92%), LG생활건강(-1.18%), 삼성SDI(-1.05%), 삼성전자(-1.03%)는 하락했다.업종별로 보면 통신업(2.18%), 음식료업(1.69%), 서비스업(1.34%), 의약품(0.88%)은 올랐고, 철강금속(-2.54%), 섬유의복(-2.51%), 건설업(-2.15%), 기계(-2.12%), 운수장비(-2.07%) 등은 떨어졌다.코스닥은 전날 대비 0.83포인트(0.12%) 하락한 684.21로 마감했다. 5거래일만에 하락세로 전환한 것이다. 외국인과 기관이 각각 1015억원, 266억원 순매도했고, 개인이 홀로 1315억원 순매수했다. 코스닥 시가총액 상위 10개 종목 중 씨젠(6.78%), 셀트리온제약(3.49%), 펄어비스(2.62%), 알테오젠(2.55%), 셀트리온헬스케어(1.13%), 스튜디오드래곤(0.13%)은 올랐고, 에이치엘비(-8.27%), CJ ENM(-3.42%), 케이엠더블유(-0.82%), SK머티리얼즈(-0.48%)는 떨어졌다. 업종별로는 디지털컨텐츠(2.29%), 제약(1.65%), IT소프트웨어(1.48%), 의료·정밀(1.18%) 등이 올랐고, 운송장비(-5.14%), 비금속(-2.07%), 방송서비스(-1.93%), 출판·매체(-1.84%) 등은 내렸다. 서울외환시장에서 달러/원 환율은 전날보다 4.3원 오른 1224.8원으로 거래를 마쳤다. 서상영 키움증권 연구원은 이날 국내 증시의 하락 배경으로 Δ코로나19 재확산 우려 Δ미중 무역갈등 재점화 가능성 Δ지난 4월 중국의 생산자물가지수 전년 동기 대비 3.1% 하락 등을 꼽았다. 서 연구원은 낙폭이 다소 축소된 데 대해서는 ""이태원발 3차 감염이 없다는 정부 발표 때문으로 추정된다. 이는 코로나19 재확산 우려를 완화시켰다""고 분석했다.pej86@news1.kr© 뉴스1코리아(), 무단 전재 및 재배포 금지",/news/news_read.nhn?article_id=0004633759&office_id=421&mode=search&query=삼성바이오로직스&page=1
"현대리바트 홀로 상한가 기록…코스닥, 5거래일 만에 하락","코스피가 12일 외국인과 기관의 동반 매도에 1920원선으로 후퇴했다.이날 코스피는 전 거래일 대비 13.23포인트(0.68%) 내린 1922.17로 장을 마감했다.지수는 전장보다 3.22포인트(0.17%)오른 1938.62에 장을 출발했다. 이후 신종 코로나바이러스 감염증(코로나19) 우려와 도널드 트럼프 대통령의 ""미·중 무역합의 재협상 관심 없다""는 발언으로 인한 양국 간 무역갈등이 고조되면서 9시 50분 1905.17까지 떨어졌다.이후 지수는 등락을 반복하다 오후 2시 46분 1936.06까지 올라간 뒤 장 막판 다시 떨어져 1920선에서 장을 마쳤다.이날 유가증권시장 하락을 이끈 것은 외국인과 기관의 매도세였다. 외국인은 이날 1722억원을 팔았고, 기관은 2962억원을 매도했다. 개인은 4749억원을 순매수했다.시가총액 상위 종목은 삼성전자(-1.03%), 삼성전자우(-1.57%), LG화학(-2.45%), LG생활건강(-1.18%), 현대차(-1.92%), 삼성SDI(-1.05%) 등이 하락했다.반면, 삼성바이오로직스(1.02%), 네이버(2.33%), 셀트리온(0.24%), 카카오(3.37%) 등 바이오와 언택트 관련주는 상승세를 탔다.업종별로는 철강·금속(-2.54%), 섬유·의복(-2.51%), 건설업(-2.15%), 기계(-2.12%), 운수·장비(-2.07%), 은행(-2.06%) 등이 약세였다. 강세를 보인 업종은 통신업(2.18%), 음식료업(1.69%), 서비스업(1.34%), 의약품(0.88%) 등이다.총 671개 종목이 하락했고, 183개 종목이 상승했다. 이 가운데 현대리바트는 유일하게 상한가를 기록했다. 거래량은 78만3906주, 거래대금은 9조5041억원이다.코스닥지수는 전장보다 0.83포인트(0.12%) 내린 684.21로 마감했다. 5거래일 만에 하락전환이다. 지수는 전일 대비 2.44포인트 오른 687.48로 장을 시작해 코스피와 비슷한 움직임을 보였다.외국인과 기관은 이날 코스닥 시장에서 각각 6420억원과 3037억원을 매도했다. 개인은 1조4137억원 순매수했다.시가총액 상위 종목 가운데 에이치엘비(-8.27%), CJ ENM(-3.42%), 케이엠더블유(-0.82%), SK머티리얼즈(-0.48%) 등이 하락했다. 셀트리온헬스케어(1.13%), 펄어비스(2.62%), 셀트리온제약(3.49%), 씨젠(6.78%) 등의 주가는 올랐다.데일리안 김민석 기자 (kms101@dailian.co.kr)ⓒ (주)데일리안 - 무단전재, 변형, 무단배포 금지",/news/news_read.nhn?article_id=0002401138&office_id=119&mode=search&query=삼성바이오로직스&page=1
코스피 약세…0.68% 내린 1922.17 마감,"[더팩트ㅣ박경현 기자] 12일 국내증시가 이틀 연속 이어진 외국인과 기관의 매도세에 하락장을 기록했다.이날 코스피는 전장 대비 13.23포인트(-0.68%) 내린 1922.17에 장을 마쳤다. 외국인과 기관은 매도포지션을 취해 각각 3111억 원, 2987억 원을 팔아치운 가운데 개인 홀로 6065억 원을 사들였다.시가총액 상위종목 주가는 엇갈렸다. 삼성전자(-1.03%), 삼성전자우(-1.57%), LG화학(-2.45%), LG생활건강(-1.18%), 현대차(-1.92%), 삼성SDI(-1.05%)는 하락했다. 반면 SK하이닉스(+1.42%), 삼성바이오로직스(+1.02%), 네이버(+2.33%), 셀트리온(+0.24%)은 상승하며 장을 마쳤다.이날 업종은 게임엔터테인먼트, 건강관리업체 및 서비스, 생명과학도구 및 서비스가 4~5%가량 올랐다. 반면 사무용전자제품, 가정용기기와 용품, 교육서비스, 조선, 디스플레이패널은 3~4%가량 내렸다.코스닥은 전날과 같이 개인투자자가 매수포지션을 유지했지만 외국인과 기관의 동반 매도가 커지며 약보합 마감했다. 코스닥은 전장대비 0.83포인트(-0.12%)내린 684.21에 장을 마쳤다.이날 개인은 1315억 원가량 사들인 가운데 외국인과 기관은 각각 997억 원, 267억 원을 순매도했다.코스닥 시가총액 상위종목 주가 역시 엇갈렸다. 셀트리온헬스케어(+1.13%), 셀트리온제약(+3.49%), 씨젠(+6.78%), 알테오젠(+2.55%), 스튜디오드래곤(+0.13%)은 오른 반면, 에이치엘비(-8.27%), CJ ENM(-3.42%), 케이엠더블유(-0.82%), SK머티리얼즈(-0.48%)는 내렸다.pkh@tf.co.kr저작권자 ⓒ 특종에 강한 더팩트 & tf.co.kr 무단 전재 및 재배포 금지",/news/news_read.nhn?article_id=0000025479&office_id=629&mode=search&query=삼성바이오로직스&page=1
코스피 저점서 30% 이상 회복할때 19% 상승 그쳐외국인 귀환이 변수…헬스케어·산업재·금융은 `훨훨`,"코스피가 올해 저점 이후 1900선까지 반등하는 과정에서 반도체의 부진으로 인해 IT업종이 다른 업종 대비 가장 낮은 수익률을 올린 것으로 나타났다. 12일 코스피 지수는 1920선으로 장을 마감하며 지난 3월 19일 기록한 저점인 1457.64 대비 30% 이상 올라 있다. 그러나 코스피 저점 이후 반등 국면에서 IT업종은 유일하게 코스피 지수 보다도 저조한 상승률을 기록했다. 이베스트투자증권이 3월 19일 코스피 저점부터 지난 8일까지 글로벌산업분류(GICS) 기준에 따른 코스피 10개 업종별 수익률을 비교한 결과 IT업종은 19% 상승하는 데 그쳤다. 같은 기간 동안 헬스케어(50.8%), 산업재(49.8%), 커뮤니케이션(38.6%), 금융(38.1%) 등이 오른 것에 비하면 가장 낮은 수준이다.
시장에서는 IT 주가의 저조한 성과에 대해 시가총액 비중이 큰 삼성전자와 SK하이닉스 등 반도체 투톱에 상대적으로 외국인들의 매도세가 집중됐기 때문으로 해석한다. GICS 기준에서 IT 업종은 반도체, IT하드웨어, 소프트웨어 등 3개 세부업종으로 나뉘는데 삼성전자는 IT하드웨어, SK하이닉스는 반도체 업종에 각각 포함된다. 코스피 업종 가운데 GICS 기준으로도 IT 업종의 시가총액 비중은 가장 큰 34.3%에 달한다. IT 업종과 달리 좋은 성과를 낸 헬스케어 업종에는 삼성바이오로직스, 셀트리온, 씨젠 등 바이오 업종이 포진해 있고, 커뮤니케이션 업종에는 최근 신고가를 경신한 네이버, 카카오, 엔씨소프트 등이 반영돼 있다. 외국인은 코스피 저점 이후 지난 11일까지 누적 9조2000억원 가량의 주식을 순매도했는데 이 가운데 삼성전자(1조6193억원)를 가장 많이 팔았고, SK하이닉스(2805억원), 삼성전자우(2390억원) 등도 순매도 상위권 10대 종목에 모두 포함됐다. 외국인 매도 물량의 20% 이상이 IT업종에 집중된 셈이다. 반대로 개인은 같은 기간 삼성전자(2조4030억원), SK하이닉스(1927억원), 삼성전자우(4429억원) 등을 대거 사들였다. 염동찬 이베스트투자증권 연구원은 ""미국 3대 지수 가운데 나스닥은 IT와 헬스케어 업종을 위주로 최근 좋은 성과를 보여주고 있지만, 한국은 외국인이 신흥시장 전반적인 비중을 기계적 매도로 줄이는 과정에서 시총 비중이 큰 IT 대형주로 '팔자'가 집중된 것으로 보인다""고 말했다.
결국 외국인의 한국 주식에 대해 매수로 전환해야 IT 주가상승도 기대할 수 있다는 뜻이다. 조용준 하나금융투자 리서치센터장은 ""코로나19 사태로 네이버, 카카오 등 플랫폼 기업과 엔씨소프트 같은 게임주의 선전에도 불구하고, 삼성전자와 SK하이닉스는 스마트폰 및 스마트폰향 반도체 수요 부진의 악영향을 받은 것으로 보인다""라며 ""올해 하반기 코로나가 진화되면 외국인 매수세가 돌아오며 재차 반도체 업종도 우상향할 가능성이 높다""고 밝혔다. [안갑성 기자] [ⓒ 매일경제 & mk.co.kr, 무단전재 및 재배포 금지]",/news/news_read.nhn?article_id=0004573355&office_id=009&mode=search&query=삼성바이오로직스&page=1
,"[이데일리 노희준 기자] 국내 제약·바이오 기업의 역사를 새로 쓸 SK바이오팜의 뇌전증(간질)신약이 미국 시장에 출시됐다. 국내 첫 100% 독자 개발 신약이자 자체 판매망을 통해 세계 최대 제약시장에 나오는 첫번째 국산 신약이다. 이 신약은 우수한 임상 결과와 확장성으로 가치가 5조원을 넘을 것으로 추정된다. 향후 6년 정도면 이 신약만으로 1조원을 벌어들일 것으로 전망된다. 나아가 K바이오의 첫 블록버스터 신약(연 매출 1조원)으로 자리매김해 처음으로 ‘신약 개발로 돈 버는 K바이오 시대’를 열 것이라는 기대가 나온다.SK바이오팜은 뇌전증 신약 ‘세노바메이트’(미국 제품명 엑스코프리)를 현지시각 11일 미국 시장에 출시했다고 12일 밝혔다. 후보물질 발굴이 시작된 2001년 이후 19년만의 성과다. 뇌전증은 뇌 특정 부위에서 이상을 일으킨 신경세포의 과도한 흥분으로 뇌기능이 일시적으로 마비되는 증상이다. 의식 소실이나 발작, 경련을 수반한다. 앞서 SK바이오팜은 지난해 11월 세노바메이트를 성인 대상 부분 발작 치료제로 FDA 허가를 받았다. 조정우 SK바이오팜 대표. SK바이오팜 제공세노바메이트는 여러가지 면에서 ‘국내 최초’의 타이틀을 갖고 있다. 우선 100% 독자 개발로 FDA의 관문을 뚫은 첫번째 신약이다. 이제까지 국내 기업이 개발한 신약으로 FDA 승인을 받은 것은 의 항생제 ‘팩티브’(2003년), 의 항생제 ‘시벡스트로’(2014년)등 4개가 있다. 하지만 모두 제품 개발 중간에 기술수출 등을 통해 글로벌 제약사의 도움을 거친 약이다. 반면 세노바메이트는 신약 후보물질 발굴부터 임상 개발, 판매 허가 신청까지 전 과정을 ‘남의 손’을 거치지 않고 국내 기업이 독자적으로 이뤄냈다. 세노바메이트는 또 판매에서도 미국 시장에 처음으로 직접 판매(직판)를 통해 출시된 약이다. 개발에 이어 K바이오의 독자 마케팅과 판매 실력이 검증대에 올랐다. 그간 국내 의약품은 미국에 진출하더라도 글로벌 제약사의 우수한 현지 판매망에 기댔다. 대신 수익 50% 가량을 수수료로 떼어줘야 했다. 반면 세노바메이트의 경우 SK바이오팜 미국 법인인 SK라이프사이언스가 독자적으로 판매도 맡는다. SK바이오팜은 2007년부터 직판을 검토해 현지 의약품 유통판매 전문업체를 통하면 충분히 가능하다는 결론에 도달했다. SK바이오팜 관계자는 “올해 초 110명의 판매 인력을 채용했다”며 “기존에 타 제약사에서 중추신경계 신약을 판매하던 전문인력”이라고 말했다. 세노바메이트는 성과면에도 K바이오 최초로 블록버스터 신약 1호 타이틀을 거머쥘 가능성이 크다. 블록버스터 신약이란 단일 품목으로 연 매출 1조원을 올리는 신약이다. 대신증권은 세노바메이트 글로벌 시장가치를 5조4000억원으로 추정하고 있다. 하나금융투자 역시 세노바메이트가 6~7년 뒤에는 1조원 규모의 매출이 가능할 것으로 봤다. 선민정 하나금융투자증권 애널리스트는 “SK바이오팜은 신약을 개발해 실제 매출을 올릴 수 있는 기업”이라며 “신약개발이 단순히 하나의 모멘텀이 아니라 기업 어닝(실적)으로 연결될 수 있는 선례를 만들어 줄 것”이라고 말했다. 이런 기대는 세노바메이트가 기존 의약품보다 우수한 임상효과를 갖고 있기 때문이다. 현재 뇌전증 치료제의 대표 약물은 UCB사의 빔팻(Vimpat)이다. 이 약은 2008년 FDA 허가를 받아 출시돼 2018년 기준 13억 달러(1조6000억원) 매출액을 기록하고 있다. 그런데 빔팻의 임상(2/3상) 데이터를 보면 세노바메이트가 빔팻보다 우수한 발작억제 효과가 있다. 세노바메이트와 빔팻의 고용량(400mg투여)투여군을 비교해보면, ‘부분발작의 50%이상 감소 비율’에서 빔팻은 38~41%를 보였지만 세노바메이트는 64%를 나타냈다. 특히 뇌전증 신약 선택에서 중요한 지표인 완전발작소실(약물 투약 기간 중 발작이 발생하지 않는 증상 개선)에서 세노바메이트는 약물 치료 유지 기간 다수 환자들이 완전발작소실을 보였다.2018년 기준 세계 주요 뇌전증 시장 규모는 61억 달러(7조5000억원)에 달한다. 이 중 33억 달러(4조500억원, 54%)를 미국 시장이 차지하고 있다. 특히 미국 뇌전증 시장은 2024년까지 41억 달러(5조300억원)까지 성장할 것으로 전망된다. 세노바메이트는 2022년 경에는 유럽에도 출시될 것으로 기대된다. SK바이오팜의 파트너사인 스위스 아벨 테라퓨틱스가 세노바메이트 유럽 상업화를 추진하고 있다. 지난 3월 세노바메이트에 대한 유럽의약품청(EMA) 허가 심사가 시작됐다. 세노바메이트는 확장성도 있다. 향후 전신발작(임상 3상 진행중)과 신경병성 통증 및 조울증 등으로 치료 대상을 확장할 수 있다. 세노바메이트가 전신발작에 대한 허가도 받으면 뇌전증 환자의 95% 환자를 치료할 수 있게 된다.세노바메이트 미국 출시는 내달 말로 예상되는 SK바이오팜 상장에도 훈풍을 불어넣을 전망이다. 5조원을 넘는 세노바메이트 가치만으로도 SK바이오팜 시가총액은 6~8조원 규모로 관측된다. 이는 와 를 잇는 대형 바이오기업이 출현하는 것을 의미한다. 삼성바이오로직스는 2016년 11월 9조원 규모로, 셀트리온헬스케어는 2017년 7월 7조8000억원 규모로 상장됐다. 업계 관계자는 “세노바메이트 성공 여부에 따라 K바이오의 신약 개발과 판매 능력에 대한 해외 평가가 달라질 것”이라고 말했다. 노희준 (gurazip@edaily.co.kr)＜ⓒ종합 경제정보 미디어 이데일리 - 무단전재 & 재배포 금지＞",/news/news_read.nhn?article_id=0004638407&office_id=018&mode=search&query=삼성바이오로직스&page=1
▶ 네이버 홈에서 [한국경제TV] 채널 구독하기 [생방송보기]▶ 대한민국 재테크 총집결! - [증권 / 주식상담 / 부동산],"[한국경제TV 신재근 기자]코스피가 코로나19 재확산과 미중 무역갈등 고조에 따른 경기 회복 지연 불안감으로 연이틀 하락했다.12일 코스피는 전 거래일 대비 13.23포인트(-0.68%) 내린 1,922.17에 거래를 마쳤다.국내에서 코로나19 재확산 움직임이 감지되고 있고, 중국의 4월 생산자 물가지수가 전년 동기 대비 3.1% 하락했다는 소식이 투자심리를 위축시켰다.여기에 도널드 트럼프 미 대통령이 11일(현지시간) 미·중 1단계 무역합의 재협상과 관련, ""관심이 없다""라고 말한 점도 경기 회복 기대감을 꺾는 데 일조했다.이로 인해 외국인은 이날도 유가증권시장에서 3,116억원어치 주식을 팔아치웠고 기관도 2,990억원을 순매도했다.반면 개인(6,068억원 순매수)은 외국인과 기관이 매도한 물량을 담았다.업종별로는 1분기 역대 최대 매출을 기록한 엔씨소프트(6.87%)를 중심으로 서비스업(1.34%) 이 강세를 보였고 경기에 민감한 화학(-1.95%)과 전기·전자(-0.58%), 철강·금속(-2.54%)은 약세를 기록했다.코스피 시가총액 상위 종목에서는 SK하이닉스(1.42%)와 삼성바이오로직스(1.02%), NAVER(2.33%), 셀트리온(0.24%)이 올랐다.삼성전자(-1.03%)와 LG화학(-2.45%), LG생활건강(-1.18%), 현대차(-1.92%), 삼성SDI(-1.05%), 삼성물산(-2.44%)은 하락했다.코스닥은 소폭 내렸다.코스닥지수는 전장보다 0.83포인트(-0.12%) 내린 684.21에 장을 마쳤다.코스피와 마찬가지로 외국인(1,015억원 순매도)과 기관(266억원 순매도)의 동반 매도가 이어진 가운데 개인(1,315억원 순매수)은 매수우위를 보였다.업종에서는 한국판 뉴딜 정책 기대감에 디지털컨텐츠(2.29%)와 소프트웨어(1.10%)가 이날도 두각을 나타냈다.코스닥 시총 상위 10개 종목 가운데선 셀트리온헬스케어(1.13%)와 펄어비스(2.62%), 셀트리온제약(3.49%), 씨젠(6.78%), 알테오젠(2.55%), 스튜디오드래곤(0.13%)이 올랐고 에이치엘비(-8.27%), CJ ENM(-3.42%), 케이엠더블유(-0.82%), SK머티리얼즈(-0.48%)는 하락했다.서울 외환시장에서 원/달러 환율은 전날보다 4.3원 오른 달러당 1,224.8원에 종가가 결정됐다.신재근기자 jkluv@wowtv.co.krⓒ 한국경제TV, 무단 전재 및 재배포 금지",/news/news_read.nhn?article_id=0000870254&office_id=215&mode=search&query=삼성바이오로직스&page=1
"과거관행 사과후 경영 잰걸음""코로나·中추격·재판 겹쳐삼성은 복합위기 겪는중""비상경영으로 위기돌파 의지성공적 M&A 이끌어내야","'자녀 승계·무노조 경영'을 포기하며 과거 경영 관행을 사과했던 이재용 삼성전자 부회장이 이번주 현장 경영을 재개하며 '비상 경영' 고삐를 조인다. 삼성전자는 △코로나19 불확실성과 실적 둔화 △중국 등의 견제와 추격 △미·중 무역분쟁 재발 가능성 △각종 재판과 수사에 따른 조직 혼란 등에 둘러싸여 '복합 위기'를 겪고 있다는 게 전문가들 분석이다. 이에 따라 이 부회장은 작년 7월 이후 비상 경영을 이어오고 있다. 이 부회장은 '국격에 맞는 초일류 삼성'을 만들겠다는 의지를 다졌는데, 이를 실현하기 위해 △위기관리 △대형 인수·합병(M&A)과 초일류 인재 영입 △성장동력 발굴과 대형 투자 △시스템반도체 등 전략사업 육성 △글로벌 네트워크 확대 등 많은 과제들을 해결해 나가야 한다. 특히 글로벌 기업들이 코로나19 이후 시장 주도권을 잡기 위해 M&A 등 다양한 준비를 하고 있는 만큼 삼성과 이 부회장도 빠르고 과감한 투자와 의사 결정을 통해 경쟁력을 높여야 한다는 목소리가 많다.12일 재계에 따르면 이 부회장은 지난 6일 과거 경영 관행을 사과한 후 조만간 현장 경영을 재개할 것으로 알려졌다. 외부에 공개되지 않았지만 이 부회장은 4월 중순 이후에도 현장을 찾거나 주요 사장단과 회의를 이어가며 위기 상황을 점검하고 코로나19 이후 새 시장질서에 대한 전략 등을 수립한 것으로 알려졌다. 이 부회장은 지난주 대국민 사과에서 사업과 관련해 위기 요소, 과감한 신사업 도전, 인재 영입, 국격에 맞는 뉴(New) 삼성 달성 등을 제시한 만큼 향후 경영 행보 중 상당 부분은 여기에 초점을 맞출 것으로 보인다. 이에 따라 비상 경영을 통한 위기 관리, 대형 M&A 모색, 신규 투자 검토 등에 적극 나설 것으로 보인다. 이 부회장은 작년 7월부터 비상 경영을 이어오며 '복합 위기' 극복을 위한 다양한 시도를 하고 있다.삼성전자는 코로나19 사태로 전 사업부문에서 높은 불확실성에 직면하고 있다. 가전·TV·스마트폰 등은 지난달 글로벌 판매망과 상당수 생산라인이 마비되면서 2분기 실적이 악화될 것이라는 염려가 크다. 버팀목인 반도체마저 올해 업황 전망이 비관적으로 흘러가고 있다. 시장조사업체 IDC는 올해 글로벌 반도체 시장이 전년 대비 4.2% 역성장할 것이라는 전망을 내놨다. 또 메모리 분야에서 중국 반도체 기업이 추격 속도를 높이고 있다. 최근 중국 창신메모리는 17나노(㎚) 공정 D램을 연내에 양산한다는 계획을 발표했는데, 이게 실현되면 삼성전자와 기술 격차는 3년 정도로 좁혀진다는 게 업계 분석이다.
그러나 삼성전자 등은 2016년부터는 국정 농단 사건, 2018년부터는 삼성바이오로직스 분식회계 의혹, 노조 와해 의혹 등으로 수사와 재판을 받고 있다. 이 과정에서 주요 경영진이 수십 차례 소환되고 주요 계열사에 대한 압수수색도 수십 차례 이어지면서 조직 분위기가 뒤숭숭해진 상황이다.이병태 카이스트 경영학과 교수는 ""코로나19 위기가 글로벌 경제와 삼성 등에 얼마나 크게 덮칠지 모르는 상황""이라며 ""삼성은 중국 기업들의 거센 도전과 견제까지 받고 있어 복합 위기에 가깝다""고 설명했다. 그는 이어 ""삼성이 코로나19 이후를 준비하기 위해서는 신기술과 신사업에 대해 M&A에 나서고 과감하고 신속하게 투자해야 할 때인데 각종 수사와 재판 등으로 주요 경영진이 소환되는 등 조직이 혼란을 겪어 의사 결정이 늦어질까 걱정된다""고 덧붙였다. 이 교수는 ""지금이 기업에는 코로나19 이후 도약을 준비할 수 있는 골든타임인 만큼 미래를 준비하고 신속·정확한 의사 결정을 내릴 수 있는 기업 환경을 만들어 주는 게 중요한 시점""이라며 ""기업 경영을 흔들거나 정치화하려는 분위기는 바람직하지 않다""고 지적했다. 재계에서는 이 부회장의 핵심 과제로 성장동력 육성을 위한 과감한 투자와 함께 M&A 등을 꼽는다. 미국 인텔은 최근 코로나19 상황에서도 모빌리티 사업 강화를 위해 이스라엘 업체 '무빗'을 9억달러에 인수한다고 발표했다. 이에 비해 삼성전자는 2017년 미국 전장 기업인 하만을 약 9조원에 인수한 이후 대형 M&A에 나서지 않고 있다. 코로나19로 기술 업체들이 유동성 위기를 겪으며 매물로 나올 가능성이 있는 만큼 삼성전자가 M&A에 나설 필요가 있고 이 과정에서 이 부회장과 주요 경영진의 신속·정확한 의사 결정과 실행력이 중요하다고 재계는 분석한다.이경묵 서울대 경영학과 교수는 ""삼성은 M&A를 통한 성장동력 발굴이 필요한 상황인데, 성공적 M&A를 위해서는 이 부회장의 글로벌 네트워크를 적극 활용해야 한다""고 말했다.[김규식 기자 / 전경운 기자 / 황순민 기자] [ⓒ 매일경제 & mk.co.kr, 무단전재 및 재배포 금지]",/news/news_read.nhn?article_id=0004573389&office_id=009&mode=search&query=삼성바이오로직스&page=1
엔씨소프트 657억 원 매수·삼성전자 960억 원 매도,"[더팩트ㅣ박경현 기자] 12일 코스피는 전날에 이은 외국인과 기관의 매도세에 하락하며 1920선에 마감했다.코스피에서 외국인과 기관은 각각 3111억 원, 2987억 원을 팔아치운 가운데 개인 홀로 6065억 원을 사들였다. 코스닥은 코스피에 비해 비교적 낮은 하락폭을 기록하며 약보합 마감했다.이날 코스피시장 외국인투자자의 최대매수는 엔씨소프트로 향했다. 외인은 엔씨소프트 657억 원을 사들인데 이어 카카오 372억 원, 삼성바이오로직스 205억 원, 삼성SDI 184억 원을 순매수했다.반면 삼성전자는 960억 원가량 팔아치웠다. 또한 LG화학 424억 원, 삼성전자우 421억 원, 현대차 189억 원, 포스코(POSCO) 148억 원을 순매도했다.코스닥 시장에서는 씨젠(221억 원), 아이티엠반도체(39억 원), 원익IPS(25억 원)를 사들인 반면 에이치엘비(440억 원), 셀트리온제약(91억 원), 에이치엘비생명과학(53억 원)을 팔았다.기관투자자는 이날 SK하이닉스에 815억 원가량을 사들였다. 이어 SK 112억 원, 호텔신라 95억 원, 삼성바이오로직스 93억 원가량을 담았다.반면 삼성전자는 1566억 원을 팔았다. 또한 카카오 257억 원, 삼성SDI 177억 원, 현대차 149억 원, 에쓰오일(S-Oil) 134억 원 순으로 순매도했다.이날 시가총액 상위종목 주가는 엇갈렸다. 삼성전자(-1.03%), 삼성전자우(-1.57%), LG화학(-2.45%), LG생활건강(-1.18%), 현대차(-1.92%), 삼성SDI(-1.05%)가 하락했다. 반면 SK하이닉스(+1.42%), 삼성바이오로직스(+1.02%), 네이버(+2.33%), 셀트리온(+0.24%)은 상승하며 장을 마쳤다.pkh@tf.co.kr저작권자 ⓒ 특종에 강한 더팩트 & tf.co.kr 무단 전재 및 재배포 금지",/news/news_read.nhn?article_id=0000025490&office_id=629&mode=search&query=삼성바이오로직스&page=1
시장 33% 오를 때 19% 찔끔반도체에 외국인 매도 몰려,"코스피가 올해 저점 이후 1900선까지 반등하는 과정에서 반도체 부진으로 인해 정보기술(IT) 업종이 다른 업종 대비 가장 낮은 수익률을 올린 것으로 나타났다. 12일 코스피는 1920선으로 장을 마감하며 3월 19일 기록한 저점인 1457.64 대비 30% 이상 올라 있다. 그러나 코스피 저점 이후 반등 국면에서 IT 업종은 유일하게 코스피보다도 저조한 상승률을 기록했다. 이베스트투자증권이 3월 19일 코스피 저점부터 지난 8일까지 글로벌산업분류기준(GICS)에 따른 코스피 10개 업종별 수익률을 비교한 결과 IT 업종은 19% 상승하는 데 그쳤다. 같은 기간 헬스케어(50.8%), 산업재(49.8%), 커뮤니케이션(38.6%), 금융(38.1%) 등이 오른 것에 비하면 가장 낮은 수준이다. 시장에서는 IT 주가가 저조한 성과를 낸 것에 대해 시가총액 비중이 큰 삼성전자와 SK하이닉스 등 반도체 투톱에 상대적으로 외국인들 매도세가 집중됐기 때문으로 해석한다. GICS에서 IT 업종은 반도체, IT 하드웨어, 소프트웨어 등 3개 세부 업종으로 나뉘는데 삼성전자는 IT 하드웨어, SK하이닉스는 반도체 업종에 각각 포함된다. 코스피 업종 가운데 GICS로도 IT 업종의 시가총액 비중은 가장 큰 34.3%에 달한다. IT 업종과 달리 좋은 성과를 낸 헬스케어 업종에는 삼성바이오로직스, 셀트리온, 씨젠 등 바이오 업종이 포진해 있고 커뮤니케이션 업종에는 최근 신고가를 경신한 네이버, 카카오, 엔씨소프트 등이 반영돼 있다.외국인은 코스피 저점 이후 지난 11일까지 누적 9조2000억원가량의 주식을 순매도했는데 이 가운데 삼성전자(1조6193억원)를 가장 많이 팔았고 SK하이닉스(2805억원), 삼성전자우(2390억원) 등도 순매도 상위권 10대 종목에 모두 포함됐다. 염동찬 이베스트투자증권 연구원은 ""미국 3대 지수 가운데 나스닥은 IT와 헬스케어 업종을 위주로 최근 좋은 성과를 보이고 있지만, 한국은 외국인이 신흥 시장 전반적인 비중을 줄이는 과정에서 시총 비중이 큰 IT 대형주로 '팔자'가 집중된 것으로 보인다""고 말했다. 결국 외국인이 매수로 전환해야 IT 주가 상승도 기대할 수 있다는 뜻이다. 조용준 하나금융투자 리서치센터장은 ""하반기 코로나19가 진화되면 외국인 매수세가 돌아오며 반도체 업종이 우상향할 가능성이 높다""고 말했다.
[안갑성 기자] [ⓒ 매일경제 & mk.co.kr, 무단전재 및 재배포 금지]",/news/news_read.nhn?article_id=0004573483&office_id=009&mode=search&query=삼성바이오로직스&page=1
,"외국인 투자자는 12일 거래소에서 엔씨소프트, 카카오, KODEX 코스닥 150 등을 중점적으로 사들인 것으로 나타났다.외국인 투자자의 순매수 상위 20개 종목은 엔씨소프트, 카카오, KODEX 코스닥 150, KODEX 200, 삼성바이오로직스, 삼성SDI, LG이노텍, LG생활건강, 농심, 오리온등이다.이중에 전기,전자 업종에 속한 종목이 3개 포함되어 있다.엔씨소프트, 카카오, 삼성바이오로직스 등은 전일 대비 주가가 상승했고, KODEX 코스닥 150, KODEX 200, 삼성SDI 등은 주가가 하락했다.한경로보뉴스이 기사는 한국경제신문과 금융 AI 전문기업 씽크풀이 공동 개발한 기사 자동생성 알고리즘에 의해 실시간으로 작성된 것입니다.▶ ▶
 ▶
ⓒ 한국경제 & , 무단전재 및 재배포 금지",/news/news_read.nhn?article_id=0004339292&office_id=015&mode=search&query=삼성바이오로직스&page=1
,"기관 투자자는 12일 거래소에서 SK하이닉스, KODEX 200선물인버스2X, KODEX 코스닥150 레버리지 등을 중점적으로 사들인 것으로 나타났다.기관 투자자의 순매수 상위 20개 종목은 SK하이닉스, KODEX 200선물인버스2X, KODEX 코스닥150 레버리지, SK, KODEX WTI원유선물(H), 호텔신라, 삼성바이오로직스, SK텔레콤, 한진칼, LG이노텍등이다.이중에 전기,전자 업종에 속한 종목이 3개 포함되어 있다.SK하이닉스, KODEX 200선물인버스2X, SK 등은 전일 대비 주가가 상승했고, KODEX 코스닥150 레버리지, KODEX WTI원유선물(H), 한진칼 등은 주가가 하락했다.한경로보뉴스이 기사는 한국경제신문과 금융 AI 전문기업 씽크풀이 공동 개발한 기사 자동생성 알고리즘에 의해 실시간으로 작성된 것입니다.▶ ▶
 ▶
ⓒ 한국경제 & , 무단전재 및 재배포 금지",/news/news_read.nhn?article_id=0004339293&office_id=015&mode=search&query=삼성바이오로직스&page=1
,"“다른 글로벌 기업들이 머뭇거릴 때 과감하게 투자해 기회를 선점하고 국가 경제에도 보탬이 되도록 해야 합니다.”지금으로부터 10년 전, 이건희 삼성전자 회장은 서울 이태원동 승지원에서 사장단 회의를 주재하며 이렇게 말했다. 이 회장은 글로벌 금융 위기 여파가 완전히 가시지 않은 상황이지만, 과감한 투자를 결정했다. 삼성그룹 최고경영진은 이 회의에서 2020년까지 23조3000억원을 투자해 태양전지·자동차용 전지·LED(발광다이오드)·바이오 제약·의료기기 등 5대 신사업에서 매출 50조원, 고용 4만5000명을 창출하겠다는 청사진을 내놓았다. 그로부터 10년 뒤 5대 신수종(新樹種) 사업 성적표를 살펴보니, 3개 분야에서는 사실상 실패했거나 낙제를 겨우 면했다는 평가를 받고 있다. 그러나 2개 분야에서는 10년 전 약속을 이행했거나 당초 목표를 뛰어넘는 실적을 거뒀다. 과연 이 회장은 어느 분야에서 A학점을 받았고, 어느 분야에서 F학점을 받았을까? 또 이 회장과 그 아들인 이재용 삼성전자 부회장이 공통으로 꼽은 신수종사업도 있다. 그들 부자의 원픽은 무엇일까.태양전지는 5대 신수종 사업 중 대표적인 실패 사례로 꼽힌다. 당초 삼성은 폴리실리콘(삼성정밀화학), 잉곳·웨이퍼(삼성코닝정밀소재), 태양전지·모듈(삼성SDI), 태양광 발전소(삼성물산) 등 태양광 사업을 위한 그룹 수직 계열화를 완성한다는 목표를 세웠다. 그러나 삼성SDI는 2012년 결정형 태양전지 생산을 중단했고, 2014년에는 아예 사업에서 철수했다.LED 사업은 천덕꾸러기 신세다. 삼성전자는 2014년 LED 조명 관련 판매, 마케팅 등 해외 사업을 중단했다. 이듬해 삼성전자 LED 사업부는 사업팀으로 축소됐고, 지난해에는 LED 사업팀 일부 인력이 메모리사업부로 전환 배치돼 사업 철수설이 나오기도 했다. 의료기기 사업도 지지부진하다. 삼성은 지멘스·필립스 등 글로벌 기업이 주도하는 대표적인 ‘선진국 독점 사업’인 의료기기 사업에 야심 차게 도전장을 내밀었지만, 지금까지 별다른 성과를 거두지 못했다. 삼성메디슨은 지난해 매출 3255억원, 영업이익 25억원에 불과했다.반면, 자동차용 전지 사업은 전기차 성장세에 힘입어 선방하고 있다는 평가를 받는다. 삼성SDI는 지난해 창사 이래 처음으로 연 매출 10조원을 달성했고, 자동차와 휴대폰 전지를 합친 부문에서 매출 7조7000억원을 올렸다. 당초 목표인 매출 10조원에는 다소 미흡한 수준이지만, 고용(9107명)은 이미 목표치(7600명)를 앞질렀다. 삼성SDI는 지난 1분기 판매된 글로벌 전기차 탑재 배터리 사용량에서 전년 동기보다 34% 증가해 전 세계 4위를 차지했다. 삼성SDI 배터리를 사용하는 폴크스바겐 e-골프, 파사트 GTE, BMW 330e 등의 판매 호조에 힘입어 사용량이 늘어난 것이다.가장 성적이 좋은 분야는 바이오 제약이다. 의약품 위탁 생산(CMO) 업체 삼성바이오로직스는 지난해 사상 최대 실적을 거뒀다. 매출은 7015억원으로 지난해 같은 기간보다 31%, 영업이익도 917억원으로 65% 늘었다. 삼성바이오로직스 등을 둘러싼 검찰 수사는 아직도 진행 중이지만, 주식시장에서는 삼성전자, SK하이닉스에 이어 코스피 시가총액 3위 기업으로 급성장할 정도로 사랑받고 있다. 바이오시밀러(복제약) 개발 기업 삼성바이오에피스 역시 지난해 매출 7658억원, 영업이익 1228억원으로 흑자 전환에 성공했다.특히 바이오 분야는 이건희 회장의 5대 신수종 사업이자, 그 아들인 이재용 삼성전자 부회장의 4대 미래 성장 사업이기도 하다. 2018년8월 이 부회장은 2020년까지 180조원을 투자하고 4만명을 채용하겠다고 밝혔다. 이때 바이오 사업을 AI(인공지능)·5G(5세대 이동통신)·전장(電裝) 부품과 함께 신성장 사업으로 꼽아, 이 분야들에만 25조원을 투자해 미래 산업 경쟁력을 높이겠다고 했다. 바이오 사업은 오랜 기간 대규모 투자가 필요하지만 고령화, 만성·난치 질환 증가 등 사회적 문제 해결에도 기여할 수 있는 분야이기 때문에 삼성그룹이 많은 공을 쏟고 있다. 재계에서는 바이오 분야를 ‘제2의 반도체’로 키우겠다는 삼성 전략이 성공할지 주목하고 있다.이병태 카이스트 경영학과 교수는 “신성장 사업의 성패(成敗)는 시장에 대한 수요예측과 경쟁자와의 경쟁력 비교우위에서 결정되는데 태양전지·LED·의료기기 사업은 불확실한 시장 수요예측과 중국 등 해외 업체와의 경쟁력에서 뒤진 것이 문제였다”며 “반면, 바이오 복제약 분야는 반도체 공정에서의 무균 프로세스 등과 같은 뛰어난 품질관리와 막대한 자금력 등 삼성 특유의 장점을 살릴 수 있었기 때문에 좋은 실적으로 이어졌다”고 분석했다.[신은진 기자 momof@chosun.com] 		▶
		▶ 		▶
	- Copyrights ⓒ 조선일보 & chosun.com, 무단 전재 및 재배포 금지 -",/news/news_read.nhn?article_id=0003530597&office_id=023&mode=search&query=삼성바이오로직스&page=1
