head,text,url
금감원 수석부원장 명칭 없어질듯...금융위-원 또 신경전,"[서울=뉴시스] 최선윤 기자 = 금융감독원 부원장 교체 인사가 이르면 이번주 단행된다. 지난 3월 임명된 김은경 금융소비자보호처장(부원장급)을 제외한 유광열 수석부원장과 권인원 은행 담당 부원장, 원승연 자본시장 담당 부원장 등이 대상이다.25일 금융권 등에 따르면 금융위원회는 지난해 연말부터 추진해 온 금감원 부원장 인선을 조만간 발표할 계획이다. 금융위는 이르면 오는 27일로 예정된 정례회의에서 금감원 부원장 인사안을 회부해 처리할 것으로 예상되고 있다. 유 수석부원장 후임으로는 김근익 금융정보분석원(FIU) 원장이 유력한 것으로 거론되고 있다. 권 부원장 자리에는 최성일 전 부원장보 또는 김동성 현 부원장보가, 원 부원장 자리에는 김도인 부원장보 등이 유력하다는 분위기 속에 외부 출신 영입설도 나오고 있다.특징적인 점은 이번 금감원 부원장 인사에서 수석부원장이란 명칭이 없어질 것으로 예상된다는 것이다. 윤석헌 금감원장도 수석부원장 자리를 부원장 자리로 전환하는 것 등을 검토하고 있다며 이를 부인하지 않았다. 윤 원장은 지난주 열린 '금융감독자문위원회 전체회의'가 끝난 뒤 기자들과 만나 ""원래 금감원 규정 상에는 수석부원장이라는 것이 없었는데, 그동안 관행처럼 직책을 둬온 것""이라며 ""(수석부원장 직책을 없애는 것을 부원장) 임명 때 결정하지 않을까 싶다""고 설명했다. 그간 금감원 부원장 인사는 여러 번 단행될 듯 하다 원 부원장 유임 문제 등을 놓고 금감원과 금융위가 이견을 보이며 수 차례 지체돼 왔다. 금감원 부원장에 대한 인사권을 가지고 있는 금융위가 윤석헌 금감원장과 호흡이 잘 맞는 것으로 알려진 원 부원장의 교체를 요구하는 등 마찰을 빚으면서 인사가 지연된 것이다. 이로 인해 금감원은 2년 연속 아래 직급부터 바꾸는 역주행 인사를 단행한 바 있다.금융업계의 한 관계자는 ""수석부원장이란 직책이 없어진다해도 누군가는 금융위와 금감원간 의견 조율 역할을 해야 한다""며 ""`수석'이란 말이 없어진다고 해서 금융위와 금감원간 관계가 수평적으로 바뀌는 것도 아닌데 너무 지엽적인 일에 신경전을 벌이는 것 같다""고 말했다. 한편, 원 부원장이 교체될 경우 금융위와 금감원 간 불편한 관계가 완화될 수 있을 지에도 관심이 모아진다. 원 부원장은 2017년 11월 임명된 후 윤 원장을 대리해 삼성바이오로직스 분식회계 사태와 금감원 특별사법경찰 도입 과정 등 민감한 사안들을 두고 번번이 금융위와 갈등을 빚어왔다. csy625@newsis.com<ⓒ 공감언론 뉴시스통신사. 무단전재-재배포 금지>",/news/news_read.nhn?article_id=0009878409&office_id=003&mode=search&query=삼성바이오로직스&page=2
22일 시가총액 21조5060억원…현대차보다 1조3200억원 많아카카오톡 사용량이 늘면서 플랫폼 부문 매출이 콘텐츠 앞질러,"카카오의 시가총액이 현대자동차를 제치고 10위로 올라섰습니다.카카오는 코로나19 확산에 따른 투자자들의 관심을 끈 대표적인 종목으로 언택트(비대면) 산업과 디지털 산업이 각광 받을 것이라는 기대감이 반영된 것으로 보입니다.카카오의 시총은 21일 20조6790억원으로 현대차의 20조7685억원에 비해 895억원 뒤처져 있었으나 22일 카카오 주가가 급등한 반면 현대차 주가가 하락하면서 상황이 반전됐습니다.카카오 주가는 22일 전일보다 9500원(4.0%) 오른 24만7000원에 거래를 마치면서 시가총액이 21조5060억원으로 급증했습니다.현대차의 주가는 22일 전일보다 2700원(2.8%) 내린 9만4500원으로 마감하면서 시가총액이 20조1860억원으로 내려 앉았습니다.카카오의 시가총액이 단 하룻만에 현대차에 비해 1조3200억원 앞질렀고 시가총액 9위인 LG생활건강의 시가총액 21조8180억원에 비해 3120억원 밖에 차이가 나지 않습니다.현대자동차는 올해 연초 시가총액이 5~6위를 차지했으나 10위권 밖으로 밀려났고 한때 10위권 안에 들었던 현대모비스도 일찌감치 10권에서 물러난 바 있습니다.코로나19 확산으로 언택트 생활 방식이 빠르게 퍼지면서 카카오는 주목을 받기 시작했고 현대자동차는 세계 각국의 사회적 거리두기와 지역 봉쇄 조치 등으로 적지 않은 타격을 입은 결과로 보입니다.카카오의 주가가 급등하면서 현대차와의 시가총액 차이가 큰 폭으로 벌어졌고 언택트 산업이 발전할수록 카카오의 주가는 승승장구할 가능성도 엿보입니다.코스피 시장에서 22일의 시가총액 1위는 여전히 삼성전자이며 2위 SK하이닉스, 3위 삼성바이오로직스, 4위 NAVER, 5위 삼성전자 우선주, 6위 셀트리온, 7위 LG화학, 8위 삼성SDI, 9위 LG생활건강, 10위 카카오로 나타났습니다.이어 11위 현대차, 12위 삼성물산, 13위 현대모비스, 14위 엔씨소프트, 15위 SK텔레콤, 16위 SK, 17위 POSCO, 18위 신한지주, 19위 한국전력, 20위 삼성SDS의 순으로 자리잡았습니다.이베스트투자증권 성종화 연구원은 카카오를 코로나19가 촉발한 언택트 시대 대표 수혜주로 꼽았고 포스트 코로나 시대의 주도주가 될 가능성이 높다고 평가했습니다.카카오의 올해 1분기 급성장한 것도 카카오의 주가 전망을 밝게 해주고 있습니다.카카오의 1분기 영업수익(매출액)은 8684억원으로 전년동기의 7063억원에 비해 23.0% 증가했습니다. 영업이익은 882억원으로 전년동기의 3.2배 수준으로 늘었고 당기순이익도 전년동기의 4.5배에 이르렀습니다.카카오의 1분기 매출액 영업이익률이 10.2%를 나타내며 두자리수를 기록한 것도 고무적입니다. 카카오의 최근 3년여간 영업이익률은 한자리수에 불과했습니다. 카카오는 지난해 4분기 대규모 무형자산손상차손 발생으로 –4419억원의 적자를 기록했습니다.코로나19는 카카오의 매출 구조에도 변화를 가져왔습니다. 카카오의 수입원은 크게 플랫폼 부문과 콘텐츠 부문으로 구분됩니다.플랫폼 부문 사업은 크게 톡비즈, 포털비즈, 신사업으로 구분되며 콘텐츠 부문 사업은 뮤직, 게임, 웹툰, 영상제작 등으로 이뤄졌습니다.지난해의 경우 카카오의 매출에서 콘텐츠 부문 매출 비중이 전체의 53.%, 플랫폼 부문이 전체의 46.7%로 콘텐츠 부문이 플랫폼 부문의 비중을 앞서 있습니다.그러나 올해 1분기 플랫폼 부문 매출액이 4418억원으로 전체의 50.9%, 콘텐츠 부문이 4266억원으로 전체의 49.1%로 플랫폼 부문의 매출이 콘텐츠를 앞지르기 시작했습니다.NH투자증권 안재민 연구원은 “코로나19 사태를 계기로 비대면 접촉이 늘면서 카카오톡 사용량이 증가하고 커머스·광고·콘텐츠 영역에서도 큰 폭의 성장을 보였다”면서 “비대면 활성화로 경쟁력이 견고해지고 의미 있는 성장이 나타날 것”이라고 진단했습니다.일각에서는 언택트 관련주들이 고평가됐다는 우려의 목소리도 나오고 있습니다. 카카오의 12개월 선행 주가수익비율(PER)이 56배가 넘어서는 것으로 추정되고 있습니다. 동종업종의 주가수익비율은 약 40배 수준이 됩니다.카카오는 지난 2014년 다음과 합병한 후 2017년 7월 코스피 시장에 이전상장했습니다. 이전 상장한 첫 날인 2017년 7월 10일 카카오 종가는 10만2000원, 시가총액이 6조9136억원의 순위 46위에서 3년이 채 못돼 시총 10위 종목으로 올라섰습니다. ▶
/ ▶ 김대성(kimds@joseilbo.com)저작권자 ⓒ 조세일보(http://www.joseilbo.com). 무단전재 및 재배포 금지",/news/news_read.nhn?article_id=0002224227&office_id=123&mode=search&query=삼성바이오로직스&page=2
[이데일리 문승용 기자]◇ 시총 10위권은 반도체·바이오·플랫폼이 주름 잡아,"[이데일리 최정희 기자] 신종 코로나 바이러스 감염증(코로나19)이 언택트(Untact·접촉하지 않는) 사회를 만들더니 코스피 시가총액 순위마저 바꿔놨다. 작년 말까지만 해도 , ,
등 자동차, 철강의 중후장대 산업들이 시가총액 10위권에 포진해 있었으나 코로나로 현대차를 제외하곤 10위권 밖으로 밀렸다. 대신 ,
등 온라인 플랫폼 업체와 게임 업체 등이 상위권을 차지했다. 코로나19가 잦아들어 경제 봉쇄 조치가 완전히 해제되는 ‘포스트 코로나 시대’에도 IT업종은 강세를 보일 것으로 전망돼 당분간 시총 지위가 크게 흔들릴 가능성은 낮다는 전망이 나온다. 24일 마켓포인트에 따르면 코스피 시가총액 1, 2위 자리는 각각 ,
등 대형 반도체 업체가 꽉 잡고 있는 가운데 3위부터 10위권까지는 코로나 이후 크게 변동하고 있다. 작년 말까지만 해도 삼성전자, SK하이닉스 뒤에 , , 현대차, 현대모비스, , , 포스코,
등이 포진돼 있었다. IT, 바이오주 틈새 속에서도 자동차, 철강 등 중후장대 산업이 시총 10위권 내에서 자리를 잡았었다. 그러나 코로나 확산에 코스피 지수가 3월에만 11.7% 하락하고 각종 부양책에 4월 11.0% 반등하는 과정에서 시가총액 순위에 지각변동이 일어났다. 작년 말 5위였던 현대차는 10위로 밀려났고 현대모비스는 6위에서 12위로, 포스코는 9위에서 16위로 추락했다. 반면 18위에 있던 가 7위로 올라섰다. 22위였던 카카오는 9위로 올라서 현대차를 앞질렀다. 엔씨소프트는 25위에서 13위로 껑충 뛰었다. 코로나에 바이오주는 여전히 강세를 보였다. 4위, 7위였던 , 은 각각 3위, 5위로 올라섰다. 코로나 수혜주는 아니지만 저유가에 원재료인 납사 원가가 하락하면서 실적 방어에 성공한 은 시총 8위에서 6위로 뛰었다. 영업환경이 어려웠음에도 숨, 오휘 등 럭셔리 브랜드에 화장품, 음료, 생활용품 분야로 사업이 분산돼 있는 이 13위에서 8위로 올라서기도 했다. 반면 금리 하락에 각각 11위, 12위이던 ,
등 은행주는 17위, 20위로 밀려났다. 코로나19가 잦아들면서 각국의 경제 봉쇄 조치가 해제되는 움직임이 일어나고 있지만 자동차, 철강 등 중후장대 산업이 다시 시총 순위를 치고 올라올 가능성은 낮게 점쳐진다. 철강 등의 수요가 지금보다 늘어날 수는 있겠지만 봉쇄 조치 해제가 경기회복을 의미하는 것은 아니기 때문에 수요 증가에 한계가 있는데다 중국의 재고 부담도 여전하다. 자동차 업종의 경우도 전기차 등 미래 성장 동력으로 사업을 재편해야 시장 가치를 높일 수 있을 것으로 보인다. 현대차는 그나마 전기차 관련 개발을 강화하면서 시총 상위권을 유지하고 있다. 송선재 하나금융투자 연구원은 “현대차 그룹은 작년 합산 전기차 판매가 49% 증가했다”며 “올해는 증가율이 15%로 일시적으로 낮아지겠지만 내년엔 27%로 증가할 것”이라고 밝혔다. 반도체, 온라인 플랫폼, 바이오 업체 등은 여전히 순위권을 유지할 가능성이 높다. 최유준 신한금융투자 연구원은 “코로나 사태가 끝나더라도 세상은 원래대로 돌아가지 않을 것”이라며 “(미국, 중국간 갈등에) 밸류체인이 무너지고 코로나19 책임론에 탈세계화가 가속화되는 가운데 언택트로 인한 비즈니스 디지털화는 세계 산업 지형도 바꿀 것“이라고 설명했다. 이어 “시가총액 10개 종목에 IT(반도체, 플랫폼), 바이오와 미래 성장 동력을 가진 제조업이 속해 있다”며 “새로운 종목이 시총 10위권에 들면 대체로 2년 이상 지위를 유지한다”고 덧붙였다. 최정희 (jhid0201@edaily.co.kr)＜ⓒ종합 경제정보 미디어 이데일리 - 무단전재 & 재배포 금지＞",/news/news_read.nhn?article_id=0004647532&office_id=018&mode=search&query=삼성바이오로직스&page=2
■ 경제와이드 모닝벨 '증시 브리핑' - 정다인 / 전화 연결 : 김민수 펠리즈투자&리서치 대표,"뉴욕증시 혼조세로 마감됐습니다. 다우 지수, 소폭 내렸지만 나스닥 지수와 S&P500 지수는 소폭 오른 채로 거래를 마쳤습니다.안토니 파우치 미 국립보건원 산하 국립알레르기 전염병연구소 소장이 이제는 경제 재가동을 진지하게 검토할 때라고 말하면서 모더나가 개발 중인 코로나19 백신 후보 물질도 꽤 희망적이라고 말했습니다.당연히 호재로 작용했는데요.반면에 미중간의 갈등 격화는 악재였습니다.미국은 중국이 홍콩 국가보안법 제정을 강행할 경우 홍콩에 대한 관세 혜택 등 특별지위를 박탈할 수 있다고 경고했는데요.중국은 내정간섭이라며 발끈했습니다.뉴욕증시 금요일장 혼조세로 마감했지만, 주간 기준으로 보면 다우 지수는 3.3% 올랐고요.나스닥 지수와 S&P500 지수는 3% 이상 올랐습니다.미국과 중국의 갈등이 첨예해지면서 유럽증시도 혼조세를 보였습니다. 독일 지수만 홀로 올랐고, 영국과 프랑스 지수 소폭 하락한 채 거래를 마쳤습니다.그러면 바로 중화권 증시 확인해보실까요?일단 이번 사태의 중심에 있는 홍콩의 항셍 지수는 중국 전국인민대표대회에서 홍콩의 자치권을 크게 제한할 수 있는 국가보안법을 심의한다는 발표에 투자심리가 급냉각됐습니다.5% 넘는 급락세로 이어졌고요 작년 반정부 시위가 있은 후로 최대 낙폭입니다.항셍지수를 구성하는 종목 50개 모두 내렸는데요.시가총액 최대의 중국 인터넷 서비스 텐센트가 4.85% 급락했고, 알리바바가 3.88% , 샤오미도 6% 이상 하락했습니다.이런 급락세가 다른 아시아증시로 번지진 않을까 우려하시는 분들도 계실 텐데요.OCBC은행의 투자 책임자는 단기적으로는 영향이 있을 수 있어도, 결과적으로 홍콩 국가보안법 제정 문제가 코로나19와 같이 경제에 큰 충격을 주는 게 아닌 이상 다른 아시아증시도 함께 급락할 가능성은 적다고 말했습니다.상하이 종합 지수도 2% 가까이 하락했습니다.홍콩 증시가 급락한 여파도 있는데요. 거기에 미중 긴장 격화도 악재로 작용했고요.중국 양회에서 중국의 올해 경제성장률 목표가 공개되나 싶었는데요. 제시되지 않았습니다.코로나19로 경제 불확실성이 높은 상황에서 미중 갈등도 격화되자, 목표 제시에 부담이 있는 것으로 풀이됩니다.리커창 중국 총리가 일련의 경기대책을 제시했지만, 내용이 기대에 미치지 못하면서 투심 위축이 이어졌습니다.니케이225 지수 0.8% 하락했습니다. 국내 증시 상승세에도 제동이 걸렸습니다.미중 간 갈등 고조에 위축된 모습인데요.코스피가 6거래일 만에 하락세로 돌아섰는데요.1,970선에서 턱걸이로 마감했고, 코스닥도 1.04% 하락한 채 거래를 마쳤습니다.미중 갈등 격화에 희토류 테마주는 전일대비 10% 이상 급등했습니다.유니온머티리얼과 에스모 머티리얼즈가 상하가로 거래 마쳤습니다.기업 소식도 볼까요.삼성바이오로직스는 글로벌 제약사 글락소 스미스클라인과 대규모 계약을 체결했다는 소식에 장중 64만 원까지 오르며 52주 신고가를 경신했습니다.계약 금액은 삼성바이오 지난해 매출의 40.47% 규모입니다.카카오도 연일 신고가를 경신하고 있습니다.현대차의 시총을 소폭 웃돌면서 코스피 시총 10위에 안착했습니다.국제유가는 미중 갈등에 하락 반전했습니다.브렌트유는 2.58% WTI는 1.98% 하락했는데요.원·달러 환율은 올랐습니다.달러당 1,237원에 거래 마쳤습니다.증시 이슈 짚어보겠습니다.- 미중 갈등 우려·코로나 백신 기대감…美증시 혼조- 미중 악재 덮은 백신소식…다우지수 0.04% ↓- '소신파' 파우치 ""이젠 봉쇄 풀때…백신 희망적""- 미국, 경제 재개에 시선…'숨 고르기' 장세 전망- 美, 33개 中 기업·기관 추가제재…반중정서 확대- 왕이 ""코로나19는 미중 공동의 적…신냉전 경계""- 中 양회서 美에 연이어 화해 제스처…""美와 협력""- 코스피, 미중 갈등 우려에 1.4% 하락- 코스피, 외인·기관 동반매도…1970선 후퇴- 2000선 앞두고 6거래일만에 미끄러진 코스피- 살얼음 걷는 코스피…""일각 2000선 문제없어""- 공포지수도 급등…VKOSPI 17.69% ↑- '미중갈등 격화' 원·달러 1237원…환율 오름세- 국내외 코로나 재확산 우려…달러 수요 견조- 미중 '홍콩보안법' 충돌…중 ""미, 간섭말라""- 미중, 실물경제·금융 넘나들며 '경제 전면전'- '기준금리 내릴까' 28일 한은 금통위 주목- 성장률 추락 불가피…한은, 0%대로 인하 가능성- 엇갈린 신호. 경기부양 VS 과잉부채…한은 선택은- 美증시, 경제재개 VS 미중갈등 '눈치보기 장세'- 이번 주 코스피 예상 밴드 1950~2030 전망(자세한 내용은 동영상을 시청하시기 바랍니다.)

▶ ▶ 저작권자 SBS미디어넷 & SBS I&M 무단전재-재배포 금지",/news/news_read.nhn?article_id=0000212195&office_id=374&mode=search&query=삼성바이오로직스&page=2
개인 3거래일 연속 ‘사자’…전기가스업·통신업↑시총 상위주 일제히 혼조세,"[이데일리 김윤지 기자] 18일 코스피지수가 상승 출발했다. 개인과 기관의 동반 매수세가 지수 상승을 이끌고 있다.이날 마켓포인트에 따르면 오전 9시9분 현재 코스피지수는 전 거래일 대비 4.29포인트(0.22%) 오른 1974.42를 기록 중이다.서상영 키움증권 연구원은 “한국 증시는 코로나19 진정 이후 점진적인 경제 재개와 회복 기대감이 유지될 것으로 예상하나 미-중간 갈등 고조 등은 변수”라고 짚었다. 유가증권시장에서 개인은 193억원, 기관은 202억원을 순매수 중이다. 외국인은 379억원을 순매도 중이다. 프로그램 매매는 차익과 비차익을 합쳐 95억원 순매도 우위를 기록하고 있다.업종별로는 상승 우위를 보이고 있다. 전가기스업, 통신업, 서비스업이 1% 넘게 상승하고 있고, 섬유의복, 운수장비 등도 1% 미만으로 상승 중이다. 보험과 전기전자가 소폭 하락 중이다. 시가총액 상위 종목은 혼조세다. NAVER(035420)와 카카오(035720)가 2% 안팎 오름세로, 삼성바이오로직스(207940), LG생활건강(051900)이 1% 미만으로 상승 중이다. 삼성SDI(006400), LG화학(051910)이 보합권인 가운데 삼성전자(005930) SK하이닉스(000660)가 소폭 하락 중이다. 지난 22일(이하 미 동부 시각) 뉴욕증권거래소(NYSE)에서 다우존스 30 산업평균지수는 전장보다 8.96포인트(0.04%) 하락한 2만4465.16에 거래를 마쳤다. 스탠더드앤드푸어스(S&P) 500 지수는 전장보다 6.94포인트(0.24%) 오른 2955.45에, 기술주 중심의 나스닥 지수는 39.71포인트(0.43%) 상승한 9324.59에 장을 마감했다.김윤지 (jay3@edaily.co.kr)＜ⓒ종합 경제정보 미디어 이데일리 - 무단전재 & 재배포 금지＞",/news/news_read.nhn?article_id=0004647629&office_id=018&mode=search&query=삼성바이오로직스&page=2
"소폭 올라 1980대로 출발···외국인은 순매도네이버·카카오 등 강세, 코스닥도 오름세","[서울경제] 25일 코스피가 상승세로 출발했다.이날 오전 9시 13분 현재 코스피는 전 거래일보다 0.21%(4.21포인트) 오른 1,974.34를 나타냈다.지수는 전 거래일보다 10.38포인트(0.53%) 오른 1,980.51로 출발해 상승세를 유지하고 있다.유가증권 시장에서는 개인과 기관이 285억원, 152억원을 순매수했으나, 외국인이 419억원을 순매도했다. 시가총액 상위종목 중에는 삼성바이오로직스(0.65%)와 네비어(1.74%), LG화학(0.27%), 삼성SDI(0.60%), 카카오(2.23%) 등이 올랐고, 삼성전자(-0.10%)와 SK하이닉스(-0.12%), 셀트리온(-0.71%) 등이 하락 출발했다.같은 시각 코스닥지수는 전 거래일보다 0.50%(3.51포인트) 오른 712.09를 나타냈다.지수는 전장보다 4.30포인트(0.61%) 오른 712.88로 개장해 상승하고 있다./양사록기자 sarok@sedaily.com저작권자 ⓒ 서울경제, 무단 전재 및 재배포 금지",/news/news_read.nhn?article_id=0003742045&office_id=011&mode=search&query=삼성바이오로직스&page=2
,"코스피가 1970선 후반대에서 출발했다. 전주 장중에 기록한 2000선 회복을 다시 탈환할지 관심이다. 미국 중국간 무역분쟁 격화 우려가 지속되고 있지만, 신종 코로나바이러스 감염증(코로나19) 백신 기대와 경제재개 기대감이 더해지며 증시하락을 막았다.25일 코스피 지수는 전 거래일보다 0.53%(10.38포인트) 오른 1980.51에 거래를 출발했다. 개인은 149억원 순매수로, 외국인은 305억원 순매도로 시작했다. 기관은 134억원의 순매수를 나타냈다.코스피 시총 상위 톱10 종목은 6개 종목이 상승세로 시작했다. 대표 우량주인 삼성전자와 SK하이닉스는 각각 보합과 0.12% 하락을 나타냈다. 반면 삼성바이오로직스(0.65%), 네이버(2.17%), LG화학(0.66%), 삼성SDI(0.74%), LG생활건강(0.64%) 등은 상승세를 보였다. 현대차를 밀어내고 시총 톱10에 진입한 카카오도 계속 상승세를 나타내며 1.42%의 오름세를 그렸다. 반면 삼성전자우와 셀트리온은 –0.47%, -0.23%를 보이며 하락으로 시작했다.코스닥 지수는 전 거래일보다 0.61%(4.30포인트) 상승한 712.88에 장을 출발했다. 개인은 114억원 순매수를, 외국인은 111억원 순매도를 보였고 기관은 4억원 순매수 중이다.코스닥 시가총액 상위종목은 7개 종목이 상승세다. 셀트리온헬스케어(-0.33%)와 씨젠(-0.82%), 케이엠더블유(-1.52%)는 하락세로 시작했고, 나머지 톱10 종목들은 1~2%의 상승세를 보였다. 이중에선 에코프로비엠이 2.40%로 가장 높은 상승률을 보이고 있다.전주 코스피는 한때 2000선을 회복하며 기대감이 높아졌지만, 미국과 중국 충돌 우려 등에 2000선을 지키지 못했다.코로나19 책임을 둘러싼 공방이 거센 가운데, 중국이 홍콩 의회를 거치지 않고 '홍콩 국가보안법'(홍콩보안법)을 제정할 것이란 방침을 밝히면서 양국의 긴장이 더 첨예해지고 있다.하지만 코로나19 백신 관련 소식, 경제재개 상황 등 긍정적인 신호탄이 쏟아지면서 증시를 끌어올릴 것이란 기대감도 높아지고 있다.한편 이날 서울외환시장에서 원/달러 환율은 전 거래일 보다 3.5원 오른 1240.5원으로 거래를 시작했다.송창범 기자
 <저작권자 ⓒ '성공을 꿈꾸는 사람들의 경제 뉴스' 머니S, 무단전재 및 재배포 금지>",/news/news_read.nhn?article_id=0000546351&office_id=417&mode=search&query=삼성바이오로직스&page=2
코스닥도 710대 유지,"[아시아경제 이민우 기자] 지난주 마지막 장에서 1% 넘게 하락했던 코스피가 개인과 기관의 매수세에 힘입어 상승출발했다. 코스닥도 오름세를 보이며 710 중반대를 유지 중이다.25일 코스피 지수는 전 거래일보다 0.53%(10.38포인트) 오른 1980.51로 개장했다. 이후 오전 9시17분 기준 전장 대비 0.59% 오른 1982.22을 보이고 있다. 유가증권시장에서는 외국인이 299억원을 순매도한 반면 개인과 기관은 각각 69억원, 254억원을 순매수했다.대부분의 업종이 상승세다. 전기가스업의 상승폭이 1.72%로 가장 컸다. 이어 통신업(1.11%), 서비스업(1.01%),
섬유·의복(0.99%) 등의 순이었다. 반면 의료정밀(-0.39%), 비금속광물(-0.34%), 전기전자(-0.19%), 은행(-0.13%) 등은 떨어졌다.시가총액 상위 10위 종목도 대부분 오르고 있다. 카카오의 경우 2.2% 올라 상승폭이 가장 컸다. 같은 업종인 NAVER도 1.9% 올랐다. 이어 삼성SDI().9%), 삼성바이오로직스(0.6%), LG화학(0.5%) 등의 순이었다. 반면 셀트리온(-0.6%), SK하이닉스(-0.2%), 삼성전자(-0.1%) 등은 내렸다.코스닥 지수는 전 거래일보다 0.61%(4.30포인트) 오른 712.88로 개장한 뒤 소폭 상승세를 보이고 있다. 오전 9시17분 기준 전날 보다 0.86% 오른 714.50 기록 중이다. 코스닥 시장에서는 외국인의 매수세가 강세를 보이고 있다. 외국인이 301억원을 순매수한 반면 개인과 기관은 각각 271억원, 32억원을 순매도했다.업종별로는 운송장비·부품의 상승 폭이 1.58%로 가장 컸다. 이어 음식료·담배(1.52%), 소프트웨어(1.30%), 디지털컨텐츠(0.88%) 등의 순이었다. 반면 통신장비의 경우 0.60% 떨어졌다. 건설(-0.30%), 종이·목재(0.29%), 컴퓨터서비스(0.18%) 등도 하락세를 보이고 있다.시가총액 상위 10위 종목 대부분이 오름세다. 에코프로비엠의 상승폭은 3.9%로 가장 컸다. 이어 에이치엘비(2.4%), 알테오젠(1.7%), 스튜디오드래곤(0.6%) 등의 순이었다. 케이엠더블유는 유일하게 하락세를 보였다. 전 거래일 대비 1.0% 떨어진 상태다.이민우 기자 letzwin@asiae.co.kr <ⓒ경제를 보는 눈, 세계를 보는 창 아시아경제 무단전재 배포금지>",/news/news_read.nhn?article_id=0004684497&office_id=277&mode=search&query=삼성바이오로직스&page=2
"코스피, 0.43% 오른 1978.63에 거래 중","[더팩트ㅣ박경현 기자] 25일 코스피가 개인과 기관의 동반 매수세에 상승폭을 키우고 있다. 코스닥은 개인 홀로 '사자'를 유지하며 지수상승을 끌어올리고 있다.오전 9시 17분 현재 코스피는 전장대비 8.50포인트(+0.43%) 오른 1978.63에 거래 중이다.현재까지 개인과 기관은 각각 232억 원, 185억 원을 사들인 반면 외국인은 397억 원을 순매도 중이다.같은시각 코스닥은 전장대비 5.50포인트(+0.78%) 오른 714.08에 거래 중이다.코스닥은 개인 홀로 139억 원을 사들인 반면 외국인과 기관은 각각 81억 원, 25억 원가량을 팔아치우고 있다.시가총액 상위종목은 대부분 오름세다. 삼성전자(+0.21%), 삼성바이오로직스(+1.13%), 네이버(+1.95%)가 상승 중이며, SK하이닉스는 보합세에 거래되고 있다.업종은 장 초반 조선과 전문소매가 3%대 상승률을 보이고 있다.pkh@tf.co.kr저작권자 ⓒ 특종에 강한 더팩트 & tf.co.kr 무단 전재 및 재배포 금지",/news/news_read.nhn?article_id=0000026898&office_id=629&mode=search&query=삼성바이오로직스&page=2
▶ 헉! 소리나는 스!토리 뉴스 [헉스]▶ '아는 척'하고 싶은 당신을 위한 [두유노우],"[파이낸셜뉴스] 코스피가 25일 개인의 '사자'세에 힘입어 오름세를 보이고 있다.
 이날 오전 10시 50분 코스피는 전 거래일보다 7.21포인트(0.37%) 오른 1977.34에 거래되고 있다. 이날 코스피는 전거래일보다 10.38포인트(0.53%) 오른 1980.51에 개장했다.
 국내 유가증권시장에서 외국인과 기관은 718억원, 716억원어치 팔아치우고 있지만 개인은 1474억원어치 사들이고 있다.
 코스피 시가총액 1위에 해당하는 삼성전자는 전 거래일보다 0.21% 내린 4만8650원에 거래되고 있다. SK하이닉스(-0.62%), 현대모비스(-0.54%), 셀트리온(-0.46%), LG생활건강(-0.43%) 순으로 약보합세를 보이고 있다. 반면 카카오(5.87%)와 네이버(2.60%), 엔씨소프트(2.03%) 등은 강세를 보이고 있다. 삼성바이오로직스(1.94%), SK텔레콤(1.20%) 등도 오름세다.
 업종별로 살펴보면 서비스업(2.03%), 전기가스업(0.98%), 운송장비(0.86%), 의약품(0.86%) 등은 강세인 반면 보험(-0.68%), 철강금속(-0.58%), 음식료품(-0.55%), 건설업(0.40%) 등은 약세다.
 반면 코스닥지수는 전 거래일보다 4.24포인트(0.60%) 오른 712.82에 거래되고 있다. 이날 지수는 4.30포인트(0.61%) 오른 712.88에 개장했다.



 ※ 저작권자 ⓒ 파이낸셜뉴스. 무단 전재-재배포 금지",/news/news_read.nhn?article_id=0004430464&office_id=014&mode=search&query=삼성바이오로직스&page=2
"코스닥도 0.7% 상승…코로나19 백신 기대감과 미중 갈등 우려 혼조 카카오, LG생건 제치고 시총 8위 진입…네이버도 장중 52주 신고가","(서울=뉴스1) 권혜정 기자 = 25일 1980선으로 출발한 코스피 지수가 상승폭을 다소 축소하며 1970선으로 밀렸다. 미국과 중국 간 갈등 격화에 대한 우려와 코로나19 백신 개발에 대한 낙관론이 공존한 영향으로 풀이된다. 시간 외 뉴욕 증시 선물은 소폭 상승했다. 25일 한국거래소에 따르면 이날 오전 11시 기준 코스피 지수는 전 거래일 대비 8.04p(0.41%) 오른 1978.17에 거래되고 있다. 개인이 1350억원을 순매수 중인 가운데 외국인과 기관은 각각 697억원, 601억원을 순매도 중이다. 시가총액 상위 종목 가운데 카카오(5.67%), 네이버(3.04%)는 또다시 장중 52주 신고가를 경신했다. 특히 카카오는 LG생활건강 마저 제치며 시가총액 8위(우선주 제외)로 한단계 더 올랐다. 지난 22일에는 현대차를 따돌린 바 있다. 삼성바이오로직스(1.78%)도 올랐다. 반면 셀트리온(0.69%), SK하이닉스(-0.62%) 등은 소폭 하락했다. 코스닥 지수는 이날 오전 11시 기준 전 거래일 대비 4.91p(0.69%) 오른 713.49를 가리키고 있다. 개인과 외국인이 각각 60억원, 125억원을 순매수중이고 기관은 140억원을 순매도 중이다. 시가총액 상위 종목 중에는 에코프로비엠(8.40%), 씨젠(2.73%), 알테오젠(1.62%) 등이 상승했고 케이엠더블유(-1.35%), 펄어비스(0.96%) 등이 하락했다. 서상영 키움증권 연구원은 ""코로나19 진정 이후 점진적인 경제 재개와 회복 기대감이 유지될 것으로 예상하지만 미국과 중국 간의 갈등 고조로 변동성이 확대될 것""이라며 ""중국을 향한 트럼프 미국 대통령의 강경한 발언들은 국내 증시 투자심리를 위축시킬 것""이라고 분석했다. 이어 ""추가적으로 코로나19 여파로 기업들의 실적 추정치들이 하향조정되면서 벨류에이션 부담에 따른 차익 실현 욕구가 높아진 점도 변동성 확대 요인""이라며 ""지수가 추가적으로 상승하기 위해서는 좀 더 유의미한 경제 회복 신호가 필요하다""고 밝혔다. 서울외환시장에서 달러/원 환율은 전 거래일 대비 4.8원 오른 1241.8원에 거래되고 있다.jung9079@news1.kr© 뉴스1코리아(), 무단 전재 및 재배포 금지",/news/news_read.nhn?article_id=0004655887&office_id=421&mode=search&query=삼성바이오로직스&page=2
22일 종가 기준 시가총액 9위 신고가 행진매출 35배 '골리앗' 현대차 추월 성과 거둬4차 산업 혁명에 ICT 중심 산업지도 재편코로나 확산에 급속도 변화 양상 증명,"[아시아경제 송화정 기자]""매출은 35배, 영업이익은 17배 더 큰 현대차를 제치고 카카오가 시가총액 9위로 올라선 점은 현재 시장의 주도주 변화를 대변하는 상징적인 현상이다.""지난 22일 종가 기준으로 카카오의 시가총액이 처음으로 현대차를 앞선 것과 관련해 신승진 삼성증권 연구원은 이같이 평가했다. 4차 산업혁명으로 ICT, 인터넷, 헬스케어 등이 급성장하면서 산업 지도가 재편될 것으로 예견된 상황에서 신종 코로나바이러스감염증(코로나19)은 이 같은 변화를 급속도로 앞당기는 계기가 됐다. 특히 코스피 시총 상위주의 변화는 이러한 추세를 고스란히 반영하고 있다.25일 오전 10시41분 기준 카카오는 전일 대비 5.26%(1만3000원) 오른 26만원을 기록했다. 연일 사상 최고치를 경신 중인 카카오는 이날 개장과 함께 25만원을 넘어섰고 장중 26만5500원까지 오르며 사상 최고치를 하루 만에 다시 썼다. 4일 연속 강세 행진을 이어가는 모습이다. 이 같은 강세에 카카오 시총은 지난 22일 종가 기준으로 현대차를 넘어섰다. 22일 카카오의 시총은 21조5062억원을, 현대차는 20조1916억원을 기록했다. 여세를 모아 카카오는 25일 장중 LG생활건강도 제치고 8위에 올라섰다. 코스피 시총 지형이 급격히 바뀌고 있다. 과거 국내 증시를 이끌던 주력산업 자동차, 화학, 철강, 금융 등이 상위권에서 밀려나고 그 자리를 인터넷, 헬스케어, 2차전지 등이 채우고 있다. 1년 전인 지난해 5월24일 시총 톱10에는 삼성전자와 SK하이닉스, 현대차, 셀트리온, LG화학, 신한지주, SK텔레콤, 현대모비스, 포스코(POSCO), LG생활건강이 포진해 있었다. 그러나 지난 22일 종가 기준으로 시총 톱10은 삼성전자와 SK하이닉스가 1, 2위를 지키고 있는 가운데 삼성바이오로직스, 네이버(NAVER), 셀트리온, LG화학, 삼성SDI, LG생활건강, 카카오, 현대차 순으로 뒤를 이었다. 전통적으로 강세였던 금융, 철강, 통신 대장주들은 모두 10위권 밖으로 밀려났고 자동차 역시 대장주인 현대차만이 간신히 10위권에 남았다. 대신 삼성바이오로직스,NAVER, 삼성SDI, 카카오가 그 자리를 꿰찼다. 반도체, 헬스케어, 인터넷, 2차전지가 각각 2자리씩 자리했다. 자리를 지킨 LG화학의 경우 이제는 전통적인 화학보다는 2차전지가 주가를 견인하고 있다.지난해 하반기부터 이들 성장주들이 빠르게 치고 올라오면서 시총 순위도 급변했다. 1년 전인 지난해 5월 14위였던 NAVER가 하반기 크게 상승하면서 시총 3위로 지난해를 마무리했다. 역시 지난해 5월 11위로 10위권 밖에 있던 삼성바이오로직스도 올해 들어 연일 신고가를 기록하며 현재 3위로 올라섰다. 1년 전 21위로 20위권 밖에 있던 삼성SDI도 지난해 연말부터 급등하면서 올해 10위권에 입성했고 7위에 안착한 상태다.이들의 빠른 성장은 과거 금융위기 후 코스피 2000선 회복을 주도했던 '차화정(자동차ㆍ화학ㆍ정유주)'을 떠올리게 한다. 차화정은 2009년부터 2011년까지 빠르게 상승하면서 금융위기로 타격을 입은 코스피 회복을 이끌었다. 차화정의 강세로 코스피는 2011년 5월 2200선 고지를 밟았다. 9년이 지난 지금 차화정의 역할을 인터넷과 헬스케어가 담당하고 있다. 코로나19 사태로 3월 급락 사태를 겪은 코스피가 최근 2000선을 터치하는 등 두 달 만에 빠르게 회복할 수 있었던 데는 인터넷, 헬스케어, 2차전지 등 새로운 성장주의 역할이 컸다. 신 연구원은 ""이들 성장주 중심의 랠리 배경은 저금리 기조로 인한 막대한 유동성 유입에 있다""면서 ""코로나19로 인해 단기 실물 지표 충격이 불가피함에도 불구하고 차별화된 성장이 나올 수 있는 비대면(언택트) 관련 기업들에 대한 투자자 선호가 계속되고 있기 때문""이라고 분석했다.반면 과거의 영광을 주도했던 차화정은 서서히 내리막길을 걷고 있다. 코로나19로 판매 부진에 빠지면서 자동차 산업이 타격을 받았고 국제 유가 급락 등으로 정유주는 올 1분기 대규모 적자를 냈다.◆코로나19가 앞당긴 산업재편= 4차 산업혁명 시대가 도래하면서 이미 주력 산업에 엄청난 변화가 나타날 것으로 예견됐다. 그러나 갑작스러운 코로나19의 출현으로 그 변화의 속도는 급격하게 빨라졌다. 코로나19로 비대면 문화가 확산되면서 사람들의 생활 패턴이 크게 바뀌었고 이에 대응해 산업의 변화도 빨라진 것이다. 박소연 한국투자증권 연구원은 ""코로나19로 언택트가 보편화, 일상화 하면서 사람들은 무리해서 예전으로 돌아갈 필요가 없다고 느끼고 있다""면서 ""코로나 이후 사람들의 생활패턴과 소비패턴이 일부이긴 하지만 영구적으로 변화할 수 있으며 이는 전통적인 경제 업종에게는 큰 부담이며 결국 일부 구조조정은 불가피하다는 의미""라고 말했다.코로나19로 한동안 주춤했던 바이오주들도 활기를 되찾았다. 홍가혜 대신증권 연구원은 ""코로나19 이후에도 이번 전염병 사태가 일종의 트라우마로 남아 건강에 대한 관심과 일반의약품 선호 추세가 이어질 것""이라며 ""이번 코로나19 사태로 인한 언택트의 확산, 온라인 소비 활성화는 컨슈머헬스에 대한 소비자들의 접근성을 더욱 높여 시장 성장을 촉진할 것""이라고 전망했다.송화정 기자 pancake@asiae.co.kr <ⓒ경제를 보는 눈, 세계를 보는 창 아시아경제 무단전재 배포금지>",/news/news_read.nhn?article_id=0004684704&office_id=277&mode=search&query=삼성바이오로직스&page=1
"코스피, 0.53% 오른 1980.66에 거래 중","[더팩트ㅣ박경현 기자] 코스피가 장 초반 잠시 하락했다가 개인 매수에 힘입어 반등에 성공했다.25일 오전 11시 36분 현재 코스피는 전장대비 10.53포인트(+0.53%) 오른 1980.66에 거래 중이다.현재까지 개인은 1300억 원 가량 사들인 반면 외국인과 기관은 각각 789억 원, 478억 원을 팔아치우고 있다.같은시각 코스닥은 전장대비 5.98포인트(+0.84%) 오른 714.56을 나타내고 있다.코스닥은 외국인이 오전 중 매수세로 전향했다. 이에 개인과 외국인은 각각 18억 원, 204억 원을 사들인 반면 기관 홀로 161억 원을 순매도 중이다.시가총액 상위종목 주가 등락은 엇갈리고 있다. 삼성전자(-0.10%), SK하이닉스(-0.86%)가 하락세인 반면 삼성바이오로직스(+2.10%), 네이버(+3.47%)는 상승세다. 한편 카카오는 장중 시가총액 순위 8위로 올라섰다.현재까지 업종은 양방향미디어와 서비스, 소프트웨어, 조선, 담배가 3~4% 오르며 강세다. 반면 항공사, 전자제품, 사무용전자제품은 1%대 하락하고 있다.pkh@tf.co.kr저작권자 ⓒ 특종에 강한 더팩트 & tf.co.kr 무단 전재 및 재배포 금지",/news/news_read.nhn?article_id=0000026936&office_id=629&mode=search&query=삼성바이오로직스&page=1
,"[머니투데이 김사무엘 기자] [[오늘의 포인트]] 고평가된 종목의 주가는 더 오르고 저평가 종목은 부진한 현상이 이어진다. 불확실성이 클수록 저평가주에 투자해야 한다는 '가치투자'의 상식이 통하지 않는 상황인 것이다. 국내뿐 아니라 글로벌 증시에서도 가치주보단 성장주로 투자금이 쏠린다. 유동성이 만들어낸 상승장으로 인해 당분간 성장성이 높은 종목의 주가 상승은 계속될 것이란 분석이다.25일 증권업계에 따르면 최근 한 달 간 시가총액 상위 종목 중에서 주가 수익률이 높은 종목 대부분은 밸류에이션(기초체력 대비 주가 수준)이 높은 종목들이었다. 반대로 밸류이에션이 낮은 저평가 종목들은 한 달 동안 주가가 떨어지거나 기초지수 대비 낮은 성과를 보였다.통상 밸류에이션이 높으면 주가 조정이 이뤄지고, 밸류에이션이 낮은 종목에는 자금이 몰리면서 주가가 오르는 것과는 반대 양상이 벌어지고 있는 것이다.증권가에서는 종목의 펀더멘털(기초체력)과 주가와의 관계를 종종 주인과 개의 관계에 비유하곤 한다. 산책을 나갈 때 개(주가)가 주인(펀더멘털)보다 앞서나갈 순 있어도 산책이 끝나면 결국 개는 주인에게로 돌아올 수밖에 없다는 것이다. 주가는 결국 펀더멘털에 수렴할 수밖에 없다는 것이 '가치투자'의 기본원리고, 벤저민 그레이엄 이후 100여년간 증권가의 상식으로 통했다.하지만 최근 증시는 오히려 고평가 종목들의 주가가 더 오르는 기현상이 벌어진다. 주가의 적정 수준을 측정하는 대표적 지표가 PER(주가순수익비율) 인데, 통상 코스피 시장에선 PER 10배를 기준으로 고평가 주식과 저평가 주식을 나눈다.현재 코스피에서 고평가 주식 중 가장 시장의 관심을 끄는 건 카카오다. 에프앤가이드에 따르면 카카오의 12개월 전망 PER는 58배에 달하지만 이달 들어 주가는 34%나 급등했다. 지난 22일 기준 시가총액은 21조5062억원으로 현대차(20조1916억원)를 제치고 시총 9위에 올랐다. 현재 카카오 주가는 전일 대비 1만5000원(6.07%) 오른 26만2000원을 기록하며 시총 순위도 LG생활건강을 제치고 한단계 위로 더 올라섰다.NAVER도 마찬가지다. PER 37.15배인 NAVER는 이달 들어 주가가 16.7% 오르며 연일 신고가 행진을 이어가고 있다. 지난해 실적 기준으로 PER이 201.52배에 달하는 삼성바이오로직스는 이달 주가가 6.4% 올랐고, PER 49배의 셀트리온헬스케어도 7.3% 상승했다.바이오시밀러(복제약) 업체 알테오젠은 피하주하 제형 변형 플랫폼인 '하이브로자임'(Hybrozyme)에 대한 기대감에 이달 들어 주가는 2배 이상 급등했다. 올해 예상 실적 기준 PER 341.8배에 달하지만 주가 상승세는 이어지고 있다.반면 PER이 낮은 시총 상위 종목 대부분은 이달 주가 하락을 경험했다. 개미(개인투자자)들이 가장 사랑하는 삼성전자의 PER는 11.15배에 불과하지만 이달 주가는 2.5% 하락했다. 같은 반도체 업종인 SK하이닉스 역시 PER 8.81배인 저평가 상태임에도 주가 수익률은 마이너스 2.9%를 기록했다.신한지주(4.62배)와 KB금융(4.3배) 등 금융주들은 역대급 저평가가 이어지고 있지만 이달에도 주가는 5~10% 하락했다. 전통적 제조업으로 분류되는 POSCO는 PER 8.45배임에도 이달 주가는 6.8% 떨어졌다. PER 11.13배인 한국전력도 10% 이상 주가가 하락했다.이는 국내뿐 아니라 해외에서도 마찬가지다. 미국 대형가치주 지수인 '스탠다드앤드푸어스 500 퓨어 밸류'(S&P 500 Pure Value) 지수는 이달 2.2% 하락한 반면 대형성장주 지수인 '스탠다드앤드푸어스 500 퓨어 그로쓰'(S&P 500 Pure Growth) 지수는 5.1% 올랐다. 중형주와 소형주에서 가치주·성장주 차이를 비교해 봐도 같은 결과가 나온다. 저평가된 가치주는 덜 오르고 고평가된 성장주은 더 오른 것이다.'포스트 코로나'(코로나 이후) 시대의 수혜주와 유동성 장세가 만나 성장주로의 쏠림 현상은 더 가속화하고 있다는 분석이다. 비대면, 온라인, 헬스케어 등으로 대표되는 코로나19 이후 시대에서 관련 수혜주들이 주목받는 가운데 각국 정부의 양적완화와 경기부양으로 이들 종목으로 자금은 더 몰릴 수밖에 없다는 것이다.최근 해외 주식 중 가장 주목받고 있는 캐나다 온라인 쇼핑몰 플랫폼 업체 '쇼피파이'(Shopify)가 대표적이다. 쇼피파이는 창업자가 온라인 쇼핑몰을 만들고 관리할 수 있게 도와주는 플랫폼인데, 적자가 이어지고 있음에도 주가는 올 들어 2배 이상 뛰어 캐나다 시총 1위 기업으로 올라섰다.이효석 SK증권 연구원은 ""1969년부터 1973년까지 미국 기관투자자가 선호했던 50개 종목의 평균 PER는 42배로 당시 S&P500 평균이었던 19배보다 2배 이상 높았다""며 ""현재도 성장과 확실성이 있는 종목으로 쏠림현상은 더 심화할 것""이라고 분석했다.그는 ""거시 관점에서 성장주의 질주를 막을 수 있는 것은 금리 상승뿐인데 당분간 금리가 오를 가능성은 낮다""며 ""오는 28일 한국은행의 금융통화위원회에서 기준금리가 0.5%로 낮아질 가능성이 높다""고 전망했다.김사무엘 기자 samuel@mt.co.kr
<저작권자 ⓒ '돈이 보이는 리얼타임 뉴스' 머니투데이, 무단전재 및 재배포 금지>",/news/news_read.nhn?article_id=0004414120&office_id=008&mode=search&query=삼성바이오로직스&page=1
,"[머니투데이 조준영 기자] 올해 '동학개미운동'이라는 신조어가 만들어질 정도로 개인투자자들의 거침없는 주식매수세가 이어졌지만, 극단의 변동장에서 높은 수익률을 올린 것은 외국인이었다.지난 3월 9일 코스피지수는 코로나19(COVID-19) 직격탄을 맞으며 2000선이 깨지고 단 9거래 일만인 19일 약 30% 폭락하며 1400대로 주저앉았다. 그리고 두 달 반만인 지난 21일 장중 2000선을 넘어서는 등 약 3개월 동안 60%가 넘는 지수 변동성을 보였다. 개인들은 폭락장에서 삼성전자, SK하이닉스 등 저가로 떨어진 우량주 매수에 열을 올렸고 외국인들은 셀트리온, 삼성바이오로직스 등 코로나19(COVID-19) 관련 수혜가 예상된 바이오주를 사들이며 각자 다른 길을 걸었다. 결과적으로 외국인이 매수한 종목들은 올랐고 개인들이 매도한 종목들은 더 오른 것으로 나타났다. 유럽과 미국에 코로나19가 본격 확산된 지난 3월 2일부터 5월 22일까지 약 3개월간 개인과 외국인의 평균 매수·도가(거래액 기준 상위 100종목) 대비 주가상승률을 분석한 결과다. 개인들이 순매수한 종목들은 분석기간 동안 평균 3.34% 오른 데 비해 외국인의 경우 15.62%나 오르며 개인보다 평균 4배 이상 차이가 났다. 거래액 상위 10개 종목으로 좁혀보면 외국인이 산 주식이 개인의 10배나 오르며 격차가 더 벌어졌다.개인이 6조원 넘게 순매수한 삼성전자의 평균 매수가는 여전히 현재가의 -0.45%에 그쳐 손익분기점을 넘지 못했다. 국내 증시 하락에 2배 베팅한 'KODEX 200선물인버스2X'는 빠른 증시반등으로 -19.82% 손실을 기록하며 평균수익률을 크게 깎았다. 반면 외국인은 셀트리온(+13.56%), 삼성바이오로직스(+20.55%), 셀트리온제약(+33.39%) 등 제약·바이오 종목들에서 큰 수익률을 올렸고 'TIGER MSCI Korea TR'(+18.13%), 'KODEX 코스닥 150'(+17.49%) 같은 지수상승 ETF(상장지수펀드)에서도 고수익을 기록했다.같은 기간 개미들이 팔아치운 종목들은 평균 +16.51%로 외국인(9.08%)의 1.5배 이상 올랐다. 상위 10개 종목으로 좁히면 개인이 판 주식은 외국인의 2배 이상 오른 것으로 나타났다. 순매도액 4662억원으로 개인들이 가장 많이 판 'KODEX 코스닥150 레버리지'의 경우 평균매도가 대비 42.73%나 올랐다. 개인들이 예상한 것보다 훨씬 빠르게 증시가 반등한 결과로 풀이된다. 이 밖에도 삼성바이오로직스(+16.64%), 한샘(+26.5%), 펄어비스(+10.68%) 등 매도액 상위 종목들 대부분이 크게 올랐다.외국인이 가장 많이 팔아치운 종목은 삼성전자와 SK하이닉스로 각각 5조7598억원, 1조4520억원 어치 팔아치웠지만, 개인과 달리 두 종목 모두 1.39%, 1.67% 하락했다. 현대차(+3.81%), 신한지주(+2.48%), 기아차(+5.49%) 등 상위 매도 종목들은 소폭 상승하는 데 그쳤다. 무릎에서 판 종목도 있었다. 최근 언택트 관련주로 급성장한 NAVER와 카카오의 경우 각각 28.09%, 44.57% 올랐고 삼성SDI와 SK도 각각 27.75%, 35.17% 크게 상승한 것으로 나타났다.과거에도 비슷한 결과가 나왔을까. 오히려 극심한 변동장에서 개인들은 그나마 나은 수익률을 올린 것으로 나타났다. 코스피가 2300선까지 넘보며 호황을 누리던 지난해 12월부터 올해 2월까지 개인들이 산 주식은 평균 -7.40% 수익률을 기록하며 외국인(+0.54%)과 차이가 컸다. 상위 10개 순매수 종목으로 비교하면 개인이 순매수한 종목들은 16%나 폭락해 외국인(+4.48%)과의 차이가 극단적으로 벌어졌다. 순매도 종목에서도 결과는 크게 엇갈렸다. 개인들이 순매도한 상위 10개 종목은 평균 17.53% 오른데 비해 외국인이 팔아치운 종목들은 평균 14.22%나 떨어졌다. 특히 개인들이 판 카카오(+47.73%), 엔씨소프트(+34.73%), SK하이닉스(+70.62%), NHN한국사이버결제(+95.58%) 등은 고공행진을 이어갔다.조준영 기자 cho@mt.co.kr
<저작권자 ⓒ '돈이 보이는 리얼타임 뉴스' 머니투데이, 무단전재 및 재배포 금지>",/news/news_read.nhn?article_id=0004414158&office_id=008&mode=search&query=삼성바이오로직스&page=1
"코스피 1%대로 오름폭 키우며 1,990대 육박외인, 코스피선 순매도 코스닥선 순매수 나서","[서울경제] 주요국 경제활동 재개 기대감에 25일 코스피와 코스닥이 나란히 강세다.이날 오후 2시 30분 현재
코스피 지수는 전일보다 1.00%(19.69포인트) 상승한 1,989.82를 나타내고 있다. 지수는 전 거래일보다 10.38포인트(0.53%) 오른 1,980.51로 출발해 오전 잠깐 하락전환하기도 했으나 이내 오름세를 타기 시작한 뒤 오름폭을 확대하고 있다.백신 조기 개발과 주요국의 경제활동 재개 기대감이 증시에 온기를 불어넣고 있는 것을 풀이된다.다우존스30 산업평균지수는 전장보다 8.96포인트(0.04%) 하락한 24,465.16에 거래를 마쳤으나, 스탠더드앤드푸어스(S&P) 500 지수와 나스닥 지수는 각각 0.24%, 0.43% 올랐다.앤서니 파우치 미국 국립보건원 산하 국립알레르기·전염병연구소(NIAID) 소장은 지난주 미국 바이오기업 모더나가 개발 중인 백신에 대해 ‘희망적’이라고 평가했다. 그는 연말까지 백신이 마련될 수 있다는 낙관적 견해도 밝혔다. 다만 지속되는 미중간 긴장은 증시에 핵심 변수로 작용할 전망이다.서상영 키움증권 연구원은 “홍콩보안법을 둘러싸고 미중이 더 강하게 맞부딪힐 수 있는 데다 차익실현 욕구도 커지고 있는 만큼 매도 심리가 만만치 않은 상황”이라고 말했다유가증권시장에서는 외국인이 1,145억원을 순매도했으나 개인과 기관이 각각 967억원, 160억원을 순매수했다. 시가 총액 상위 종목 중에는 삼성바이오로직스(2.27%)와 네이버(3.69%), LG화학(2.79%), 삼성SDI(3.42%), 카카오(8.50%) 등이 올랐고, 삼성전자(-0.10%), SK하이닉스(-0.62%), 셀트리온(-0.46%)은 하락세다.같은 시각 코스닥 지수는 전일 대비 1.37%(9.69포인트) 오른 718.27포인트를 기록하고 있다. 지수는 전장보다 4.30포인트(0.61%) 오른 712.88로 개장해 상승하고 있다. 코스닥 시장에서는 유가증권 시장과는 반대로 개인과 기관이 각각 579억원, 100억원을 순매도했으나 외국인이 741억원을 순매수했다. 시가총액 상위 종목중에는 셀트리온헬스케어(0.33%)와 에이치엘비(2.54%), 셀트리온제약(1.74%), 씨젠(3.74%), 알테오젠(3.45%), 펄어비스(0.82%), 에코프로비엠(11.80%), 스튜디오드래곤(1.05%) 등 대부분 종목이 올랐고, CJ ENM(-0.08%)과 케이엠더블유(-1.01%) 만 내렸다. 한편 이날 오후 2시 38분 현재 서울 외환시장에서 원달러 환율은 전일 대비 2.9원 오른 1,243.4원을 기록했다. /양사록기자 sarok@sedaily.com저작권자 ⓒ 서울경제, 무단 전재 및 재배포 금지",/news/news_read.nhn?article_id=0003742360&office_id=011&mode=search&query=삼성바이오로직스&page=1
,"성장성을 중심으로 다양한 종목이 각개 약진할 것세계 경제가 실업의 공포에서 벗어나지 못하고 있다. 그 영향으로 하반기에 경제가 강하게 V자 반등을 할 거란 기대도 후퇴했다. V자 반등을 하기는 하는데 그 강도가 약하고 반등 후 지지부진한 옆 걸음에서 벗어나지 못할 거란 전망이 새롭게 대두됐다.
미국의 4월 비농업부문 고용이 시장 예상대로 전월 대비 2000만명 넘게 감소했다. 코로나19 확산 방지를 위한 봉쇄조치가 반영된 수치로 서비스업과 제조업, 건설업 모두에서 고용이 크게 줄었다. 코로나19로 인한 대면 서비스 중단으로 도소매와 레저 등 서비스업의 고용 부진이 특히 심했다. 실업률이 2차 세계대전 이후 최고 수준인 14.7%로 상승했다. 한국 역시 4월 고용지표가 좋지 않았다. 계절조정 실업률이 3.8%로 전월과 같은 수준이었지만 취업자 수는 전년동기대비 47만명 감소했다. 업종별로는 숙박음식, 교육서비스, 도소매를 중심으로 감소했는데 이들 역시 코로나19의 타격을 가장 크게 받는 대면 서비스업종이다.성장성이 높은 코스닥 시장이 코스피를 압도악화된 고용지표에도 불구하고 주중 주가가 크게 상승했다. 주가를 움직이는 동력이 달랐기 때문인데 현재 시장은 경제 펀드멘털보다 코로나19 백신 개발이라는 이벤트와 미래에 대한 기대에 의해 만들어지고 있다. 국내 증시에서는 코스닥 상승이 돋보였다. 주요국 주가 중에서 유일하게 코로나19 확산 이전의 고점을 회복했기 때문이다. 나스닥이 비슷한 흐름을 보이고 있지만 아직 고점보다 7% 정도 낮은 상태다. 다우지수를 비롯해 유럽 시장은 이미 4월초에 상승을 끝내고 한 달 넘게 오랜 횡보조정을 계속하고 있다. 코스피와 스탠다드앤푸어스(S&P)500이 나스닥과 유럽시장 사이에 위치해 있지만 5월 들어 뚜렷한 상승 흐름을 보이지 못하고 있다. 여러 시장과 비교해 코스닥이 얼마나 강한지 알 수 있다.
코스닥이 오른다고 해서 세계적으로 중소형주 강세가 나타나고 있는 건 아니다. 미국에서 나스닥이 선전하고 있지만 중소형주 강세는 아닌 것은 미국의 대형주지수인 S&P500이 중소형주 지수인 러셀2000보다 월등히 높은 상승률을 기록하고 있는 걸 보면 알 수 있다. 우리나라도 코스닥으로 표면화됐을 뿐 성장성이 높은 섹터를 중심으로 주가가 오르고 있다. 국내에서는 바이오와 언텍트 등 코로나19관련 부문이 성장이 높은 쪽으로 분류돼 있는데 코스닥시장에서 이들이 차지하는 비중이 높다 보니 자연히 코스닥 상승이 두드러져 보인 것이다. 미국은 IT소프트웨어와 플랫폼 기업이 그 자리를 차지하고 있다.
정부 정책도 코스닥 강세에 한 몫을 하고 있다. 정부가 한국판 뉴딜 정책을 통해 전국에 5G망을 구축해 금융, 의료, 교통분야에서 데이터를 수집해 이를 비즈니스에 활용하겠다고 선언했다. 이와 함께 교육, 의료영역에서 비대면 서비스를 확대해 해당 부문이 우리 경제의 중심이 되도록 할 계획이다. 디지털 전환 및 비대면이 다양한 산업으로 확대되는 것이다. 이 발표로 코스닥에서 관련주가 상승했다.
과거 사례를 보면 중소형주에서 테마가 만들어지고 적용 기업이 늘어나는데 정부 정책이 결정적 역할을 하는 경우가 많았다. 정부가 특정 섹터를 핵심 육성 부문으로 지정할 경우 해당 부분에 예산 배정이 늘어 기업이 기술을 개발하고 운용 자금을 쉽게 확보할 수 있기 때문이다. 2000년이 대표적인 경우다. 대기업이 외환위기를 초래한 주범으로 낙인찍히자 경제를 끌고 갈 새로운 주체가 필요했다. 이때 선택된 게 벤처였다. 1999년 정부가 벤처 살리기 일환으로 코스닥 등록 요건을 완화했는데 때마침 주식시장이 활황을 보여 코스닥시장이 급등했다.국내 산업구조 변화도 주가에 반영코로나19 확산으로 급락했던 주가가 대부분 회복됐다. 이제는 낮은 가격만으로는 주가를 움직일 수 없는 상태가 된 건데 그 틈을 성장이 뚫고 들어왔다. 당분간 성장성 있는 섹터와 보통 기업 간에 주가 차이가 계속 벌어질 걸로 보인다. 이런 일시적 재료 외에 우리 시장의 구조적 변화도 중소형주 강세에 힘을 보태주고 있다.
지난 10년 사이 포스코, 현대차, 한전, KT 같은 대표 기업의 주가가 최고치 대비 50~70% 넘게 하락했다. 실적은 주가만큼 나쁘지 않았다. 포스코의 영업이익이 10년 전과 비슷한 5조원대이고, LG전자도 3조원 가량이다. 현대차를 제외하고 이익이 안정적이었음에도 불구하고 주가가 하락한 것이다. 이런 현상은 지난 10년 사이 재벌 계열 대기업에 대한 시장의 평가가 달라졌기 때문에 나왔다. 시장에서는 이들이 일정 수준의 매출과 이익을 유지할 뿐 성장을 기대하긴 힘든 존재가 됐다고 보고 있다. 그래서 기업의 본질적 가치는 괜찮음에도 불구하고 미래 가치가 낮아 주가가 떨어진 것이다.
재벌 계열 대기업의 역할이 줄어든 대신 새로운 산업의 힘은 강해졌다. 지난 10년간 네이버 주가가 4배 올라 시가총액 4위가 됐다. 10년 전에는 주식시장에 존재하지 않았던 삼성바이오로직스와 셀트리온도 시가총액 3위와 6위로 올라섰다. 세 곳 모두 성장성으로 주목 받고 있는 플랫폼과 바이오에 속해 있는 기업들이다. 이런 흐름은 미국시장에서도 나타났다. 애플, 아마존, 구글 등 플랫폼 사업을 영위하는 기업의 주가는 계속 상승한 반면 자동차를 비롯해 전통적 산업은 힘을 쓰지 못했다. 수익을 내는 형태가 다양해져 기업에 대한 평가가 달라진 것이다.
10년 전에 미국 스탠다드앤푸어스(S&P)500지수에서 플랫폼 기업이 차지하는 비중이 2%에 밖에 되지 않았다. 2020년이 돼도 해당 비중이 5%를 넘지 않을 거란 예상이 대다수였지만 이미 애플과 아마존 두 회사의 시가총액만이 전체의 8%를 넘었다. 그래서 지금은 2040년에 미국 상장기업의 이익에서 플랫폼 기업들이 차지하는 비중이 50%를 넘을 거란 전망이 이상하게 들리지 않는다. 지난 10년간 S&P500지수 내에 있는 플랫폼 기업의 이익이 330% 증가했는데 앞으로 그 절반만 늘어도 예상 수치를 맞출 수 있기 때문이다.
이러 흐름은 우리나라에서도 진행 중이다. 액면가 5천원으로 환산할 경우 네이버 주가가 1000만원을 넘었다. 다음카카오도 현대차와 시가총액 10위 자리를 놓고 경쟁 중이다. 과거에는 생각도 할 수 없었던 일이 벌어지고 있는 건데 이는 우리 경제의 구조적 변화를 반영한 결과다. 당분간 성장성을 중심으로 다양한 종목이 각개 약진하는 상황이 벌어질 걸로 보인다. 시장의 관심이 성장성으로 쏠린 이상 앞으로 주가 차별화가 더 심해질 수밖에 없다. 한쪽에서는 상상도 할 수 없었던 가격이, 다른 쪽에서는 생각지도 못했던 주가 하락이 동시에 나타날 텐데 늦더라도 상승 쪽에 몸을 싣는 게 좋다. 지금은 마음 편한 투자가 좋은 투자가 아니라는 점을 명심해야 한다.- 이종우 증시칼럼니스트 				[ⓒ 이코노미스트() 무단 전재 및 재배포 금지]",/news/news_read.nhn?article_id=0000010147&office_id=243&mode=search&query=삼성바이오로직스&page=1
,"코스피가 장 막판 반등을 시도하며 지속 상승했지만 지수 2000 회복은 실패했다. 하지만 미중 무역갈등 고조 불안에도 불구 미국의 경제재개라는 외부적요인과 언택트를 비롯한 시장 주도주 관심에 증시는 장 막판 1% 이상 상승세를 탔다.코스피는 25일 전 거래일 대비 1.24%(24.47포인트) 상승한 1994.60에 거래를 마쳤다. 개인과 기관이 매수를 이끌었고 외국인은 파는 것에 초점이 맞춰졌다. 개인과 기관은 각각 933억원, 376억원 순매수했고 외국인은 1421억원 순매도했다.코스피 시가총액 10개 상위종목은 셀트리온(-0.46%)을 제외하고 모두 상승 마감했다. 시총 1,2위 삼성전자와 SK하이닉스는 0.21%, 0.12% 소폭 상승했다. 삼성바이오로직스, 네이버, 삼성전자우, LG화학, 삼성SDI 등은 3~4%의 높은 상승률을 보였다. 시총 9위까지 오른 카카오는 이날 8.50%까지 올랐다.코스닥은 전 거래일 대비 1.60%(11.31포인트) 오른 719.89에 거래를 마쳤다. 코스닥의 개인과 외국인의 거래는 코스피와 정반대의 모습을 보였다. 개인은 871억원 순매도했고, 외국인은 984억원 순매수했다. 기관은 61억원 순매도했다.코스닥 시가총액 10개 상위종목 중에서도 케이엠더블유(-0.51%)를 제외하고는 모두 상승을 나타내는 빨간등이 켜졌다. 셀트리온헬스케어(0.33%), 에이치엘비(2.15%), 씨젠(4.28%), 셀트리온제약(2.09%), 펄어비스(0.82%), CJ ENM(0.25%)은 소폭 상승했다. 에코프로비엠은 13.50% 상승으로 마감해 눈길을 끌었다.이날 증시는 장 막판 상승세를 타며 코스피 2000 돌파를 기대하게 만들었다. 하지만 미중 갈등 우려 속 상승폭은 제한됐다.그러나 미중 정면 충돌 양상으로 전개되지 않을 것이라는 분석이 제기되면서 매수세가 유입됐다. 또한 미국이 10만명 이상 대규모 코로나19 백신 임상 진행 계획과 함께 경제 재개 검토 발언까지 나오면서 증시 상승에 영향을 줬다는 분석이다.한편 이날 달러/원 환율은 7.20원(0.58%) 인상된 1244.20원으로 거래를 마쳤다.송창범 기자
 <저작권자 ⓒ '성공을 꿈꾸는 사람들의 경제 뉴스' 머니S, 무단전재 및 재배포 금지>",/news/news_read.nhn?article_id=0000546678&office_id=417&mode=search&query=삼성바이오로직스&page=1
카카오 8.5% 등 대형주 대부분 오름세코스닥도 외인 매수세에 오름세 이어가,"[서울경제] 25일 코스피가 상승해 1,990선 위로 다시 올라섰다.이날 코스피는 전 거래일보다 1.24%(24.47포인트) 오른 1,994.60으로 마감했다.지수는 전장보다 0.53%(10.38포인트) 오른 1,980.51로 출발해 오전 한때 상승 폭을 줄였다가 다시 오름세를 보였다. 홍콩 국가보안법(홍콩보안법)을 둘러싸고 미·중 긴장이 재부상했지만, 주요국의 경제활동 재개와 백신 조기 개발 기대가 투자심리에 긍정적으로 작용했다.유가증권 시장에서는 외국인이 1,421억원을 순매도했으나, 개인과 기관이 각각 952억원과 357억원을 순매수했다.시가총액 상위종목 중에는 삼성전자(0.21%)와 SK하이닉스(0.12%), 삼성바이오로직스(2.27%), 네이버(4.56%), LG화학(3.32%), 삼성SDI(3.57%), 카카오(8.50%), LG생활건강(0.21%) 등이 올랐고, 셀트리온(-0.46%)만 내렸다. 코스닥지수는 전 거래일보다 1.60%(11.31포인트) 오른 719.89포인트로 상승해 720선에 근접했다. 이는 지난해 6월 21일(722.64) 이후 11개월 만에 최고치다.지수는 전장보다 4.30포인트(0.61%) 오른 712.88로 개장해 장중 상승 흐름을 지속하다 고가로 장을 마감했다.코스닥 시장에서는 개인과 기관이 각각 867억원과 65억원을 순매도했으나, 외국인이 985억원을 순매수했다. 한편 이날 서울 외환시장에서 원/달러 환율은 전일 대비 7.2원 오른 1,244.2원에 장을 마쳤다. /양사록기자 sarok@sedaily.com저작권자 ⓒ 서울경제, 무단 전재 및 재배포 금지",/news/news_read.nhn?article_id=0003742432&office_id=011&mode=search&query=삼성바이오로직스&page=1
"24.47포인트 오른 1994.60 마감개인·기관 동반 매수…""미중 갈등 말싸움""카카오 8.5% 급등…시총 8위로 껑충","그래픽=마켓포인트[이데일리 김윤지 기자] 25일 코스피 지수가 1%대 상승했다. 장 초반 미·중 관계 악화와 홍콩 리스크 확대 우려로 주춤하는 모양새를 보였지만 코로나19 진정 이후 점진적인 경재 재개와 회복 기대감이 더 크게 작용했다. 결국 2거래일 만에 1990선을 회복했다.마켓포인트에 따르면 이날 코스피지수는 전 거래일 대비 24.47포인트(1.24%) 오른 1994.60에 마감했다. 상승 출발한 후 1967선까지 미끄러졌지만 홍콩 주식시장이 오후 들어 낙폭을 만회하는 등 과거와 다른 양상을 보여주면서 상승 전환에 성공해 1994선까지 올라갔다. 노동길 NH투자증권 연구원은 “미·중 관계는 당분간 마찰이 계속될 듯 하다”면서도 “지금처럼 1단계 무역협정 수호 의지를 피력하면 경제 여파를 최소화할 수 있어 ‘말싸움(레토릭)’에 가깝다”고 말했다. 지난해 수준은 아직 아니라는 분석이다. 유가증권시장에서 개인은 933억원, 연기금 등이 617억원을 사들이는 등 기관은 376억원 순매수했다. 외국인은 1407억원을 순매도했다. 프로그램
매매는 차익과 비차익을 합쳐 533억원 순매도 우위를 기록했다.전 업종별로는 상승 우위를 보였다. 이날 큰 폭으로 상승한 IT기업을 포함한 서비스업이 3.86%로 가장 크게 올랐고, 운수장비, 증권, 비금속광물, 음식료품, 금융업, 통신업, 화학 등이 1% 넘게 상승했다. 철강및금속과 보험이 1% 미만으로 소폭 하락했다. 시가총액 상위 종목도 대부분 상승했다. 신종 코로나 바이러스(코로나19) 확산으로 비대면 관련 업종이 투자자의 관심을 끌면서 카카오(035720)는 8.5% 급등해 52주 최고가를 경신했다. 시가총액 23조3347억원으로 LG생활건강(051900)(시가총액 21조8655억원)을 제치고 코스피 시가총액 8위로 올라섰다. NAVER(035420)도 4.56% 올랐다. 대장주인 삼성전자(005930)와 SK하이닉스(000660)가 1% 미만으로 소폭 상승했으며 삼성바이오로직스(207940)와 LG(003550)화헉, 삼성SDI(006400) 등도 3% 안팎으로 올랐다. 셀트리온(068270)은 1% 미만 빠졌다. 종목별로는 비대면 관련주가 돋보였다. 카카오(035720) 외에도 NAVER(035420), 엔씨소프트(036570) 모두 이날 장중 52주 최고가를 기록했다. 클라우딩 관련주인 효성ITX(094280)도 9.38%, 삼성에스디에스(018260)가 6.59%, 더존비즈온(012510)이 6.44% 올랐다. 국보(001140)가 29.92%로 상한가를 기록했다. 국내 파운드리(반도체 위탁생산) 전문 업체 DB하이텍(000990)은 1분기 실적을 바탕으로 17%대 상승했다. 이날 거래량은 6억3009만주, 거래대금은 7조8421억원으로 집계됐다. 상한가 1개 종목을 포함해 517개 종목이 상승했고 하한가 종목 없이 303개 종목이 하락했다. 83개 종목은 보합권에서 거래를 마쳤다.김윤지 (jay3@edaily.co.kr)＜ⓒ종합 경제정보 미디어 이데일리 - 무단전재 & 재배포 금지＞",/news/news_read.nhn?article_id=0004648070&office_id=018&mode=search&query=삼성바이오로직스&page=1
코스닥도 1.6% 올라…720선 '눈 앞',"[아시아경제 이민우 기자] 2000선이 무너진 뒤 1960대까지 떨어졌던 코스피가 다시금 상승세로 돌아서며 1990대로 장을 마쳤다. 코스닥은 상승세를 이어가며 720선을 눈 앞에 두고 있다.25일 한국거래소에 따르면 코스피는 전장보다 1.24%(24.47포인트) 오른 1994.60에 마감했다. 이날 1980.51로 상승 개장한 뒤 오전 한 때 1967까지 밀렸지만 이내 다시 오름세를 회복했다. 전 거래일 당시 2000대로 출발했지만 1960 초반대로 주저앉았던 것과 상반된 분위기다.유가증권시장에서는 외국인의 매도세를 개인과 기관이 떠받치는 형국이었다. 외국인은 1421억원을 순매도한 반면 개인과 기관은 각각 955억원, 355억원을 순매수했다.거의 모든 업종이 상승세를 보였다. 서비스업의 상승폭이 3.86%로 가장 컸다. 이어 운수장비(1.83%), 증권(1.62%), 비금속광물(1.46%) 등의 순이었다. 반보험과 철강·금속 업종만이 각각 0.29%, 0.20% 하락했다.0.4% 떨어진 셀트리온을 제외한 시가총액 상위 10위 종목들이 올랐다. 전장 대비 8.5% 오른 카카오의 상승세가 단연 돋보였다. 이날 카카오는 27만원까지 오르며 신고가를 경신했다. 이어 NAVER(4.5%), 삼성SDI(3.5%), LG화학(3.3%), 삼성바이오로직스(2.2%), 삼성전자(0.2%) 등의 순이었다.같은 날 코스닥은 전장보다 1.60%(11.31포인트) 오른 719.89에 장을 마쳤다. 올해 들어 가장 높은 수치로 720선을 눈 앞에 두고 있다. 코스닥 지수가 720을 넘어선 것은 지난해 6월25일이 마지막이다.코스닥시장에서는 외국인의 매수세가 강세였다. 985억원을 순매수한 반면 개인과 기관은 각각 867억원, 65억원을 순매도했다.역시 대부분의 업종이 상승세였다. 인터넷(5.41%)과 소프트웨어(5.22%)의 경우 5% 넘게 상승했다. 이어 일반전기전자(4.37%), 통신서비스(3.27%) 등의 순이었다. 반면 기타제조의 경우 3.60% 떨어졌다. 운송과 정보기기 등도 각각 0.43%, 0.15% 하락했다.시가총액 상위 10위 종목 대부분이 올랐다. 에코프로비엠의 경우 13.5%로 상승폭이 가장 컸다. 이어 씨젠(4.2%), 알테오젠(3.1%), 에이치엘비(2.1%) 등의 순이었다. 케이엠더블유만이 0.5% 떨어졌다.이민우 기자 letzwin@asiae.co.kr <ⓒ경제를 보는 눈, 세계를 보는 창 아시아경제 무단전재 배포금지>",/news/news_read.nhn?article_id=0004685001&office_id=277&mode=search&query=삼성바이오로직스&page=1
"코스피, 24.47p 상승 1994.60 마감…카카오·네이버·엔씨 신고가 코스닥, 11.31p 오른 719.89 마감…환율, 7.2원↑ 1244.2원","(서울=뉴스1) 권혜정 기자 = 25일 코스피 지수가 1%대 이상 오르며 1990선으로 마감했다. 코스닥 지수도 1.6% 오르며 720선을 눈앞에 뒀다. 미중간 갈등 격화 우려에도 주요국 경제활동 재개에 대한 기대감이 작용한 것으로 풀이된다. 시간 외 뉴욕 증시선물도 상승했다. 이날 코스피 지수는 전 거래일 대비 24.47p(1.24%) 오른 1994.60에 마감했다.개인과 기관이 각각 933억, 376억 순매수한 가운데 외국인 1421억원 순매도했다.시가총액 상위 10개 종목은 셀트리온(-0.46%)을 제외하고 모두 상승했다. 특히 카카오(8.50%), 네이버(4.56%)는 종가 기준 또다시 52주 신고가를 경신했다. 카카오는 LG생활건강 마저 제치며 시가총액 8위(우선주 제외)로 한단계 더 올랐다. 이밖에 삼성SDI(3.57%), LG화학(3.32%), 삼성바이오로직스(2.27%) 등도 상승했다. 엔씨소프트(2.78%)도 이날 52주 신고가를 기록하며 현대모비스(1.36%)를 제치고 시가총액 12위에 올랐다.코스닥도 전 거래일 대비 11.31p(1.60%) 오른 719.89에 거래를 마쳤다.개인과 기관이 각각 871억, 61억원을 순매도한 가운데 외국인은 984억원을 순매수했다.시가총액 상위 10위 종목 중 케이엠더블유(0.51%)를 제외하고 모두 상승했다. 에코프로비엠(13.50%), 씨젠(4.28%), 알테오젠(3.15%), 에이치엘비(2.15%), 셀트리온제약(2.09%) 순으로 상승폭이 컸다. 업종별로는 양방향미디어와 서비스(5.97%), IT서비스(5.77%), 소프트웨어(5.35%) 순으로 오름세를 보였다. 노동길 NH투자증권 연구원은 ""오늘 국내 주식시장은 장 초반 미국과 중국 마찰 우려를 반영했다""며 ""미중 상황은 냉전을 언급하기 시작하는 등 당분간 마찰은 계속될 듯 하다""고 분석했다. 다만 그는 ""홍콩 주식시장이 낙폭을 만회하고 있다는 점은 국내 주식시장에 우호적""이라며 ""미중이 마찰을 지속해도 지금처럼 1단계 무역협정 수호 의지를 피력할 경우 경제 여파를 최소화할 수 있다""고 밝혔다. 서울외환시장에서 달러/원 환율은 7.2원 오른 1244.2원에 마감했다.jung9079@news1.kr© 뉴스1코리아(), 무단 전재 및 재배포 금지",/news/news_read.nhn?article_id=0004657005&office_id=421&mode=search&query=삼성바이오로직스&page=1
,"[서울=뉴시스]신항섭 기자 = 미국과 중국의 갈등으로 1970선까지 밀렸던 코스피가 다시 1990선을 회복했다. 주요 2개국(G2)의 갈등이 아직 지난해 수준이 아니라는 분석이 긍정적 영향을 준 것으로 풀이된다. 여기에 문재인 대통령이 적극적인 확대 재정의 필요성을 언급한 것이 지수의 폭을 키웠다.25일 코스피지수는 전 거래일(1970.13)보다 24.47포인트(1.24%) 오른 1994.60에 마감했다. 코스피는 10.38포인트(0.53%) 오른 1980.51로 출발해 한때 하락하기도 했으나 오후 들어 상승 폭을 크게 키웠다.유가증권시장에서 개인이 932억원, 기관이 376억원 순매수했고, 외국인은 1406억원 순매도했다.업종별로는 대부분이 올랐다. 서비스업(3.86%)이 가장 크게 올랐고, 운수장비(1.83%), 증권(1.62%), 비금속광물(1.46%), 음식료품(1.40%) 등이 상승했다. 보험(-0.29%)과 철강금속(-0.20%)은 소폭 하락했다.시가총액 상위 종목 역시 대부분이 상승했다. 대장주 삼성전자는 전 거래일 대비 100원(0.21%) 오른 4만8850원에 거래를 마쳤다. 카카오가 8.50% 급등하며 신고가를 다시 썼고, 네이버(4.56%), 삼성SDI(3.57%), LG화학(3.32%), 삼성바이오로직스(2.27%) 등이 강세를 기록했다. 반면 셀트리온(-0.46%) 나홀로 내렸다.증권가는 지수의 상승이 1단계 관세 협정 의지가 남았기 때문이라고 해석했다. 지난해 수준의 갈등이 아니라는 해석이 아시아증시 전반에 긍정적 영향을 줬다는 분석이다. 실제로 이날 일본 니케이 지수도 1.73% 올라 장을 마쳤고, 홍콩 지수도 상승세를 보였다.노동길 NH투자증권 연구원은 ""미중이 마찰을 지속해도 지금처럼 1단계 무역협정 수호 의직를 피력할 경우, 경제 여파를 최소화 할 수 있다""면서 ""현재 미중 마찰은 말싸움에 가깝다. 지난해 수준은 아니다""고 말했다.여기에 문 대통령의 발언이 지수의 상승 폭을 키운 것으로 보인다. 이날 문 대통령은 청와대에서 주재한 '2020 국가재정전략회의'에서 ""고용·수출 등 실물경제의 위축이 본격화 하고 있어 더 과감한 재정의 역할이 필요하다""며 ""1, 2차 추가경정예산(추경)을 뛰어넘는 3차 추경안을 신속하게 준비해주기 바란다""고 주문했다.코스닥지수는 전 거래일(708.58)보다 11.31포인트(1.60%) 높아진 719.89에 마감했다. 지수는 4.30포인트(0.61%) 오른 712.88에 개장해 상승 폭을 키워나가는 모습을 보였다.코스닥시장에서 외국인이 999억원 순매수했고, 개인과 기관은 886억원, 65억원 순매도했다.코스닥 시총 상위 종목 대부분이 오른 가운데 에코프로비엠(13.50%)이 가장 크게 급등했다. 이어 씨젠(4.28%), 알테오젠(3.15%), 에이치엘비(2.15%), 셀트리온제약(2.09%) 등이 강세를 보였다. 반면 케이엠더블유(-0.51%)은 나홀로 하락했다. hangseob@newsis.com<ⓒ 공감언론 뉴시스통신사. 무단전재-재배포 금지>",/news/news_read.nhn?article_id=0009879892&office_id=003&mode=search&query=삼성바이오로직스&page=1
,"25일 코스피지수가 24.47포인트(1.24%) 오른 1994.60에 마감했다. 와 등 언택트(untact·비대면) 관련 소비기업의 주가가 고공행진하면서 코스피지수를 끌어올렸다. 유가증권시장에서 개인과 기관이 각각 933억원, 375억원을 순매수했고 외국인은 1406억원을 순매도했다. 외국인은 코스피200지수 선물에서는 2400억원을 순매수했다. 장 초반 코스피지수는 소폭 상승 후 보합권에서 움직였다. 홍콩 국가보안법 제정을 둘러싸고 미·중 갈등이 격화될 조짐이 나타나면서 상승이 제한됐다. 이후 카카오와 NAVER 등 언택트 관련 소비주의 주가가 급등하면서 코스피지수가 상승하기 시작했다. 카카오는 전날보다 8.5% 오른 26만8000원에 마감하며 을 제치고 시총 8위에 올랐다. 장 중 27만원까지 오르며 52주 신고가를 기록하기도 했다. NAVER는 전날보다 4.56% 오른 24만1000원으로 52주 신고가로 마감했다. 언택트 수혜주로 꼽히는 도 전날보다 2.78% 오른 81만2000원을 기록했다. 장 중에는 83만2000원으로 52주 신고가를 기록했다. 와 는 0.21%, 0.12%로 소폭 올랐고, 는 2.27% 상승했다. 업종별로 카카오와 NAVER가 포함된 서비스업이 4% 가까이 오르며 강세를 보였다. 운송장비와 증권, 금융업, 음식료도 1% 넘게 올랐다. 운송장비는 LNG선 수주 기대감에 이 8% 넘게 올랐고, 한국조선해양이 4.88% 상승했다. 코스닥지수는 전날보다 11.31포인트(1.6%) 오른 719.89에 마감했다. 코스닥시장에서 외국인이 999억원을 순매수했고 개인과 기관은 각각 866억원, 65억원을 순매도했다. 코스닥시장에서도 비대면 관련 업종이 강세를 보였다. 인터넷과 소프트웨어가 5% 넘게 올랐고, IT 소프트웨어와 서비스도 3% 넘게 상승했다. [이경민 기자 sea_through@chosunbiz.com]	[]	[] 	chosunbiz.com",/news/news_read.nhn?article_id=0000528306&office_id=366&mode=search&query=삼성바이오로직스&page=1
코스피 강세…1.24% 오른 1994.60 마감,"[더팩트ㅣ박경현 기자] 25일 미국과 중국의 갈등이 지속되는 외부 환경 속 국내증시는 강세 마감했다. 코스피는 전장에서 1970선까지 후퇴했다가 이날 다시 2000선 턱끝까지 올라왔다.코스피는 이날 전장 대비 24.47포인트(+1.24%) 오른 1994.60에 장을 마쳤다. 기관의 매수세 전환에 개인과 기관은 각각 957억 원, 354억 원을 사들였다. 반면 외국인은 홀로 1421억 원을 순매도했다.시가총액 상위종목은 대부분 올랐다. 삼성전자(+0.21%), SK하이닉스(+0.12%), 삼성바이오로직스(+2.27%), 네이버(+4.56%), 삼성전자우(+1.77%), LG화학(+3.32%), 삼성SDI(+3.57%), 카카오(+8.50%), LG생활건강(+0.21%)이 줄줄이 오른 가운데 셀트리온(-0.46%)은 소폭 내렸다. 이날 장중 카카오는 LG생활건강의 시가총액을 앞서며 시총 8위(우선주 제외)에 안착했다.업종은 양방향미디어와 서비스, IT서비스, 소프트웨어, 담배, 전기제품이 4~6%가량 올랐다. 반면 항공사, 생명보험, 사무용전자제품이 1%가량 내렸다.코스닥은 전장대비 11.31포인트(+1.60%) 오른 719.89에 장을 마쳤다.코스닥에서는 외국인 홀로 985억 원을 사들인 가운데 개인과 기관이 각각 867억 원, 65억 원을 팔아치웠다.이날 코스닥 시가총액 상위종목 역시 대부분 올랐다. 셀트리온헬스케어(+0.33%), 에이치엘비(+2.15%), 셀트리온제약(+2.09%), 씨젠(+4.28%), 알테오젠(+3.15%), CJ ENM(+0.25%), 에코프로비엠(+13.50%), 스튜디오드래곤(+0.92%)이 오른 가운데 케이엠더블유(-0.51%)는 하락하며 장을 마쳤다.pkh@tf.co.kr저작권자 ⓒ 특종에 강한 더팩트 & tf.co.kr 무단 전재 및 재배포 금지",/news/news_read.nhn?article_id=0000026978&office_id=629&mode=search&query=삼성바이오로직스&page=1
,"국내 인터넷 포털 '양대산맥'인 네이버와 카카오 주가가 연일 최고가를 갈아치우며 닮은꼴 고공행진을 하고 있다. 네이버는 시가총액 40조원에 육박하며 시총 3위인 삼성바이오로직스를 턱밑까지 추격했고, 카카오는 현대차에 이어 LG생활건강을 제치고 8위에 올라섰다. 두 기업이 코스피 시총의 판도를 뒤흔드는 형국이다. 시가총액은 주가에 주식 수를 곱한 것으로, 기업 가치를 평가하는 주요 척도로 쓰인다.




 25일 네이버 주가는 전 거래일보다 1만500원(4.56%) 오른 24만1000원을 기록했다. 4거래일 연속 상승하며 최고가를 갈아치웠다. 올해 들어서만 29.2% 뛰었다. 시가총액은 39조5875억원으로 불어나 시총 3위인 삼성바이오로직스와의 격차를 2조원대로 좁혔다. 카카오의 주가 상승세는 더 매섭다. 이날 8.5% 오른 26만8000원에 마감, 최고가를 또 새로 썼다. 올해 주가 상승률은 74.6%에 달한다. 이달 초만 해도 해도 시총 순위가 10위 밖이었으나, 주가 급등으로 시총이 23조3347억원으로 커지며 단숨에 8위(삼성전자 우선주 제외)까지 뛰어올랐다. 7위인 삼성SDI와의 격차는 5950억원가량인데, 주가 흐름을 고려하면 조만간 역전도 가능할 전망이다.


 두 기업의 주가 급등세는 신종 코로나바이러스 감염증(코로나19) 사태를 계기로 '언택트(비대면)' 문화가 퍼질 것이란 기대 때문이다. 실제 코로나19로 사람들이 외부 활동을 자제하고, 포털사이트나 애플리케이션을 통한 온라인 쇼핑과 결제가 활성화되는 추세다. 이동륜 KB증권 연구원은 ""코로나19 이후 커머스·콘텐트·결제 등 비대면 서비스의 확산 속도가 빨라지고 있다""며 ""플랫폼 기업의 코로나19 수혜가 부각된다""고 말했다.



금융정보업체 에프앤가이드에 따르면 증권가는 네이버와 카카오의 올해 영업이익(연결 기준)이 각각 9829억원, 4158억원에 이를 것으로 본다. 지난해보다 각각 38.4%, 101.1% 늘어난 수치다. 이에 따라 증권사들은 두 기업의 목표 주가를 잇달아 올려잡고 있다. 이베스트투자증권은 네이버 목표 주가를 29만원으로, 카카오는 30만원으로 높였다. NH투자증권도 네이버와 카카오 목표 주가를 각각 28만원, 27만원으로 상향 조정했다. 성종화 이베스트투자증권 연구원은 ""언택트 시대의 가속화로 네이버의 기존 주력 사업뿐 아니라 네이버페이, 네이버웹툰 같은 자회사 가치도 오를 것""이라며 ""카카오 역시 페이와 뱅크, 페이지, 커머스 등이 우호적인 사업 환경을 맞고 있다""고 말했다.





 코스피 주도 업종이 바뀔 것이란 전망도 나온다. 김예은 IBK투자증권 연구원은 ""4차 산업시대와 코로나19로 인한 비대면이 '뉴노멀(새로운 기준)'이 되면서 IT 소프트웨어(SW)의 성장은 지속될 것""이라며 ""현재 시총 1, 2위인 삼성전자·SK하이닉스 등 반도체 중심의 시장이 네이버·카카오 등 IT SW 중심 시장으로 재편될 시점이 머지않았다""고 전망했다.


황의영 기자 apex@joongang.co.kr
▶ ▶ ▶ ⓒ중앙일보(https://joongang.co.kr), 무단 전재 및 재배포 금지",/news/news_read.nhn?article_id=0003003426&office_id=025&mode=search&query=삼성바이오로직스&page=1
,"[머니투데이 강민수 기자] [[내일의 전략]]코로나19(COVID-19)로 부상한 언택트(비대면) 관련주가 국내 증시의 판도를 뒤집고 있다. 소프트웨어 업종의 선전으로 코스피 시가총액 10위권 내 전통적인 제조업 및 소재 업체를 찾기가 힘들어졌다. 소프트웨어, 바이오, 2차전지 업종의 선전으로 코스피는 1990선까지 회복했다. 25일 코스피 지수는 전일 대비 24.47포인트(1.24%) 상승한 1994.60에 마감했다. 상승 출발한 지수는 장중 1970선까지 내려앉았으나, 개인 매수세에 힘입어 1990선까지 회복했다. 이날 코스피시장에서 개인과 기관은 각각 958억원, 352억원을 사들였고, 기관은 1406억원어치를 순매도했다. 다만 외국인은 주식선물을 239억원 순매수했다. 업종은 철강·금속(-0.20%)과 보험(-0.29%)을 제외한 대부분이 빨간 불을 켠 가운데 서비스업이 3% 넘게 올라 가장 상승 폭이 높았고, 증권, 운송장비, 통신업 등도 1% 강세였다. 코스피 시가총액 상위주는 약보합세였던 셀트리온을 빼고 모두 올랐다. 특히 카카오(8.50%), NAVER(4.56%), 엔씨소프트(2.78%) 등이 언택트 수혜주가 증시 상승을 주도했다. LG화학, 삼성SDI 등 2차전지주도 3% 넘게 올랐고, SK 또한 자회사 SK바이오팜 상장을 앞두고 8% 가까이 올랐다. 코스닥 지수는 전일 대비 11.31포인트(1.60%) 오른 719.89로 거래를 마쳤다. 710선에서 출발한 지수는 외인 매수세에 꾸준히 올라 720선에 근접했다. 코스닥시장에서는 개인과 기관은 866억원, 65억원을 순매도했고, 외국인은 999억원을 사들였다.코스닥에서도 정보기기(-0.15%)와 기타제조(-3.60%), 운송(-0.43%)를 제외한 대부분 업종이 오른 가운데 소프트웨어, 인터넷, 일반전기전자 등이 4~5%가량 상승했다. 비금속, 금융 등도 2% 강세였다.코스닥 시총 가운데는 케이엠더블유(-0.51%)를 뺀 대부분이 올랐다. 특히 씨젠, 알테오젠, 에이치엘비 등 제약·바이오주가 2% 넘게 올랐고, 2차전지 소재업체인 에코프로비엠은 무려 13.5% 올랐다. 이날 서울 외환시장에서 원/달러 환율은 전 거래일보다 7.2원 오른 1244.2원에 거래를 마쳤다. 이는 지난 3월 24일(1265.0원) 이후 두 달여 만에 종가 기준 최고점을 기록한 것이다.이날 증시는 코로나19 사태가 국내 증시 지형도에 미친 영향을 여실히 드러냈다. 삼성전자, SK하이닉스 등 기존 주도주인 반도체주는 보합권에서 등락을 반복했으나, 코스피는 1% 넘게 반등했다. 이날 소프트웨어, 2차전지, 제약·바이오 업종이 증시 상승을 견인한 덕분이다.실제로 이날 언택트(비대면) 수혜주로 꼽히는 카카오, NAVER, 엔씨소프트 등은 나란히 52주 신고가를 경신했다. 삼성SDI, LG화학 등 2차전지주와 삼성바이오로직스 등도 2~3% 올랐다. 이날 급등세에 카카오는 현대차에 이어 LG생활건강까지 제치고 코스피 시총 8위에 올랐다. 지난 13일 사상 처음으로 시총 10위권에 진입한 지 12일 만이다. 25일 기준 코스피 시총 상위주를 살펴보면 삼성전자(1위), SK하이닉스(2위) 등 반도체, 삼성바이오로직스(3위), 셀트리온(5위) 등 제약·바이오주, LG화학(6위), 삼성SDI(7위) 등 전기차 배터리, NAVER(4위), 카카오(8위) 등 인터넷 업종이 자리하게 됐다. 시총 1~8위 종목 가운데 과거 전통 제조업, 소재·산업재 업체가 사라진 것이다. 이경민 대신증권 연구원은 ""코로나19로 인해 4차산업 성장속도가 빨라지는 데다, 사회적 변화에 순응하기 위해 정보통신기술(ICT) 투자가 필수적인 상황에서 해외 주요국들은 5G·서버·데이터센터 투자에 정책을 집중하고 있다""며 ""4차산업혁명이라는 글로벌 트렌드가 한국 증시까지 영향을 미치고 있다""고 분석했다. 이러한 상황에서 오히려 가치주는 손을 못 쓰고 있다. 삼성증권 리서치센터는 ""주식시장의 변동성이 확대되는 국면에서 가치 투자가 적합하다는 투자 상식이 통하지 않는 상황""이라며 ""코로나 사태가 의외로 길게 가면서 언택트 관련 새로운 성장동력들이 지속적으로 출현하게 됐다""고 진단했다. IT 업종이 주도하는 상승장세는 당분간 지속될 것으로 보인다. 이경민 연구원은 ""앞으로도 정보기술(IT)가 글로벌 증시 분위기 반전과 추세 반전을 주도할 가능성이 높다""며 ""IT 중심으로 펀더멘털(기초체력) 동력을 확보한 한국 증시의 매력은 더 부각될 수밖에 없다""고 강조했다. 강민수 기자 fullwater7@mt.co.kr
<저작권자 ⓒ '돈이 보이는 리얼타임 뉴스' 머니투데이, 무단전재 및 재배포 금지>",/news/news_read.nhn?article_id=0004414343&office_id=008&mode=search&query=삼성바이오로직스&page=1
삼성전자 1085억 원 매도·삼성바이오로직스 342억 원 매수,"[더팩트ㅣ박경현 기자] 25일 코스피는 기관의 매수세 전향에 개인과 기관이 '사자'를 유지하며 강세 마감했다. 이날 개인과 기관은 각각 957억 원, 354억 원을 사들인 반면 외국인은 홀로 1421억 원을 순매도했다. 코스닥에서는 외국인 홀로 1000억 원가량 사들이며 1%대 상승마감했다.외국인투자자의 코스피시장 기업 최대매수는 삼성바이오로직스로 향했다. 외인은 이날 삼성바이오로직스 342억 원, 삼성전자우 310억 원, 현대차 177억 원, DB하이텍 173억 원, LG화학 146억 원 순으로 순매수했다.반면 삼성전자는 1085억 원 팔았다. 이어 SK하이닉스 653억 원, 네이버(NAVER) 221억 원, 케이티앤지(KT&G) 128억 원, 삼성SDI 71억원을 순매도했다.코스닥 시장에서는 에코프로비엠(140억 원), 씨젠(121억 원), NHN한국사이버결제(87억 원)를 사들인 반면 에스앤에스텍(83억 원), 메디톡스(45억 원), 아프리카TV(43억 원)는 팔았다.이날 기관투자자는 삼성SDI에 334억 원 가량을 매수했다. 이어 케이티앤지(KT&G) 326억 원, LG화학 293억 원, 삼성전자 111억 원을 사들였다.반면 카카오는 897억 원가량을 팔았다. 이어 삼성전자우 204억 원, SK하이닉스 182억 원 호텔신라 87억 원 순으로 매도했다.이날 시가총액 상위종목은 대부분 올랐다. 삼성전자(+0.21%), SK하이닉스(+0.12%), 삼성바이오로직스(+2.27%), 네이버(+4.56%), 삼성전자우(+1.77%), LG화학(+3.32%), 삼성SDI(+3.57%), 카카오(+8.50%), LG생활건강(+0.21%)이 줄줄이 오른 가운데 셀트리온(-0.46%)은 소폭 내리며 장을 마쳤다.pkh@tf.co.kr저작권자 ⓒ 특종에 강한 더팩트 & tf.co.kr 무단 전재 및 재배포 금지",/news/news_read.nhn?article_id=0000026989&office_id=629&mode=search&query=삼성바이오로직스&page=1
"해외주식 '직구' 열풍성장주 찾아 태평양 건너는 원정 개미들""한국은 산업 역동성 떨어져""올들어 해외주식 6조 순매수","해외 주식 투자가 급속히 늘고 있다. 올 들어 이달 중순까지 해외 주식 거래금액은 작년 1년치(410억달러)를 훌쩍 넘어섰다. 순매수 금액만 6조원에 이른다. 해외 거래 계좌는 급증하고 있다. 이런 흐름으로 가면 올해 ‘해외 주식 거래 1000억달러(약 120조원) 시대’를 맞게 될 것으로 보인다. 투자자들은 지난 10년간 높은 수익률을 기록한 미국 등 해외 주식이 미래 성장성도 높다고 판단, 매수에 나서고 있다. 국내에서 새로운 성장산업(투자처)을 찾지 못해 자금이 해외로 흘러나가고 있다는 지적도 나온다.한국예탁결제원에 따르면 지난 21일 기준 올해 외화증권 거래액(외화증권예탁 결제 처리금액)은 487억달러에 달했다. 매달 100억달러어치 이상 해외 주식을 거래한 셈이다. 올해 순매수액은 이미 50억달러(약 6조원)를 넘어섰다.이는 해외 주식에 눈을 돌리는 ‘개미’들이 급증한 영향이다. 미래에셋대우의 해외 주식 거래 투자자는 지난해 3만765명에서 올 5월까지 4만4717명으로 늘었다. 키움증권 해외 주식 계좌는 작년 1만2000개에서 올해 14만4000 개로 12배 증가했다. 증권사 관계자는 “안정성이 높고 많은 수익을 올릴 수 있다는 점 때문에 젊은 층은 물론 해외 주식 투자에 보수적이던 중장년층까지 나섰다”고 했다.개미들이 지루한 한국 시장 대신 빠르게 성장하는 미국으로 눈을 돌렸다는 게 증권업계의 분석이다. 지난 10년(2010년 5월 21일~2020년 5월 22일)간 코스피지수는 23% 올랐다. 같은 기간 나스닥지수는 318%, 다우지수는 140% 급등했다.또 최근 국내 주식시장에서 고공행진하고 있는 삼성바이오로직스 네이버 카카오와 같은 성장주가 미국 증시에 대거 포진하고 있다는 판단도 해외 주식 거래 급증으로 이어졌다. 유승민 삼성증권 글로벌투자전략팀장은 “성장주가 많은 미국 증시에 단타족은 물론 3년 이상 장기투자자들이 성장성을 보고 몰려들고 있다”고 설명했다.박재원/전범진 기자 wonderful@hankyung.com▶ ▶
 ▶
ⓒ 한국경제 & , 무단전재 및 재배포 금지",/news/news_read.nhn?article_id=0004347124&office_id=015&mode=search&query=삼성바이오로직스&page=1
,"외국인 투자자는 25일 거래소에서 삼성바이오로직스, 삼성전자우, 현대차 등을 중점적으로 사들인 것으로 나타났다.외국인 투자자의 순매수 상위 20개 종목은 삼성바이오로직스, 삼성전자우, 현대차, DB하이텍, LG화학, 한국조선해양, KODEX 레버리지, 오리온, KODEX 코스닥150 레버리지, 삼성중공업등이다.이중에 운수장비 업종에 속한 종목이 4개 포함되어 있다.삼성바이오로직스, 삼성전자우, 현대차 등은 전일 대비 주가가 상승했고, 롯데지주 등은 주가가 하락했다.한경로보뉴스이 기사는 한국경제신문과 금융 AI 전문기업 씽크풀이 공동 개발한 기사 자동생성 알고리즘에 의해 실시간으로 작성된 것입니다.▶ ▶
 ▶
ⓒ 한국경제 & , 무단전재 및 재배포 금지",/news/news_read.nhn?article_id=0004347200&office_id=015&mode=search&query=삼성바이오로직스&page=1
,"기관 투자자는 25일 거래소에서 KODEX 레버리지, 삼성SDI, KT&G 등을 중점적으로 사들인 것으로 나타났다.기관 투자자의 순매수 상위 20개 종목은 KODEX 레버리지, 삼성SDI, KT&G, LG화학, KODEX 코스닥150 레버리지, KODEX WTI원유선물(H), 삼성에스디에스, 삼성전자, GS리테일, 삼성바이오로직스등이다.이중에 서비스업 업종에 속한 종목이 4개 포함되어 있다.이날 기관 투자자가 순매수한 종목들 중에 KODEX 레버리지, 삼성SDI, KT&G 등은 전일 대비 주가가 상승했다.한경로보뉴스이 기사는 한국경제신문과 금융 AI 전문기업 씽크풀이 공동 개발한 기사 자동생성 알고리즘에 의해 실시간으로 작성된 것입니다.▶ ▶
 ▶
ⓒ 한국경제 & , 무단전재 및 재배포 금지",/news/news_read.nhn?article_id=0004347201&office_id=015&mode=search&query=삼성바이오로직스&page=1
