head,text,url
"개인이 판 삼성전자, 외국인이 고스란히 매수…2072억원 순매수 1위KB금융 하이닉스 셀트리온 남선알미늄 개인 순매수 상위에 들어","(서울=뉴스1) 양새롬 기자 = 지난주 제21대 국회의원 선거에서 유권자들의 선택은 여당이었다. 비슷한 시기 개인과 외국인, 기관투자자들의 선택은 어디로 향했을지 관심을 모은다. 19일 한국거래소 마켓데이터에 따르면 이달 들어 13거래일 동안 개인투자자들은 유가증권시장과 코스닥시장에서 3조1995억원 어치를 사들였다. 반면 외국인투자자들은 3조2833억원 어치를 팔아치웠다. 다만 이 기간 동학개미(개인)의 순매수 상위 종목은 지난달과 크게 달랐다. 개인은 이달들어 셀트리온헬스케어(3928억원)와 KB금융(1895억원), SK하이닉스(1865억원), 셀트리온(1373억원), 남선알미늄(868억원) 등을 담았다. 지난달에는 증시 대장주 삼성전자(4조9587억원)를 필두로 현대차(7813억원)와 삼성전자우(7308억원), SK하이닉스(4676억원), 삼성SDI(4562억원) 등을 사들인 바 있다.
셀트리온헬스케어와 셀트리온의 경우 신종 코로나바이러스 감염증(코로나19) 치료제에 대한 기대감으로 풀이된다. 또 KB금융의 경우 푸르덴셜생명 인수 발표, 남선알미늄은 4·15 총선을 앞두고 이낙연 테마주로 주목받은 영향으로 해석된다.
같은 기간 개인은 삼성전자(-1530억원)와 한진칼(-784억원), 삼성바이오로직스(-768억원), 케이엠더블유(-435억원), LG화학(-408억원) 등을 팔았다. 이중 삼성전자의 경우 코로나19발 폭락장에 매수한 주식을 팔아 차익실현에 나선 것으로 보인다. 삼성전자의 종가(17일 5만1400원)가 5만원을 넘어선 것은 지난달 12일(5만800원) 이후 한달여 만이다.
이처럼 개인이 내다판 삼성전자는 고스란히 외국인이 사들였다. 이달 외국인은 삼성전자(2072억원), 한진칼(686억원), 펄어비스(464억원), 케이엠더블유(324억원), 스튜디오드래곤(270억원) 등을 사고, 셀트리온헬스케어(-4465억원)와 셀트리온(-1902억원), KB금융(-1401억원), SK하이닉스(-1364억원), 현대차(-1187억원)를 순매도했다. 같은 기간 기관은 1881억원 순매수했다. 기관이 사들인 종목은 현대차(920억원), KT&G(630억원), 스튜디오드래곤(525억원), 삼성바이오로직스(490억원), LG생활건강(475억원) 등이다. 문동열 삼성증권 연구원은 ""3월 주가지수 급락 이후 낙폭을 절반 이상 만회했지만 상반기 기업실적 부진을 확인하는 과정이 남아있기 때문에 아직 추세를 낙관할 수는 없는 상황""이라면서 ""그 과정에서 이익전망치의 본격 하향조정이 있을 가능성이 커졌고, 지금은 그 초입 국면""이라고 진단했다.flyhighrom@news1.kr© 뉴스1코리아(), 무단 전재 및 재배포 금지",/news/news_read.nhn?article_id=0004595118&office_id=421&mode=search&query=삼성바이오로직스&page=1
,"[아시아경제 송화정 기자]외국인이 국내 증시에서 10주 연속 '팔자'세를 지속했다. 그러나 몇 주간 조 단위의 매도세를 지속하던 외국인의 순매도 규모는 감소했으며 지난 17일에는 30거래일 연속 코스피 순매도 행진을 멈췄다.19일 한국거래소에 따르면 외국인은 지난 13일부터까지 17일까지 한 주 동안 국내 주식시장에서 약 4512억원을 순매도했다. 유가증권시장에서 5702억원을 팔았으나 코스닥시장에서는 1189억원을 각각 사들였다.외국인이 지난 주 가장 많이 사들인 종목은 삼성전자였다. 외국인은 지난 주 삼성전자를 2176억원 순매수하며 2주 연속 삼성전자를 가장 많이 사들였다. 뒤이어 삼성SDI를 661억원 사들였다. 이밖에 LG화학(597억원), 한진칼(489억원), 삼성전기(205억원), 삼성전자우(166억원), 펄어비스(137억원), 삼성화재(127억원), 케이엠더블유(105억원), F&F(93억원) 등을 순매수했다.지난 주 외국인이 가장 많이 판 종목은 SK하이닉스였다. 외국인은 지난 주 SK하이닉스를 1403억원 순매도했다. 이어 삼성바이오로직스를 929억원 팔았다. 이밖에 KB금융(710억원), POSCO(566억원), SK이노베이션(427억원), 기아차(393억원), KT&G(371억원), 한국전력(346억원), 삼성생명(306억원), LG전자(242억원) 등이 외국인 순매도 상위에 올랐다.변동성은 있겠지만 당분간 지수는 상승할 것이란 전망이다. 김예은 IBK투자증권 연구원은 ""코스피는 투자심리 개선으로 1900선을 회복했다. 특히 외국인이 순매수로 전환하면서 증시의 상승폭이 더욱 확대됐다""면서 ""신종 코로나바이러스감염증(코로나19)의 영향에 따라 변동성은 있겠지만 당분간 지수는 상승 방향성을 가지고 움직일 것""이라고 말했다.김 연구원은 ""레벨에 대한 부담감이 상존하는 것은 사실이나 코로나19 확산을 방어하기 위한 정부의 폐쇄 조치들이 단계적으로 완화되고 있는 상황이며 서서히 위축된 경기 역시 정상으로 돌아갈 것""이라며 ""따라서 현재는 풍부한 유동성에 따른 지수의 상승과 함께 포스크 코로나19 수혜를 받을 수 있는 업종에 대한 관심을 확대할 시기""라고 덧붙였다.송화정 기자 pancake@asiae.co.kr <ⓒ경제를 보는 눈, 세계를 보는 창 아시아경제 무단전재 배포금지>",/news/news_read.nhn?article_id=0004663809&office_id=277&mode=search&query=삼성바이오로직스&page=1
빛나는 헬스케어주항암신약 후보물질 여럿 공개글로벌 바이오학회 관심 집중셀트리온·앱클론 신약 임상 진척,"신종 코로나바이러스 감염증(코로나19) 사태로 인한 조정장에서 헬스케어주가 독보적인 상승세를 보이고 있다. 직접적으로는 코로나19 치료제를 개발하거나 기존 약물로 식품의약품안전처에서 코로나19 치료 목적 사용승인을 받은 기업에 대한 시장의 관심이 높아졌다. 이런 기업은 국내에 약 20곳에 이른다.코로나19가 아닌 다른 질병 치료제 개발에 대한 투자자의 관심도 높아졌다. 코로나19 치료제가 시장의 큰 관심을 받고 있듯이 다른 치명적인 질병에 효과가 좋은 치료제를 개발하면 매우 큰 부가가치를 누릴 수 있다는 점이 다시 한 번 부각됐기 때문이다.하태기 상상인증권 연구원은 “최근 공매도가 금지되면서 외국인과 기관투자가의 시장 영향력이 축소되고 개인투자자의 영향력은 확대됐다”며 “인보사의 미국 임상시험 3상 재개 등도 투자심리를 개선시키고 있다”고 말했다.때마침 글로벌 바이오 학회가 이달 말부터 연달아 열리는 것도 투자심리 회복에 일조하고 있다. 가깝게는 미국암학회(AACR)가 오는 27~28일 1차 학회를, 6월 22~24일 2차 학회를 연다. 이어 다음달 29일부터 6월 2일까지는 미국임상종양학회(ASCO) 개최가 예정돼 있다. 6월 8~12일에는 바이오USA가 열린다.코로나19 확산을 방지하기 위해 모두 온라인 학회로 진행된다. 하지만 좋은 연구 결과가 나오면 시장의 관심을 받는 데 큰 무리가 없을 것으로 바이오업계는 전망하고 있다. 국내에서도 다수의 바이오 기업이 이들 학회에 참여한다. 허혜민 키움증권 연구원은 “학회에서 여러 항암 신약 후보물질(파이프라인)이 공개되고 관련 연구 결과가 발표될 것”이라고 말했다.한국경제TV 전문가들은 이런 상황에서 주가가 상승 탄력을 받을 것으로 기대되는 바이오 종목을 다수 추천했다. 박윤진 한국경제TV 파트너는 메드팩토, 앱클론, 지트리비앤티를 추천 종목으로 꼽았다. 박윤진 파트너는 “메드팩토는 대표적인 항암 파이프라인 백토서팁에 대한 임상2a상 결과를 6월께 발표할 것”이라며 “유효성과 안전성에 대한 데이터가 더욱 명확해질 것”이라고 말했다. 그는 “앱클론은 류머티즘관절염, 대장암, 혈액암, 난소암 치료제에 대한 새로운 임상 절차를 곧 시작할 전망”이라며 “지트리비앤티는 안구건조증 치료제를 개발 중이며 올해 안에 미국에서 세 번째 임상 3상을 할 예정”이라고 덧붙였다.박창윤 한국경제TV 파트너는 “코로나19 치료제로부터 시작된 바이오주 상승 랠리가 지속될 전망”이라며 대형주 위주의 추천 포트폴리오를 제시했다. 그는 삼성바이오로직스, 셀트리온, 종근당홀딩스를 추천 종목으로 꼽았다.박창윤 파트너는 “삼성바이오로직스는 최근 미국 비어바이오테크놀로지와 4400억원 규모의 코로나19 파이프라인 수탁생산 계약을 맺었다”며 “셀트리온은 실적 전망이 양호하고 최근 코로나19 항체 치료제 후보군을 확정한 것도 호재”라고 설명했다. 그는 “종근당홀딩스는 건강기능식품 대표 종목으로서 유산균 제품 ‘락토핏’이 실적 상승을 이끌 것”이라고 덧붙였다.한옥석 한국경제TV 파트너는 “정부가 최근 바이오산업 연구개발(R&D)을 과감하고 전폭적으로 지원하겠다는 방침을 밝혔다”고 말했다. 그는 이런 상황의 수혜주로 일양약품, JW중외제약, 코미팜 등을 꼽았다.한 파트너는 “일양약품은 자체 개발한 백혈병 치료제 슈펙트의 코로나19 치료 효과를 확인하고 있다”며 “JW중외제약은 류머티즘관절염 치료제 ‘악템라’에 대한 국내 독점 판권을 소유하고 있는데, 이 약의 코로나19 치료 효과를 확인하는 임상 3상이 일본에서 진행 중”이라고 설명했다. 그는 “코미팜은 자사의 항암통증 파이프라인 ‘파나픽스’의 코로나19 치료 효과를 확인하고 있다”고 덧붙였다.서근희 삼성증권 연구원은 “코로나19 사태를 계기로 각국 정부가 향후 다른 질병 대유행 시 백신을 빨리 개발할 수 있는 체계를 구축할 것으로 예상된다”며 “이와 관련해 대규모 투자가 나올 수 있을 것”이라고 말했다.양병훈 기자 hun@hankyung.com▶ ▶
 ▶
ⓒ 한국경제 & , 무단전재 및 재배포 금지",/news/news_read.nhn?article_id=0004326647&office_id=015&mode=search&query=삼성바이오로직스&page=1
,"국내 헬스케어 펀드는 연초까지만 해도 마이너스 수익률을 기록한 상품이 속출했다. 그러나 신종 코로나바이러스 감염증(코로나19) 사태 뒤에는 훨씬 나아진 성과를 보여주고 있다. 헬스케어 분야는 코로나19 사태로 인한 부정적 영향을 적게 받고, 경우에 따라서는 오히려 긍정적 영향을 받을 수도 있기 때문이다.금융정보업체 에프앤가이드에 따르면 국내 바이오기업에 투자하는 ‘KBKBSTAR 헬스케어’ 상장지수펀드(ETF)의 연초 이후 수익률은 11.12%(지난 16일 기준)를 기록했다. 최근 1년간 수익률은 -6.09%였는데 올 들어 플러스로 반전한 것이다.삼성KODEX헬스케어 ETF, 미래에셋TIGER헬스케어 ETF 등도 연초 이후 수익률이 9.09%씩을 기록하며 선전하고 있다. 이들 ETF도 최근 1년간 수익률은 각각 -9.90%, -9.78%로 손실 상태였다가 최근 들어 급격히 개선됐다.김정현 삼성자산운용 ETF컨설팅팀장은 “삼성바이오로직스, 셀트리온 등 주요 바이오 종목은 코로나19 사태와 관계 없이 실적 전망치가 양호해 주가도 강세를 보이고 있다”고 설명했다. 금정섭 KB자산운용 ETF전략팀 이사는 “최근 코로나19 사태를 계기로 K바이오의 경쟁력이 부각된 게 긍정적인 영향을 미쳤다”고 말했다.해외 헬스케어 펀드는 지난해에 이어 올해도 양호한 수익률을 보이고 있다. 중국 바이오기업에 투자하는 DB차이나바이오헬스케어 펀드는 연초 이후 수익률이 26.94%에 이른다.양병훈 기자 hun@hankyung.com▶ ▶
 ▶
ⓒ 한국경제 & , 무단전재 및 재배포 금지",/news/news_read.nhn?article_id=0004326657&office_id=015&mode=search&query=삼성바이오로직스&page=1
Cover Story   제약·바이오株 투자 열풍코로나 치료제 개발 관심 커지고공매도 금지·풍부한 유동성도 한몫헬스케어지수 저점 찍고 45%↑글로벌 헬스케어 학회 주목미국암학회·임상종양학회 등 열려주요 연구 발표 기업들 상승 기대,"제약·바이오주 투자 열풍이 다시 불고 있다. 이 분야 종목들이 신종 코로나바이러스 감염증(코로나19) 사태로 폭락했던 증시의 반등을 이끌고 있다. 전문가들은 다음달부터 열리는 글로벌 헬스케어 학회에 주목해야 한다고 강조한다. 여기서 주요 연구 결과를 발표하는 기업은 주가가 다시 한 번 크게 뛸 수 있다는 것이다.KRX300헬스케어지수는 지난 16일 2722.60으로 장을 마쳤다. 지난달 19일 1878.29로 바닥을 찍은 뒤 44.95% 상승했다. 증시 폭락 직전에는 2472.95(지난 2월 17일)였는데 최근 낙폭을 회복한 것에 그치지 않고 폭락 전보다 더 높아졌다.코스피지수도 상승하고 있지만 같은 날 1857.07로 마감해 아직 폭락 전 고점 2243.59(2월 14일)보다 한참 아래다. KRX300헬스케어지수의 회복력이 돋보인다는 평가가 나온다.허혜민 키움증권 연구원은 “많은 제약·바이오 기업이 코로나19 치료제 개발에 들어가면서 이 분야에 대한 시장의 관심이 회복됐다”며 “최근 공매도가 금지됐고 저금리로 유동성이 풍부해 당장 실적이 없는 바이오 벤처기업이 수급 측면에서 유리해진 것도 긍정적”이라고 말했다.그는 “주가 상승은 자금조달로 이어지고 이는 연구개발(R&D) 투자를 일으켜 선순환을 이룰 수 있다”고 덧붙였다.다음달 시작되는 굵직한 글로벌 제약·바이오 학회로 바이오주의 상승 흐름에 탄력이 붙을 수 있다는 전망도 나온다. 다수의 학회가 코로나19 사태 때문에 온라인으로 행사를 열 계획이지만 좋은 연구 결과가 빛을 보는 데는 문제가 없을 것으로 전망된다. 오는 27일에는 미국암학회(AACR)가 열리고, 다음달 29일에는 미국임상종양학회(ASCO) 개최가 예정돼 있다. 6월에는 바이오USA가 열린다.한국경제TV 전문가들은 이런 흐름을 타기 위한 제약·바이오 추천 종목으로 메드팩토, 삼성바이오로직스, 일양약품 등을 제시했다. 박창윤 한국경제TV 파트너는 “코로나19 사태가 K바이오의 위상을 바꿔놨다”며 “국내에서는 청와대와 정치권에서 신성장동력으로 주목하고 있고, 국제적으로도 코로나19 사태 극복을 위한 도움을 요청받으면서 투자자의 관심이 다시 쏠리고 있다”고 말했다.양병훈 기자 hun@hankyung.com▶ ▶
 ▶
ⓒ 한국경제 & , 무단전재 및 재배포 금지",/news/news_read.nhn?article_id=0004326658&office_id=015&mode=search&query=삼성바이오로직스&page=1
지난달 24일 38.6%→35.8%로외국인 매도 지속 탓 상승폭 작아개인들 인버스 등 관심분산도 한몫,"[서울경제] 지난달 말 이후 반등장에서 시가총액 상위 종목들의 비중은 오히려 줄어든 것으로 나타났다. 외국인들이 보유하고 있는 대형 우량주를 꾸준히 내다 팔면서 대형주 주가 오름폭이 중·소형주에 못미쳤기 때문으로 풀이된다. 19일 한국거래소에 따르면 지난 17일 기준 와 , , ,
등 국내 유가증권시장 시가총액 상위 5개 종목의 시가총액은 462조원으로 코스피 전체 시총(약1,288조원)의 35.87%를 차지했다. 이는 ‘신종 코로나 바이러스 감염증(코로나 19)’이 국내 증시에 영향을 주기 시작한 지난 1월 20일의 34.59%보다는 높다. 하지만 ‘글로벌 팬데믹(대유행)’ 우려로 코스피 지수가 최저 수준으로 하락했다가 반등을 시작한 지난달 24일 38.6%보다는 여전히 낮은 수준이다. 이는 최근 이어진 코스피 반등장에서 이들 초대형 우량주들이 상대적으로 일반 대형주나 중·소형주들에 비해 상승 폭이 작았기 때문으로 풀이된다. 실제로 삼성전자의 경우 지난달 20일 종가 대비 현재 주가의 상승률은 13.22%지만 같은 기간 코스피 지수는 31.34% 급등했다. 특히 코스피 중형주도 같은 기간 33.45%, 소형주는 38.41%가 올라 유가증권시장 내에서도 중·소형주들이 초대형 우량주보다 성과가 훨씬 좋은 것으로 나타났다. 증권가에서는 초대형 우량주에 외국인들의 매도세가 집중됐기 때문으로 분석하고 있다. ‘동학개미운동’으로 불리는 개인 투자자들이 대형 우량주를 집중적으로 사들이기는 했지만, 개인의 순매수세는 외국인 매도로 인한 주가의 추가 하락을 막아내는 정도였지 주가를 띄우기에는 역부족이었다. 특히 최근 반등장에서 외국인들은 여전히 대형주를 팔아치우고 있었지만, 개인들은 주가하락에 베팅하는 인버스 상품이나 원유 관련 상품, 바이오주로 매수세가 분산되기도 했다.당분간 코로나 19 확산 우려가 지속되는 상황에서 대형주에 비해 중·소형주들이 유리할 것이라는 전망도 우세하다. 염동찬 이베스트투자증권 연구원은 “대형주의 경우 외국인의 순매도가 좀더 이어질 수 있어 코스피보다 코스닥 시장의 수급 부담이 크지 않은 상황”이라며 “불황일 경우 성장성이 있는 기업이 프리미엄을 받은 경향을 볼 때 펀더멘털 측면에서도 코스닥 종목들이 강한 흐름을 보일 것으로 전망한다”고 설명했다. /박성호기자 junpark@sedaily.com저작권자 ⓒ 서울경제, 무단 전재 및 재배포 금지",/news/news_read.nhn?article_id=0003726412&office_id=011&mode=search&query=삼성바이오로직스&page=1
