head,text,url
,"[이데일리 고준혁 기자] 신종 코로나 바이러스 감염증(코로나19) 팬데믹으로 증시가 롤러코스터를 탔지만, 10곳 중 1곳 꼴로 코로나 사태 이전 수준을 회복한 것으로 나타났다. 이들 종목은 대부분 코로나19 테마주로, 전반적인 경기 침체 상황에서 수혜를 받는 업종이다. 16일 한국거래소와 마켓포인트에 따르면 종가 기준 코스피 종목 912개 중 104개 종목인 약 11.4%가 연초(1월 2일) 주가 수준을 넘어, 회복한 것으로 나타났다. 이는 지난 1월 21일 상장한 를 제외한 집계다. 연초 주가로 회복한 104개 종목 중 57개인 약 54.8%가 코로나19 테마주로 나타났다. 이나 , , ,
등 대부분이 치료제나 백신을 개발 중이거나 마스크, 손소독제 등을 생산하는 제약·바이오주가 주를 이뤘다. 이밖에 코로나19로 라면과 소주 등 수요가 는다는 이유로 , , , MH메탄올 등 음식료 업체가 포함됐다. 코로나19 진원지인 중국에서 경기가 바닥을 지나고 있다는 평가에
등 화장품을 수출하는 업체도 크게 올랐다. 택배물량이 증가해 와 이로 인해 박스 사용량이 늘어
등 제지업체도 포함됐다. 확산하고 있는 언택트(비대면) 문화와 관련된 온라인강의업체 , 웹툰 제작사 , 결제업체
등도 있었다.연초 주가에 비해 약 2배 이상 폭등한 곳도 있다. 총 9개로 이 연초에 비해 약 475.5% 상승해 가장 크게 올랐다. 이어 (314.7%), (146.8%), (115.8%), (112.8%), (111.9%), (111.4%), (100.6%), (100.6%), (100%) 순을 기록했다. 이들은 대부분도 코로나19 테마주다. 진원생명과학은 백신후보 물질 개발 사업과 관련해 질병관리본부와 계약 체결했다. 신풍제약은 자사 약품인 말라리아 치료제 피라맥스에 대해 코로나19 치료 가능성이 있는지 검토하는 중이다. 마찬가지로 오리엔트바이오는 치료제 개발에 도움을 줄 수 있는 유전자가위 기술을 가졌고, 부광약품은 만성B감염 간염치료제인 레보비르로 코로나19 치료에 대한 임상을 진행 중이다. 신문용지 제조업체 는 택배물량이 늘어나 제지사용량도 증가했다는 이유로 코로나19 테마주로 묶인다. 이밖에 한진칼은 경영권 분쟁 이슈가, 두산솔루스는 매각설, 는 유상증자 결정 등을 이유로 크게 올랐다. 코로나19 사태 이전으로 주가를 회복한 종목들이 역설적으로 대부분 코로나19 수혜주인 것은 주가가 아직은 안정 국면에 들어왔다고 볼 수 없다는 주장에 힘을 싣는다. 허진욱 삼성증권 연구원은 “이번 코로나 충격이 전례가 없다는 점에서 이후의 글로벌 경기회복 궤적이 V자, U자, W자, L자 중 어떤 형태일지 아직 결론을 내리기엔 이른 시점”이라고 설명했다. 고준혁 (kotaeng@edaily.co.kr)＜ⓒ종합 경제정보 미디어 이데일리 - 무단전재 & 재배포 금지＞",/news/news_read.nhn?article_id=0004621798&office_id=018&mode=search&query=삼성바이오로직스&page=2
외국인 1천억원 이상 사들여…코스닥도 1% 넘게 올라,"[아이뉴스24 류은혁 기자] 코스피가 2% 가까이 오르면서 1890포인트대에서 상승 출발한 뒤 1900선을 돌파했다. 간밤 뉴욕 증시가 코로나19에 따른 부진한 경제지표에도 상승한 데다 외국인이 순매수에 나서면서 상승을 이끌고 있다.17일 코스피지수는 전 거래일보다 36.24포인트(1.95%) 오른 1893.31에 거래를 시작해 오전 9시10분 기준 2.62% 상승한 1905.77에 거래되고 있다. 현재 외국인과 기관이 각각 1천565억원, 271억원 순매수 중이며 개인이 1천837억원 순매도 중이다.간밤 뉴욕증권거래소(NYSE)에서 다우존스 30 산업평균지수는 전장보다 0.14% 상승했고 스탠더드앤드푸어스(S&P) 500 지수와 나스닥도 각각 0.58%, 1.66% 오른 채 거래를 마쳤다.이날 코스피에서 시가총액 상위 10종목은 대부분 상승세를 보이고 있다. 셀트리온(-1.63%)을 제외하고 삼성전자 3.67%, SK하이닉스 3.81%, 삼성전자우 4.14%, 삼성바이오로직스 0.56%의 오름세를 보이고 있다.코스닥지수는 전 거래일보다 7.91포인트(1.27%) 오른 631.34에 장을 시작해 오전 9시 14분 기준 1.38% 상승한 632.01에 거래되고 있다. 기관이 248억원 순매수 중인 반면 개인과 외국인이 각각 36억원, 207억원 순매도하고 있다.시가총액 상위 10종목은 혼조세를 보이고 있다. 셀트리온헬스케어(-0.61%), 에이치엘비(-0.09%), 셀트리온제약(-2.72%), 스튜디오드래곤(-0.94%), 씨젠(-1.88%)은 내림세인 반면 펄어비스 2.83%, 케이엠더블유 0.62%, CJ ENM 3.82%의 상승세를 보이고 있다. ehryu@inews24.com [ⓒ 아이뉴스24 무단전재 및 재배포 금지]",/news/news_read.nhn?article_id=0000534610&office_id=031&mode=search&query=삼성바이오로직스&page=2
,"(서울=연합뉴스) 황재하 기자 = 코스피가 17일 상승세로 출발했다.

이날 오전 9시 22분 현재 코스피는 전날보다 44.15포인트(2.38%) 오른 1,901.22를 가리켰다.

지수는 전장보다 36.24포인트(1.95%) 오른 1,893.31로 출발해 강세 흐름을 이어가고 있다.

코스피가 장중 1,900선을 넘은 것은 지난달 11일(장중 고가 1,967.70) 이후 한 달여 만이다.

유가증권시장에서는 전날까지 30거래일 연속 순매도 행진을 이어간 외국인이 2천79억원을 순매수했고, 기관도 547억원을 순매수했다. 개인은 2천625억원을 순매도했다.

간밤 뉴욕증시는 미국의 경제 활동 재개 기대감 속에 다우존스30 산업평균지수(0.14%), 스탠더드앤드푸어스(S&P)500지수(0.58%), 나스닥(1.66%) 등 주요 지수가 일제히 올랐다.

도널드 트럼프 미국 대통령은 16일(현지시간) 기자회견에서 신종 코로나바이러스 감염증(코로나19) 확산 완화 이후 정상화를 위한 사회적 거리 두기 완화 지침을 발표했다.

이경민 대신증권 연구원은 ""연속 순매도 행진을 이어가던 외국인이 장 초반 1천억원 이상을 순매수하면서 지수 상승에 기여하고 있다""며 ""최근 코로나19 확산이 진정될 것이라는 기대감이 커지면서 투자심리가 살아난 것으로 보인다""고 설명했다.

시가총액 상위 종목은 삼성SDI(5.54%), LG화학(4.81%), SK하이닉스(4.06%), 삼성전자(3.47%), 현대차(3.43%), LG생활건강(2.43%), 삼성물산(2.23%), 네이버(2.05%), 삼성바이오로직스(0.37%) 등 대부분이 올랐다.

셀트리온(1.16%)은 하락했다.

업종별로는 전기·전자(3.74%), 화학(2.94%), 제조업(2.77%), 유통업(2.77%), 운수·장비(2.66%), 섬유·의복(2.49%) 등 모든 업종이 강세다.

같은 시각 코스닥지수는 전장보다 6.30포인트(1.01%) 오른 629.73을 나타냈다.

지수는 전장보다 7.91포인트(1.27%) 오른 631.34에서 출발해 강세 흐름을 이어가고 있다.

코스닥시장에서는 기관이 307억원, 개인이 22억원을 순매수했다. 외국인은 308억원을 순매도했다.

시총 상위 종목은 SK머티리얼즈(4.20%), CJ ENM(3.73%), 펄어비스(2.93%), 헬릭스미스(1.43%), 케이엠더블유(0.78%) 등이 올랐다.

셀트리온제약(-2.85%), 씨젠(-2.00%), 스튜디오드래곤(-1.06%), 셀트리온헬스케어(-0.49%) 등은 내렸다.

jaeh@yna.co.kr",/news/news_read.nhn?article_id=0011555471&office_id=001&mode=search&query=삼성바이오로직스&page=2
美 비어社와 계약 체결…4400억 수주 확보,"[아이뉴스24 이연춘 기자] 삼성바이오로직스(이하 삼성바이오)가 4공장 증설에 드라이브를 건다.일각에선 3공장 가동률이 일정 수준에 오르면 삼성바이오가 4공장 착공에 나설 것으로 내다 보고 있다. 4공장 부지는 정해지지 않았다. 다만 3공장의 옆 부지가 유력한 것으로 알려졌다.앞서 지난 1월 존림(John Rim) 삼성바이오 부사장은 미국 샌프란시스코에서 개최된 세계 최대 바이오 투자행사 'JP모건 헬스케어 컨퍼런스'에서 ""1공장은 가동률은 최대치에 가깝고 2공장은 현재 최대로 가동 중""이라며 ""3공장은 지난해 생산능력의 35% 수준의 물량을 확보해 (가동률을) 올해 60% 이상 수준으로 높일 것""이라고 말한 바 있다.17일 업계에 따르면 삼성바이오 1공장과 2공장 연평균 가동률이 각각 64%, 79%로 예상된다. 바이오의약품 시장 고성장에 따른 꾸준한 위탁생산 수요 증가가 기대되는 만큼 4공장 증설 기대감도 커지고 있다는 분석이다.림 부사장은 ""CDO(위탁개발)사업이 CMO(위탁생산) 사업을 뒷받침할 경우 2022년 새로운 공장을 건설해야 할 것으로 보인다""며 ""송도에 새로운 부지를 찾고 있다""고 했다. 삼성바이오에피스의 리서치센터도 2020년 완공될 예정이다.실제로 김태한 대표는 올 주주총회를 통해 ""올해 미국 샌프란시스코 CDO R&D 센터 진출을 시작으로 유럽과 중국까지 해외거점을 확대해 CDO와 CMO으로 연결되는 선순환구조를 만들 것""이라고 목표를 밝혔다. 경쟁사들과 초격차를 확보한 초가치기업으로 CMO·CDO·위탁연구(CRO)·바이오시밀러 분야 4대 글로벌 챔피언으로 발전하겠다는 계획이다.CDO는 고객사가 설계한 바이오의약품을 만들 수 있는 세포주(바이오의약품 씨앗) 생산부터 공정개발 등을 담당하는 분야다. CMO사업에서 출발한 삼성바이오로직스는 2017년부터 CDO과 CRO로 사업을 넓히고 있다.허혜민 키움증권 연구원은 ""삼성바이오 3공장 수주 60% 돌파한 것으로 추정되며, 이로 인한 4공장 검토 가속화가 예상된다""며 ""미국 비어(Vir)와 코로나19 유발 바이러스(SARS-CoV-2) 항체 프로그램 개발과 제조 서비스 계약을 체결로 임상 성공 여부와 관계없이 2021~2022년에 걸쳐 약 4천400억원의 수주를 확보했다""고 설명했다.비어와의 계약으로 3공장 수주가 가속화됨에 따라 4공장 증설에 힘이 실리는 모양새다.강하영 KTB증권 연구원은 ""삼성바이오는 지난해 말 기준 3공장 수주 35%를 달성했다""며 ""올해 목표치인 60% 달성 후 4공장 증설 검토에 나설 계획이었으나 비어와의 계약으로 조기에 3공장 수주 목표치 달성이 가능해 보인다""고 진단했다.여기에 지난해 흑자전환한 삼성바이오에피스 매출 성장으로 올해 삼성바이오도 흑자전환에 기대감도 커지고 있다. 삼성바이오는 삼성바이오에피스의 50% 지분을 보유하고 있다.이동건 신한금융투자 연구원은 ""올 1분기 삼성바이오의 매출액은 2014억원으로 전년 동기 대비 60.7% 증가, 영업이익은 410억원으로 흑자 전환할 것""이라며 ""영업이익은 시장 컨센서스 431억원에 부합할 전망""이라고 말했다.이어 ""1분기 공장별 가동률은 1공장 77%, 2공장 79%, 3공장은 10% 중반 수준으로 지난 4분기 대비 견조한 가동률 상승이 예상된다""며 ""공장별 평균 판매 가격은 일시적으로 고판가 제품 생산이 집중됐던 지난해 4분기와는 달리 평소 수준을 기록할 전망""이라고 설명했다. staykit@inews24.com [ⓒ 아이뉴스24 무단전재 및 재배포 금지]",/news/news_read.nhn?article_id=0000534622&office_id=031&mode=search&query=삼성바이오로직스&page=2
,"손희연 기자 son90@mt.co.kr
<저작권자 ⓒ '성공을 꿈꾸는 사람들의 경제 뉴스' 머니S, 무단전재 및 재배포 금지>",/news/news_read.nhn?article_id=0000532436&office_id=417&mode=search&query=삼성바이오로직스&page=2
,"[머니투데이 김태현 기자]
지난 달 국내 증시는 2008년 금융위기 이후 최악의 한 달을 보냈다. 코스피지수는 한 달 사이 11% 넘게 떨어졌다. 주가 급등락으로 코스피와 코스닥 시장에서 동시에 '서킷브레이커'(일시 매매정지)도 발동했다. 사상 유례가 없는 일이다.개인은 살얼음판과 같은 주식 시장에 너도나도 뛰어들었다. 코스피 2000선이 붕괴된 지난달 9일 이후 현재까지 11조6756억원을 사들였다. 반면 외국인은 같은 기간 14조535억원을 팔아치웠다. 정반대 행보를 보인 개인과 외국인, 성적표는 어땠을까.국내 증시가 급등락세를 보인 3월 9일부터 4월 16일까지 개인이 순매수한 상위 15개 종목을 살펴봤다. 이 중 플러스(+) 수익률을 기록한 종목은 9개다. 상장지수펀드(ETF)를 제외한 개별 종목은 셀트리온헬스케어를 빼고 모두 플러스 수익률을 기록했다.수익률은 같은 기간 개인이 매수한 종목들의 평균 매수 단가와 16일 장 마감 기준 가격을 비교해 산출했다. 정확히 산출은 어렵지만, 대략적인 흐름은 파악할 수 있다.개인 순매수 1위 삼성전자(4조4472억원)는 0.31%의 수익률을 기록했다. 뒤 이어 SK하이닉스가 0.04%, 현대차가 20.66%, LG화학이 12.17%로 집계됐다. 가장 높은 수익률을 기록한 종목은 SK이노베이션이다. SK이노베이션은 같은 기간 22.9% 올랐다.ETF는 일제히 하락했다. 개인이 두 번째로 많이 매수한 KODEX 200선물인버스2X(1조5915억원)는 마이너스(-)16.35%, KODEX WTI원유선물(H)는 9.26% 하락했다.외국인이 순매수한 상위 15개 종목은 모두 플러스 수익률을 기록했다. 순매수 상위 5개 종목은 모두 ETF 상품이다. 외국인들이 주식 현물과 선물을 대거 매도하는 가운데 헤지(Hedge, 위험회피) 차원에서 기초지수 ETF를 매수한 것으로 풀이된다.김찬영 삼성자산운용 ETF컨설팅 팀장은 ""외국인이 인덱스 ETF를 많이 구매하는 것은 헤지를 위해서""라며 ""주식·ETF·선물가격을 비교해 싼 걸 사고 비싼 걸 파는 차익거래를 주로 하는데 이 중에서도 상대적으로 저렴한 TR ETF를 매수한 것""이라고 설명했다.개별 종목으로는 바이오와 콘텐츠 관련 종목이 높은 수익률을 기록했다. 셀트리온(1589억원)은 15.84%, 삼성바이오로직스(500억원)는 35.05% 올랐다.코로나19(COVID-19) 확산으로 관심이 집중된 게임주 펄어비스(11.59%)와 넷마블(3.46%), 드라마 제작업체인 스튜디오드래곤(17.53%) 가파른 상승세를 보였다.개인 투자자들의 우량주 저가 매수가 효과를 보고 있다는 평가다. 하인환 메리츠증권 연구원은 ""주가가 하락하는 중 유입됐던 개인 자금들에 대해서는 '스마트 머니'라는 평가가 많다""며 ""우량주들을 집중 매수하기 때문""이라고 설명했다.실제 개인들의 순매수 상위 목록에 이름을 올린 삼성전자, SK하이닉스, 현대차 등 개별 종목 대부분은 시가총액 상위권에 이름을 올리고 있는 종목들이다.이런 시장에서 개인은 자산의 선별에 심혈을 기울여야 한다는 지적이다. 박석중 신한금융투자 연구원은 ""현 시점에서 지수 방향성을 예단하는 기회비용에 노출되기 보다 자산 선별에 집중해야 한다""며 ""각 종목의 차별적 성장에 주목해야 한다""고 설명했다.김태현 기자 thkim124@mt.co.kr
<저작권자 ⓒ '돈이 보이는 리얼타임 뉴스' 머니투데이, 무단전재 및 재배포 금지>",/news/news_read.nhn?article_id=0004396067&office_id=008&mode=search&query=삼성바이오로직스&page=2
기관도 동반 매수로 지수 견인삼성전자 등 IT 종목 초강세,"[이데일리 유현욱 기자] 17일 코스피 지수는 외국인과 기관의 동반 매수로 3% 이상 오르면서 1910선을 회복했다. 미국 경제 재개 기대감에 위험자산 선호 심리가 살아난 영향으로 풀이된다.마켓포인트에 따르면 이날 오전 10시 35분 현재 코스피는 전일 대비 61.69포인트(3.32%) 오른 1918.76을 가리켰다. 지수는 전장보다 36.24포인트(1.95%) 오른 1893.31로 출발해 시간이 갈수록 상승 폭을 키우고 있다. 코스피가 장중 1900선을 넘은 것은 지난달 11일(장중 고가 1967.70) 이후 한 달여 만이다.이날 지수 상승은 31일 만에 돌아온 외국인이 견인하다. 지난달 5일부터 30일 연속 순매도 했던 외국인은 이날 4111억원 순매수 중이다. 기관도 1813억원 순매수로 힘을 보태고 있다. 개인은 6047억원 순매도 중이다. 염가 매수한 물량을 일부 내놓으며 차익을 실현하고 있는 것으로 보인다.의약품(-1.48%) 음식료품(-0.16%)을 제외한 사실상 전 업종이 오르는 가운데 전기전자 증권 업종이 5%대로 높은 상승률을 기록 중이다. 이어 화학 제조업 섬유의복 유통업이 3%대 치솟고 있다. 시가총액 상위종목이 대부분 오르고 있다. 특히 시총 1~3위 삼성전자(005930) SK하이닉스(000660) 삼성전자(005930)가 일제히 5% 이상 급등하고 있다. 다른 정보기술(IT) 관련 종목인 삼성SDI(006400)(9.78%) 삼성전기(009150)(10.00%)도 강세다. LG화학(051910) 7%대 SK(034730) 삼성SDS(018260)도 4%대 오르는 중이다. 다만 삼성바이오로직스(207940)는 1%대, 셀트리온(068270)은 3%대 내리고 있다.유현욱 (fourleaf@edaily.co.kr)＜ⓒ종합 경제정보 미디어 이데일리 - 무단전재 & 재배포 금지＞",/news/news_read.nhn?article_id=0004622085&office_id=018&mode=search&query=삼성바이오로직스&page=2
,"[아시아경제 금보령 기자] 17일 코스피 지수가 전일보다 3% 넘게 오르면서 장중 1920선을 회복했다.이날 오전 10시45분 코스피는 전장 대비 349.%(64.80포인트) 상승한 1921.87을 나타냈다.코스피는 전거래일 대비 1.95%(36.24%) 상승한 1893.31로 개장한 뒤 강세를 이어가고 있다.유가증권시장에서 외국인과 기관은 각각 4448억원, 1768억원을 순매수했고, 개인은 6276억원을 순매도했다.업종별로 보면 화학(4.18%), 전기·전자(5.66%), 건설업(2.89%) 등이 올랐고, 의약품(1.2%), 음식료품(0.14%) 등이 내렸다.시가총액 상위 10개 기업 가운데 삼성바이오로직스(1.11%), 셀트리온(2.79%)만 하락세였다. 이 외에 삼성전자(5.71%), SK하이닉스(5.54%), LG화학(8.6%), 삼성SDI(11.81%) 등은 상승세였다.코스닥 지수도 코스피 상승세에 힘입어 올랐다. 같은 시각 코스닥은 전장 대비 1.51%(9.39포인트) 상승한 632.82였다.코스닥은 전일보다 1.27%(7.91포인트) 오른 631.34로 장을 연 뒤 조금씩 우상향 곡선을 그렸다.코스닥 시장에서는 개인과 기관이 각각 229억원, 311억원을 순매수했고, 외국인이 513억원을 순매도했다.시총 상위주 중에서 펄어비스(4.09%), CJ ENM(5.13%), 헬릭스미스(1.67%) 등은 올랐다. 반면 셀트리온헬스케어(1.96%),에이치엘비(1.4%), 스튜디오드래곤(1.89%) 등은 내렸다.금보령 기자 gold@asiae.co.kr <ⓒ경제를 보는 눈, 세계를 보는 창 아시아경제 무단전재 배포금지>",/news/news_read.nhn?article_id=0004663209&office_id=277&mode=search&query=삼성바이오로직스&page=2
,"손희연 기자 son90@mt.co.kr
<저작권자 ⓒ '성공을 꿈꾸는 사람들의 경제 뉴스' 머니S, 무단전재 및 재배포 금지>",/news/news_read.nhn?article_id=0000532504&office_id=417&mode=search&query=삼성바이오로직스&page=2
,"[서울=뉴시스] 류병화 기자 = 코스피가 외국인 매수세 유입에 힘입어 장중 3% 이상 오르며 1910선을 회복했다. 17일 한국거래소에 따르면 코스피지수는 이날 오전 11시10분 현재 전 거래일 대비 3.26% 오른 1917.59를 가리키고 있다. 지수는 이날 1.95% 상승한 1893.31에 출발해 장중 상승폭을 크게 늘렸다.유가증권시장에서 외국인과 기관은 각각 4500억원, 1900억원 매수 우위다. 개인은 홀로 6500억원을 팔아치우고 있다.업종별로는 의약품(-0.73%)을 제외하고 일제히 오름세다. 특히 전기전자(5.35%), 증권(5.1%), 운수창고(4.56%), 화학(3.82%), 제조업(3.66%) 등이 시장수익률을 상회하고 있다.시가총액 상위 종목들은 셀트리온(-2.56%)을 제외하고 모두 오르고 있다. 대장주 삼성전자는 전 거래일 대비 2600원(5.31%) 오른 5만1600원에 거래되고 있다. SK하이닉스(4.55%), 삼성바이오로직스(0.37%), 네이버(4.99%), LG화학(7.14%), 현대차(1.92%), 삼성SDI(9.78%), LG생활건강(3.61%) 등이 강세다.간밤 미국 길리어드사이언스가 에볼라 치료제로 개발한 렘데시비르가 시카고의 코로나19 환자들을 대상으로 시행된 임상시험에서 치료효과를 나타냈다는 보도가 나왔다.보건뉴스 전문사이트인 STAT는 16일(현지시간) 시카고의대 연구진이 코로나 19 환자 125명을 대상을 실시한 2단계 임상 임상에서 렘데시르를 투여받은 환자들이 고열과 호흡기 증세로부터 빠르게 회복됐고, 거의 모든 환자들이 1주일이 채 안돼서 퇴원했다고 보도했다. 임상에 참여한 환자 중 113명은 중증 환자였다.코스닥지수는 오전 11시10분 현재 전 거래일 대비 1.30% 오른 631.54를 가리키고 있다. 지수는 1.27% 오른 631.34에 출발해 장중 상승폭을 유지하고 있다.코스닥시장에서 개인과 기관은 각각 406억원, 310억원 매수 우위다. 반면 외국인은 689억원을 팔아치우고 있다.코스닥 시총 상위 10개 종목은 엇갈리고 있다. 셀트리온헬스케어(-1.96%), 에이치엘비(-1.87%), 셀트리온제약(-3.67%), 스튜디오드래곤(-2.00%), 씨젠(-1.18%) 등은 내림세다. 반면 펄어비스(3.79%), 케이엠더블유(0.16%), CJ ENM(4.57%), 헬릭스미스(1.08%), SK머티리얼즈(2.71%) 등은 상승세다. hwahwa@newsis.com<ⓒ 공감언론 뉴시스통신사. 무단전재-재배포 금지>",/news/news_read.nhn?article_id=0009821835&office_id=003&mode=search&query=삼성바이오로직스&page=2
코스닥도 1%대 상승률로 630선 '렘데시비르' 효과 분석,"(서울=뉴스1) 박응진 기자 = 17일 코스피가 외국인과 기관의 동반 순매수에 힘입어 3% 넘게 오르며 1920선을 기록 중이다. 코스닥도 1%대 상승률로 630선에서 오르내리고 있다. 달러/원 환율은 다시 1210원대로 내렸다. 미국 바이오기업 길리어드 사이언스의 에볼라 치료제 '렘데시비르'가 신종 코로나바이러스 감염증(코로나19) 치료에 효과가 있다는 보도 등으로 인해 시간외 미국 뉴욕 증시 지수 선물이 상승세를 보이는 데 따른 것으로 풀이된다. 이날 오전 11시28분 현재 코스피는 전날(16일)과 비교해 65.27포인트(3.51%) 뛴 1922.34를 가리키고 있다. 외국인과 기관이 각각 4747억원, 2064억원 순매수 중이고, 개인이 홀로 6893억원 순매도 하고 있다. 종가 기준 외국인은 지난달 5일부터 전날까지 30거래일 연속 순매도한 바 있다. 이에따라 외국인이 31일만에 순매수를 기록할지 관심이 집중된다.코스피 시가총액 상위 10개 종목 중 셀트리온(-2.09%)을 제외한 모든 종목이 오름세다. 상승률은 삼성SDI(9.23%), LG화학(7.43%), 삼성전자(5.31%), 삼성전자우(4.96%), NAVER(4.69%), SK하이닉스(4.67%), LG생활건강(3.53%), 현대차(2.42%), 삼성바이오로직스(0.37%) 순으로 크다. 업종별로 보면 운수창고(5.82%), 전기전자(5.37%), 증권(5.47%), 화학(3.92%) 등이 상승하고 있고, 의약품(-0.59%) 등이 내리고 있다. 코스닥은 전날 대비 8.73포인트(1.40%) 오른 632.16을 기록하고 있다. 개인과 기관이 각각 378억원, 307억원 순매수하고 있고, 외국인이 홀로 648억원 순매도 중이다. 코스닥 시가총액 상위 10개 종목 가운데 CJ ENM(4.66%), 펄어비스(3.54%), SK머티리얼즈(2.78%), 헬릭스미스(0.96%), 케이엠더블유(0.16%)는 오르고 있고, 셀트리온제약(-3.53%), 스튜디오드래곤(-2.24%), 에이치엘비(-1.96%), 셀트리온헬스케어(-1.72%), 씨젠(-1.30%)은 내리고 있다. 업종별로는 방송서비스(3.72%), 반도체(3.49%), 통신방송서비스(3.16%) 등이 오르고, 유통(-0.41%), 오락·문화(-0.22%), 제약(-0.01%) 등이 하락하고 있다. 서울외환시장에서 달러/원 환율은 전날보다 6.6원 내린 1219.4원에 거래되고 있다. 미국 현지 메디컬매체인 '스탯 뉴스'에 따르면 시카고대학교에서 현재 진행 중인 3단계 임상실험 결과, 코로나19로 입원한 환자들 대부분 렘데시비르 치료 이후 열과 호흡기 증상이 크게 완화해 1주일도 되지 않아 퇴원했다.또한 도널드 트럼프 미국 대통령은 백악관이 아닌 주지사들이 경제 정상화 시기를 결정하도록 한 새 가이드라인을 발표했다. 5월1일 경제 정상화를 강요하는 대신 2주에 걸쳐 코로나19 감소세를 보이고, 충분히 준비한 주부터 자체적으로 시기를 결정하라는 것이다.pej86@news1.kr© 뉴스1코리아(), 무단 전재 및 재배포 금지",/news/news_read.nhn?article_id=0004593770&office_id=421&mode=search&query=삼성바이오로직스&page=2
[민언련 시시비비],"[오마이뉴스 김태동 기자]<민언련 시시비비>는 신문, 방송, 포털, SNS 등 다양한 매체에 대한 각 분야 전문가의 글입니다. 언론 관련 이슈를 통해 시민들과 소통하고 토론할 목적으로 민주언론시민연합이 마련한 기명 칼럼으로, 민언련 공식 견해와 일치하지 않을 수도 있습니다. <편집자말>



 문재인 대통령이 지난 8일 청와대에서 열린 신종 코로나바이러스 감염증(코로나19) 대응 관련 제4차 비상경제회의를 주재하고 있다.





 ⓒ 연합뉴스
  우리는 지난 두 달 동안 이탈리아를 시작으로 미국까지 G7이라 자칭하는 자본주의 선진국이 코로나19에 제대로 대응하지 못해 많은 사람이 사망하는 것을 보았다. 그에 비해 문재인 정부는 적극적으로 진단하고 투명하게 공개함으로써 인명피해를 최소화하였다. 이런 객관적 사실까지 왜곡하고 거짓뉴스를 퍼뜨린 일부 언론과 정당의 속마음을 꿰뚫고 한 표를 행사한 유권자들이 모든 연령대에 걸쳐 늘어났다고 본다.    김종인 미래통합당 총괄 선대위원장에 대하여는 국민이 2012년 대선, 2016년 총선 두 번 속았지만 세 번째까지 속지는 않았다. 특히 김종인 선대위원장이 '문재인 정부가 경제를 망쳤다'라고 주장하는데 넘어가지 않았다. 전두환의 발탁으로 정치를 시작한 김종인의 정체가 30여 년이 지나 지금이라도 드러난 건 대한민국이 이번 총선을 통해 얻게 된 또 하나의 수확이다.그러나 미래통합당이 박근혜·이명박 세력과 결별하지 않고 그들이 9년간 망친 경제를 덤터기 씌우려 했는데도 민주당은 제대로 대응하지 못했다. 이낙연 선대위원장은 종합부동산세 완화까지 내세우며 서울 강남지역 후보를 당선시키려 했다.  코로나19는 언젠가는 퇴치될 것이다. 아주 길게 잡으면 1년 반쯤 뒤에는 치료제와 백신이 발명되어 걱정을 덜 것이다. 코로나 치료제와 백신 개발에 산·학·연 협동으로 지원하여 한국이 최초 개발을 한다면 얼마나 좋을까? 세계 최초가 아니더라도 독자 개발에 성공해서 국민에게 싼값에 제공할 수 있으면 좋겠다.    우리에게는 코로나19보다 퇴치하기 훨씬 어렵고 더 큰 고통을 주는 경제 코로나가 있다. 바로 부동산 불로소득으로 양극화 되는 과잉수탈, 그리고 비정규직과 여성노동 저임금 착취로 이루어지는 과잉 착취다. 이 수탈과 착취를 자녀들이 피하게 하기 위해 사교육 열풍도 뜨겁다. 이러한 경제와 사회의 바이러스를 키우고 막대한 혜택을 대대로 가져가는 소수가 불법부패세습 재벌총수들과 그 가족이다.    박정희 전 대통령이 만들고 키운 재벌의 총수들은 정권이 바뀌어도 계속 이득을 가져갔다. 1997년 1차 외환위기 이후 김대중의 당선으로 수평적 정권교체가 이루어지고 2002년 노무현, 2017년 문재인이 대통령에 당선되었지만 삼성그룹 이건희·이재용 부자에게 돌아간 재산이득은 늘어만 갔다. 이명박·박근혜에게 뇌물을 준 것이 온 세계에 밝혀졌어도 집행유예로 풀려났다.경제라는 게임의 규칙이 그들에게 세계 어느 나라보다 유리한데도 그들은 규칙을 지키지 않았다. 그들의 대변자인 전경련과 조중동은 이번 선거에서도 규제완화를 주장하였다. 회계사기를 저지른 삼성바이오로직스의 주가는 시가총액순위로 3등이다. 부끄러운 일이다. 재벌의 회계 투명성이나 국가의 통계 투명성은 1997년 말 IMF와의 협약에서도 누차 강조하였지만, 20년이 지난 지금도 코로나19 관련 정보 투명성에 비해서도 비교하기 민망하게 초라하다. 선거 때 재벌바이러스는 선거자금으로 전파된다. 대선 뒤에는 청와대와 그 실세들에게, 총선 뒤에는 다수당 국회의원들에게 로비가 집중된다. 월스트리트 금융투기자본도 그렇게 하여 미국 국회를 정복하고, 민주당이든 공화당이든 어느 당이 제1당이 되든 걱정하지 않아도 되게 국회를 장악하였다.한국은 더 심하다. '싸움하는 국회'라기보다 재벌 위해 '서로 돕고 공생하는 국회'였다고 하겠다. 이런 바이러스국회로 누가 이득을 보고 누가 손해를 보나? 불법부패세습 재벌총수가 이득을 보고 80% 이상 국민이 손해를 본다. 그들이 수도권에 살든, 대구경북지역에 살든 경제코로나에 감염되어 고통 받는 것은 지역을 가리지 않는다. 지역감정은 재벌바이러스 감추기에 안성맞춤 환경이다. 21대 국회는 다를까? 민주당 대승으로 재벌바이러스에 더 유리하게 제도를 개악할 가능성은 줄어들까? 그런 점도 기대하고 찍었다. 더불어시민당의 시민사회 비례대표들이라도 바이러스에 감염되지 않고 '의원다운 의원'이 되기를 바란다.지역구 당선자들은 출신지역 개발공약 제발 안 지키기를 바란다. 이낙연 의원 등 차기 대선을 바라는 의원들도 종부세를 무력화하는 행동은 삼가기 바란다. 60년 된 경제바이러스, 환갑 넘기기 전에 치료법을 찾고 백신을 발명하자. 그런 사람을 국회의원이든 시·도지사든 다음 대통령으로 뽑자.문재인 대통령이 코로나19에 대한 대응에 자신감을 얻어 재벌바이러스와 불로소득 바이러스를 퇴치하고 퇴임한다면 건국 이후 가장 성공한 대통령으로 평가될 것이다.저작권자(c) 오마이뉴스(시민기자), 무단 전재 및 재배포 금지글쓴이는 김태동 성균관대 명예교수입나다.",/news/news_read.nhn?article_id=0002266873&office_id=047&mode=search&query=삼성바이오로직스&page=2
"씨티證 출신 김 전무, 베인캐피탈에 새 둥지…이 대표와 `찰떡궁합` 관심","국내에서 활약 중인 외국계 증권사에서 내로라하는 성과를 쌓아온 인물이 글로벌 사모펀드(PEF)로 자리를 옮겼다. 씨티그룹글로벌마켓증권에서 굵직한 딜을 대거 성사시킨 김동욱 전무가 그 주인공이다.12일 투자은행(IB) 업계에 따르면 김동욱 씨티그룹글로벌마켓증권 IB사업부 본부장(전무)은 지난 1일부터 베인캐피탈로 출근하고 있다. 새 직장에서의 직급 역시 전무(Senior Principal)다. 김 전무는 1976년생으로 서초고등학교와 서울대학교 공과대학 전기공학부(95학번)를 졸업했다. 프라이스워터하우스쿠퍼스(PwC)의 컨설턴트로 첫 사회생활을 시작했으며, 2005년 콜롬비아대학교 경영대학원(Columbia Business School)에서 경영학석사(MBA)를 받았다. 이후 전략 컨설팅 회사 베인앤드컴퍼니, 블랙쉽캐피털매니지먼트 도쿄지점에 짧게나마 몸담기도 했다. 씨티그룹글로벌마켓증권에 합류한 것은 지난 2006년이었다. 약 14년 간 씨티에 몸담으며 다양한 거래들에 참여했다. 그는 업계에서 40대 뱅커들을 대표하는 '차세대 에이스'로 평가받아 왔다. 인수합병(M&A) 뿐 아니라 기업공개(IPO) 시장에서도 종횡무진하며 실적을 꾸준히 쌓았다. 우리투자증권 매각, 두산인프라코어의 밥캣 인수, 어피너티-KKR의 오비맥주 인수 등에 참여했다. 삼성그룹의 제일모직, 삼성바이오로직스 상장 주간도 맡았으며 지난해엔 한화시스템의 IPO도 진두지휘했다. 대기업 M&A 담당 임원은 ＂겸손하면서도 매사 진지하게 임하는 모습이 인상적이었던 인물＂이라며 ＂60년대 중후반~70년대 초반 뱅커보다 어리지만, 딜을 이끌어가는 것만큼은 매끄러웠다＂고 말했다.이로써 그는 이정우 베인캐피탈 한국대표(전무)와 한솥밥을 먹게 됐다. 그의 역할은 바이아웃펀드 운용으로 정해졌지만, 다양한 경험을 갖춘 만큼 소수지분 투자 등의 업무도 병행할 가능성이 높다. 이 대표는 2015년 8월 베인캐피탈에 합류한 뒤 2년 여 만에 회사를 국내 시장의 '메이저 PEF“로 키워냈다. 화장품 브랜드 ’AHC'로 알려진 카버코리아 투자로 약 1조5000억원을 벌어들었으며 국내 최대 보톡스 전문업체 '휴젤'을 9300억원에 인수했다. 이른바 '한미일 연합 딜'로 유명해진 SK하이닉스의 도시바, 호야, 애플의 도시바메모리 인수 시 컨소시엄을 주도하며 국내 M&A 시장에서 이정표를 남기기도 했다.다른 시장 관계자는 ＂향후 휴젤 매각 시 김동욱 전무의 실무 능력과 네트워크가 큰 힘이 될 것＂이라며 ＂이정우 대표 입장에선 천군만마를 얻은 것과 다름없다＂고 평가했다. [강우석 기자] [ⓒ 매일경제 & mk.co.kr, 무단전재 및 재배포 금지]",/news/news_read.nhn?article_id=0004558975&office_id=009&mode=search&query=삼성바이오로직스&page=2
▶ 네이버 홈에서 [한국경제TV] 채널 구독하기 [생방송보기]▶ 대한민국 재테크 총집결! - [증권 / 주식상담 / 부동산],"[한국경제TV 라이온봇 기자]코스피시장에서 삼성그룹의 바이오 사업 지주사인 삼성바이오로직스(207940)가 장 막판 급등세를 나타내고 있다.2.41% 상승출발한 주가는 장중 한 때, 53만1000원(-1.67%)까지 하락하였지만 다시 회복하여 현재는 5.0% 상승한 56만7000원을 기록하고 있다.차트를 살펴보면 단기간에 골든크로스를 만들고 주가가 60일선까지 뚫고 가는 모습이다.거래량은 74만6006주로 전거래일 대비 250.57% 수준이다.이는 삼성바이오로직스 전체 주식수의 1.13%에 해당하는 물량이다.14시 30분 잠정집계에 따르면, 삼성바이오로직스는 외국인과 기관이 각각 -6,860주, -3,000주를 순매도 중이다.※ 사모펀드 등 일부 기관의 순매매량은 표시되지 않음이 시각 거래소에서 삼성바이오로직스 이외에도 TIGER 200IT레버리지(9.11%), 로보로보(5.61%), 케이피에스(11.53%), 이구산업(5.96%), 엔케이(8.3%) 등이 상승세를 보이고 있다.※ 본 기사는 한국경제TV와 `금융 AI 전문기업 씽크풀`이 실시간으로 작성한 기사입니다.라이온봇기자 ⓒ 한국경제TV, 무단 전재 및 재배포 금지",/news/news_read.nhn?article_id=0000864917&office_id=215&mode=search&query=삼성바이오로직스&page=2
▶ 헉! 소리나는 스!토리 뉴스 [헉스]▶ '아는 척'하고 싶은 당신을 위한 [두유노우],"[파이낸셜뉴스] 외국인 투자자들이 31거래일만에 유가증권시장에 돌아왔다. '귀환 선물'로 3000억원이 넘는 자금을 쏟아부으면서 코스피도 3%대의 상승률을 보였다.
 17일 한국거래소에 따르면 이날 코스피는 전 거래일 대비 57.46포인트(3.09%) 오른 1914.53으로 장을 마감했다. 지난 3월 11일(1908.27) 이후 처음으로 1900선을 넘어선 것이다. 이날 코스피는 1.95% 오른 1893.31로 출발한 후 꾸준히 우상향 곡선을 그렸다. 장중 3.71% 올라 1926선까지 도달하기도 했다.
 투자자별로 개인은 6112억원을 순매도했으나 외국인과 기관이 각각 3227억원, 2373억원을 순매수하면서 지수 상승을 강하게 견인했다. 앞서 외국인들은 지난 3월 5일부터 4월 16일까지 30거래일간 순매도세만 이어왔다. 이 기간 순매도한 금액만 14조7649억원에 달한다.
 규모별로 대형주의 상승폭(3.37%)이 큰 가운데 중형주(1.71%)와 소형주(1.58%) 모두 상승세를 보였다. 업종별로 운수창고(9.75%), 증권(4.98%), 전기전자(4.64%) 등이 큰폭으로 올랐다.
 시가총액 상위종목 중에서는 삼성전자가 4.90% 뛰면서 5만1400원까지 회복됐다. 이밖에 SK하이닉스(3.44%), 삼성바이오로직스(4.81%), NAVER(4.99%), LG화학(5.69%), 삼성SDI(5.72%) 등도 큰폭으로 상승했다.
 노동길 NH투자증권 연구원은 ""코스피는 외국인 순매수 재개에 1900선을 회복했다""며 ""외국인 수급 특징은 전기전자 업종 순매수다. 3000억원대 외국인 순매수 규모 및 전기전자 업종 집중은 외국인 귀환의 전조""라고 풀이했다.
 서상영 키움증권 연구원도 ""한국 증시는 미국의 경제 재개 플랜 발표와 길리어드 사이언스의 코로나 치료제 효능 입증에 따른 공포심리 완화에 기대 상승했다""며 ""특히 미국의 경제 재개가 되면 경기 회복 속도가 빨라질 수 있다는 점이 부각되면서 외국인이 순매수에 나선 점이 긍정적인 영향을 미쳤다""고 풀이했다.
 코스닥도 전거래일 대비 11.36포인트(1.82%) 오른 634.79로 장을 마쳤다. 코스닥시장에서는 외국인은 447억원 순매도한 가운데 개인과 기관이 각각 213억원, 267억원 순매수했다. 시총 상위 종목 중 셀트리온헬스케어(-1.10%), 에이치엘비(-1.68%), 셀트리온제약(-3.67%), 씨젠(-2.59%) 등은 하락한 반면 펄어비스(4.44%), CJ ENM(4.85%) 등은 상승했다.



 ※ 저작권자 ⓒ 파이낸셜뉴스. 무단 전재-재배포 금지",/news/news_read.nhn?article_id=0004410191&office_id=014&mode=search&query=삼성바이오로직스&page=1
,"코스피 지수가 60포인트 가량 급상승하며 1900선을 뚫어냈다. 40여일 만에 1900선 회복이다. 개인의 팔자 행렬이 이어졌지만 반대로 외국인과 기관의 ‘사자’ 강세가 이어지면서 증시를 끌어올렸다. 특히 이날은 신종 코로나바이러스 감염증(코로나19) 치료 효과 보도가 나오면서 투자심리가 크게 완화됐다는 분석이다.코스피는 17일 전 거래일 대비 3.09%(57.46포인트) 상승한 1914.53에 거래를 마쳤다. 지난 3월7일 1800선 복귀 후 10여일 만에 1900선까지 회복하게 됐다. 이날은 외국인과 기관이 매수세를 주도했다. 반대로 개인은 강한 매도세를 보였다. 개인은 6117억원 순매도를, 외국인과 기관은 각각 3180억원, 2378억원 순매수했다.코스피 시가총액 10개 상위종목에선 셀트리온(-1.86%)을 제외하고 모두 붉은색 등불이 켜졌다. 삼성전자와 SK하이닉스는 각각 4.90%, 3.44%의 상승률을 보였고, 삼성바이오로직스, 네이버, LG생활건강, LG화학, 삼성SDI 등도 모두 4~5%대 오름세에서 마감됐다.코스닥도 전 거래일 대비 1.82%(11.36포인트) 오른 634,79에 거래를 마쳤다. 코스닥은 지난 7일 600선대 회복 후 10여일째 유지하고 있다. 개인과 기관이 매수를 주도했고, 외국인은 매수세를 보였다. 개인은 214억원 순매수를, 기관은 267억원 순매수를, 외국인은 457억원 순매도를 기록했다.코스닥 시가총액 상위종목은 혼조세를 나타냈다. 펄어비스와 CJ ENM은 4%대의 높은 상승률을 보인 반면 셀트리온제약과 씨젠은 –2~-3%의 하락률을 나타냈다.이영곤 하나금융투자 리서치센터 연구원은 “국내 증시 상승은 미국 경제 재개 소식과 함께 코로나 치료제로 인한 경제 회복 기대감이 작용했다”고 분석했다.실제 이날 길리어드의 약품 '렘데시비르'에 코로나19 치료 효과가 있다는 보고서가 나왔다. 외신에 따르면, 전날 의학전문매체 '스탯'을 인용해 시카고대학 캐슬린 멀레인 감염병학과 교수의 렘데시비르의 임상시험 결과를 게재했다. 시험에 참여한 코로나19 환자 125명 중 대부분이 회복 후 퇴원했다. 사망자는 2명인 것으로 알려졌다.송창범 기자
 <저작권자 ⓒ '성공을 꿈꾸는 사람들의 경제 뉴스' 머니S, 무단전재 및 재배포 금지>",/news/news_read.nhn?article_id=0000532645&office_id=417&mode=search&query=삼성바이오로직스&page=1
"코스닥, 634.79 상승 마감","[더팩트ㅣ정소양 기자] 국내 증시가 일제히 상승했다.17일 코스피 지수는 전 거래일 대비 57.46포인트(3.09%) 상승한 1914.53에 거래를 마쳤다. 지수는 장 내내 상승장에 머물며 강세로 마감했다.이날 개인은 홀로 차익실현을 위해 6117억 원을 매도하며 상승폭을 제한했다. 반면 외국인과 기관은 각각 3180억 원, 2378억 원을 매수하며 장을 끌어올렸다.이날 시가총액 상위 종목은 대부분 상승했다. 삼성전자(4.90%), SK하이닉스(3.44%), 삼성바이오로직스(4.81%), 삼성전자우선주(4.14%), 네이버(4.99%), LG화학(5.69%), 현대차(1.41%), 삼성SDI(5.72%), LG생활건강(4.87%) 등은 상승했다. 반면 셀트리온(-1.86%)는 홀로 하락하며 장을 마감했다.업종별로는 독립전력생산및에너지거래, 항공사, 종이와목재, 증권, 전자장비와기기 등은 상승했다. 비철금속, 생명과학도구및서비스, 부동산, 출판 등은 하락 마감했다.이날 코스닥도 상승 곡선을 그리며 강세로 마감했다. 지수는 전 거래일 대비 11.36포인트(1.82%) 오른 634.79로 마감했다.코스닥 시장에서는 개인과 기관이 각각 214억 원, 267억 원을 매수하며 장을 끌어올렸다. 반면 외국인은 홀로 -456억 원을 팔아치우며 상승 폭을 제한했다.jsy@tf.co.kr저작권자 ⓒ 특종에 강한 더팩트 & tf.co.kr 무단 전재 및 재배포 금지",/news/news_read.nhn?article_id=0000023331&office_id=629&mode=search&query=삼성바이오로직스&page=1
"코스피 3.09% 뛴 1914.53, 코스닥 1.82% 오른 634.79달러/원 환율 10.8원 내린 1217.9원","(서울=뉴스1) 박응진 기자 = 17일 코스피는 3% 넘게 뛰며 1910선에 올랐다. 외국인이 31거래일 만에 순매수로 돌아섰다. 코스닥도 2% 가까이 올라 630선을 회복했다.미국의 경제활동 재개 기대감, 미국 바이오기업 길리어드 사이언스의 에볼라 치료제 '렘데시비르'가 신종 코로나바이러스 감염증(코로나19) 치료에 효과가 있다는 보도 등으로 시간외 미국 뉴욕 증시 지수 선물이 강세를 보인 영향이다.코스피는 전날(16일)과 비교해 57.46포인트(3.09%) 뛴 1914.53로 마감했다. 이는 종가 기준 지난달 10일(1962.93) 이후 가장 높은 수준이다. 외국인과 기관이 각각 3226억원, 2378억원 순매수했고, 개인이 홀로 6117억원 순매도했다. 지난달 5일부터 전날까지 30거래일 연속 순매도했던 외국인은 31거래일 만에 순매수로 돌아섰다. 기관은 3거래일 연속 순매수했고, 개인은 순매도로 전환했다.코스피 시가총액 상위 10개 종목 중 셀트리온(-1.86%)을 제외한 모든 종목이 올랐다. 상승률은 삼성SDI(5.72%), LG화학(5.69%), NAVER(4.99%), 삼성전자(4.90%), LG생활건강(4.87%), 삼성바이오로직스(4.81%), 삼성전자우(4.14%), SK하이닉스(3.44%), 현대차(1.41%) 순으로 컸다. 업종별로 보면 운수창고(9.75%), 증권(4.98%), 전기전자(4.64%) 등 순으로 많이 올랐고, 음식료업(-0.25%) 등 일부는 떨어졌다. 코스닥은 전날 대비 11.36포인트(1.82%) 오른 634.79로 마감했다. 이는 지난달 6일(642.72) 이후 가장 높은 수치다. 외국인과 기관이 각각 149억원, 41억원 순매수했고, 기관이 홀로 193억원 순매도했다. 코스닥 시가총액 상위 10개 종목 가운데 CJ ENM(4.85%), 펄어비스(4.44%), SK머티리얼즈(2.20%), 헬릭스미스(1.79%), 케이엠더블유(0.78%), 스튜디오드래곤(0.24%) 순으로 상승률이 컸고, 셀트리온제약(-3.67%), 씨젠(-2.59%), 에이치엘비(-1.68%), 셀트리온헬스케어(-1.10%) 순으로 하락률이 컸다.업종별로는 종이·목재(12.66%), 방송서비스(4.03%), 인터넷(3.91%) 등이 올랐다. 서울 외환시장에서 달러/원 환율은 전날보다 10.8원 내린 1217.9원으로 거래를 마쳤다. 노동길 NH투자증권 연구원은 ""코스피는 오늘 외국인 순매수 재개에 1900선을 회복했다. 외국인 수급 특징은 전기전자 업종 순매수다. 3000억원 외국인 순매수 규모 및 전기전자 업종 집중은 외국인 귀환의 전조""라고 분석했다.pej86@news1.kr© 뉴스1코리아(), 무단 전재 및 재배포 금지",/news/news_read.nhn?article_id=0004594397&office_id=421&mode=search&query=삼성바이오로직스&page=1
외국인 31일만에 3180억 순매수…26일만에 1900선 회복,"[아이뉴스24 류은혁 기자] 코스피가 외국인의 매수세에 힘입어 3% 넘게 상승하면서 26거래일만에 1900선을 회복했다.17일 코스피지수는 외국인이 31거래일 만에 순매수에 나서면서 전날보다 57.46포인트(3.09%) 상승한 1914.53에 마감했다.이날 외국인과 기관이 각각 3천180억원, 2천378억원 순매수한 반면 개인이 6천117억원 순매도했다. 외국인이 매수우위를 기록한 것은 지난달 4일 이후 처음이다.국내 코로나19 확진자 수가 일 평균 20명대로 내려앉는 등 안정화 추세를 보이면서 외국인들의 투자심리가 살아난 것으로 보인다.이날 시가총액 상위 10종목은 셀트리온(-1.86%)을 제외하고 모두 상승했다. 삼성전자 4.90%, SK하이닉스 3.44%, 삼성바이오로직스 4.81%, 삼성전자우 4.14%의 상승률을 보였다.업종별로도 대부분 오름세를 나타냈다. 비철금속(-0.73%), 생명과학도구 및 서비스(-0.54%), 부동산(-0.19%)는 하락한 반면 독립전력생산 및 에너지거래(29.93%), 항공사(19.54%), 종이와 목재(11.26%), 증권(5.21%), 전자장비와 기기(5.21%)는 상승했다. 이날 상한가, 하한가 종목은 없었다.코스닥지수는 전 거래일 대비 11.36포인트(1.82%) 오른 634.79에 장을 끝냈다. 개인과 기관이 각각 214억원, 267억원 순매수 했고 외국인이 457억원 순매도 했다.시가총액 상위 10종목은 혼조세를 나타냈다. 셀트리온헬스케어(-1.10%), 에이치엘비(-1.68%), 셀트리온제약(-3.67%), 씨젠(-2.59%)은 내렸으나 펄어비스 4.44%, 케이엠더블유 0.78%, CJ ENM 4.85%, 스튜디오드래곤 0.24%의 상승률을 보였다.이날 상한가 종목은 넥스트아이, 에코바이오 5개였고 하한가 종목은 없었다.한편 이날 서울외환시장에서 원/달러 환율은 전 거래일 대비 10.80원 내린 1217.90원에 마감됐다. ehryu@inews24.com [ⓒ 아이뉴스24 무단전재 및 재배포 금지]",/news/news_read.nhn?article_id=0000534709&office_id=031&mode=search&query=삼성바이오로직스&page=1
,"[서울=뉴시스] 류병화 기자 = 코스피가 한 달 반 만에 이뤄진 외국인 투자자의 순매수로 3% 이상 상승 마감했다. 지수는 한 달 만에 1910선을 회복했다. 17일 코스피지수는 전 거래일(1857.07)보다 57.46포인트(3.09%) 오른 1914.53에 마감했다. 지수는 전일 대비 1.95% 오른 1893.31에 출발해 장중 상승폭을 크게 늘리며 장을 마쳤다. 코스피는 지난달 10일(1962.93) 이후 처음으로 1910선을 회복했다.유가증권시장에서 외국인은 3227억원을 순매수했다. 외국인의 코스피 순매수는 마감 기준 지난달 4일 이후 처음이다. 외국인은 지난달 5일부터 30거래일 연속으로 팔자세를 유지했다. 이 기간 동안 무려 14조4423억원어치를 순매도했다.기관은 이날 2356억원 순매수한 반면 개인은 6095억원을 팔아치웠다.업종별로는 음식료업(-0.25%)을 제외하고 일제히 올랐다. 운수창고(9.75%), 증권(4.98%), 전기전자(4.64%), 화학(3.44%), 제조업(3.37%), 섬유의복(3.27%) 등이 강세로 마감했다.시가총액 상위 종목들은 셀트리온(-1.86%)을 제외하고 모두 상승했다. 대장주 삼성전자는 전 거래일 대비 2400원(4.9%) 오른 5만1400원에 거래를 마쳤다.SK하이닉스(3.44%), 삼성바이오로직스(4.81%), 네이버(4.99%), LG화학(5.69%), 현대차(1.41%), 삼성SDI(5.72%), LG생활건강(4.87%) 등도 상승 마감했다.노동길 NH투자증권 연구원은 ""코스피는 이날 외국인 순매수 재개에 1900선을 회복했다""며 ""외국인 수급 특징은 전기전자 업종 순매수이며 이는 외국인 귀환의 전조""라고 진단했다.코스닥지수는 전 거래일(623.43)보다 11.36포인트(1.82%) 오른 634.79에 마감했다. 지수는 전일 대비 1.27% 오른 631.34에 출발해 상승폭을 늘리며 장을 닫았다.코스닥시장에서 기관과 개인은 각각 267억원, 213억원을 순매수했다. 반면 외국인은 447억원을 팔아치웠다.코스닥 시총 상위 10개 종목은 엇갈렸다. 셀트리온헬스케어(-1.10%), 에이치엘비(-1.68%), 셀트리온제약(-3.67%), 씨젠(-2.59%) 등은 내렸으나 펄어비스(4.44%), 케이엠더블유(0.78%), CJ ENM(4.85%), 스튜디오드래곤(0.24%), 헬릭스미스(1.79%), SK머티리얼즈(2.20%) 등은 상승했다. hwahwa@newsis.com<ⓒ 공감언론 뉴시스통신사. 무단전재-재배포 금지>",/news/news_read.nhn?article_id=0009822382&office_id=003&mode=search&query=삼성바이오로직스&page=1
`동학개미운동` 개인투자자는 나홀로 매도 전향,"한달 넘게 매도 행렬을 이어갔던 외국인이 돌아왔다. 코스피는 3% 이상 급등하며 26일 만에 1900선을 회복했다.17일 코스피는 전일보다 57.46포인트(3.09%) 오른 1914.53으로 거래를 마쳤다. 종가 기준으로 코스피가 1900을 넘은 것은 지난달 11일(1908.27) 이후 처음이다.이날 36.24포인트(1.95%) 오른 1893.31에서 출발한 지수는 장 초반부터 상승폭을 키웠다. 외국인이 장중 매수세를 보이면서 장 막판까지 우상향 흐름을 그대로 이어갔다. 반면 이른바 '동학개미운동'을 펼쳤던 개인투자자들은 물량을 쏟아내며 매도 전환했다.외국인은 전일까지 30거래일 연속 순매도 행진을 이어가며 국내 자금시장을 흔드는 요인이었다. 이는 역대 최장인 2008년 6월 9일∼7월 23일 33거래일 연속 순매도에 이어 역대 두 번째로 긴 순매도 기록으로 액수한 해도 유가증권시장기준 14조7642억원 규모에 달한다. 종전 최대 기록은 2008년 6∼7월 33거래일 연속 순매도 당시 8조9834억원 수준이었다.글로벌 증시를 위협했던 신종 코로나바이러스 감염증(코로나19) 사태가 미국을 비롯해 다수 국가에서 진정세에 접어든 데다 이날 오전께 발표된 도널드 트럼프 미국 대통령의 '경제정상화 방안' 발표에 따라 상승세를 탄 것으로 풀이된다.간밤 뉴욕증시 또한 단계적으로 봉쇄(락다운) 조치가 완화되고 경제활동이 재개될 것이란 기대감에 상승 마감했다. 특히 뉴욕증시 마감 후 공개된 트럼프 대통령의 경제 재개 조치 발언이 증시에 긍정적으로 작용했다. 트럼프 대통령은 5월1일을 전후해 전국적 경제활동 재개를 추진해온 봉쇄(락다운)의 해제 시점을 각 주정부에 위임했다. 미국 경제방송 CNBC 등에 따르면 트럼프 대통령이 이날 공개한 경제정상화 가이드라인(지침)에는 전국적인 봉쇄 해제 시점이 구체적으로 명시되지 않은 것으로 확인된다. 대신 각 주별로 코로나19 발병 규모 등 특정 조건들을 만족할 경우 주정부에 봉쇄 완화를 권고하는 등의 내용이 담겼다.서상영 키움증권 연구원은 ""미국의 경우 일부 바이오, 헬스케어 업종과 온라인 기반 기업들이 상승을 하고 있으나, 실적이 급격하게 위축되거나 신용 리스크 우려가 높은 에너지, 금융, 항공, 호텔 업종이 부진하는 등 투자자들이 종목 위주로 초점을 바꾸는 투자 패턴을 보인다""며 ""이런 변화는 국내 증시에도 영향을 줘 업종별, 종목별 차별화 장세를 보일 것""으로 예상했다.이은택 KB증권 연구원은 ""트럼프 대통령이 경제 정상화 시기를 성급하게 앞당기지 않고 결정을 주지사들에게 맡긴 것은 시장에 안정을 줬다""며 ""셧다운이 연장된다고 경제 타격이 그대로 커지는 것이 아니라, 정부의 구제책이 더 확대될 것이기 때문이다""고 설명했다.만약 조기에 일괄적 정상화를 선언했다면 증시는 오히려 하락 압력을 받았을 것이라는 얘기다.이어 이 연구원은 ""단기 조정의 단초가 될 것이라고 생각했던 미국의 경제활동 재개가 연기돼 시장은 부양책 규모 확대에 오히려 관심을 드러낼 것""이라면서 ""단기 조정은 다음 재개 시점을 다시 주목해야한다""고 지적했다.이날 유가증권시장에서는 운수창고가 9% 이상 뛰었고, 증권, 전기·전자, 화학, 제조업, 섬유·의복, 유통업, 서비스업, 운송장비, 건설업, 은행, 기계 등 전 업종이 올랐다.매매주체별로 개인이 6096억원 순매도한 반면, 외국인과 기관이 각각 3226억원, 2357억원 순매수 했다. 프로그램 매매는 1415억원 매수우위를 보였다.시가총액 상위 종목 중에서는 셀트리온을 제외한 전 종목이 올랐다. 삼성SDI와 LG화학이 5%이상 급등한 가운데 삼성전자, SK하이닉스, 삼성바이오로직스, NAVER, LG생활건강 등도 3~4%이상 상승세를 보였다.이날 코스피시장에는 1036개 종목이 상승했고 218개 종목은 하락했다.코스닥은 전일 대비 11.36포인트(1.82%) 떨어진 634.79에 마감했다.[디지털뉴스국 김규리 기자] [ⓒ 매일경제 & mk.co.kr, 무단전재 및 재배포 금지]",/news/news_read.nhn?article_id=0004559020&office_id=009&mode=search&query=삼성바이오로직스&page=1
,"[아시아경제 금보령 기자] 유가증권시장에서 31거래일 만에 외국인 투자자들이 순매수세로 돌아서면서 17일 코스피가 1910선을 회복했다.이날 코스피는 전거래일 대비 57.46포인트(3.09%) 오른 1914.53으로 장을 마쳤다.코스피는 전장보다 36.24포인트(1.95%) 상승한 1893.31로 개장해 상승세를 이어가며 장중 한 때 1920선을 회복하기도 했다.유가증권시장에서는 개인이 6094억원을 순매도했다. 반면 외국인과 기관은 각각 3226억원, 2356억원을 순매수했다.특히 외국인의 경우 유가증권에서 지난달 5일부터 전일까지 30거래일 연속 순매도세를 이어가다 이날에야 멈췄다. 이는 역대 최장이었던 2008년 6월9일∼7월23일 33거래일 연속 순매도에 이어 두 번째로 긴 기록이다.업종별로 음식료품(0.25%)은 소폭 하락했지만, 섬유·의복(3.27%), 화학(3.44%), 전기·전자(4.64%), 운수창고(9.75%) 등이 상승했다.시가총액 10위 기업 가운데 셀트리온(1.86%)만 유일하게 하락했다. 삼성전자(4.9%), SK하이닉스(3.44%), 삼성바이오로직스(4.81%), NAVER(4.99%), LG화학(5.69%) 등은 상승했다.코스닥도 전거래일과 비교하면 11.36포인트(1.82%) 오른 634.79로 마감했다.코스닥은 전장 대비 7.91포인트(1.27%) 상승한 631.34로 출발해 우상향 곡선을 그렸다.코스닥시장에서 개인과 기관은 각각 212억원, 267억원을 순매수한 반면 외국인은 447억원을 순매도했다.업종을 나누면 인터넷(3.91%), 종이·목재(12.66%), 금속(2.23%) 등이 올랐다.시총 상위 업종 중 셀트리온헬스케어(1.1%), 에이치엘비(1.68%), 셀트리온제약(3.67%) 등은 하락했고, 펄어비스(4.44%), CJ ENM(4.85%) 등은 상승했다.금보령 기자 gold@asiae.co.kr <ⓒ경제를 보는 눈, 세계를 보는 창 아시아경제 무단전재 배포금지>",/news/news_read.nhn?article_id=0004663424&office_id=277&mode=search&query=삼성바이오로직스&page=1
외인 기관 동반 매수..한달만에 1900선 넘어서전기전자 업종 강세경영권 분쟁 재점화?..한진칼 대한항공 급등,"[이데일리 유현욱 기자] 17일 코스피 지수가 3% 이상 오르면서 1910선을 회복했다. 약 한 달여만에 돌아온 외국인이 지수 급등을 견인했다. 외국인이 매수가 집중된 전기전자 업종 역시 강세를 보였다.마켓포인트에 따르면 코스피 지수는 전일 대비 57.46포인트(3.09%) 오른 1914.53에 장을 마감했다. 지수는 1%대 상승 출발해 줄곧 상승 흐름을 유지했다. 장중 한때 1926.02까지 오르기도 했다. 장중 1900선을 넘은 것은 지난달 11일(장중 고가 1967.70) 이후 한 달여 만이다.투자자별로 보면 외국인과 기관이 3226억원과 2378억원 순매수했다. 외국인은 지난 5일 이후 거래일 기준 31일 만에 팔자에서 사자로 포지션을 전환했다. 이는 역대 최장인 2008년 6월 9일~7월 23일 33거래일 연속 순매도에 이어 역대 두 번째 길다.노동길 NH투자증권 연구원은 “경제 활동 재개 외에 신종 코로나 바이러스 감염증(코로나19) 치료제 개발 가능성은 코로나19 공포를 완화시킬 수 있는 가장 중요한 재료”라며 “3000억원대 외국인 순매수 규모 및 전기전자 업종 집중은 외국인 귀환의 전조”라고 분석했다. 기관 중에는 금융투자(1129억원) 연기금(865억원) 투신(321억원) 순으로 순매수 규모가 컸다. 프로그램은 차익(-226억원)과 비차익(1641억원)을 합쳐 1415억원 매수 우위를 보였다.음식료품(-0.25%)을 제외한 전 업종이 오른 가운데 운수창고 업종이 9%대 증권 전기전자 4%대 화학 제조업 섬유의복이 3%대 올랐다. 유통업 서비스업 운수장비 건설업 은행이 2%대 상승했다.셀트리온(068270)(-1.86%) 포스코(005490)(0.00%)를 뺀 시가총액 상위종목은 일제히 올랐다. 시총 1~5위인 삼성전자(005930)(4.90%) SK하이닉스(000660)(3.44%) 삼성바이오로직스(207940)(4.81%) 삼성전자우(005935)(4.14%) 네이버(035420)(4.99%)는 상승했다. 이어 LG화학(051910)(5.59%) 현대차(005380)(1.41%) 삼성SDI(006400)(5.72%) LG생활건강(4.87%) 삼성물산(028260)(2.02%) 현대모비스(012330)(2.87%) SK텔레콤(017670)(1.27%)도 상승했다.이 밖에 경영권 분쟁 재점화 기대감에 한진칼(180640)은 28.82% 오른 10만9500원을 기록했다. 10만원 고지도 처음으로 넘어섰을 뿐만 아니라 장중 11만500원으로 사상 최고가를 새로 썼다. 한진칼우(18064K)(24.86%) 대한항공우(003495)(13.43%) 역시 초강세를 보였다.이날 코스피 거래량은 16억4391만8000주, 거래대금은 13조9366억원을 기록했다. 상하한가 없이 719종목이 올랐고, 144종목은 내렸다. 39종목은 보합권에 머물렀다.유현욱 (fourleaf@edaily.co.kr)＜ⓒ종합 경제정보 미디어 이데일리 - 무단전재 & 재배포 금지＞",/news/news_read.nhn?article_id=0004622326&office_id=018&mode=search&query=삼성바이오로직스&page=1
,"외국인, 한 달만에 순매수 전환…개인은 6천억 순매도(서울=연합뉴스) 황재하 기자 = 코스피가 17일 '외국인의 귀환'에 힘입어 급등해 한 달여 만에 1,900선을 회복했다.

이날 코스피는 전날보다 57.46포인트(3.09%) 오른 1,914.53으로 거래를 마쳤다.

종가 기준으로 코스피가 1,900을 넘은 것은 지난달 11일(1,908.27) 이후 처음이다.

지수는 전장보다 36.24포인트(1.95%) 오른 1,893.31에서 출발해 차츰 상승 폭을 키웠다.

유가증권시장에서는 외국인이 3천226억원, 기관이 2천356억원을 순매수해 지수 상승을 이끌었다. 개인은 6천94억원을 순매도했다.

이로써 외국인은 지난달 5일부터 전날까지 이어진 30거래일 연속 코스피 순매도 행진을 멈추고 순매수로 돌아섰다. 30일 동안 외국인의 누적 순매도액은 14조7천649억원이다.

이날 유가증권시장의 거래대금은 13조9천632억원으로 지난달 31일 기록한 역대 최대 기록(13조9천54억원)을 새로 썼다. 유가증권시장의 거래량은 16억3천235만주로 집계됐다.

노동길 NH투자증권 연구원은 ""신종 코로나바이러스 감염증(코로나19) 치료제로 개발 중인 '렘데시비르'가 임상에서 발열과 증상 완화 결과를 얻었다는 소식이 증시에 긍정적인 영향을 줬다""며 ""치료제 개발 가능성은 코로나19 공포를 완화할 호재""라고 설명했다.

미국 의료 전문지 STAT뉴스에 따르면 미국 시카고대 연구진이 길리어드 사이언스의 항바이러스제 렘데시비르를 코로나19 환자들에게 투약한 결과 대다수가 발열 및 호흡기 증상이 빠르게 회복된 것으로 나타났다.

시가총액 상위 종목은 삼성SDI(5.72%), LG화학(5.69%), 네이버(4.99%), 삼성전자(4.90%), LG생활건강(4.87%), 삼성바이오로직스(4.81%), SK하이닉스(3.44%), 삼성물산(2.02%), 현대차(1.41%) 등 대부분이 올랐다.

상위 10위 이내 종목 가운데는 셀트리온(-1.86%)만 하락했다.

업종별로는 운수·창고(9.75%), 증권(4.98%), 전기·전자(4.64%), 화학(3.44%), 제조업(3.37%), 섬유·의복(3.27%), 유통업(2.69%), 서비스업(2.50%) 등 대부분이 강세였다.

음식료품(-0.25%) 업종은 유일하게 약세였다.

주가가 오른 종목은 719개에 달했고, 내린 종목은 144개에 그쳤다. 39개 종목은 보합으로 마감했다.

프로그램 매매는 차익 거래는 매도 우위, 비차익 거래는 매수 우위로 전체적으로는 1천415억원의 순매수로 집계됐다.

코스닥지수는 전 거래일보다 11.36포인트(1.82%) 오른 634.79로 마감했다.

지수는 전장보다 7.91포인트(1.27%) 오른 631.34로 개장해 상승세를 이어갔다.

코스닥시장에서는 기관이 267억원, 개인이 212억원을 순매수했다. 외국인은 447억원을 순매도했다.

시총 상위 종목은 CJ ENM(4.85%), 펄어비스(4.44%), SK머티리얼즈(2.20%), 헬릭스미스(1.79%), 케이엠더블유(0.78%), 스튜디오드래곤(0.24%) 등이 올랐다.

셀트리온제약(-3.67%), 씨젠(-2.59%), 에이치엘비(-1.68%), 셀트리온헬스케어(-1.10%)는 내렸다.

코스닥시장의 거래량은 15억8천327만주, 거래대금은 8조9천910억원이었다.

서울 외환시장에서 원/달러 환율은 전 거래일보다 10.8원 내린 달러당 1,217.9원에 마감했다.

jaeh@yna.co.kr",/news/news_read.nhn?article_id=0011556549&office_id=001&mode=search&query=삼성바이오로직스&page=1
,"[서울=뉴시스] 류병화 기자 = 코스피가 한 달 반 만에 이뤄진 외국인 투자자의 순매수로 3% 이상 상승 마감했다. 지수는 한 달 만에 1910선을 회복했다. 17일 코스피지수는 전 거래일(1857.07)보다 57.46포인트(3.09%) 오른 1914.53에 마감했다. 지수는 전일 대비 1.95% 오른 1893.31에 출발해 장중 상승폭을 크게 늘리며 장을 마쳤다. 코스피는 지난달 10일(1962.93) 이후 처음으로 1910선을 회복했다.유가증권시장에서 외국인은 3227억원을 순매수했다. 외국인의 코스피 순매수는 마감 기준 지난달 4일 이후 처음이다. 외국인은 지난달 5일부터 30거래일 연속으로 팔자세를 유지했다. 이 기간 동안 무려 14조4423억원어치를 팔아치웠다. 이번 외국인의 연속 순매도는 지난 2008년 6월9일~7월23일 33거래일 순매도 랠리 이후 최장 기록이다. 기관은 이날 2356억원 순매수한 반면 개인은 6095억원을 팔아치웠다.업종별로는 음식료업(-0.25%)을 제외하고 일제히 올랐다. 운수창고(9.75%), 증권(4.98%), 전기전자(4.64%), 화학(3.44%), 제조업(3.37%), 섬유의복(3.27%) 등이 강세로 마감했다.시가총액 상위 종목들은 셀트리온(-1.86%)을 제외하고 모두 상승했다. 대장주 삼성전자는 전 거래일 대비 2400원(4.9%) 오른 5만1400원에 거래를 마쳤다.SK하이닉스(3.44%), 삼성바이오로직스(4.81%), 네이버(4.99%), LG화학(5.69%), 현대차(1.41%), 삼성SDI(5.72%), LG생활건강(4.87%) 등도 상승 마감했다.노동길 NH투자증권 연구원은 ""코스피는 이날 외국인 순매수 재개에 1900선을 회복했다""며 ""외국인 수급 특징은 전기전자 업종 순매수이며 이는 외국인 귀환의 전조""라고 진단했다.코스닥지수는 전 거래일(623.43)보다 11.36포인트(1.82%) 오른 634.79에 마감했다. 지수는 전일 대비 1.27% 오른 631.34에 출발해 상승폭을 늘리며 장을 닫았다.코스닥시장에서 기관과 개인은 각각 267억원, 213억원을 순매수했다. 반면 외국인은 447억원을 팔아치웠다.코스닥 시총 상위 10개 종목은 엇갈렸다. 셀트리온헬스케어(-1.10%), 에이치엘비(-1.68%), 셀트리온제약(-3.67%), 씨젠(-2.59%) 등은 내렸으나 펄어비스(4.44%), 케이엠더블유(0.78%), CJ ENM(4.85%), 스튜디오드래곤(0.24%), 헬릭스미스(1.79%), SK머티리얼즈(2.20%) 등은 상승했다. hwahwa@newsis.com<ⓒ 공감언론 뉴시스통신사. 무단전재-재배포 금지>",/news/news_read.nhn?article_id=0009822403&office_id=003&mode=search&query=삼성바이오로직스&page=1
,"지난달 31일 서울 영등포구 KB국민은행 여의도지점 딜링룸 전광판에 표시된 원달러환율. 미국 증시가 3%대 강세를 보이면서 코스피와 코스닥도 장초반에 상승 출발했다. 이종원 선임기자 jongwon@seoul.co.kr[스포츠서울 이선율기자]코스피가 17일 외국인 투자자의 순매수로 급등해 한 달여 만에 1900선을 회복했다.이날 코스피는 전날보다 57.46포인트(3.09%) 오른 1914.53으로 마감했다. 종가 기준으로 코스피가 1900을 넘은 것은 지난달 11일(1908.27) 이후 처음이다.지수는 전장보다 36.24포인트(1.95%) 오른 1893.31에서 출발해 차츰 상승 폭을 키웠다.유가증권시장에서는 외국인이 3226억원, 기관이 2356억원을 순매수해 지수 상승을 이끌었다. 개인은 6094억원을 순매도했다. 이로써 외국인은 지난달 5일부터 전날까지 이어진 30거래일 연속 코스피 순매도 행진을 멈추고 순매수로 돌아섰다. 30일 동안 외국인의 누적 순매도액은 14조7649억원이다.이날 유가증권시장의 거래대금은 13조9632억원으로 지난달 31일 기록한 역대 최대 기록(13조9054억원)을 새로 썼다. 유가증권시장의 거래량은 16억3235만주로 집계됐다.시가총액 상위 종목은 삼성SDI(5.72%), LG화학(5.69%), 네이버(4.99%), 삼성전자(4.90%), LG생활건강(4.87%), 삼성바이오로직스(4.81%), SK하이닉스(3.44%), 삼성물산(2.02%), 현대차(1.41%) 등 대부분이 올랐다. 상위 10위 이내 종목 가운데는 셀트리온(-1.86%)만 하락했다.업종별로는 운수·창고(9.75%), 증권(4.98%), 전기·전자(4.64%), 화학(3.44%), 제조업(3.37%), 섬유·의복(3.27%), 유통업(2.69%), 서비스업(2.50%) 등 대부분이 강세로 마가했다. 음식료품(-0.25%) 업종은 유일하게 약세였다.주가가 오른 종목은 719개에 달했고, 내린 종목은 144개에 그쳤다. 39개 종목은 보합으로 마감했다. 프로그램 매매는 차익 거래는 매도 우위, 비차익 거래는 매수 우위로 전체적으로는 1415억원의 순매수로 집계됐다.코스닥지수는 전 거래일보다 11.36포인트(1.82%) 오른 634.79로 마감했다. 지수는 전장보다 7.91포인트(1.27%) 오른 631.34로 개장해 상승세를 이어갔다.코스닥시장에서는 기관이 267억원, 개인이 212억원을 순매수했다. 외국인은 447억원을 순매도했다.시총 상위 종목은 CJ ENM(4.85%), 펄어비스(4.44%), SK머티리얼즈(2.20%), 헬릭스미스(1.79%), 케이엠더블유(0.78%), 스튜디오드래곤(0.24%) 등이 올랐다. 반면 셀트리온제약(-3.67%), 씨젠(-2.59%), 에이치엘비(-1.68%), 셀트리온헬스케어(-1.10%)는 내렸다.코스닥시장의 거래량은 15억8327만주, 거래대금은 8조9910억원이었다.서울 외환시장에서 원/달러 환율은 전 거래일보다 10.8원 내린 달러당 1217.9원에 마감했다.노동길 NH투자증권 연구원은 “코스피는 이날 외국인 순매수 재개에 1900선을 회복했다”면서 “외국인 수급 특징은 전기전자 업종 순매수이며 이는 외국인 귀한의 전조”라고 설명했다.melody@sportsseoul.com[기사제보 news@sportsseoul.com]
Copyright ⓒ 스포츠서울&",/news/news_read.nhn?article_id=0000649311&office_id=468&mode=search&query=삼성바이오로직스&page=1
,"코스피 지수가 1910선을 회복하며 거래를 마쳤다. 장 마감 기준으로 한달여만이다.17일 코스피 지수는 전장대비 57.46포인트(3.09%) 상승한 1914.53에서 거래를 마쳤다. 순매도 행진을 이어가던 개인이 6094억원을 팔아치운 가운데 외국인과 기관이 각각 3227억원, 2356억원을 동반 순매수했다.신종 코로나바이러스 감염증(코로나19) 확산으로 코스피 지수는 지난 11일 1908.27에서 장을 마감한 후 급속도로 하락세를 보였다. 코로나19 확산세가 줄면서 이날 외국인도 31거래일 만에 귀환했다.업종별로 보면 운수창고(9.75%)가 급등세를 보였고, 증권(4.98%), 전기전자(4.64%) 등도 상승세로 거래를 마쳤다.코스피 시가총액 상위 10개 종목 중 셀트리온(-1.86%)을 제외한 모든 종목이 상승했다. 삼성SDI(5.72%), LG화학(5.69%), NAVER(4.99%), 삼성전자(4.90%), LG생활건강(4.87%), 삼성바이오로직스(4.81%), 삼성전자우(4.14%), SK하이닉스(3.44%), 현대차(1.41%) 순으로 나타났다.코스닥은 전날 대비 11.36포인트(1.82%) 오른 634.79로 마감했다. 이는 지난달 6일(642.72) 이후 가장 높은 수치다. 외국인과 기관이 각각 149억원, 41억원 순매수했고, 기관이 홀로 193억원 순매도했다.서울 외환시장에서 달러/원 환율은 전날보다 10.8원 내린 1217.9원으로 거래를 마쳤다.노동길 NH투자증권 연구원은 ""코스피는 외국인 순매수 재개에 1900선을 회복했다""며 ""3000억원 외국인 순매수 규모 및 전기전자 업종 집중은 외국인 귀환의 전조""라고 분석했다.데일리안 이미경 기자 (esit917@dailian.co.kr)ⓒ (주)데일리안 - 무단전재, 변형, 무단배포 금지",/news/news_read.nhn?article_id=0002396882&office_id=119&mode=search&query=삼성바이오로직스&page=1
,"코스피가 오늘(17일) '외국인의 귀환'에 힘입어 급등해 한 달여 만에 1,900선을 회복했습니다.이날 코스피는 전날보다 57.46포인트(3.09%) 오른 1,914.53으로 거래를 마쳤습니다.종가 기준으로 코스피가 1,900을 넘은 것은 지난달 11일(1,908.27) 이후 처음입니다.지수는 전장보다 36.24포인트(1.95%) 오른 1,893.31에서 출발해 차츰 상승 폭을 키웠습니다.유가증권시장에서는 외국인이 3천226억 원, 기관이 2천356억 원을 순매수해 지수 상승을 이끌었습니다. 개인은 6천94억 원을 순매도했습니다.이로써 외국인은 지난달 5일부터 전날까지 이어진 30거래일 연속 코스피 순매도 행진을 멈추고 순매수로 돌아섰습니다. 30일 동안 외국인의 누적 순매도액은 14조7천649억 원입니다.이날 유가증권시장의 거래대금은 13조9천632억 원으로 지난달 31일 기록한 역대 최대 기록(13조9천54억 원)을 새로 썼습니다. 유가증권시장의 거래량은 16억3천235만주로 집계됐습니다.노동길 NH투자증권 연구원은 ""신종 코로나바이러스 감염증(코로나19) 치료제로 개발 중인 '렘데시비르'가 임상에서 발열과 증상 완화 결과를 얻었다는 소식이 증시에 긍정적인 영향을 줬다""며 ""치료제 개발 가능성은 코로나19 공포를 완화할 호재""라고 설명했습니다.미국 의료 전문지 STAT뉴스에 따르면 미국 시카고대 연구진이 길리어드 사이언스의 항바이러스제 렘데시비르를 코로나19 환자들에게 투약한 결과 대다수가 발열 및 호흡기 증상이 빠르게 회복된 것으로 나타났습니다.시가총액 상위 종목은 삼성SDI(5.72%), LG화학(5.69%), 네이버(4.99%), 삼성전자(4.90%), LG생활건강(4.87%), 삼성바이오로직스(4.81%), SK하이닉스(3.44%), 삼성물산(2.02%), 현대차(1.41%) 등 대부분이 올랐습니다.상위 10위 이내 종목 가운데는 셀트리온(-1.86%)만 하락했습니다.업종별로는 운수·창고(9.75%), 증권(4.98%), 전기·전자(4.64%), 화학(3.44%), 제조업(3.37%), 섬유·의복(3.27%), 유통업(2.69%), 서비스업(2.50%) 등 대부분이 강세였습니다.음식료품(-0.25%) 업종은 유일하게 약세였습니다.주가가 오른 종목은 719개에 달했고, 내린 종목은 144개에 그쳤습니다. 39개 종목은 보합으로 마감했습니다.프로그램 매매는 차익 거래는 매도 우위, 비차익 거래는 매수 우위로 전체적으로는 1천415억 원의 순매수로 집계됐습니다.코스닥지수는 전 거래일보다 11.36포인트(1.82%) 오른 634.79로 마감했습니다.지수는 전장보다 7.91포인트(1.27%) 오른 631.34로 개장해 상승세를 이어갔습니다.코스닥시장에서는 기관이 267억 원, 개인이 212억 원을 순매수했습니다. 외국인은 447억 원을 순매도했습니다.시총 상위 종목은 CJ ENM(4.85%), 펄어비스(4.44%), SK머티리얼즈(2.20%), 헬릭스미스(1.79%), 케이엠더블유(0.78%), 스튜디오드래곤(0.24%) 등이 올랐습니다.셀트리온제약(-3.67%), 씨젠(-2.59%), 에이치엘비(-1.68%), 셀트리온헬스케어(-1.10%)는 내렸습니다.코스닥시장의 거래량은 15억8천327만주, 거래대금은 8조9천910억 원이었습니다.서울 외환시장에서 원/달러 환율은 전 거래일보다 10.8원 내린 달러당 1,217.9원에 마감했습니다.[MBN 온라인뉴스팀]< Copyright ⓒ MBN(www.mbn.co.kr) 무단전재 및 재배포 금지 >",/news/news_read.nhn?article_id=0001445282&office_id=057&mode=search&query=삼성바이오로직스&page=1
"외국인, 삼성전자 2636억 원 매수·SK하이닉스 170억 원 매도","[더팩트ㅣ정소양 기자] 17일 국내증시는 외국인과 기관의 매수가 이어지며 3%대 강세로 마감했다. 전일 대비 코스피는 3%대 상승 마감했으며 코스닥 역시 1.82% 상승했다.이날도 코스피 시장에서 외국인과 기관은 각각 3180억 원, 2378억 원을 순매수했다. 반면 개인은 홀로 매도포지션을 유지하며 6117억 원을 순매도했다.외국인의 코스피기업 최대 매수는 삼성전자로 향했다. 외국인은 이날 삼성전자 2636억 원, 삼성SDI 337억 원, LG화학 304억 원, LG생활건강 249억 원, 삼성전기 202억 원 순으로 순매수 했다.반면 현대차는 325억 원가량 팔았다. 뒤를 이어 SK이노베이션 195억 원, 포스코(POSCO) 188억 원, SK하이닉스 170억 원, 엔씨소프트 114억 원을 순매도했다.코스닥 시장에서는 네이처셀 62억 원, 파라다이스 45억 원, 씨젠 29억 원, 아프리카TV 28억 원, 테라젠이텍스 26억 원을 사들이고, 에이치엘비 73억 원, 미코 64억 원, NHN한국사이버결제 45억 원, 국일제지 43억 원, RFHIC 34억 원 등은 팔아치웠다.이날 기관투자자의 코스피 기업 최대매수는 역시 삼성전자였다. 기관은 삼성전자 1197억 원, KODEX 레버리지 890억 원, SK하이닉스 820억 원, 삼성전기 292억 원을 순매수했다.반면 셀트리온은 265억 원 순매도했다. 이어 KODEX 인버스 227억 원, 엔씨소프트 143억 원을 팔아치웠다.이날 시가총액 상위 종목은 대부분 상승했다. 삼성전자(4.90%), SK하이닉스(3.44%), 삼성바이오로직스(4.81%), 삼성전자우선주(4.14%), 네이버(4.99%), LG화학(5.69%), 현대차(1.41%), 삼성SDI(5.72%), LG생활건강(4.87%) 등은 상승했다. 반면 셀트리온(-1.86%)는 홀로 하락하며 장을 마감했다.jsy@tf.co.kr저작권자 ⓒ 특종에 강한 더팩트 & tf.co.kr 무단 전재 및 재배포 금지",/news/news_read.nhn?article_id=0000023338&office_id=629&mode=search&query=삼성바이오로직스&page=1
▶ 네이버 홈에서 [한국경제TV] 채널 구독하기 [생방송보기]▶ 대한민국 재테크 총집결! - [증권 / 주식상담 / 부동산],"[한국경제TV 박준식 콘텐츠사업팀장]한달 만에 '팔자'에서 '사자'로 돌아선 외국인이 코스피지수를 끌어 올렸다이날 코스피는 전날보다 57.46포인트(3.09%) 오른 1,914.53으로 거래를 마쳤다.종가 기준으로 1,900선을 넘은 것은 3월11일(1,908.27) 이후 처음이다.출발은 전 거래일보다 36.24포인트(1.95%) 오른 1,893.31에서 시작해 후반으로 가면서 상승폭이 커졌다.개인이 6천94억원을 순매도하는 동안 외국인이 3천226억원, 기관이 2천356억원을 순매수하며 지수 상승을 주도했다.외국인은 30일거래일 연속 순매도 행진을 멈췄는데, 이 기간 외국인의 누적 순매도액은 14조7천649억원이다.시장 전문가들은 외국인의 귀환을 유도한 것은 코로나19 치료제로 개발 중인 '렘데시비르'가 임상에서 발열과 증상 완화 결과를 얻었다는 소식이라고 진단했다.기관 중에는 금융투자(1129억원) 연기금(865억원) 투신(321억원) 순으로 순매수 규모가 컸다. 이와 관련해 국민연금은 국내 주식에 할당된 17.3% 한도를 넘어서도 추가 매수할 수 있다고 밝혔다.37조원에 달하는 금액으로 시장 안정은 물론 주가 상승을 이끌 구원투수의 역할을 할 수 있다는 것이다.시가총액 상위 종목은 삼성SDI(5.72%), LG화학(5.69%), 네이버(4.99%), 삼성전자(4.90%), LG생활건강(4.87%), 삼성바이오로직스(4.81%), SK하이닉스(3.44%), 삼성물산(2.02%), 현대차(1.41%) 등 대부분이 올랐다.상위 10위 종목 중 유일하게 셀트리온(-1.86%)만 하락했다.업종별로는 운수·창고(9.75%), 증권(4.98%), 전기·전자(4.64%), 화학(3.44%), 제조업(3.37%), 섬유·의복(3.27%), 유통업(2.69%), 서비스업(2.50%) 등 대부분이 강세였다. 음식료품(-0.25%) 업종은 유일하게 약세였다.코스닥지수는 전 거래일보다 11.36포인트(1.82%) 오른 634.79로 마감했다.시총 상위 종목은 CJ ENM(4.85%), 펄어비스(4.44%), SK머티리얼즈(2.20%), 헬릭스미스(1.79%), 케이엠더블유(0.78%), 스튜디오드래곤(0.24%) 등이 올랐다.서울 외환시장에서 원/달러 환율은 전 거래일보다 10.8원 내린 달러당 1,217.9원에 마감했다.박준식콘텐츠사업팀장 parkjs@wowtv.co.krⓒ 한국경제TV, 무단 전재 및 재배포 금지",/news/news_read.nhn?article_id=0000864941&office_id=215&mode=search&query=삼성바이오로직스&page=1
"법원 ""유리한 재판 결과 예정하고 양형심리 진행 안해""""재범 안할 단호한 의지, 양형사유 하나로 고려 부당하지 않아""","(서울=뉴스1) 이장호 기자 = 법원이 이재용 삼성전자 부회장 파기환송심 재판부를 상대로 특검이 낸 재판부 기피신청을 기각했다. 재판을 불공정하게 할 염려가 있는 객관적 사정이 없다고 법원은 판단하면서, 삼성의 준법감시제도를 양형사유로 평가하는 것이 부당하지 않다고 봤다.서울고법 형사3부(부장판사 배준현)는 17일 특검이 낸 이 부회장의 파기환송심을 맡고 있는 형사1부(부장판사 정준영)에 대한 기피신청을 기각했다.특검은 ""피고인들이 제출한 삼성준법감시제도 개선방안은 미국 연방양형기준에 의하더라도 피고인들에 대한 양형사유로 삼을 근거가 없다""며 ""또 준법감시제도가 법원조직법상 양형기준에 해당하지 않는다. 재벌체제 개혁과 지배구조 개편 없는 제도 도입은 유명무실하다""고 주장했다.그러나 재판부는 ""준법감시제도의 목적은 기업 스스로가 준법경영을 하도록 함으로써 기업범죄나 비리 등 위법행위를 사전적·자율적으로 예방하는 데 있다""며 ""이 사건 법관(정준영 부장판사)이 이 같은 인식 하에 범죄가 재발하지 않도록 하기 위해 보다 '실효적인' 준법감시제도 운영이 필요하다는 점에 관해 의견을 구하고, 이를 점검하겠다는 의사를 표시한 것""이라고 설명했다.이어 ""미국 연방양형기준과 실제 시행 중인 제도를 참고하도록 한 것으로 보일 뿐, 그것을 넘어 피고인들에게 유리한 재판 결과를 예정하고 양형심리를 진행한 것으로 보이지 않는다""고 강조했다.또 ""미국 연방양형기준이 자연인이 아닌 기업이나 조직에 대해 적용된다고 규정하고 있다는 점만으로 삼성 준법감시제도 개선과 실효적 운영을 양형심리 대상으로 삼을 수 없다거나, 이에 대한 심리가 부당하다고 할 수 없다""고 설명했다.또 형법과 법원조직법에서 '범행 후 정황'을 양형조건으로 규정하고 있고, 뇌물·횡령죄에서 '진지한 반성'을 양형요소로 규정하고 있는 점을 언급했다.재판부는 ""피고인들이 기업 내부 비리를 실효적으로 방지할 수 있는 준법감시제도를 마련해 운영하고 그 제도가 성공적으로 정착할 수 있도록 노력함으로써 다시는 같은 범죄를 저지르지 않겠다는 단호한 의지를 보인 것으로 평가할 수 있는 경우 이를 여러 양형사유 중 하나로 고려하는 것이 부당하다고 보이지 않는다""고 밝혔다.재판부는 정 부장판사가 단정적으로 삼성 준법감시제도를 양형사유로 삼겠다는 의사를 표명한 적이 없을 뿐더러, 향후 점검을 통해 실효적인 것으로 인정될 때 양형사유로 고려할 수 있음을 밝혔을 뿐이라고 설명했다.특검이 정 부장판사가 준법감시제도를 양형사유로 삼는 것에 반대 의견을 밝히고 자세한 반대의견을 차후에 제시하겠다고 설명했는데도, 전문심리위원 선정을 위한 공판준비기일을 일방적으로 지정한 것은 소송지휘권을 부당하게 자의적으로 행사했다고 주장했지만 받아들여지지 않았다.재판부는 ""변호인 일부 의견서가 공판기일에 임박해 제출돼 검토할 시간적 여유가 없었던 사정을 고려해 특검에 다음 기일에 의견을 진술할 기회를 주겠다고 명시적으로 고지했다""며 ""반박 의견을 듣기 전에 공판준비기일을 지정했더라도 의견진술 기회를 박탈해 위법하게 절차를 강행하는 자의적이고 부당한 소송지휘권 행사라고 볼 수도 없다""고 강조했다.또 특검 측이 제출한 삼성바이오로직스 분식회계 수사 관련 자료에 대한 증거신청을 기각한 것에 대해서도 ""1심 재판이 진행 중이고, 합병 및 분식회계 적법성이 첨예하게 다퉈지고 있다""며 ""'삼바 사건'에서 피고인들 관여 여부나 정도가 밝혀지지 않았다. 이 같은 사정을 볼 때 특검의 증거신청을 의도적으로 외면하는 자의적 소송지휘권을 행사했다고 단정할 수 없다""고 지적했다.특검은 이 부회장 등 변호인들과 과거 같은 근무지에서 일을 했고, 변호인 중 한명과 과거 공동저자로 이름을 올린 적이 있는 등 변호인과의 관계에 비춰 편향적 재판이 의심된다고 주장했다.그러나 재판부는 ""이런 사정만으로 불공평한 재판 염려가 있는 객관적 사정에 해당한다고 볼 수 없다""며 ""이런 의혹을 가지는 것이 합리적이라고 인정할 만한 객관적 사정도 보이지 않는다""고 강조했다.이 부회장의 파기환송심 재판을 맡은 서울고법 형사1부(부장판사 정준영)는 첫 공판에서 기업 총수의 비리 행위도 감시할 수 있는 철저한 준법감시제도를 마련해달라고 주문했다. 이에 삼성은 준법감시위원회를 구성했다.이후 재판부는 삼성 준법감시위원회의 실효적 운영을 점검할 필요성이 있다며 법원, 특검, 이 부회장 측이 한 명씩 추천한 3인으로 구성된 전문심리위원을 구성해 운영 실태를 평가하겠다고 했다.이에 특검은 지난 2월 ""정 부장판사는 특검이 제시한 가중요소는 의도적으로 외면하고 감경요소에 해당하지도 않는 준법감시위원회에 대해서만 양형심리를 진행했다""며 ""이를 근거로 이 부회장 등에게 집행유예를 선고하겠다는 예단을 분명하게 드러냈다""고 주장하며 기피신청을 냈다.ho86@news1.kr© 뉴스1코리아(), 무단 전재 및 재배포 금지",/news/news_read.nhn?article_id=0004594532&office_id=421&mode=search&query=삼성바이오로직스&page=1
,"""불공평한 재판 염려 입증할 객관적인 사정 없어""…서울고법 형사1부가 계속 심리

(서울=연합뉴스) 김은경 기자 = 박영수 특별검사팀이 이재용 삼성전자 부회장의 국정농단 사건 파기환송심 재판부가 편향적이라며 기피 신청을 냈으나 받아들여지지 않았다.

이에 따라 이 부회장의 재판은 서울고법 형사1부(정준영 송영승 강상욱 부장판사) 심리로 계속 열리게 됐다.

서울고법 형사3부(배준현 표현덕 김규동 부장판사)는 17일 특검이 이재용 부회장의 파기환송심을 맡은 형사1부에 대해 낸 기피 신청을 기각했다. 형사3부는 형사1부의 대리재판부여서 이번 기피신청을 심리했다.

재판부는 ""(형사1부) 재판장인 정준영 부장판사가 양형에 있어 피고인들에게 유리한 예단을 가지고 소송지휘권을 부당하게 자의적으로 행사하는 등 불공평한 재판을 할 염려가 있는 객관적인 사정이 있다고 볼 수 없다""고 밝혔다.

재판부는 먼저 ""정 부장판사는 피고인들에게 실효적인 준법감시제도 마련을 촉구하고 이를 점검하겠다는 의사를 표명한 것일 뿐 피고인들에게 유리한 재판 결과를 예정하고 양형 심리를 진행한 것으로 보이지 않는다""고 봤다.

또 ""뇌물과 횡령죄의 양형 기준에 '진지한 반성'이 양형 요소로 규정돼 있으니 피고인들이 준법감시제도를 마련해 운영하는 등 다시는 같은 범죄를 저지르지 않겠다는 단호한 의지를 보인 것으로 평가할 수 있는 경우 이를 여러 양형 사유 중 하나로 고려하는 것이 부당해 보이지 않는다""고 강조했다.

재판부는 ""정 부장판사는 단정적으로 삼성의 준법감시제도를 양형 사유로 삼겠다는 의사를 표명한 적이 없고, 단지 실효적이라고 인정됐을 때 고려할 수 있다고 밝혔을 뿐""이라며 ""이에 관해 양측에 균등하게 의견 진술 및 증명의 기회를 부여했으니 편파적으로 양형 심리를 진행한 사정은 보이지 않는다""고 부연했다.

또 특검이 제출한 삼성바이오로직스 분식회계 의혹 사건 관련 증거 등을 정 부장판사가 기각한 데 대해 ""이번 사건과의 관련성과 필요성이 명백히 소명됐다고 보기 어렵다""고 했다.

재판부는 정 부장판사가 ""심리 기간 중 당당하게 기업 총수로서 해야 할 일을 하라"", ""만 51세가 된 삼성그룹 총수의 선언은 무엇이고, 또 무엇이어야 합니까""는 등의 발언을 한 것이 이 부회장에 대해 유리한 재판을 하겠다는 예단을 드러낸 것이라는 특검의 주장도 받아들이지 않았다.

재판부는 ""정 부장판사는 피고인에게 범죄 재발 방지를 위한 대책 마련을 촉구하려는 것으로 보이고, 유리한 재판을 하겠다는 예단을 갖고 위와 같은 발언을 한 것으로 보이지 않는다""고 판단했다.

아울러 정 부장판사가 이 부회장의 변호인 중 일부와 친분이 있다는 특검의 지적 등에 대해서도 ""불공평한 재판을 할 것이라는 의혹을 갖는 것이 합리적이라고 인정할 만한 객관적인 사정이 없다""며 모두 기각했다.

특검이 이 결정에 불복해 즉시항고한다면 최종 판단은 대법원에서 내려진다.

정 부장판사는 이 부회장의 파기환송심 첫 공판에서 이건희 삼성전자 회장의 '신경영 선언'을 언급하며 실효적 준법감시제도를 마련하라고 이 부회장에게 당부했다. 이에 삼성에서 '준법감시위원회'를 설치하자 재판부는 준법위의 실효성 여부를 따져 양형에 반영할 수 있다는 뜻을 밝혔다.

특검은 이러한 재판부의 결정에 강하게 반발하며 지난 2월 기피 신청을 냈다.

bookmania@yna.co.kr",/news/news_read.nhn?article_id=0011556709&office_id=001&mode=search&query=삼성바이오로직스&page=1
30일간 매도 접고 3227억 매수코스닥은 1.82% 올라 동반강세,"외국인투자자들이 31거래일 만에 코스피시장에 돌아왔다. 3000억원이란 '귀환 선물'을 쏟아부으면서 코스피지수는 3% 넘게 상승, 1900 선을 되찾았다.
 17일 한국거래소에 따르면 이날 코스피지수는 전 거래일 대비 3.09% 오른 1914.53에 장을 마감했다. 코스피지수가 종가 기준으로 1900 선을 넘은 것은 지난달 11일(1908.27) 이후 처음이다.
 개인이 6112억원어치를 팔았으나 외국인과 기관이 각각 3227억원, 2373억원의 매수 우위를 보이면서 지수 상승을 이끌었다. 앞서 외국인은 지난달 5일부터 지난 16일까지 무려 30거래일 연속 순매도를 이어왔다. 이 기간 순매도한 금액은 모두 14조7649억원에 달한다.
 시가총액 상위종목 가운데 삼성전자가 4.90% 뛰어오르며 5만1400원까지 회복됐다. SK하이닉스(3.44%), 삼성바이오로직스(4.81%), NAVER(4.99%), LG화학(5.69%), 삼성SDI(5.72%) 등도 큰 폭으로 상승했다. ▶관련기사 2면
 노동길 NH투자증권 연구원은 ""외국인 수급의 특징은 전기전자업종에 대한 순매수다. 3000억원대 외국인 순매수 규모 및 전기전자업종 집중은 외국인 귀환의 전조""라고 풀이했다.
 서상영 키움증권 연구원도 ""한국 증시는 미국의 경제 재개 플랜 발표와 길리어드사이언스의 코로나19 치료제 효능 입증에 따른 공포심리 완화에 힘입어 상승했다""며 ""특히 미국의 경제 재개로 경기회복 속도가 빨라질 수 있다는 점이 부각되면서 외국인이 순매수에 나선 점이 긍정적인 영향을 미쳤다""고 말했다.
 코스닥지수도 전 거래일 대비 1.82% 오른 634.79로 거래를 마쳤다. 외국인이 447억원어치를 순매도한 가운데 개인과 기관이 각각 213억원어치, 267억원어치를 사들였다.


 ※ 저작권자 ⓒ 파이낸셜뉴스. 무단 전재-재배포 금지",/news/news_read.nhn?article_id=0004410299&office_id=014&mode=search&query=삼성바이오로직스&page=1
,"박수영 특별검사팀이 '편향 재판' 등을 이유로 이재용 삼성전자 부회장의 파기환송심 재판부를 바꿔달라고 기피신청한 것에 대해 법원은 받아들이지 않았다.이에 따라 이 부회장의 재판은 서울고법 형사1부 심리로 계속 열리게 됐다.17일 연합뉴스 보도에 따르면 서울고법 형사3부(부장판사 배준현)는 이날 특검이 이재용 부회장의 파기환송심을 맡은 형사1부 재판장 정준영 부장판사에 대해 낸 기피 신청을 기각했다. 형사3부는 형사1부의 대리재판부여서 이번 기피신청을 심리했다.재판부는 ""본안 사건의 정 부장판사의 양형에 있어 피고인들에게 유리한 예단을 가지고 소송지휘권을 부당하게 자의적으로 행사하는 등 불공평한 재판을 할 염려가 있는 객관적인 사정이 있다고 볼 수 없다""고 기각 이유를 밝혔다.덧붙여 ""정 부장판사는 피고인들에게 실효적인 준법감시제도 마련을 촉구하고 이를 점검하겠다는 의사를 표명한 것일 뿐""이라며 ""피고인들에게 유리한 재판 결과를 예정하고 양형 심리를 진행한 것으로 보이지 않는다""고 설명했다.또 ""정 부장판사는 단정적으로 삼성의 준법감시제도를 양형 사유로 삼겠다는 의사를 표명한 적이 없고, 단지 실효적이라고 인정됐을 때 고려할 수 있다고 밝혔을 뿐""이라며 ""이에 관해 양측에 균등하게 의견 진술 및 증명의 기회를 부여했으니 편파적으로 양형 심리를 진행한 사정은 보이지 않는다""고 부연했다.특검이 제출한 삼성바이오로직스 분식회계 의혹 사건 관련 증거 등을 정 부장판사가 기각한 데 대해선 ""이번 사건과의 관련성과 필요성이 명백히 소명됐다고 보기 어렵다""고 했다.재판부는 정 부장판사가 ""심리 기간 중 당당하게 기업 총수로서 해야 할 일을 하라"", ""만 51세가 된 삼성그룹 총수의 선언은 무엇이고, 또 무엇이어야 합니까""는 등의 발언을 한 것을 통해 예단을 드러냈다는 특검의 주장도 받아들이지 않았다.재판부는 ""정 부장판사는 피고인에게 범죄 재발 방지를 위한 대책 마련을 촉구하려는 것으로 보인다""며 ""유리한 재판을 하겠다는 예단을 갖고 위와 같은 발언을 한 것으로 보이지 않는다""고 설명했다.아울러 정 부장판사가 이 부회장의 변호인 중 일부와 친분이 있다는 특검의 지적 등에 대해서도 ""불공평한 재판을 할 것이라는 의혹을 갖는 것이 합리적이라고 인정할 만한 객관적인 사정이 없다""며 모두 기각했다.향후 특검이 이번 결정에 불복해 즉시항고한다면 최종 판단은 대법원에서 내려진다.앞서 특검은 지난 2월24일 ""정 판사는 일관성을 잃은 채 편향적으로 재판을 진행하고 있다""며 형사소송법 18조1항2호의 '법관이 불공평한 재판을 할 염려가 있는 때'에 해당한다며 기피 신청을 낸 바 있다.데일리안 박유진 기자 (rorisang@dailian.co.kr)ⓒ (주)데일리안 - 무단전재, 변형, 무단배포 금지",/news/news_read.nhn?article_id=0002396899&office_id=119&mode=search&query=삼성바이오로직스&page=1
