head,text,url
"이제 본격화되는 코로나19 위기…돌파할 수 있을까이 부회장의 파기환송심…끝날 때 까지 끝난 게 아니다삼성 준법감시위원회를 바라보는 싸늘한 시선들이 부회장, 삼바 분식회계 의혹에도 소환될까?삼성 준법감시위의 권고…어떤 메시지 나올까","[CBS노컷뉴스 최철 기자]삼성전자 이재용 부회장이 1일자로 '삼성 총수'에 오른 지 만 2년이 됐다. 국내외에서 활발한 경영 행보를 보이며 삼성의 존재감을 드러낸 부분은 평가를 받고 있다. 실제로 일본의 수출규제로 한일 갈등이 심했던 지난해 이 부회장은 수차례의 일본 출장을 통해 양국 사이의 '완충제' 역할을 자임했고, 신종 코로나바이러스 감염증(이하 코로나19)으로 인한 '마스크 품절' 때는 정부와 협업해 마스크 5300만장을 만들 수 있는 원료를 조기에 확보하기도 했다. 하지만 코로나19 사태 장기화로 인한 글로벌 경기 악화나 본인의 사법리스크 등은 여전히 악재로 남아있다. 이런 상황속에서 삼성 준법감시위원회가 권고한 '대국민 사과'의 시한도 오는 11일로 성큼 다가왔다. 우선 외부적으로는 코로나19 위기 극복이 최우선 과제일 수 밖에 없다. 코로나19 사태가 장기화될 경우 해외 사업장이 줄줄이 문을 닫고, 제품 판매 역시 급락할 수 밖에 없기 때문이다. 삼성전자는 지난달 29일, 올 1분기 매출액이 55조 3252억원, 영업이익은 6조 4473억원을 기록했다고 공시했다. '선방'했다고는 하지만, 미국과 유럽에서의 본격적인 코로나 확산이 3월말이었다는 점을 고려하면 1분기 실적에 미친 코로나의 영향은 제한적이었다고 추론할 수도 있는 대목이다. 문제는 2분기, 더 나아가 올 하반기라고 할 수 있다. 삼성전자도 ""2분기는 주요 제품 수요에 대한 코로나19 영향이 본격화되면서 전분기 대비 실적 하락이 예상된다""며 ""또한 하반기에도 코로나19 관련 높은 불확실성이 지속될 것으로 보인다""고 전망했다. 내부적으로는 본인의 사법리스크가 여전히 남아있다.
2017년 2월 이재용 부회장은 박근혜 전 대통령과 최서원(개명 전 최순실) 씨에게 경영권 승계 지원 등을 바라고 최씨의 딸 정유라씨의 승마훈련 비용 등 수백억원의 뇌물을 준 혐의 등으로 검찰에 구속됐다. 이후 이 부회장은 1심에서 징역 5년을 선고받았으나, 구속된 지 1년만인 2018년 2월 2심에서 징역 2년 6개월에 집행유예 4년을 선고받고 석방됐다. 대법원 확정 판결이 남아 있었지만, 이 부회장은 2018년 5월 1일 공정거래위원회가 대기업 집단 동일인을 변경함으로써 공식적으로 '삼성 총수'에 올랐다.그런데 대법원은 지난해 8월, 34억원 상당의 말 3마리와 한국동계스포츠영재센터 지원금 16억여 원까지 뇌물로 판단해 유죄 취지로 사건을 서울고법으로 되돌려 보냈다. 재판 결과에 따라서는 또다시 '경영 공백'이 생길 수도 있는 여지가 생긴 것이다.
 삼성그룹은 이 부회장의 파기환송심 역시 집행유예로 끝나기를 고대하고 있다. 그런 희망을 담아 삼성그룹의 윤리경영을 감시하는 외부 독립기구인 삼성 준법감시위원회를 지난 2월 출범시킨 것이다. 삼성 준법감시위는 김지형 전 대법관이 위원장을 맡고 고계현 소비자주권시민회의 사무총장, 권태선 시민사회단체 연대회의 공동대표, 김우진 서울대 경영대 교수, 봉욱 변호사, 심인숙 중앙대 법학전문대학원 교수 등 외부위원들이 참여하고 있다. 그런데 삼성 준법감시위는 이재용 삼성전자 부회장에 대한 파기환송심 재판 과정에서 탄생한 것이나 마찬가지여서 여전히 논란거리다. 이 부회장의 파기환송심이 시작되자 재판장의 입에서 느닷없이 미국 연방 양형기준이 튀어나왔다. 기업 내 준법감시위원회 설치를 감형 요소로 반영할 수 있다는 내용이었다. 지난해 10월 첫 공판에서 재판장인 정준영 부장판사가 이 내용을 언급했을 때만 해도 ""재판 진행이나 결과와는 무관하다""고 선을 그었지만, 삼성그룹은 곧바로 준법감시위원회를 꾸렸다.
그리고 이후 공판에서 정 부장판사는 ""준법감시제도가 실효적으로 운영되면 양형조건으로 고려할 수 있다""며 ""피고인과 삼성의 약속이 제대로 지켜지는지 형사소송법상 전문심리위원 제도를 통해 점검하겠다""고 말을 바꿨다.상황이 이렇게 돌아가자 국정농단 사건을 수사한 박영수 특별검사팀(특검)은 바로 반발했다. 특검은 ""정 부장판사가 양형 사유로 활용이 불분명한 준법감시위 설치를 먼저 제안한 것은 환송 전 원심이 선고한 집행유예 판결을 계속 유지하겠다는 속마음을 노골적으로 드러낸 것""이라고 목소리를 높였다. 특검은 파기환송심 재판장인 정준영 부장판사에 대한 기피신청이 기각되자, 이에 불복해 지난달 23일 대법원에 재항고했다. 앞서 이 부회장이 승계작업을 위해 박근혜 전 대통령에게 '부정한 청탁'을 했다고 인정한 대법원이 정 부장판사의 기피신청에 대해 어떤 결정을 내릴지 이목이 쏠리고 있다. 법조계에서는 삼성물산과 제일모직 합병 의혹과 관련한 검찰 수사에 이재용 부회장 소환도 임박했다는 전망이 나온다. 특히 이들은 삼성바이오로직스(삼바) 분식회계의혹에 대한 검찰 수사가 최근 속도를 내고 있는 점에 주목하고 있다. 지난해 5월과 7월 서울중앙지검 특수2부는 삼바 김태한 대표에 대한 구속영장을 2번이나 청구했지만 법원에 의해 모두 기각되면서 이후 수사는 답보상태를 이어갔다.
여기에다 이른바 '조국 일가 사태'가 터졌고 올 초에는 추미애 법무부장관이 대규모 검찰고위급 인사를 단행하면서 검찰 조직 전체에 어수선한 분위기가 이어졌다. 그러던 검찰이 최근 삼바 의혹과 관련한 사장급 임원들을 다시 잇달아 소환하는 등 수사에 속도를 내면서 삼성 합병 수사를 이달안에
마무리하려는 것 아니냐는 관측이 고개를 들고 있다. 이에따라 일부 임원들에 대해 구속영장이 발부될 경우 검찰이 이재용 부회장도 부르는 수순을 밟을 가능성도 제기된다. 다만 검찰 일각에서 수사팀이 삼바 김태한 대표에 대한 두번의 영장 기각 후 추가로 확실한 물증을 잡지 못해 수사가 늘어졌다고 보는 시각도 있다고 하는 부분은 이 부회장측에 유리한 정황이다. 이런 상황에서 곧 다가올 이 부회장의 '대국민 사과'의 내용에 재계 안팎의 관심이 모아진다. 앞서 삼성 준법감시위는 이 부회장에게 경영권 승계 의혹, 노조 문제 등에 대해 반성을 담은 대국민 사과를 하라고 권고했지만, 삼성 측이 코로나19 확산 등을 이유로 기한 연장을 요청해 오는 11일로 시한이 한달 미뤄졌다.
이 부회장과 삼성은 사과 내용과 방식 등을 놓고 고심하고 있는 것으로 알려졌다. 본인에 대한 파기환송심이 진행중이고, 삼바 분식회계 의혹 수사도 마무리되지 않은데다 코로나19 사태 역시 종식되지 않은 점 등도 부담이 되고 있다.
 저작권자 © CBS 노컷뉴스 무단전재 및 재배포 금지",/news/news_read.nhn?article_id=0003355428&office_id=079&mode=search&query=삼성바이오로직스&page=1
삼성전자 한 달 만에 5만원대 회복 주가상승률 16.4% 코스피상승률 반토막,"[서울=뉴시스] 강수윤 기자 = 개미(개인투자자) 순매수 1위 종목인 삼성전자가 실적은 선방했지만, 주가는 지지부진한 모습을 보이고 있다. 1일 한국거래소에 따르면 삼성전자 주가는 29일 전 거래일 대비 0.2% 하락한 5만원에 거래를 마쳤다. 이는 코스피지수가 저점을 찍은 지난달 19일 이후 16.4% 오른 가격이다. 같은 기간 코스피지수가 33.6% 오른 것에 비해 반토막 수준이다. 삼성전자는 28일에는 전일 대비 4.90% 오른 5만1400원에 장을 마쳤다. 삼성전자 주가가 종가 기준으로 5만원대를 회복한 것은 지난 3월12일(5만800원) 이후 25거래일 만이다. 지난달 12일 이후 한동안 4만원대에서 거래됐다.삼성바이오로직스(58.7%), LG화학(63.7%) 등 유가증권시장 시가총액 상위 10위권 내 종목 가운데 상승률이 가장 낮았다. 개인은 코로나19 사태에 조정장이 시작된 지난 2월17일부터 4월29일까지 삼성전자의 순매수규모는 7조2525억원에 이른다. 개인들은 29일 삼성전자 주식 260억원 어치를 순매도했다. 삼성전자 주가가 지지부진하면서 공매도 수량 상위종목에 랭크됐다. 28일 삼성전자 공매도 수량은 4만4411주로 가장 많다. 공매도 평균 가격은 4만9776원인 것을 감안하면 개인 투자자들이 하락에 무게를 두는 셈이다.삼성전자와 양대 반도체 대장주로 꼽히는 SK하이닉스도 마찬가지다. 개인은 같은 기간 SK하이닉스의 순매수 규모는 1조1755억원이었다. 개인들은 29일 하이닉스 주식도 800억원 어치 순매도했다. 반도체 종목의 주가가 힘을 받지 못하는 것은 외국인의 국내 증시 귀환이 늦어지고 있는 것과 무관치 않다. 삼성전자와 SK하이닉스의 외국인 주주 비중은 각각 55.2%, 48.6%에 달해 여전히 크다. 삼성전자는 지난 29일 발표한 연결 재무제표 기준 올해 1분기(1~3월) 영업이익은 전년 동기 대비 3.4% 증가한 6조4473억원으로 선방했다.1분기는 버텼지만 2분기가 문제다. 삼성전자도 이날 신종 코로나바이러스 감염증(코로나19) 영향으로 올해 2분기(4~6월) 실적이 1분기 대비 하락할 것이라고 전망했다. 어규진 DB금융투자 연구원은 ""3월 이후 본격화된 코로나 영향으로 삼성전자의 2분기 영업이익은 7조3000억원으로 시장 기대치(7조6000억원)를 미달할 전망""이라며 ""3월 이후 본격화된 코로나19에 2분기 실적도 영향을 미칠 것""이라고 말했다. shoon@newsis.com<ⓒ 공감언론 뉴시스통신사. 무단전재-재배포 금지>",/news/news_read.nhn?article_id=0009842401&office_id=003&mode=search&query=삼성바이오로직스&page=1
순매수 상위 20종목 주가 평균 20.8% 급등,"[헤럴드경제] 지난달 국내 증시에서 외국인 투자자들의 '팔자' 행진이 계속됐지만, 삼성바이오로직스를 필두로 향후 실적 개선 및 주가 상승이 기대되는 종목에는 외국인 매수세가 꾸준히 몰린 것으로 나타났다.1일 한국거래소에 따르면 지난달 유가증권시장에서 외국인이 가장 많이 순매수한 종목은 삼성바이오로직스로, 누적 순매수 금액은 743억원으로 집계됐다.이는 삼성바이오로직스가 올해 1분기 호실적을 발표한 데 따른 것으로 풀이된다. 삼성바이오로직스의 1분기 매출액은 2072억원으로 작년 동기 대비 65.3% 증가했고 영업이익은 626억원으로 흑자 전환하면서 시장 기대치를 46.4%나 웃도는 '어닝 서프라이즈'를 기록했다.코로나19 수혜도 봤다. 서근희 삼성증권 연구원은 ""코로나19 이후 미국과 유럽 등에서 의약품 생산 중단 리스크를 줄이기 위한 위탁생산 수요가 급증했다""고 설명했다.실제로 삼성바이오로직스는 지난달 미국 제약사인 비어 바이오테크놀로지(Vir Biotechnology)와 3억6224만달러(4418억원) 규모의 코로나19 치료제 위탁생산 계약을 맺으면서 올해 수주 목표를 조기 달성했다.반대로 코로나19의 확산으로 사업에 직격타를 맞은 소비·유통 관련주가 외국인의 장바구니에 담긴 것도 눈에 띄었다.이 기간 외국인은 LG생활건강과 신세계의 주식을 각각 440억원, 298억원어치씩 순매수했다. 분기 실적이 공개되기 시작한 2000년 1월 이후 20년 만에 처음으로 적자를 기록한 호텔신라 주식도 252억원어치 사들였다.이들 종목은 앞선 주가 낙폭이 컸던 만큼 향후 반등을 기대한 매수세가 유입된 것으로 풀이된다. 김명주 미래에셋대우 연구원은 ""단기적으로 밸류에이션(평가가치) 매력이 높은 신세계·호텔신라 등의 종목을 중심으로 주가 회복이 예상된다""고 진단했다.그 외 한진그룹 경영권 분쟁의 중심에 있는 그룹 지주회사 한진칼(723억원) 역시 순매수 상위 종목에 이름을 올렸다.외국인이 투자한 종목들은 주가도 크게 올랐다. 외국인 순매수 상위 20개 종목의 4월 월간 주가 상승률은 평균 20.81%로 집계됐다. 같은 기간 코스피 상승률 10.99%의 2배에 가깝다. 반면 개인 순매수 상위 20개 종목은 평균 6.17% 오르는 데 그쳤다.한편 외국인은 올해 들어 지난달 말까지 유가증권시장에서 19조6000억원 규모의 주식을 팔아치우며 순매도 흐름을 이어가고 있다. 특히 3월 5일부터 지난달 16일까지는 무려 30거래일 연속으로 '팔자'를 이어가면서 역대 두 번째로 긴 순매도 기록을 세우기도 했다.onlinenews@heraldcorp.com
- Copyrights ⓒ 헤럴드경제 & heraldbiz.com, 무단 전재 및 재배포 금지 -",/news/news_read.nhn?article_id=0001668690&office_id=016&mode=search&query=삼성바이오로직스&page=1
,"지난달 국내 증시에서 팔자 행진을 벌인 외국인 투자자들이 삼성바이오로직스는 꾸준히 사들인 것으로 나타났습니다.한국거래소에 따르면 지난달 유가증권시장에서 외국인이 가장 많이 사들인 종목은 삼성바이오로직스로, 순매수 규모는 743억 원입니다.삼성바이오로직스가 올해 1분기 호실적을 발표한 데 따른 것으로 보입니다.외국인은 이어 LG생활건강과 신세계 주식을 각각 440억 원, 298억 원어치씩 순매수했습니다.이종수 [jslee@ytn.co.kr][저작권자(c) YTN & YTN PLUS 무단전재 및 재배포 금지]",/news/news_read.nhn?article_id=0001434816&office_id=052&mode=search&query=삼성바이오로직스&page=1
,"지난 달 외국인이 가장 많이 순매수한 종목은 삼성바이오로직스로, 누적 순매수 금액은 743억원으로 집계됐습니다.한국거래소에 따르면 1분기 매출액이 지난해 같은 기간보다 65.3% 증가한 삼성바이오로직스는 영업이익이 626억원으로 흑자 전환하면서 시장 기대치를 46.4%나 웃도는 `어닝 서프라이즈`를 기록했습니다.의약품 위탁생산 및 개발 기업인 삼성바이오로직스는 코로나 19 확산으로 수혜를 본 대표적 기업으로 꼽힙니다.이밖에 소비 유통주인 LG생활건강과 호텔신라, 신세계도 외국인 순매수 상위종목에 이름을 올렸습니다.이들 종목은 앞선 주가 낙폭이 컸던 만큼 향후 반등을 기대한 매수세가 유입된 것으로 해석됩니다.김세진 기자 (blues32@mbc.co.kr)[저작권자(c) MBC (https://imnews.imbc.com) 무단복제-재배포 금지]Copyright(c) Since 1996, & All rights reserved.",/news/news_read.nhn?article_id=0001035026&office_id=214&mode=search&query=삼성바이오로직스&page=1
지난달 국내증시  외국인 찜한 종목은…삼성바이오 1위순매수 상위 20종목 주가 평균 20.8% 급등,"코로나19로 요동친 4월 주식장에서 외국인 투자자와 국내 개인 투자자가 고른 종목은 서로 엇갈린 것으로 나타났다. 또 글로벌 주가 회복세에 힘입어 지난달 국내 투자자의 해외주식 순매수액이 역대 최대로 증가해 눈길을 끈다.◆외국인 순매주 종목 1위는 삼성바이오외국인 투자자들은 코로나 폭락장 속에서 순매도 행진을 이어갔지만, 향후 실적 개선이나 주가 상승이 기대되는 종목에는 꾸준히 몰렸다.1일 한국거래소에 따르면 지난달 유가증권시장에서 외국인이 가장 많이 사들인 종목은 삼성바이오로직스로, 누적 순매수 금액은 743억원으로 집계됐다.이는 삼성바이오로직스가 올해 1분기 호실적을 발표한 데 따른 것으로 풀이된다. 삼성바이오로직스 1분기 매출액은 2천72억원으로 작년 동기 대비 65.3% 늘었고 영업이익은 626억원으로 흑자 전환했다.의약품 위탁생산 및 개발 기업인 삼성바이오로직스는 올해 코로나19 확산으로 오히려 위탁생산 수요가 급증하는 등 수혜를 본 경우다.코로나19로 직격타를 맞은 소비·유통 관련주에 외국인 투자가 몰린 것도 눈에 띄었다.외국인은 지난달 LG생활건강과 신세계 주식을 각각 440억원, 298억원어치씩 사들였다. 20년 만에 올해 첫 적자를 기록한 호텔신라 주식도 252억원어치나 매수했다.업계에선 코로나19 여파로 이들 종목의 주가 낙폭이 컸던 만큼 바닥을 치고 반등을 할 것으로 기대한 때문으로 풀이한다.한진그룹 경영권 분쟁의 중심에 있는 그룹 지주회사 한진칼 역시 순매수 상위 종목에 이름을 올렸다.외국인이 많이 산 종목들은 수익률 또한 양호했던 것으로 나타났다.외국인 순매수 상위 20종목의 4월 월간 주가 상승률은 평균 20.81%로 집계됐다. 같은 기간 코스피는 10.99% 올랐고, 개인 순매수 상위 20종목은 평균 6.17% 오르는 데 그쳐 대조를 이뤘다.◆국내 투자자 해외주식 순매수 역대 최대최근 글로벌 증시가 회복세를 보이자 국내 투자자의 해외주식 순매수액이 역대 최대 수준으로 늘었다.1일 한국예탁결제원에 따르면 4월 1∼27일 예탁원을 통한 전체 해외주식 순매수액은 20억1천255만달러(약 2조4천500억원)로 예탁원이 관련 통계를 집계하기 시작한 2011년 이후 최대치를 기록했다.종전 순매수액 최대 기록은 지난 2018년 1월의 7억7천263만달러였다. 4월 순매수액은 전월(7억2천713만달러)보다 176.78%, 작년 동월(2억4천801억원)보다 711.48% 급증했다.특히 4월 미국주식 순매수액은 18억4천791만달러로 전체 해외주식 순매수액의 92.82%를 차지했다. 전월과 비교하면 133.92% 늘었다.순매수액이 급증한 것은 지난달 코로나19 팬데믹(세계적 대유행)으로 세계 증시의 주가가 일제히 급락한 이후 반등장이 이어지고 있기 때문이다.지난달 해외주식 직구족이 가장 많이 바구니에 담은 종목은 미국의 완구업체 해즈브로(Hasbro)였다. 순매수액이 2억2천602만달러로 애플(4위), 테슬라(20위) 등 대형 기술주를 제치고 깜짝 1위를 차지했다.해즈브로는 주력 사업인 완구 및 보드게임 외에 애니메이션과 온라인 교육 프로그램 제작 등 다양한 사업을 벌이고 있다.채원영 기자 chae10@imaeil.com연합뉴스ⓒ매일신문 - www.imaeil.com",/news/news_read.nhn?article_id=0000645655&office_id=088&mode=search&query=삼성바이오로직스&page=1
