head,text,url
"◇ SRI펀드 20% 작년 출시, 업계 관심 반영됐지만…","[이데일리 김윤지 기자] 전세계 트렌드로 자리매김 중인 ESG(Environment·Social·Governance) 투자이지만 국내서는 기관 투자자에 머무는 등 아직 걸음마 단계다. ‘큰 손’ 국민연금이 지난해 말 기금운용위원회에서 기금운용 규정에 ESG 요소를 비롯해 지속가능성 원칙을 명시적으로 포함하기로 결정하고, 운용업계도 관련 상장지수펀드(ETF) 등을 내놓는 등 활성화 움직임을 보이지만 일반 투자자들은 밋밋한 반응이다. 업계 관계자들은 “ESG 투자가 글로벌 수준으로 뿌리내리기 위해선 사회적 합의가 필요하다”고 입을 모았다.1일 금융정보사 에프앤가이드에 따르면 지난달 28일 기준 사회책임투자(SRI) 펀드는 총 30개다. 이중 운용 펀드 5개와 ETF 1개가 지난해 설정됐다. 현재 운용 중인 SRI 펀드 중 20%가 지난해 출시됐다는 점이 업계의 관심을 반영한다. SRI 펀드는 기업의 재무적인 요소는 물론 비재무적 측면인 ESG까지 고려해 장기적 관점에서 투자하는 방식을 말한다. 지난해 11월 상장된 삼성자산운용 ‘KODEX 200ESG’ ETF’가 대표적이다. 코스피200 ESG 지수를 기초지수로 삼는 ETF로, KOSPI200 중 ESG 성과가 우량한 종목에 투자한다. 기준을 충족해도 도박, 담배, 주류, 군수산업 관련 주된 영업기준이 20% 이상인 종목은 제외한다는 원칙이 있다.액티브 펀드로는 ‘키움올바른증권투자신탁 1[주식]’, ‘KB아메리칸센추리글로벌리더스증권자투자신탁(주식)(H)(운용)’, ‘코레이트주주성장타겟증권투자신탁[주식]’, ‘KTB지배구조1등주증권투자신탁[주식](운)’, ‘한국투자글로벌착한기업ESG증권투자신탁(주식-재간접형)(모)’ 등이 지난해 출시됐다. ESG 평가 상위등급 기업이나 등급 상향 기업의 주식에 주로 투자한다. 재간접 펀드는 글로벌 ESG ETF에 분산투자하는 식이다. 규모는 다소 아쉽다. 이들의 전체 설정액은 3157억원으로, 코스닥벤처펀드(4415억원) 보다 적다. 최근 1년 동안 63억원의 자금이 유입된 정도다. 그나마 가장 설정액이 높은 펀드가 ‘마이다스책임투자증권투자신탁(주식)A1’으로 552억원 수준이다. 수익률은 나쁘지 않다. 지난달 기준 (7.55%), (7.30%), (2.47%) 등을 담아 1년 수익률 0.87%를 기록했다. 같은 기간 국내 주식형 펀드의 수익률은 -7.17%였다. 글로벌 ESG 투자자산은 2018년 말 주요 5개 시장 기준(유럽·미국·일본·캐나다·호주/뉴질랜드) 30조 달러를 넘었다. 그에 비해 국내 ESG 투자는 걸음마 단계다. 현업에 있는 펀드 매니저들은 취지나 방향성에는 동의하지만 수익률 극대화 전략 측면에선 의구심을 표한다. 투자할 종목이 다양하지 않다는 것도 고충이다. 대다수 SRI펀드가 저마다 콘셉트는 달라도 대형주인 삼성전자와 SK하이닉스를 보유하고 있다는 점이 이를 말해준다. 한 펀드 매니저는 “ESG가 의미있는 접근법은 맞지만 전략으로서는 의문이 있어 국내선 아직까진 기관 투자자 중심”이라면서 “사회적인 관심과 제도화 등이 병행돼야 할 것”이라고 말했다. 한국신용평가는 최근 발표한 보고서 ‘ESG 채권시장의 성장과 외부평가제도 도입의 필요성’를 통해 “ESG 시장은 태생적으로 공공적인 성격을 지니고 있어서 자유시장 논리에 근거한 자발적인 발전에는 한계가 있다”면서 “유관부서와 공적 투자기관을 중심으로 ESG 투자 관련 규제 및 인센티브 제도 도입, 기업의 ESG 관련 공시의무 강화 등 구체적인 제도적 뒷받침이 우선적으로 이루어져야 한다”고 강조했다. 그나마 ESG 관련 투자에 가장 적극적인 기관도 국민연금이다. 한신평에 따르면 2018년 말 기준 국내 3대 공적 연금·기금의 ESG 관련 투자는 약 27조원 수준으로, 국민연금 비중이 약 99%를 차지하고 있다. 한국거래소도 ESG 공시 전담팀을 최근 마련했다. 올해부터 실시되는 기업 지배구조 보고서 공시를 관리하고 환경(E)과 사회(S) 정보공개 확대를 위한 방안을 세운다는 계획이다. 외부 전문가로 구성된 ESG 전문 위원회도 만들 예정이다.김윤지 (jay3@edaily.co.kr)＜ⓒ종합 경제정보 미디어 이데일리 - 무단전재 & 재배포 금지＞",/news/news_read.nhn?article_id=0004587259&office_id=018&mode=search&query=삼성바이오로직스&page=2
여성 7명으로 전체 40% 웃돌아 삼성SDI는 박태주-김덕현 등… 노동-인권 전문가들도 추천남성-법조인-관료 출신 틀 깨고 이사회 다양화-투명 경영 의지,"삼성의 주요 계열사가 올해 새로 선임하는 사외이사 후보자로 여성 인사와 노동 정책 전문가 등을 다수 추천하며 이사회 다양성 확보에 나섰다. 경제계에선 삼성이 계열사별로 이사회 중심의 투명 경영 구조를 확립하겠다는 의지를 드러낸 조치라는 평가가 나온다. 1일 삼성에 따르면 16개 상장 계열사 중 다음 달 정기주주총회에서 사외이사를 신규 선임하기로 결정한 곳은 8개사로 총 17명의 후보자를 추천했다. 이 중 7명은 여성으로 전체의 40%를 웃돈다. 외부 인사인 사외이사는 회사의 주요 안건을 의결하는 이사회에 참석해 경영 활동을 조언하거나 감시하는 역할을 한다. 각 사의 사외이사 신규 선임 안건이 주총에서 예정대로 통과되면 삼성 16개 상장 계열사의 여성 등기임원(사내이사 포함)은 기존 5명에서 11명으로 늘어난다. 국내 주요 그룹 중 여성 등기임원 인원이 10명 이상인 곳은 삼성이 유일한 것으로 알려졌다. 삼성전자에선 이미 김선욱 이화여대 명예교수, 안규리 서울대 신장내과 교수 등 2명의 여성 사외이사가 활동하고 있다. 여성 사내이사로는 이부진 호텔신라 사장과 이인재 삼성카드 부사장이 있다. 특히 삼성물산, 삼성SDS, 삼성SDI, 삼성중공업, 삼성바이오로직스 등 5곳은 현재 남성만 등기임원으로 활동하고 있는데, 사외이사 신규 선임을 통해 여성 1명씩이 이사회에 합류할 예정이다. 삼성은 올해 하반기(7∼12월)부터 시행될 자산 2조 원 이상 기업의 여성 등기임원 의무선임 제도에 앞서 선제적으로 신규 여성 사외이사 추천 절차를 밟은 것으로 전해졌다.
삼성의 일부 계열사는 이례적으로 노동·인권 전문가를 신규 사외이사 후보자로 추천했다. 삼성물산은 참여정부 시절 노동부 차관을 지낸 정병석 한양대 경제학과 특임교수를 신임 사외이사로 내정했다. 삼성SDI는 문재인 정부 경제사회발전노사정위원회 상임위원을 지낸 박태주 고려대 노동문제연구소 선임연구원, 국가인권위원회 비상임위원을 지낸 김덕현 법무법인 진성 변호사를 각각 추천했다. 재계 관계자는 “삼성이 비(非)노동조합 경영 관행을 폐기하는 등 변화를 선언한 상황에서 노동·인권 전문가의 시각도 반영해 경영 활동을 하겠다는 취지로 보인다”고 분석했다. 또 금융(삼성증권·삼성카드), 정보기술(삼성SDS) 등 업종에 따라 전문성이 요구되는 계열사는 각각 학계 출신의 전문가를 사외이사로 영입했다. 삼성이 남성, 법조인, 관료 출신 등 기업들의 기존 사외이사 영입 공식을 깨고 이사회 다양성 확보에 나서는 것은 계열사별 독립·투명 경영 체계를 안착시키기 위해서다. 새로운 시각을 가진 사외이사가 이사회에 참여하면서 회사 경영진에 대한 건전한 견제와 감시가 이뤄질 것으로 기대하는 것이다. 삼성전자가 지난달 21일 이사회 의장직에 사상 처음으로 사외이사인 박재완 전 기획재정부 장관을 선임한 것이 대표적인 사례다. 안동현 서울대 경제학부 교수는 “기업이 이사회 다양성 확보를 통해 사회적 신뢰도를 높이는 것은 세계적인 추세”라며 “국내에서도 삼성이 앞장선 만큼 뒤따르는 곳이 많아질 것”이라고 말했다.지민구 기자 warum@donga.com ⓒ 동아일보 & donga.com, 무단 전재 및 재배포 금지",/news/news_read.nhn?article_id=0003272790&office_id=020&mode=search&query=삼성바이오로직스&page=2
"삼성전자 0.55%, SK하이닉스 1.59%코스닥도 상승 출발","[서울경제] 코스피가 2일 나흘 만에 상승으로 출발했다. 이날 오전 9시 3분 코스피는 전 거래일 보다 8.14포인트(0.41%) 상승한 1,995.15를 기록했다. 코스피는 10.02포인트(0.50%) 오른 1,997.03으로 장을 시작했다. 유가증권시장에서 기관이 373억원 규모를 순매수했고 개인도 316억원 규모를 사들였다. 반면 외국인은 692억원 규모를 순매도했다. 시가총액 상위 종목 중에서는 삼성전자 0.55%, SK하이닉스 1.59%, 삼성전자우 1.43%, 삼성바이오로직스 0.76%, NAVER 0.57%, LG화학 1.09% 등이 상승을 기록 중이다.
같은 시각 코스닥 지수도 7.27포인트(1.19%) 상승한 618.00을 가리켰다. 코스닥도 7.15포인트(1.17%) 오른 617.88로 장을 시작했고 강세를 이어가는 중이다. 코스닥 시장에서는 외국인이 90억원 규모를 사들였고 기관이 28억원 규모를 순매수했다. 반면 개인은 116억원 규모를 순매도했다.시총 상위 종목 가운데 셀트리온헬스케어 1.39%, 에이치엘비 1.14%, CJ ENM 1.75%, 펄어비스 0.68%, 스튜디오드래곤 0.81% 등의 오름폭을 기록 중이다.한편 이날 서울 외환시장에서 원달러 환율은 전 거래일보다 8.7원 내린 1,205.0원으로 장을 시작했다. /이완기기자 kingear@sedaily.com저작권자 ⓒ 서울경제, 무단 전재 및 재배포 금지",/news/news_read.nhn?article_id=0003702915&office_id=011&mode=search&query=삼성바이오로직스&page=2
,"신종 코로나바이러스 감염증(코로나19) 공포에 지난 주 8.1% 폭락한 코스피지수가 상승 출발했다. 지난 달 25일 이후 4거래일만이다. 저가매수세가 유입되고 있는 것으로 풀이된다.2일 오전 9시5분 현재 코스피지수는 전거래일보다 11.15포인트(0.56%) 오른 1998.16에 거래되고 있다. 이날 1997.03에 상승 출발한 지수는 개장 이후 등락을 거듭하고 있다. 외국인은 900억원의 순매도고, 개인과 기관은 각각 564억원과 323억원의 매수 우위다.시가총액 상위권 종목들 모두 상승세다. 삼성전자 SK하이닉스 삼성바이오로직스 네이버 LG화학 셀트리온 LG생활건강 등이 오르고 있다. SK하이닉스의 경우 2%대 상승세를 기록 중이다. 현대모비스 SK텔레콤의 전거래일 보다 각각 4.76%, 0.24% 내려 거래되고 있다.코스닥지수 역시 오르고 있다. 같은 시간 코스닥지수는 전날보다 8.91포인트(1.46%) 상승한 619.64에 거래되고 있다. 외국인과 기관이 각각 164억원, 402억원 사들이고 있다. 개인은 217억원 팔고 있다.원·달러 환율은 하락 중이다. 서울외환시장에서 원·달러 환율은 전날보다 9.5원 내린 1204.2원에 거래되고 있다.윤진우 한경닷컴 기자 jiinwoo@hankyung.com▶ ▶
 ▶
ⓒ 한국경제 & , 무단전재 및 재배포 금지",/news/news_read.nhn?article_id=0004299224&office_id=015&mode=search&query=삼성바이오로직스&page=2
,"코스피가 외국인 매도에 밀려 약세다.2일 오전 9시 10분 현재 코스피는 전거래일보다 8.94포인트(0.45%) 오른 1995.95에 거래 중이다.이날 10.02포인트 오른 1997.03에 출발한 지수는 장 초반 1990선을 오가며 혼조세를 보이고 있다. 4거래 일만에 상승 출발했으나 외국인이 초반 물량을 쏟아내면서 지수 약세가 이어지는 상황이다. 지난주 증시는 2000선이 붕괴되면 1980선까지 밀렸다. 지수가 장중 2000선 밑으로 떨어진 것은 작년 9월 5일 이후 약 반년만이다. 코로나19의 국내 확진자가 2000명을 돌파하는 등 악화일로로 치닫자 투자심리가 크게 위축된 모습이다. 지난 주말 뉴욕증시에서 주요 지수는 신종 코로나바이러스 감염증(코로나19) 공포가 지속했지만, 제롬 파월 연방준비제도(Fed·연준) 의장이 전격적으로 시장 개입성 발언을 내놓으면서 혼조세로 마감했다.지난 한 주 다우지수는 12.36% 폭락했고 S&P 500 지수는 11.49%, 나스닥은 10.54% 추락했다. 주요 지수는 금융위기 당시인 2008년 이후 가장 심각한 수준의 주간 하락률을 보였다.시장은 코로나19 확산 상황과 주요 경제 지표, 연방준비제도(Fed·연준)의 금리 인하 가능성 등을 주시했다.코로나19의 팬데믹(세계적 대유행) 공포 가시지 않고 있다. 뉴질랜드와 나이지리아, 멕시코 등에서 코로나19 첫 감염 사례가 보고되는 등 확진자 발생 지역이 갈수록 넓어지고 있다. 이탈리아와 이란, 한국 등의 다수 감염 국가의 확진자도 지속해서 증가 추세다.이에 따라 세계보건기구(WHO)는 이날 코로나19의 세계적 위험도를 '매우 높음'으로 올렸다. 이전까지는 중국의 경우 '매우 높음'이라고 봤지만, 전 세계적으로는 '높음'으로 평가했었다.미국 내 지역사회 전파 가능성이 제기된 점도 투자자들의 공포를 자극하는 요인이다.파월 연준 의장은 지난달 29일 예정에 없던 긴급 성명을 내고 ""경제를 지지하기 위해 적절하게 행동할 것""이라고 말했다. 연준이 3월 연방공개시장위원회(FOMC)에서 당장 금리를 내리는 등 대응에 나설 것이란 기대감이 커진 상황이다.노동길 NH투자증권 연구원은 ""유의미한 지수 반등을 위해서는 연준의 입장과 국내 코로나19 확진자 수의 고점 통과의 조짐이 보여야 한다""면서도 ""현재는 매도에 따른 실익이 크지 않은 구간으로 코스피 주가순자산비율(PBR) 기준 저평가 영역은 2000포인트 이하 구간으로 매도보다는 점진적 매수 전략이 유효하다""고 조언했다.이날 유가증권시장에서는 업종별 희비가 교차한다. 통신업, 건설업, 종이·목재, 화학, 철강·금속 등이 하락하는 반면 의료정밀, 은행, 보험, 금융 등은 오르고 있다.매매주체별로 외국인과 개인이 각각 103억원, 161억원 순매도하고 있고 기관은 269억원 순매수 중이다. 프로그램 매매는 456억원 매수 우위다.시가총액 상위 종목들은 줄줄이 약세다. SK하이닉스를 제외한 삼성전자, 삼성바이오로직스, LG화학, 셀트리온, LG생활건강 등이 하락세다.이날 유가증권시장에서는 379개 종목이 오르고 있고 407개 종목이 내리고 있다.코스닥은 전일대비 9.48포인트(1.55%) 오른 620.21을 기록 중이다.[디지털뉴스국 김규리 기자] [ⓒ 매일경제 & mk.co.kr, 무단전재 및 재배포 금지]",/news/news_read.nhn?article_id=0004527828&office_id=009&mode=search&query=삼성바이오로직스&page=2
,"외국인 순매도 지속…개인·기관 순매수(서울=연합뉴스) 김아람 기자 = 2일 코스피가 상승 출발한 후 약세로 전환해 장중 1,970선까지 내려갔다.

이날 오전 9시 28분 현재 전 거래일보다 8.06포인트(0.41%) 내린 1,978.95를 가리켰다.

지수는 전장보다 10.02포인트(0.50%) 오른 1,997.03으로 출발한 후 약세로 전환해 우하향 곡선을 그리고 있다.

장중 기준으로 작년 9월 4일(장중 저가 1,962.08) 이후 6개월 만에 가장 낮은 수준까지 하락했다.

유가증권시장에서는 개인과 기관이 각각 858억원, 598억원어치를 순매수했다. 외국인은 1천500억원을 순매도했다.

지난 28일(현지시간) 뉴욕 증시에서는 다우존스30 산업평균지수(-1.39%)와 스탠더드앤드푸어스(S&P)500 지수(-0.82%)는 내리고 나스닥 지수(0.01%)는 소폭 오르는 혼조세를 보였다.

신종 코로나바이러스 감염증(코로나19) 공포가 이어지는 가운데 제롬 파월 연방준비제도 의장은 전격적으로 시장 개입성 발언을 내놓았다. 그는 긴급 성명을 내 코로나19 리스크를 언급하며 경제를 뒷받침하기 위해 적절하게 행동하겠다고 밝혔다.

서상영 키움증권 연구원은 ""파월 의장 발언에 따른 연준의 금리 인하 기대 등에 힘입어 지수가 상승 출발했다""며 ""다만 시간 외 미국 주가지수 선물이 1∼1.5% 정도 하락해 상승 폭이 제한됐다""고 설명했다.

시가총액 상위 종목 가운데는 삼성전자(-0.18%), 삼성바이오로직스(-0.22%), LG화학(-0.54%), 셀트리온(-0.29%), 현대모비스(-0.71%) 등이 내렸다.

SK하이닉스(1.59%), 현대차(0.43%), 삼성SDI(0.17%), 삼성물산(0.47%) 등은 올랐다. 네이버는 보합세다.

업종별로는 의료정밀(0.79%), 은행(0.72%), 전기·전자(0.30%), 금융(0.15%) 등이 강세를 보이고 통신(-1.03%), 철강·금속(-0.65%), 전기가스(-0.59%), 운수창고(-0.59%) 등은 약세다.

같은 시각 코스닥지수는 1.03포인트(0.17%) 오른 611.76을 나타냈다.

지수는 7.15포인트(1.17%) 오른 617.88로 개장해 상승세를 지속하고 있다.

 코스닥시장에서는 외국인과 기관이 각각 124억원, 76억원을 순매수했다. 개인은 186억원을 순매도했다.

시총 상위주 중에는 에이치엘비(0.10%), CJ ENM(0.40%), 펄어비스(1.24%), 스튜디오드래곤(0.54%), 메디톡스(2.18%), 에코프로비엠(2.21%), 휴젤(2.40%), SK머티리얼즈(0.88%) 등이 올랐다.

셀트리온헬스케어(-0.15%), 케이엠더블유(-0.82%) 등은 내렸다.

rice@yna.co.kr",/news/news_read.nhn?article_id=0011440115&office_id=001&mode=search&query=삼성바이오로직스&page=2
,"[아시아경제 금보령 기자] 2일 코스피가 1990선으로 상승개장했으나 힘을 받지 못하면서 1970선까지 떨어졌다.이날 오전 9시30분 기준 코스피는 전장보다 11.85포인트(0.60%) 내린 1975.16을 기록했다.코스피는 전거래일보다 10.02포인트(0.50%) 상승한 1997.03으로 장을 연 뒤 상승세를 유지하는 듯 보였으나 장중 1970선까지 주저앉았다.유가증권시장에서는 개인과 기관이 각각 1184억원, 496억원을 순매수했고, 외국인이 1746억원을 순매도했다.업종별로는 종이·목재(0.76%), 화학(0.28%), 음식료품(0.33%) 등이 하락했고, 섬유·의복(0.12%), 의료정밀(0.73%) 등이 상승했다.시가총액 10위 기업 중 SK하이닉스(1.25%)만 오름세였다. 삼성전자(0.92%), 삼성바이오로직스(0.54%), NAVER(0.57%), LG화학(0.82%) 등은 내림세였다.같은 시각 코스닥은 전거래일 대비 2.20포인트(0.36%) 하락한 608.53이었다.코스닥은 전장 대비 7.15포인트(1.17%) 오른 617.88로 개장한 뒤 점차 힘이 빠졌다.코스닥시장에서는 개인과 기관이 각각 11억원, 71억원을 순매수했고, 외국인이 66억원을 순매도했다.업종을 나눠서 봤을 때 인터넷(1.56%), 반도체(1.14%), 섬유의류(1.48%) 등은 올랐고, 금속(0.32%), 오락문화(0.28%) 등은 내렸다.코스닥시장에서는 시가총액 상위 종목 가운데 셀트리온헬스케어(1.08%), 케이엠더블유(1.23%) 등이 하락했다. 반면 펄어비스(0.73%), 메디톡스(2.21%), 휴젤(3.17%) 등은 상승했다.금보령 기자 gold@asiae.co.kr <ⓒ경제를 보는 눈, 세계를 보는 창 아시아경제 무단전재 배포금지>",/news/news_read.nhn?article_id=0004634391&office_id=277&mode=search&query=삼성바이오로직스&page=2
"▶ 헉! 소리나는 스!토리 뉴스 [헉스]▶ 클릭해, 뉴스 들어간다 [뉴스쿨]","[파이낸셜뉴스] 코스피가 외국인의 매도세에 1970선까지 후퇴했다.
 2일 오전 9시 34분 현재 코스피는 전일대비 12.55포인트(0.63%) 하락한 1974.48을 기록하고 있다. 지수는 전장보다 10.02포인트(0.50%) 오른 1997.03으로 출발했으나 외국인의 매도세가 확대되며 하락 반전해 낙폭을 키우고 있다.
 이 시각 현재 외국인은 코스피시장에서 1692억원을 순매도 하고 있다. 개인과 기관은 각각 1048억원, 577억원을 순매수 하고 있다.
 업종별로는 의료정밀을 제외한 전 업종이 하락하고 있다. 시가총액 상위종목은 SK하이닉스(1.59%)를 제외한 전 종목이 내리고 있다. 삼성전자, 삼성바이오로직스, 네이버, LG화학, 현대차, 셀트리온, 삼성SDI 등 대부분 종목이 1%대 안팎 하락하고 있다.
 같은 시각 코스닥지수는 전일대비 0.14포인트(0.02%) 하락한 610.59를 기록하고 있다. 코스닥시장에서 개인은 208억원을 순매도 하는 반면 외국인과 기관은 각각 165억원, 61억원을 순매수 하고 있다.
 한편, 이날 서울 외환시장에서 원·달러 환율은 전장대비 8.7원 내린 1205.0원으로 출발했다.



 ※ 저작권자 ⓒ 파이낸셜뉴스. 무단 전재-재배포 금지",/news/news_read.nhn?article_id=0004381726&office_id=014&mode=search&query=삼성바이오로직스&page=2
,"지난 주 8.1% 폭락한 코스피지수가 나흘만에 상승 출발했지만 10여분 만에 하락세로 돌아섰다. 기관과 개인의 저가매수세도 외국인의 'sell korea'를 꺾지 못했다. 외국인의 순매도는 6거래일째 이어지고 있다. 2일 오전 9시36분 현재 코스피지수는 전거래일보다 14.81포인트(0.75%) 내린 1972.20에 거래되고 있다. 이날 1997.03에 상승 출발한 지수는 개장 13분 만에 하락 전환했다. 노동길 NH투자증권 연구원은 ""미국 중앙은행(Fed)의 시장 개입 가능성이 나오면서 기관과 개인의 매수세에 상승 출발했지만 외국인 매도 규모가 커지면서 하락 전환했다""고 말했다.외국인이 1829억원의 순매도고, 개인과 기관은 각각 1178억원과 581억원의 매수 우위다.상승 출발했던 시가총액 상위권 종목들 대부분이 하락세다. 2%대 상승세를 보이는 SK하이닉스를 제외한 삼성전자 SK하이닉스 삼성바이오로직스 네이버 LG화학 셀트리온 LG생활건강 등이 내리고 있다.코스닥지수 역시 하락세다. 같은 시간 코스닥지수는 전날보다 0.78포인트(0.13%) 내린 609.95에 거래되고 있다. 외국인과 기관이 각각 161억원, 62억원 사들이고 개인은 203억원 팔고 있다.원·달러 환율은 하락 중이다. 서울외환시장에서 원·달러 환율은 전날보다 8.7원 내린 1205.1원에 거래되고 있다.윤진우 한경닷컴 기자 jiinwoo@hankyung.com▶ ▶
 ▶
ⓒ 한국경제 & , 무단전재 및 재배포 금지",/news/news_read.nhn?article_id=0004299256&office_id=015&mode=search&query=삼성바이오로직스&page=2
외국인 2000억 원 가까이 순매도증시 장초반 상승했다가 하락반전,"코스피 지수가 2일 상승세로 장을 시작했지만 다시 하락세로 전환했다. 외국인이 6거래일 연속 '팔자'세를 보이면서 코스피 지수는 하락세를 보이고 있다.2일 오전 9시 48분 현재 코스피 지수는 전장대비 12.40포인트(0.62%) 하락한 1974.25를 기록중이다. 외국인이 홀로 1926억원을 순매도한 가운데 개인과 기관이 각각 1096억원, 783억원을 동반 순매수했다. 프로그램 매매는 918억원의 매도우위를 보였다.이날 시가총액 상위 종목들도 장 초반 상승세로 전환했다가 하락 반전했다. 삼성전자가 0.74% 빠진 5만3800원을 기록중이고 삼성바이오로직스(-0.86%), 네이버(-0.29%), LG화학(-1.22%), 현대차(-0.87%), 삼성SDI(-0.51%), 삼성물산(-0.47%) 대부분 약세로 전환했다. 이 가운데 SK하이닉스는 1.82% 상승세다.코스닥 지수는 상승폭을 확대하고 있다.코스닥 지수는 전장대비 1.73포인트(0.28%) 오른 612.46을 기록하고 있다. 코스닥시장에서 개인이 홀로 268억원을 순매도한 가운데 외국인과 기관은 각각 226억원, 57억원을 동반 순매수했다.지난 주말 뉴욕증시에서 주요 지수는 제롬 파월 연방준비제도(Fed·연준) 의장이 전격적으로 시장 개입성 발언을 내놓으면서 혼조세로 마감했다.김훈길 하나금융투자 연구원은 ""글로벌 증시는 코로나19 공포감 완화를 위해 파월 연준 의장 긴급성명을 발표하면서 연준의 유동성 공급 기대감이 증시에 반영됐다""며 ""코로나19와 미국대선, 완화적 통화정책 등 금 가격에 긍정적인 환경이 조성된 것으로 보인다""고 진단했다.데일리안 이미경 기자 (esit917@dailian.co.kr)ⓒ (주)데일리안 - 무단전재, 변형, 무단배포 금지",/news/news_read.nhn?article_id=0002386084&office_id=119&mode=search&query=삼성바이오로직스&page=2
개인·기관 동반 매수에 보합권 등락 후 1990선 회복시가총액 상위 종목들 대부분 오름세로 전환,"[이데일리 권효중 기자] 2일 상승 출발한 코스피 지수가 보합권에서 등락을 반복하다 1990선 위로 올라왔다. 개인과 기관이 동반 매수에 나섰지만 외국인이 6거개일째 매도를 이어가고 있다.2일 마켓포인트에 따르면 코스피 지수는 오전 10시 25분 현재 전 거래일보다 0.30%(5.99포인트) 오른 1993.00을 기록 중이다. 이날 코스피 지수는 전 거래일보다 0.6%가량 오르며 상승 출발했으나 이내 하락으로 전환해 한때 1970선 밑으로 내려가기도 했다. 이후 보합권에서 등락을 반복하며 1990선 위로 올라온 상태다. 수급별로는 외국인이 2935억원을 팔고 있으며 6거래일 연속 매도세를 유지 중이다. 동반 매수에 나선 개인과 기관은 각각 1727억원, 1157억원어치를 사들이고 있다. 업종별로는 내리는 업종과 오르는 업종이 거의 반반이다. 전기전자, 비금속광물, 의료정밀, 의약품, 화학 등이 오르고 있으며, 보험과 통신업, 운수창고, 증권 등은 1%대 내림세를 보이고 있다. 시가총액 상위 종목들은 대부분 오르고 있다. 현대차(005380)가 0.43% 내리고, 현대모비스(012330)가 2.62% 내리는 것을 제외하면 대부분이 오르고 있다. SK하이닉스(000660)가 2% 이상 올라 가장 크게 오르고 있으며, 삼성전자(005930), 삼성전자우(005935), 삼성바이오로직스(207940), NAVER(035420) 등도 1% 미만에서 오르고 있다.권효중 (khjing@edaily.co.kr) | ＜ⓒ종합 경제정보 미디어 이데일리 - 무단전재 & 재배포 금지＞",/news/news_read.nhn?article_id=0004587562&office_id=018&mode=search&query=삼성바이오로직스&page=2
,"[헤럴드경제=김현경 기자] 코로나바이러스감염증-19(코로나19) 공포 가운데 연일 약세장을 연출하고 있는 코스피가 2일 장중 1970선 밑으로 무너졌다 반등을 시도하고 있다.원/달러 환율과 채권 금리가 동반 하락 중인 가운데 일본 증시도 전거래일보다 더 떨어졌다.이날 오전 10시 10분 현재 코스피지수는 전거래일보다 4.91포인트(0.25%) 오른 1991.92를 가리키고 있다. 지수는 전장보다 10.02포인트(0.50%) 상승한 1997.03으로 출발했으나 약세로 돌아서 오전 9시 41분 1969.34까지 하락했다 다시 오르고 있다.유가증권시장에서 개인과 기관이 각각 1417억원, 1049억원을 순매수했지만 외국인이 2553억원을 팔아치우면서 지수 하락을 이끌었다.업종별로는 보험(-1.76%), 통신업(-1.44%), 운수창고(-1.37%), 운수장비(-1.08%) 등이 내림세를, 전기전자(0.85%), 비금속광물(0.82%), 의약품(0.78%) 등이 오름세를 나타내고 있다.삼성전자(0.37%), SK하이닉스(2.28%), 삼성바이오로직스(0.54%), 네이버(-0.57%), LG화학(0.68%) 등 시가총액 상위 종목들은 소폭 상승하고 있다.같은 시각 코스닥지수는 전장보다 8.59포인트(1.41%) 오른 619.32를 나타냈다. 지수 역시 7.15포인트(1.17%) 오른 617.88로 개장해 소폭 오르고 있다.코스닥시장에서는 개인이 438억원어치를 순매도하고 외국인은 392억원, 기관은 79억원을 각각 순매수했다.3년 만기 국고채 금리는 전장 대비 0.09bp(1bp=0.01%포인트) 내린 1.10%를 가리키고 있다.원/달러 환율은 전장보다 8.10원 내린 1205.60원을 나타냈다.한편 일본 닛케이 225 지수는 전장보다 234.24(1.11%) 떨어진 20908.72를 기록 중이다.pink@heraldcorp.com
- Copyrights ⓒ 헤럴드경제 & heraldbiz.com, 무단 전재 및 재배포 금지 -",/news/news_read.nhn?article_id=0001642625&office_id=016&mode=search&query=삼성바이오로직스&page=1
"코스피 2,002.43 기록삼성전자 1.66%, SK하이닉스 3.19%","[서울경제] 코스피가 2일 장 중 2,000선을 회복했다.
이날 오전 10시 36분 코스피는 15.42포인트(0.78%) 상승한 2,002.43을 가리켰다. 코스피는 10.02포인트(0.50%) 오른 1,997.03으로 장을 시작했다. 이후 상승과 하락을 오가며 혼조세를 보이다 2,000선을 다시 넘어섰다.유가증권시장에서 개인이 1,786억원 규모를 순매수했고 기관도 1,534억원 규모를 순매수했다. 반면 외국인은 3,418억원 규모를 순매도했다. 시가총액 상위 종목 중에서는 삼성전자 1.66%, SK하이닉스 3.19%, 삼성전자우 1.98%, 삼성바이오로직스 1.62% 등의 상승폭을 기록 중이다.
같은 시각 코스닥 지수도 12.23포인트(2.00%) 상승한 622.96을 가리켰다. 코스닥도 7.15포인트(1.17%) 오른 617.88로 장을 시작했고 혼조세를 보이다 강세를 보이고 있다. /이완기기자 kingear@sedaily.com저작권자 ⓒ 서울경제, 무단 전재 및 재배포 금지",/news/news_read.nhn?article_id=0003702987&office_id=011&mode=search&query=삼성바이오로직스&page=1
,"[아시아경제 금보령 기자] 2일 코스피가 1960선까지 내려앉았다 2000선을 회복했다.이날 오전 10시33분 기준 코스피는 전장보다 15.19포인트(0.76%) 오른 2002.20이었다.코스피는 전거래일보다 10.02포인트(0.50%) 상승한 1997.03으로 장을 연 뒤 9시41분 1969.34로 1960선까지 내려갔지만 10시20분부터 상승반전했다.유가증권시장에서는 개인과 기관이 각각 1808억원, 1575억원을 순매수했다. 반면 외국인은 3477억원을 순매도했다.업종별로 나누면 화학(1.12%), 의약품(1.21%), 비금속광물(1.22%) 등이 상승했고, 철강·금속(0.58%), 운송장비(0.54%) 등이 하락했다.시가총액 10위 중에서 현대모비스(2.14%)만 유일하게 내림세였다. 삼성전자(1.66%), SK하이닉스(3.3%), 삼성바이오로직스(1.4%), LG화학(1.77%) 등은 오름세였다.같은 시각 코스닥은 전장보다 11.72포인트(1.92%) 오른 622.45를 기록했다.코스닥은 전장 대비 7.15포인트(1.17%) 오른 617.88로 개장한 뒤 장중 607.32까지 내려갔지만 9시47분쯤부터 강세를 나타내고 있다.코스닥시장에서는 개인이 617억원어치를 순매도했고, 외국인과 기관은 각각 480억원, 174억원을 순매수했다.업종별로는 음식료·담배(1.34%), 종이·목재(2.35%), 통신장비(2.11%) 등이 올랐고, 기타제조(0.63%) 등이 내렸다.코스닥시장에서는 에이치엘비(1.97%), CJ ENM(1.35%), 스튜디오드래곤(2.31%), 케이엠더블유(2.36%), 메디톡스(3.54%), 휴젤(4.77%) 등이 상승했다.금보령 기자 gold@asiae.co.kr <ⓒ경제를 보는 눈, 세계를 보는 창 아시아경제 무단전재 배포금지>",/news/news_read.nhn?article_id=0004634474&office_id=277&mode=search&query=삼성바이오로직스&page=1
"보합권 등락 마치고 상승세 전환… 2000선 회복시총상위株 대부분 오름세, SK하이닉스 3% 이상 강세","[이데일리 권효중 기자] 2일 코스피 지수가 1% 가까이 오르며 2000선을 넘어섰다. 오전 중 지수는 상승 출발했다가 이내 하락 전환, 1970선 밑으로 빠졌다가 다시 보합권에서 등락을 거듭하다 2000선 회복에 성공했다.2일 마켓포인트에 따르면 오전 10시 48분 현재 코스피 지수는 전 거래일 대비 0.79%(15.79포인트) 오른 2002.80을 기록 중이다. 수급별로는 외국인이 3659억원을 팔고 있는 와중 개인이 1978억원, 기관이 1659억원을 각각 사들이고 있다. 업종별로는 오르는 업종과 내리는 업종이 거의 반반이다. 전기전자, 비금속광물, 화학, 의료정밀, 전기가스업이 1% 넘게 오르고 있으며, 서비스업과 음식료품, 기계 등도 1% 미만 소폭 오르고 있다. 보험, 통신업이 1% 넘게 떨어지고 있으며 종이목재, 증권, 섬유의복 등은 1% 미만 낙폭을 보이고 있다. 시가총액 상위 종목들은 현대차(005380)(0.43%)와 현대모비스(012330)(2.14%)를 제외하고 전부 오름세를 보이고 있다. 특히 SK하이닉스(000660)가 3% 이상 오르고 있어 가장 가파르게 오르고 있다. 삼성전자(005930), 삼성전자우(005935), 삼성바이오로직스(207940), LG화학(051910) 등은 1% 넘게 오르고 있으며, NAVER(035420)와 셀트리온(068270), 삼성물산(028260)도 1% 미만에서 오름세다.권효중 (khjing@edaily.co.kr) | ＜ⓒ종합 경제정보 미디어 이데일리 - 무단전재 & 재배포 금지＞",/news/news_read.nhn?article_id=0004587601&office_id=018&mode=search&query=삼성바이오로직스&page=1
,"장중 1970선까지 무너졌던 코스피 지수가 회복 2000선에서 등락세를 보이고 있다.코스피는 2일 오전 11시 10분 현재 전 거래일 대비 11.32포인트(0.56%) 오른 1998.16에 거래 중이다. 개인과 기관은 각각 2416억원, 1675억원을 순매수 중이다. 외국인은 4277억원을 순매수하고 있다.시총 상위종목에서는 현대차를 제외하고는 모두 상승세다. 현대차(-0.87%)만 하락세를 보이고 있을 뿐 삼성전자(0.92%), SK하이닉스(3.65%), 삼성바이오로직스(0.77%), LG화학(1.63%), 삼성SDI(1.36%)가 상승세를 나타냈고 있다. 네이버는 보합세를 보였다.코스닥은 전 거래일 보다 10.59포인트(1.73%) 오른 621.43을 나타내고 있다. 개인은 624억원 순매도 중이고, 외국인과 기관은 각각 362억원, 296억원 순매수 하고 있다.셀트리온헬스케어(-1.08%)와 펄어비스(-0.06%)가 내림세를 보이고 있을 뿐 나머지 코스닥 시가 총액상위종목은 모두 오름세를 나타냈다. 에이치엘비(0.52%), CJ ENM(1.03%), 스튜디오드래곤(1.36%), 케이엠더블유(1.23%), 휴젤(5.60%), 원익IPS(5.14%) 상승세다.송창범 기자
 <저작권자 ⓒ '성공을 꿈꾸는 사람들의 경제 뉴스' 머니S, 무단전재 및 재배포 금지>",/news/news_read.nhn?article_id=0000511918&office_id=417&mode=search&query=삼성바이오로직스&page=1
"삼성전자 1.85%, SK하이닉스 5.46%코스닥 2% 상승세","[서울경제] 코스피가 2일 오후 개인과 기관의 순매수가 이어지면서 상승세를 나타내고 있다. 이날 오후 1시 26분 코스피는 24.53포인트(1.23%) 상승한 2,011.54를 기록했다. 코스피는 10.02포인트(0.50%) 오른 1,997.03으로 장을 시작했다. 이후 다소 혼조세를 보이다 강세를 나타내는 중이다.유가증권시장에서 개인이 3,289억원 규모를 순매수했고 기관도 1,900억원 규모를 사들였다. 반면 외국인은 5,468억원 규모를 순매도했다. 시가총액 상위 종목 대다수가 상승세를 나타내고 있는 가운데 삼성전자 1.85%, SK하이닉스 5.46%, 삼성전자우 1.76%, 삼성바이오로직스 1.29% 등의 오름폭을 나타냈다. 반면 현대차는 -0.87%의 약세를 보였다.
같은 시각 코스닥 지수도 15.66포인트(2.56%) 상승한 626.39를 가리켰다. 코스닥지수도 7.15포인트(1.17%) 오른 617.88로 장을 시작했고 혼조세를 보이다 강세를 기록 중이다. 코스닥 시장에서는 외국인이 726억원 규모를 사들였고 기관도 620억원 규모를 순매수했다. 반면 개인은 1,289억원 규모를 순매도했다. 시총 상위 종목 중에서는 셀트리온헬스케어 0.77%, 에이치엘비 0.62%, CJ ENM 1.43%, 펄어비스 0.17%, 스튜디오드래곤 2.58% 등을 기록했다. /이완기기자 kingear@sedaily.com저작권자 ⓒ 서울경제, 무단 전재 및 재배포 금지",/news/news_read.nhn?article_id=0003703149&office_id=011&mode=search&query=삼성바이오로직스&page=1
,"손희연 기자 son90@mt.co.kr
<저작권자 ⓒ '성공을 꿈꾸는 사람들의 경제 뉴스' 머니S, 무단전재 및 재배포 금지>",/news/news_read.nhn?article_id=0000512015&office_id=417&mode=search&query=삼성바이오로직스&page=1
"삼성전자, 삼성전자우 가장 많이 팔아치워","[서울=뉴시스] 강수윤 기자 = 지난달 신종 코로나바이러스 감염증(코로나 19) 여파로 국내 증시에서 '셀 코리아' 우려가 부각된 가운데 외국인투자자는 LG화학과 카카오 주식은 꾸준히 사들인 것으로 나타났다. 2일 한국거래소에 따르면 지난 달 3일부터 28일까지 한 달 동안 유가증권시장(코스피)에서 외국인은 3조3132억원 어치를 순매도했다. 외국인이 가장 많이 내다판 종목은 반도체 대장주인 삼성전자였다. 외국인은 이 기간 동안 삼성전자 주식 1조4287억원 어치를 팔아치웠다. 이어 삼성전자우(3684억원), SK이노베이션(2393억원), SK하이닉스(2017억원), 한국전력(1574억원), 신한지주(1450억원), 네이버(1412억원), 아모레퍼시픽(1295억원), 호텔신라(1079억원), 삼성SDI(1047억원) 등이 뒤를 이었다. 외국인 투자자가 순매수한 종목 1위는 LG화학(2524억원)인 것으로 나타났다.이어 카카오(1972억원), 삼성전기(1928억원), LG유플러스(1502억원), 엔씨소프트(1053억원), 한진칼(9423억원), 삼성물산(7327억원), 롯데케미칼(5045억원), LG(3936억원), 삼성바이오로직스(3865억원) 등이 외국인 순매수 상위에 올랐다.지난달 28일 기준 코스피에서 외국인의 국내 상장주식 보유액은 520조541억원으로 시가총액의 34.8%에 달했다.노동길 NH투자증권 연구원은 ""외국인 코스피 순매도는 여전히 거세다. 국내와 세계 코로나19 확진자 증가 탓""이라며""국내 주식시장 회복을 위해 필요한 두 가지는 비둘기 연준 스탠스 확인과 국 내 확진자 증가세 고점 통과다. 미 연준의 시장 개입 의지는 긍정적이나 투자자 기대를 충족시켜줄 지 여부는 확인을 필요로 한다""고 말했다. shoon@newsis.com<ⓒ 공감언론 뉴시스통신사. 무단전재-재배포 금지>",/news/news_read.nhn?article_id=0009732701&office_id=003&mode=search&query=삼성바이오로직스&page=1
"삼성전자 1.48%, SK하이닉스 4.78%","[서울경제] 코스피가 2일 개인과 기관의 순매수에 힘입어 4거래일 만에 상승으로 마감했다. 이날 코스피는 전 거래일 대비 15.50포인트(0.78%) 상승한 2,002.51로 마감했다. 코스피는 10.02포인트(0.50%) 오른 1,997.03으로 장을 시작했다. 이후 다소 혼조세를 보이다 장중 2,010선을 넘어서는 모습도 나타났지만 이후 상승폭을 다소 줄이면서 장을 끝냈다.유가증권시장에서 개인이 4,612억원 규모를 순매수했고 기관도 2,703억원 규모를 순매수했다. 반면 외국인은 7,854억원 규모를 순매도했다. 시가총액 상위 종목 대다수가 상승세를 나타낸 가운데 삼성전자 1.48%, SK하이닉스 4.78%, 삼성전자우 0.99%, 삼성바이오로직스 0.76%, NAVER 0.57%, LG화학 2.45% 등의 오름폭을 나타냈다. 반면 현대차는 1.30% 하락했다. 코스닥 지수도 16.93포인트(2.77%) 상승한 627.66으로 마감했다. 코스닥지수도 7.15포인트(1.17%) 오른 617.88로 장을 시작했고 혼조세를 보이다 상승세를 이어갔다. 코스닥 시장에서는 외국인이 1,195억원 규모를 사들였고 기관도 1,099억원 규모를 순매수했다. 반면 개인은 2,223억원 규모를 팔아치웠다.시총 상위 종목 중에서는 셀트리온헬스케어 1.23%, 에이치엘비 0.21%, CJ ENM 0.16%, 스튜디오드래곤 3.26%, 케이엠더블유 1.44% 등이 상승으로 장을 끝냈다.한편 이날 서울 외환시장에서 원달러 환율은 전 거래일보다 20.0원 내린 1,193.7원으로 마감했다. /이완기기자 kingear@sedaily.com저작권자 ⓒ 서울경제, 무단 전재 및 재배포 금지",/news/news_read.nhn?article_id=0003703265&office_id=011&mode=search&query=삼성바이오로직스&page=1
"외국인 6거래일째 매도세에도 개인·기관 동반 매수시총상위株, 반도체 종목 위주 강세로 대부분 오름세","[이데일리 권효중 기자] 2일 코스피 지수가 1% 가까이 상승, 2거래일 만에 2000선을 회복했다. 외국인은 6거래일째 매도세를 이어갔지만 매수에 나선 개인과 기관이 지수를 끌어올렸다. 마켓포인트에 따르면 이날 코스피 지수는 전 거래일 대비 0.78%(15.50포인트) 오른 2002.51에 거래를 마쳤다.(자료=마켓포인트)이날 오전 중 지수는 뚜렷한 방향성 없이 보합권에서 등락을 거듭하다 한때 1970선까지 떨어졌으나 이내 오름세로 전환해 2000선 위에서 거래를 마쳤다. 서상영 키움증권 연구원은 “제롬 파월 미국 연방준비제도 의장에 이어 구로다 하루히코 일본은행(BOJ) 총재도 적극적인 부양 정책을 시사하는 발언을 하자 강세로 전환했다”면서도 “중국 경기 둔화 우려가 높아졌으며 미국 내에서의 코로나19 확진자가 증가하기 시작했다는 점이 상승을 제한했다”고 설명했다.수급별로는 외국인이 7830억원을 팔았다. 이는 6거래일째 매도세를 이어가고 있는 것이다. 반면 개인은 4593억원, 기관은 2721억원을 사들였다. 기관 중에서는 금융투자가 984억원, 투신이 860억원, 보험이 396억원을 각각 매수했다. 업종별로는 오른 업종과 내린 업종이 반반이었다. 전기전자가 2.09% 올라 가장 큰 폭으로 올랐고 의약품, 비금속광물, 제조업, 서비스업이 1% 이상 올랐다. 반면 통신업이 2.04% 내려 가장 큰 폭으로 떨어졌으며 전기가스업, 보험, 운수장비, 철강 및 금속 등도 1% 넘게 내렸다. 시가총액 상위 종목들은 오르는 종목이 더 많았다. 시가총액 상위 10개 종목 중에서는 현대차(005380)(1.30%)만이 떨어졌다. 삼성전자(005930)가 1.48% 올랐으며, SK하이닉스(000660)는 4.78% 올라 시가총액 상위 종목들 중 가장 크게 올랐다. 삼성전자우(005935), 삼성바이오로직스(207940), 삼성물산(028260), NAVER(035420) 등도 1% 미만 올랐다. 개별 종목들 중에서는 코로나19 확산으로 추가 개학 연기 가능성이 거론되자 온라인 교육 관련주인 비상교육(100220)(8.72%), 삼성출판사(068290)(7.98%)등이 강세를 보였다.이날 거래량은 5억1610만5000주, 거래대금은 7조5988억2300만원으로 집계됐다. 상한가 1개 종목을 포함한 568개 종목이 올랐고 하한가는 없이 293개 종목이 하락했다. 45개 종목은 보합권에서 거래를 마쳤다.권효중 (khjing@edaily.co.kr) | ＜ⓒ종합 경제정보 미디어 이데일리 - 무단전재 & 재배포 금지＞",/news/news_read.nhn?article_id=0004588004&office_id=018&mode=search&query=삼성바이오로직스&page=1
외국인은 엿새째 순매도,"코스피지수가 폭락 이후 하루 만에 2000선을 재회복했다. 제롬 파월 미국 중앙은행(Fed) 의장이 기준금리 인하를 시사하는 발언을 내놨기 때문이다. 2일 코스피는 전거래일보다 15.50포인트(0.78%) 오른 2002.51로 거래를 마쳤다. 지난 주 코스피는 신종 코로나바이러스 감염증(코로나19) 팬데믹(세계적 대유행)에 따른 경기침체 우려로 8.1% 폭락해 6개월여 만에 종가 기준으로 2000선을 내줬다. 미국 증시도 급락세를 이어갔다. 지난 주말 파월 Fed 의장은 긴급 성명을 통해 ""Fed는 코로나19로 위축된 경제를 뒷받침하기 위해 우리가 가진 수단을 활용해 적절하게 대응하겠다""고 말했다. 시장은 파월 의장이 금리인하 등 경기부양정책에 대한 신호를 보낸 것으로 해석했다. 미국의 금리인하 기대감에 개인 및 기관의 저가매수세가 겹치며 이날 코스피는 2000선 위로 다시 올라섰다. 개인이 4593억원, 기관이 2720억원을 순매수했다. 외국인은 6거래일 연속 '팔자'로 7829억원의 매도 우위였다. 프로그램 매매는 차익과 비차익이 모두 순매도로 2986억원의 매도 우위를 나타냈다. 전기전자 의약품 비금속광물 등의 업종이 올랐고, 통신 전기가스 보험 등은 하락했다. 시가총액 상위종목들도 희비가 갈렸다. 삼성전자 SK하이닉스 삼성바이오로직스 등이 상승했고, 현대차 현대모비스 LG생활건강 등은 약세였다. 코로나19에 따른 수요 둔화 우려에 급락했던 정보기술(IT)주가 크게 올랐다. LG이노텍 SK하이닉스 삼성전기 등이 3~5% 강세였다. 코스닥지수는 2% 이상 급등했다. 16.93포인트(2.77%) 오른 627.66으로 장을 마감했다. 외국인과 기관이 각각 1201억원과 1103억원을 순매수했다. 개인은 2227억원의 매도 우위였다. 북한이 이날 오후 미상의 발사체 2기를 동해상으로 발사해 방위산업 관련주가 강세였다. 빅텍과 스페코가 각각 5%와 2% 올랐다. 원·달러 환율은 미 금리인하 기대에 크게 하락(원화 강세)했다. 서울외환시장에서 원·달러 환율은 20원 하락한 1193.70원을 기록했다. 한민수 한경닷컴 기자 hms@hankyung.com▶ ▶
 ▶
ⓒ 한국경제 & , 무단전재 및 재배포 금지",/news/news_read.nhn?article_id=0004299655&office_id=015&mode=search&query=삼성바이오로직스&page=1
,"외국인, 7천830억원 순매도…6거래일 연속 '팔자' 행진(서울=연합뉴스) 김아람 기자 = 2일 코스피가 4거래일 만에 상승 마감하며 2,000선을 회복했다.

이날 코스피는 전 거래일보다 15.50포인트(0.78%) 오른 2,002.51로 마감했다.

이로써 코스피는 지난달 28일 5개월여 만에 종가 기준 2,000선이 무너진 이후 1거래일 만에 다시 2,000대로 올라섰다.

지수는 전장보다 10.02포인트(0.50%) 오른 1,997.03으로 출발한 후 하락세로 돌아서서 장중 한때 1,969.34까지 떨어졌다가 다시 상승세로 전환했다.

신종 코로나바이러스 감염증(코로나19) 사태로 불거진 세계 경제 둔화 우려에 대응하고자 주요국이 펼칠 부양책에 대해 시장의 기대가 커지고 있다.

앞서 제롬 파월 미국 연방준비제도 의장이 경제를 뒷받침하기 위해 적절하게 행동하겠다고 밝힌 데 이어, 이날 구로다 하루히코(黑田東彦) 일본은행 총재도 금융시장 안정 확보에 노력하겠다고 말했다.

서상영 키움증권 연구원은 ""파월 의장에 이어 구로다 총재가 적극적인 부양정책을 시사하는 발언을 하자 지수가 강세로 전환했다""며 ""중국 증시가 적극적인 부양정책 기대에 3% 가까이 강세를 보인 점도 긍정적인 요인""이라고 설명했다.

유가증권시장에서는 개인과 기관이 각각 4천616억원, 2천698억원어치를 순매수하며 지수 상승을 이끌었다. 외국인은 7천830억원을 순매도하며 6거래일 연속 '팔자' 행진을 이어갔다.

시가총액 상위주 가운데는 삼성전자(1.48%), SK하이닉스(4.78%), 삼성바이오로직스(0.76%), 네이버(0.57%), LG화학(2.45%), 셀트리온(2.94%), 삼성SDI(3.22%), 삼성물산(0.95%) 등이 올랐다.

현대차(-1.30%), 현대모비스(-1.43%) 등은 내렸다.

업종별로는 전기·전자(2.09%), 의약품(1.98%), 비금속광물(1.38%), 제조(1.27%) 등이 강세를 보였고 통신(-2.04%), 전기가스(-1.72%), 보험(-1.68%), 운송장비(-1.42%) 등은 약세였다.

주가가 오른 종목은 569개, 내린 종목은 293개였다. 45개 종목은 보합 마감했다.

프로그램 매매는 차익 거래와 비차익 거래 모두 매도 우위로 전체적으로는 2천986억원의 순매도로 집계됐다.

유가증권시장의 거래량은 4억9천860만주, 거래대금은 7조5천640억원이었다.

코스닥지수는 전 거래일보다 16.93포인트(2.77%) 오른 627.66으로 종료했다.

지수는 7.15포인트(1.17%) 오른 617.88로 개장해 대체로 강세 흐름을 지속했다.

코스닥시장에서는 외국인과 기관이 각각 1천201억원, 1천98억원을 순매수했다. 개인은 2천222억원을 순매도했다.

시총 상위주 중에는 셀트리온헬스케어(1.23%), 에이치엘비(0.21%), CJ ENM(0.16%), 스튜디오드래곤(3.26%), 케이엠더블유(1.44%), 에코프로비엠(4.31%), 휴젤(7.17%), 원익IPS(7.70%), 솔브레인(6.94%) 등이 올랐다.

시총 10위 안에서는 펄어비스(-0.06%)만 내렸다.

코스닥시장의 거래량은 11억3천748만주, 거래대금은 6조208억원 수준이었다.

서울 외환시장에서 원/달러 환율은 전 거래일보다 달러당 20.0원이나 급락한 1,193.7원에 마감했다.

rice@yna.co.kr",/news/news_read.nhn?article_id=0011442092&office_id=001&mode=search&query=삼성바이오로직스&page=1
,"손희연 기자 son90@mt.co.kr
<저작권자 ⓒ '성공을 꿈꾸는 사람들의 경제 뉴스' 머니S, 무단전재 및 재배포 금지>",/news/news_read.nhn?article_id=0000512093&office_id=417&mode=search&query=삼성바이오로직스&page=1
코스피 강보합세…15.50포인트 오른 2002.51 마감,"[더팩트ㅣ박경현 기자] 국내 증시가 일제히 회복세를 타고 있다.2일 코스피지수는 장 초반 혼조세를 겪다 전 거래일 대비 15.50포인트(+0.78%) 상승한 2002.51에 거래를 마쳤다.이날 개인과 기관이 각각 4593억 원, 2721억 원을 사들이고 외국인이 홀로 7854억 원을 팔아치웠다.시가총액 상위 10개 종목은 대부분 상승했다.삼성전자(+1.48%), SK하이닉스(+4.78%), 삼성전자우(+0.99%), 삼성바이오로직스(+0.76%), 네이버(+0.57%), LG화학(+2.45%), 셀트리온(+2.94%), 삼성SDI(+3.22%), 삼성물산(+0.95%)이 오른 가운데 현대차(-1.30%)만 내렸다.이날 업종별 시세는 고루 오름세를 나타냈다. 창업투자, 교육서비스, 문구류, 컴퓨터와 주변기기, 전자장비와 기기, 디스플레이장비 및 부품이 4~7%가량 오른 가운데 생명보험, 가구, 자동차, 무선통신서비스, 가스유틸리티 등은 2~3%가량 하락했다.코스닥 시장은 장 후반으로 갈수록 상승세를 견조하게 유지했다. 2일 코스닥지수는 전 거래일 대비 16.93포인트(+2.77%) 오른 627.66에 거래를 마감했다.코스닥 시장에서는 개인 홀로 2223억 원을 팔아치운 반면, 외국인과 기관이 각각 1195억 원, 1099억 원을 사들여 상승세를 끌어올렸다.이날 코스닥시장 시가총액 상위 10개 종목도 대부분 상승세였다.셀트리온헬스케어(+1.23%)와 에이치엘비(+0.21%), CJ ENM(+0.16%), 스튜디오드래곤(+3.26%), 케이엠더블유(+1.44%), 에코프로비엠(+4.31%), 휴젤(+7.18%), 원익IPS(+7.70%), 솔브레인(+6.94%)이 오른 가운데 펄어비스(-0.06%)만이 하락했다.pkh@tf.co.kr저작권자 ⓒ 특종에 강한 더팩트 & tf.co.kr 무단 전재 및 재배포 금지",/news/news_read.nhn?article_id=0000017489&office_id=629&mode=search&query=삼성바이오로직스&page=1
,"[아시아경제 금보령 기자] 2일 코스피가 2000선을 회복한 채 마감했다.이날 코스피는 전장 대비 15.50포인트(0.78%) 상승한 2002.51로 장을 마쳤다.코스피는 전거래일보다 10.02포인트(0.50%) 오른 1997.03으로 개장한 뒤 상승세를 이어가는 것처럼 보였으나 장중 1969.34까지 내려앉으며 1970선이 깨지기도 했다. 다만 오전 10시20분 이후 강세를 지속했다.유가증권시장에서는 개인과 기관이 각각 4617억원, 2697억원을 순매수했다. 반면 외국인은 7830억원을 순매도했다.업종별로 봤을 때 화학(0.96%), 의약품(1.98%), 비금속광물(1.38%), 전기·전자(2.09%) 등은 상승했고, 섬유·의복(0.58%), 철강·금속(1.22%), 운송장비(1.42%) 등은 하락했다.시가총액 10위 기업 가운데 삼성전자(1.48%), SK하이닉스(4.78%), 삼성바이오로직스(0.76%), NAVER(0.57%), LG화학(2.45%) 등이 올랐고, 현대차(1.3%), 현대모비스(1.43%) 등이 내렸다.이날 코스닥은 2.7%가 넘는 상승세를 보였다. 코스닥은 전거래일 대비 16.93포인트(2.77%) 오른 627.66으로 마감했다.코스닥은 전장보다 7.15포인트(1.17%) 상승한 617.88로 장을 열었다 잠시 등하락을 반복하는 듯 보였으나 오전 9시46분 이후 상승세를 이어갔다.코스닥시장에서는 개인이 2222억원어치를 순매도했다. 외국인과 기관은 각각 1201억원, 1098억원을 순매수했다.업종을 나눴을 때 반도체(4.74%), 섬유·의류(3.48%), 종이·목재(3.2%), 화학(2.87%) 등이 올랐다.시총 상위 10개 기업 중에서는 펄어비스(0.06%)가 유일하게 하락세였다. 셀트리온헬스케어(1.23%), 에이치엘비(0.21%), 케이엠더블유(1.44%), 에코프로비엠(4.31%), 휴젤(7.18%) 등은 상승세였다.금보령 기자 gold@asiae.co.kr <ⓒ경제를 보는 눈, 세계를 보는 창 아시아경제 무단전재 배포금지>",/news/news_read.nhn?article_id=0004634881&office_id=277&mode=search&query=삼성바이오로직스&page=1
,"코스피가 4거래일 만에 상승 마감하며 2000선을 회복했다.2일 코스피는 전 거래일보다 15.50포인트(0.78%) 오른 2002.51로 마감했다.이날 10.02포인트 오른 1997.03에 출발한 지수는 장 초반 1990선을 오가며 혼조세를 보이다 외국인이 초반 물량을 쏟아내면서 약세장이 펼쳐졌다. 장중 한때 1969.34 떨어졌으나 이내 강보합권으로 전환돼 2000선을 회복했다.지난주 국내 신종 코로나바이러스 감염증(코로나19) 확산으로 증시는 2000선이 붕괴되면 1980선까지 주저 앉았다. 지수가 장중 2000선 밑으로 떨어진 것은 작년 9월 5일 이후 약 반년만이다. 코로나19의 국내 확진자가 2000명을 돌파하는 등 악화일로로 치닫자 투자심리가 크게 위축된 상황이다. 특히 외국인은 한주간 3조원 넘게 물량을 쏟아내며 지수 하락을 부추겼다.노동길 NH투자증권 연구원은 ""유의미한 지수 반등을 위해서는 연준의 입장과 국내 코로나19 확진자 수의 고점 통과의 조짐이 보여야 한다""면서도 ""현재는 매도에 따른 실익이 크지 않은 구간으로 코스피 주가순자산비율(PBR) 기준 저평가 영역은 2000포인트 이하 구간으로 매도보다는 점진적 매수 전략이 유효하다""고 조언했다.이날 유가증권시장에서는 업종별 희비가 엇갈렸다. 전기·전자, 의약품, 비금속광물, 제조업, 서비스업, 화학 등은 오르고 통신업, 전기가스업, 보험, 운송·장비 등은 하락했다.매매주체별로 개인과 기관은 4616억원, 2698억원 순매수 했고, 외국인은 7830억원 순매도했다. 프로그램 매매는 2986억원 매도 우위다.시가총액 상위 종목들은 대체로 올랐다. SK하이닉스가 4% 이상 올랐고, 삼성전자, 삼성바이오로직스, NAVER, LG화학, 셀트리온, 삼성SDI, 삼성물산도 줄줄이 강세였다. 이날 유가증권시장에서는 568개 종목이 상승했고 293개 종목이 떨어졌다.코스닥은 전 거래일보다 16.93포인트(2.77%) 오른 627.66으로 종료했다.[디지털뉴스국 김규리 기자] [ⓒ 매일경제 & mk.co.kr, 무단전재 및 재배포 금지]",/news/news_read.nhn?article_id=0004528262&office_id=009&mode=search&query=삼성바이오로직스&page=1
,"코스피가 2일 신종 코로나바이러스 감염증(코로나19)에 따른 경기 부양 기대감으로 4거래일 만에 상승 마감했다.이날 코스피는 전 거래일보다 15.50포인트(0.78%) 상승한 2002.51로 마감했다. 지난달 28일 5개월여 만에 종가 기준 2000선이 무너진 이후 1거래일 만에 다시 2000선을 회복했다.유가증권시장에서는 개인과 기관이 각각 4616억원, 2698억원어치를 순매수했다. 반면 외국인은 7830억원을 순매도하며 6거래일 연속 '팔자' 행진을 이어갔다.시가총액 상위주 중 삼성전자(1.48%), SK하이닉스(4.78%), 삼성바이오로직스(0.76%), 네이버(0.57%), LG화학(2.45%), 셀트리온(2.94%), 삼성SDI(3.22%) 등이 올랐고 현대차(-1.30%), 현대모비스(-1.43%) 등은 내렸다.업종별로는 전기·전자(2.09%), 의약품(1.98%), 비금속광물(1.38%), 제조(1.27%) 등이 강세를 보였다. 통신(-2.04%), 전기가스(-1.72%), 보험(-1.68%), 운송장비(-1.42%) 등은 약세를 나타냈다.이날 코스피 상승은 코로나19 사태로 세계 경제 둔화 우려가 커지자 주요국이 경기 부양책을 펼칠 것으로 전망되면서 이에 따른 기대감이 반영됐다.제롬 파월 미국 중앙은행(Fed) 의장은 지난 28일(현지시각) 금리 인하를 시사하는 긴급 성명을 발표했다. 이 영향으로 사흘 연속 급락세를 보인 뉴욕 증시는 하락 폭을 줄이며 마감했다. 이어 이날 구로다 하루히코 일본은행 총재도 금융시장 안정 확보에 노력하겠다고 말했다.노동길 NH투자증권 연구원은 “국내 주식시장 회복을 위해 필요한 두 가지는 비둘기 연준 스탠스 확인과 국내 확진자 증가세 고점 통과”라며 “연준의 시장 개입 의지는 긍정적이나 투자자 기대를 충족시켜줄 지 여부는 확인을 필요로 한다”고 밝혔다.노 연구원은 “지난주 주가 하락 배경 중 하나는 연준과 투자자 기대 간 괴리였는데, 미 주식시장 하락 속도는 연준의 항복이 있었던 2018년 4분기보다 빨랐다”면서 “괴리는 파월 의장 성명으로 축소할 수 있었다”고 짚었다. 또 연준 시장 개입 기대감은 지수 하락 가능성을 막아줄 요소라고 진단했다.코스닥 지수도 16.93포인트(2.77%) 상승한 627.66으로 종료했다.코스닥시장에서는 외국인과 기관이 각각 1201억원, 1098억원을 순매수했다. 개인은 2222억원을 순매도했다.이날 서울 외환시장에서 원달러 환율은 전 거래일보다 20.0원 내린 1193.7원으로 마감했다.데일리안 백서원 기자 (sw100@dailian.co.kr)ⓒ (주)데일리안 - 무단전재, 변형, 무단배포 금지",/news/news_read.nhn?article_id=0002386251&office_id=119&mode=search&query=삼성바이오로직스&page=1
"▶ 헉! 소리나는 스!토리 뉴스 [헉스]▶ 클릭해, 뉴스 들어간다 [뉴스쿨]","[파이낸셜뉴스] 코스피가 주요국의 경기 부양정책 기대감에 나흘만에 반등하며 2000선을 회복했다.
 2일 코스피는 전일대비 15.50포인트(0.78%) 오른 2002.51을 기록했다. 지수는 전장보다 10.02포인트(0.50%) 오른 1997.03으로 출발한 후 낙폭을 확대해 1960선까지 밀렸다가 다시 상승세로 전환했다.
 코로나19 확산으로 글로벌 경제 불확실성이 커진 가운데 주요국이 펼칠 경기 부양책에 대한 시장의 기대가 커졌다.
 앞서 지난 28일(현지시간) 제롬 파월 연방준비제도(Fed·연준) 의장은 긴급성명을 내고 경제를 지지하기 위해 적절하게 행동하겠다면서 부양책을 시사했다. 이날 구로다 하루히코 일본은행 총재도 특별담화를 내고 금융시장 안정을 위해 노력하겠다고 밝혔다.
 이날 코스피시장에서 개인과 기관은 각각 4616억원, 2698억원을 순매수 했다. 반면 외국인은 7830억원을 순매도하며 6거래일 연속 '팔자' 행진을 이어갔다.
 업종별로는 혼조세를 나타냈다. 음식료업, 의료정밀, 유통업, 전기전자, 비금속광물 등은 상승한 반면 섬유의복, 종이목재, 철강금속, 운수장비, 전기가스업, 통신업, 은행 등은 하락했다.
 시가총액 상위종목은 오름세가 강했다. 삼성전자와 SK하이닉스는 각각 1.48%, 4.78% 상승했다. 삼성바이오로직스, LG화학, 셀트리온, 삼성SDI, 삼성물산도 상승 마감했다. 현대차, 현대모비스는 1%대 하락했다.
 코스닥지수는 전일대비 16.93포인트(2.77%) 오른 627.66을 기록했다. 이날 코스닥시장에서 개인은 2223억원을 순매도한 반면 외국인과 기관은 각각 1202억원, 1099억원 순매수 했다.
 한편, 이날 서울외환시장에서 원·달러환율은 전장대비 20.0원 내린 달러당 1193.7원에 거래를 마쳤다.



 ※ 저작권자 ⓒ 파이낸셜뉴스. 무단 전재-재배포 금지",/news/news_read.nhn?article_id=0004382139&office_id=014&mode=search&query=삼성바이오로직스&page=1
,"[서울=뉴시스] 김제이 기자 = 코스피가 외국인 투자자의 매도세에도 주요국의 경기부양책 소식에 2000선을 회복했다.2일 코스피지수는 전 거래일(2076.77)보다 21.88포인트(1.05%) 내린 2054.89에 마감했다. 이날 지수는 전 거래일보다 10.02포인트(0.5%) 오른 1997.03에 출발한 뒤 오전 한 때 반락하기도 했으나 곧이어 반등하며 2000선 회복에 성공했다.서상영 키움증권 연구원은 ""중국 제조업 및 서비스업 구매관리자지수(PMI)가 큰 폭으로 위축된 여파로 매물 출회되며 하락하기도 했다""며 ""하지만 그러나 제롬 파월 연방준비제도(연준·Fed) 의장에 이어 하루히코 구로다 일본은행(BOJ) 총재가 적극적인 부양정책을 시사하는 발언을 하자 강세로 전환했다""고 분석했다.유가증권시장에서 외국인 투자자는 6거래일 연속 매도 우위를 차지했다. 이날도 7830억원을 순매도했다. 반면 개인투자자는 4617억원, 기관투자자는 2697억원을 순매수했다.코스피 업종들은 내림세와 오름세가 혼조세를 보였다.이날 오른 업종은 전기전자(2.09%), 의약품(1.98%), 비금속광물(1.38%), 제조업(1.27%), 서비스업(1.03%), 화학(0.96%), 의료정밀(0.81%), 기계(0.62%), 유통업(0.53%), 음식료품(0.40%)이 올랐다.반면 내린 업종은 통신업(-2.04%), 전기가스업(-1.72%), 보험(-1.68%), 운송장비(-1.42%), 철강금속(-1.22%), 은행(-0.82%), 금융업(-0.76%), 섬유의복(-0.58%), 증권(-0.49%), 건설업(-0.45%), 종이목재(-0.31%)가 내렸다.코스피 시총 상위 10개 종목들은 대부분 상승 마감했다. 이날 SK하이닉스는 4.78% 오르며 가장 큰 상승률을 기록했다. 그 뒤로는 삼성SDI(3.22%), 셀트리온(2.94%), LG화학(2.45%), 삼성전자(1.48%), 삼성물산(0.95%), 삼성바이오로직스(0.76%), 네이버(0.57%)가 올랐다.이날 현대모비스(-1.43%)와 현대차(-1.30%)는 하락세로 마감했다.한편 이날 코스닥지수는 전 거래일(610.73)보다 7.15포인트(1.17%) 오른 617.88에 출발해 상승 폭을 키우며 16.93포인트(2.77%) 오른 627.66에 마감했다.코스닥시장에서는 개인투자자가 2222억원을 팔아치운 반면 외국인투자자와 기관 투자자는 각각 1201억원, 1098억원을 사들였다.코스닥에서 시가총액 상위 10개 종목 가운데에서는 펄어비스(-0.06%)를 제외하고 모두 강세를 보였다.오름 순대로 원익IPS(7.70%), 휴젤(7.18%), 솔브레인(6.94%), 에코프로비엠(4.31%), 스튜디오드래곤(3.26%), 케이엠더블유(1.44%), 셀트리온헬스케어(1.23%), 에이치엘비(0.21%), CJ ENM(0.16%) 등이 올랐다.전 거래일 뉴욕증시는 다우지수가 대폭 하락하며 험난한 일주일을 마쳤다..뉴욕증권거래소(NYSE)에서 28일(현지시간) 뉴욕증권거래소(NYSE)에서 다우존스 30 산업평균지수는 전장보다 357.28포인트(1.39%) 하락한 2만5409.36에 거래를 마쳤다. 스탠더드앤드푸어스(S&P) 500 지수는 전장보다 24.54포인트(0.82%) 내린 2954.22에, 나스닥 지수는 0.89포인트(0.01%) 상승한 8567.37에 장을 마쳤다.지난 한 주 동안 다우지수는 12.36%, S&P 500 지수는 11.49%, 나스닥은 10.54% 내렸다.노동길 NH투자증권 연구원은 ""미국 주식시장은 장 종료 30분 전 나온 파월 연준 의장 성명에 장 후반 강한 반등세를 보였는데 S&P500은 그럼에도 0.8% 하락해 7거래일 연속 하락세를 이어갔다""면서 ""국내 주식시장 회복을 위해 필요한 두 가지는 비둘기 연준 스탠스 확인과 국내 확진자 증가세 고점 통과로 연준의 시장 개입 의지는 긍정적이나 투자자기대를 충족시켜줄 지 여부는 확인을 필요로 한다""고 진단했다. jey@newsis.com<ⓒ 공감언론 뉴시스통신사. 무단전재-재배포 금지>",/news/news_read.nhn?article_id=0009733212&office_id=003&mode=search&query=삼성바이오로직스&page=1
경제종합일간지 재창간 1년ㆍ창간 20년주력산업 바꿔라,"[디지털타임스 장우진 기자] 10년이면 강산도 변한다고 했지만 우리 경제의 제조업 의존도는 여전하다. 오히려 삼성전자와 SK하이닉스로 대표하는 반도체 쏠림 현상은 10년 동안 한층 더 심해졌다. 미국과 중국 등에서 첨단 기술력을 확보한 신흥 기업들이 대거 등장해 재계 판도를 바꾸고 있는 것과 비교하면 우리는 답보 상태에 머물고 있는 셈이다. 4차 산업혁명의 큰 물결이 밀려오고 있지만 우리는 여전히 '삼성전자'에만 기대고 있는 처지다.문제는 이 같은 반도체 중심의 경제구조는 당분간 바뀔 가능성이 없다는 점이다. 수년 뒤 만약 작년처럼 반도체 업황이 둔화하면 국내 경제는 동반 침체할 수밖에 없다. 투자와 변화를 촉진해도 모자랄 판에 우리 정부는 국민연금을 이용해 잘 하는 기업을 흔들 궁리만 하고 있는 점도 안타깝다. 무모한 실험으로 자칫 삼성전자까지 흔들린다면 그 뒷감당은 어떻게 할 지 의문이다.지난해말 삼성전자의 시가총액은 333조원으로 전체 시가총액의 22.6%, 삼성전자 우선주는 37조원으로 2.5%를 차지했다. 양사의 시총 비중 25.1%로 단 1개 기업이 전체의 4분의1을 차지했다.삼성에 대한 의존도는 10년 전보다 더 높아졌다. 2009년 말 기준 삼성전자(13.3%)와 삼성전자 우선주(1.4%) 비중은 14.7%였다. 이도 만만치 않은 비중이었지만 10년이 지난 현재는 오히려 10%포인트 이상 높아져 삼성에 대한 쏠림 현상이 심화됐다.삼성은 영업이익 절반 이상이 반도체에서 나오고 있다. 시가총액 2위도 반도체기업인 SK하이닉스여서 국내 경제는 반도체에 좌우된다 봐도 무방하다. 2018년의 경우 삼성전자(59조원)와 SK하이닉스(21조원)를 제외하면 10조원대 영업이익을 낸 기업이 전무했고 5조원을 넘긴 곳도 포스코(5조5000억원) 1곳뿐이었다.반도체가 성장세를 보인 데 반해 다른 업종에서의 변화는 뚜렷하게 드러나지 않았다. 지난해말 코스피 상위 10개 기업 중 절반인 5개는 10년 전에도 '톱10'에 포함된 기업이었다.신규 5개사 중 2개는 삼성전자 우선주와 SK하이닉스였고 나머지 3곳은 네이버, 삼성바이오로직스, 셀트리온이었다. 엔씨소프트·카카오 등 IT기업의 성장세가 눈에 띄었지만 국내 경제를 이끌어온 철강·조선·건설업종의 약세를 상쇄하기엔 부족했다. 바이오업종의 경우 대부분 코스닥에 몰려있으며 흑자를 내는 곳은 일부 대형사에 그치고 있어 안정국면에 접어들었다고 보기 어렵다.글로벌 시장의 경우 4차산업 관련 기업이 상위권에 다수 포진해있다. 지난해말 상장한 사우디 아람코를 제외하면 애플, 마이크로소프트, 아마존, 알파벳(구글 모회사), 페이스북, 중국의 텐센트 등이 '톱10'에 자리를 오가고 있어 국내와 확연한 차이를 보였다.대표적으로 마이크로소프트의 경우 트렌드에 뒤처지면서 한때 내리막세를 보였지만 클라우드 시장을 선점한 이후엔 4차산업 대표 기업으로 떠올랐고 구글은 유튜브, 안드로이드, 딥마인드(알파고) 등 적극적인 인수합병(M&A)을통해 4차산업을 이끄는 대표기업으로 주목받고 있다.삼성전자와 SK하이닉스의 영업이익은 지난해 53%, 87% 각각 급감했는데 이런 여파로 국내 증시도 정체된 모습을 보였다. 미국의 다우지수(22.2%), S%P500지수(28.7%), 나스닥지수(34.5%)가 지난해 1년간 20~30%대의 초강세를 보인 동안 코스피지수는 9.3% 오르는 데 그쳐 이런 기조가 뚜렷했다. 삼성전자·SK하이닉스와 반도체 3강으로 꼽히는 미국의 마이크론 역시 반도체불황의 타격을 입었지만 미국 경기는 흔들리지 않는 모습을 보였다.이러한 반도체 쏠림 현상은 올해도 여전할 것으로 예상된다. 한국경제연구원이 최근 7개 수출주력업종 협회의' 정책담당 부서장들을 설문조사한 결과, 7개 업종의 올해 수출액은 2712억원으로 전년보다 2.2% 증가할 것으로 전망했다. 하지만 반도체를 제외한 수출 규모는 1.6% 감소할 것으로 분석돼 편중 현상은 여전할 것이란 진단이 나왔다.이런 상황에서 삼성의 경우 지배구조가 탄탄하지 못하다는 게 경제적 시각에서는 우려되는 부분이다. 삼성전자의 경우 이재용 부회장을 비롯한 특수관계자 지분율이 21%에 불과한 반면 외국인 지분율은 57% 수준이다. 헤지펀드 등의 공격에서 자유롭지 못한 가운데 지배구조 개편 이슈까지 맞물린 점이 부담요소로 과거 엘리엣의 공격을 받았을 때 위기감이 조성되기도 했다.그나마 순환출자 고리를 완전 해소하면서 투명성이 강화되고 있지만 앞으로 삼성생명을 중심으로 한 금산분리 작업에만 20조원 내외가 투입될 것이란 관측이 나오고 있어 여전히 불안정한 구조를 이어가고 있다.한 재계 관계자는 ""반도체산업이 국내 경제를 지탱하고 있는 구조여서 한 군데가 무너지면 경제 전체가 위태해질 수 있는 상황""이라며 ""여러 업종에서 변화를 시도하고 있지만 장기적으로 새로운 산업이 등장해야 할 때""라고 진단했다. 이어 ""4차산업 시대의 도래로 변화의 속도가 빨라지면서 연구개발(R&D)보다 M&A를 통한 기술력 확보와 사업구조 재편이 중시되고 있다""며 ""이 경우 자본력과 규제완화 등이 동반돼야 하는데 국내의 경우 일부 기업을 제외하면 현실적 어려움이 있어 경제구조가 바뀌기 쉽지 않을 것""고 밝혔다.장우진기자 jwj17@dt.co.kr",/news/news_read.nhn?article_id=0002587351&office_id=029&mode=search&query=삼성바이오로직스&page=1
