head,text,url
이재용-정의선 ‘차세대 배터리’ 논의,"“초격차 기술을 갖춘 삼성, 글로벌 전기차 시장 점유율을 넓혀가고 있는 현대·기아자동차가 힘을 합치면 미래 모빌리티 분야의 확실한 ‘게임 체인저’가 될 수 있다.” 4대 그룹 한 고위 관계자는 13일 이재용 삼성전자 부회장과 정의선 현대차 수석부회장의 회동을 두고 이같이 말했다. 두 부회장은 이날 관련 경영진과 함께 만나 차세대 전기차 배터리로 불리는 ‘전고체 배터리’ 관련 기술 현황을 공유하고, 사업 협력 방안을 모색했다. 이날 삼성과 현대차는 전고체 배터리 기술 개발을 중점적으로 논의했다. 전고체 배터리는 현재 상용화된 리튬이온배터리와 비교해 안전성과 성능을 대폭 개선할 수 있는 ‘꿈의 배터리’로 불린다. 아직 양산에 성공한 기업은 없다. 글로벌 기업들은 2025년 이후 미래차의 주도권을 쥘 수 있는 기술로 전고체 배터리를 꼽고 개발에 속도를 내고 있다. 세계에서 전고체 배터리 관련 특허를 가장 많이 보유한 것으로 알려진 일본 도요타와 글로벌 1위 배터리 업체 파나소닉의 만남이 대표적이다. 이들은 지난달 자동차용 배터리 생산을 위한 합작사 ‘프라임 플래닛 에너지 앤드 솔루션스’를 설립했다. 17조 원을 투자해 2022년부터 전고체 배터리 양산에 돌입한다는 계획도 세웠다. 독일 폭스바겐도 지난해 3월 전고체 배터리 개발업체 퀀텀스케이프 지분을 5% 인수한 뒤 2025년까지 양산 라인 구축을 목표로 내걸었다. 미국은 현대차, 삼성, 포드, BMW 등이 투자한 스타트업인 전고체 배터리 전문 기업 ‘솔리드 파워’ 등을 지원하며 기술기업의 덩치를 키워가고 있다. 자동차 업계 관계자는 “파나소닉은 도요타와 합작사 설립으로 강력한 협력 관계였던 미국 최대 전기차 업체 테슬라와도 멀어진 것으로 알고 있다”며 “전고체 배터리를 누가 빨리 양산에 성공하느냐에 따라 미래 전기차 시장의 주도권이 뒤바뀔 수도 있을 것”이라고 말했다. 앞서 정부는 ‘한국판 뉴딜’ 등을 통해 시스템반도체, 바이오헬스와 함께 미래차를 신성장동력으로 삼고 집중 육성하겠다는 계획을 밝혔다. 삼성-현대차의 만남은 ‘반도체 이후 한국의 먹거리 찾기’ 발굴에 힘을 실어줄 것으로 보인다. 이미 미래차, 반도체 등 첨단 산업은 국가 간 대결로 번지는 상황이다.
두 부회장은 최근 “우리 사회가 보다 윤택해지게 하고 싶다”, “인류를 위한 진보를 이뤄내겠다”며 각자 미래산업 투자에 대한 의지를 밝히기도 했다. 특히 이 부회장은 이달 6일 ‘대국민 사과’를 발표하며 △노동3권 보장 △신사업 도전 △인재 영입 등 ‘한 차원 높게 도약하는 새로운 삼성’ 비전을 선포하기도 했다. 이날 50일 만에 공개적인 사업장 방문에 나선 것도 ‘뉴삼성 구축’을 위한 행보라는 분석이 나온다. 하지만 한국 기업을 둘러싼 불확실성은 여전해 자칫 미래로 나아가는 기업들의 발목을 잡을 수 있다는 우려가 커지고 있다. 글로벌 소비 위축으로 판매가 급감하고 있는 현대차는 산업의 혈관이라 할 수 있는 부품산업이 무너질까 노심초사하고 있다. 삼성은 내우외환이 많다. 신종 코로나바이러스 감염증(코로나19) 사태로 인해 스마트폰이 먼저 타격을 입은 뒤 그간 굳건했던 반도체 사업조차 흔들리고 있다. 여기다 검찰 수사로 인한 경영 공백 우려가 커지고 있다. 실제로 삼성바이오로직스 분식회계 의혹 수사를 1년 6개월 넘게 진행하는 동안 삼성의 주요 임원 100명 이상이 소환 조사를 받은 것으로 알려졌다. 2018년에 3년간 180조 원을 투자한다는 계획을 밝혔을 때, 2019년 시스템반도체 세계 1위 비전을 발표했을 때도 압수수색, 주요 경영진 소환 수사가 이어지기도 했다. 이 같은 대내외 불확실성이 커지고 경영진 공백이 이어지면서 삼성은 2016년 미국 전장업체인 하만 인수 이후 대규모 인수합병(M&A)이 끊긴 상태다. 한 재계 관계자는 “과거의 문제는 바로잡아야 하지만 과도한 기업 흔들기는 안 된다”며 “기업은 미래로 나아가려 하는데 계속해서 과거가 발목을 잡는다면 견딜 수 있는 기업이 별로 없다”고 말했다.김현수 kimhs@donga.com·서동일·지민구 기자 ⓒ 동아일보 & donga.com, 무단 전재 및 재배포 금지",/news/news_read.nhn?article_id=0003285910&office_id=020&mode=search&query=삼성바이오로직스&page=2
"카카오·엔씨소프트 등 코로나19 수혜주로 지목된 종목들 대량 매수코덱스200ETF(1530억원) 순매수 2위, 차익거래 목적의 순매수 관측","외국인이 대규모 셀코리아를 지속하는 가운데서도 이달 들어 순매수한 종목들의 실적과 주가가 상승 곡선을 그리고 있다. 신종 코로나 바이러스 감염증(코로나19) 여파로 최장기 순매도 행진을 이어가고 있지만 외국인이 순매수한 종목들의 성적표는 비교적 좋은 성과를 내고 있는 것으로 분석된다.14일 한국거래소에 따르면 외국인의 순매도 금액은 이달 들어 2조3372억원에 달한다. 외국인은 이 기간동안 대규모 순매도 행진을 이어가면서도 유가증권시장과 코스닥시장을 합해 카카오(2058억원)를 가장 많이 사들인 것으로 나타났다.카카오는 올해 1분기 연결 기준 매출 8684억원, 영업이익은 882억원을 기록했다. 전년동기대비 매출은 23%, 영업이익은 219% 증가한 것으로 집계됐다. 카카오는 주가에서도 연일 52주 신고가를 갈아치우며 이날 장중 유가증권시장내 시가총액 10위권에 진입했다.카카오는 최근 코로나19 이후 언택트(비접촉) 트렌드 확산에 따른 수혜주로 꼽히면서 연일 최고가를 경신했다. 지난 이틀간 과거 다음커뮤니케이션이 카카오를 흡수합병한 뒤 다음 카카오(사명 변경 전) 출범한 후 주가도 가장 높은 수준을 기록했다. 이날 카카오는 전 거래일대비 2000원(0.93%) 상승한 21만6500원에 거래를 마쳤다. 이날 카카오에 대한 외인 비중은 31.55%에 달했다.외국인이 그 다음으로 많이 사들인 것은 KODEX200(코덱스200) 상장지수펀드(ETF)로 1530억원어치 순매수했다. 이날 전장대비 1.15% 상승한 2만5585원에 거래를 마쳤다. 외국인의 비중도 36.51%에 이른다. 전문가들은 ETF가 장기적인 투자관점에서 사들인다는 것을 감안하면 외국인이 다시 돌아올 것을 대비해 롱텀 시각으로 사들였다고 판단할 수 있지만 실상은 그렇지 않다는 시각이다. 외국인은 ETF를 통한 차익거래로 공매도와 비슷한 효과를 누리고 있다는 분석이다. 가격이 올라간 선물을 팔아 저렴하게 현물을 매입해 그 차익만큼의 이익을 보는 방식이다. 향후 외국인의 순매수 전환으로 기대하기 위한 매수 행위가 아니라는 지적이 제기된다.외국인은 삼성SDI를 1266어치 사들였다. 이날 삼성SDI는 전장대비 2만5500원(8.98%) 상승한 30만9500원에 거래를 마감했다. 이날 거래량은 전거래일대비 398.34%나 급등했다. 삼성SDI는 전기자동차(EV) 매출 증가가 실적 개선을 이끌고 있다는 분석이다. 이날 이재용 삼성전자 부회장과 정의선 현대차그룹 수석부회장이 미래 협력에 대한 의견을 공유했다는 소식이 주가 상승 호재로 작용했다. 양사가 논의한 이 기술은 배터리 1회 충전에 800km 주행이 가능하고 1000회 이상 재충전할 수 있어 전기차 주행거리가 획기적으로 늘어날 수 있다는 분석이다.이어 외국인은 엔씨소프트(1061억원)에 이어 삼성바이오로직스(1051억원)도 대량 매수했다. 특히 엔씨소프트는 1분기(1~3월) 사상 최대 매출을 기록했는데 1분기 매출 7311억 원, 영업이익 2414억 을 거뒀다. 이는 전년 동기 대비 104%, 204% 급성장했다. 엔씨소프트는 이날 72만1000원에 거래를 마쳤다. 전날 52주 신고를 재차 기록하며 역사적 고점을 경신했다.금융투자업계 관계자는 ""외국인이 올해들어 판 22조 규모의 자금을 개인이 대거 받으며 지수를 받치고 있는 상황에서 외국인 중심의 수급으로 다시 전환될만한 환경이 아직 갖춰지지 않고 있다""며 ""백신이나 치료제가 나와 코로나19 사태가 마무리되어야 현재 주식시장의 수급불안도 다시 해소될 수 있을 것으로 보인다""고 말했다.데일리안 이미경 기자 (esit917@dailian.co.kr)ⓒ (주)데일리안 - 무단전재, 변형, 무단배포 금지",/news/news_read.nhn?article_id=0002401451&office_id=119&mode=search&query=삼성바이오로직스&page=2
"개인, 기관 동반 순매수에도 시총 상위株↓한미약품, 기술계약 해지 소식에 8%대 하락","[이데일리 최정희 기자] 코스피 지수가 1%대 하락 출발했다. 신종 코로나 바이러스 감염증(코로나19) 재확산 우려와 경기침체, 미국과 중국간 갈등 등에 투자심리가 악화된 영향이다. 14일 마켓포인트에 따르면 코스피 지수는 이날 오전 9시 3분 현재 전 거래일보다 19.57포인트, 1.01% 하락한 1920.85에 거래되고 있다. 간밤 3대 뉴욕증시는 1~2%대 하락했다. 도널드 트럼프 미 대통령이 코로나의 원인으로 또 다시 중국을 지목한 데다 제롬 파월 미국 연방준비제도(Fed·연준) 의장이 마이너스 금리는 고려하지 않는다면서도 경제에 상당한 하방 위험이 있다고 밝혔다. 미국 증시에서 악화된 투자심리가 코스피 장 초반에도 영향을 미치고 있는 것으로 풀이된다. 수급은 안정적이다. 개인과 기관은 각각 208억원, 154억원 순매수하고 있다. 연기금 등은 102억원, 금융투자는 88억원 순매수를 기록했다. 반면 보험, 투신, 사모펀드, 기타법인 등은 매도세를 보이고 있다. 프로그램매매는 차익과 비차익을 합해 25억원 가량 순매수다. 원-달러 환율은 전 거래일보다 5원 가까이 오른 1228원대에 거래되고 있다. 시가총액 상위 종목들은 하락 우위다. 삼성전자(005930)가 1%대, SK하이닉스(000660)가 2%대 하락하고 있다. 삼성바이오로직스(207940), 네이버(035420), 셀트리온(068270), LG화학(051910), 현대차(005380), 카카오(035720), 삼성물산(028260), SK텔레콤(017670)이 약세다. 반면 LG생활건강(051900)은 강보합권에서 거래되고 있고 삼성SDI(006400)와 엔씨소프트(036570)는 각각 1%대, 3%대 상승하고 있다. 한국전력(015760)도 1%대 상승중이다. 개별 종목으로 보면 한미약품(128940)은 해외 제약사로부터 기술이전 계약이 해지되면서 8%대 하락하고 있다. 업종별로는 전기가스업을 제외한 나머지 업종이 모두 하락세다. 섬유의복, 철강금속, 전기전자, 건설업 등이 1%대 하락하고 의료정밀, 유통업, 운수창고, 비금속광물, 화학, 의약품 등이 약세다.최정희 (jhid0201@edaily.co.kr)＜ⓒ종합 경제정보 미디어 이데일리 - 무단전재 & 재배포 금지＞",/news/news_read.nhn?article_id=0004639750&office_id=018&mode=search&query=삼성바이오로직스&page=2
"외인·기관, 코스피서 순매도 중…코스닥도 소폭 내려","[아이뉴스24 류은혁 기자] 코스피가 1% 가까이 하락하며 1920대에서 하락 출발했다. 간밤 뉴욕 증시가 코로나19 사태로 인한 경기침체가 길어질 수 있다는 제롬 파월 미 연방준비제도(Fed·연준) 의장의 발언에 하락한 것이 국내 증시에 악재로 작용하고 있다.14일 코스피지수는 전 거래일보다 17.98포인트(0.93%) 내린 1922.44에 거래를 시작해 오전 9시10분 현재 20.98포인트(1.08%) 하락한 1919.44에 거래되고 있다.개인이 750억원 순매수 중이며 외국인과 기관은 각각 537억원, 205억원 순매도 중이다.앞서 파월 의장은 13일(현지시간) 싱크탱크 피터슨국제경제연구소(PIIE) 화상연설에서 2차 세계대전 이후 어떤 시기보다도 심각한 침체에 직면했다고 장기침체 가능성을 거론하면서 투자자들의 우려를 키웠다. 이날 미국 증시에선 다우존스30 산업평균지수는 2.17% 하락했고 스탠더드앤드푸어스(S&P) 500지수와 나스닥지수도 각각 1.75%, 1.55% 내렸다.이날 코스피에서 시가총액 상위 10종목은 LG생활건강(0.28%), 삼성SDI(0.97%)를 제외하고 하락세를 보이고 있다. 삼성전자 –1.54%, SK하이닉스 –1.91%, 삼성바이오로직스 –0.65%, NAVER –1.60%의 하락률을 보이고 있다.코스닥지수는 전 거래일보다 3.61포인트(0.52%) 내린 687.92에 장을 시작해 오전 9시 10분 현재 1.89포인트(0.27%) 하락한 689.64에 거래되고 있다. 외국인이 125억원 순매수 중인 반면 개인과 기관이 각각 38억원, 50억원 순매도하고 있다.시가총액 상위 10종목은 혼조세를 보이고 있다. 에이치엘비(2.04%), 씨젠(3.73%), 알테오젠(0.55)이 상승세인 반면 셀트리온헬스케어 –0.54%, 셀트리온제약 –2.59%, 펄어비스 –2.19%의 하락세를 보이고 있다. ehryu@inews24.com [ⓒ 아이뉴스24 무단전재 및 재배포 금지]",/news/news_read.nhn?article_id=0000538237&office_id=031&mode=search&query=삼성바이오로직스&page=2
,"(서울=연합뉴스) 황재하 기자 = 코스피가 14일 하락세로 출발했다.

이날 오전 9시 20분 현재 코스피는 전날보다 19.23포인트(0.99%) 내린 1,921.19다.

 지수는 전장보다 17.98포인트(0.93%) 내린 1,922.44에서 출발해 하락세를 이어가고 있다. 장중 한때는 1,915.96까지 하락했다.

유가증권시장에서는 전날까지 3일 연속 순매도 행진을 이어간 외국인이 이날도 장 초반 714억원어치를 순매도했고, 기관도 343억원을 순매도했다. 개인은 1천78억원을 순매수했다.

13일(현지시간) 뉴욕증시에서는 다우존스30 산업평균지수(-2.17%), 스탠더드앤드푸어스(S&P) 500지수(-1.75%), 나스닥지수(-1.55%) 모두 큰 폭으로 하락했다.

이는 제롬 파월 미국 연방준비제도(Fed·연준) 의장이 피터슨국제경제연구소 화상 강연에서 향후 경제에 대해 ""매우 불확실하고, 심각한 하방 위험에 직면할 수 있다""고 말해 경기에 대한 우려가 커진 결과로 풀이된다.

서상영 키움증권 연구원은 ""파월 의장의 발언은 최근 연속된 외국인의 순매도를 지속시킬 우려가 있어 국내 증시에 부정적""이라고 설명했다.

시가총액 상위 종목은 SK하이닉스(-2.39%), 삼성전자(-1.75%), LG화학(-1.70%), 삼성바이오로직스(-1.30%), 셀트리온(-1.16%), 삼성SDI(-1.13%), 네이버(-0.92%), 현대차(-0.86%), 카카오(-0.46%) 등 10위 이내 모든 종목이 하락했다.

업종별로는 전기·전자(-1.52%), 은행(-1.33%), 금융업(-1.32%), 증권(-1.30%), 철강·금속(-1.25%), 건설업(-1.20%), 제조업(-1.19%), 섬유·의복(-1.18%), 운수·장비(-1.15%) 등 대부분이 약세, 전기·가스업(0.85%)이 유일하게 강세다.

같은 시간 코스닥지수는 전장보다 1.67포인트(0.24%) 내린 689.86을 나타냈다.

지수는 전장보다 3.61포인트(0.52%) 내린 687.92로 개장해 약세 흐름을 이어가고 있다.

코스닥시장에서는 기관이 74억원어치를 순매도했다. 개인은 110억원, 외국인은 23억원을 순매수했다.

시총 상위 종목 가운데는 펄어비스(-2.53%), 셀트리온제약(-2.47%), 셀트리온헬스케어(-1.40%), 케이엠더블유(-1.35%), CJ ENM(-1.22%), 스튜디오드래곤(-0.26%) 등이 내렸다.

씨젠(7.97%), 에이치엘비(1.45%), 에코프로비엠(1.43%), 알테오젠(1.15%) 등은 올랐다.

jaeh@yna.co.kr",/news/news_read.nhn?article_id=0011607606&office_id=001&mode=search&query=삼성바이오로직스&page=2
"코스피, 1.03% 내린 1920.49선 거래 중","[더팩트ㅣ박경현 기자] 전날 미국 뉴욕증시 하락마감과 외국인·기관의 매도에 국내증시가 장 초반 하락세를 보이고 있다.14일 오전 9시 18분 현재 코스피는 전장대비 19.93포인트(-1.03%) 내린 1920.49선에 거래 중이다.현재까지 개인 홀로 1094억 원을 사들인 반면 외국인과 기관은 각각 712억 원, 375억 원을 팔아치우고 있다.같은시각 코스닥은 전장대비 2.28포인트(-0.33%) 내린 689.25 선이다.코스닥 역시 개인 홀로 112억 원을 순매수한 반면, 외국인과 기관은 각각 1억 원, 66억 원가량 순매도 중이다.시가총액 상위종목은 일제히 낙폭을 키우고 있다. 삼성전자(-1.54%) SK하이닉스(-2.15%), 삼성바이오로직스(-1.14%), 네이버(-0.46%)가 모두 하락세다.한편 미국 뉴욕증시는 13일(현지시각) 급락하며 장을 마쳤다. 제롬 파월 연방준비제도 의장이 신종 코로나바이러스 감염증(코로나19)에 따른 경제위기가 장기화 할 것이라고 경고한 것이 배경인 것으로 분석된다.이에 다우존스30 산업평균지수는 전날보다 516.81포인트(2.17%) 내린 2만3247.97에 마감했다. S&P 500지수는 50.12포인트(1.75%) 내린 2820.00에, 나스닥지수는 139.38포인트(1.55%) 하락한 8863.17에 각각 거래를 마쳤다.pkh@tf.co.kr저작권자 ⓒ 특종에 강한 더팩트 & tf.co.kr 무단 전재 및 재배포 금지",/news/news_read.nhn?article_id=0000025654&office_id=629&mode=search&query=삼성바이오로직스&page=1
,"코스피 시가총액 상위 종목 대부분은 내림세다. LG생활건강(0.14%)과 삼성SDI(1.13%)만 상승세를 보였다. 반면삼성전자(-1.75%), SK하이닉스(-2.27%), 삼성바이오로직스(-0.81%), 네이버(-1.22%), 셀트리온(-0.47%), LG화학(-0.43%), 현대차(-0.86%)는 하락세다.코스닥 지수는 전 거래일보다 2.69포인트(0.37%) 하락한 688.94에 장을 출발했다. 외국인 홀로 363억원을 순매수하고 개인과 기관이 각각 1억원, 66억원을 순매도하고 있다.코스닥 시가총액 상위 종목은 혼조세다. 셀트리온헬스케어(-1.08%), 셀트리온제약(-2.71%), 펄어비스(-2.58%), CJ ENM(-0.79%), 케이엠더블유(-1.35%)는 하락세다. 반면 에이치엘비(1.65%), 씨젠(8.07%), 알테오젠(2.03%), 에코프로비엠(1.67%)는 상승세다.앞서 뉴욕증시는 신종 코로나바이러스 감염증(코로나19) 재확산 우려와 미-중 무역분쟁 우려 여파에 하락 마감했다. 13일(현지시간) 뉴욕증권거래소(NYSE)에서 다우존스30 산업평균지수는 전일 대비 516.81포인트(2.17%) 급락한 2만3247.97에 거래를 마감했다. 스탠다드앤푸어스(S&P)500 지수는 50.12포인트(1.75%) 내린 2820.00에 장을 마쳤다. 나스닥 지수도 139.38포인트(1.55%) 밀린 8863.17로 마감됐다.서상영 키움증권 연구원은 ""미 증시가 이틀 연속 급락했다. 특히 미국 금융주와 중·소형주에 대한 신용 리스크가 하락의 주요 요인 중 하나였던 점을 감안하면 한국 증시 또한 매물이 출회될 것으로 예상한다""며 ""미국과 유럽 증시가 2% 내외 급락한 점은 부담을 줄 수 있어 한국 증시는 조정을 배제할 수 없다""고 말했다.윤경진 기자 youn1@mt.co.kr
<저작권자 ⓒ '성공을 꿈꾸는 사람들의 경제 뉴스' 머니S, 무단전재 및 재배포 금지>",/news/news_read.nhn?article_id=0000542188&office_id=417&mode=search&query=삼성바이오로직스&page=1
펙사벡 임상2상 실패후 제네렉스 339억원에 인수사기 상장 후 주가 띄우고 차익실현문은상 대표 외 최경환 임종룡 등도 검찰 고발,"[이데일리 김재은 기자] 시만단체인 투기자본감시센터가 신라젠(215600)의 사기 상장과 관련해 문은상 신라젠 대표를 비롯해 최경환 전 경제부총리, 임종룡 전 금융위원장 등을 검찰에 고발했다. 바이오업체 ‘신라젠’의 미공개 정보를 이용해 주식을 거래한 혐의를 받고 있는 문은상 신라젠 대표이사가 지난 11일 오전 영장실질심사를 받기 위해 서울 양천구 서울남부지방법원에 들어서고 있다. (사진=노진환 기자)투기자본감시센터는 14일 “이미 펙사벡 JX-594 임상 2(b)상 실패한 미국의 제네렉스 바이오세러퓨틱스(이하 제네렉스)가 사실상 파산상태에 이르자 제네렉스 대주주가 회사매각에 나섰고, 신라젠은 주주들에게 책임을 면하기 위해 경영진을 문은상으로 교체하면서 자금을 모집해 인수하는 사기 상장을 공모했다”며 이같이 밝혔다.신라젠이 임상실패로 파산한 제네렉스를 무려 1억5000만달러를 들여 펙사벡 3상 시험에 돌입하는 유망업체를 인수하는 것처럼 홍보한 다음 자금을 모집해 인수해 신라젠을 상장한 사기 상장이라는 지적이다. 투기자본감시센터는 “결국 신라젠은 제네렉스 지분 100%를 현금 339억원으로 인수했다”며 “통상 신약개발 비용이 3조원 정도 소요되므로 제네렉스 임사시험이 순조롭다면 수조원가치의 제네렉스를 현금 339억원에 인수한 사실은 제네렉스가 펙사벡을 더 이상 시험할 수 없게 돼 부득이 저가에 매각할 수 밖에 없게 됐음을 반증하는 것”이라고 지적했다. 또 신라젠이 임상실패, 유사수신행위 제네렉스 사기 취득, 문은상 등 신주인수권부사채 사기 횡령 등으로 상장 자격이 없다는 사실을 스스로 알고 있어 불법 상장을 위해선 최경환 경제부총리 등이 필요했다는 것이다. 신라젠은 김앤장을 자문사로 선정, 최경환 부총리 자금 65억원을 유치하고, 불법으로 92억원의 정부 보조금을 받아 기술력을 과장하고 기술특례로 불법 상장했다고 센터는 지적했다.감시센터는 “신라젠은 상장 후 정부와 공동으로 신약개발 중이라는 사실을 수시로 노출하고, 펙사벡 3차 임상시험 등을 노출하며 2017년 11월21일 주가가 장중 15만원을 넘어서고, 시가총액도 2조원을 돌파한 다음 문은상 등 경영진과 상장전 투자자들은 고가에 매각해 예정된 사기 이득을 취했다”고 꼬집었다. 감시센터는 “미국 제네렉스가 펙사벡 임상 2b상을 실패하지 않았다면 회사를 매각할 이유가 없다”며 “신라젠이 2011년부터 바이오산업 육성을 공약으로 내건 박근혜 정부가 탄생하고 셀트리온(068270) 성공과 삼성바이오로직스(207940)와 에피스 설립 등 바이오 붐에 편승, 사기 상장을 추진해 경영진과 김앤장 등은 막대한 사기 이득을 취하고 국민들은 약 5조7000억원의 피해를 입었다”고 주장했다. 감시센터는 신라젠 문은상 대표 등의 임상실패 사실 은폐는 물론 △사기 상장을 위한 제네렉스 매입과 자금거래 손실 1419억원 배임 △문은상 등 회사자금 횡령한 신주인수권부사채 인수 최소 2769억원 사기 △밸류의 모집인을 통한 유사수신행위로 자금 모집과 2076억원 사기 △최경환 등 1315억원, 국민은행 신탁 1153억원 등 2651억원 차익 △정부보조금 92억원 횡령과 국고손실 △기술특례상장 불법 승인 및 상장주가 산정 사기 △평가차익 5341억원 스톡옵션 사기 △상장사기로 인한 국민손실 5조7166억원을 주요 범죄 요지로 꼽았다.감시센터는 “신라젠 사건 고발을 계기로 추미애 법무장관에게 변호사법 외 범죄조직인 김앤장을 해체할 것을 요구한다”며 “증권범죄합동수사단을 해체해 신라젠과 김앤장 범죄수사를 막은 국기문란이 본질”이라고 강조했다.김재은 (aladin@edaily.co.kr)＜ⓒ종합 경제정보 미디어 이데일리 - 무단전재 & 재배포 금지＞",/news/news_read.nhn?article_id=0004639812&office_id=018&mode=search&query=삼성바이오로직스&page=1
,"[아시아경제 오주연 기자] 경기 회복 속도가 지연될 것이라는 제롬 파월 미국 연방준비제도(Fed) 의장의 발언이 국내 증시에도 영향을 주고 있다. 장기침체 우려로 13일(현지시간) 미국 증시와 유럽증시가 동반 하락한 데에 이어 14일 코스피도 장중 1%대 하락하는 등 약세를 보였다.이날 오전 9시40분 기준 코스피는 전 거래일 대비 0.95% 하락한 1921.95를 기록했다. 오전 장중 1915.96까지 떨어져 1.26%의 하락률을 보이기도 했다.시가총액 상위 종목 중 삼성전자(-1.54%)를 비롯해 SK하이닉스(-2.39%), 삼성바이오로직스(-0.32%), LG화학(-1.28%),LG생활건강(-0.07%), 삼성SDI(-0.48%), 현대차(-0.86%) 등이 하락했다.이날 증시 약세는 시장 참여자들이 경기 회복에 대한 불확실성에 반응하고 있기 때문으로 풀이된다. 전일 파월 Fed 의장은 싱크탱크 피터슨국제경제연구소(PIIE) 화상연설에서 2차 세계대전 이후 어떤 시기보다도 심각한 침체에 직면했다면서 장기침체 가능성을 거론했다.국내 증권가에서는 해당 발언이 한국 증시에도 영향을 줄 수 있다며 외국인의 매물 출회가 지속될 수 있을 것으로 내다봤다.이 시각 유가증권시장에서 외국인은 1017억원 팔아치웠고 기관도 987억원어치 순매도했다. 개인은 1996억원어치 순매수했다.코스닥지수도 전 거래일 대비 0.08% 하락한 691.01을 기록했다. 외국인과 기관이 각각 176억원, 175억원어치를 내다판 반면 개인은 445억원어치 순매수했다.시가총액 상위 종목 중 셀트리온헬스케어(-0.54%), 셀트리온제약(-1.88%), 펄어비스(-4.20%) 등은 하락했지만 에이치엘비(0.19%), 씨젠(7.47%) 등은 상승했다.오주연 기자 moon170@asiae.co.kr <ⓒ경제를 보는 눈, 세계를 보는 창 아시아경제 무단전재 배포금지>",/news/news_read.nhn?article_id=0004678003&office_id=277&mode=search&query=삼성바이오로직스&page=1
,"[헤럴드경제=김현경 기자] 세계 경기 하강과 미·중 무역분쟁 재점화 우려에 간밤 뉴욕증시가 급락한 가운데, 14일 코스피도 하락, 장중 1910선까지 떨어졌다. 이날 오전 10시 코스피는 전날보다 13.15포인트(0.68%) 내린 1927.27을 가리켰다.지수는 전장보다 17.98포인트(0.93%) 내린 1922.44로 출발해 하락세를 이어가고 있다. 장중 한때는 1915.96(-1.26%)까지 떨어졌다.외국인은 이날도 유가증권시장에서 장 초반 1150억원어치를 순매도했고, 기관도 988억원을 팔아치웠다. 개인은 2098억원을 순매수했다.시가총액 상위 10위 종목 중엔 삼성전자(-1.54%), SK하이닉스(-2.39%), 삼성바이오로직스(-0.65%), LG화학(-0.71%), LG생활건강(-0.14%), 삼성SDI(-0.16%), 현대차(-0.75%) 등 대부분이 하락하고 네이버(+0.69%), 셀트리온(+0.47%), 카카오(+1.62%)만 상승세를 나타냈다.업종별로는 전기·전자(-1.38%), 철강·금속(-1.20%), 은행(-1.07%), 증권(-1.03%), 운수·장비(-1.03%), 건설업(-1.20%), 제조업(-0.95%), 금융업(-0.70%) 등 대부분이 약세를 보였다.같은 시간 코스닥지수는 전장보다 0.92포인트(0.13%) 오른 692.45를 나타냈다.지수는 전장보다 3.61포인트(0.52%) 내린 687.92로 개장해 반등을 시도하고 있다.코스닥시장에서는 외국인이 115억원, 기관이 145억원을 순매도했다. 개인은 376억원을 순매수했다.시총 상위 종목 가운데는 에이치엘비(+0.68%), 씨젠(+9.38%), CJ ENM(+0.79%), 에코프로비엠(+0.84%)이 오르고 셀트리온헬스케어(-0.75%), 셀트리온제약(-2.12%), 펄어비스(-2.72%), 케이엠더블유(-1.35%), 스튜디오드래곤(-0.39%) 등이 내렸다.13일(현지시간) 뉴욕증시에서는 다우존스30 산업평균지수(-2.17%)와 스탠더드앤드푸어스(S&P) 500지수(-1.75%), 나스닥지수(-1.55%)가 모두 급락했다.제롬 파월 미국 연방준비제도(Fed·연준) 의장이 피터슨국제경제연구소 화상 강연에서 향후 경제에 대해 ""매우 불확실하고, 심각한 하방 위험에 직면할 수 있다""고 말하면서 경기 침체 우려가 커진 결과로 풀이된다.미국과 중국의 무역분쟁 재점화 가능성도 다시 부각되고 있다. 도널드 트럼프 미국 대통령은 이날 트위터를 통해 코로나바이러스감염증-19(코로나19) 확산에 대한 ‘중국 책임론’과 미중 무역협상을 함께 언급했다.pink@heraldcorp.com
- Copyrights ⓒ 헤럴드경제 & heraldbiz.com, 무단 전재 및 재배포 금지 -",/news/news_read.nhn?article_id=0001673358&office_id=016&mode=search&query=삼성바이오로직스&page=1
"삼성물산·제일모직 합병 의혹 관련검찰, 5월내로 수사 끝낸다는 계획","[서울=뉴시스] 김재환 기자 = 삼성물산과 제일모직 합병 의혹 등을 수사 중인 검찰이 최지성 전 미래전략실 실장(부회장)을 조사하고 있다.14일 법조계에 따르면 서울중앙지검 경제범죄형사부(부장검사 이복현)는 이날 오전 최 전 부회장을 소환해 조사 중이다. 검찰은 최 전 부회장을 상대로 삼성물산과 제일모직 합병 과정에 그룹 차원의 개입이 있었는지 여부 등을 조사할 것으로 보인다.검찰은 삼성 바이오로직스 분식회계 의혹 사건과 함께 지난 2015년 삼성물산과 제일모직 합병 과정에 불법 행위가 있었는지 여부 등을 수사 중이다. 삼성물산과 제일모직 합병 과정이 이재용 삼성전자 부회장의 경영권 승계 과정과 직결돼 있다고 검찰은 의심하고 있다.최근 유상호 한국투자증권 부회장을 참고인 신분으로 불러 합병 과정에 관한 의혹을 조사한 검찰은 지난달 말에는 윤용암 전 삼성증권 대표를 불러 그룹 차원의 개입 여부 등을 확인했다.
 또 검찰은 김태한 바이오로직스 대표와 고한승 삼성 바이오에피스 대표도 최근 다시 소환해 분식회계 관련 의혹을 조사했다. 이 밖에 최치훈 삼성물산 이사회 의장(사장), 김신 전 삼성물산 대표, 이영호 삼성물산 대표 등도 소환됐다. 검찰은 이달 중으로 삼성의 합병 의혹 수사를 마무리한다는 계획이다. 이에 따라 이 부회장의 소환 조사도 조만간 이뤄질 것으로 예상된다. cheerleader@newsis.com<ⓒ 공감언론 뉴시스통신사. 무단전재-재배포 금지>",/news/news_read.nhn?article_id=0009861599&office_id=003&mode=search&query=삼성바이오로직스&page=1
,"“오비이락(烏飛梨落)일까요? 의도한 우연일까요?”지난 6일 이재용 삼성전자 부회장이 대(對)국민사과를 하자, 검찰발(發)로 ‘다음주 소환조사’라는 뉴스가 나왔습니다. 삼성바이오로직스(삼성바이오) 분식회계 의혹과 관련해 이 부회장에게 피의자 신분으로 나와 조사를 받으라고 통보했다는 것입니다. 그 동안 이 부회장 관련한 큰 뉴스가 나올 때마다 검찰에서도 이에 맞불을 놓듯이 새로운 액션에 돌입해 재계에서는 “우연의 일치일까? 아니면 고도의 전략일까?”를 둘러싸고 다양한 말이 나오고 있습니다.이 같은 ‘우연’은 이 부회장이 2018년 2월5일 항소심에서 집행유예로 풀려날 때부터 시작됐습니다. 이 부회장이 풀려나고 3일 뒤 검찰은 삼성전자 수원본사, 서초사옥, 우면동 R&D 캠퍼스 등을 압수수색했습니다. 이명박 전 대통령 관련한 다스 소송비 대납 혐의로 대대적인 압수수색을 벌인 것입니다. 당시 삼성 안팎에서는 법원이 이 부회장을 풀어주자, 검찰이 분풀이성 압수수색에 나섰다는 이야기까지 나올 정도였습니다.두번째 우연은 이 부회장과 문재인 대통령의 첫 만남을 둘러싸고 이뤄졌습니다.
2018년 7월9일 이 부회장은 삼성전자 인도 노이다 공장 준공식에서 문 대통령을 만났습니다. 문 대통령과 이 부회장의 ‘첫 만남’은 모든 언론에서 대대적으로 보도했습니다. 다음날 검찰은 삼성전자 서초사옥 이상훈 사장실을 압수수색했습니다. 삼성전자 서비스 노동조합 와해 사건과 관련해 증거확보를 하겠다는 이유였습니다.이 같은 우연은 계속됩니다. 2018년8월6일 김동연 경제부총리가 삼성전자 평택 사업장을 방문해 이재용 부회장과 만났습니다. 이틀 뒤 삼성은 3년 간 180조원을 투자하고 4만명을 채용하겠다는 계획을 발표했습니다. 그러자 검찰은 또 노조 와해 의혹과 관련해 삼성경제연구소를 압수수색했습니다. 그 해 9월 이 부회장이 남북정상회담 특별수행단으로 문 대통령과 함께 방북하기 직전에도 검찰은 또다시 압수수색을 벌였습니다.이 같은 우연은 해가 넘어가도 계속됩니다. 2019년 4월30일 삼성전자 시스템 반도체 선포식에서 이 부회장과 문 대통령은 또 다시 만났습니다. 당시 만남은 문 대통령이 삼성전자 국내 사업장을 처음 방문한 것으로 큰 주목을 받았습니다. 이 부회장은 이 자리에서 2030년까지 시스템반도체 분야에 133조원을 투자하고 1만5000명을 채용해 메모리반도체처럼 비메모리 반도체에서 1위에 오르겠다는 계획을 발표했습니다. 그리고 3일 뒤 검찰은 삼성바이오로직스 사업장과 임직원 자택 등에 대해 대대적인 압수수색을 벌였습니다.이 같은 일은 ‘오비이락’일 가능성이 있습니다. 2016년 11월8일 검찰이 최순실 국정농단 사건과 관련해 서울 서초동 삼성전자 사옥을 압수수색한 것을 시작으로 4년째 수사가 계속 이어지고 있기 때문에 공교롭게 우연이 반복되는 것일 가능성이 높아 보입니다.물론 죄가 있으면 처벌받는 것이 당연합니다. 그러나 최근 삼성에 대한 수사는 환부만 도려내는 ‘외과수술식 수사’가 아니라 환부가 나올 때까지 파헤치는 ‘해부’라는 비판이 나오고 있습니다. 실제로 2018년 12월부터 수사를 한 삼성 바이오 사건도 검찰이 처음에는 “특검 때 수사해 놓은 게 있어 증거는 차고 넘친다”고 자신했지만, 아직 증거인멸 혐의에서 한발짝도 더 나가지 못하고 있습니다. 그 사이 삼성 주요 경영진은 30차례 이상 소환조사를 받은 것으로 알려져있습니다. 법조계에 따르면 외부에 알려지지 않은 것까지 포함하면 연인원 기준으로 100명 이상의 경영진이 조사를 받았다고 합니다.요즘 경제계는 코로나 사태를 맞아 전대미문의 시대를 대비하고 있습니다. 주요 기업 CEO들은 글로벌 코로나 전쟁에서는 자칫 방심했다가는 바로 사업이 망할 수 있다는 절박함에 밤잠을 설치고 있다고 합니다. 경제위기를 기회로 만들기 위해 모든 역량을 집중해야 하는 지금, 국내 1위 기업 삼성은 검찰의 움직임에 촉각을 곤두세우고 전전긍긍해하는 모습이 안타깝습니다.※[백블]은 기자들이 ‘백브리핑’을 빨리 발음하기 위해서 쓰는 말입니다. 독자 여러분께 얼핏 봐서는 알 수 없는 각 이슈의 속사정을 이야기해드립니다.[신은진 기자 momof@chosun.com] 		▶
		▶ 		▶
	- Copyrights ⓒ 조선일보 & chosun.com, 무단 전재 및 재배포 금지 -",/news/news_read.nhn?article_id=0003531124&office_id=023&mode=search&query=삼성바이오로직스&page=1
"코스피, 0.86% 내린 1923.72에 거래 중","[더팩트ㅣ박경현 기자] 국내 증시가 외국인과 기관의 매도세 속에 하락흐름을 면치 못하고 있다.14일 오후 12시 13분 현재 코스피는 전일대비 16.70포인트(-0.86%) 내린 1923.72 선이다.현재까지 개인 홀로 4605억 원을 매수한 반면 외국인과 기관은 각각 3003억 원, 1604억 원을 순매도 중이다.같은시각 코스닥은 전일대비 1.10포인트(-0.16%) 내린 690.43선에 거래 중이다.코스닥 역시 개인 홀로 799억 원을 사들인 반면 외국인과 기관은 각각 446억 원, 149억 원을 팔아치우고 있다.이에 시가총액 상위종목인 삼성전자(-1.13%), SK하이닉스(-2.99%), 삼성바이오로직스(-0.97%)가 모두 내림세다.현재까지 업종은 생명과학도구 및 서비스(+12.72%)가 강세다. 또한 독립전력생산 및 에너지거래(+6.96%), 전기유틸리티(+3.91%) 순으로 상승하고 있다.반면 운송인프라(-4.68%), 디스플레이패널(-2.86%), 우주항공과 국방(-2.64%)은 하락세를 나타내고 있다.pkh@tf.co.kr저작권자 ⓒ 특종에 강한 더팩트 & tf.co.kr 무단 전재 및 재배포 금지",/news/news_read.nhn?article_id=0000025720&office_id=629&mode=search&query=삼성바이오로직스&page=1
,"삼성바이오로직스는 14일 오후 1시 33분 현재 전일보다 1.14% 내린 60만 9000원에 거래되고 있다.
이는 지난 4월 13일 대비 12.99% 상승한 수준이다. 삼성바이오로직스는 삼성그룹의 바이오 사업 지주사로 알려져 있다. 오늘 외국인은 8000주 순매도 하는 것으로 잠정 집계되고 있다. 최근 5일 동안 개인 투자자들은 23만 4911주 순매도 했고, 외국인과 기관은 각각 20만 5847주 순매수, 9만 3300주 순매수 했다. 지난 5월 13일 삼성바이오로직스는 '검찰 수사에도 신고가 경신'이라며 시장에서 이슈가 되었었다.

※자료출처 : 인공지능 투자 비서 AI라씨로※ 이 기사는 아시아경제와 금융 AI 전문기업 씽크풀이 공동 개발한 기사 자동생성 알고리즘에 의해 실시간으로 작성된 것입니다. 아경봇 기자 r2@asiae.co.kr <ⓒ경제를 보는 눈, 세계를 보는 창 아시아경제 무단전재 배포금지>",/news/news_read.nhn?article_id=0004678332&office_id=277&mode=search&query=삼성바이오로직스&page=1
,"신종 코로나바이러스 감염증(코로나19) 사태로 국내 주식시장 시가총액 순위에 지각변동이 일고 있다. 제조업·금융업 등 전통적 산업이 타격을 입은 반면 언택트(비대면)·2차전지·바이오 관련 신(新)산업이 떠오르면서다. 전문가들은 “코로나19 이전부터 시작된 산업 구조 재편 과정에서 코로나19가 방아쇠를 당겼다”고 분석하고 있다.14일 한국거래소에 따르면, 2019년 말과 5월 13일을 비교할 때 코스피 시총 15위 내에 카카오와 엔씨소프트가 새롭게 떠올랐다. 지난해 말 시총 23위였던 카카오는 1개월 전 17위로 올라오더니 최근 11위까지 치고 올라왔다. 우선주를 제외할 경우 10위로 등극해 ‘톱 텐’(Top 10)에 포함된다. 엔씨소프트 역시 지난해 말 26위에서 1개월 전 11계단을 올라 15위로 이름을 올린 뒤 자리를 지키고 있다. 두 종목 모두 코로나19 사태로 정보기술(IT) 수요가 늘고 언택트 문화가 번지면서 수혜를 입은 업종이다. 카카오와 엔씨소프트 주가는 지난해 말 대비 이달 13일 기준 각각 무려 41%, 33% 뛰었다. 이날 오전에도 미·중 무역분쟁 갈등 고조 등의 영향으로 코스피 지수는 전일 대비 13.21포인트(0.68%) 떨어진 1927.21을 기록했지만 카카오와 엔씨소프트 주가는 각각 1.39%, 3.33% 올랐다.전기차 산업 육성에 대한 기대감이 높아지면서 2차전지 대장주 삼성SDI는 지난해 말 19위에서 최근 9위로 10계단 수직 상승했다. 지난 13일 이재용 삼성전자 부회장과 정의선 현대차 수석부회장이 차세대 전기차 배터리 사업 협력을 위해 손을 잡으면서 기대감은 한층 고조된 상태다. 또한 감염병 사태로 바이오 산업이 주목받으면서 삼성바이오로직스는 5위에서 3위로, 셀트리온은 8위에서 6위로 상승했다.이들 종목에 자리를 내어준 것은 제조업과 금융업과 같은 전통적 우량주들이다. 현대차는 6위에서 10위로 4계단 떨어졌고, 17위였던 기아차는 20위권 밖으로 떨어졌다. 현대모비스는 7위로 톱텐에 이름을 올리다가 14위로 밀려났다. 포스코 역시 10위에서 16위로 6계단 내려왔다. 금융주도 순위가 떨어지며 겨우 20위권을 지키고 있다. 신한지주는 12위에서 17위로 5계단 떨어졌고, KB금융은 13위에서 20위로 7계단 떨어졌다.김학균 신영증권 리서치센터장은 “전통적인 중후장대산업이 지고 IT 등 신산업이 떠오르는 것은 코로나19 이전부터 시작된 산업구조 재편 과정으로 한국을 포함한 많은 나라에서 일어나고 있는 변화”라며 “코로나19가 산업구조 재편을 강화했다고 볼 수 있다”고 말했다. 김 센터장은 “이 같은 미래의 변화를 현재 주가가 얼마나 선반영하고 있는지가 앞으로 주식시장의 핵심이 될 것”이라고 강조했다.송정은 기자 euni@munhwa.com[Copyrightⓒmunhwa.com '대한민국 오후를 여는 유일석간 문화일보' 무단 전재 및 재배포 금지()]",/news/news_read.nhn?article_id=0002427873&office_id=021&mode=search&query=삼성바이오로직스&page=1
,"삼성그룹의 경영권 승계 의혹을 수사하는 검찰이 전·현직 임원들을 줄소환하면서 이재용 삼성전자 부회장에 대한 소환 조사도 임박했다는 관측이 나오고 있다.서울중앙지검 경제범죄형사부(이복현 부장검사)는 14일 최지성 전 삼성미래전략실장(부회장)을 불러 2015년 삼성물산과 제일모직 합병 당시 삼성그룹 수뇌부의 의사결정 과정 전반을 캐물었다.최 전 실장은 2010년 삼성전자 대표이사에 올라 이건희 회장 시절인 2012년부터 미전실장을 맡아 5년 동안 이끈 삼성그룹 2인자 출신이다. 검찰은 지난 2월에도 최 전 실장을 수차례 불러 삼성 경영권 승계 의혹을 조사했다.지난주 장충기 전 미전실 차장(사장)과 지난 12일 김종중 전 미전실 전략팀장에 이어 2인자인 최 전 실장까지 재차 소환하면서 이재용 부회장에 대한 검찰 조사도 임박했다는 관측이 나온다.이영호 삼성물산 사장, 최치훈 삼성물산 이사회 의장, 김태한 삼성바이오 대표 등 임원들도 최근까지 잇따라 검찰 조사를 받았다.검찰은 이 부회장의 경영권 승계를 위한 지배구조 개편의 일환으로 삼성물산이 회사 가치를 고의로 떨어뜨렸다고 보고 있다.이를 위해 삼성물산과 합병한 제일모직의 자회사 삼성바이오로직스의 기업 가치를 회계장부에서 콜옵션을 고의로 누락하는 분식회계를 통해 부풀렸다는 의혹이 제기됐다.2015년 합병 당시 제일모직과 삼성물산의 합병 비율은 '1 대 0.35'로, 제일모직 1주가 삼성물산 주식의 3배에 달했다.제일모직 주식은 23.2%를 보유했지만 삼성물산의 주식은 하나도 없었던 이 부회장은 두 회사의 합병으로 '통합 삼성물산'의 최대주주로 올라섰다.노정동 한경닷컴 기자 dong2@hankyung.com▶ ▶
 ▶
ⓒ 한국경제 & , 무단전재 및 재배포 금지",/news/news_read.nhn?article_id=0004340714&office_id=015&mode=search&query=삼성바이오로직스&page=1
"개인만 홀로 7000억원대 순매수옵션만기일 금융투자·연기금 현물 매도, 선물 매수","[이데일리 최정희 기자] 코스피 지수가 하루 만에 하락했다. 신종 코로나 바이러스 감염증(코로나19)에 따른 경기침체 우려가 재확산된 영향이다. 옵션만기일로 장 막판 낙폭이 축소되면서 거래를 마쳤다. 금융투자, 연기금 등은 현물 시장에선 매도세를, 선물시장에선 매수세를 보였다. 14일 코스피 지수 흐름(출처: 마켓포인트)14일 마켓포인트에 따르면 코스피 지수는 전 거래일보다 15.46포인트, 0.80% 하락한 1924.96에 거래를 마쳤다. 장중 내내 1%대 하락세를 보이다 장 막판 낙폭을 축소했다. 수급으로 보면 개인이 홀로 7854억원을 순매수했다. 옵션만기일인 만큼 외국인, 금융투자, 연기금 등의 매매 움직임에 관심이 집중됐으나 시장에 미치는 영향은 제한적이었다. 외국인은 5543억원을 내다팔았다. 외국인은 코스피200 선물에서도 5671억원 가량을 팔았다. 기관은 2386억원 순매도세를 보였다. 금융투자와 연기금 등은 현물에선 각각 678억원, 1731억원 순매수세를 보였다. 반면 코스피200선물에선 각각 5770억원, 1303억원을 매수했다. 보험, 은행 등은 매도세를, 투신, 기타금융, 기타법인, 사모펀드 등은 매수세를 보였다. 프로그램매매로는 차익과 비차익을 합해 3100억원의 순매도세를 보였다. 원-달러 환율은 4.2원 오른 1228.0원에 거래를 마쳤다. 시가총액 상위 종목들은 희비가 갈렸다. 삼성전자(005930)는 1%대, SK하이닉스(000660)는 3%대 하락했다. LG화학(051910)은 2%대, 삼성물산(028260)은 1%대 떨어졌다. 삼성바이오로직스(207940), 삼성SDI(006400), 현대차(005380), 현대모비스(012330)는 하락세를 보였다. 반면 네이버(035420), 셀트리온(068270)은 강세를 기록했다. LG생활건강(051900)은 1%대, 카카오(035720)는 3%대, 엔씨소프트(036570)는 4%대 올랐다. 한국전력(015760)은 5%대 반등세를 보였다. 개별종목으로 보면 1분기 어닝쇼크를 기록한 넷마블(251270)이 8%대 하락했다. 기술계약이 해지된 한미약품(128940)도 9%대 떨어졌다. 코로나 재확산 우려에 바이오주 상당수가 상승했다. 제일약품(271980)은 상한가를 기록했고 JW중외제약(001060)은 21%대, SK케미칼(285130)은 17%대 올랐다. 업종별로 보면 하락 우위 흐름이 강했다. 철강금속이 2%대 하락하고 건설업, 운송장비, 전기전자, 비금속광물, 섬유의복, 은행, 증권 등이 1%대 하락했다. 전기가스업이 3%대 오르고 음식료품이 1%대 상승했다. 통신업, 의약품, 종이목재, 보험 등도 강세를 보였다. 이날 거래량은 7억4464만2000주, 거래대금은 9조3207억1100만원으로 집계됐다. 상한가 2개 종목을 포함해 227개 종목이 올랐고 하한가 없이 638개 종목이 하락했다. 46개 종목은 보합권에서 거래를 마쳤다.최정희 (jhid0201@edaily.co.kr)＜ⓒ종합 경제정보 미디어 이데일리 - 무단전재 & 재배포 금지＞",/news/news_read.nhn?article_id=0004640242&office_id=018&mode=search&query=삼성바이오로직스&page=1
,"[서울=뉴시스] 류병화 기자 = 코스피가 외국인과 기관의 순매도에 하락해 1920선으로 후퇴했다. 14일 코스피지수는 전 거래일(1940.42)보다 15.46포인트(0.80%) 내린 1924.96에 마감했다. 지수는 17.98포인트(0.93%) 내린 1922.44에 출발해 장중 낙폭을 좁히며 장 마감했다.유가증권시장에서 개인은 홀로 7845억원을 순매수했다. 반면 외국인과 기관은 각각 5543억원, 2373억원 순매도했다.업종별로는 대체로 내렸다. 철강금속(-2.01%), 섬유의복(-1.75%), 운수장비(-1.56%), 건설업(-1.52%), 전기전자(-1.48%), 비금속광물(-1.43%), 금융업(-1.12%), 은행(-1.09%) 등이 하락했다. 전기가스업(3.95%), 음식료업(1.36%), 보험(0.94%) 등은 올랐다.시가총액 상위 종목들은 대체로 하락했다. 대장주 삼성전자는 전 거래일 대비 550원(1.13%) 내린 4만8000원에 거래를 마쳤다. SK하이닉스(-3.59%), 삼성바이오로직스(-0.65%), LG화학(-2.13%), 삼성SDI(-0.48%), 현대차(-0.86%) 등도 하락했다. 네이버(0.23%), 셀트리온(0.93%), LG생활건강(1.25%) 등은 올랐다.코스닥지수는 전 거래일(691.53)보다 0.96포인트(0.14%) 내린 690.57에 마감했다. 지수는 3.61포인트(0.52%) 내린 687.92에 개장해 장중 낙폭을 좁히며 장을 마쳤다.코스닥시장에서 개인은 홀로 745억원을 순매수했다. 반면 외국인과 기관은 각각 210억원, 189억원어치를 팔아치웠다.코스닥 시총 상위 10개 종목은 대체로 내렸다. 셀트리온헬스케어(1.62%), 씨젠(29.97%), 에코프로비엠(1.08%) 등은 오른 반면 에이치엘비(-2.81%), 셀트리온제약(-0.59%), 펄어비스(-1.19%), 알테오젠(-1.32%), CJ ENM(-0.52%), 케이엠더블유(-3.55%), 스튜디오드래곤(-0.65%) 등이 내렸다. hwahwa@newsis.com<ⓒ 공감언론 뉴시스통신사. 무단전재-재배포 금지>",/news/news_read.nhn?article_id=0009862667&office_id=003&mode=search&query=삼성바이오로직스&page=1
"코스피 0.8% 내린 1924.96, 코스닥 0.14% 내린 690.57달러/원 환율 4.2원 오른 1228원","(서울=뉴스1) 박응진 기자 = 14일 코스피는 외국인과 기관의 동반 순매도에 1% 가까이 내리며 1920선으로 밀렸다. 코스닥도 소폭 하락했다. 달러/원 환율은 4.2원 올랐다.제롬 파월 미국 연방준비제도 의장이 신종 코로나바이러스 감염증(코로나19)에 따른 경제 위기가 장기화할 것이라고 경고해 간밤 뉴욕증시가 급락 마감한 영향을 받았다. 시간외 뉴욕증시 지수 선물도 하락세를 보였다.이날 코스피는 전날(13일)과 비교해 15.46포인트(0.8%) 떨어진 1924.96으로 마감했다. 외국인과 기관이 각각 5543억원, 2381억원 순매도했고, 개인이 홀로 7853억원 순매수했다. 외국인과 개인은 각각 4거래일 연속 순매도, 순매수 기조를 유지했다. 기관은 순매도로 돌아섰다. 코스피 시가총액 상위 10개 종목 중 LG생활건강(1.25%), 셀트리온(0.93%), NAVER(0.23%)는 상승했고, SK하이닉스(-3.59%), LG화학(-2.13%), 삼성전자(-1.13%), 삼성전자우(-0.97%), 현대차(-0.86%), 삼성바이오로직스(-0.65%), 삼성SDI(-0.48%)는 하락했다.업종별로 보면 전기가스업(3.95%), 음식료업(1.36%), 보험(0.94%) 등은 올랐고, 철강금속(-2.01%), 섬유의복(-1.75%), 운수장비(-1.56%) 등은 떨어졌다. 코스닥은 전날 대비 0.96포인트(0.14%) 내린 690.57로 마감했다. 외국인과 기관이 각각 210억원, 189억원 순매도했고, 개인이 홀로 744억원 순매수했다. 코스닥 시가총액 상위 10개 종목 가운데 씨젠(29.97%), 셀트리온헬스케어(1.62%), 에코프로비엠(1.08%)은 상승했고, 케이엠더블유(-3.55%), 에이치엘비(-2.81%), 알테오젠(-1.32%), 펄어비스(-1.19%), 스튜디오드래곤(-0.65%), 셀트리온제약(-0.59%), CJ ENM(-0.52%)은 하락했다. 업종별로는 제약(2.63%), 소프트웨어(2.20%), 의료·정밀(1.93%) 등은 올랐고, 비금속(-2.28%), 운송장비(-2.24%), 운송(-1.88%), 건설(-1.79%) 등은 내렸다. 서울외환시장에서 달러/원 환율은 전날보다 4.2원 오른 1228원으로 거래를 마쳤다.서상영 키움증권 연구원은 ""국내 증시는 미 증시가 이틀 연속 급락한 여파로 하락했다. 특히 파월 연준 의장 등이 미국 경기 회복이 지연될 수 있다고 언급하고, 미국과 중국의 마찰이 확산된 점이 영향을 줬다""며 ""옵션만기일을 맞아 외국인이 현·선물을 순매도 한 점도 하락을 부추겼다""고 분석했다.pej86@news1.kr© 뉴스1코리아(), 무단 전재 및 재배포 금지",/news/news_read.nhn?article_id=0004638370&office_id=421&mode=search&query=삼성바이오로직스&page=1
외국인·기관 7천억원 넘게 순매도…코스닥 약보합,"[아이뉴스24 류은혁 기자] 코스피가 1% 가까이 하락했다. 코로나19 사태로 인한 경기침체가 장기화될 수 있다는 제롬 파월 미 연방준비제도(Fed·연준) 의장의 발언으로 투자자들의 불안감이 커진 가운데 외국인과 기관이 총 7천억원 넘게 팔아치우면서 하락을 이끌었다.14일 코스피지수는 전날보다 15.46포인트(0.80%) 내린 1924.96에 마감했다. 이날 개인이 7천855억원 순매수한 반면 외국인과 기관이 각각 5천522억원, 2천386억원 순매도했다.앞서 파월 의장은 13일(현지시간) 싱크탱크 피터슨국제경제연구소(PIIE) 화상연설에서 ""코로나19 여파로 2차 세계대전 이후 어떤 시기보다도 심각한 침체에 직면했다""면서 장기침체 가능성을 거론했다.이날 시가총액 상위 10종목에선 NAVER(0.23%), 셀트리온(0.93%), LG생활건강(1.25%)을 제외하고 모두 하락했다. 삼성전자 –1.13%, SK하이닉스 –3.59%, 삼성바이오로직스 –0.65%, 삼성전자우 –0.97%, LG화학 –2.13%의 하락률을 보였다.업종별로는 대부분 하락세를 나타냈다. 생명과학도구 및 서비스(13.22%), 독립전력생산 및 에너지거래(6.77%) 업종이 상승한 반면 운송인프라(-3.69%), 전문소매(-2.42%), 전기장비(-2.39%), 철강(-2.30%) 업종이 하락했다. 이날 상한가 종목은 제일약품, 두산2우B 2개였고 하한가 종목은 없었다.코스닥지수는 전 거래일 대비 0.96포인트(0.14%) 내린 690.57에 장을 끝냈다. 개인이 746억원 순매수한 반면 외국인과 기관이 각각 220억원, 191억원 순매도했다.시가총액 상위 10종목은 대부분 하락했다. 셀트리온헬스케어(1.62%), 씨젠(29.97%), 에코프로비엠(1.08%)이 올랐고 에이치엘비 –2.81%, 셀트리온제약 –0.59%, 펄어비스 –1.19%의 하락률을 보였다. 이날 상한가 종목은 씨젠 1개였고, 하한가 종목은 없었다.한편 이날 서울외환시장에서 원/달러 환율은 전 거래일 대비 4.2원 오른 1228.0원에 마감됐다. ehryu@inews24.com [ⓒ 아이뉴스24 무단전재 및 재배포 금지]",/news/news_read.nhn?article_id=0000538370&office_id=031&mode=search&query=삼성바이오로직스&page=1
,"14일 코스피는 전 거래일 보다 15.46포인트(0.80%) 내린 1924.96에 거래를 마쳤다. 이날 코스피는 전 거래일 대비 17.98포인트(0.93%) 내린 1922.44에서 출발해 하락세를 지속했다. 개인이 7852억원을 순매수했고 외국인과 기관은 각각 5520억원, 2381억원을 순매도했다.코스피 시가총액 10위권 종목에서는 삼성전자(-1.13%), SK하이닉스(-3.59%), 삼성바이오로직스(-0.65%), 삼성전자우(-0.97%), LG화학(-2.13%), 삼성SDI(-0.48%), 현대차(-0.86%)가 하락 마감했다. 반면 네이버(0.23%), 셀트리온(0.93%), LG생활건강(1.25%)은 상승 마감했다.코스닥은 전 거래일 대비 0.96포인트(0.14%) 내린 690.57로 마감했다. 코스닥 시장에선 개인이 745억원을 순매수했다. 반면 외국인과 기관은 각각 220억원, 189억원을 순매도했다.코스닥 시장 시가총액 상위 종목에서는 셀트리온헬스케어(1.62%), 씨젠(29.97%), 에코프로비엠(1.08%)은 상승 마감했다. 반면 에이치엘비(-2.81%), 셀트리온제약(-0.59%), 펄어비스(-1.19%), 알테오젠(-1.32%), CJ ENM(-0.52%), 케이엠더블유(-3.55%), 스튜디오드래곤(0.65%)은 하락 마감했다.서상영 키움증권 연구원은 ""한국 증시는 미국 증시가 이틀 연속 급락한 여파로 하락했다""며 ""특히 파월 연준의장 등이 미국 경기 회복이 지연될 수 있다고 언급하고 미국과 중국의 마찰이 확산한 점이 영향을 줬다""고 설명했다.윤경진 기자 youn1@mt.co.kr
<저작권자 ⓒ '성공을 꿈꾸는 사람들의 경제 뉴스' 머니S, 무단전재 및 재배포 금지>",/news/news_read.nhn?article_id=0000542453&office_id=417&mode=search&query=삼성바이오로직스&page=1
,"미중 무역분쟁 우려 지속…외국인 4일 연속 '팔자'(서울=연합뉴스) 황재하 기자 = 코스피가 14일 하락 마감했다.

이날 코스피는 전날보다 15.46포인트(0.80%) 내린 1,924.96에 거래를 마쳤다.

지수는 전장보다 17.98포인트(0.93%) 내린 1,922.44에서 출발해 약세 흐름을 이어갔다.

유가증권시장에서는 외국인이 5천541억원, 기관이 2천373억원어치를 순매도했다. 개인은 7천844억원을 순매수했다.

이로써 외국인은 지난 11일부터 4거래일 연속 '팔자' 행진을 이어갔다.

이영곤 하나금융투자 연구원은 ""신종 코로나바이러스 감염증(코로나19) 확산 속도가 다시 빨라질 수 있다는 우려가 커지고 있어 증시에 부담으로 작용하고 있다""며 ""최근 미중 무역분쟁 우려가 커지면서 외국인이 매물을 쏟아내고 있는 것으로 보인다""고 설명했다.

도널드 트럼프 미국 대통령은 13일(현지시간) 트위터 계정에 글을 올려 코로나19 확산 책임을 중국에 물었고, 중국은 이와 관련한 보복 조치를 마련하는 것으로 알려지면서 양국의 갈등이 불거지고 있다.

시가총액 상위 종목 가운데는 SK하이닉스(-3.59%), LG화학(-2.13%), 삼성전자(-1.13%), 현대차(-0.86%), 삼성바이오로직스(-0.65%), 삼성SDI(-0.48%) 등이 내렸다.

카카오(3.93%), LG생활건강(1.25%), 셀트리온(0.93%), 네이버(0.23%) 등은 올랐다.

업종별로는 철강·금속(-2.01%), 섬유·의복(-1.75%), 운수·장비(-1.56%), 건설업(-1.52%), 전기·전자(-1.48%), 비금속광물(-1.43%), 금융업(-1.12%), 은행(-1.09%), 제조업(-1.06%), 증권(-1.03%) 등이 약세였다.

전기·가스업(3.95%), 음식료품(1.36%), 보험(0.94%), 의약품(0.21%) 등은 강세였다.

주가가 내린 종목은 638개에 달했고, 오른 종목은 229개에 그쳤다. 보합은 31개 종목이었다.

프로그램 매매는 차익 거래와 비차익 거래 모두 매도 우위로 전체적으로는 3천109억원의 순매도로 집계됐다.

유가증권시장의 거래량은 7억3천383만주, 거래대금은 9조1천726억원이었다.코스닥지수는 전장보다 0.96포인트(0.14%) 내린 690.57로 마감했다.

지수는 전장보다 3.61포인트(0.52%) 내린 687.92에서 개장해 장중 한때 강세로 돌아섰으나 다시 하락세로 전환했다.

코스닥시장에서도 외국인은 210억원, 기관은 188억원어치를 순매도했다. 개인은 745억원을 순매수했다.

시총 상위 종목 가운데는 케이엠더블유(-3.55%), 에이치엘비(-2.81%), 알테오젠(-1.32%), 펄어비스(-1.19%), 스튜디오드래곤(-0.65%), 셀트리온제약(-0.59%), CJ ENM(-0.52%) 등이 하락했다.

반면 씨젠(29.97%)은 1분기에 사상 최대 분기 영업이익을 냈다고 발표한 영향으로 상한가로 마감했고, 셀트리온헬스케어(1.62%), 에코프로비엠(1.08%)도 상승했다.

코스닥시장의 거래량은 14억3천731만주, 거래대금은 12조7천896억원이었다.

서울 외환시장에서 원/달러 환율은 전 거래일보다 4.2원 오른 달러당 1,228.0원에 마감했다.

jaeh@yna.co.kr",/news/news_read.nhn?article_id=0011609453&office_id=001&mode=search&query=삼성바이오로직스&page=1
,"[아시아경제 오주연 기자] 글로벌 증시 하락에 따른 여파로 국내 증시도 14일 하락 마감했다. 미국의 경기 회복 지연 가능성과 미·중 마찰 확대 등이 시장 내 불확실성을 키우며 외국인 투자가와와 기관 투자가 모두 코스피, 코스닥시장에서 순매도했다.이날 코스피는 전 거래일 대비 0.80% 하락한 1924.96으로 장을 마쳤다. 장중 1913.46으로 하락했지만 장 마감을 앞두고 낙폭을 줄여나갔다.시가총액 상위 종목 중 삼성전자(-1.54%)를 비롯해 SK하이닉스(-2.99%), 삼성바이오로직스(-1.14%), LG화학(-2.27%) 등이 하락했고 NAVER(0.46%), 셀트리온(0.47%) 등은 상승했다.수급별로는 외국인과 기관이 각각 5543억원, 2373억원어치 순매도했고 개인은 7845억원어치를 사들였다.코스닥지수는 전 거래일 대비 0.14% 떨어진 690.57에 마감됐다. 개인이 746억원어치 순매수한반면 외국인과 기관은 각각 210억원, 189억원어치를 순매도했다.시가총액 상위 종목 대다수가 하락세를 보였지만 씨젠은 이날 29.97% 상한가를 기록하며 12만8800원으로 급등했다. 1분기 깜짝 실적에 따른 것으로, 이날 상승으로 씨젠은 셀트리온제약을 제치고 코스닥 시총 3위로 껑충 올랐다.서상영 키움증권 연구원은 ""한국 증시는 미국 증시가 이틀 연속 급락한 여파로 하락했다""며 ""특히 제롬 파월 연방준비제도(Fed) 의장 등이 미국 경기 회복이 지연될 수 있다고 언급하고, 미국과 중국의 마찰이 확산된 점이 영향을 미쳤다""고 분석했다.또한 ""더 나아가 옵션만기일을 맞아 외국인이 현, 선물을 순매도 한 점도 하락을 부추겼다""면서 ""다만, 미·중 마찰이 심화되고 있음에도 불구하고 중국 증시의 낙폭이 제한된 점은 긍정적인 영향을 줬다""고 평가했다.오주연 기자 moon170@asiae.co.kr <ⓒ경제를 보는 눈, 세계를 보는 창 아시아경제 무단전재 배포금지>",/news/news_read.nhn?article_id=0004678495&office_id=277&mode=search&query=삼성바이오로직스&page=1
코스피 약세…0.80% 내린 1924.96에 마감,"[더팩트ㅣ박경현 기자] 14일 코스피가 외국인과 기관의 동반매도에 하락하며 장을 마쳤다. 코스닥은 한 차례 혼조를 겪다 약보합에 마감했다.이날 코스피는 전장 대비 15.46포인트(-0.80%) 내린 1924.96에 장을 마쳤다. 개인 홀로 7843억 원을 사들인 가운데 외국인과 기관은 각각 5520억 원, 2372억 원을 순매도했다.이날 장중에는 카카오가 코스피 시가총액 10위권 안에 포함됐다. 카카오는 현대차의 시가총액인 19조5934억 원을 넘어선 19조7213억 원의 시가총액을 기록했다.시가총액 상위종목 주가는 대부분 내림세였다. 삼성전자(-1.13%), SK하이닉스(-3.59%), 삼성바이오로직스(-0.65%), 삼성전자우(-0.97%), LG화학(-2.13%), 삼성SDI(-0.48%), 현대차(-0.86%)가 내렸다. 반면 네이버(+0.23%), 셀트리온(+0.93%), LG생활건강(+1.25%)은 올랐다.이날 업종은 생명과학도구 및 서비스(+13.22%)가 상승폭을 키웠다. 또한 독립전력생산 및 에너지거래, 전기유틸리티가 5~7%가량 올랐다. 반면 운송인프라, 전문소매, 전기장비, 철강이 2~3% 내렸다.코스닥은 전장대비 0.96포인트(-0.14%)내린 690.57에 장을 마쳤다.코스닥에서도 외국인과 기관이 동반 매도했다. 이에 개인투자자가 746억 원을 사들인 반면 외국인과 기관은 각각 220억 원, 188억 원을 팔았다.이날 코스닥 시가총액 상위종목 주가도 대부분 내렸다. 셀트리온헬스케어(+1.62%), 씨젠(+29.97%), 에코프로비엠(+1.08%)은 올랐지만, 에이치엘비(-2.81%), 셀트리온제약(-0.59%), 알테오젠(-1.32%), CJ ENM(-0.52%), 케이엠더블유(-3.55%), 스튜디오드래곤(-0.65%)은 내렸다.pkh@tf.co.kr저작권자 ⓒ 특종에 강한 더팩트 & tf.co.kr 무단 전재 및 재배포 금지",/news/news_read.nhn?article_id=0000025774&office_id=629&mode=search&query=삼성바이오로직스&page=1
"외인, 카카오 269억 원 매수·SK하이닉스 2082억 원 매도","[더팩트ㅣ박경현 기자] 14일 코스피 시장에서 기관은 다시 매도포지션으로 전향했다. 이에 개인 홀로 7843억 원을 사들인 가운데 외국인과 기관은 각각 5520억 원, 2372억 원을 순매도하며 1920선까지 후퇴했다. 코스닥 역시 외국인과 기관 동반 매도에 약보합 마감했다.이날 코스피시장 외국인투자자의 최대매수는 카카오로 향했다. 외인은 카카오에 269억 원, 엔씨소프트 201억 원, 셀트리온 114억 원, LG생활건강 108억 원 순으로 매수했다.반면 SK하이닉스는 2082억 원가량 팔아치웠다. 이어 삼성전자 584억 원, 삼성SDI 220억 원, KT&G 165억 원, 포스코(POSCO) 152억 원을 순매도했다.코스닥 시장에서는 씨젠(409억 원), 랩지노믹스(41억 원), 네오위즈(40억 원)를 사들인 반면 에이치엘비(158억 원), 국일제지(63억 원), 레고켐바이오(50억 원)는 팔았다.기관투자자는 이날 한국전력 308억 원, 셀트리온 121억 원, 코스맥스 102억 원을 사들인 반면 SK하이닉스 843억 원, 삼성전자 608억 원, 한미약품 228억 원, 카카오 225억 원을 팔았다.시가총액 상위종목 주가는 대부분 내림세를 보였다. 삼성전자(-1.13%), SK하이닉스(-3.59%), 삼성바이오로직스(-0.65%), 삼성전자우(-0.97%), LG화학(-2.13%), 삼성SDI(-0.48%), 현대차(-0.86%)가 내렸다. 반면 네이버(+0.23%), 셀트리온(+0.93%), LG생활건강(+1.25%)은 올랐다.pkh@tf.co.kr저작권자 ⓒ 특종에 강한 더팩트 & tf.co.kr 무단 전재 및 재배포 금지",/news/news_read.nhn?article_id=0000025776&office_id=629&mode=search&query=삼성바이오로직스&page=1
