head,text,url
삼성전자 시총 14조 원 가량 하락,"[더팩트ㅣ박경현 기자] 국내 시가총액 상위 100대 기업이 신종 코로나바이러스 감염증(코로나19)확산을 겪으며 변화를 맞이한 것으로 나타났다. 국내 시총 상위 100개 기업 가운데 15개 기업의 시총이 증가했고, 85개 기업이 하락했다.시가총액(시총)은 기업의 상장주식을 시가로 평가한 총액으로, 기업의 자산과 미래전망 등을 종합해 현재 어느 정도의 규모인가를 나타내는 지표다.<더팩트>취재에 따르면 지난해 11월 기준 시가총액 상위 100개 기업을 살펴봤을 때 우량주들 사이에 변동이 있었다. 코스피 대장주 삼성전자는 305조7000억 원가량에서 7일 기준 296조1000억 원가량으로 시총이 내려갔다. 현대차는 시총이 26조5000억 원가량 이었던 것에서 19조3100억 원대로 내려왔다.지난해 시총 3위였던 NAVER는 27조5000억 원에서 7일 27조8000억 원 수준으로 올랐다. SK하이닉스는 현재 62조4000억 원을 나타내 60조5000억 원 가량이었던 것에서 상승했다.코로나19 이후 전염병의 확산이 오히려 회사의 기회로 작용한 곳들도 있었다. 코스피 시장 내 대표적인 바이오주로 꼽히는 기업들이 수혜를 본 것으로 나타났다. 삼성바이오로직스는 지난해 26조2000억 원에서 현재 31조9000억 원으로 올랐다. 셀트리온은 25조5000억 원에서 26조9000억 원으로 역시 조 단위 상승에 성공했다.코로나19 팬데믹화(세계적 대유행) 이후 현 시점에서 바라볼 때 지난해 대비 기업자산가치가 올라간 기업들과 떨어진 기업들은 아래와 같은 결과를 나타냈다.오른 기업은 SK하이닉스, NAVER, 삼성바이오로직스, 셀트리온, 삼성SDI, 카카오, LG, 엔씨소프트, 셀트리온헬스케어, 넷마블, 오리온, CJ제일제당, 유한양행, 스튜디오드래곤, 더존비즈온 이다.시총이 떨어진 기업은 삼성전자, 현대차, 현대모비스, LG화학, 신한지주, LG생활건강, 삼성물산, SK텔레콤, 포스코, SK, KB금융, 기아차, 한국전력, 삼성에스디에스, SK이노베이션, 삼성생명, KT&G, 아모레퍼시픽, S-Oil, LG전자, 삼성화재, 하나금융지주, 삼성전기, 한국조선해양, 고려아연, 롯데케미칼, 아모레G, KT, 기업은행, 강원랜드, 웅진코웨이, 에이치엘비, 한온시스템, 현대글로비스, LG유플러스, 현대중공업지주, 현대건설, LG디스플레이, 미래에셋대우, GS, 삼성중공업, 현대제철, 한국타이어앤테크놀로지, 한미약품, 삼성카드, 롯데지주, 한국금융지주, 한국항공우주, 휠라홀딩스, CJ ENM, 한국가스공사, 에스원, CJ 대한통운, DB손해보험, 삼성엔지니어링, 롯데쇼핑, NH투자증권, 대림산업, 두산밥캣, 호텔신라, BGF리테일, 삼성증권, 대우조선해양, 포스코케미칼, GS리테일, 쌍용양회, 펄어비스, 한미사이언스, 제일기획, 메리츠종금증권, CJ, GS건설, KCC, 대한항공, 팬오션, 신세계, 포스코인터내셔널, 현대해상, BNK금융지주, 금호석유 등이다. 지난해와 비교했을 때 1000만 원 가량의 변동을 겪어 기업자산가치를 유지한 곳은 이마트, LG이노텍, 케이엠더블유였다.떨어진 기업들 중 10~20권의 우량주 기업들은 적게는 1조 원에서 많게는 5조 원가량 시총이 떨어졌다. 코로나19로 인해 글로벌 증시 하락이 지속되자 국내증시 전반 악화로 이어지면서 다수 기업들 주가가 영향을 받은 것으로 분석된다.시총이 오른 기업들을 업종별로 살펴보면 바이오, IT, 게임, 식품군이 두드러졌다. 특히 셀트리온헬스케어는 지난해 7조8000억 원가량에서 올해 11조8000억 원가량으로 큰 폭의 성장을 보였다. 바이오 기업 '씨젠'은 지난해 100위 권 밖에 있다가 3월 말 기준 63위로 올라오며 석 달 만에 160계단 올라섰다.코로나19 여파로 많은 변동을 겪었던 증권시장에서 가장 수혜가 컸던 헬스케어 산업군은 당분간 이러한 상승세를 유지할 것으로 보인다.서근희 삼성증권 연구원은 ""코로나19가 헬스케어 업종에 미치는 영향은 앞으로도 미미할 것으로 전망""이라며 ""특히 2020년에도 헬스케어 업종의 성장을 주도했던 업체인 삼성바이오로직스, 셀트리온 그룹의 실적 성장이 코로나19에 의한 영향을 피하면서 주가 흐름이 견고할 것으로 보인다""고 분석했다.pkh@tf.co.kr저작권자 ⓒ 특종에 강한 더팩트 & tf.co.kr 무단 전재 및 재배포 금지",/news/news_read.nhn?article_id=0000021921&office_id=629&mode=search&query=삼성바이오로직스&page=2
,"셀트리온·삼성바이오로직스 등 전략 수정 불가피미국암학회·미국임상종양학회 모두 '버츄얼 미팅' 진행미국 소화기병 주간, 코로나19로 학회 일정 전면 취소(서울=연합뉴스) 김잔디 기자 = 전 세계에서 신종 코로나바이러스 감염증(코로나19)이 급속히 확산하면서 바이오업계 세계 최대 국제행사인 '바이오 인터내셔널 컨벤션'(Bio International Convention, 바이오USA)마저 현장 개최를 포기했다.

 8일 바이오 업계에 따르면 미국 바이오협회는 오는 6월 미국 샌디에이고에서 개최할 예정이던 바이오USA를 디지털 방식으로 전환하기로 최근 결정했다.

바이오USA는 매년 6월 초 미국의 주요 도시를 순회해 열리는 세계 최대 규모의 바이오 콘퍼런스다. 지난해에는 전 세계 67개국에서 1만6천개사가 참여했다. 한국에서만 37개 제약·바이오 기업이 참가한 것으로 알려져 있다. 바이오 업계에서는 해외 동향을 파악하고 다국적제약사, 투자자와의 네트워킹을 강화하는 대표적인 자리다.

셀트리온, 삼성바이오로직스 등은 이 자리에서 바이오의약품 위탁개발 및 생산(CDMO) 사업 진출을 공식화하기도 했다.

 두 회사는 올해 바이오USA에서도 부스를 차리고 해외 투자자, 다국적제약사 등을 맞이할 예정이었으나 개최 방식 변경에 따라 전략 수정이 불가피해졌다.

셀트리온은 그동안 바이오USA에 참석해 가장 공을 들여왔던 네트워킹을 어떻게 이어갈 수 있을지 고민 중이다.

 셀트리온 관계자는 ""바이오USA에 참석하는 가장 큰 이유는 (해외 투자자, 기업과의) 파트너링""이라며 ""디지털로 전환한 상황에서 기존과 같은 미팅 등을 할 수 있을지 현업 부서로부터 의견을 수렴 중""이라고 말했다.

 삼성바이오로직스는 미국바이오협회의 결정이 얼마 지나지 않은 만큼 바이오USA가 어떤 방식으로 진행될지를 파악하고 있다.

 우선 현재까지는 증강현실(AR) 및 가상현실(VR) 활용한 생산시설 탐방, 고객 맞춤형 '버츄얼 투어', 화상회의를 위한 장비 확충 등 비대면 전시방안을 고려 중이다.

앞서 미국암학회(AACR)와 미국임상종양학회(ASCO) 역시 코로나19 확산으로 학회 개최를 디지털로 전환하겠다고 공지한 상태다. AACR은 이달 27∼28일 웹캐스트 방식으로 회의를 진행하기로 했다. ASCO는 시카고에서 5월 29일부터 6월 2일까지 개최될 예정이던 학회를 취소하고, 온라인에 기반한 가상 형식(virtual format)으로 암 치료 관련 최신 정보를 제공하겠다고 밝혔다.

 이밖에 당초 시카고에서 내달 2일부터 5일까지 열릴 예정이던 미국 소화기병 주간(DDW) 학술대회는 코로나19로 아예 일정이 취소됐다.

 셀트리온은 DDW에서 '램시마SC'의 또 다른 임상 결과를 발표하기로 했으나 학회 취소로 새로운 홍보 방안을 모색 중이다. 셀트리온은 지난해에도 이 학회에서 램시마SC의 유효성을 확인한 임상시험 결과를 발표했다. 램시마SC는 정맥주사(IV) 형태인 기존 '램시마'를 피하주사(SC) 형태로 제형을 변경한 제품이다. 크론병, 류마티스 관절염 등 자가면역질환에 쓴다.

 jandi@yna.co.kr",/news/news_read.nhn?article_id=0011530936&office_id=001&mode=search&query=삼성바이오로직스&page=2
금융계열사 5곳 중 삼성생명ㆍ삼성증권만 모집...상반기 전체 채용규모에 관심,"[서울=뉴시스] 김종민 기자 = 삼성그룹의 2020 상반기 신입사원 공채가 윤곽을 드러냈다.
8일 취업포털 인크루트(대표 서미영)에 따르면, 삼성은 지난 6일 삼성채용 홈페이지를 통해 삼성전자·삼성전기·삼성SDS·삼성SDI·삼성디스플레이 등 전자계열사 5곳의 채용 소식을 알렸다. 종전에는 사흘에 걸쳐 계열사별 원서접수를 진행했지만 당초 전망과 달리 7일 오후 삼성생명·삼성증권 그리고 삼성바이오로직스·삼성바이오에피스·삼성엔지니어링·삼성물산·제일기획·에스원 등 14곳의 신입 및 인턴 공고가 추가로 업로드됐다. 이로써 삼성그룹의 2020 상반기 신입공채 윤곽이 정해졌다. 삼성전자·삼성디스플레이·삼성SDI·삼성SDS·삼성전기·삼성생명·삼성증권·삼성중공업·삼성엔지니어링·삼성물산(상사)·호텔신라·제일기획·에스원·삼성바이오로직스·삼성바이오에피스·삼성웰스토리·삼성전자판매 총 17개사에서 21개 부문에 걸쳐 3급 신입사원을 모집하는 것. 신입사원 지원자격은 2020년 8월 이전 졸업 또는 졸업 예정자이다. 3급 신입사원과 동시에 인턴 모집도 시작됐다. 삼성전자·삼성SDI·삼성전기·삼성생명·삼성자산운용·삼성엔지니어링·삼성물산(상사)·삼성물산(리조트)·제일기획·에스원·삼성서울병원·삼성바이오로직스·삼성바이오에피스 12곳 13개 부문서 대학생 인턴을 모집한다. 지원자격은 2020년 12월~ 2021년 8월 졸업 예정인 재학생으로 2020년 7~8월 인턴 실습이 가능해야 한다. Samsung Convergence SW Academy(SCSA) 전형은 올해도 삼성전자와 삼성SDS 두 곳 서 모집한다. SCSA직군 선발자는 7월부터 12월까지 6개월간 전일 집합 교육과정에 입과하게 된다. 교육과정을 이수하고 소정의 시험에 합격한 경우 수료로 인정돼 2021년 1~2월중 입사하게 되는데, 입사시 3급 신입사원과 동일한 처우를 적용받는다. 계열사별 모집부문은 삼성전자가 3급 신입사원·SCSA·해외전형(Full-time opportunity for international students) ·대학생 인턴 총 4개 부문으로 가장 많다. 이어서 삼성바이오에피스(3급 신입사원·대학생 인턴·해외전형)와 삼성물산(3급 신입사원·대학생 인턴(상사·리조트))이 각 3개 부문서 선발한다. 지난해와 달라진 점은 모집기업과 모집부문 등이 다소 줄었다는 점이다. 먼저, 금융계열사 5곳 중 신입을 뽑는 곳은 삼성생명과 삼성증권 2곳뿐이다. 삼성자산운용은 인턴을 뽑고, 삼성카드와 삼성화재는 신입 및 인턴 선발 모두 하지 않는 것으로 보인다. 통상적으로 삼성카드는 상반기에는 인턴사원을, 하반기에는 신입사원을 모집해왔지만 올 상반기에는 채용기업 리스트에서 빠졌다. 삼성물산의 경우 모집부문이 줄었다. 기존 상사·건설·리조트·패션 4개 부문서 신입 모집을 한 것과 달리 올해는 상사 부문에서만 신입 및 인턴사원을, 리조트 부문에서는 인턴사원만 뽑는다. 원서접수 기간도 단축됐다. 지난해 3월 11일 원서접수를 시작, 19일 일괄 마감하며 전자계열사 기준 서류접수 기간은 총 9일이었다. 하지만 올해 전자계열사는 8일간, 기타계열사는 7일간으로 최대 이틀이 줄었다. 코로나19로 인한 학사일정 변경 등을 고려해 롯데와 포스코가 지난해보다 접수일정은 연장한 것과 대조적이다. 계열사별 모집직무 및 규모는 상이하다. 그룹 채용 일등 공신은 삼성전자로 전체 채용물량의 절반 이상을 이끄는 것으로 알려져 있다. 삼성전자는 지난 7일 1분기 잠정실적 어닝서프라이즈를 기록, DS(반도체) 사업부의 실적이 뒷받침됐다는 분석이다. 특히 매해 공채 때마다 가장 많은 채용을 견인한 부문인 만큼 올 상반기 채용규모에도 관심이 쏠린다. 상반기 삼성전자 신입사원 모집부문은 CE/IM부문 및 DS부문으로 구분된다. 각 모집직무는 CE/IM부문의 경우 회로개발, SW개발, 기구개발, 품질서비스/생산기술, 마케팅/해외영업, 국내영업, 구매/재무이며 DS부문은 회로설계/신호 및 시스템설계/평가 및 분석, 반도체 공정설계, 반도체 공정기술, 패키지개발/기구개발/SW개발, CAE시뮬레이션/설비기술/인프라기술, 생산관리/환경안전, 영업마케팅, 재무/경영지원(일반)/인사다. 한편, 삼성그룹 자기소개서는 취미/ 특기/ 존경인물 및 공통 항목 그리고 직무별 항목으로 구분된다. 공통 항목은 ‘Essay 1.(모집기업)을 지원한 이유와 입사 후 회사에서 이루고 싶은 꿈을 기술하십시오. Essay 2.본인의 성장과정을 간략히 기술하되 현재의 자신에게 가장 큰 영향을 끼친 사건, 인물 등을 포함하여 기술하시기 바랍니다. (작품 속 가상인물도 가능) Essay 3.최근 사회이슈 중 중요하다고 생각되는 한 가지를 선택하고 이에 관한 자신의 견해를 기술해 주시기 바랍니다.’ 이다.
그리고 ‘본인이 수행했던 프로젝트/과제 중 수치적 분석을 통해 해결방안을 도출하고 이를 적용한 경험에 대해 기술해주시기 바랍니다.’(삼성전자 CE/IM 재무 부문), ‘실험/과제의 효과성을 제고하기 위해 해당 과제를 기술적으로 개선한 경험에 대해 구체적으로 서술하여 주시기 바랍니다.’(삼성전자 CE/IM 품질서비스 부문) 등 지원부문에 따른 별도 항목 작성이 요구된다. jmkim@newsis.com<ⓒ 공감언론 뉴시스통신사. 무단전재-재배포 금지>",/news/news_read.nhn?article_id=0009802351&office_id=003&mode=search&query=삼성바이오로직스&page=2
"개인·외국인 ‘사자’…종이·목재 상승, 대부분 하락시가총액 상위株 하락세","[이데일리 고준혁 기자] 8일 코스피가 하락 출발했다. 신종 코로나 바이러스 감염증(코로나19)에 대응하는 주요국 정부의 유동성 정책으로 시장은 안정되고 있는 과정에서도, 불확실성은 여전하기 때문으로 풀이된다. 미국 증시의 하락 마감도 영향을 끼친 것으로 해석된다. 장초반 개인이 1034억원 순매수중이나 기관은 1031억원 순매도중이다. 외국인은 보합수준이다.이날 마켓포인트에 따르면 코스피 지수는 이날 오전 9시 14분 현재 전 거래일보다 10.75포인트(0.59%) 내린 1812.85에 거래되고 있다. 코스피가 하락을 출발한 건 지난 1일 이후로 5거래일 만이다. 간밤 뉴욕증시는 하락 마감했다. 다우존스 30 산업평균지수는 전장보다 0.12% 하락했고 스탠더드앤드푸어스(S&P) 500과 나스닥 지수은 각각 0.16%, 0.33% 하락했다. 수급주체별로 보면 개인이 359억원 사들이고 있다. 외국인도 111억원 순매수 중이다. 기관은 468억원 순매도 중이다. 프로그램별로 보면 차익과 비차익을 합쳐 482억원 순매도 중이다.업종별로는 대부분 내리고 있다. 기계와 의료정밀, 증권, 운송장비, 금융업, 유통업, 은행, 섬유·의복이 1%대 내리고 있다. 반면 종이·목재는 3%대 오르고 있다. 시가총액 상위종목들도 내립세다. 대장주인 삼성전자(005930)를 포함해 SK하이닉스(000660), 삼성바이오로직스(207940), 네이버(035420), 셀트리온(068270), 현대차(005380), LG생활건강(051900), 삼성물산(028260) 등이 내리고 있다. LG화학(051910)과 삼성SDI(006400)는 상승하고 있다.고준혁 (kotaeng@edaily.co.kr)＜ⓒ종합 경제정보 미디어 이데일리 - 무단전재 & 재배포 금지＞",/news/news_read.nhn?article_id=0004615461&office_id=018&mode=search&query=삼성바이오로직스&page=2
,"손희연 기자 son90@mt.co.kr
<저작권자 ⓒ '성공을 꿈꾸는 사람들의 경제 뉴스' 머니S, 무단전재 및 재배포 금지>",/news/news_read.nhn?article_id=0000528395&office_id=417&mode=search&query=삼성바이오로직스&page=2
개인 홀로 순매수,"코스피가 장초반 소폭 하락세다.8일 오전 9시 24분 현재 코스피 지수는 전장대비 14.10포인트(0.77%) 하락한 1809.71에 거래중이다.개인이 홀로 1073억원을 순매수한 가운데 외국인과 기관이 각각 7억원 1031억원을 팔아치웠다.시가총액 상위종목은 혼조세다. 삼성전자(-1.01%)를 비롯해 SK하이닉스(-0.70%), 삼성바이오로직스(-0.73%), 네이버(-0.59%), 현대차(-1.22%), LG생활건강(-1.96%)가 하락한 반면 셀트리온(0.24%), LG화학(1.13%)은 상승세를 기록중이다.신종 코로나바이러스 감염증(코로나19) 사태가 진정되지 않았다는 분석이 제기된 가운데 미국 뉴욕증시가 소폭 하락했다.다우존스30 산업평균지수는 전날보다 26.13포인트(0.12%) 하락한 2만2653.86에 거래를 마쳤다. 스탠더드앤드푸어스(S&P)500 지수는 4.27포인트(0.16%) 내린 2659.41에, 기술주 중심의 나스닥지수는 25.98포인트(0.33%) 떨어진 7887.26에 각각 마감했다.데일리안 이미경 기자 (esit917@dailian.co.kr)ⓒ (주)데일리안 - 무단전재, 변형, 무단배포 금지",/news/news_read.nhn?article_id=0002394533&office_id=119&mode=search&query=삼성바이오로직스&page=2
,"(서울=연합뉴스) 김아람 기자 = 코스피가 8일 하락세로 출발했다.

이날 오전 9시 26분 현재 코스피는 전 거래일보다 16.21포인트(0.89%) 내린 1,807.39를 가리켰다.

지수는 전장보다 7.85포인트(0.43%) 내린 1,815.75에서 출발해 약세 흐름을 이어가고 있다.

유가증권시장에서는 기관과 외국인이 각각 1천65억원, 65억원어치를 순매도했다. 개인은 1천136억원을 순매수했다.

지난 7일(현지시간) 뉴욕증시에서는 신종 코로나바이러스(코로나19) 확산 추이와 국제유가 흐름을 주시하는 가운데 다우존스30 산업평균지수(-0.12%), 스탠더드앤드푸어스(S&P)500 지수(-0.16%), 나스닥 지수(-0.33%)가 모두 소폭 하락했다.

코로나19 사태가 좀처럼 진정되지 않는 와중에 산유국들의 감산 협상 불확실성에 서부 텍사스산 원유(WTI)가 9.4% 떨어지면서 투자심리가 위축됐다.

이원 부국증권 연구원은 ""9일 OPEC+(OPEC과 10개 주요 산유국 연대체) 긴급회의에서 원유 감산 합의가 어려울 수도 있다는 관측이 지수 하락 압력으로 작용하고 있다""며 ""세계 경제성장률 둔화에 대한 비관론도 계속 나오는 상황""이라고 설명했다.

시가총액 상위 종목은 삼성전자(-0.91%), SK하이닉스(-0.82%), 삼성바이오로직스(-0.52%), 네이버(-0.88%), 현대차(-1.00%), LG생활건강(-1.80%), 삼성물산(-1.35%) 등이 내렸다.

셀트리온(0.24%), LG화학(1.46%), 삼성SDI(2.24%) 등은 올랐다.

업종별로는 기계(-1.68%), 증권(-1.67%), 섬유·의복(-1.43%), 금융(-1.34%), 의료정밀(-1.29%) 등 대부분이 약세였고 종이·목재(3.25%), 비금속광물(1.19%)만 강세다.

같은 시각 코스닥지수는 전장보다 3.57포인트(0.59%) 내린 603.33을 나타냈다.

지수는 전장보다 2.44포인트(0.40%) 내린 604.46으로 개장해 하락세를 지속하고 있다.

코스닥시장에서는 개인이 792억원을 순매수했다. 외국인과 기관은 각각 407억원, 171억원을 순매도했다.

시총 상위주 중에는 셀트리온헬스케어(-1.33%), 에이치엘비(-0.20%), 펄어비스(-1.00%), CJ ENM(-2.18%), 씨젠(-5.52%), 셀트리온제약(-3.60%), 헬릭스미스(-0.41%), 코미팜(-4.00%) 등이 내렸다.

케이엠더블유(1.03%), 스튜디오드래곤(0.53%) 등은 올랐다.

rice@yna.co.kr",/news/news_read.nhn?article_id=0011531273&office_id=001&mode=search&query=삼성바이오로직스&page=2
美 코로나 확산 악영향…코스닥도 내림세,"[아이뉴스24 류은혁 기자] 코스피가 5일만에 하락으로 돌아섰다. 간밤 뉴욕 증시가 미국 내 코로나19 확산에 따른 경기 불확실성으로 장 막판에 상승분을 모두 반납하고 하락 반전하면서 국내 증시에 악재로 작용하고 있다.8일 코스피지수는 전 거래일보다 7.85포인트(0.43%) 내린 1815.75에 거래를 시작해 오전 9시12분 현재 13.59포인트(0.75%) 하락한 1810.01에 거래되고 있다. 개인과 외국인이 각각 322억원, 168억원 순매수 중이며 기관이 507억원 순매도 중이다.간밤 뉴욕 증시는 코로나19 사태가 좀처럼 진정되지 않고 있다는 분석 속에 투자심리가 위축되면서 소폭 하락했다. 다우존스30 산업평균지수는 0.12% 내린 22653.86에 마감했다. 장 초반 1000포인트 가까이 급등했지만 결국 하락 반전했다. 스탠더드앤드푸어스(S&P)500지수는 0.16% 내렸고, 기술주 중심의 나스닥지수도 0.33% 하락했다.이날 코스피에서 시가총액 상위 10종목은 혼조세를 보이고 있다. 삼성전자(-0.71%), 삼성전자우(-0.36%), NAVER(-0.59%)가 하락세인 반면 SK하이닉스 0.12%, 삼성바이오로직스 0.10%, 셀트리온 0.71%, LG화학 2.10%의 상승세를 보이고 있다.코스닥지수는 전 거래일보다 2.44포인트(0.40%) 내린 604.46에 장을 시작해 오전 9시 14분 현재 3.70포인트(0.61%) 하락한 603.20에 거래되고 있다. 개인은 196억원 순매수 중인 반면 외국인과 기관이 각각 48억원, 67억원 순매도하고 있다.시가총액 상위 10종목은 대부분 하락세를 보이고 있다. 케이엠더블유(1.03%), 스튜디오드래곤(0.66%)를 제외하고 셀트리온헬스케어 –0.97%, 에이치엘비 –0.40%, 펄어비스 –0.85%, 씨젠 -5.07%의 내림세를 보이고 있다. ehryu@inews24.com [ⓒ 아이뉴스24 무단전재 및 재배포 금지]",/news/news_read.nhn?article_id=0000533394&office_id=031&mode=search&query=삼성바이오로직스&page=2
,"[아시아경제 오주연 기자] 신종 코로나바이러스감염증(코로나19)로 급락했던 코스피가 1800선까지 껑충 올랐다. 지난 7일 1820선에서 마감한 코스피지수는 이미 1차 기술적 반등 목표치에 근접한 수준으로, 8일은 0.4% 하락출발해 장중 1%까지 낙폭을 벌렸다. 일각에서는 단기 숨고르기 국면이 전개될 가능성을 열어둘 필요가 있다는 분석이 나온다.이날 한국거래소에 따르면 오전 9시30분 기준 코스피는 전 거래일 대비 1.04% 떨어진 1804.65를 기록했다. 1815.75로 장을 연 이후 낙폭이 커지고 있는 모습이다.시가총액 상위 종목 중 삼성전자(-1.11%), SK하이닉스(-0.70%), 삼성바이오로직스(-0.73%), 현대차(-1.33%), LG생활건강(-1.88%) 등 대부분의 종목이 하락한 가운데 LG화학(1.13%)과 삼성SDI(2.24%)는 상승했다.수급별로는 유가증권시장에서 개인이 1387억원어치를 순매수했고 외국인과 기관은 각각 142억원, 1249억원어치를 순매도했다.코스닥지수는 전 거래일 대비 0.81% 하락한 601.96를 기록했다. 코스닥시장에서도 개인이 778억원어치 사들이고 있고 외국인과 기관이 각각 337억원, 210억원어치 순매도했다.시가총액 상위 종목 중 셀트리온헬스케어(-1.94%), 에이치엘비(-0.50%), 펄어비스(-1.00%) 등이 대부분이 하락했지만 케이엠더블유(1.54%)는 상승했다.이경민 대신증권 연구원은 ""코스피 1850은 올해 고점대비 하락폭의 50% 되돌림 수준""이라면서 ""1차 기술적 반등 목표치로 해당 지수대에서는 단기 숨고르기, 과열해소 국면이 전개될 가능성을 열어놓을 필요가 있다""고 말했다.오주연 기자 moon170@asiae.co.kr <ⓒ경제를 보는 눈, 세계를 보는 창 아시아경제 무단전재 배포금지>",/news/news_read.nhn?article_id=0004657687&office_id=277&mode=search&query=삼성바이오로직스&page=2
,"(서울=뉴스1) 전민 기자 = 8일 코스피 지수와 코스닥 지수가 장초반 하락세를 보이고 있다. 미국 증시가 소폭 하락 마감한 이후 시간외 선물 지수도 내리고 있는 영향으로 보인다. 이날 오전 9시36분 기준으로 코스피 지수는 전날보다 19.73p(1.08%) 내린 1803.87에 거래 중이다. 7.85p(0.43%) 내린 1815.75으로 출발해 하락 폭을 키우고 있다.현재까지 외국인과 기관이 각각 182억원, 1249억원 순매도했다. 개인은 홀로 1325억원 순매수했다.시가총액 상위 10개 종목 중에서는 삼성전자, SK하이닉스, 삼성바이오로직스, NAVER, 셀트리온, 현대차, LG생활건강 등이 하락하고 있다. LG화학, 삼성SDI는 오르고 있다.전날(현지시간) 미국 증시에서는 장초반 급등했던 다우(-0.12%), S&P500(-0.16%), 나스닥(-0.33%) 지수가 하락 마감했다. 전날 공개된 뉴욕의 코로나 하루 사망자는 731명으로 다시 역대 최대로 치솟으면서 신종 코로나바이러스 감염증(코로나19)이 진정 국면에 접어들었는지를 놓고 엇갈린 평가가 나온 것이 영향을 줬다.장마감 이후 시간외 선물 시장에서도 현재 다우(-0.65%), S&P500(-0.33%), 나스닥(-0.20%) 등의 하락세를 보이고 있다. 코스닥 지수도 전날보다 5.43p(0.89%) 하락한 601.47으로 거래 중이다. 외국인과 기관이 각각 347억원, 210억원 순매도했다. 개인은 홀로 778억원 순매수했다.시총 상위 10개 종목 중에서는 셀트리온헬스케어, 에이치엘비, 펄어비스, CJ ENM, 씨젠, 셀트리온제약, 헬릭스미스, 코미팜 등이 하락하고 있다. 케이엠더블유는 오르고 있다.달러/원 환율은 0.4원 내린 1220.8원에 거래 중이다.min785@news1.kr© 뉴스1코리아(), 무단 전재 및 재배포 금지",/news/news_read.nhn?article_id=0004571455&office_id=421&mode=search&query=삼성바이오로직스&page=2
,"코스피가 오늘(8일) 하락세로 출발했습니다.이날 오전 9시 26분 기준 코스피는 전 거래일보다 16.21포인트(0.89%) 내린 1,807.39를 가리켰습니다.지수는 전장보다 7.85포인트(0.43%) 내린 1,815.75에서 출발해 약세 흐름을 이어가고 있습니다.유가증권시장에서는 기관과 외국인이 각각 1천65억 원, 65억 원어치를 순매도했습니다. 개인은 1천136억 원을 순매수했습니다.미국 현지시간으로 오늘(7일) 뉴욕증시에서는 신종 코로나바이러스(코로나19) 확산 추이와 국제유가 흐름을 주시하는 가운데 다우존스30 산업평균지수(-0.12%), 스탠더드앤드푸어스(S&P)500 지수(-0.16%), 나스닥 지수(-0.33%)가 모두 소폭 하락했습니다.코로나19 사태가 좀처럼 진정되지 않는 와중에 산유국들의 감산 협상 불확실성에 서부 텍사스산 원유(WTI)가 9.4% 떨어지면서 투자심리가 위축됐습니다.이원 부국증권 연구원은 ""9일 OPEC+(OPEC과 10개 주요 산유국 연대체) 긴급회의에서 원유 감산 합의가 어려울 수도 있다는 관측이 지수 하락 압력으로 작용하고 있다""며 ""세계 경제성장률 둔화에 대한 비관론도 계속 나오는 상황""이라고 설명했습니다.시가총액 상위 종목은 삼성전자(-0.91%), SK하이닉스(-0.82%), 삼성바이오로직스(-0.52%), 네이버(-0.88%), 현대차(-1.00%), LG생활건강(-1.80%), 삼성물산(-1.35%) 등이 내렸습니다.셀트리온(0.24%), LG화학(1.46%), 삼성SDI(2.24%) 등은 올랐습니다.업종별로는 기계(-1.68%), 증권(-1.67%), 섬유·의복(-1.43%), 금융(-1.34%), 의료정밀(-1.29%) 등 대부분이 약세였고 종이·목재(3.25%), 비금속광물(1.19%)만 강세입니다.같은 시각 코스닥지수는 전장보다 3.57포인트(0.59%) 내린 603.33을 나타냈습니다.지수는 전장보다 2.44포인트(0.40%) 내린 604.46으로 개장해 하락세를 지속하고 있습니다.코스닥시장에서는 개인이 792억 원을 순매수했습니다. 외국인과 기관은 각각 407억 원, 171억 원을 순매도했습니다.시총 상위주 중에는 셀트리온헬스케어(-1.33%), 에이치엘비(-0.20%), 펄어비스(-1.00%), CJ ENM(-2.18%), 씨젠(-5.52%), 셀트리온제약(-3.60%), 헬릭스미스(-0.41%), 코미팜(-4.00%) 등이 내렸습니다.케이엠더블유(1.03%), 스튜디오드래곤(0.53%) 등은 올랐습니다.[MBN 온라인뉴스팀]< Copyright ⓒ MBN(www.mbn.co.kr) 무단전재 및 재배포 금지 >",/news/news_read.nhn?article_id=0001441408&office_id=057&mode=search&query=삼성바이오로직스&page=1
3월5일부터 이달 7일까지 24일 연속 매도우위…8일도 매도세25일 순매도 기간동안 삼성전자 4조7331억원 어치 팔아치워,"[서울=뉴시스] 김동현 기자 = 외국인 투자자들이 최근 25일 거래일 연속 매도세를 보이며 역대 3번째 매도 최장 기록을 세울 것으로 예상된다. 8일 한국거래소에 따르면 외인들은 지난달 5일부터 이달 7일까지 24거래일 연속 매도세를 보이며 코스피 시장에서 13조4989억원 어치의 주식을 매도한 것으로 집계됐다. 8일 오전 10시 기준으로 외인들은 코스피 시장에서 177억원 어치의 주식을 팔며 매도 우위를 보이고 있다. 25일 연속 매도는 역대 3번째 최장 기간이며 기간대비 규모로는 역대 최대 수준이다.
 역대 사례를 살펴보면 외인들은 글로벌 금융위기가 불거졌던 2008년 6월9일부터 7월23일까지 33거래일 연속 순매도 행보를 보이며 8조9834억원에 달하는 주식을 팔아치워 최장기간 1위를 기록하고 있다. 2위는 미국과 중국 증시 불안이 동시에 나타난 가중된 2015년 8월5일부터 9월15일까지다. 이때 외인들은 29거래일 동안 5조5431억원의 주식을 팔아치우기도 했다. 외인들이 연속 순매도 기간동안 가장 많이 팔아치운 주식은 삼성전자로 4조7331억원 어치의 주식을 시장에 내다판 것으로 집계됐다. 뒤를 이어 현대차 8273억원, SK하이닉스 7715억원 등이다. 외인 매도 상위 10개 종목에는 삼성전자우 6126억원, 삼성SDI 4395억원, LG화학 4266억원, SK이노베이션 3715억원, 카카오 3715억원, LG생활건강 2908억원, 현대모비스 2402억원, 엔씨소프트 2320억원 등이다. 외국인들이 연속 순매도 기간동안 국내 주식을 모두 내다팔기만 한 것은 아니지만 최근 들어 사들인 종목의 규모는 매도 규모에 비해 턱 없이 모자란 것으로 분석된다. 외인 매수 상위 10개 종목에는 셀트리온 2187억원, 한진칼 1155억원, 넷마블 888억원, 삼성물산 437억원, LG디스플레이 361억원, 삼성바이오로직스 240억원, 한온시스템 190억원, 부광약품 185억원, 파미셀 154억원, NH투자증권 133억원 등이다. 증권가에서는 코로나19 여파가 국내에 국한되지 않고 미국을 비롯해 유럽 등 주요 국가에서 확산됨에 따라 자금 확보 차원에서 외인들의 매도 행보가 이어지고 있다는 분석이 나온다. 박상현 하이투자증권 연구원은 ""외국인 증시 이탈은 국내에 국한된 것이 아니다""라며 ""코로나19 사태가 미국과 유럽에서 진정되고 글로벌 신용 경색에 대한 우려가 완화돼야 외국인 순매도 행보가 주춤해질 수 있다""고 말했다. oj1001@newsis.com<ⓒ 공감언론 뉴시스통신사. 무단전재-재배포 금지>",/news/news_read.nhn?article_id=0009802970&office_id=003&mode=search&query=삼성바이오로직스&page=1
"개인 도합 4,000억원 이상 순매수","[서울경제] 8일 하락 출발했던 코스피가 오후 들어 상승 전환했다.이날 오후 1시38분 현재 코스피는 전거래일보다 0.11%(2.02포인트) 하락한 1,825.62포인트를 기록 중이다. 지수는 전장보다 0.43%(7.85포인트) 내린 1,815.75포인트에서 출발해 약세 흐름을 이어가다 오후 들어 상승 전환했다. 유가증권에서는 외국인이 1,359억원, 기관이 2,243억원을 순매도했으나, 개인이 3,676억원을 순매수하며 지수 상승을 견인했다. 시가총액 상위 종목에는 SK하이닉스(0.12%)와 LG화학(2.75%), 삼성SDI(3.88%) 등이 올랐고, 삼성전자(-0.81%)와 삼성바이오로직스(-0.10%), 네이버(-1.47%), 셀트리온(-0.24%), 현대차(-0.11%), LG생활건강(-0.16%) 등은 내렸다.코스닥도 상승 전환했다. 같은 시간 코스닥지수는 전일 보다 0.89%(5.41포인트) 오른 612.31포인트를 기록하고 있다. 코스닥 시장에서도 외국인과 기관이 각각 471억원, 338억원을 순매도했으나 개인 1,091억원을 순매수했다. 한편, 이날 오후 1시 44분 현재 서울 외환시장에서 원달러 환율은 전일보다 5.6원 오른 1,219.6원에 거래되고 있다. /양사록기자 sarok@sedaily.com저작권자 ⓒ 서울경제, 무단 전재 및 재배포 금지",/news/news_read.nhn?article_id=0003721343&office_id=011&mode=search&query=삼성바이오로직스&page=1
,"(서울=뉴스1) 전민 기자 = 8일 하락세를 보이던 코스피 지수와 코스닥 지수가 오후들어 상승세로 돌아섰다. 미국 시간외 주요 지수 선물이 상승 전환한 영향으로 분석된다.이날 오후 1시54분 기준으로 코스피 지수는 전날보다 10.36p(0.57%) 오른 1833.96에 거래 중이다. 7.85p(0.43%) 내린 1815.75에 출발해 개인의 순매수에 힘입어 장중 상승전환했다.현재까지 개인이 3575억원 순매수했으며, 외국인과 기관은 각각 2352억원, 2150억원 순매도 중이다.시가총액 상위 10개 종목 중 SK하이닉스와, 삼성바이오로직스, LG화학, 현대차, LG생활건강, 삼성SDI 등이 상승했다. 삼성전자, NAVER 등은 하락세다.코스닥 지수도 전일대비 7.24p(1.19%) 오른 614.14에 거래 중이다. 2.44p(0.40%) 내린 604.46로 출발해 상승세로 돌아섰다. 개인이 985억원 순매수했으며, 외국인과 기관이 각각 401억원, 298억원 순매도했다.시가총액 상위 10개 종목 중에는 펄어비스, 케이엠더블유, CJ ENM, SK머티리얼즈 등이 상승했다. 반면 셀트리온헬스케어, 에이치엘비, 셀트리온제약, 씨젠, 헬릭스미스 등은 하락했다.전날(현지시간) 미국 증시에서는 장초반 급등했던 다우(-0.12%), S&P500(-0.16%), 나스닥(-0.33%) 지수가 하락 마감했다. 전날 공개된 뉴욕의 코로나 하루 사망자는 731명으로 다시 역대 최대로 치솟으면서 신종 코로나바이러스 감염증(코로나19)이 진정 국면에 접어들었는지를 놓고 엇갈린 평가가 나온 것이 영향을 줬다.장마감 이후 시간외 선물도 하락세를 보였으나, 오후들어 상승세를 보이고 있다. 현재 다우(0.63%), S&P500(0.65%), 나스닥(0.95%) 지수 선물이 모두 오름세를 보이고 있다. 달러/원 환율은 2.3원 내린 1218.9원에 거래 중이다.min785@news1.kr© 뉴스1코리아(), 무단 전재 및 재배포 금지",/news/news_read.nhn?article_id=0004572450&office_id=421&mode=search&query=삼성바이오로직스&page=1
"외국인·기관은 '팔자'…종이·목재 상승시가총액 상위株, 혼조세","[이데일리 고준혁 기자] 8일 코스피가 상승 전환했다. 신종 코로나 바이러스 감염증(코로나19) 확진자 수가 둔화하면서 변동성이 축소하고 있는 것으로 풀이된다. 마켓포인트에 따르면 코스피 지수는 이날 오후 2시 14분 13.12포인트(0.72%) 오른 1836.72에 거래되고 있다. 장 초반 1%대 미만 하락률을 보이다 오후 1시쯤 상승 전환했다. 수급주체별로 보면 개인이 3399억원 사들이고 있다. 외국인과 기관은 1381억원, 기관은 1880억원 팔고 있다. 프로그램별로 보면 차익과 비차익을 합쳐 1626억원 순매도 중이다.업종별로는 종이·목재가 5%대 크게 오르고 있다. 이어 통신업, 비금속광물, 건설업, 화학, 유통업, 섬유·의복, 보험, 의료정밀, 철강·금속 순으로 오르고 있다. 반면 증권은 1%대 내리고 있다. 운수창고, 은행, 금융업, 서비스업은 내림세다. 시가총액 상위종목들은 혼조세다. 대장주인 삼성전자(005930)는 0.2% 내리고 있고 삼성바이오로직스(207940)도 0.1%, 네이버(035420)는 0.59% 하락 중이다. SK하이닉스(000660)와 LG화학(051910), 현대차(005380), LG생활건강(051900), 삼성SDI(006400)는 상승하고 있다. 셀트리온(068270)과 삼성물산(028260)은 보합권에 머물고 있다.고준혁 (kotaeng@edaily.co.kr)＜ⓒ종합 경제정보 미디어 이데일리 - 무단전재 & 재배포 금지＞",/news/news_read.nhn?article_id=0004615745&office_id=018&mode=search&query=삼성바이오로직스&page=1
"양대 증시, 개인 매수세에 오름세","[서울경제]
8일 오후 코스피가 등락을 반복하며 혼조세를 보이고 있다. 이날 오후 1시 55분 기준 코스피는 전 거래일보다 0.58% (10.51포인트) 오른 1,834.11을 가리키고 있다. 이날 장 개장 직후 1% 이상 떨어지며 1,800선이 붕괴되기도 했지만 이내 상승 방향으로 전환해 전일 종가(1,822.99)수준에서 등락을 반복 중이다. 유가증권시장에서는 외국인은 1,277억원, 기관은 1,823억원 규모를 각각 순매도했다. 개인은 홀로 3,241억원을 순매수하며 지수를 방어 중이다. 유가증권시장 시가총액 상위 종목에서는 삼성전자(0.6%)와 삼성바이오로직스(0.21%), 네이버(0.59%) 등이 하락 중이다. 반면 SK하이닉스(0.47%)와 LG화학(2.91%), 삼성SDI(3.88%)은 오름세를 보이고 있다. 같은 시각 코스닥은 전일보다 1.21%(7.35포인트) 오른 614.25에 거래되고 있다. 장 초반 600선이 무너지기도 했지만, 분위기를 반전해 줄곧 오름세를 보이고 있다.
코스닥시장에서는 외국인이 398억원, 기관이 296억원 규모를 각각 순매도했다. 개인은 982억원 규모를 순매수했다. /이승배기자 bae@sedaily.com저작권자 ⓒ 서울경제, 무단 전재 및 재배포 금지",/news/news_read.nhn?article_id=0003721369&office_id=011&mode=search&query=삼성바이오로직스&page=1
▶ 네이버 홈에서 [한국경제TV] 채널 구독하기 [생방송보기]▶ 대한민국 재테크 총집결! - [증권 / 주식상담 / 부동산],"[한국경제TV 이민재 기자]<앵커>주식시장 안정을 위해 12년 만에 부활된 증권시장안정펀드 가동이 하루 앞으로 다가왔습니다.대형주 비중이 높은 대표 지수에 투자를 하기 때문에 개인 투자자들은 시가총액 상위주의 수혜를 기대하고 있습니다.다만 실제 집행시기와 규모는 유동적이기 때문에 당장 투자수익으로 연결되는 재료는 되지 못할 것으로 보입니다. 이민재 기자가 알아봤습니다.<기자>증시안정펀드인 '다함께코리아펀드'의 상위펀드 운용사이자 주간운용사인 한국투자신탁운용이 9일부터 펀드 운용을 시작합니다.10조7천억원 증안펀드에서 1차로 3조원 규모로 운용하기로 했지만 증시가 상승세를 보이면서 먼저 1조원만 '캐피털콜(Capital call)' 방식으로 조성했습니다.분기 또는 임시로 열리는 투자관리위원회의 합의를 거쳐 한투운용과 하위펀드를 담당하는 26개 자산운용사가 공동으로 운용합니다.<인터뷰> 증안펀드 관계자""10%로 (운용)하고 그것의 소진 정도와 속도를 보고 추가 캐피털 콜을 하면 됩니다. 바로 돈이 들어오니까요.""증안펀드는 개별종목이 아니라 증시 전체를 대표하는 지수 상품에 투입되는데, 코스피200, 코스닥150을 추종하는 인덱스 펀드와 ETF가 투자대상 입니다.최근 증시 반등을 기대하며 대형주를 사들이고 있는 개인투자자 입장에선 반가운 소식입니다.특히 지수에서 30% 가까운 비중을 차지하는 삼성전자 뿐만 아니라 SK하이닉스, 셀트리온, 네이버, 현대차, 삼성바이오로직스 등이 반사 이득을 얻을 수 있습니다.다만 지수 급락시 자금을 투입하는 방식인 만큼 운용과 함께 매입이 시작되는 것은 아닙니다.<인터뷰> 금융투자업계 관계자""운용을 공격적으로 하기 보다 하락할 때 받치는 식으로 하지 않을까 합니다. 급락에서 안정을 주는 효과는 있을 것으로 생각합니다.""글로벌 금융위기 직후였던 2008년 약 5천억원 규모로 조성된 증시안정펀드는 주가가 급락할 때마다 매입한 결과 4년 기준 연평균 50%의 수익률을 기록한 바 있습니다.이와 관련해 노근창 현대차증권 리서치센터장은 ""개인투자자들은 단기적인 수혜보다 장기적인 관점에서 투자 벤치마크로 활용하는 것이 보다 유리하다""고 설명했습니다.한국경제TV 이민재 입니다.이민재 기자 tobemj@wowtv.co.krⓒ 한국경제TV, 무단 전재 및 재배포 금지",/news/news_read.nhn?article_id=0000862734&office_id=215&mode=search&query=삼성바이오로직스&page=1
≪이 기사는 04월08일(15:30) 자본시장의 혜안 ‘마켓인사이트’에 게재된 기사입니다≫,"씨티그룹글로벌마켓증권 IB(기업금융) 사업부의 김동욱 매니징디렉터(MD·전무)가 베인캐피탈로 영입됐다.8일 투자은행(IB) 업계에 따르면 김동욱 전무는 최근 베인캐피탈로 자리를 옮겨 사모펀드(PEF) 운용사에서의 새 출발을 시작했다. 김 전무는 베인캐피탈 내부에서 바이아웃펀드 소속이지만, 소수 전략지분 투자 위주인 크레딧펀드의 소싱 업무도 함께 담당할 예정이다.베인캐피탈은 국내에서 카버코리아(AHC), 도시바메모리, 휴젤 등의 경영권 지분에 투자했다. 2018년부터는 크레딧펀드도 활용해 이랜드월드, 태림포장 등 투자를 추진한 바 있고, 쉬완스컴퍼니 재무적투자자(FI)로 참여하기도 했다. 김 전무는 서울 서초고와 서울대 전기전자제어계측공학과를 졸업한 뒤 미국 콜롬비아대학교에서 MBA 과정을 수료했다. 미국계 컨설팅사인 베인앤컴퍼니를 거쳐 2006년 씨티그룹글로벌마켓증권에 입사했다.그는 씨티 IB 사업부에서 다양한 M&A와 기업공개(IPO) 거래를 두루 자문해왔다. 과거 두산인프라코어의 밥캣 인수와 어피너티프라이빗에쿼티-KKR의 OB맥주 공동 인수 등을 자문했으며, 특히 한화그룹 계열사 관련 거래에도 다수 참여했다. 제일모직과 삼성바이오로직스 상장 등도 자문한 바 있다.김 전무는 이같은 기여를 인정받아 2017년 IB업계 공식 최고 직급인 MD로 승진했다. 그는 씨티를 퇴사하기 직전까지도 현대차와 미국 자율주행 전문기업 앱티브의 합작법인(JV) 설립을 자문하고, 지난달 말 클로징까지 마무리한 것으로 알려졌다.김리안 기자 knra@hankyung.com ▶ ▶
 ▶
ⓒ 한국경제 & , 무단전재 및 재배포 금지",/news/news_read.nhn?article_id=0004320910&office_id=015&mode=search&query=삼성바이오로직스&page=1
"외국인 ·기관 '팔자'…종이·목재↑, 증권↓시가총액 상위株 하락 마감","[이데일리 고준혁 기자] 8일 코스피 지수가 1% 가량 하락한 1800선으로 마감했다. 신종 코로나 바이러스 감염증(코로나19) 확산이 둔화하고 주요국 정부의 경기부양책이 나오고 있음에도, 불안감이 존재하는 것으로 풀이된다. 미국 증시가 약보합으로 마감한 점도 영향을 끼쳤다. 개인 순매수에 장중 한때 상승 전환했으나 외국인과 기관의 매도가 거세지면서 하락으로 마감했다.이날 마켓포인트에 따르면 코스피 지수는 전일 대비 16.46포인트(0.90%) 오른 1807.14에 마감했다. 이날 하락 출발한 코스피 지수는 약세를 이어가다 오후 1시쯤 상승 전환, 한 때 1%가 넘게 오르기도 했다. 장 마감 30분 정도를 앞두고 외국인과 기관의 매도세가 확대되며 내림세로 마감했다. 간밤 뉴욕증시는 하락했다. 다우존스 30 산업평균지수는 전장보다 0.12% 떨어졌고, 스탠더드앤드푸어스(S&P) 500과 나스닥 지수는 각각 0.16%, 0.33% 하락했다. 수급주체별로 보면 외국인이 1394억원 순매도했다. 기관도 2839억원 주식을 팔았다. 개인 홀로 4574억원어치 순매수했다. 프로그램 매매는 차익과 비차익을 합쳐 3708억원 매도 우위를 보였다. 업종별로는 종이·목재가 4.9% 크게 올랐다. 통신업, 비금속광물, 건설업, 화학, 섬유·의복, 유통업, 보험, 의료정밀 순으로 상승 마감했다. 반면 증권과 운수창고, 전기·전자, 은행, 금융업, 기계, 제조업, 의약품, 서비스업 등은 내렸다. 시가총액 상위종목들은 하락했다. 삼성전자(005930)가 2.02% 하락 마감했다. SK하이닉스(000660), 삼성바이오로직스(207940), 네이버(035420), 셀트리온(068270) 삼성물산(028260) 등도 모두 2%대 이하로 하락 마감했다. 현대차(005380), LG생활건강(051900)은 1%대 미만 내렸다. LG화학(051910)과 삼성SDI(006400)는 올랐다. 개별 종목으로는 두산 그룹의 지분 매각 방안이 부각되면서 두산솔루스(336370)가 15.1% 오른 것을 포함 두산퓨얼셀(336260) 등 두산 관련 종목이 크게 상승했다. 페이퍼코리아(001020)와 국제약품(002720)은 상한가를 맞았다. 한편 서울 종로에 국회의원 후보로 출마한 황교안 미래통합당 대표 테마주인 한창제지(009460)는 12.6%로 크게 내렸다. 이날 거래량은 8억9300만7000주, 거래대금은 10조9903억2300만원으로 집계됐다. 상한가 2개 종목을 포함해 총 491개 종목이 상승했고 하한가 없이 총 358개 종목이 하락했다. 53개 종목은 보합권에서 거래를 마쳤다.고준혁 (kotaeng@edaily.co.kr)＜ⓒ종합 경제정보 미디어 이데일리 - 무단전재 & 재배포 금지＞",/news/news_read.nhn?article_id=0004615885&office_id=018&mode=search&query=삼성바이오로직스&page=1
,"코스닥은 소폭 상승…거래량 이틀째 역대 최대 기록(서울=연합뉴스) 김아람 기자 = 8일 코스피가 기관과 외국인의 동반 매도에 5거래일 만에 하락했다.

이날 코스피는 전 거래일보다 16.46포인트(0.90%) 내린 1,807.14로 거래를 마쳤다.

지수는 전장보다 7.85포인트(0.43%) 내린 1,815.75에서 출발해 등락을 거듭하다가 장 막판에 하락세로 돌아섰다.

유가증권시장에서는 기관과 외국인이 각각 2천856억원, 1천394억원어치를 순매도했다. 개인은 4천592억원을 순매수했다.

이로써 외국인은 지난 3월 5일부터 25거래일째 유가증권시장에서 '팔자' 행진을 이어갔다.

투자자들은 신종 코로나바이러스 감염증(코로나19) 확산 추이와 산유국들의 원유 감산 합의 불확실성 등을 주시했다.

이영곤 하나금융투자 연구원은 ""시장이 뚜렷한 방향성을 보이지 못한 가운데 보합권을 중심으로 계속 등락했다""며 ""코로나19나 국제 유가 등에 관한 뉴스에 따라 지수가 일희일비하며 불안정한 흐름을 보이고 있다""고 설명했다.

시가총액 상위 종목은 삼성전자(-2.02%), SK하이닉스(-1.52%), 삼성바이오로직스(-1.04%), 네이버(-1.77%), 셀트리온(-1.43%), 현대차(-0.44%), LG생활건강(-0.98%), 삼성물산(-1.46%) 등이 내렸다.

LG화학(1.29%), 삼성SDI(2.04%) 등은 올랐다.

업종별로는 종이·목재(3.62%), 통신(1.20%), 비금속광물(0.80%), 건설(0.64%) 등이 강세를 보이고 증권(-2.41%), 운수창고(1.89%), 전기·전자(-1.62%), 은행(-1.40%) 등은 약세였다.

주가가 오른 종목은 493개, 내린 종목은 358개였다. 보합은 53개 종목이었다.

프로그램 매매는 차익거래와 비차익거래는 모두 매도 우위로, 전체적으로는 3천708억원의 순매도로 집계됐다.

유가증권시장의 거래량은 8억8천762만주, 거래대금은 10조9천769억원이었다.

코스닥지수는 전장보다 0.47포인트(0.08%) 오른 607.37로 마감했다.

지수는 전장보다 2.44포인트(0.40%) 내린 604.46으로 개장한 후 상승세로 전환했다.

코스닥시장에서는 개인이 1천632억원을 순매수했다. 외국인과 기관은 각각 1천15억원, 364억원을 순매도했다.

시총 상위주 중에는 셀트리온헬스케어(-2.79%), 에이치엘비(-1.60%), 펄어비스(-2.35%), CJ ENM(-0.66%), 셀트리온제약(-4.20%), 스튜디오드래곤(-0.66%), 헬릭스미스(-3.12%) 등이 내렸다.

씨젠(7.89%), 케이엠더블유(3.25%), SK머티리얼즈(2.90%) 등은 올랐다.

코스닥시장의 거래량은 22억676만주로 전날에 이어 이틀째 코스닥 시장 출범(1996년 7월 1일) 이후 최대 기록을 경신했다. 거래대금은 12조4천355억원 수준이었다.

서울 외환시장에서 원/달러 환율은 전날보다 달러당 0.3원 내린 1,220.9원에 마감했다.

rice@yna.co.kr",/news/news_read.nhn?article_id=0011533217&office_id=001&mode=search&query=삼성바이오로직스&page=1
▶ 네이버 홈에서 [한국경제TV] 채널 구독하기 [생방송보기]▶ 대한민국 재테크 총집결! - [증권 / 주식상담 / 부동산],"[한국경제TV 신재근 기자](사진=8일 코스피 종가)코스피가 5거래일 만에 하락 마감했다.8일 코스피는 전 거래일 대비 16.46포인트(-0.90%) 내린 1,807.14에 거래를 마쳤다.이날 지수는 국제유가가 급락했음에도 개인과 연기금의 매수를 앞세워 장중 1,842.16까지 올랐다.하지만 미국 S&P500 선물 지수가 하락 전환하자 코스피도 동조화 경향을 보이며 상승분을 반납했다.노동길 NH투자증권 연구원은 ""유럽에서 재정정책과 관련한 합의가 실패했다는 소식에 미국 선물이 하락으로 전환했다""라고 분석했다.장중 유럽연합(EU)이 신종 코로나바이러스 감염증(코로나19) 사태에 대응하기 위한 부양책 합의에 이르지 못했다는 소식이 미국 선물과 국내 주식시장에 악재로 작용한 것이다.수급에서는 개인(4,572억원)이 전기·전자를 중심으로 순매수를 한 가운데 외국인(-1,394억원)과 기관(-2,839억원)이 동반 매도했다.비록 외국인이 25거래일 연속 순매도를 이어갔지만 전기·전자 업종만큼은 이틀 연속 순매수를 했다.증시 변동폭이 확대되자 코스피 시가총액 상위 종목도 대부분 하락 마감했다.LG화학(1.29%)과 삼성SDI(2.04%)가 올랐지만, 삼성전자(-2.02%)와 SK하이닉스(-1.52%), 삼성바이오로직스(-1.04%), NAVER(-1.77%), 셀트리온(-1.43%), 현대차(-0.44%), LG생활건강(-0.98%), 삼성물산(-1.46%)은 내렸다.코스닥은 소폭 올랐다.이날 코스닥지수는 전장보다 0.47포인트(0.08%) 오른 607.37에 장을 마쳤다.외국인(-1,015억원)과 기관(-362억원)이 팔자에 나섰지만, 개인(1,631억원)이 지수 하락을 방어했다.코스닥 업종별로는 혼조 양상을 보인 가운데 종이·목재(3.07%)와 IT부품(1.55%)의 상승이 두드러졌다.코스닥 시총 상위 종목에서는 씨젠(7.89%)이 진단키트 수혜 모멘텀에 힘입어 강세를 보였고 케이엠더블유(3.25%)와 SK머티리얼즈(2.90%)도 상승했다.반면 셀트리온헬스케어(-2.79%)와 에이치엘비(-1.60%), 펄어비스(-2.35%), CJ ENM(-0.66%), 셀트리온제약(-4.20%), 스튜디오드래곤(-0.66%), 헬릭스미스(-3.12%)는 하락했다.원/달러 환율은 약보합을 기록했다.서울 외환시장에서 원/달러 환율은 전날보다 0.3원 내린 달러당 1,220.9원에 종가가 결정됐다.신재근기자 jkluv@wowtv.co.krⓒ 한국경제TV, 무단 전재 및 재배포 금지",/news/news_read.nhn?article_id=0000862755&office_id=215&mode=search&query=삼성바이오로직스&page=1
,"[서울=뉴시스]신항섭 기자 = 코스피가 기관과 외국인의 쌍끌이 매도세에 약보합으로 장을 마쳤다. 특히 외국인은 역대 3번째 최장 기록인 25거래일 연속 순매도했다. 8일 코스피는 전 거래일(1823.60)보다 16.46포인트(0.90%) 내린 1807.14에 마감했다. 이날 지수는 전 거래일보다 7.85포인트(0.43%) 내린 1815.75에 출발한 뒤 장중 상승 1% 상승하기도 했으나 장 막바지 반락해 장을 마쳤다.이에 대해 서상영 키움증권 연구원은 ""국제유가 하락과 미국의 코로나 사망자 수 증가로 하락 출발했으나 이탈리아에 이어 미국에서도 경제 재개를 시사하는 발언이 나오면서 코로나 피해 기업들 중 일부가 강세를 보였다""며 ""개별 종목의 변화에 따라 지수가 등락하는 종목 장세를 보였다""고 설명했다.이날 유가증권시장에서 기관과 외국인의 순매도세가 나타났다. 이날 기관은 2840억원 순매도해 증시를 압박했고, 외국인은 1394억원 매도우위다. 반면 개인들은 4576억원 순매수했다. 이날까지 외국인은 25거래일 연속 순매도해 역대 3번째 최장기간을 이어가고 있다.업종별로는 종이목재(3.62%)가 가장 크게 상승했고, 통신업(1.20%), 비금속광물(0.80%), 건설업(0.64%), 화학(0.50%), 섬유의복(0.33%), 유통업(0.23%), 보험(0.17%), 의료정밀(0.07%) 등도 올랐다. 반면 글로벌 신평사가 국내 증권사에 대한 신용등급 하향 조정을 검토한다는 소식에 증권(-2.41%) 업종이 가장 크게 떨어졌고, 운수창고(-1.89%), 전기전자(-1.62%), 은행(-1.40%), 금융업(-1.23%), 기계(-1.17%), 의약품(-0.98%), 서비스업(-0.90%) 등도 하락했다.시가총액 상위 종목 가운데에서는 삼성SDI(2.04%)와 LG화학(1.29%)만이 상승했고 나머지는 모두 하락했다. 대장주인 삼성은 2% 떨어졌고, SK하이닉스도 1.5% 내렸다. 네이버, 셀트리온, 삼성바이오로직스 등도 1% 가량 내렸고, 현대차와 LG생활건강은 약보합을 기록했다.코스닥 지수는 전 거래일(606.90)보다 0.47포인트(0.08%) 오른 607.37에 마감했다. 0.4% 하락한 604.46에 출발했으나 개인의 매수세에 힘입어 반등에 성공했다.코스닥시장에서도 개인투자자 홀로 순매수해 증시를 방어했다. 개인이 1634억원을 순매수한 반면 외국인은 1015억원, 기관은 3664억원을 각각 순매도했다.코스닥시장 내 시총 10개 종목들 대부분이 하락했다. 씨젠(7.89%)이 가장 크게 올랐으며 케이엠더블유(3.25%), SK머티리얼즈(2.90%)도 강세를 기록했다. 반면 셀트리온제약(-4.20%), 셀트리온헬스케어(-2.79%), 펄어비스(-2.35%), 헬릭스미스(-3.12%), 에이치엘비(-1.60%) 등은 약세를 보였다. hangseob@newsis.com<ⓒ 공감언론 뉴시스통신사. 무단전재-재배포 금지>",/news/news_read.nhn?article_id=0009804151&office_id=003&mode=search&query=삼성바이오로직스&page=1
,"손희연 기자 son90@mt.co.kr
<저작권자 ⓒ '성공을 꿈꾸는 사람들의 경제 뉴스' 머니S, 무단전재 및 재배포 금지>",/news/news_read.nhn?article_id=0000528668&office_id=417&mode=search&query=삼성바이오로직스&page=1
"美 시간외 선물 혼조세…현재는 소폭 하락세달러/원 환율, 0.3원 내린 1220.9원","(서울=뉴스1) 전민 기자 = 8일 코스피 지수가 하락해 1800선에서 마감했다. 미국 증시와 시간외 지수 선물이 하락세를 보인 영향으로 분석된다. 코스닥 지수는 소폭 상승했다. 이날 코스피 지수는 전날보다 16.46p(0.90%) 내린 1807.14으로 마감했다. 7.85p(0.43%) 하락한 1815.75로 출발해 장중 혼조세를 보이며 한때 1842.16까지 오르기도 했으나 외국인과 기관의 순매도에 하락 마감했다.코스피 시장에서 개인은 4578억원 순매수했다. 외국인과 기관은 각각 1381억원, 2842억원 순매도했다.시가총액 상위 10개 종목은 삼성전자(-2.02%), SK하이닉스(-1.52%), 삼성바이오로직스(-1.04%), NAVER(-1.77%), 셀트리온(-1.43%), 현대차(-0.44%), LG생활건강(-0.98%) 등이 하락했다. LG화학(1.29%), 삼성SDI(2.04%) 등은 상승했다. 업종별로는 증권(-2.41%), 운수창고(-1.89%), 전기전자(-1.62%), 은행(-1.40%) 등이 내렸다. 종이목재(3.62%), 통신업(1.20%), 비금속광물(0.80%) 등은 올랐다.코스닥 지수는 전일대비 0.47p(0.08%) 오른 607.37으로 거래를 끝냈다. 개인이 1632억원 순매수했으며, 외국인과 기관은 1019억원, 364억원 순매도했다.시가총액 상위 종목 중에서는 셀트리온헬스케어(-2.79%), 에이치엘비(-1.60%), 펄어비스(-2.35%), CJ ENM(-0.66%), 셀트리온제약(-4.20%), 스튜디오드래곤(-0.66%), 헬릭스미스(-3.12%) 등이 하락했다. 씨젠(7.89%), 케이엠더블유(3.25%), SK머티리얼즈(2.90%) 등은 상승했다.전날(현지시간) 미국 증시에서는 장초반 급등했던 다우(-0.12%), S&P500(-0.16%), 나스닥(-0.33%) 지수가 하락 마감했다. 전날 공개된 뉴욕의 코로나 하루 사망자는 731명으로 다시 역대 최대로 치솟으면서 신종 코로나바이러스 감염증(코로나19)이 진정 국면에 접어들었는지를 놓고 엇갈린 평가가 나온 것이 영향을 줬다.장마감 이후 시간외 선물은 혼조세를 보였다. 현재는 3대 지수 선물이 0.1~0.3%대 하락세를 보이고 있다.노동길 NH투자증권 연구원은 ""각국이 코로나19 대응을 위한 정책을 내놓고 있는 가운데, 국내 증시는 미국 시간외 선물에 동조하며 등락했다""고 설명했다.달러/원 환율은 전일대비 0.3원 내린 1220.9원으로 마쳤다.min785@news1.kr© 뉴스1코리아(), 무단 전재 및 재배포 금지",/news/news_read.nhn?article_id=0004573098&office_id=421&mode=search&query=삼성바이오로직스&page=1
개인 4500억 순매수코스닥은 소폭 상승,"[서울경제] 코스피가 5거래일 만에 하락으로 돌아섰다.8일 코스피는 전 거래일보다 0.90%(16.46포인트) 내린 1,807.14포인트로 거래를 마쳤다.지수는 전장보다 0.43%(7.85포인트) 내린 1,815.75포인트에서 출발해 등락을 거듭하다가 장 막판에 하락세로 돌아섰다.서상영 키움증권 연구원은 “이탈리아와 미국 경제 재개 시사 발언이 나온 데 힘입어 코로나 피해 기업 중 일부가 강세를 보였으나, 유가의 변동성 확대 및 재무장관 코로나 공동대책 실패로 인해 장 막판 하락세를 보였다”고 설명했다. 유가증권에서는 개인이 4,576억원 어치를 순매수했으나, 외국인과 기관이 각각 1,381억원, 2,840억원을 순매도했다.시가총액 상위종목 중에는 삼성전자(-2.02%)와 SK하이닉스(-1.52%), 삼성바이오로직스(-1.04%), 네이버(-1.77%), 셀트리온(-1.43%), 현대차(-0.44%), LG생활건강(-0.98%) 등이 내리고, LG화학(1.29%)과 삼성SDI(2.04%)만 올랐다. 코스닥지수는 전장보다 0.08%(0.47포인트) 오른 607.37로 마감했다. 지수는 전장보다 0.40%(2.44포인트) 내린 604.46포인트로 개장했으나, 이내 상승 전환했다.코스닥시장에서는 개인이 1,632억원어치를 순매수했으나, 외국인과 기관이 각각 1,019억원, 364억원을 순매도했다.시가총액 상위 종목 중에는 씨젠(7.89%)과 케이엠더블유(3.25%), SK머티리얼즈(2.90%) 등이 올랐고, 셀트리온헬스케어(-2.79%)와 에이치엘비(-1.60), 펄어비스(-2.35%), CJ ENM(-0.66%), 셀트리온제약(-4.20%), 스튜디오드래곤(-0.66%), 헬릭스미스(-3.12%) 등은 내렸다. 한편, 이날 서울 외환시장에서 원·달러 환율은 전일보다 0.3원 내린 1,220.9원으로 마감했다. /양사록기자 sarok@sedaily.com저작권자 ⓒ 서울경제, 무단 전재 및 재배포 금지",/news/news_read.nhn?article_id=0003721457&office_id=011&mode=search&query=삼성바이오로직스&page=1
,"[아시아경제 오주연 기자] 국내 증시가 장 막판 하락 마감했다. 장중 1%대 상승하며 1840선까지 올라섰던 코스피는 장 마감 직전 상승분을 죄다 토해내며 결국 1800선은 유지했지만 1% 근접한 수준으로 하락마감했다. 코스닥지수도 1%대 상승분을 반납하고 0.08%대 소폭 상승 마감했다.8일 코스피는 전 거래일 대비 0.90% 하락한 1807.14로 장을 마쳤다. 수급별로는 개인이 4566억원어치 사들인반면 외국인과 기관은 각각 1396억원, 2829억원어치 순매도했다.이날 코스피는 오전 장중 1%대 상승하며 1842.16까지 올랐지만 오후 들어 상승분을 반납, 하락으로 돌아섰다.시가총액 상위 종목 대다수가 하락 마감했다. 삼성전자는 전 거래일 대비 2.02% 떨어졌고 SK하이닉스는 1.52% 하락해 각각 4만8600원, 8만4500원에 거래를 마쳤다.삼성바이오로직스(-1.04%), NAVER(-1.77%), 셀트리온(-1.43%) 등도 하락했다.LG화학(1.29%)과 삼성SDI(2.04%)는 상승마감했다.코스닥지수는 전 거래일 대비 0.08% 오른 607.37로 장을 마쳤다. 개인이 1637억원어치 순매수했으며 외국인과 기관이 각각 1016억원, 360억원어치 팔아치웠다.시가총액 상위 종목 중 셀트리온헬스케어(-2.79%), 에이치엘비(-1.60%), 펄어비스(-2.35%) 등이 하락했고 씨젠(7.89%)과케이엠더블유(3.25%)는 상승했다.이날 장 막판 증시가 하락한 요인은 유럽연합(EU)이 신종 코로나바이러스 감염증(코로나19) 사태에 대응하기 위한 부양책 합의에 이르지 못했다는 소식이 전해졌기 때문이라는 설명이다.서상영 키움증권 연구원은 ""유가의 변동성이 확대된데다 EU 재무장관 회의서 코로나 공동대책 합의가 실패했다""고 분석했다.마리우 센테누 유로그룹(유로존 재무장관 협의체)의장은 이날 트위터를 통해 ""EU 회원국 재무장관들이 16시간 동안 회의해 합의에 근접했으나 확정되진 못했다""고 언급했다.오주연 기자 moon170@asiae.co.kr <ⓒ경제를 보는 눈, 세계를 보는 창 아시아경제 무단전재 배포금지>",/news/news_read.nhn?article_id=0004658176&office_id=277&mode=search&query=삼성바이오로직스&page=1
코스닥지수 소폭 오름세로 장 마감,"코스피 지수가 외국인과 기관의 동반 순매도 행진 속에서도 1800선을 지켜냈다. 8일 코스피 지수는 전장대비 16.46포인트(0.90%) 하락한 1807.14에서 거래를 마쳤다. 개인이 홀로 4595억원을 순매수한 가운데 외국인과 기관이 각각 1394억원, 2860억원을 동반 순매도했다.업종별 지수 등락율은 희비가 엇갈렸다. 음식료품(-0.54%)와 의약품(-0.98%), 철강·금속(-0.48%), 기계(-1.17%), 전기·전자(-1.62%)는 하락세를 기록한 반면 섬유·의복(0.33%), 종이·목재(3.62%), 화학(0.50%), 비금속광물(0.80%) 등이 상승세로 거래를 마쳤다.시가총액 상위종목들도 혼조세를 보였다. 삼성전자(-1.01%), SK하이닉스(-0.70%), 삼성바이오로직스(-0.73%), 네이버(-0.59%), 현대차(-1.22%)는 하락세를 기록한 반면 셀트리온(0.24%), LG화학(1.13%), 삼성SDI(2.45%) 등은 상승세로 장을 마감했다.코스닥 지수는 전장대비 0.47포인트(0.08%) 상승한 607.37에서 거래를 마쳤다.노동길 NH투자증권 연구원은 ""이날 코스피는 미국 매크로 지표 악화와 미국 증시의 고점대비 낙폭 확대에도 개인 순매수 덕에 장중 낙폭을 줄였다""며 ""단기적 관점에서는 미국 코로나19 정점 통과 기대 선반영에 비교적 양호할 수준을 보일 것""이라고 말했다.데일리안 이미경 기자 (esit917@dailian.co.kr)ⓒ (주)데일리안 - 무단전재, 변형, 무단배포 금지",/news/news_read.nhn?article_id=0002394715&office_id=119&mode=search&query=삼성바이오로직스&page=1
코스피 약보합세…0.90% 내린 1807.14 마감,"[더팩트ㅣ박경현 기자] 코스피와 코스닥이 장중 혼조를 겪다 보합세로 마감했다.8일 코스피는 전장 대비 16.46포인트(-0.90%)내린 1807.14에 장을 마쳤다. 코스피시장은 이날 개인 홀로 4589억 원을 사들인 반면 외국인과 기관은 각각 1373억 원, 2862억 원을 팔아치웠다.시가총액 상위 종목은 대부분 내림세를 보였다. 삼성전자는 이날 다시 2.02% 떨어져 4만8600원에 장을 마쳤다. 이어 SK하이닉스(-1.52%), 삼성전자우(-0.24%), 삼성바이오로직스(-1.04%), NAVER(-1.77%), 셀트리온(-1.43%), 현대차(-0.44%), LG생활건강(-0.98%)이 내렸다. 반면 LG화학(+1.29%)과 삼성SDI(+2.04%)는 올랐다.이날 업종은 건강관리기술(+12.21%)이 상승폭이 컸던 가운데 전문소매, 도로와철도운송, 종이와목재, 건강관리업체 및 서비스가 5%가량 올랐다. 반면 항공사, 건축제품, 광고, 은행, 증권이 2~4%가량 내렸다.코스닥 시장은 전날 뉴욕증시 하락의 영향을 받아 하락장으로 시작했다가 전일대비 0.47포인트(+0.08%)가량 오른 607.37에 장을 마감했다.코스닥에서도 개인이 매수포지션을 유지한 가운데 개인은 1634억 원을 사들인 반면 외국인과 기관은 각각 1018억 원, 366억 원을 순매도했다.이날 코스닥 시가총액별 상위종목 주가역시 대부분 하락했다. 셀트리온헬스케어(-2.79%), 에이치엘비(-1.60%), CJ ENM(-0.66%), 셀트리온제약(-4.20%), 스튜디오드래곤(-0.66%), 헬릭스미스(-3.12%)가 내린 가운데 씨젠(+7.89%), 케이엠더블유(+3.25%), SK머티리얼즈(+2.90%)는 오름세로 장을 마쳤다.pkh@tf.co.kr저작권자 ⓒ 특종에 강한 더팩트 & tf.co.kr 무단 전재 및 재배포 금지",/news/news_read.nhn?article_id=0000022013&office_id=629&mode=search&query=삼성바이오로직스&page=1
"외국인, 8일 삼성전자 923억 원 순매수","[더팩트ㅣ박경현 기자] 8일 코스피는 기관의 매수세가 높아지며 지수 상승을 보였지만 3시 이후 매도물량이 나오며 상승을 멈추고 보합권에 마감했다. 이날 개인이 홀로 4589억 원을 사들인 반면 외국인과 기관은 각각 1373억 원, 2862억 원을 팔아치웠다.이날 외국인 투자자의 코스피기업 최대 매수는 삼성전자로 향했다. 외국인은 삼성전자 923억 원, 삼성SDI 207억 원, LG화학 167억 원, 삼성전자우 144억 원 순으로 순매수했다.반면 강원랜드는 203억 원가량 팔아치웠다. 뒤를 이어 카카오 171억 원, KB금융 155억 원, LG전자와 삼성생명을 각 138억 원가량 순매도했다.코스닥 시장에서는 케이엠더블유(117억 원), RFHIC(37억 원), 컴투스(32억 원)를 사들인 반면 셀트리온헬스케어(446억 원), 스튜디오드래곤(150억 원), 셀리버리(37억 원)을 순매도했다.기관은 코스피시장에서 LG화학에 91억 원을 순매수했다. 이어 현대차 80억 원, 삼성생명 63억 원을 사들였다.반면 삼성전자는 1414억 원 순매도했다. 또한 NAVER 288억 원, 엔씨소프트 167억 원을 팔아치웠다.8일 코스피 시가총액 상위 종목은 대부분 내림세였다. 삼성전자는 이날 2.02% 떨어져 4만8600원에 장을 마쳤다. 이어 SK하이닉스(-1.52%), 삼성전자우(-0.24%), 삼성바이오로직스(-1.04%), NAVER(-1.77%), 셀트리온(-1.43%), 현대차(-0.44%), LG생활건강(-0.98%)이 내렸다. 반면 LG화학(+1.29%)과 삼성SDI(+2.04%)는 올랐다.pkh@tf.co.kr저작권자 ⓒ 특종에 강한 더팩트 & tf.co.kr 무단 전재 및 재배포 금지",/news/news_read.nhn?article_id=0000022031&office_id=629&mode=search&query=삼성바이오로직스&page=1
,"[머니투데이 김소연 기자]
KT&G의 회계처리 위반 혐의와 관련해 오는 9일 첫 감리위원회가 열린다. 금융감독원은 지난달 KT&G가 2011년 이명박 정부 시절 인수한 인도네시아 담배회사 트리삭티와 관련해 고의로 회계처리 기준을 위반했다고 결론 내리고 회사 측에 중징계를 예고한 바 있다. 금융위원회 산하 회계전문기구인 감리위원회에 KT&G 회계 위반 건이 상정되는 것은 이번이 처음이다. 금감원 판단을 감리위와 증권선물위원회가 받아들일 경우 KT&G가 느낄 압박은 무척 크다. 8일 금융투자업계와 회계업계 등에 따르면 오는 9일 오후 2시경 진행될 제5차 감리위원회에 KT&G 회계 위반건이 상정된 것으로 확인됐다. 지난 3월 금감원이 KT&G에 조치사전통지서를 보내 검찰 통보, 임원 해임 등을 포함한 중징계를 예고하면서 감리위도 3월 중 진행될 예정이었지만, 코로나19(COVID-19) 사태가 확산되면서 4월로 미뤄졌다. '사회적 거리두기' 기간이 2주간 연장됐지만, 사안의 중대성을 고려해 이번 감리위 안건에 포함시킨 것으로 전해졌다. 회계처리 위반 핵심 혐의는 KT&G 종속회사인 트리삭티와 연관돼 있다. 금감원은
KT&G가 인도네시아 담배업체 트리삭티를 인수하는 과정에서 '고의적 분식' 행위를 저지른 것으로 판단했다. KT&G는 2011년 인도네시아 트리삭티 경영권을 보유한 싱가포르 소재 특수목적회사(SPC) 렌졸룩 지분 100%를 인수했다. KT&G는 수년간에 걸쳐 렌졸룩과 트리삭티 잔여 지분을 인수하기 위해 총 2300억원을 썼다. 이 과정에서 KT&G는 트리삭티에 대해 '실질 지배력'이 없는데도 연결재무제표를 작성했고, 이것이 회계처리기준 위반이라는 것이 금감원의 주장이다. 인수 당시 렌졸룩을 통해 트리삭티 지분 50% 이상을 갖고 있었지만 구주주와의 숨겨진 계약에 따라 실질적인 지배력이 없었음에도 고의로 연결재무제표를 작성했다는 것이다. 이는 국제회계기준(IFRS) 연결기준서상 판단 문제라는 점에서 삼성바이오로직스 사건을 연상케 한다. 앞서 금융당국은 삼성바이오로직스가 삼성바이오에피스를 종속회사에서 관계회사로 변경한 것을 두고 이재용 부회장의 불법승계를 위한 회계위반으로 규정한 바 있다. 그러나 IFRS는 기업 재량권을 폭넓게 인정하기 때문에 논란이 지속되고 있다. 이번 KT&G의 경우에도 회계업계 일각에서는 지분이 50%+1주만 돼도 종속회사로 분류할 수 있다고 보는 만큼 논란이 있을 것으로 예상된다. 또 금감원은 KT&G가 중동 거래업체인 알로코자이와의 계약에서 하자 있는 제품에 대한 충당부채를 덜 쌓았다는 점도 회계처리 위반 사유로 제시한 것으로 전해졌다. 전 대표가 연임을 위해 외형 확장을 추진하는 과정에서 고의로 회계처리 위반행위가 이뤄졌다는 판단이다. 금감원의 감리 조치 안이 이번에 열릴 감리위원회나 앞으로 열릴 증권선물위원회에서 원안과 유사하게 받아들여질 경우 검찰통보로 문제가 커질 수 있다. 증권업계는 KT&G의 트리삭티 관련 위반금액이 2000억원을 넘지 않기 때문에 조치 대상이 되지 않을 것으로 보고 있으나 감리위원회 결과를 일단 봐야 한다. KT&G 관계자는 ""당사는 2년반 동안 금감원 감리 절차 진행 중에 성실히 소명해왔다""며 ""트리삭티는 당시 지분이 51% 있었기 때문에 실질 지배력이 있다고 보고 그를 소명해왔고 남은 절차에서도 적극 소명해 받아들여질 것으로 본다""고 말했다. 김소연 기자 nicksy@
<저작권자 ⓒ '돈이 보이는 리얼타임 뉴스' 머니투데이, 무단전재 및 재배포 금지>",/news/news_read.nhn?article_id=0004391390&office_id=008&mode=search&query=삼성바이오로직스&page=1
