head,text,url
▶ 헉! 소리나는 스!토리 뉴스 [헉스]▶ '아는 척'하고 싶은 당신을 위한 [두유노우]▶ 한눈에 보는 [4·15총선 NEWS MAP],"[파이낸셜뉴스] 삼성바이오로직스는 파멥신과 항암 및 질환성 신생혈관 치료용 후보물질(PMC-402)에 대한 위탁개발(CDO)계약을 체결했다고 6일 밝혔다.
 이번 계약으로 삼성바이오로직스는 파멥신의 'PMC-402'의 세포주 개발에서부터 공정개발, 임상시료 생산 및 임상시험계획(IND) 제출 지원, 비임상 및 글로벌 임상물질 생산 등 CDO 전 과정의 서비스를 제공하게 된다.
 파멥신은 글로벌 임상 2상을 진행 중인 올린바시맵을 개발할 당시에는 삼성바이오로직스와 같은 글로벌 수준의 CDO 서비스를 제공하는 국내 파트너사가 없어 해외 파트너와 협력해서 진행했다.
 하지만 삼성바이오로직스가 밸류체인을 확대하고 글로벌 최고 수준의 CDO 경쟁력을 갖추게 됨에 따라 이번 후보물질을 시작으로 양사의 전략적인 제휴가 가능해졌다.
 파멥신에 따르면 'PMC-402'는 모세혈관 등에서 새롭게 증식되는 혈관인 질환성 신생혈관의 정상혈관화를 돕는 물질이다. 질환성 신생혈관은 누수가 많은 다공성의 특징을 갖고 있으며 각종 종양 및 노인성 황반변성에서 주로 나타나는 것으로 알려졌다.
 파멥신 유진산 대표는 ""사전연구를 통해 단독투여 및 면역항암제와의 병용투여에서 'PMC-402'의 항암효과를 확인했다""며 ""당뇨병성 망막증, 노인성 황반변성 등 비정상적인 혈관으로 인한 안과질환에도 효과가 있을 것으로 기대된다""고 밝혔다.
 이어 그는 ""올해부터 'PMC-402'의 안전성 증명 시험을 진행하고 2021년 글로벌 임상 1상 돌입을 통해 신약개발에 도전할 것""이라고 밝혔다.
 삼성바이오로직스 김태한 사장은 ""삼성바이오로직스는 글로벌 경쟁력을 갖춘 위탁연구(CRO), 위탁개발(CDO), 위탁생산(CMO)의 일괄 공급 서비스로 경쟁력 있는 후보물질을 갖고 있는 국내 바이오벤처의 신약 개발을 최대한 지원하고 있다""며 ""국내외 바이오벤처들이 삼성바이오로직스와의 전략적인 파트너십을 통해 제품개발의 가속화뿐 아니라 본업인 후보물질 발굴에 집중해 더 큰 성과를 낼 수 있게 되길 기대한다""고 밝혔다.



 ※ 저작권자 ⓒ 파이낸셜뉴스. 무단 전재-재배포 금지",/news/news_read.nhn?article_id=0004403030&office_id=014&mode=search&query=삼성바이오로직스&page=3
,"[머니투데이 김소연 기자] 코스피 지수가 기관 매수세에 상승 출발했다. 지난 금요일 뉴욕 증시는 고용보고서 부진 여파로 약세 마감했지만, 국내는 코로나19 신규 확진자수 진정 추세에 재정확대 정책 등으로 투자심리가 개선된 것으로 풀이된다. 6일 오전 9시12분 코스피 지수는 전일대비 19.87포인트(1.15%) 오른 1745.31을 나타내고 있다. 이 시각 현재 기관이 홀로 929억원 어치 순매수하고 있다. 개인과 외국인은 각각 713억원, 191억원 매도 우위다. 업종별로는 대부분 빨간 불을 켠 가운데 의료정밀, 전기가스업이 약보합세를 기록 중이다. 반면 의약품, 음식료품은 3%대 강세를 나타내고 있고 화학, 보험, 기계 등도 1%대 상승세다. 시가총액 상위종목들도 모두 오름세다. 삼성전자와 SK하이닉스가 1% 안팎 상승하고 있다. 셀트리온은 4%대 올라 시총 10위 중 가장 상승폭이 크고 이어 삼성바이오로직스, LG생활건강이 2~3%대 강세다. 코스닥 지수도 전일대비 7.44포인트(1.30%) 오른 580.45를 나타내고 있다. 외국인이 홀로 71억원 매도 우위고, 개인과 기관은 각각 108억원, 18억원 순매수세다. 코스닥 업종들도 대부분 상승세인 가운데 유통이 3%대 강세고, 음식료담배, 제약은 2%대 오름세다. 반면 오락문화, 정보기기 등은 약보합세다. 코스닥 시총 상위주들도 셀트리온헬스케어와 셀트리온제약이 4~5% 오르는 등 강세다. 10위권 내 CJ ENM만 약보합세다. 김소연 기자 nicksy@
<저작권자 ⓒ '돈이 보이는 리얼타임 뉴스' 머니투데이, 무단전재 및 재배포 금지>",/news/news_read.nhn?article_id=0004389596&office_id=008&mode=search&query=삼성바이오로직스&page=3
세포주 개발~임상물질 생산 서비스,"[서울경제] 가 국내 바이오벤처 파멥신의 항암·질환성 신생혈관 치료용 후보물질 ‘PMC-402’ 위탁개발(CDO)을 맡았다고 6일 밝혔다.삼성바이오로직스는 ‘PMC-402’의 세포주 개발에서부터 공정개발, 임상시료 생산 및 임상시험계획(IND) 제출 지원, 비임상 및 글로벌 임상물질 생산 등 CDO 전 과정의 서비스를 제공한다.‘PMC-402’는 모세혈관 등에서 새로 증식되는 질환성 신생혈관의 정상화를 돕는다. 질환성 신생혈관은 구멍이 많아 누수가 일어난다. 각종 종양이나 노인성 황반변성에서 주로 나타나는 것으로 알려졌다.유진산 파멥신 대표는 “사전연구를 통해 단독투여나 면역항암제와의 병용투여에서 ‘PMC-402’의 항암효과를 확인했다”며 “당뇨병성 망막증, 노인성 황반변성 등 비정상적인 혈관으로 인한 안과질환에도 효과가 있을 것으로 기대된다”고 밝혔다. 파멥신은 내년 ‘PMC-402’의 글로벌 임상 1상에 돌입해 신약개발에 도전할 계획이다.김태한 삼성바이오로직스 사장은 “글로벌 경쟁력을 갖춘 위탁 연구(CRO), CDO, 위탁생산(CMO)을 통해 바이오벤처의 신약 개발을 지원하고 있다”고 말했다./임진혁기자 liberal@sedaily.com저작권자 ⓒ 서울경제, 무단 전재 및 재배포 금지",/news/news_read.nhn?article_id=0003719884&office_id=011&mode=search&query=삼성바이오로직스&page=2
'PMC-402' 세포주 개발서 글로벌 임상물질 생산까지 CDO 전과정 서비스,"[서울=뉴시스] 송연주 기자 = 삼성바이오로직스는 파멥신과 항암 및 질환성 신생혈관 치료용 후보물질(PMC-402)에 대한 위탁개발(CDO: Contract Development Organization) 계약을 체결했다고 6일 밝혔다.이에 따라 삼성바이오로직스는 파멥신의 PMC-402 세포주 개발에서부터 공정개발, 임상시료 생산 및 임상시험계획(IND) 제출 지원, 비임상 및 글로벌 임상물질 생산 등 CDO 전 과정의 서비스를 제공할 계획이다.PMC-402는 모세혈관 등에서 새롭게 증식되는 혈관인 질환성 신생혈관의 정상혈관화를 돕는 물질이다. 질환성 신생혈관은 누수가 많은 다공성의 특징을 갖고 있다. 각종 종양 및 노인성 황반변성에서 주로 나타나는 것으로 알려졌다.파멥신의 유진산 대표는 ""사전연구를 통해 단독투여 및 면역항암제와의 병용투여에서 항암효과를 확인했다""며 ""올해부터 PMC-402의 안전성 증명 시험을 진행하고 2021년 글로벌 임상 1상 돌입을 통해 신약개발에 도전할 것""이라고 말했다. 삼성바이오로직스 김태한 사장은 ""국내외 바이오벤처가 삼성바이오로직스와의 전략적인 파트너십을 통해 제품개발의 가속화뿐 아니라 본업인 후보물질 발굴에 집중해 더 큰 성과를 낼 수 있게 되길 기대한다""고 강조했다. songyj@newsis.com<ⓒ 공감언론 뉴시스통신사. 무단전재-재배포 금지>",/news/news_read.nhn?article_id=0009797729&office_id=003&mode=search&query=삼성바이오로직스&page=2
,"[아시아경제 조현의 기자] 삼성바이오로직스는 6일 파멥신사의 항암·질환성 신생혈관 치료용 후보물질 PMC-402의 위탁개발(CDO)을 맡았다고 밝혔다.삼성바이오로직스는 PMC-402의 세포주 개발에서부터 공정개발, 임상시료 생산, 임상시험계획(IND) 제출 지원, 비임상·글로벌 임상물질 생산 등 CDO 전 과정의 서비스를 제공한다.PMC-402는 모세혈관 등에서 새롭게 증식되는 혈관인 질환성 신생혈관의 정상혈관화를 돕는 물질이다. 질환성 신생혈관은 누수가 많고 각종 종양이나 노인성 황반변성에서 주로 나타나는 것으로 알려졌다.유진산 파멥신 대표는 ""사전연구를 통해 단독투여와 면역항암제와의 병용투여에서 PMC-402의 항암효과를 확인했다""며 ""당뇨병성 망막증, 노인성 황반변성 등 비정상적인 혈관으로 인한 안과질환에도 효과가 있을 것으로 기대된다""고 밝혔다. 이어 ""올해부터 안전성 증명 시험을 진행하고 내년 글로벌 임상 1상 돌입을 통해 신약개발에 도전할 것""이라고 밝혔다.김태한 삼성바이오로직스 사장은 ""국내외 바이오벤처가 삼성바이오로직스와의 전략적인 파트너십을 통해 제품개발의 가속화뿐 아니라 본업인 후보물질 발굴에 집중해 더 큰 성과를 낼 수 있게 되길 기대한다""고 말했다.조현의 기자 honey@asiae.co.kr <ⓒ경제를 보는 눈, 세계를 보는 창 아시아경제 무단전재 배포금지>",/news/news_read.nhn?article_id=0004656272&office_id=277&mode=search&query=삼성바이오로직스&page=2
,"코스피가 오랜만에 매도를 멈춘 외국인과 기관의 강한 매수세에 강세를 보이고 있다. 6일 오전 9시 22분 현재 코스피는 전일 대비 32.01포인트(1.86%) 오른 1757.45에 거래되고 있다. 이날 코스피는 전일 대비 1.15% 오른 1745.25로 시작한 뒤 외국인이 매수세로 전환하면서 상승폭을 키우고 있다. 지난주 코스피는 미국 내 코로나19 확산 상황 악화와 실업자 폭증 등의 악재에도 코로나19 백신 및 치료제 개발 기대감과 중국 제조업·서비스업 지표 회복 등의 호재에 힘입어 전주말 대비 0.57% 하락한 약보합세로 마감됐다. 뉴욕증시는 지난 주말 대규모 실업 사태에 대한 부담으로 하락 마감했다. 시장은 미국의 3월 비농업 고용지표 등 주요 경제 지표와 국제유가 동향 등을 주시했다. 미 노동부는 3월 고용이 70만1000명(계절 조정치) 감소했다고 발표했다. 미국의 신규고용이 감소한 것은 2010년 9월 이후 처음이다. 실업률도 4.4%로 올랐다. 시장의 예상 3.7%보다 큰 폭 상승했다.크리스탈리나 게오르기에바 국제통화기금(IMF) 총재는 ""IMF 역사상 전 세계가 이렇게 멈추는 것을 본 적이 없다""며 ""2008~2009년 글로벌 금융위기보다 훨씬 심각하다""고 우려했다.다만 국제유가는 오름세를 유지해 주가의 낙폭은 비교적 제한됐다. 도널드 트럼프 미국 대통령이 최대 1500만배럴의 감산 예상을 내놓으면서 유가가 급등한 영향이다. 그러나 이날로 예정됐던 OPEC+(석유수출국기구 회원국과 러시아 등 비회원 산유국) 회의가 오는 9일로 연기되면서 현재 아시아 시장에서 국제유가는 다시 하락세를 보이는 중이다. 주요국 정책 당국의 부양책도 지속하면서 증시를 지지했다. 중국 중앙은행인 인민은행은 중소은행에 대한 지급준비율 1%포인트 인하 방침을 발표했다.미국에서도 낸시 펠로시 하원의장이 더 많은 소기업 대출과 현금 지급, 실업 대책 등 추가 부양책을 도입할 필요가 있다고 주장했다.미 존스홉킨스대학은 5일 오후 2시30분(미 동부시간) 기준으로 미국의 코로나19 확진자 수를 32만5185명으로 집계했다. 사망자 수는 9180명이다. 전 세계 확진자의 약 25%를 미국이 차지하고 있다. 트럼프 대통령이 ""아마도 이번 주와 다음 주 사이가 가장 힘든 주가 될 것""이라며 ""그리고 유감스럽게도 많은 사망자가 발생할 것""이라고 말했다. 서상영 키움증권 연구원은 ""한국 증시는 미국발 고용 발안에 따른 경기 침체 이슈와 국제유가의 변동성 확대 여파로 등락이 이어질 것""이라며 ""다만 기릴어드사이언스의 약품을 이용한 중국 회사의 코로나19 관련 임상 결과 발표 기대 등을 감안하면 조정 폭은 제한될 것""이라고 말했다. 이어 ""국제유가 또한 OPEC+ 긴급회담 일정을 앞두고 변동성이 확대되겠지만, 미국의 감산 가능성이 부각되는 등 반등을 보일 수 있다는 전망은 주식 시장에 긍정적""이라고 덧붙였다. 이날 코스피에서 주요 업종 중에서는 의료정밀만 하락하고 있다. 음식료품, 의약품 등은 5% 내외의 상승세를 보이고 있으며, 화학, 종이·목재, 유통업 등도 비교적 큰 폭의 강세다. 투자 주체 별로는 기관과 외국인이 각각 1376억원어치와 18억원어치의 주식을 사는 가운데 개인은 1326억원어치의 주식을 팔고 있다. 프로그램 매매는 623억원 매수 우위다. 시가총액 상위 종목들은 모두 상승세다. 특히 셀트리온과 삼성바이오로직스가 4%대의 상승폭을 보이고 있다. 이날 코스피에서는 699개 종목이 오르고 143개 종목이 내리고 있다. 코스닥은 전일 대비 11.96(2.09%) 오른 584.97에 거래되고 있다. [디지털뉴스국 한경우 기자] [ⓒ 매일경제 & mk.co.kr, 무단전재 및 재배포 금지]",/news/news_read.nhn?article_id=0004551290&office_id=009&mode=search&query=삼성바이오로직스&page=2
,"[아시아경제 구은모 기자] 코스피가 기관 투자자의 순매수에 장 초반 2% 가까운 상승률을 보이며 3거래일 연속 상승세를 이어가고 있다. 코스닥 지수 역시 2% 이상 오르며 순항하고 있다.6일 코스피는 전 거래일 대비 19.81포인트(1.15%) 상승한 1745.25로 출발했다. 이날 상승 출발한 코스피는 장 초반 기관과 외국인 투자자의 순매수에 상승 폭을 점차 확대해가고 있다. 오전 9시25분 현재 전일 대비 33.86포인트(1.96%) 오른 1759.30을 기록 중이다.지난 3일 코스피는 유가전쟁 완화 기대감에 전 거래일 대비 0.03% 상승한 1,725.44로 마감했다. 미국의 실업 대란에도 도널드 트럼프 대통령의 발언에 따라 국제유가가 큰 폭으로 상승하면서 미 증시가 강세를 기록했고, 이에 투자심리가 개선돼 상승했다. 다만 장중 미 지수선물 약세 및 코로나19의 글로벌 확산세가 이어져 지수 상승폭을 제한했다.김예은 IBK투자증권 연구원은 “코로나19 영향이 이어지면서 증시는 여전히 요동치고 있고, 호재가 있더라도 지수에 미치는 영향은 제한적인 모습”이라며 “지수 역시 빠르게 상승하며 1700선을 회복했지만 아직까지 불안이 상존하는 만큼 변동성 장세는 지속될 것”으로 내다봤다.현재 거래 주체별 매매 동향을 보면 기관 투자자가 1780억원 순매수하며 지수 상승을 주도하고 있다. 반면 개인과 외국인 투자자는 각각 1691억원, 42억원 순매도하고 있다.업종별로는 음식료품, 의약품, 종이·목재, 화학 등이 오르고 있고, 의료정밀 등은 내리고 있다.시가총액 상위종목들은 대부분 오르고 있다. 셀트리온이 5%대 상승률을 보이고 있고, 삼성바이오로직스, LG생활건강, 엔씨소프트, 삼성물산, SK하이닉스 등도 오르고 있다.현재 코스피 시장에서는 상한가를 기록한 4종목을 포함해 710종목이 오르고 있고, 하한가 종목 없이 139종목은 내리고 있다. 45종목은 보합을 기록 중이다.코스닥 지수도 2% 가까이 오르며 3거래일 연속 상승세를 이어가고 있다. 이날 전 거래일 대비 6.24포인트(1.09%) 상승한 579.25로 출발한 코스닥 지수는 장 초반 기관과 외국인 투자자의 순매수에 오름세를 보이고 있다. 오전 9시25분 현재 전일 대비 12.13포인트(2.12%) 오른 585.14를 기록 중이다.현재 수급별 상황을 보면 외국인과 기관 투자자가 각각 122억원, 114억원 순매수하고 있다. 반면 개인 투자가는 147억원 순매도하고 있다.업종별로는 음식료·담배, 유통, 제약, 소프트웨어 등이 오르고 있고, 운송, 오락·문화 등은 내리고 있다.코스닥 시장 역시 시가총액 상위종목들 대부분이 오르고 있다. 셀트리온헬스케어, 코미팜, 제넥신, 셀트리온제약, 에이치엘비, 씨젠 등이 상대적으로 높은 상승률을 기록하고 있다.현재 코스닥시장에서는 상한가를 기록한 3종목을 포함해 1041종목이 오르고 있고, 하한가 종목 없이 147종목은 내리고 있다. 65종목은 보합을 기록 중이다.구은모 기자 gooeunmo@asiae.co.kr <ⓒ경제를 보는 눈, 세계를 보는 창 아시아경제 무단전재 배포금지>",/news/news_read.nhn?article_id=0004656279&office_id=277&mode=search&query=삼성바이오로직스&page=2
,"손희연 기자 son90@mt.co.kr
<저작권자 ⓒ '성공을 꿈꾸는 사람들의 경제 뉴스' 머니S, 무단전재 및 재배포 금지>",/news/news_read.nhn?article_id=0000527296&office_id=417&mode=search&query=삼성바이오로직스&page=2
기관 홀로 2200억원 순매수,"미국 뉴욕증시가 지난 3일 대규모 실업대란 여파로 하락하며 장을 마친 가운데 코스피 지수는 2%가까이 상승세를 기록중이다.6일 오전 9시 31분 현재 코스피 지수는 전장대비 38.94포인트(2.26%) 오른 1764.65를 기록중이다. 개인과 외국인이 각각 2060억원, 114억원을 순매도한 가운데 기관이 홀로 2197억원을 사들였다.시가총액 상위종목은 대부분 상승세를 기록중이다. 삼성전자(1.38%)와 SK하이닉스(1.63%), 삼성바이오로직스(3.32%), 네이버(1.16%), 셀트리온(4.34%), LG화학(0.34%), LG생활건강(3.52%) 등 줄줄이 상승세다.코스닥 지수도 전장대비 11.04포인트(1.93%) 오른 583.98을 기록중이다.하지만 미국 뉴욕증시는 지난 3일 신종 코로나바이러스 감염증(코로나19) 여파로 인한 미국의 실업공포 영향으로 하락 마감했다. 지난 3일 다우지수는 전장 대비 1.69% 하락했고 스탠다드앤드푸어스(S&P) 500과 나스닥지수는 1.5%대 하락했다.데일리안 이미경 기자 (esit917@dailian.co.kr)ⓒ (주)데일리안 - 무단전재, 변형, 무단배포 금지",/news/news_read.nhn?article_id=0002393924&office_id=119&mode=search&query=삼성바이오로직스&page=2
기관 매수세 유입시총 상위종목 일제히 오르막,"[이데일리 유현욱 기자] 6일 코스피 지수는 1%대 상승 출발했다. 미국 뉴욕주의 신종 코로나바이러스 감염증(코로나19) 확진 환자와 사망자가 계속 늘어나고 있는 가운데 ‘24시간 기준’ 신규 사망자 규모가 처음으로 감소하는 등 긍정적인 신호가 나오고 있기 때문으로 풀이된다.마켓포인트에 따르면 1%대 상승 출발했던 코스피 지수는 이날 오전 9시31분 현재 전거래일보다 2.23%(38.52포인트) 오른 1763.96을 가리키고 있다. 이날 지수는 1745선으로 상승 출발했다. 지난 2일부터 3거래일 연속 상승세다.투자자별로 보면 기관이 홀로 1935억원 어치 주식을 사들이고 있다. 반면 외국인과 개인은 203억원, 1601억원 어치 물량을 팔아치우고 있다. 프로그램은 차익과 비차익을 합쳐 519억원 매수 우위를 보이고 있다.의료정밀, 은행,전기가스업을 제외한 사실상 전 업종이 오르고 있다. 음식료품이 4%대, 의약품이 3%대, 종이목재 서비스업 화학 유통 제조업이 1%대 상승률을 기록하고 있다.시가총액 상위종목이 일제히 오르며 지수를 견인하고 있다. 셀트리온(068270)이 4%대, LG생활건강(051900)이 3%대, 삼성바이오로직스(207940) 엔씨소프트(036570)가 2%대, SK하이닉스 SK텔레콤(017670)이 1%대 상승 중이다.이는 코로나19 확산세가 가팔랐던 미국, 특히 뉴욕주에서 조만간 정점을 지나리라는 전망이 제기되고 있는데 따른 것이다.앤드루 쿠오모 뉴욕주지사는 5일(현지시간) 기자회견을 통해 뉴욕주의 코로나19 확진자가 전날보다 8327명 늘어난 12만2031명으로 집계됐다고 밝혔다. 사망자는 전날보다 594명이 증가한 4159명을 기록했다.신규 사망자 규모가 처음으로 감소했다. 앞서 4일에는 사망자가 하루 전보다 630명이 늘어났었다. 쿠오모 주지사는 신규 사망자 숫자가 약간 정체됐지만 “이는 일시적 현상일 수 있다”면서 섣부른 낙관을 경계했다.유현욱 (fourleaf@edaily.co.kr)＜ⓒ종합 경제정보 미디어 이데일리 - 무단전재 & 재배포 금지＞",/news/news_read.nhn?article_id=0004613602&office_id=018&mode=search&query=삼성바이오로직스&page=2
,"(서울=연합뉴스) 김아람 기자 = 코스피가 6일 기관 매수에 힘입어 상승세로 출발했다.

이날 오전 9시 32분 현재 코스피는 전 거래일보다 38.94포인트(2.26%) 오른 1,764.38을 가리켰다.

지수는 전장보다 19.81포인트(1.15%) 오른 1,745.25에서 출발해 상승 폭을 키우고 있다.

유가증권시장에서는 기관이 2천197억원어치를 순매수했다. 개인과 외국인은 각각 2천60억원, 114억원을 순매도했다.

지난 3일(현지시간) 뉴욕증시에서는 미국 내 코로나19 확산과 고용지표 악화에 대한 부담이 지속하는 가운데 다우존스30 산업평균지수(-1.69%), 스탠더드앤드푸어스(S&P)500 지수(-1.51%), 나스닥 지수(-1.53%)가 모두 하락했다. 다만 극심한 급등락 장세에선 한발 벗어난 모습을 보였다.

투자자들의 시선은 원유 시장에 맞춰지고 있다. 앞서 산유국들의 감산 합의 기대에 서부 텍사스산 원유(WTI) 가격은 지난주에만 30% 이상 올랐다.

서상영 키움증권 연구원은 ""OPEC+(OPEC과 10개 주요 산유국의 연대체) 회의가 6일에서 9일로 미뤄지긴 했으나 시장에서는 계속 국제유가 반등에 대한 기대감이 있다""며 ""다만 현재 국제유가가 시간 외로 하락해 장중에 이 부분에 주목할 필요가 있다""고 설명했다.

시가총액 상위 종목은 삼성전자(1.60%), SK하이닉스(2.01%), 삼성바이오로직스(3.96%), 네이버(1.45%), 셀트리온(4.34%), LG화학(1.03%), LG생활건강(3.78%), 현대차(0.93%), 삼성물산(1.77%), 삼성SDI(1.08%) 등 10위권 내 전 종목이 올랐다.

업종별로는 음식료품(4.95%), 의약품(3.93%), 종이·목재(2.44%), 통신(2.36%), 화학(2.14%) 등 모든 업종이 강세다.

같은 시각 코스닥지수는 전장보다 12.24포인트(2.14%) 오른 585.25를 나타냈다.

지수는 전장보다 6.24포인트(1.09%) 오른 579.25로 개장해 우상향 곡선을 그리고 있다.

코스닥시장에서는 기관과 외국인이 각각 147억원, 101억원을 순매수했다. 개인은 150억원을 순매도했다.

시총 상위주 중에는 셀트리온헬스케어(3.66%), 에이치엘비(1.45%), 펄어비스(2.03%), 씨젠(1.60%), 셀트리온제약(2.47%), 스튜디오드래곤(1.86%), 케이엠더블유(1.41%), CJ ENM(0.59%), 코미팜(5.82%), 헬릭스미스(1.36%) 등 10위권 내 모든 종목이 오름세다.

rice@yna.co.kr",/news/news_read.nhn?article_id=0011525439&office_id=001&mode=search&query=삼성바이오로직스&page=2
,"[머니투데이 지영호 기자] 삼성바이오로직스는 파멥신으로부터 항암과 질환성 신생혈관 치료용 후보물질('PMC-402')에 대한 위탁개발(CDO) 계약을 체결했다고 6일 밝혔다.삼성바이오로직스는 이번 계약을 통해 파멥신의 'PMC-402'의 세포주 개발에서부터 공정개발, 임상시료 생산과 임상시험계획(IND) 제출 지원, 비임상과 글로벌 임상물질 생산 등 CDO 전 과정을 서비스 할 계획이다.삼성바이오로직스는 밸류체인을 확대하고 글로벌 최고 수준의 CDO 경쟁력을 갖추게 됨에 따라 이번 후보물질에 대한 위탁개발 계약이 이뤄졌다는 설명이다.파멥신이 글로벌 임상 2상을 진행 중인 올린바시맵을 개발할 당시 글로벌 수준의 CDO 서비스를 제공하는 국내 파트너사가 없어 해외 파트너와 협력한 바 있다.파멥신에 따르면 'PMC-402'는 모세혈관 등에서 새롭게 증식되는 질환성 신생혈관을 정상적인 혈관으로 만드는데 돕는 물질이다. 질환성 신생혈관은 누수가 많은 다공성 특징이 있어 각종 종양이나 노인성 황반변성에서 주로 나타나는 것으로 알려졌다.삼성바이로조직스에 따르면 유진산 파멥신 대표는 사전연구를 통해 단독투여와 면역항암제와의 병용투여에서 'PMC-402'의 항암효과를 확인한 것으로 알려졌다. 이로 인해 당뇨병성 망막증, 노인성 황반변성 등 비정상적인 혈관으로 인한 안과질환에도 효과가 있을 것으로 기대하고 있다. 파멥신은 올해부터 'PMC-402'의 안전성 증명 시험을 진행하고 내년 글로벌 임상 1상 돌입을 통해 신약개발에 도전한다는 목표다.김태한 삼성바이오로직스 사장은 ""글로벌 경쟁력을 갖춘 CRO(위탁연구), CDO(위탁개발), CMO(위탁생산)의 일괄 공급 서비스로 국내 바이오벤처의 신약 개발을 지원하고 있다""며 ""국내외 바이오벤처들이 파트너십을 통해 제품개발의 가속화뿐 아니라 후보물질 발굴에 성과를 내길 기대한다""고 말했다.지영호 기자 tellme@mt.co.kr
<저작권자 ⓒ '돈이 보이는 리얼타임 뉴스' 머니투데이, 무단전재 및 재배포 금지>",/news/news_read.nhn?article_id=0004389612&office_id=008&mode=search&query=삼성바이오로직스&page=2
,"▲ 삼성바이오로직스는 바이오기업 파멥신과 항암 및 질환성 신생혈관 치료용 후보물질('PMC-402')에 대한 위탁개발(CDO)계약을 체결했다고 6일 밝혔다. 파멥신에 따르면 이 물질은 모세혈관 등에서 새롭게 증식되는 '질환성 신생혈관'의 정상화를 돕는다. 삼성바이오로직스는 세포주 개발부터 공정개발, 임상시료 생산 임상시험계획(IND) 제출 지원, 임상물질 생산 등의 서비스를 제공할 계획이다. (서울=연합뉴스)",/news/news_read.nhn?article_id=0011526913&office_id=001&mode=search&query=삼성바이오로직스&page=2
"파멥신, 항암·당뇨병성 망막증 등 안과질환 효과 기대","[아이뉴스24 이연춘 기자] 삼성바이오로직스는 파멥신(PharmAbcine)과 항암 및 질환성 신생혈관 치료용 후보물질(PMC-402)에 대한 위탁개발(CDO: Contract Development Organization)계약을 체결했다고 6일 밝혔다.삼성바이오로직스는 본 계약을 통해 파멥신의 'PMC-402'의 세포주 개발에서부터 공정개발, 임상시료 생산 및 임상시험계획(IND) 제출 지원, 비임상 및 글로벌 임상물질 생산 등 CDO 전 과정의 서비스를 제공할 계획이다.파멥신이 현재 글로벌 임상 2상을 진행 중인 올린바시맵을 개발할 당시에는 삼성바이오로직스와 같은 글로벌 수준의 CDO 서비스를 제공하는 국내 파트너사가 없어 해외 파트너와 협력해서 진행했다.하지만 삼성바이오로직스가 밸류체인을 확대하고 글로벌 최고 수준의 CDO 경쟁력을 갖추게 됨에 따라 이번 후보물질을 시작으로 양사의 전략적인 제휴가 가능해졌다.파멥신에 따르면 'PMC-402'는 모세혈관 등에서 새롭게 증식되는 혈관인 질환성 신생혈관의 정상혈관화를 돕는 물질이다. 질환성 신생혈관은 누수가 많은 다공성의 특징을 갖고 있으며 각종 종양 및 노인성 황반변성에서 주로 나타나는 것으로 알려졌다.유진산 파멥신 대표는 ""사전연구를 통해 단독투여 및 면역항암제와의 병용투여에서 'PMC-402'의 항암효과를 확인했다""며 ""당뇨병성 망막증, 노인성 황반변성 등 비정상적인 혈관으로 인한 안과질환에도 효과가 있을 것으로 기대된다""고 밝혔다. 올해부터 'PMC-402'의 안전성 증명 시험을 진행하고 2021년 글로벌 임상 1상 돌입을 통해 신약개발에 도전할 것이라고 밝혔다.김태한 삼성바이오로직스 사장은 ""삼성바이오로직스는 글로벌 경쟁력을 갖춘 CRO(위탁연구), CDO(위탁개발), CMO(위탁생산)의 일괄 공급 서비스로 경쟁력 있는 후보물질을 갖고 있는 국내 바이오벤처의 신약 개발을 최대한 지원하고 있다""며 ""국내외 바이오벤처들이 삼성바이오로직스와의 전략적인 파트너십을 통해 제품개발의 가속화뿐 아니라 본업인 후보물질 발굴에 집중해 더 큰 성과를 낼 수 있게 되길 기대한다""고 밝혔다. staykit@inews24.com [ⓒ 아이뉴스24 무단전재 및 재배포 금지]",/news/news_read.nhn?article_id=0000533003&office_id=031&mode=search&query=삼성바이오로직스&page=2
'PMC-402' 세포주 개발서 글로벌 임상물질 생산까지…CDO 전과정 제공,"(서울=뉴스1) 성재준 바이오전문기자 = 삼성바이오로직스와 파멥신이 항암 및 질환성 신생혈관 치료용 후보물질을 개발한다. 삼성바이오로직스는 6일 파멥신이 개발중인 항암 및 질환성 신생혈관 치료용 후보물질 'PMC-402'에 대한 위탁개발(CDO)계약을 체결했다고 밝혔다.이번 계약으로 삼성바이오로직스는 파멥신의 PMC-402 세포주 개발에서 공정개발, 임상시료 생산 및 임상시험계획(IND) 제출 지원 그리고 비임상 및 글로벌 임상물질 생산 등 CDO 전 과정의 서비스를 제공할 계획이다.PMC-402는 모세혈관 등에서 새롭게 증식되는 혈관인 질환성 신생혈관의 정상혈관화를 돕는 물질이다. 질환성 신생혈관은 누수가 많은 다공성의 특징을 갖고 있으며 각종 종양 및 노인성 황반변성에서 주로 나타나는 것으로 알려졌다.유진산 파멥신 대표는 ""사전연구를 통해 단독투여 및 면역항암제와의 병용투여에서 PMC-402의 항암효과를 확인했다""며 ""당뇨병성 망막증, 노인성 황반변성 등 비정상적인 혈관으로 인한 안과질환에도 효과가 있을 것으로 기대된다""고 밝혔다. 이어서 ""올해부터 PMC-402의 안전성 증명 시험을 진행하고 2021년 글로벌 임상 1상 돌입을 통해 신약개발에 도전할 것""이라고 말했다.김태한 삼성바이오로직스 사장은 삼성바이오로직스는 글로벌 경쟁력을 갖춘 위탁연구(CRO), 위탁개발(CDO), 위택생산(CMO)의 일괄 공급 서비스로 경쟁력 있는 후보물질을 갖고 있는 국내 바이오벤처의 신약 개발을 최대한 지원하고 있다""며 ""국내외 바이오벤처들이 삼성바이오로직스와의 전략적인 파트너십을 통해 제품개발의 가속화뿐 아니라 본업인 후보물질 발굴에 집중해 더 큰 성과를 낼 수 있게 되길 기대한다""고 밝혔다.jjsung@news1.kr© 뉴스1코리아(), 무단 전재 및 재배포 금지",/news/news_read.nhn?article_id=0004566172&office_id=421&mode=search&query=삼성바이오로직스&page=2
,"삼성바이오로직스가 파멥신의 항암치료 후보물질(PMC-402)에 대한 위탁개발(CDO)계약을 체결했다고 6일 밝혔다.
 삼성바이오로직스는 이번 계약을 통해 파멥신의 'PMC-402'의 세포주 개발에서부터 공정개발, 임상시료 생산 및 임상시험계획(IND) 제출 지원, 비임상 및 글로벌 임상물질 생산 등 CDO 전 과정의 서비스를 제공할 계획이다.파멥신에 따르면 'PMC-402'는 모세혈관 등에서 새롭게 증식되는 혈관인 질환성 신생혈관의 정상혈관화를 돕는 물질이다. 질환성 신생혈관은 누수가 많은 다공성의 특징을 갖고 있으며 각종 종양 및 노인성 황반변성에서 주로 나타나는 것으로 알려졌다.유진산 파멥신 대표는 ""사전연구를 통해 단독투여 및 면역항암제와의 병용투여에서 'PMC-402'의 항암효과를 확인했다""며 ""당뇨병성 망막증, 노인성 황반변성 등 비정상적인 혈관으로 인한 안과질환에도 효과가 있을 것으로 기대된다""고 밝혔다.
이어 ""올해부터 'PMC-402'의 안전성 증명 시험을 진행하고 2021년 글로벌 임상 1상 돌입을 통해 신약개발에 도전할 것""이라고 말했다. 김태한 삼성바이오로직스 사장은 ""삼성바이오로직스는 글로벌 경쟁력을 갖춘 CRO(위탁연구), CDO(위탁개발), CMO(위탁생산)의 일괄 공급 서비스로 신약 개발을 최대한 지원하고 있다""며 ""삼성바이오로직스와의 전략적인 파트너십을 통해 제품개발의 가속화뿐 아니라 본업인 후보물질 발굴에 집중해 더 큰 성과를 낼 수 있게 되길 기대한다""고 밝혔다.지용준 기자 jyjun@mt.co.kr
<저작권자 ⓒ '성공을 꿈꾸는 사람들의 경제 뉴스' 머니S, 무단전재 및 재배포 금지>",/news/news_read.nhn?article_id=0000527314&office_id=417&mode=search&query=삼성바이오로직스&page=2
▶ 네이버 홈에서 [한국경제TV] 채널 구독하기 [생방송보기]▶ 대한민국 재테크 총집결! - [증권 / 주식상담 / 부동산],"[한국경제TV 유오성 기자]삼성바이오로직스는 바이오기업 파멥신과 항암 및 질환성 신생혈관 치료용 후보물질(PMC-402)에 대한 위탁개발(CDO) 계약을 체결했다고 6일 밝혔다.PMC-402는 모세혈관 등에서 새롭게 증식되는 혈관인 질환성 신생혈관의 정상혈관화를 돕는 물질이다.질환성 신생혈관은 누수가 많은 다공성의 특징을 갖고 있으며, 각종 종양 및 노인성 황반변성에서 주로 나타난다고 회사 측은 설명했다.삼성바이오로직스는 이번 계약을 통해 파멥신의 PMC-402의 세포주 개발부터 공정개발, 임상시료 생산 및 임상시험계획 제출 지원 등 CDO 전 과정 서비스를 제공한다는 계획이다.김태한 삼성바이오로직스 사장은 ""국내외 바이오벤처들이 삼성바이오로직스와의 전략적인 파트너십을 통해 제품개발의 가속화 뿐 아니라 본업인 후보물질 발굴에 집중해 더 큰 성과를 낼 수 있게 되길 기대한다""고 말했다.유오성기자 osyou@wowtv.co.krⓒ 한국경제TV, 무단 전재 및 재배포 금지",/news/news_read.nhn?article_id=0000861981&office_id=215&mode=search&query=삼성바이오로직스&page=2
,"코스피가 오늘(6일) 기관 매수에 힘입어 상승세로 출발했습니다.이날 오전 9시 32분 기준 코스피는 전 거래일보다 38.94포인트(2.26%) 오른 1,764.38을 가리켰습니다.지수는 전장보다 19.81포인트(1.15%) 오른 1,745.25에서 출발해 상승 폭을 키우고 있습니다.유가증권시장에서는 기관이 2천197억 원어치를 순매수했습니다. 개인과 외국인은 각각 2천60억 원, 114억 원을 순매도했습니다. 지난 3일(현지시간) 뉴욕증시에서는 미국 내 코로나19 확산과 고용지표 악화에 대한 부담이 지속하는 가운데 다우존스30 산업평균지수(-1.69%), 스탠더드앤드푸어스(S&P)500 지수(-1.51%), 나스닥 지수(-1.53%)가 모두 하락했습니다. 다만 극심한 급등락 장세에선 한발 벗어난 모습을 보였습니다.투자자들의 시선은 원유 시장에 맞춰지고 있습니다. 앞서 산유국들의 감산 합의 기대에 서부 텍사스산 원유(WTI) 가격은 지난주에만 30% 이상 올랐습니다.서상영 키움증권 연구원은 ""OPEC+(OPEC과 10개 주요 산유국의 연대체) 회의가 오늘(6일)에서 9일로 미뤄지긴 했으나 시장에서는 계속 국제유가 반등에 대한 기대감이 있다""며 ""다만 현재 국제유가가 시간 외로 하락해 장중에 이 부분에 주목할 필요가 있다""고 설명했습니다.시가총액 상위 종목은 삼성전자(1.60%), SK하이닉스(2.01%), 삼성바이오로직스(3.96%), 네이버(1.45%), 셀트리온(4.34%), LG화학(1.03%), LG생활건강(3.78%), 현대차(0.93%), 삼성물산(1.77%), 삼성SDI(1.08%) 등 10위권 내 전 종목이 올랐습니다.업종별로는 음식료품(4.95%), 의약품(3.93%), 종이·목재(2.44%), 통신(2.36%), 화학(2.14%) 등 모든 업종이 강세입니다.같은 시각 코스닥지수는 전장보다 12.24포인트(2.14%) 오른 585.25를 나타냈습니다.지수는 전장보다 6.24포인트(1.09%) 오른 579.25로 개장해 우상향 곡선을 그리고 있습니다.코스닥시장에서는 기관과 외국인이 각각 147억 원, 101억 원을 순매수했다. 개인은 150억 원을 순매도했습니다.시총 상위주 중에는 셀트리온헬스케어(3.66%), 에이치엘비(1.45%), 펄어비스(2.03%), 씨젠(1.60%), 셀트리온제약(2.47%), 스튜디오드래곤(1.86%), 케이엠더블유(1.41%), CJ ENM(0.59%), 코미팜(5.82%), 헬릭스미스(1.36%) 등 10위권 내 모든 종목이 오름세입니다.[MBN 온라인뉴스팀]< Copyright ⓒ MBN(www.mbn.co.kr) 무단전재 및 재배포 금지 >",/news/news_read.nhn?article_id=0001440532&office_id=057&mode=search&query=삼성바이오로직스&page=2
1월20일 이후 42거래일 18조8497억 매도최근 22일 연속 매도세 13조619억 매도,"[서울=뉴시스] 김동현 기자 = 외국인 투자자들이 최근 23일 거래일 연속 매도세를 보이며 역대 4번째 매도 최장 기록과 타이를 이뤘다. 외인의 매도세가 2거래일 더 추가되면 역대 3번째 매도 최장 기록을 돌파하게 된다. 6일 금융투자업계에 따르면 외인들은 지난 1월20일 국내에서 신종 코로나바이러스 감염증(코로나19) 확진자가 처음 나온 이후 52거래일 중 42거래일에서 매도 우위를 보이며 18조8497억원 어치의 주식을 팔았다. 최근에는 22거래일 연속 매도세를 보이며 13조619억원 어치의 국내 주식을 팔았다. 6일 오전에도 매도 우위를 보이고 있다는 점을 포함한 23거래일 연속 매도는 역대 사례를 살펴봐도 4번째로 긴 기간이다. 역대 사례를 살펴보면 외인들은 글로벌 금융위기가 불거졌던 2008년 6월9일부터 7월23일까지 33거래일 연속 순매도 행보를 보이며 8조9834억원에 달하는 주식을 팔아치워 최장기간 1위를 기록하고 있다. 2위는 미국과 중국 증시 불안이 동시에 나타난 가중된 2015년 8월5일부터 9월15일까지다. 이때 외인들은 29거래일 동안 5조5431억원의 주식을 팔아치우기도 했다. 3위는 미국의 연속적인 금리인상, IT분야에서의 실적 불확실성이 높았던 2005년9월22일부터 같은해 10월26일까지 24거래일 연속 3조3010만원의 주식을 팔아치운 사례가 이름을 올린다. 특히 올해 외인들은 두달이 조금 넘는 기간동안 19조원에 달하는 국내 주식을 팔아치우며 기간대비 규모로 역대 최대 수준의 팔자 행보를 보인 것으로 분석된다. 외인들이 이 기간동안 가장 많이 팔아치운 주식은 삼성전자로 7조4746억원 어치의 주식을 시장에 내다판 것으로 확인됐다. 뒤를 이어 SK하이닉스 1조3243억원, 삼성전자우 1조2608억원 등이다. 외인 매도 상위 10개 종목에는 현대차 8005억원, SK이노베이션 6930억원, 삼성SDI 5022억원, 신한지주 4028억원, NAVER 3988억원, 한국전력 2861억원, 현대모비스 2709억원 등이다. 외국인들이 국내 주식을 모두 내다팔기만 한 것은 아니지만 최근 들어 사들인 종목의 규모는 매도 규모에 비해 턱 없이 모자란 것으로 분석된다. 외인 매수 상위 10개 종목에는 한진칼 2479억원, 셀트리온 1945억원, 삼성바이오로직스 1795억원, 삼성물산 1457억원, 삼성전기 1312억원, LG유플러스 901억원, KT&G 668억원, 넷마블 646억원, LG디스플레이 610억원, LG 586억원 등이다. 증권가에서는 코로나19 여파가 국내에 국한되지 않고 미국을 비롯해 유럽 등 주요 국가에서 확산됨에 따라 자금 확보 차원에서 외인들의 매도 행보가 이어지고 있다는 분석이 나온다. 또 코로나19 사태와 함께 발생한 국제유가 하락세로 인해 재정난에 빠진 산유국이 국부펀드의 자산을 현금화하면서 외인 매도세를 강화시켰다는 의견도 제시된다. 국제유가 정상화 이전에는 외인 매도세가 이어질 수 있다는 관측이다. 염동찬 이베스트투자증권 연구원은 ""최근 금융시장 안정화 흐름속에서도 유가 하락으로 인해 중동에서의 국부펀드 현금화 가능성 등으로 인해 외국인은 매도세를 이어가고 있다""며 ""유가가 안정될때까지 대형주·대표주 위주의 외국인 매도는 좀 더 이어질 수 있다. 외국인 매수 종목은 매도 안정화 이후 긍정적인 흐름을 기대할 수 있어 우호적인 접근이 필요하다""고 말했다. 방인성 케이프투자증권 연구원은 ""코노나19 확산 이후 주요국 주가 지수는 동조화 현상을 보이고 있다""며 ""특히 최근 유가 급락은 외국인들의 순매도 강도를 높이는 트리거로 작용하고 있다. 유가는 역사적으로 한국 수출과 상관계수가 높게 나타나기 때문이다. 유가 반등이 외국인 순매수를 위한 선제조건으로 판단한다""고 의견을 제시했다. oj1001@newsis.com<ⓒ 공감언론 뉴시스통신사. 무단전재-재배포 금지>",/news/news_read.nhn?article_id=0009798072&office_id=003&mode=search&query=삼성바이오로직스&page=2
금융주 가운데 삼성전자 급폭락장 속 투자매력 급상승배당만으로 차보험료 ‘거뜬’,"[헤럴드경제=홍길용 기자] 코로나19로 폭락한 주식시장에서 가장 주목받는 그룹은 역시 삼성이다. 그 중에서도 반짝이는 3개의 별이 있다. 굳이 설명할 필요가 없는 삼성전자, ‘무풍지대’가 된 삼성바이오로직스, 그리고 좀처럼 보기 드문 수준까지 내려 선 삼성화재다. 특히 삼성화재가 주목된다.삼성화재는 그룹 내에서 삼성전자 다음으로 탄탄한 회사다. 금융계열사 중 해당시장 점유율이 가장 높고, 가장 오랜기간 최고의 경영지표를 유지해왔다. 삼성생명과 같은 지배구조 리스크도 없다.삼성화재 운용자산은 약 71조원이다. 보통 돈을 굴려 약 2조원을 벌고, 보험영업에서는 1조원 가량손실이 나면서 연 1조원 정도의 영업이익이 거뜬히 나는 수익구조다. 그런데 지난해엔 82%대이던 손해율이 84%로 높아지고 20% 초반이던 사업비율도 20% 후반으로 늘면서 8000억원대로 주저앉았다. 한때 30만원을 넘보던 주가가 지난해말 24만원대로 주저앉은 이유다. 3월에는 코로나19 폭락장 속에 한때 12만원을 하회하기도 했다.삼성화재의 올 도전과제는 2가지다. 코로나19로 인한 자산가치 하락이 운용수익률에 얼마나 영향을 미칠 것인지, 치솟은 합산비율(손해율+합산비율)을 어떻게 떨어뜨릴 지다.일단 자동차보험 등 손해율 악화 상품의 보험료 재조정이 이뤄지고 있고 1분기 장기보험 신계약 실적도 나쁘지 않다. 합산비율이 지난해보다 개선될 가능성이 크다.지난해 말 기준 운용자산을 보면 우선 주식 자산은 5조원이 조금 넘는데 95%가 삼성전자 지분이다. 3일 기준 시가총액(우선주 포함) 8조4367억원 가운데 삼성전자 지분만 4174억원이다. 연간 삼성전자 배당만 1250억원이 넘는다. 작년말 기준 채권 등 유가증권이 41조원 가량인데, 변동성어 커져도 부도만 나지 않으면 평가손익에는 영향을 미치더라도 현금흐름에는 별 문제가 없다. 대출 자산이 약 24조원인데 보통 연 7000억원 넘는 이자 이익이 발생한다. 최근 금융시장 불안으로 리스크 프리미엄이 높아진 만큼 회사채 수익률이나 기업대출 이자는 좀 더 높아질 수 있다.연체율 관리가 변수지만 보험영업 손실을 줄이고, 투자영업 이익 감소를 최소화한다면 적어도 지난 해 수준의 이익은 유지할 수 있어 보인다. 최영무 삼성화재 사장은 55세가 되던 2018년 최고경영자(CEO)에 올랐다. 올 연말이 임기다. 이제 58세다. 연임 도전을 위해 실적개선에 최선을 다할 수 밖에 없는 상황이다.최근 3년간 배당성향은 41%, 46%, 56%로 높아졌다. 지난해 배당은1주당 8500원이었다. 설령 지난해 3613억원이던 현금배당액이 3000억원으로 20%가량 줄어든다고 해도 1주당 7500원이 다. 시가배당률(3일 종가)로 보통주 4,4%, 우선주 5.3%다. 1000만원을 우선주에 투자했다면 웬만한 승용차 1대를 구입해 폐차할 때까지 매년 자동차 보험료를 배당금으로 충당할 만하다.kyhong@heraldcorp.com
- Copyrights ⓒ 헤럴드경제 & heraldbiz.com, 무단 전재 및 재배포 금지 -",/news/news_read.nhn?article_id=0001658265&office_id=016&mode=search&query=삼성바이오로직스&page=2
‘PMC-402’ 세포주 개발서 글로벌 임상물질 생산까지,"[이데일리 노희준 기자] 삼성바이오로직스(207940)는 국내 바이오벤처 파멥신과 항암 및 질환성 신생혈관 치료용 후보물질 ‘PMC-402’에 대한 위탁개발(CDO)계약을 체결했다고 6일 밝혔다.이에 따라 삼성바이오로직스는 파멥신의 ‘PMC-402’의 세포주 개발에서부터 공정개발, 임상시료 생산 및 임상시험계획(IND) 제출 지원, 비임상 및 글로벌 임상물질 생산 등의 서비스를 제공할 계획이다.파멥신사에 따르면 ‘PMC-402’는 모세혈관 등에서 새롭게 증식되는 혈관인 질환성 신생혈관의 정상혈관화를 돕는 물질이다. 질환성 신생혈관은 누수가 많은 다공성의 특징을 갖고 있으며 각종 종양 및 노인성 황반변성에서 주로 나타나는 것으로 알려졌다파멥신사의 유진산 대표는 “사전연구를 통해 단독투여 및 면역항암제와의 병용투여에서 ‘PMC-402’의 항암효과를 확인했다”며 “당뇨병성 망막증, 노인성 황반변성 등 비정상적인 혈관으로 인한 안과질환에도 효과가 있을 것으로 기대된다”고 밝혔다. 파멤신은 올해부터 ‘PMC-402’의 안전성 증명 시험을 진행하고 2021년 글로벌 임상 1상 돌입을 통해 신약개발에 도전할 계획이다.노희준 (gurazip@edaily.co.kr)＜ⓒ종합 경제정보 미디어 이데일리 - 무단전재 & 재배포 금지＞",/news/news_read.nhn?article_id=0004613776&office_id=018&mode=search&query=삼성바이오로직스&page=2
"코스피, 1.84% 오른 1757.19 거래 중","[더팩트ㅣ박경현 기자] 국내 증시가 상승장으로 시작해 견조한 오름세를 유지하고 있다.6일 오전 11시 33분 코스피는 전장 대비 31.75포인트(+1.84%) 오른 1757.19를 나타내고 있다.현재까지 개인과 외국인이 동반 매도세를 보이고 있다. 개인은 3254억 원, 외국인은 1054억 원을 팔아치운 반면 기관 홀로 4281억 원을 매수했다.같은시각 코스닥은 전 거래일 대비 14.04포인트(+2.45%) 오른 587.05선이다.코스닥 시장에서는 개인 홀로 350억 원을 매도한 반면 외국인과 기관이 각각 453억 원, 47억 원을 매수 중이다.국내증시의 상승세로 현재 우량주들 역시 오름세를 보이고 있다. 삼성전자(+1.49%), SK하이닉스(+1.63%), 삼성전자우(+0.75%), 삼성바이오로직스(+2.35%)등 코스피 주요 종목이 강세다.업종별로는 건축제품(+13.73%)과 무역회사와 판매업체(+10.82%)가 강세를 보이고 있다.pkh@tf.co.kr저작권자 ⓒ 특종에 강한 더팩트 & tf.co.kr 무단 전재 및 재배포 금지",/news/news_read.nhn?article_id=0000021613&office_id=629&mode=search&query=삼성바이오로직스&page=2
,"(서울=연합뉴스) 박상돈 기자 = 금융감독원은 지난해 상장사 139곳을 대상으로 심사·감리를 한 결과 82곳에서 회계기준위반이 확인됐다고 6일 밝혔다.

 지적률은 59.0%로 전년(60.0%)보다 소폭 하락했다.

시장별로는 유가증권시장 28곳(지적률 58.3%), 코스닥·코넥스 54곳(지적률 59.3%) 등이다.

무작위 추출 등을 통한 표본 심사·감리 지적률은 48.3%로 전년보다 소폭 하락했고 제보 등을 통한 혐의 심사·감리는 78.0%로 13.3%포인트나 떨어졌다.

 금감원은 ""연결재무제표 작성 범위와 관련된 조치기준 완화 등으로 제재를 받지 않은 기업이 증가한 데 따른 것""이라고 설명했다.

다만, 특정 테마를 선정해 실시하는 테마 심사·감리는 지적률이 높아졌다.

지난해 상장사 12곳을 대상으로 한 테마 심사·감리 지적률은 63.2%로 전년보다 16.0%포인트 상승했다.

심사·감리 지적 대상 상장사 82곳 중 당기손익이나 자기자본 변동을 초래하는 중요한 위반 지적 대상은 62곳으로 75.6%에 달해 전년(75.0%)과 비슷한 수준이었다.지적 대상 회사 중 63곳은 지적사항이 1~2건에 그쳤지만 3곳은 7건이나 됐다.

또 자기자본 등에는 영향이 없지만 매출·매출원가 과대계상 및 유동·비유동 분류 오류 등 중요 재무 정보 관련 위반 대상이 지난해 14곳으로 전년보다 10곳 늘었다.

지적 사항 중 고의·중과실 위반 비중은 32.9%로 전년(63.3%)보다 크게 하락했다.

이는 중대한 회계 부정에 대한 제재가 강화되며 중과실 여부를 신중하게 결정하도록 제재 기준이 개정된 데 따른 것이다.

이에 따라 과징금 부과 대상도 23곳으로 전년보다 7곳 줄었고 부과액도 49억8천만원으로 99억1천만원 줄었다. 지난 2018년에는 삼성바이오로직스 과징금 80억원이 포함돼 있다.

회사 등에 대한 검찰 고발·통보 또는 임원 해임권고 대상은 10곳으로 전년보다 2곳 줄었다.지난해 상장사 회계기준 위반과 관련해 회계법인에 대해서는 87건의 지적 사항이 있었고 이 중 삼일·삼정·안진·한영 등 4대 회계법인이 22건으로 25.3%를 차지했다. 지난해 제재를 받은 공인회계사는 177명으로 전년보다 22명 줄었다.

금감원은 ""중대하지 않은 회계 위반 사항에 대해서는 경조치로 신속히 종결하고 무자본 인수합병(M&A) 관련 회사나 한계기업 등 회계 부정 가능성이 큰 기업과 대기업 등 사회적 중요기업에 대해서는 모니터링을 강화하고 엄중히 조치할 것""이라고 강조했다.

kaka@yna.co.kr",/news/news_read.nhn?article_id=0011526100&office_id=001&mode=search&query=삼성바이오로직스&page=1
"삼성전자 1.19%, SK하이닉스 2.51%","[서울경제] 코스피가 6일 오후 기관의 순매수가 이어지며 2%대 강세를 나타내고 있다. 장중 1,760선을 넘어섰다. 이날 오후 1시 2분 코스피 지수는 43.81포인트(2.54%) 상승한 1,769.25를 나타냈다. 코스피는 전장보다 19.81포인트(1.15%) 오른 1,745.25에서 출발했고 줄곧 강세 흐름을 이어가는 중이다.유가증권시장에서 기관이 5,594억원 규모를 사들이며 상승장을 주도하는 양상이다. 다만 개인은 4,052억원 규모를 순매도했고, 외국인도 1,497억원 규모를 팔았다. 시가총액 상위 종목 중에서는
1.19%,
2.51%,
1.13%,
2.46% 등이 상승을 기록하고 있다. 한편 코스닥은 전장보다 17.86포인트(3.12%) 상승한 590.87을 기록했다. /이완기기자 kingear@sedaily.com저작권자 ⓒ 서울경제, 무단 전재 및 재배포 금지",/news/news_read.nhn?article_id=0003720103&office_id=011&mode=search&query=삼성바이오로직스&page=1
,"지적률은 59.0%로 전년(60.0%)보다 소폭 하락했다. 시장별로는 유가증권시장 28곳(지적률 58.3%), 코스닥·코넥스 54곳(지적률 59.3%) 등이다. 금감원은 ""연결재무제표 작성 범위와 관련된 조치기준 완화 등으로 제재를 받지 않은 기업이 증가한 데 따른 것""이라고 설명했다. 지난해 상장사 12곳을 대상으로 한 테마 심사·감리 지적률은 63.2%로 전년보다 16.0%포인트 상승했다.김동우 기자 love@kmib.co.krGoodNews paper ⓒ , 무단전재 및 재배포금지",/news/news_read.nhn?article_id=0001308319&office_id=005&mode=search&query=삼성바이오로직스&page=1
"금융감독원 상장사 회계기준 위반 심사 결과고의·중과실 비중 줄었지만, 지적률은 예년 수준","[서울신문]금융감독원은 지난해 상장사 139곳을 대상으로 심사·감리를 한 결과 82곳에서 회계기준 위반이 확인됐다고 6일 밝혔다. 지적률은 59.0%로, 전년(60.0%)과 비슷한 수준이었다. 유가증권시장은 28곳, 코스닥·코넥스는 54곳이다. 금감원은 “연결재무제표 작성 범위와 관련된 조치기준 완화 등으로 제재를 받지 않은 기업이 증가한 데 따른 것”이라고 설명했다.심사·감리 지적 대상 상장사 82곳 중 당기손익 또는 자기자본의 변동을 초래하는 중요한 위반으로 지적된 회사는 62곳으로 조사됐다. 자기자본 등에는 영향이 없지만, 매출·매출원가 과대계상 및 유동·비유동 분류 오류 등 중요 재무 정보 관련 위반 대상은 14곳이다.지적 사항 중 고의·중과실 위반 회사는 32.9%로, 일 년 전(63.3%)보다 하락했다. 이는 중대한 회게 부정에 대한 제재 강화 등 제재 기준이 개정된 데 따른 것으로 풀이된다. 과징금 부과 대상은 23곳으로 전년보다 7곳 줄었다. 부과액도 49억 8000만원으로 일 년 전보다 99억 1000만원 줄었다. 2018년에는 삼성바이오로직스 과징금 80억원이 포함돼 있었다.회사 등에 대한 검찰 고발·통보 또는 임원 해임권고 대상은 10곳으로 집계됐다. 일 년 전보다 2곳 줄었다.상장사 회계기준 위반 관련, 회계법인에 대해서는 87건의 지적 사항이 있었다. 삼일·삼정·안진·한영 등 4대 회계법인이 22건으로 25.3%를 차지했다. 지난해 제재를 받은 공인회계사는 177명으로 일 년 전보다 22명 줄었다.홍인기 기자 ikik@seoul.co.kr▶
▶
▶ⓒ 서울신문(www.seoul.co.kr), 무단전재 및 재배포금지",/news/news_read.nhn?article_id=0003080136&office_id=081&mode=search&query=삼성바이오로직스&page=1
"코스피 1,790선 다시 넘어삼성전자 3.62%, SK하이닉스 4.40%","[서울경제] 코스피가 6일 3%대 급등세로 마감했다. 기관의 순매수가 이어지면서 코스피 지수는 1,790선을 다시 넘어섰다. 이날 코스피는 전 거래일보다 66.44포인트(3.85%) 오른 1,791.88로 거래를 마쳤다. 코스피 지수는 전장보다 19.81포인트(1.15%) 오른 1,745.25에서 출발해 상승 폭을 키웠다.유가증권시장에서 기관이 1조385억원 규모를 사들였다. 반면 개인은 8,448억원 규모를 팔았고 외국인도 1,973억원 규모를 순매도했다. 시가총액 상위 종목 중에서는
3.62%,
4.40%,
2.89%,
2.03% 등의 상승폭을 나타냈다. 코스닥지수는 전장보다 24.20포인트(4.22%) 오른 597.21로 마감했다. 코스닥 지수도 6.24포인트(1.09%) 오른 579.25으로 장을 시작해 상승을 줄곧 이어갔다.코스닥 시장에서는 외국인이 1,162억원 규모를 순매수했고 기관도 590억원 규모를 사들였다. 반면 개인은 1,572억원 규모를 순매도했다. /이완기기자 kingear@sedaily.com저작권자 ⓒ 서울경제, 무단 전재 및 재배포 금지",/news/news_read.nhn?article_id=0003720237&office_id=011&mode=search&query=삼성바이오로직스&page=1
"코스피 단숨에 1,790선 탈환기관 1조 넘게 순매수코스닥도 4% 넘게 급등…600선 눈앞","[한국경제TV 신재근 기자](사진=6일 코스피 종가)코스피가 3% 넘게 급등하며 단숨에 1,790선까지 올랐다.6일 코스피는 전 거래일 대비 66.44포인트(3.85%) 오른 1,791.88에 거래를 마쳤다.코로나19 확산세가 조금씩 둔화되는 모습을 보이고 있고 오는 9일 개최될 OPEC+ 회의에서 러시아와 사우디가 1천만 배럴 감산에 합의할 것이란 기대감이 공포심리를 낮췄다는 평가다.실제로 미국의 신규 확진자는 6일 기준 3만명을 하회했고 트럼프 대통령도 ""터널 끝에서 빛을 본다""라며 낙관론을 펼쳤다.수급 주체에서는 기관(1조384억원)이 금융투자(6,335억원)와 연기금(2,699억원)을 중심으로 1조원 이상 순매수를 했다.개인(-8,448억원)과 외국인(-1,973억원)이 출회한 물량을 대부분 기관이 받아낸 것이다.하지만 이날 급등에도 아직 경계감을 늦춰선 안 된다는 분석도 나온다.최유준 신한금융투자 연구원은 ""코로나19 확진자 수 정점 통과는 좀 더 지켜볼 필요가 있다""면서 ""내일 발표되는 삼성전자 실적 발표에 따라서 흐름이 달라질 수 있다""라고 말했다.최 연구원은 이어 ""미국에서 대규모 실업이 나타날 것이란 전망이 강한 상황에서 조금은 경계할 필요가 있다""고 덧붙였다.업종별로는 전 업종이 상승 마감한 가운데 전기·전자(3.85%)와 유통(4.92%), 통신(5.74%)의 상승폭이 두드러졌다.코스피 시가총액 상위 10개 종목도 모두 올랐다.삼성전자(3.62%)와 SK하이닉스(4.40%), 셀트리온(6.63%), LG생활건강(5.07%), 삼성물산(3.30%), 삼성SDI(3.67%)가 강세를 보였고 삼성바이오로직스(2.03%), NAVER(0.58%), LG화학(2.07%), 현대차(2.90%)도 상승했다.코스닥도 4% 넘게 급등하며 600선에 근접했다.이날 코스닥지수는 전장보다 24.20포인트(4.22%) 오른 597.21에 장을 마쳤다.외국인(1,162억원)과 기관(590억원)이 동반 순매수로 지수를 끌어올렸고 개인(-1,572억원)은 5거래일 만에 순매도로 전환했다.IT와 제조, 유통, 제약 업종 등에 외국인과 기관의 매수가 이어졌다.코스닥 시총 상위 10개 종목도 모두 빨간불(주식시장에서 상승을 의미)이 켜졌다.셀트리온헬스케어(3.05%)와 에이치엘비(4.55%), 펄어비스(3.13%), CJ ENM(4.26%), 코미팜(7.03%)이 크게 오른 가운데 씨젠(1.93%)과 셀트리온제약(0.29%), 케이엠더블유(2.82%), 스튜디오드래곤(0.37%), 헬릭스미스(1.50%)도 올랐다.원/달러 환율은 재차 1,220원 선으로 내렸다.서울 외환시장에서 원/달러 환율은 전장보다 1.6원 내린 달러당 1,229.3원에 종가가 결정됐다.신재근기자 jkluv@wowtv.co.krⓒ 한국경제TV, 무단 전재 및 재배포 금지",/news/news_read.nhn?article_id=0000862121&office_id=215&mode=search&query=삼성바이오로직스&page=1
기관 강매수에도 외인 23거래일 연속 매도시가총액 상위종목 일제히 상승,"[이데일리 유현욱 기자] 6일 코스피 지수가 3%대 급등하며 1790선까지 치고 올라왔다. 외국인은 23거래일 연속 매도 행진을 이어갔지만, 기관이 강한 매수세로 지수를 밀어올렸다.마켓포인트에 따르면 코스피 지수는 전 거래일 대비 66.44포인트(3.85%) 오른 1791.88에 장을 마감했다. 지난 2일부터 3거래일 연속 상승세다.이는 도널드 트럼프 미국 대통령의 기자회견에 힘입어 낙관론이 퍼지기 시작했기 때문으로 풀이된다. 1%대 상승 출발했던 지수는 트럼프 대통령 발언이 전파되자, 상승 폭이 커졌다. 트럼프 대통령은 5일(현지시간) 백악관 코로나19 태스크포스(TF) 브리핑에서 “우리는 터널의 끝에서 빛을 보기 시작하고 있다”고 밝혔다. 그는 뉴욕에서 신규 사망자 숫자가 처음 감소한 데 대해 “좋은 징조일 수 있다”며 환자가 넘쳐났던 뉴욕의 병원 상태에 대해서도 “수준이 감소하고 있다”고 말했다.투자자별로 보면 기관이 1조386억원 어치를 홀로 사들였다. 반면 개인은 8133억원 어치를, 외국인은 1973억원 어치를 팔아치웠다. 기관 중에는 금융투자(6336억원) 연기금(2698억원) 투신(507억원) 순으로 매수 규모가 컸다.전 업종이 1% 이상 오른 가운데 통신업과 종이 목재가 5%대로 가장 높은 상승률을 보였다. 이어 유통업 증권 음식료품 의약품 운수창고 기계 화학이 4%대 상승했다. 시가총액 상위 종목 역시 일제히 올랐다.대장주인 삼성전자(005930)(3.62%)를 비롯해 SK하이닉스(000660)(4.40%) 삼성전자우(005935)(2.89%) 삼성바이오로직스(207940)(2.03%) 네이버(035420)(0.58%) 셀트리온(068270)(6.63%) LG화학(051910)(2.07%) LG생활건강(051900)(5.07%) 현대차(005380)(2.90%) 삼성물산(028260)(3.30%) 등이 상승했다.이 밖에 대규모 자사주 취득 결정을 발표한 L G상사가 가격제한폭(29.67%)까지 치솟았다. 구충제 이버멕틴(ivermectin)이 코로나19 사멸에 효과가 있다는 연구결과가 나오면서 구충제 관련 주인 신풍제약(019170) 신풍제약우(019175) 역시 상한가를 기록했다.이날 거래량은 12억410만주, 거래대금은 10조7712억원이다. 상한가 5종목을 포함해 837종목이 올랐고 하한가 없이 없이 48종목이 내렸다. 14종목은 보합이었다.유현욱 (fourleaf@edaily.co.kr)＜ⓒ종합 경제정보 미디어 이데일리 - 무단전재 & 재배포 금지＞",/news/news_read.nhn?article_id=0004614035&office_id=018&mode=search&query=삼성바이오로직스&page=1
,"외국인 23거래일째 '팔자'…개인은 9거래일 만에 순매도 전환(서울=연합뉴스) 김아람 기자 = 코스피가 6일 기관 매수에 힘입어 3%대 급등세로 마감했다.

이날 코스피는 전 거래일보다 66.44포인트(3.85%) 오른 1,791.88로 거래를 마쳤다.종가 기준으로 3월 12일(1,834.33) 이후 약 4주 만에 최고치다.

지수는 전장보다 19.81포인트(1.15%) 오른 1,745.25에서 출발해 상승 폭을 키웠다.

유가증권시장에서는 기관이 1조385억원어치를 순매수하며 지수 상승을 이끌었다. 개인과 외국인은 각각 8천449억원, 1천973억원을 순매도했다.

이로써 외국인은 지난 3월 5일부터 23거래일째 유가증권시장에서 '팔자' 행진을 이어갔다.

아울러 지난달 25일부터 8거래일간 순매수를 지속한 개인은 9거래일 만에 순매도로 전환했다.

이탈리아와 스페인 등 유럽에서 신종 코로나바이러스 감염증(코로나19) 확산세가 한풀 꺾였다는 소식이 전해졌다. 우리나라도 이날 0시 기준 코로나19 확진자가 전날보다 47명 증가해 46일 만에 신규 확진이 50명 미만을 기록했다.

길리어드 사이언스가 코로나19 치료제 후보로 거론되는 항바이러스제 렘데시비르의 생산을 확대한다고 발표하는 등 치료제 보급에 대한 기대도 커지고 있다.

이영곤 하나금융투자 연구원은 ""그동안 시장을 누르고 있었던 코로나19 관련 불확실성이 다소 완화하면서 전체적으로 시장 투자 심리가 많이 개선된 모습""이라며 ""유가 관련해서는 아직 감산 합의에 도달하지는 않았지만 이에 대한 기대감이 이어지고 있다""고 설명했다.

시가총액 상위 종목은 삼성전자(3.62%), SK하이닉스(4.40%), 삼성바이오로직스(2.03%), 네이버(0.58%), 셀트리온(6.63%), LG화학(2.07%), LG생활건강(5.07%), 현대차(2.90%), 삼성물산(3.30%), 삼성SDI(3.67%) 등 10위권 내 전 종목이 올랐다.

업종별로는 통신(5.74%), 종이·목재(5.24%), 유통(4.92%), 증권(4.76%), 음식료품(4.68%) 등을 비롯해 모든 업종이 강세를 보였다.

주가가 오른 종목은 842개, 내린 종목은 48개였다. 보합은 14개 종목이었다.

프로그램 매매는 차익거래와 비차익거래는 모두 매수 우위로, 전체적으로는 703억원의 순매수로 집계됐다.

유가증권시장의 거래량은 11억8천234만주, 거래대금은 10조7천395억원이었다.

코스닥지수는 전장보다 24.20포인트(4.22%) 오른 597.21로 마감했다.

종가 기준으로 3월 10일(619.97) 이후 약 4주 만에 가장 높은 수준이다.

지수는 전장보다 6.24포인트(1.09%) 오른 579.25로 개장해 우상향 곡선을 그렸다.

코스닥시장에서는 외국인과 기관이 각각 1천162억원, 590억원을 순매수했다. 개인은 1천572억원을 순매도했다.

시총 상위주 중에는 셀트리온헬스케어(3.05%), 에이치엘비(4.55%), 펄어비스(3.13%), 씨젠(1.83%), 셀트리온제약(0.29%), 케이엠더블유(2.82%), CJ ENM(4.26%), 스튜디오드래곤(0.37%), 코미팜(7.03%), 헬릭스미스(1.50%) 등 10위권 내 모든 종목이 오름세다.

코스닥시장의 거래량은 14억7천296만주, 거래대금은 9조6천644억원 수준이었다.

서울 외환시장에서 원/달러 환율은 전날보다 달러당 1.6원 내린 1,229.3원에 마감했다.

rice@yna.co.kr",/news/news_read.nhn?article_id=0011527156&office_id=001&mode=search&query=삼성바이오로직스&page=1
"코스닥, 4% 넘게 올라…외인 5거래일 만에 순매수","[아이뉴스24 류은혁 기자] 코스피가 기관의 매수세 힘입어 3% 넘게 급등하면서 1800선 돌파를 눈앞에 뒀다. 6일 코스피지수는 1740대에서 오름세로 출발한 뒤 오후들어 기관의 매수규모가 늘어나면서 상승폭을 확대했다.이날 코스피지수는 전 거래일보다 66.44포인트(3.85%) 오른 1791.88에 마감했다. 개인과 외국인이 각각 8천451억원, 2천22억원 순매도했지만 기관이 1조386억원 순매수하면서 지수를 이끌었다.이날 시가총액 상위 10종목은 모두 상승했다. 삼성전자 3.62%, SK하이닉스 4.40%, 삼성전자우 2.89%, 삼성바이오로직스 2.03%, NAVER 0.58%의 상승률을 보였다.업종별로도 대부분 상승했다. 복합유틸리티(-0.04%)를 제외하고 무역회사와 판매업체(14.12%), 가정용품(9.99%), 가정용기기와 용품(7,99%) 업종이 크게 올랐다. 이날 상한가 종목은 신풍제약, LG상사, 우성사료 등 5개였고, 하한가 종목은 없었다.코스닥지수는 전 거래일 대비 24.20포인트(4.22%) 상승한 597.21을 기록했다. 개인이 1천572억원 순매도한 반면 외국인과 기관이 각각 1천160억원, 591억원 순매수했다. 이날 코스닥시장서 외국인은 5거래일 만에 순매수를 보였다.시가총액 상위 10종목은 모두 올랐다. 셀트리온헬스케어 3.05%, 에이치엘비 4.55%, 펄어비스 3.13%, 셀트리온제약 0.29%의 상승률을 보였다.이날 상한가 종목은 대한뉴팜, 씨티씨바이오, 알리코제약 등 15개인 반면 하한가 종목은 없었다.한편 이날 서울외환시장에서 원/달러 환율은 전 거래일 대비 1.6원 내린 1229.3원에 마감됐다. ehryu@inews24.com [ⓒ 아이뉴스24 무단전재 및 재배포 금지]",/news/news_read.nhn?article_id=0000533115&office_id=031&mode=search&query=삼성바이오로직스&page=1
,"손희연 기자 son90@mt.co.kr
<저작권자 ⓒ '성공을 꿈꾸는 사람들의 경제 뉴스' 머니S, 무단전재 및 재배포 금지>",/news/news_read.nhn?article_id=0000527566&office_id=417&mode=search&query=삼성바이오로직스&page=1
개인과 외국인 동반 순매도,"코스피 지수가 4% 가까이 상승하며 거래를 마쳤다. 기관이 홀로 1조원 넘게 순매수하며 지수 상승을 이끌었다.6일 코스피 지수는 전장대비 66.44포인트(3.85%) 상승한 1791.88을 기록했다. 개인과 외국인이 각각 8451억원, 1973억원을 순매도한 가운데 기관이 홀로 1조390억원을 쓸어담았다.업종별 지수 등락률을 살펴보면 음식료품(4.68%)을 비롯해 섬유·의복, 종이·목재, 화학, 의약품, 비금속광물, 철강·금속, 기계, 전기·전자, 의료정밀, 운송장비 등 줄줄이 상승 마감했다.시가총액 상위 종목들은 삼성전자(3.62%)를 비롯해 SK하이닉스(4.40%), 삼성바이오로직스(2.03%), 네이버(0.58%), 셀트리온(6.63%), LG화학(2.07%), LG생활건강(5.07%) 등 대부분 상승세로 거래를 마쳤다.코스닥 지수는 전장대비 24.20포인트(4.22%) 상승한 597.21을 기록했다.임동민 교보증권 연구원은 ""미국과 유럽 등지에서 코로나 19확산 속도는 심각하게 우려되는 수준""이라며 ""경제와 수요 위축이 발생하는 상황에서 교역-생산, 내수-소비 등 경기침체 영향이 우려가 되는데 이탈리아 재정위기, 일본 디플레이션 복귀, 신흥시장 자본유출 위험이 주가를 압박하는 요인으로 작용할 것""이라고 말했다.데일리안 이미경 기자 (esit917@dailian.co.kr)ⓒ (주)데일리안 - 무단전재, 변형, 무단배포 금지",/news/news_read.nhn?article_id=0002394114&office_id=119&mode=search&query=삼성바이오로직스&page=1
기관 1조386억원 순매수…코스닥도 4.2% 급등美 시간외 선물 3~4% 상승…환율 1.6원 내린 1229.3원,"(서울=뉴스1) 전민 기자 = 6일 코스피 지수가 4% 가까이 상승하며 1790선을 회복했다. 코스닥 지수도 4% 넘는 급등세를 나타냈다. 미국 뉴욕에서 코로나19로 인한 사망자 수 증가세가 둔화됐다는 소식 등에 시간외 뉴욕 증시 지수 선물이 4% 넘는 강세를 보인 영향으로 풀이된다. 이날 코스피 지수는 전날보다 66.44p(3.85%) 뛴 1791.88에 마감했다. 이는 지난달 12일(1834.33) 이후 약 3주만에 최고치다. 19.81p(1.15%) 오른 1745.25으로 출발해 기관의 순매수에 힘입어 장중 상승폭을 키워나갔다.기관은 홀로 1조386억원을 순매수했다. 개인과 외국인은 각각 8451억원, 2022억원 순매도했다.시가총액 상위 10개 종목은 삼성전자(3.62%), SK하이닉스(4.40%), 삼성전자우(2.89%), 삼성바이오로직스(2.03%), NAVER(0.58%), 셀트리온(6.63%), LG화학(2.07%), LG생활건강(5.07%), 현대차(2.90%), 삼성물산(3.30%) 등 모두 상승했다.업종별로는 통신업(5.74%), 종이목재(5.24%), 유통업(4.92%), 증권(4.76%), 음식료업(4.68%) 등의 상승폭이 컸다.지난 3일(현지시간) 미국에서 뉴욕 3대 지수는 일제히 하락세를 보였지만 이날 지수 시간외 선물은 다우존스(3.83%), S&P500(3.83%), 나스닥100(4.03%) 등 일제히 3~4%대 상승세를 보이고 있다. 뉴욕에서 코로나19 사망자수 증가세가 둔화된 게 호재로 작용한 것으로 보인다. 뉴욕주는 12만3018명의 확진자와 4159명의 사망자가 나온 미국 최대 코로나19 피해 지역이다. 도널드 트럼프 미국 대통령도 전날 백악관 코로나19 브리핑에서 ""터널 끝에서 빛이 보기 시작하고 있다""고 조심스럽게 낙관론을 펼쳤다. 노동길 NH투자증권 연구원은 ""도널드 트럼프 미국 대통령의 기자회견 이후 기관을 중심으로 순매수세가 강해졌다""고 설명했다.코스닥 지수는 전일대비 24.20p(4.22%) 상승한 597.21로 마쳤다. 6.24p(1.09%) 오른 579.25로 출발해 외국인과 기관의 순매수에 힘입어 상승 폭을 키웠다. 외국인과 기관은 각각 1160억원, 591억원 순매수했다. 개인은 1573억원 순매도했다.시총 상위 10개 종목인 셀트리온헬스케어(3.05%), 에이치엘비(4.55%), 펄어비스(3.13%), 씨젠(1.93%), 셀트리온제약(0.29%), 케이엠더블유(2.82%), CJ ENM(4.26%), 스튜디오드래곤(0.37%), 코미팜(7.03%), 헬릭스미스(1.50%) 등이 일제히 상승했다.서울외환시장에서 달러/원 환율은 1.6원 내린 1229.3원에 장을 마쳤다.(원화가치 상승) 6.1원 오른 1237.0원으로 출발해 장중 상승세를 보였으나 증시 강세에 함께 하락 전환했다.min785@news1.kr© 뉴스1코리아(), 무단 전재 및 재배포 금지",/news/news_read.nhn?article_id=0004567805&office_id=421&mode=search&query=삼성바이오로직스&page=1
,"[서울신문]코스피가 6일 기관 매수에 힘입어 3%대 급등세로 마감했다.6일 코스피는 전 거래일보다 66.44포인트(3.85%) 오른 1,791.88로 거래를 마쳤다. 종가 기준으로 3월 12일(1,834.33) 이후 약 4주 만에 최고치다. 지수는 전장보다 19.81포인트(1.15%) 오른 1,745.25에서 출발해 상승 폭을 키웠다.유가증권시장에서는 기관이 1조385억원어치를 순매수하며 지수 상승을 이끌었다. 개인과 외국인은 각각 8천449억원, 1천973억원을 순매도했다. 이로써 외국인은 지난 3월 5일부터 23거래일째 유가증권시장에서 ‘팔자’ 행진을 이어갔다. 지난달 25일부터 8거래일간 순매수를 지속한 개인은 9거래일 만에 순매도로 전환했다.이영곤 하나금융투자 연구원은 “그동안 시장을 누르고 있었던 코로나19 관련 불확실성이 다소 완화하면서 전체적으로 시장 투자 심리가 많이 개선된 모습”이라며 “유가 관련해서는 아직 감산 합의에 도달하지는 않았지만 이에 대한 기대감이 이어지고 있다”고 설명했다.시가총액 상위 종목은 삼성전자(3.62%), SK하이닉스(4.40%), 삼성바이오로직스(2.03%), 네이버(0.58%), 셀트리온(6.63%), LG화학(2.07%), LG생활건강(5.07%), 현대차(2.90%), 삼성물산(3.30%), 삼성SDI(3.67%) 등 10위권 내 전 종목이 올랐다.유가증권시장의 거래량은 11억8천234만주, 거래대금은 10조7천395억원이었다.코스닥지수는 전장보다 24.20포인트(4.22%) 오른 597.21로 마감했다.종가 기준으로 3월 10일(619.97) 이후 약 4주 만에 가장 높은 수준이다. 지수는 전장보다 6.24포인트(1.09%) 오른 579.25로 개장해 우상향 곡선을 그렸다.코스닥시장에서는 외국인과 기관이 각각 1천162억원, 590억원을 순매수했다. 개인은 1천572억원을 순매도했다.시총 상위주 중에는 셀트리온헬스케어(3.05%), 에이치엘비(4.55%), 펄어비스(3.13%), 씨젠(1.83%), 셀트리온제약(0.29%), 케이엠더블유(2.82%), CJ ENM(4.26%), 스튜디오드래곤(0.37%), 코미팜(7.03%), 헬릭스미스(1.50%) 등 10위권 내 모든 종목이 오름세를 기록했다.코스닥시장의 거래량은 14억7천296만주, 거래대금은 9조6천644억원 수준이었다.서울 외환시장에서 원·달러 환율은 전날보다 달러당 1.6원 내린 1,229.3원에 마감했다.이보희 기자 boh2@seoul.co.kr▶
▶
▶ⓒ 서울신문(www.seoul.co.kr), 무단전재 및 재배포금지",/news/news_read.nhn?article_id=0003080185&office_id=081&mode=search&query=삼성바이오로직스&page=1
▶ 네이버 홈에서 [한국경제TV] 채널 구독하기 [생방송보기]▶ 대한민국 재테크 총집결! - [증권 / 주식상담 / 부동산],"[한국경제TV 박준식 콘텐츠사업팀장]6일 코스피 지수가 3%대 급등하며 1790선을 단숨에 넘었다.외국인은 매도 행진을 이어갔지만 기관이 매수로 맞서며 지수를 끌어올렸다.이날 코스피는 전 거래일 대비 66.44포인트(3.85%) 오른 1971.88에 장을 마감했다. 지난 2일부터 3거래일 연속 상승세다.트럼프 대통령 발언이 상승폭을 키웠다. 트럼프 대통령은 5일(현지시간) 백악관 코로나19 브리핑에서 ""우리는 터널의 끝에서 빛을 보기 시작하고 말했다.9일 열리는 OPEC+ 회의에서 러시아와 사우디가 1천만 배럴 감산에 합의할 것이란 기대감도 시장의 공포심리를 낮췄다.투자 주체별로는 기관이 1조386억원 어치를 나홀로 매수했는데 금융투자(6336억원) 연기금(2698억원) 투신(507억원) 순으로 규모가 컸다.이에 반해 개인은 8133억원 어치를 팔았다.외국인은 이날도 1973억원을 어치를 팔아치우며 23거래일 연속 매도를 기록했다.모든 업종이 1% 이상 오른 가운데 통신업과 종이, 목재가 5%대로 가장 높은 상승률을 보였다.시가총액 상위종목 중에서는 삼성전자(3.62%)를 비롯해 SK하이닉스(4.40%) 삼성전자우(2.89%) 삼성바이오로직스(2.03%) 등이 상승했다.대규모 자사주 취득 결정을 발표한 LG화이 가격제한폭(29.67%)까지 치솟았다.코스닥은 600선에 근접했다. 전거래일 보다 4.22%, 24.20P 오른 597.21에 장을 마감했다.외국인과 기관이 각각 1163억원, 591억원 순매수하며 지수 상승을 이끌었고, 개인은 1572억원 순매도를 기록했다.한편 원/달러 환율은 다시 한번 1,220원 선으로 내려갔다.서울 외환시장에서 원/달러 환율은 전장보다 1.6원 내린 달러당 1,229.3원에 종가가 결정됐다.박준식콘텐츠사업팀장 parkjs@wowtv.co.krⓒ 한국경제TV, 무단 전재 및 재배포 금지",/news/news_read.nhn?article_id=0000862142&office_id=215&mode=search&query=삼성바이오로직스&page=1
,"[머니투데이 강민수 기자] [[내일의전략]]코스피는 1조원이 넘는 기관의 매수세에 1800선 턱밑까지 상승했다. 글로벌 코로나19 확산 정점 통과 및 OPEC+ 감산 합의 등에 대한 기대가 작용한 덕분이다. 그러나 전문가들은 경제지표와 기업이익 추정치가 악화될 가능성이 높다며 낙관론을 경계했다. 내일 예정된 삼성전자의 1분기 잠정실적 발표가 국내 실물 경제 충격을 확인할 분수령이 될 전망이다. 6일 코스피 지수는 전날보다 66.44포인트(3.85%) 오른 1791.88에 마쳤다. 이날 1%대 상승 출발한 지수는 기관 매수세에 상승 폭을 키우며 1790선까지 회복했다.코스닥 지수는 24.20포인트(4.22%) 오른 597.21에 마감했다. 이날 코스피 시장에서 기관은 홀로 1조389억원어치를 순매수하며 지수 상승을 이끌었다. 개인은 8451억원 규모를 순매도했다. 개인이 매도 우위로 돌아선 것은 9거래일 만이다. 외국인은 1976억원어치를 팔아치우며 23거래일 연속 '팔자 행진'을 이어갔다. 이날 개인 투자자의 매도세는 최근 증시 반등에 따른 차익 실현 매물로 풀이된다. 올해 들어 개인투자자는 22조원 넘게 사들이며, '동학개미운동'이라는 신조어까지 나올 정도로 외국인 투매에 맞서는 증시 버팀목 역할을 해왔다. 현재 지수대에서 개인투자자의 수익 구간 자금이 30%로 7조원 가량인데, 이 중 일부가 차익실현에 나선 것으로 보인다. 서정훈 삼성증권 연구원은 ""개인 자금이 저가매수에 나선 구간이 1500선인데, 현재 저점 대비 두자릿수 이상 올라온 만큼 차익실현을 할 만하다""며 ""기관 자금은 이번주부터 집행될 증시안정펀드 등으로부터 유입된 것으로 추정한다""고 설명했다. 코스닥 시장에서도 개인은 1581억원 매도 우위를 나타냈다. 반면 기관과 외국인은 각각 590억원, 1162억원어치를 사들였다. 프로그램 매매는 코스피시장에서 차익거래가 505억원 매수 우위, 비차익 거래가 195억원 매수 우위를 나타내 전체적으로 701억원 순매수세를 기록했다.코스피 업종 지수는 모두 상승세를 보였다. 이 가운데 특히 통신(5.74%), 음식료품(4.68%), 의약품(4.48%), 종이·목재(5.24%), 유통(4.92%) 등이 상승 폭이 두드러졌다. 시가총액 상위주도 모조리 '빨간불'을 켰다. 특히 셀트리온(6.63%), LG생활건강(5.07%) 등이 큰 폭으로 올랐고, 삼성전자(3.62%), SK하이닉스(4.40%), 삼성바이오로직스(2.03%), 현대차(2.90%) 등도 상승세였다. 서울 외환시장에서 원/달러 환율은 전거래일 대비 1.60원 내린 1229.3원에 거래를 마쳤다. 이날 증시 상승에는 미국과 유럽의 코로나19 확진자 수 증가 폭 둔화에 따른 사태 진정 기대감이 작용했다. 지난 5일 뉴욕주는 일일 사망자수가 594명으로 전날(630명)보다 36명 줄었다고 발표했다. 이는 바이러스 발병 이후 처음으로 감소한 것이다. 미국 신규 확진자 또한 6일 기준 2만8222명으로 3만명대를 밑돌았다. 같은 날 이탈리아 코로나19 사망자는 525명으로 지난달 19일 이후 최저였다. 5일(현지시간) 도널드 트럼프 미 대통령은 이를 언급하며 ""터널 끝에서 한 줄기 빛이 보인다""며 낙관론을 펼치기도 했다. 오는 9일로 연기된 OPEC+ 긴급회의에서 이뤄질 감산 합의 논의도 증시 상승 요인으로 작용했다. 최유준 신한금융투자 연구원은 ""(코로나19 확진자 증가의) 정점 통과가 머지 않았다는 기대감이 증시에 긍정적 영향을 미친 것으로 보인다""며 ""주가 급락의 한축이었던 유가 관련, OPEC+ 긴급회의에서 1000만 배럴 감산이 이뤄질 것이란 기대감도 반영됐다""고 설명했다. 전문가들은 역시나 국내 증시에서 가장 주목할 변수로 오는 7일 발표될 삼성전자의 1분기 잠정실적을 꼽았다. 일부 매크로 경제지표가 코로나19 충격을 온전히 반영하지 못하는 가운데, 삼성전자의 실적으로 실질적인 국내 경제 펀더멘탈(기초체력)을 확인할 수 있다는 점에서다. 최유준 연구원은 ""코로나19 여파에도 메모리 가격이 견조한 상황에서 1분기 영업이익 수준이 증시 전반 투자심리에 큰 영향을 끼칠 것""이라고 전망했다. 앞으로 나올 경기지표 등에 대한 기대감도 낮출 것을 권했다. 한국 3월 수출은 전년대비 0.2% 감소하고, 일평균 수출은 6.4% 감소해 전월(-11.9%)에 비해 비교적 선방했으나, 이는 더욱 악화될 가능성이 크다는 것이다. 이승훈 메리츠증권 연구원은 ""미국 고용은 4월 충격이 더욱 크게 반영될 것이며, 공급관리자협회(ISM) 지표의 선방은 착시효과 때문""이라며 ""중국은 코로나로 인해 받았던 충격으로부터 절반도 회복을 하지 못했고, 한국 내수와 수출은 3월 지표가 더욱 악화될 가능성이 크다""고 지적했다. 노동길 NH투자증권 연구원은 ""국내 증시 상승은 세계 코로나19 정점 통과 기대를 선반영했다""며 ""다만 향후 지표 약화와 기업이익 추정치 하향이 예정돼 있다는 점을 유의해야 한다""고 조언했다. 강민수 기자 fullwater7@mt.co.kr
<저작권자 ⓒ '돈이 보이는 리얼타임 뉴스' 머니투데이, 무단전재 및 재배포 금지>",/news/news_read.nhn?article_id=0004390075&office_id=008&mode=search&query=삼성바이오로직스&page=1
,"[서울=뉴시스] 김제이 기자 = 코스피가 글로벌 증시 상승과 미국 뉴욕주 코로나19 사망자 감소 등으로 상승에 박차를 가하면서 4% 가까이 오름세 마감하는 데 성공했다.6일 코스피지수는 전 거래일(1725.44)보다 66.44포인트(3.85%) 오른 1791.88에 마감했다. 이날 지수는 전 거래일보다 19.81포인트(1.15%) 오른 1745.25에 출발한 뒤 장 내내 상승 폭을 넓히다 거래를 마쳤다.이날 유가증권시장에서 개인 투자자는 9거래일만에 순매도세로 전환했다. 개인 투자자는 8452억원 매도 우위를 기록했다. 외국인 투자자 역시 1976억원을 순매도했다. 반면 기관 투자자는 1조389억원 순매도하며 지수 상승을 이끌었다.코스피 업종은 모두 상승세로 마감했다. 통신업, 종이목재는 5%대로 올랐다. 유통업, 증권, 음식료품, 의약품, 운수창고, 기계, 화학 등도 4%대로 상승했으며 제조업, 전기전자, 운송장비, 금융업, 의료정밀, 섬유의복, 서비스업도 3%대로 상승했다. 나머지 업종도 모두 1~2%대로 상승마감했다.시가총액 상위 종목 가운데에서는 셀트리온이 전 거래일 대비 1만3000원(6.63%) 상승해 20만9000원에 거래를 마쳤다. 대장주 삼성전자는 1700원(3.62%) 오른 4만8700원에 마감했다. 이 밖에도 LG생활건강(5.07%), SK하이닉스(4.40%), 삼성SDI(3.67%), 삼성물산(3.30%), 현대차(2.90%), LG화학(2.07%), 삼성바이오로직스(2.03%), 네이버(0.58%) 등이 모두 올랐다.이날 장 상황에 대해 노동길 NH투자증권 연구원은 ""이날 국내 주식시장 상승은 미국 지수 선물 및 세계 주요국 지수 상승을 동반했다""며 ""신종 코로나 바이러스 감염증(코로나19) 공포 고점 통과는 주가 반등을 위한 가장 필요한 재료였다""고 평가했다.코스닥 지수는 전 거래일(573.01)보다 6.24포인트(1.09%) 오른 579.25에 출발해 24.20포인트(4.22%) 오른 597.21에 마감했다.코스닥시장에서 개인투자자와 외국인 투자자들은 수급 포지션을 맞바꿨다. 개인은 5거래일만에 순매도세로 돌아서며 1581억원을 팔아치운 반면 외국인은 1163억원을 순매수했다. 기관투자자는 590억원을 사들였다.코스닥시장 내 시총 10개 종목들도 모두 올랐다. 코미팜(7.03%)이 가장 많이 올랐으며 그 뒤로 에이치엘비(4.55%), CJ ENM(4.26%), 펄어비스(3.13%), 셀트리온헬스케어(3.05%), 케이엠더블유(2.82%), 씨젠(1.93%), 헬릭스미스(1.50%), 스튜디오드래곤(0.37%), 셀트리온제약(0.29%) 순으로 올랐다.서상영 키움증권 연구원은 ""국내증시는 길리어드 사이언스가 렘데스비르 생산 확대를 발표하자 상승했다""며 ""특히 길리어드의 조치는 치료제 관련 임상 시험에 대한 낙관적인 전망을 부각 시켰다는 점에서 투자심리 개선 효과가 두드러졌다""고 분석했다.한편, 뉴욕증시는 미국의 대규모 실업 사태에 대한 충격으로 하락 마감했다.뉴욕증권거래소(NYSE)에서 3일(현지시각) 다우존스 30 산업평균지수는 전장보다 360.91포인트(1.69%) 하락한 2만1052.53에 거래를 마쳤다. 스탠더드앤드푸어스(S&P) 500 지수는 38.25포인트(1.51%) 내린 2488.65, 기술주 중심의 나스닥 지수는 114.23포인트(1.53%) 하락한 7373.08에 마감했다. jey@newsis.com<ⓒ 공감언론 뉴시스통신사. 무단전재-재배포 금지>",/news/news_read.nhn?article_id=0009799436&office_id=003&mode=search&query=삼성바이오로직스&page=1
,"삼성바이오로직스가 파멥신과 항암 및 질환성 신생혈관 치료용 후보물질(PMC-402)의 수탁개발(CDO) 계약을 체결했다고 6일 발표했다.삼성바이오로직스는 PMC-402의 세포주 개발과 임상시료 생산, 임상시험계획(IND) 제출 지원 등 CDO 전 과정을 지원할 예정이다. 파멥신은 올해 안정성 증명 시험을 마치고 내년부터 글로벌 임상 1상에 들어갈 계획이다.PMC-402는 항암과 질환성 신생혈관을 정상 혈관으로 만드는 걸 돕는 물질이다. 신생혈관은 종양 등이 더 많은 영양분과 산소를 흡수하기 위해 세포 주변에 형성하는 혈관이다. 면역세포와 치료제가 제대로 전달되지 못하게 방해하는 역할도 한다. 삼성바이오로직스에 따르면 파멥신은 단독 투여와 면역항암제와의 병용 투여에서 PMC-402의 효과를 확인했다.파멥신이 삼성바이오로직스와 CDO 계약을 체결한 건 이번이 처음이다. 파멥신의 대표 항체치료제인 올린바시맵은 해외 회사와 CDO 계약을 체결했다. 김태한 삼성바이오로직스 사장(사진)은 “글로벌 수준의 CDO 경쟁력을 갖췄다는 의미”라며 “해외 바이오 벤처들과의 파트너십 계약도 이뤄질 것”이라고 말했다.김우섭 기자 duter@hankyung.com▶ ▶
 ▶
ⓒ 한국경제 & , 무단전재 및 재배포 금지",/news/news_read.nhn?article_id=0004319533&office_id=015&mode=search&query=삼성바이오로직스&page=1
코스피 강세…3.85%오른 1791.88 마감,"[더팩트ㅣ박경현 기자] 코스피가 기관의 1조 원 이상 매수공세에 힘입어 상승 마감했다.6일 코스피는 전장 대비 66.44포인트(+3.85%)오른 1791.88에 장을 마쳤다. 코스피시장은 이날 기관이 강한 매수세를 보였다. 기관은 1조389억 원을 순매수한 반면 개인과 외국인은 각각 8446억 원, 2034억 원을 순매도했다.시가총액별 종목은 상위 90위까지 상승 또는 보합세를 유지했다. 이에 삼성전자가 전일대비 3.62%(1700원) 올라 4만8700원까지 주가가 올랐다. 또한 SK하이닉스(+4.40%), 삼성전자우(+2.89%), 삼성바이오로직스(+2.03%), NAVER(+0.58%), 셀트리온(+6.63%), LG화학(+2.07%), LG생활건강(+5.07%), 현대차(+2.90%), 삼성물산(+3.30%)이 모두 오름세로 장을 마쳤다.이날 업종은 무역회사와 판매업체(+14.12%)가 강세를 보인 가운데 업종 전반이 오름세였다. 또한 가정용품, 가정용기기와 용품, 건강관리업체 및 서비스, 항공화물운송과 물류 등이 7~10%가량 올랐다.코스닥 시장 역시 장 후반으로 갈 수록 견조한 상승세를 유지했다. 코스닥은 전일 대비 24.20포인트(+4.22%)오른 597.21에 마감했다.코스닥에서는 개인이 매도포지션을 유지한 가운데 1582억 원을 순매도했다. 반면 외국인과 기관이 각각 1160억 원, 591억 원을 순매수했다.이날 코스닥 시가총액별 상위 종목 주가 역시 대부분 상승했다. 셀트리온헬스케어(+3.05%), 에이치엘비(+4.55%), 씨젠(+1.93%), 셀트리온제약(+0.29%), 케이엠더블유(+2.82%), CJ ENM(+4.26%), 스튜디오드래곤(+0.37%), 코미팜(+7.03%), 헬릭스미스(+1.50%)가 일제히 올랐다.pkh@tf.co.kr저작권자 ⓒ 특종에 강한 더팩트 & tf.co.kr 무단 전재 및 재배포 금지",/news/news_read.nhn?article_id=0000021710&office_id=629&mode=search&query=삼성바이오로직스&page=1
▶ 헉! 소리나는 스!토리 뉴스 [헉스]▶ '아는 척'하고 싶은 당신을 위한 [두유노우]▶ 한눈에 보는 [4·15총선 NEWS MAP],"삼성바이오로직스는 파멥신과 항암 및 질환성 신생혈관 치료용 후보물질(PMC-402)에 대한 위탁개발(CDO)계약을 체결했다고 6일 밝혔다.
 이번 계약으로 삼성바이오로직스는 파멥신의 'PMC-402'의 세포주 개발에서부터 공정개발, 임상시료 생산 및 임상시험계획(IND) 제출 지원, 비임상 및 글로벌 임상물질 생산 등 CDO 전 과정의 서비스를 제공하게 됐다.
 파멥신은 글로벌 임상 2상을 진행 중인 올린바시맵을 개발할 당시에는 삼성바이오로직스와 같은 글로벌 수준의 CDO 서비스를 제공하는 국내 파트너사가 없어 해외 파트너와 협력해서 진행했다.
 하지만 삼성바이오로직스가 밸류체인을 확대하고 글로벌 최고 수준의 CDO 경쟁력을 갖추게 됨에 따라 이번 후보물질을 시작으로 양사의 전략적인 제휴가 가능해졌다.
 파멥신에 따르면 'PMC-402'는 모세혈관 등에서 새롭게 증식되는 혈관인 질환성 신생혈관의 정상혈관화를 돕는 물질이다. 질환성 신생혈관은 누수가 많은 다공성의 특징을 갖고 있으며 각종 종양 및 노인성 황반변성에서 주로 나타나는 것으로 알려졌다.
 파멥신 유진산 대표는 ""사전연구를 통해 단독투여 및 면역항암제와의 병용투여에서 'PMC-402'의 항암효과를 확인했다""며 ""당뇨병성 망막증, 노인성 황반변성 등 비정상적인 혈관으로 인한 안과질환에도 효과가 있을 것으로 기대된다""고 밝혔다. 이어 ""올해부터 'PMC-402'의 안전성 증명 시험을 진행하고 2021년 글로벌 임상 1상 돌입을 통해 신약개발에 도전할 것""이라고 밝혔다.
 삼성바이오로직스 김태한 사장은 ""삼성바이오로직스는 글로벌 경쟁력을 갖춘 위탁연구(CRO), 위탁개발(CDO), 위탁생산(CMO)의 일괄 공급 서비스로 경쟁력 있는 후보물질을 갖고 있는 국내 바이오벤처의 신약 개발을 최대한 지원하고 있다""며 ""국내외 바이오벤처들이 삼성바이오로직스와의 전략적인 파트너십을 통해 제품개발의 가속화뿐 아니라 본업인 후보물질 발굴에 집중해 더 큰 성과를 낼 수 있게 되길 기대한다""고 밝혔다.
 파멥신은 지난 2008년 설립된 항암 항체신약개발 업체로 2018년 코스닥에 상장했으며 현재 재발성 뇌종양 치료제, 전이성 삼중음성유방암 치료제 등 글로벌 임상을 진행하고 있다.


 ※ 저작권자 ⓒ 파이낸셜뉴스. 무단 전재-재배포 금지",/news/news_read.nhn?article_id=0004403597&office_id=014&mode=search&query=삼성바이오로직스&page=1
삼성전자 2862억 원·SK하이닉스 945억 원 매수,"[더팩트ㅣ박경현 기자] 6일 코스피 시장에서 기관이 매수포지션으로 전환해 1조 원 이상 쓸어담으며 상승을 견인했다. 기관은 1조389억 원을 순매수한 반면 개인과 외국인은 매도하며 각각 8446억 원, 2034억 원을 순매도했다. 시장은 장 후반으로 갈수록 견조한 상승세를 유지하다 마감했다.이날 기관투자자의 코스피 시장 최대매수는 삼성전자로 향했다. 기관은 삼성전자 2862억 원을 사들이고 SK하이닉스도 945억 원을 담았다. 반면 한국전력 71억 원, 보령제약 59억 원을 팔아치웠다.외국인투자자의 코스피 기업 최대매수는 셀트리온이었다. 이날 외인의 순매수는 셀트리온 422억 원, LG이노텍 88억 원, 엔씨소프트 84억 원, 현대차 54억 원 순이었다.반면 LG화학은 273억 원을 순매도했다. 뒤를 이어 NAVER 259억 원, SK텔레콤 193억 원, 카카오 175억 원, 삼성SDI 167억 원을 팔았다.코스닥시장에서는 에이치엘비 109억 원, NHN한국사이버결제 59억 원, 원익IPS 40억 원을 사들인 반면 젬백스 38억 원, 미코 30억 원, 케이아이엔엑스 24억 원을 순매도했다.이에 이날 우량주들 주가가 일제히 올랐다. 삼성전자는 전일대비 1700원(3.62%) 오른 4만8700원에 장을 마쳤다. 또한 SK하이닉스(+4.40%), 삼성전자우(+2.89%), 삼성바이오로직스(+2.03%), NAVER(+0.58%), 셀트리온(+6.63%), LG화학(+2.07%), LG생활건강(+5.07%), 현대차(+2.90%), 삼성물산(+3.30%)이 모두 오름세로 장을 마감했다.pkh@tf.co.kr저작권자 ⓒ 특종에 강한 더팩트 & tf.co.kr 무단 전재 및 재배포 금지",/news/news_read.nhn?article_id=0000021726&office_id=629&mode=search&query=삼성바이오로직스&page=1
