head,text,url
삼성전자 전자투표 독려,"올해 주요 상장사들이 ‘언택트(Untact)’ 주주총회를 강조하고 있다. 신종 코로나바이러스감염증(코로나19) 확산 방지를 위해 온라인 참여와 전자투표를 독려하는 것이다.삼성전자는 15일 홈페이지를 통해 “오는 18일 수원컨벤션센터에서 열리는 제51기 정기 주총에 주주님들의 건강·안전을 위해 가능하시면 전자투표로 참여해 주시길 부탁드린다”고 밝혔다. 질병관리본부가 권고한 65세 이상 등 고위험군과 발열·호흡기 증상자, 국내외 코로나19 위험지역 방문자 등은 전자투표를 이용해 달라고도 했다.전자투표는 지난 8일부터 인터넷·모바일을 통해 진행되고 있으며, 17일까지 참여할 수 있다. 삼성전자는 올해 처음으로 주총을 외부 장소에서 열고 전자투표제를 도입했다. 주총 당일 현장에 열화상 카메라와 비접촉 체온계를 비치해 참석자들의 체온을 확인할 예정이다. 발열, 기침 등 증세가 있으면 출입이 제한된다.삼성전자는 지난 10년간 서울 서초사옥에서 주총을 열었지만 2018년 액면분할 후 처음 개최한 지난해 주총에서 주주 1000여명이 참석해 큰 혼란을 빚었다. 올해는 수원으로 옮겨 접근성이 다소 떨어지고 코로나19 영향으로 참석 주주가 지난해보다 줄어들 가능성이 있다. 하지만 액면분할로 주주가 급증해 올해도 수백명 이상 참석할 것이라는 전망이다.SK텔레콤은 26일 정기 주총을 실시간 동영상으로 온라인에 중계한다. 주총 장소에 오지 못하는 주주를 위해 주총 현장을 동영상으로 중계하고, 최고경영자(CEO) 등 경영진이 현장에서 온라인으로 받은 주주들의 질문에 답변한다. SK텔레콤 주주는 24일까지 신청하면 PC나 스마트폰 등을 통해 온라인 주총에 참여할 수 있다.박정호 사장과 MNO·미디어·보안·커머스 4대 사업부장은 이번 주총에서
지난해 5세대 이동통신(5G) 및 4대 사업 성과를 설명하고 ‘초협력’을 바탕으로 한 성장 전략과 사업 방향 등을 발표할 계획이다. 회사는 “주총장 온라인 생중계, 경영진의 현장 프레젠테이션과 실시간 질의응답 등 새로운 시도는 국내 주총 문화의 패러다임을 바꾸는 계기가 될 것”이라고 말했다.SK하이닉스는 20일 경기도 이천 본사 여는 주총에서 주주 외 외부인의 출입을 엄격히 제한할 예정이다. 참석 주주들의 접촉을 최소화하기 위해 좌석 간격을 2m로 확대하는 등 예방 조치를 실시할 계획이다. 이날은 SK하이닉스를 비롯해 LG화학, LG유플러스, 삼성바이오로직스 등 205개 사의 주총이 열린다. 각 기업들은 코로나19 감염 예방을 위해 대책 마련에 고심 중이다.강주화 김성훈 기자 rula@kmib.co.krGoodNews paper ⓒ , 무단전재 및 재배포금지",/news/news_read.nhn?article_id=0001299324&office_id=005&mode=search&query=삼성바이오로직스&page=1
1. 경제인 초청 원탁회의 주재하는 문 대통령,"(서울=뉴스1) = 문재인 대통령이 금주 세계보건기구(WHO)의 신종 코로나바이러스 감염증(코로나19) 팬데믹(세계적 대유행) 선언에 따른 경제 충격을 최소화하기 위한 행보를 가속할 전망이다. 문 대통령은 오는 18일 오전 청와대 본관에서 주요 경제주체 초청 원탁회의를 주재한다. 아직까지 구체적인 참석대상은 확인되지 않고 있다. 다만, WHO의 팬데믹 선언이 있기 전이었던 지난달 13일 개최한 경제계 간담회에는 삼성·현대차 등 6개 기업 총수들과 경제단체장들이 참석했는데, 이번에는 참석의 폭을 넓혀 경영계뿐 아니라 학계와 노동계와 금융계, 소상공인 등 여러 분야의 목소리를 들을 예정이라는 게 청와대의 설명이다.
16일부터 6개월동안 모든 상장종목이 금지된다. 코로나19 우려 확산으로 지난 10일 공매도 과열 종목 지정요건을 완화한 데 이은 후속조치다. 은성수 금융위원장은 지난 13일 문재인 대통령 주재 '경제·금융상황 특별 점검회의' 참석한 날 ""16일부터 9월15일까지 6개월간 유가증권·코스닥·코넥스 시장 전체 상장종목에 대한 공매도를 금지한다""며 ""6개월 후 시장상황을 봐가며 연장 여부를 검토하겠다""고 밝혔다. 이번 공매도 금지 조치는 2008년 10월, 2011년 8월에 이은 세 번째다. 자본시장법 및 시행령에 따르면 주식시장의 안정성 및 공정한 가격형성을 해칠 우려가 있는 경우 한국거래소가 금융위원회의 승인을 거쳐 공매도를 제한할 수 있다.삼성전자, 현대자동차, SK하이닉스 등 국내 주요 상장사의 3월 정기주주총회 시즌이 이번주 본격화한다. 정기주총을 여는 회사는 314곳으로 유가증권은 삼성전자 등 188개사, 코스닥은 동국제약 등 121개사, 코넥스시장에서는 메디안노스틱 등 5개 사가 주총을 연다. 18일에는 삼성전자, 삼성SDI, 삼성전기, 현대모비스 등이 정기주총을 열고 주요 안건을 의결한다. 삼성전자는 11년 만에 서울을 벗어나 올해 주총을 경기도 수원컨벤션센터에서 연다. 19일에는 현대자동차, 현대글로비스 등의 정기주총이 열린다. 현재차는 정의선 현대차그룹 총괄수석부회장을 임기 3년의 사내이사에 재선임하는 안건을 처리할 예정이다. 20일은 SK하이닉스, LG화학, LG유플러스, 삼성바이오로직스 등 205개 사의 주총이 집중되는 '슈퍼주총데이'다. 제11차 한미 방위비분담특별협정(SMA) 체결을 위한 한미 간 7차 회의가 오는 17~18일 미 로스앤젤레스에서 개최된다. 이번 회의는 주한미군이 기지 내 한국인 근로자에 대해 통보한 무급휴직 시작(4월1일)을 10여일 앞두고 열리는 것이어서 인건비 문제에 대한 별도 합의 여부에 관심이 모아진다. 우리 측 협상단은 본협상 타결을 목표로 하지만 이것이 여의치 않다면 인건비 문제 선타결을 시도할 것으로 보인다. 한미는 총액 등 핵심 쟁점에서는 이견이 여전히 팽팽하다. 미국은 협상 초기에 종전 분담금의 5배가 넘는 50억달러에 가까운 금액을 요구한 것으로 알려져 있으며 이후 내놓은 수정안도 과도한 수준이라고 우리 측 협상단은 판단하고 있다. 한미는 지난해 9월부터 올해 초까지 양국을 오가며 총 6차례 회의를 진행했지만 타결에 이르지 못했다. 조국 전 법무부장관의 1심 첫 재판이 이번주부터 시작한다. 서울중앙지법 형사합의21부(부장판사 김미리)는 오는 20일 오전 10시20분 조 전 장관의 1회 공판준비기일을 진행한다. 공판준비기일에는 피고인의 출석의무가 없다. 조 전 장관은 딸 조모씨의 부산대 의학전문대학원 장학금 부정수수 관련 뇌물수수 및 청탁금지법 위반, 사모펀드 의혹 관련 공직자윤리법 위반 등 11개 혐의로 기소됐다. 여기에 조 전 장관은 청와대 민정수석이던 2017년 당시 유재수 전 부산시 경제부시장의 비위 의혹을 확인하고도 특별감찰반의 감찰을 중단하게 한 혐의로 추가 기소됐다. 또 유 전 부시장에 대한 청와대 특감반 감찰을 무마한 혐의로 기소된 청와대 백원우 전 민정비서관과 박형철 전 반부패비서관 사건이 조 전 장관 사건과 병합됐다. hj_jin@news1.kr© 뉴스1코리아(), 무단 전재 및 재배포 금지",/news/news_read.nhn?article_id=0004523262&office_id=421&mode=search&query=삼성바이오로직스&page=1
"코로나 확산여파, 증시 급락 속IT·바이오·화장품株 낙폭 적어고전하던 조선·기계株는 충격↑","정보기술(IT) 등 신(新)산업과 조선·철강·자동차 등 구(舊)산업 간 주가 수익률 격차가 신종 코로나바이러스 감염증(코로나19) 사태 이후 더 벌어지고 있다.국내외 증시가 크게 요동치며 코스피지수가 3.43% 하락한 지난 13일 네이버는 500원(0.30%) 떨어진 16만6000원에 거래를 마쳤다. 이달 들어 코스피지수가 10.9% 떨어지는 동안에도 네이버는 4.6% 하락에 그쳤다.IT, 바이오, 화장품 등 신산업에 속한 종목이 대체로 선방했다. 코스피200 종목 가운데 셀트리온(0.3%), 엔씨소프트(-1.2%), 삼성바이오로직스(-1.5%), 삼성SDI(-5.9%), SK하이닉스(-6.1%), 카카오(-7.6%), 삼성전자(-7.8%) 등이 이달 코스피지수보다 낙폭이 작았다.반면 그동안 주가가 많이 못 오른 중후장대 업종은 이달 들어 주가가 더 내려갔다. 두산중공업(-38.0%), 효성중공업(-33.4%), 현대위아(-25.9%), 만도(-25.8%), 삼성중공업(-25.3%), 현대차(-24.2%), 대우조선해양(-23.5%), SK이노베이션(-23.5%), 현대제철(-19.9%) 등 기계·조선·자동차·정유·철강 업종이다.주가 급락으로 이들 업종에서 주가순자산비율(PBR: 시가총액/순자산) 0.2~0.3배 종목이 속출하고 있다. 12개월 선행 실적 기준으로 현대제철 PBR은 0.1배, 두산인프라코어와 현대위아는 0.2배, 포스코와 현대차는 0.3배다. 하지만 증권가에서 저가 매수를 권하는 목소리는 많지 않다. 주가 하락에도 투자 매력이 크지 않다는 것이다.임근호 기자 eigen@hankyung.com▶ ▶
 ▶
ⓒ 한국경제 & , 무단전재 및 재배포 금지",/news/news_read.nhn?article_id=0004306571&office_id=015&mode=search&query=삼성바이오로직스&page=1
