head,text,url
2018년 공식적으로 총수 지위 오른 이재용 부회장...변화와 혁신 주도기존 반도체·폰·가전에 이은 신사업 AI·전장·바이오 육성 적극 나서코로나19 사태로 글로벌 경기 둔화 속 사업 환경 악화 위기 돌파 관건,"내달 1일이면 이재용 부회장이 삼성의 총수 자리에 오른지 만 2년이 된다. 이 부회장은 지난 2018년 5월1일 공정거래위원회가 대기업 집단 동일인 변경(이건희→이재용)으로 공식적으로 삼성 총수에 올랐다.하지만 지난 2014년 5월 이건희 회장의 갑작스런 와병으로 경영 전면에 나선 터라 실질적으로는 만 6년을 맞게 되는 셈이다. 이 부회장은 지난 6년간 삼성의 미래를 위한 변화에 힘써왔다.삼성전자는 과거 이병철 선대회장의 TV에 이은 이건희 회장의 반도체·휴대폰 사업으로 명실상부한 글로벌 선도 기업으로 자리매김했다. 이러한 사업 육성 노력에 힘입어 반도체·스마트폰·가전은 삼성전자 실적 버팀목으로 중추적인 역할을 하고 있다.그럼에도 불구하고 이 부회장의 선택은 안정 보다는 변화에 초점이 맞춰져 있다. 4차 산업혁명 시대를 맞은 만큼 기존 사업들을 바탕으로 안주만 하면 빠르게 변하는 산업과 시장의 속도를 따라 잡을 없다는 것이다. 자칫 10년뒤도 장담할 수 없다는 것이 위기의식을 바탕으로 미래 신사업 육성에 속도를 내고 있다.이 부회장은 기존 주력 사업들의 성장 가속화와 함께 인공지능(AI)·전장부품·바이오 등 신사업 개척에 나서면서 본격적인 뉴 삼성 시대를 예고하고 있다.삼성전자는 AI를 5세대 이동통신(5G), 전장용 반도체, 바이오와 함께 4대 미래 성장사업으로 선정하고 AI 분야 역량 확대를 위해 적극적으로 나서고 있다.삼성전자는 이미 지난 2017년 11월 한국 AI 총괄센터 설립을 시작으로 5개국 7곳(미국 실리콘밸리·뉴욕, 영국 케임브리지, 캐나다 토론토·몬트리올, 러시아 모스크바)에 잇따라 AI 연구센터를 설립, 운영하고 있다. 지난 2017년부터는 삼성 AI 포럼 행사를 개최해 세계적으로 저명한 AI 석학들을 초청해 최신 연구 동향을 공유하고 미래 혁신 전략을 모색하는 기술 교류의 장도 열고 있다.기존 사업과의 연계를 통한 새로운 성장 모멘텀을 만드려는 노력도 나타나고 있다. 지난 1월 말 조직개편을 통해 무선사업부 소프트웨어&AI 부문을 총괄하던 조직의 명칭을 ‘차세대플랫폼센터’로 변경한 것이 대표적이다.AI를 중심으로 사물인터넷(IoT)과 빅데이터 등 관련 기술력을 향상시키기 위한 것으로 기존 조직 체제를 유지하면서도 새로운 영역으로의 도전을 통해 경쟁력을 키워나가겠다는 의지의 표현으로 읽히고 있다.전장부품 사업은 꾸준히 성장하며 자리를 잡아가고 있다. 삼성전자는 지난 2016년 말 미래먹거리로 자동차 전장부품사업에 유리한 미국의 하만을 80억 달러(당시 환율기준 약 9조원)에 인수했다. 이는 삼성전자의 역사상 최대 규모의 빅딜이다.전장부품 사업의 성장은 하만의 실적에서도 입증된다. 하만은 지난 2017년 연간 실적이 매출 7조1026억원과 영업이익 600억원 수준이었지만 꾸준히 늘면서 지난해에는 매출 10조771억원과 영업이익 3200억원에 달했다.매출은 약 41.8% 증가한 것으로 전사에서 차지하는 비중도 3%에서 4.4%로 1.4%포인트 늘었다. 영업이익은 5배 이상 증가하면서 전체에서 차지하는 비중도 1%대(1.15%)로 올라서며 실적 기여도를 높여나가고 있다.신사업들 중 가장 먼저 추진됐던 바이오 사업도 조금씩 빛을 보고 있다. 바이오는 지난 2010년 선정된 5대 신수종 사업들 중에서 지난 2018년 이재용 부회장이 재선정할 정도로 애착을 가지고 있는 사업이다.그동안 적자를 지속해 온 바이오 사업은 이제 본궤도에 오르면서 지난해 처음으로 삼성바이오로직스와 바이오시밀러(바이오의약품 복제약) 개발업체 삼성바이오에피스가 흑자 전환에 성공했다. 지난 2010년 본격적으로 사업을 추진하기 시작한 지 10년 만이다.기존사업의 고도화와 신사업의 육성을 위한 대규모 투자도 함께 이뤄지고 있다. 삼성은 지난 2018년 향후 3년간 180조원 투자 계획을 발표했는데 반도체와 디스플레이 뿐만아니라 AI와 바이오 등 다양한 사업에 대해 투자가 이뤄지게 된다. 신구 사업의 조화로운 성장을 통해 새로운 삼성, 뉴 삼성으로 탈바꿈해 나가겠다는 의지다.재계에서는 신종 코로나바이러스 감염증(코로나19) 확산 사태로 이 부회장의 리더십이 시험대에 오른 것으로 보고 있다. 글로벌 경기 둔화의 어려움 속에서도 기존 사업의 경쟁력 향상과 신 사업들의 성장을 통해 장기적이고 지속 가능한 변화와 혁신을 꾀해야 뉴 삼성의 기틀을 마련할 수 있다는 것이다.재계 한 관계자는 “코로나19 사태로 기존 주력 부문들의 사업 환경도 녹록치 않은 상황”이라며 “이러한 악조건 속에서 기존 사업의 경쟁력을 유지하면서도 신사업들의 성장도 꾀할 수 있다면 새로운 기업으로의 탈바꿈에도 더욱 속도를 낼 수 있을 것”이라고 말했다.데일리안 이홍석 기자 (redstone@dailian.co.kr)ⓒ (주)데일리안 - 무단전재, 변형, 무단배포 금지",/news/news_read.nhn?article_id=0002399272&office_id=119&mode=search&query=삼성바이오로직스&page=1
"외국인, 4월 한달 동안 4조8636억 순매도삼바·한진칼·LG생활건강·신세계 순으로 사들여","(서울=뉴스1) 권혜정 기자 = 4월 한달동안 외국인들은 국내 주식시장에서 5조원에 육박하는 매물을 쏟아내면서도 삼성바이오로직스 LG생활건강 펄어비스 등을 사들였다. 보복 소비주와 언택트주가 외국인 순매수 상위 종목에 포진했다.30일 한국거래소 마켓데이터에 따르면 이달 1일부터 29일까지 20거래일 동안 외국인은 4조8636억원을 팔아치웠다. 코스피 순매도 규모는 4조1015억원, 코스닥의 경우 7619억원이었다.앞서 외국인은 코로나19발 폭락장이 연출된 지난달 5일부터 이달 16일까지 30거래일 연속 순매도행진을 벌이기도 했다. 30거래일 연속 순매도는 2008년 33거래일 연속 순매도 이후 두번째로 긴 순매도 기록이다. 외국인들은 4월 코스피시장에서 삼성바이오로직스를 743억원어치 담았다. 이어 한진칼(722억), LG생활건강(439억), 신세계(297억), 호텔신라(252억), 파미셀(163억), F&F(142억), 지누스(138억), 삼성SDI(123억), HMM(118억) 등을 샀다. 외국인들은 주로 보복소비 기대감에 관련 종목들을 사들인 것으로 풀이된다. 코로나19로 억눌렸던 소비심리가 폭발할 경우를 염두에 둔 것으로, LG생활건강과 신세계, 호텔신라, F&F는 보복심리와 관련한 대표 종목들이다. 코스닥 시장에서 외국인들이 순매수한 상위 10개 종목은 펄어비스(562억), 케이엠더블유(342억), NHN한국사이버결제(271억), 아프리카TV(176억), 코미팜(165억), 리노공업(136억), 네이처셀(111억), 안랩(105억), 셀리버리(91억), NICE평가정보(85억) 등이다. 이 가운데 펄어비스와 케이엠더블유, NHN한국사이버결제, 아프리카TV 등은 대표적 '언택트주'로 1분기 호실적이 예상되는 종목들이다. 반면 외국인들은 코스피시장에서 현대차(4087억)·SK하이닉스(2380억)· KT&G(1772억원)를, 코스닥에서는 셀트리온헬스케어(4674억)·메디톡스(852억)·씨젠(458억) 등을 팔아치웠다.
이경민 대신증권 연구원은 ""외국인 순매도가 지속되는 이유는 미국·유럽에서의 코로나19 확산, 유가 급락 등으로 미국과 유럽, 중동계 자금이 한국에서 이탈했다고 볼 수 있다""며 ""최근 외국인 매도강도가 완화된 것은 미국과 유럽에서의 코로나19 확진자수 증가세가 둔화됐기 때문으로 유가 급락여파는 여전하다""고 분석했다.
그러면서도 ""멀지 않은 시점에 코스피 시장으로 외국인들이 돌아올 것으로 예상한다""며 ""글로벌 유동성 확대가 지속되고 유동성 모멘텀은 강해질 것""이라고 전망했다. 이어 ""2분기 중 코스피는 외국인 순매수라는 수급모멘텀에 경기회복 기대가 가세할 가능성이 높다""며 ""2분기 중 코로나19 진정, 글로벌 경제활동 재개, 이로 인한 유가 안정이 가시화될 수 있을 것""이라고 덧붙였다.jung9079@news1.kr© 뉴스1코리아(), 무단 전재 및 재배포 금지",/news/news_read.nhn?article_id=0004614837&office_id=421&mode=search&query=삼성바이오로직스&page=1
"개인 4월 한달간 5조5371억원 순매수…삼성전자 현대차 SK하이닉스 셀트리온헬스케어 순삼성바이오로직스 LG생활건강 LG화학 순매도 상위 ""차익 실현한듯""","(서울=뉴스1) 권혜정 기자 = 신종 코로나바이러스 감염증(코로나19) 팬데믹(세계적 대유행) 증시 폭락을 계기로 동학개미(개인투자자)들이 대거 유입된 가운데 최근 반등장에서 이들이 담은 종목에 관심이 쏠린다. 30일 한국거래소 마켓데이터에 따르면 이달 1일부터 29일까지 4월들어 20거래일 동안 개인투자자들은 국내 주식시장에서 5조5371억원어치를 순매수했다. 코스피 3조8173억원, 코스닥 1조7139억원이었다.개인들은 코스피시장에서 우량주를 담았다. 순매수 상위 10위 종목은 삼성전자(4367억), 현대차(3811억), SK하이닉스(3377억), KB금융 (1770억), 삼성전자우(1407억), 엔씨소프트 (1167억), 삼성SDI(1145억), 기아차(1120억), 현대모비스(1057억), POSCO(1023억) 등이다. 삼성전자와 현대차, SK하이닉스, 삼성전자우는 시가총위 10위 안에 드는 종목들이다. 남선알미늄(908억)과 셀트리온(890억)은 각각 순매수 12위와 13위에 올랐다. 남선알미늄은 4.15 총선과 관련해 이낙연 테마주로 주목받으며 개인들의 선택을 받았다. 셀트리온의 경우 신종 코로나바이러스 감염증(코로나19) 치료제에 대한 기대감 때문인 것으로 풀이된다. 개인들은 4월 한달동안 코스닥 시장에서 셀트리온헬스케어(3329억원)를 가장 많이 샀다. 셀트리온헬스케어는 코스닥 시가총액 1위 종목이다. 이어 스튜디오드래곤(1238억원), 메디톡스(1034억), 에스맥(490억), 제넥신(393억), 에코프로비엠(358억), 이더블유케이(308억), 솔브레인(278억), 네페스(258억), 레고켐바이오(249 억) 등의 순이었다. 반면 개인들은 코스피시장에서 삼성바이오로직스(1조8888억), LG생활건강(1조2380억), LG화학(8962억) 등을 주로 팔았다. 개인들이 차익 실현에 나섰던 것으로 보인다. 코스닥에서는 케이엠더블유(270억), 아이티엠반도체(265억), 펄어비스(243억) 등을 내다 팔았다. 강봉주 메리츠증권 연구원은 ""전통적으로 개인 투자자들은 기관 투자자에 비해 자금 동원력, 투자지식, 매매의 응집성과 일관성 등에서 열세에 있기 때문에 증시 영향력이 적은 것으로 평가돼 왔고, 이에 따라 '개미' 투자자로 불리곤 했다""면서 ""그러나 연초 이후 코로나19 폭락 국면에서 외국인 순매도 19조에 개인 투자자가 25조 순매수로 대응하며 '동학개미운동'이라는 신조어가 등장했다""고 밝혔다. 이어 ""올해 증시에서 개인 투자자들이 보이는 패턴은 과거와 상당히 다르다""며 ""신규 투자자 유입 규모도 기록적이며 뉴미디어를 통한 투자 학습 열기도 높은데 ETF, 해외투자, 레버리지를 활용한 투자방식 등은 과거에 비해 발전적이지만 단기 과잉매매나 소수 종목 집중 투자 패턴 등은 극복해야 할 과제""라고 했다.jung9079@news1.kr© 뉴스1코리아(), 무단 전재 및 재배포 금지",/news/news_read.nhn?article_id=0004614838&office_id=421&mode=search&query=삼성바이오로직스&page=1
脫코로나 5월 증시전망2000 돌파 부담에 횡보실적따라 종목별 차별화할듯언택트·소비회복株 등 주목외국인·기관은 이미 4월부터바이오·생활소비재·레저 등`포스트코로나` 유망주 사들여,"코스피가 2000선을 목전에 두면서 종목과 업종별로 차별화가 더욱 심해질 것이라는 전망이 나오고 있다.지금까지는 코로나 위기에서 벗어나는 과정으로 시장이 하나로 묶여 동조화해 움직이는 경향이 있었으나, 팬데믹이 어느 정도 진정 국면에 들어간 현 상황에선 실적과 향후 위기가 닥쳐도 버틸 수 있는 기업 위주로 주가 차별화가 이뤄질 것이라는 얘기다.코스피가 2000 돌파에 대한 부담으로 1900대에서 '박스피'를 형성한다면 종목 장세는 더욱 심화할 것이란 분석이 나온다. 대규모 유동성 공급이 증시 하방선을 지지할 수는 있지만 상승을 이끌기는 어렵다는 것이다. 그간 코스피는 미국·한국 등 각국의 대규모 경기부양책에 대한 기대감으로 1400선에서 1900선까지 회복했다. 코로나19 확진자 수 둔화에 대한 기대감이 선반영된 것도 추가적인 증시 상승을 제한하는 요소다. 이에 따라 코로나 위기 극복이 더욱 완연해질 5월 장세는 실물지표 부진을 확인하면서 차별화된 종목들의 강세가 이어질 가능성이 높다는 전망이 우세하다. 최유준 신한금융투자 연구원은 ""예정된 실물지표 충격을 확인하면서 지수보다는 모멘텀을 가진 종목이 상대적으로 좋은 수익률을 보이는 종목 장세가 예상된다""고 밝혔다. 서상영 키움증권 연구원도 ""미국 증시는 그동안 상승을 이끌었던 대형 기술주와 제약 업종이 부진한 반면 코로나19 피해 업종이 강세를 보이는 업종별 차별화를 보였다""면서 ""한국 증시도 지수보다는 이런 업종별 차별화가 진행될 것""이라고 분석했다.
 4월 한 달간 외국인과 기관은 바이오·제약, 생활필수품, 여행·레저 등 종목을 주로 사들였다. 바이오와 제약은 '전염병 국면'에서 최대 수혜주로 꼽히고 있고, 생활필수품이나 언택트 관련주 역시 코로나 영향에서 비켜나 실적에 큰 지장을 받지 않는 업종으로 꼽힌다. 삼성바이오로직스, LG생활건강, 호텔신라, 신세계, 파미셀 등이 외국인과 기관 순매수 10위권 내에 있었다. 실제로 전문가들은 5월 이후 주가가 치고 올라갈 수 있는 업종으로 '언택트 디지털'을 1순위로 꼽아왔다. 코로나19로 실제 사람 대 사람 접촉 빈도가 줄어들면서 언택트주는 강세를 띠었는데, 이런 경향이 이후에도 계속 유지될 것이라는 분석이다. 카카오와 네이버가 꾸준히 계속 '톱픽'에 올라와 있고, '집콕' 시대 소비의 핵심인 미디어 콘텐츠를 제작하는 스튜디오드래곤 등이 주목받는 이유도 여기에 있다. 유승민 삼성증권 투자전략팀 이사는 ""전체 인덱스 자체가 좋아지니 이 안에서 '알파'를 창출할 수 있는 종목 위주로 장이 형성될 수 있다는 얘기가 나오는 것""이라면서 ""제약·바이오, 소비주, 언택트, 미디어 등 기업이 주목되고, 이 중에서도 삼성바이오로직스(제약·바이오), 하이트진로(소비), 네이버·카카오(언택트), 스튜디오드래곤(미디어·콘텐츠) 등에 투자할 여지가 커진다""고 말했다.화장품이나 생활용품, 주류 등 소비주 역시 5월 이후 본격적으로 주목받을 가능성이 크다. 김병연 NH투자증권 글로벌투자전략팀장도 ""이벤트 드리븐 전략에 해당되는 한진칼이나 LG상사, 두산중공업을 제외하면 업종 강세를 이끄는 것은 내수주가 될 것""이라면서 ""제약·바이오나 소프트웨어보다는 내수주인 롯데하이마트, 현대백화점, 클리오 등이 유망하다고 생각한다""고 말했다. 소비가 5월 본격적인 활동 재개에 따라 다시 살아나게 되면 내수주들이 다시 폭발적으로 성장할 수 있다는 분석이다. 그중에서도 면세점 등 중국 쪽 수요가 돌아와야 실적 개선이 분명해질 종목들보다는 국내 소비 재개로 수혜가 예상되는 종목들이 유망하다는 의견이다. [박인혜 기자 / 신유경 기자] [ⓒ 매일경제 & mk.co.kr, 무단전재 및 재배포 금지]",/news/news_read.nhn?article_id=0004567078&office_id=009&mode=search&query=삼성바이오로직스&page=1
