head,text,url
,"[이데일리 오희나 기자] 신한금융투자는 24일 삼성물산(028260)에 대해 삼성전자, 삼성바이오 등 보유지분 가치를 고려하면 상승 여력이 충분하다고 분석했다. 투자의견은 ‘매수’, 목표주가는 14만6000원을 유지했다.김수현 신한금융투자 연구원은 “올해 1분기 실적은 매출액 6조9600억원, 영업이익 1470억원으로 전년대비 각각 5.4%, 40% 증가했지만 시장 컨센서스를 소폭 하회했다”며 “비수기 진입과 더불어 코로나19의 영향까지 더해져 패션부문이 영업적자 310억원을 기록했고 에버랜드 등 리조트 부문의 영업적자도 확대됐다”고 말했다. 코로나19로 패션, 에버랜드 등에서 상반기까지 부정적 영향이 지속할 것으로 예상했다. 2분기 연결 매출액은 7조8000억원으로 전년대비 1.5% 줄고 영업이익은 2406억원으로 전년대비 8.9% 증가할 것으로 전망했다.김 연구원은 “코로나19와 유가 하락 때문에 건설 부문의 부정적 영향이 예상된다”며 “다만 관계사의 하이테크 수주가 약 4조원이 예상되고 발전, 도로 인프라 등 공정 다변화 및 해외의 지역적 다변화를 통해 부정적 영향은 최소화될 것”으로 전망했다. 패션 부문은 코로나19 영향이 상반기까지 지속할 것으로 보이며 2분기 영업이익도 부진할 전망이다. 성수기로 접어드는 레저부문 에버랜드의 2분기 영업이익도 약 16.6% 감소한 184억원을 기록할 것으로 전망했다.김 연구원은 “삼성전자, 삼성바이오 등 보유지분 가치를 고려하면 상승 여력이 충분하다”면서 “삼성전자와 삼성바이오로직스의 지분 가치는 29조2000억원으로 이외의 건설 상사 리조트 등의 영업가치와 SDS, 생명 등의 지분가치는 약 7조7000억원으로 추산된다”고 말했다.이어 “전일 삼성물산의 시가총액은 18조7000억원에 불과해 전자, 바이오 지분가치만 고려해도 크게 저평가된 수준”이라며 “적극적인 주주환원책에 따라 올해 주당 배당금은 지난해보다 20% 증가할 전망”이라고 설명했다.오희나 (hnoh@edaily.co.kr)＜ⓒ종합 경제정보 미디어 이데일리 - 무단전재 & 재배포 금지＞",/news/news_read.nhn?article_id=0004626784&office_id=018&mode=search&query=삼성바이오로직스&page=2
,"[머니투데이 김도윤 기자] 신한금융투자는 24일 삼성물산에 대해 보유지분 가치 대비 크게 저평가 상태라고 분석했다. 투자의견은 '매수', 목표주가는 14만6000원을 유지했다. 삼성물산의 전 거래일 종가는 9만8700원이다.김수현, 염종선 신한금융투자 연구원은 삼성물산의 올해 1분기 매출액은 6조9600억원, 영업이익은 1470억원으로, 시장 컨센서스를 소폭 하회했다고 평가했다. 비수기 진입과 더불어 코로나19(COVID-19) 영향까지 더해져 패션 부문이 영업적자 310억원을 기록했고, 에버랜드 등 리조트 부문의 영업적자도 390억원으로 확대됐다고 설명했다. 핵심 사업인 건설 부문의 영업이익은 1240억원으로 전년 동기 대비 19.2% 증가했다. 가동률 상승 등으로 삼성바이오로직스도 영업이익 510억원으로 흑자전환 했다.두 연구원은 코로나19가 상반기까지 패션, 에버랜드 등에 부정적 영향을 미칠 것으로 전망했다. 또 유가 하락으로 건설 부문도 영향을 받을 것으로 예상했다. 2분기 매출액은 7조8000억원으로 전년 동기 대비 1.5% 감소하고, 영업이익은 2406억원으로 전년 동기 대비 8.9% 증가할 것으로 예상했다.두 연구원은 삼성전자(4.2%)와 삼성바이오로직스(43.4%)의 지분 가치는 29조2000억원이라고 계산했다. 이 외 건설, 상사, 리조트 등 영업가치와 삼성SDS, 삼성생명 등 지분가치는 7조7000억원으로 추산했다. 삼성물산의 전 거래일 종가 기준 시가총액은 18조7000억원으로 전자와 바이오 지분가치만 감안해도 크게 저평가 수준이라고 조언했다. 적극적인 주주환원책에 따라 올해 주당배당금은 전년 동기 대비 20% 증가할 것으로 전망했다.김도윤 기자 justice@
<저작권자 ⓒ '돈이 보이는 리얼타임 뉴스' 머니투데이, 무단전재 및 재배포 금지>",/news/news_read.nhn?article_id=0004399540&office_id=008&mode=search&query=삼성바이오로직스&page=2
렘데시비르 임상 실패 및 국제유가 급등 등 소식 혼재시총상위株 장초반 약세…NAVER 1%대↑,"[이데일리 이슬기 기자] 코스피 지수가 하락 출발했다. 장 초반 개인과 외국인이 매수에 나선 가운데 시가총액 상위 종목들은 대부분 내림세를 띄고 있다.24일 마켓포인트에 따르면 이날 오전 9시 6분 현재 코스피 지수는 전 거래일 대비 0.52%(10.02포인트) 떨어진 1904.71에 거래 중이다. 시장엔 긍정적 소식들과 부정적 소식들이 뒤섞여 있는 상태다. 현재 시장엔 중국에서 진행된 길리어드 사이언스 렘데시비르 임상이 실패했다는 소식과 유럽연합(EU) 정상회담에서 구제 패키지 논의 실패 소식이 나와 있다. 다만 국제유가가 지정학적 리스크 및 미국의 감산 기대 속에 급등한 것은 호재다.장 초반 개인과 외국인이 617억원, 270억원 가량의 주식을 사들이고 있다. 반면 기관은 866억원 가량의 주식을 팔아치우고 있다.대부분 업종이 내리고 있다. 비금속광물, 통신, 은행, 전기가스업종은 1%대 내리고 있다. 음식료품, 보험, 금융업, 화학, 증권, 건설, 전기전자, 제조업, 기계, 섬유·의복, 운송장비, 의약품, 철강금속 업종 등은 1% 미만으로 내리고 있다. 반면 운수·창고 업종은 1%대 오르고 있고, 의료정밀 업종은 1% 미만으로 오르고 있다.시가총액 상위 종목들도 대부분 내림세로 장을 열었다. 삼성SDI(006400) 현대모비스(012330) SK텔레콤(017670) LG화학(051910) LG생활건강(051900) 현대차(005380)는 1%대 하락했다. POSCO(005490) SK하이닉스(000660) 삼성전자(005930) 삼성바이오로직스(207940)는 1% 미만으로 내렸다. 반면 삼성물산(028260) NAVER(035420)는 1%대 오르고 있고, 셀트리온(068270) 카카오(035720)는 1% 미만으로 오르고 있다.이슬기 (surugi@edaily.co.kr)＜ⓒ종합 경제정보 미디어 이데일리 - 무단전재 & 재배포 금지＞",/news/news_read.nhn?article_id=0004626877&office_id=018&mode=search&query=삼성바이오로직스&page=2
,"신한금융투자는 24일 삼성물산에 대해 보유지분 가치 대비 크게 저평가 상태라고 분석했다. 투자의견은 '매수', 목표주가는 14만6000원을 유지했다. 삼성물산의 전 거래일 종가는 9만8700원이다. 이날 오전 9시11분 삼성물산은 전일 대비 1300원(1.32%) 오른 10만원에 거래 중이다. 김수현, 염종선 신한금융투자 연구원은 삼성물산의 올해 1분기 매출액은 6조9600억원, 영업이익은 1470억원으로 시장 컨센서스를 소폭 하회했다고 평가했다. 이남의 기자 namy85@mt.co.kr
<저작권자 ⓒ '성공을 꿈꾸는 사람들의 경제 뉴스' 머니S, 무단전재 및 재배포 금지>",/news/news_read.nhn?article_id=0000535109&office_id=417&mode=search&query=삼성바이오로직스&page=2
개인·외국인 순매수 중…코스닥도 소폭 내려,"[아이뉴스24 류은혁 기자] 코스피가 1900대에서 하락 출발했다. 간밤 미국 증시가 코로나19 치료제 개발 난항 우려로 혼조세로 마감하면서 국내 증시에도 악재로 작용하고 있다.24일 코스피지수는 전 거래일보다 8.66포인트(0.45%) 내린 1906.07에 거래를 시작해 오전 9시10분 현재 11.53포인트(0.60%) 하락한 1903.20에 거래되고 있다.개인과 외국인이 각각 820억원, 208억원 순매수 중이며 기관은 1천8억원 순매도 중이다.간밤 뉴욕 증시는 미국 제약사 길리어드의 항바이러스 치료제 렘데시비르가 코로나19 환자를 대상으로 한 임상시험에서 효과 입증에 실패했다는 소식에 혼조세를 보였다. 다우존스30 산업평균지수는 0.17% 강보합세를 보인 반면 스탠더드앤드푸어스(S&P) 500지수와 나스닥지수는 각각 0.05%, 0.01% 약보합세를 나타냈다.이날 코스피에서 시가총액 상위 10종목은 대부분 하락세를 보이고 있다. NAVER(1.32%), 셀트리온(0.47%)를 제외하고 삼성전자 –0.30%, SK하이닉스 –0.61%, 삼성바이오로직스 –0.17%, 삼성전자우 –0.70%, LG화학 –1.11%의 하락률을 보이고 있다.코스닥지수는 전 거래일보다 3.60포인트(0.56%) 내린 640.19에 장을 시작해 오전 9시 10분 현재 1.50포인트(0.23%) 하락한 642.29에 거래되고 있다. 개인이 161억원 순매수 중인 반면 외국인과 개인이 각각 73억원, 74억원 순매도하고 있다.시가총액 상위 10종목은 등락이 엇갈리고 있다. 셀트리온헬스케어(1.43%), 에이치엘비(0.10%), 셀트리온제약(1.65%)이 상승세를 보이고 있는 반면 펄어비스 –1.12%, 케이엠더블유 –0.94%, CJ ENM –1.33%의 하락세다. ehryu@inews24.com [ⓒ 아이뉴스24 무단전재 및 재배포 금지]",/news/news_read.nhn?article_id=0000535638&office_id=031&mode=search&query=삼성바이오로직스&page=2
,"[머니투데이 한정수 기자] 24일 코스피지수가 소폭 하락 출발했다. 전날 1900선을 회복했지만 하루를 버티지 못했다. 코로나19(COVID-19) 치료제로 주목을 받은 '렘데시비르'(Remdesivir)의 효과가 불분명하다는 논란에 미국 증시가 혼조세로 마감한 영향을 받은 것으로 풀이된다. 이날 오전 9시20분 현재 코스피지수는 전 거래일 대비 17.64포인트(0.92%) 떨어진 1897.09를 나타내고 있다. 영국 파이낸셜타임즈(FT)는 23일(현지시간) WHO(세계보건기구)의 보고서 초안을 토대로 렘데시비르의 코로나19 치료 효과에 대한 1차 임상시험이 실패했다고 보도했다. 중국 임상시험 결과, 환자 상태를 호전시키지 못했고 부작용도 있었다는 내용이었다. 이에 국제유가 상승 등 개장 직후 강세를 이어가던 미국 증시는 곧바로 상승분을 반납했다. 그러나 렘데시비르 제약사 길리어드가 중국 임상은 조기 종료돼 의미있는 결론이 나오지 않았다고 반박하자 증시가 재차 상승하기도 했다. 이날 장 초반 외국인이 순매수세를 보이고 있다. 194억원 매수 우위다. 개인 역시 890억원을 순매수하고 있는 가운데 기관이 1063억원 순매도 중이다. 업종별로는 의료정밀, 운수창고, 철강·금속 등이 상승하고 있다. 전기가스업, 비금속광물, 통신업 등이 1∼2%대 약세다. 시가총액 상위 종목들은 대체로 하락하고 있다. 전날 '깜짝 실적'을 발표한 NAVER만 상승 중이다. 삼성전자는 전 거래일 대비 300원(0.6%) 내린 4만9550원에 거래 중이다. SK하이닉스, 삼성바이오로직스, LG화학 등은 1%대 하락세다. 코스닥지수는 전 거래일보다 3.06포인트(0.48%) 내린 640.73을 나타내고 있다. 개인이 301억원을 순매수하고 있고 외국인과 기관이 각각 198억원, 82억원 순매도 중이다. 시가총액 상위 종목들의 등락은 엇갈리고 있다. 셀트리온헬스케어, 에이치엘비, 씨젠 등이 소폭 상승하고 있다. 펄어비스, CJ ENM 등은 1%대 하락세다. 한정수 기자 jeongsuhan@mt.co.kr
<저작권자 ⓒ '돈이 보이는 리얼타임 뉴스' 머니투데이, 무단전재 및 재배포 금지>",/news/news_read.nhn?article_id=0004399583&office_id=008&mode=search&query=삼성바이오로직스&page=2
장 초반 1896까지 내려가…전날대비 1%가량↓코스닥도 640선 밑으로 하락,"[아시아경제 이민우 기자] 코스피 시장에서 장 초반 하락세가 나타나고 있다. 1906선으로 개장한 뒤 하락폭을 키워가며 1800대로 내려앉은 모습이다.24일 코스피 지수는 전일보다 0.45%(8.66포인트) 떨어진 1906.07로 개장했다. 이후 하락폭을 키워가며 오전 9시19분 기준 전날보다 0.92% 떨어진 1896.67를 기록중이다.장 초반 유가증권시장에서는 개인과 외국인이 각각 617억원, 270억원을 순매수했다. 반면 기관은 866억원을 순매도 했다.대부분의 업종이 하락세다. 운수창고(1.02%), 의료정밀(0.70%) 업종만 상승 중이다. 하락 폭이 가장 큰 비금속광몰업종의 경우 1.56% 떨어진 상태다. 이어 전기가스업(1.38%), 통신업(1.36%), 은행(1.20%) 등의 순으로 나타났다.시가총액 상위 10위 업종도 대부분 하락세다.삼성SDI의 하락폭이 1.76%로 가장 컸다. 이어 LG화학(1.52%), LG생활건강(1.39%), 현대차(1.08%), SK하이닉스(0.97%), 삼성전자(0.60%), 삼성바이오로직스(0.50%) 등의 순이었다. 반면 삼성물산은 1.82% 상승했다. 그 밖에 NAVER(1.58%), 셀트리온(0.23%) 등은 상승했다.코스닥도 전일보다 0.56%(3.60포인트) 떨어진 640.19로 장을 시작했다. 오전 9시17분 기준 전날보다 0.79% 떨어진 638.69를 보이고 있다.코스닥시장에서도 개인과 외국인이 각각 69억원, 1억원을 순매수했다. 기관은 60억원을 순매도했다.코스닥시장에서는 상승 업종과 하락 업종의 비율이 비슷한 수준이다. 인터넷(1.50%), 운송(1.26%), 운송(1.09%), 정보기기(!.00%), 음식료·담배(1.02%) 등은 상승 중이다. 반면 방송서비스(1.13%), 오락·문화(0.91%), 일반전기전자(0.84%), 반도체(0.75%) 등은 하락하고 있다.시가총액 상위 10위 업종들도 비슷한 추세다. 셀트리온제약의 상승폭이 0.69%로 가장 높았다. 이어 씨젠(0.55%), 셀트리온헬스케어(0.36%), 에이치엘비(0.21%) 등의 순이었다. 하락 종목들의 변동폭은 더 컸다. SK머티리얼즈의 경우 1.72% 떨어진 상태다. 이어 CJ ENM(1.60%), 휴젤(1.54%), 스튜디오드래곤(1.24%), 펄어비스(1.02%) 등 모두 1% 이상 떨어지고 있었다. 케이엠더블유는 보합을 보이고 있다.이민우 기자 letzwin@asiae.co.kr <ⓒ경제를 보는 눈, 세계를 보는 창 아시아경제 무단전재 배포금지>",/news/news_read.nhn?article_id=0004667205&office_id=277&mode=search&query=삼성바이오로직스&page=2
,"(서울=연합뉴스) 곽민서 기자 = 코스피가 24일 하락세로 출발하면서 장중 1,900선을 내주고 후퇴했다.

이날 오전 9시 17분 현재 코스피는 전 거래일보다 15.14포인트(0.79%) 내린 1,899.59를 가리켰다.

지수는 8.66포인트(0.45%) 내린 1,906.07로 출발해 낙폭을 키우고 있다.

간밤 뉴욕 증시는 다우존스30 산업평균지수(0.17%)가 상승하고 스탠더드앤드푸어스(S&P)500 지수(-0.05%)와 나스닥 지수(-0.01%)는 소폭 내리는 혼조세를 나타냈다.

 서상영 키움증권 연구원은 ""국제유가가 급등하면서 원유시장은 어느 정도 안정을 찾았으나 신종 코로나바이러스 감염증(코로나19) 치료제 임상 과정에서 논란이 이어지며 증시 변동성을 키우고 있다""고 분석했다.

 이날 현재 유가증권시장에서는 기관이 1천343억원을 순매도했다. 외국인 역시 38억원을 순매도했다. 반면 개인은 1천426억원을 순매수했다.

시가총액 상위 종목 가운데는 삼성전자(-0.80%)와 SK하이닉스(-1.33%)가 동반 하락했고 삼성바이오로직스(-1.83%), LG화학(-1.80%), LG생활건강(-1.59%) 등도 내렸다.

 네이버(1.58%)와 삼성물산(1.82%)은 올랐다.

업종별로는 통신(-1.36%), 은행(-1.20%), 전기·가스(-1.02%), 전기·전자(-0.61%) 등이 약세를 보였고 운수·창고(1.07%), 의료정밀(0.60%) 등은 강세였다.

같은 시각 코스닥지수는 전 거래일보다 3.44포인트(0.53%) 내린 640.35를 나타냈다.

지수는 3.60포인트(0.56%) 내린 640.19로 개장해 하락 흐름을 이어가고 있다.

코스닥시장에서는 외국인이 312억원, 기관은 115억원을 각각 순매도했다. 개인은 447억원을 순매수했다.

 시총 상위주 중에서는 에이치엘비(-0.51%), 펄어비스(-1.32%), 케이엠더블유(-0.78%), 스튜디오드래곤(-2.22%) 등이 내렸다.

셀트리온헬스케어(0.48%)와 셀트리온제약(0.55%), 씨젠(0.67%) 등은 올랐다.

mskwak@yna.co.kr",/news/news_read.nhn?article_id=0011568954&office_id=001&mode=search&query=삼성바이오로직스&page=2
,"손희연 기자 son90@mt.co.kr
<저작권자 ⓒ '성공을 꿈꾸는 사람들의 경제 뉴스' 머니S, 무단전재 및 재배포 금지>",/news/news_read.nhn?article_id=0000535122&office_id=417&mode=search&query=삼성바이오로직스&page=2
,"[아이뉴스24 류은혁 기자] 네이버가 코로나19 여파에도 1분기 실적 개선세를 이어갔다는 소식에 이틀 연속 상승세를 보이고 있다.네이버는 24일 오전 9시 36분 현재 0.53%(1천원) 오른 19만1천원에 거래되고 있다. 전날 1분기 호실적을 기록하면서 4.40% 오른 19만원에 마감했다.앞서 네이버는 올해 1분기 연결기준 매출이 1조7천321억원, 영업이익이 2천215억원으로 지난해 동기보다 각각 14.6%, 7.4% 증가했다고 공시했다. 이는 시장 전망치를 웃도는 실적이다.한편 네이버는 삼성전자, SK하이닉스, 삼성바이오로직스, 삼성전자우에 이어 시가총액 상위 5위 자리에 올라 있다. ehryu@inews24.com [ⓒ 아이뉴스24 무단전재 및 재배포 금지]",/news/news_read.nhn?article_id=0000535650&office_id=031&mode=search&query=삼성바이오로직스&page=2
신한금투 삼성전자·삼성바이오로직스 지분 가치만 29.2조올해 배당금 20% 증가 전망…목표주가 14만6000원 유지,"[헤럴드경제=김현경 기자] 삼성그룹의 지주회사 격인 삼성물산의 시장가치가 보유지분 가치에 비해 크게 저평가됐다는 분석이 나왔다. 지분가치만 감안해도 상승 여력이 충분하다는 평가다.신한금융투자는 24일 “삼성물산의 삼성전자(4.2%), 삼성바이오로직스(43.4%) 보유지분 가치는 29조2000억원이다. 이외 건설, 상사, 리조트 등의 영업가치와 SDS, 생명 등의 지분가치는 약 7조7000억원으로 추산된다”면서 “전일 동사의 시가총액은 18조7000억원에 불과해 전자 및 바이오 지분가치만 감안해도 크게 저평가된 수준”이라고 진단했다.삼성물산의 올해 1분기 매출액은 6조9600억원으로 전년동기 대비 5.4% 감소하고, 영업이익은 1470억원으로 40.0% 증가했다. 영업이익은 시장 컨센서스 1690억원을 소폭 하회했다.김수현 신한금융투자 연구원은 “비수기 진입과 더불어 신종 코로나바이러스 감염증(코로나19)의 영향까지 더해져 패션 부문이 영업적자 310억원을 기록했으며 에버랜드 등 리조트 부문의 영업적자도 390억원으로 전년동기 대비 140억원 확대됐다”고 설명했다.다만 핵심 사업인 건설 부문의 영업이익은 전년동기 대비 19.2% 개선된 1240억원을 기록했다. 삼성전자향(向) 하이테크 부문과 국내 주택건설은 정상 가동되고 있기 때문이다. 가동률 상승 등으로 삼성바이오로직스도 영업이익 510억원으로 흑자전환했다.김 연구원은 “건설 부문은 코로나19와 유가 하락으로 부정적 영향이 예상된다”면서도 “관계사의 하이테크 수주가 약 4조원 예상되고 발전, 도로 인프라 등 공정 다변화 및 해외의 지역적 다변화를 통해 부정적 영향은 최소화될 전망”이라고 분석했다.패션 및 레저 부문은 코로나19의 영향이 상반기까지 지속될 전망이다. 레저 부문(에버랜드)의 2분기 영업이익은 약 16.6% 감소한 184억원으로 추정되고, 2분기 연결 매출과 영업이익은 각각 7조8000억원(-1.5%), 2406억원(+8.9%)으로 예상됐다.여기에 배당금 매력도 부각되고 있다.김 연구원은 “적극적인 주주환원책에 올해 주당배당금은 전년동기 대비 20% 증가할 전망”이라며 목표주가 14만6000원과 투자의견 매수를 유지했다.pink@heraldcorp.com
- Copyrights ⓒ 헤럴드경제 & heraldbiz.com, 무단 전재 및 재배포 금지 -",/news/news_read.nhn?article_id=0001666110&office_id=016&mode=search&query=삼성바이오로직스&page=2
,"[머니투데이 김건우 기자] 진양곤 에이치엘비 회장이 공격적으로 지분을 확대하고 있는 넥스트사이언스가 바이오 사업에 본격 시동을 걸고 있다.넥스트사이언스는 지난 23일 미국 신약개발사 이뮤노믹 테라퓨틱스(이하 이뮤노믹)에 500만달러(약 60억원)를 투자해 지분 3.7%(100만주)를 확보했다. 이뮤노믹은 에이치엘비가 지난 1월 투자 및 인수계약을 체결한 신약개발기업으로, 자체 개발한 면역치료 플랫폼 기술로 알레르기, 항암제, 백신 개발을 하고 있다. 현재 교모세포종 미국 임상2상을 진행 중이며, 코로나19(신종 코로나 바이러스 감염증) 백신도 개발하고 있다. 넥스트사이언스는 진양곤 에이치엘비 회장이 특별관계자와 함께 지분 11.24%(369만여주)를 보유하고 있다. 에이치엘비 그룹과 관련이 있지만 정작 최대주주가 같다는 공통점 외에는 사업적 연관성이 낮았다.진 회장은 올해 들어 개인 회사인 코르키와 함께 수십억을 들여 넥스트사이언스의 지분을 늘리고 있다. 진 회장과 코르키의 지분은 8.35%까지 상승했다. 진 회장이 보유하고 있는 에이치엘비 지분(9.23%)과 비슷한 수준까지 늘린 셈이다. 증권업계는 진 회장이 넥스트사이언스의 지분을 충분히 늘린 만큼 이번 이뮤노믹 주식 취득을 시작으로 에이치엘비 그룹과 협업을 본격화할 것으로 전망한다. 넥스트사이언스는 자회사인 단디바이오와 베트남에 투자한 신약개발 및 바이오시밀러 전문기업 나노젠을 통해 바이오 사업을 하고 있다. 단일 파이프라인으로 적응증을 확대해야하는 리보세라닙을 보유한 에이치엘비와 비교해 사업 다각화가 더 수월한 구조다. 특히 삼성바이오로직스가 코로나19 치료제 생산의 기지로 자리잡고 있듯이, 이뮤노믹이 코로나19 치료제 개발에 성공하면 나노젠을 통해 생산한 뒤 아세안 국가에 공급할 가능성도 있다. 넥스트사이언스가 지난해 진출한 음료 사업부 매출이 빠르게 상승하고 있는 점도 주목할 부분이다. 회사는 220억원을 투자해 건강발효음료 콤부차 생산기업 프레시코의 지분 55%를 보유하고 있다. 앞서 에이치엘비는 바이오 사업 투자 과정에서 본업인 구명정 건조 사업의 부진이 투자심리를 위축 시키기도 했다. 반면 코스피 기업인 넥스트사이언스는 콤부차 매출 상승으로 안정적인 캐시카우를 확보한 점이 부각될 전망이다. 회사 관계자는 ""최근 콤부차 수요가 증가해 판매 매진을 기록하고 있다""며 ""연말까지 1일 150만병을 생산할 수 있는 콤부차 생산기지로 만들어, 아시아 1위 콤부차 기업으로 성장시키겠다""고 말했다.김건우 기자 jai@mt.co.kr
<저작권자 ⓒ '돈이 보이는 리얼타임 뉴스' 머니투데이, 무단전재 및 재배포 금지>",/news/news_read.nhn?article_id=0004399632&office_id=008&mode=search&query=삼성바이오로직스&page=2
,"[서울경제] 최근 신종 코로나바이러스 감염증(코로나19)이 글로벌 팬데믹(세계적 대유행)으로 퍼지자 금융투자시장에서 바이오·건강관리(헬스케어) 종목에 대한 관심이 높아지고 있다. 코로나19 사태를 넘어서기 위해서는 바이오 업체들의 백신·치료제 개발이 필수적인데다 이번 국면을 넘어선 후에도 건강관리에 대한 중요성은 더 부각할 것이라는 전망 때문이다.미래에셋자산운용의 ‘미래에셋한국헬스케어펀드’는 국내 의료 및 헬스케어 관련주에 주로 투자하는 주식형 펀드다. 고령화 사회로 접어들고 건강에 대한 관심이 증가하면서 수혜가 예상되는 기업 위주로 투자하고 있다. 의료 기업, 건강 관련 제품 및 서비스를 제공하는 기업 등이 주된 투자 대상이다. 단순히 시가총액 순위에 따라 비중을 두지 않고 기업의 성장성 등을 고려해 투자 전략을 짜고 있다.이에 따라 펀드가 담고 있는 포트폴리오 구성(3월22일 종가 기준)을 보면 삼성바이오로직스가 9.88%로 가장 큰 비중을 차지한다. 또 셀트리온과 셀트리온헬스케어도 9%대 비중으로 투자했고, 상장지수펀드(ETF)인 ‘TIGER 헬스케어’도 8.2%로 담았다. 코로나19 국면에서 관심이 높아진 부광약품(2.32%)과 제넥신(1.85%) 등도 일정 수준 이상으로 담고 있다.펀드는 최근 1개월간 31.95%의 성과를 올렸다. 국내 주식형 펀드의 평균 수익률 약 20%를 크게 웃도는 수준이다. 잇단 수주 소식과 호 실적에 힘입어 연일 신고가 행진을 이어가는 삼성바이로로직스를 비롯해 펀드가 투자하고 있는 다수의 바이오 종목이 강세를 이어가고 있기 때문이다. 연초 이후 수익률은 4.67%, 최근 3개월 성과는 9.69% 수준이다. 업계 관계자는 “헬스케어 분야는 장기적으로 큰 성장이 기대되는 산업”이라면서도 “개별 기업에 대한 이슈가 종종 발생해 주가 변동성이 클 수 있어 투자는 신중하게 결정해야 한다”고 말했다. /이완기기자 kingear@sedaily.com저작권자 ⓒ 서울경제, 무단 전재 및 재배포 금지",/news/news_read.nhn?article_id=0003729169&office_id=011&mode=search&query=삼성바이오로직스&page=2
신한금투 바이오 등 가치 29조올해 배당금 20% 증가 전망목표 주가 14만6000원 유지,"삼성그룹의 지주회사 격인 삼성물산의 시장가치가 보유지분 가치에 비해 크게 저평가됐다는 분석이 나왔다. 지분가치만 감안해도 상승 여력이 충분하다는 평가다.신한금융투자는 24일 “삼성물산의 삼성전자(4.2%), 삼성바이오로직스(43.4%) 보유지분 가치는 29조2000억원이다. 이외 건설, 상사, 리조트 등의 영업가치와 SDS, 생명 등의 지분가치는 약 7조7000억원으로 추산된다”면서 “전일 동사의 시가총액은 18조7000억원에 불과해 전자 및 바이오 지분가치만 감안해도 크게 저평가된 수준”이라고 진단했다.삼성물산의 올해 1분기 매출액은 6조9600억원으로 전년동기 대비 5.4% 감소하고, 영업이익은 1470억원으로 40.0% 증가했다. 영업이익은 시장 컨센서스 1690억원을 소폭 하회했다.김수현 신한금융투자 연구원은 “비수기 진입과 더불어 신종 코로나바이러스 감염증(코로나19)의 영향까지 더해져 패션 부문이 영업적자 310억원을 기록했으며 에버랜드 등 리조트 부문의 영업적자도 390억원으로 전년동기 대비 140억원 확대됐다”고 설명했다.다만 핵심 사업인 건설 부문의 영업이익은 전년동기 대비 19.2% 개선된 1240억원을 기록했다. 삼성전자향(向) 하이테크 부문과 국내 주택건설은 정상 가동되고 있기 때문이다. 가동률 상승 등으로 삼성바이오로직스도 영업이익 510억원으로 흑자전환했다.김 연구원은 “건설 부문은 코로나19와 유가 하락으로 부정적 영향이 예상된다”면서도 “관계사의 하이테크 수주가 약 4조원 예상되고 발전, 도로 인프라 등 공정 다변화 및 해외의 지역적 다변화를 통해 부정적 영향은 최소화될 전망”이라고 분석했다.패션 및 레저 부문은 코로나19의 영향이 상반기까지 지속될 전망이다. 레저 부문(에버랜드)의 2분기 영업이익은 약 16.6% 감소한 184억원으로 추정되고, 2분기 연결 매출과 영업이익은 각각 7조8000억원(-1.5%), 2406억원(+8.9%)으로 예상됐다.여기에 배당금 매력도 부각되고 있다. 김 연구원은 “적극적인 주주환원책에 올해 주당배당금은 전년동기 대비 20% 증가할 전망”이라며 목표주가 14만6000원과 투자의견 매수를 유지했다. 김현경 기자
- Copyrights ⓒ 헤럴드경제 & heraldbiz.com, 무단 전재 및 재배포 금지 -",/news/news_read.nhn?article_id=0001666224&office_id=016&mode=search&query=삼성바이오로직스&page=2
코스피 0.60% 내린 1903.22 거래 중,"[더팩트ㅣ박경현 기자] 코스피가 기관매도세에 하락을 지속하고 있다.24일 오전 11시 36분 현재 코스피는 전일 대비 11.51포인트(-0.60%)내린 1903.22에 거래 중이다.현재까지 개인은 3483억 원을 사들인 반면 외국인과 기관이 각각 952억 원, 2590억 원을 순매도 중이다.같은시각 코스닥은 전일대비 0.25포인트(-0.04%) 내린 643.54를 나타내고 있다.코스닥에서도 개인 홀로 590억 원을 사들인 반면 외국인과 기관은 각각 418억 원, 114억 원을 팔아치우고 있다.시가총액 상위 종목은 일제히 내림세를 보이고 있다. 삼성전자(-0.80%), SK하이닉스(-1.09%), 삼성바이오로직스(-0.67%), 삼성전자우(-0.23%) 모두 하락하고 있다.현재까지 업종은 항공사(+4.61%)와 우주항공과 국방(+3.46%)이 강세다. 반면 독립전력생산 및 에너지거래(-4.10%), 복합유틸리티(-2.59%)는 내림세다.pkh@tf.co.kr저작권자 ⓒ 특종에 강한 더팩트 & tf.co.kr 무단 전재 및 재배포 금지",/news/news_read.nhn?article_id=0000023966&office_id=629&mode=search&query=삼성바이오로직스&page=2
"오후 1시 20분 기준 1,898.19","[서울경제] 코스피가 24일 오후 들어 소폭의 하락세가 지속되며 1,900선 아래에 머물고 있다. 이날 오후 1시 20분 기준 코스피는 전 거래일보다 0.86%(16.54포인트) 내린 1,898.19를 기록했다. 유가증권시장에서 외국인은 1,445억원, 기관 3,254억원 규모를 각각 순매도했다. 개인은 4,602억원 규모를 사들였다. 유가증권시장 시가총액 상위 종목은 대부분 하락세다. (1.58%), 삼성물산(1.01%)이 상승세인 반면 (-1.10%), (-1.45%), (-1.16%), (-0.47%), (-1.66%), (-0.14%), (-1.73%), (-2.46%)는 하락세를 나타내고 있다. 노동길
연구원은 “연기금을 중심으로 한 기관 순매도에 코스피가 하락 중”이라며 “연기금 순매도는 차익거래 비중이 높아 방향성에 대한 베팅은 아닌 듯하다”고 설명했다. 같은 시간 코스닥지수는 1.20%(7.71포인트) 하락한 636.08을 나타냈다. 코스닥시장에서 외국인은 1,187억원, 기관 176억원 규모를 각각 순매도했고 개인이 1,416억원 규모를 순매수했다. /박경훈기자 socool@sedaily.com저작권자 ⓒ 서울경제, 무단 전재 및 재배포 금지",/news/news_read.nhn?article_id=0003729259&office_id=011&mode=search&query=삼성바이오로직스&page=2
코로나19 관련 불확실성 증시 자극…낙폭 확대시총상위株 약세 우위…NAVER↑,"[이데일리 이슬기 기자] 코스피 지수가 1%대 하락하며 1900선을 밑돌고 있다. 신종 코로나 바이러스 감염증(코로나19) 관련 불확실성이 이어지는 데 따른 것으로 보인다. 시가총액 상위종목들도 낙폭을 키우는 모양새다.24일 마켓포인트에 따르면 이날 오후 1시 50분 현재 코스피 지수는 전 거래일 대비 1.15%(22.03포인트) 떨어진 1892.70에 거래되고 있다. 장 초반 하락 출발했던 코스피 지수는 오후들어 낙폭을 키우고 있다. 길리어드 사이언스의 렘데스비르 관련 논란과 뉴욕 주지사가 항체 시험을 통해 뉴욕에 현재 알려진 수보다 많은 확진자수가 있을 것이라고 언급한 점 등이 영향을 미친 것으로 보인다.장 초반만 해도 매수에 동참했던 외국인이 매도로 돌아서며, 외국인과 기관이 동반 매도를 보이고 있다. 외국인은 1492억원, 기관은 3702억원 가량을 매도 중이다. 반면 개인은 5057억원 가량의 주식을 사들이고 있다.대부분의 업종이 내리는 중이다. 건설업은 3%대, 섬유의복, 비금속광물, 운송장비업종은 2%대 내리고 있다. 전기가스업, 통신업, 기계, 전기전자, 의약품, 은행, 화학, 제조업, 서비스업, 금융업 등은 1%대 내리는 중이다. 유통, 보험, 철강금속, 종이목재 등 업종은 1% 미만으로 내림세를 보이고 있다. 반면 운수창고, 의료정밀, 음식료품 업종은 1%대 오르고 있다. 시가총액 상위종목들도 대부분 내리고 있다. 현대모비스(012330) 삼성SDI(006400) LG화학(051910) SK텔레콤(017670) 현대차(005380)는 2%대 내리고 있다. SK하이닉스(000660) 삼성바이오로직스(207940) 삼성전자(005930) 셀트리온(068270) 카카오(035720)는 1%대 내리고 있다. LG생활건강(051900) POSCO(005490)는 1% 미만으로 내리고 있다. 반면 NAVER(035420)와 삼성물산(028260)은 1% 미만으로 오르고 있다.이슬기 (surugi@edaily.co.kr)＜ⓒ종합 경제정보 미디어 이데일리 - 무단전재 & 재배포 금지＞",/news/news_read.nhn?article_id=0004627108&office_id=018&mode=search&query=삼성바이오로직스&page=1
,"(서울=뉴스1) 정은지 기자 = 코스피 지수가 낙폭을 확대하면서 1900선 아래로 떨어졌다. 렘데시비르 임상 실패 영향으로 풀이된다. 시간외 뉴욕 증시 지수 선물이 하락세를 타고 있다. 코스피 지수는 24일 오후 1시 55분 기준 전일 대비 25.06p(1.31%) 하락한 1889.67에 거래되고 있다. 개인이 5058억원을 순매수중인 가운데 외국인과 기관이 각 1482억원과 3794억원을 순매도 중이다. 시가총액 상위 종목 대부분 약세다. 삼성SDI(-2.64%), LG화학(-2.08%), 현대차(-2.06%), SK하이닉스(-1.69%), 삼성바이오로직스(-1.50%) 순으로 하락폭이 크다. 반면 네이버는 2000원(1.05%) 오른 19만2000에 거래되고 있다. 코스닥 지수는 전일 대비 10.28p(1.60%) 떨어진 633.51을 가리키고 있다. 장중 한 때 상승 전환하며 645.22까지 오르기도 했으나 낙폭을 키우고 있다. 서상영 키움증권 연구원은 ""중국에서 진행된 렘데시비르 임상 시험 결과 일부 부작용이 있었다며 임상 실패를 시사한 결과 미국 증시 변동성이 커졌다""며 ""임상 논란은 경제 셧다운 완화 시기 지연 가능성을 야기 시킨 다는 점에서 한국 증시에 부정적""이라고 밝혔다.ejjung@news1.kr© 뉴스1코리아(), 무단 전재 및 재배포 금지",/news/news_read.nhn?article_id=0004605220&office_id=421&mode=search&query=삼성바이오로직스&page=1
25.72포인트 내린 1889.01에 마감개인 하루만에 ‘사자’…건설업 3.27%↓시총 상위주 하락세…네이버는 올라,"[이데일리 김윤지 기자] 24일 코스피 지수가 1%대 하락했다. 개인 투자자가 하루 만에 순매수로 돌아섰지만, 기관과 외인이 동반 매도가 하락을 이끌었다. 지난주 호재로 작용했던 미국 길리어드 사이언스의 렘데시비르 임상 실패 소식도 투자 심리 위축을 가져왔다. 마켓포인트에 따르면 이날 코스피지수는 전 거래일 대비 25.72포인트(1.34%) 내린 1889.01에 마감에 마감했다. 하락 출발한 후 서서히 낙폭을 키우다가 한때 1880선까지 미끄러졌지만 일부 회복하면서 1889에서 거래를 마쳤다. 노동길 NH투자증권 연구원은 “렘데시비르 관련 우려감 외에도 도널드 트럼프 미국 대통령이 사회적 거리 두기를 여름까지 연장할 수 있다고 밝힌 점도 투자심리에 부정적으로 영향을 미치고 있다”면서 “다음주 미국 중앙은행인 연방준비제도(연준·Fed)와 유럽중앙은행 회의 등 주요 선진국 통화정책 회의를 주목할 필요가 있다”고 말했다. 유가증권시장에서 외국인이 2333억원, 기관이 4220억원을 순매도했다. 기관 중 연기금 등이 1394억원을 팔아치웠다. 개인은 6325억원을 순매수했다. 프로그램 매매는 차익과 비차익을 합쳐 4287억원 순매도 우위를 기록했다.전 업종별로는 하락 우위를 보였다. 건설업이 3.27%, 운수장비가 2.56%, 통신업이 2.30% 빠졌다. 전기가스업, 섬유·의복, 비금속광물 등도 2%대 하락폭을 보였다. 보험, 은행, 의약품, 기계 등도 1%대 내림세를 기록했다. 의료정밀이 1.72%, 음식료품이 1.37%, 운수·창고가 1.02% 올랐다. 시가총액 상위 종목도 대부분 하락했다. 대장주인 삼성전자(005930)와 SK하이닉스(000660), 삼성바이오로직스(207940)가 각각 1.00%, 1.45%, 1.66% 떨어졌다. 셀트리온(068270)이 1.17%, LG화학이 2.08% 빠졌다. 전날 1분기 영업이익 2215억원으로 시장 예상치를 웃도는 실적을 발표한 NAVER(035420)는 1.32% 올랐다.종목별로는 에이프로젠, 에이프로젠 H&G(109960)를 흡수합병한다는 소식에 에이프로젠 KIC(007460)가 29.96% 올랐다. STX가 전날 러시아 합작법인인 KIM LCC가 러시아 연해주 크라스키노에 건설 중인 액화석유가스(LPG) 탱크 터미널의 탱크 설비 총 10기 구축을 완료했다고 밝히면서 STX엔진(077970), STX중공업(071970)이 각각 29.93%, 16.85% 올랐다. 코스피200, MSCI코리아 등 지수 편입 기대감에 한진칼(180640)은 9.15% 상승했다. 렘데시비르 논란에 관련주로 분류되던 파미셀(005690)은 14.03% 떨어졌다. 이날 거래량은 9억2213만주, 거래대금은 9조5065억원으로 집계됐다. 상한가 3개 종목을 포함해 165개 종목이 상승했고 하한가 종목 없이 684개 종목이 하락했다. 51개 종목은 보합권에서 거래를 마쳤다.김윤지 (jay3@edaily.co.kr)＜ⓒ종합 경제정보 미디어 이데일리 - 무단전재 & 재배포 금지＞",/news/news_read.nhn?article_id=0004627235&office_id=018&mode=search&query=삼성바이오로직스&page=1
코스피 25.72p 내린 1899.01 마감…네이버 52주 신고가 코스닥 10.83p 내린 632.96…환율 5.8원 오른 1235.5원,"(서울=뉴스1) 정은지 기자 = 24일 코스피 지수가 1% 넘게 하락하며 1890선으로 후퇴했다. 렘데시비르 임상 실패 소식에 따른 뉴욕 선물 지수 약세 영향으로 풀이된다. 이날 코스피 지수는 전일 대비 25.72p(1.34%) 내린 1889.01로 마감했다. 개인은 6325억원을 순매수한 가운데 외국인과 기관은 각각 2316억원과 4220억원을 순매도했다. 시가총액 상위 종목 대부분 하락했다. 삼성SDI(-2.64%), 현대차(-2.49%), LG화학(-2.08%), 삼성바이오로직스(-1.66%), SK하이닉스(-1.45%) 순으로 낙폭이 컸다. 네이버는 2500원(1.32%) 오른 19만2500원으로 마감하며 52주 신고가를 기록했다. 코스닥 지수는 전일대비 10.83p(1.68%) 하락한 632.96에 거래를 마쳤다.시총 상위 종목 가운데 케이엠더블유(-3.74%), 스튜디오드래곤(-3.21%), 에이치엘비(-2.05%), 펄어비스(-2.00%), CJENM(-1.77%)순으로 하락폭이 컸다. 업종별로 사무용전자제품(-3.43%), 통신장비(-3.36%), 디스플레이패널(-3.22%), 자동차부품(-3.09)% 등이 약세를 보였다.노동길 NH투자증권 연구원은 ""연기금을 중심으로 한 기관 순매도에 하락했다""며 ""연기금 순매도 성격은 차익거래 비중이 높아 방향성에 대한 베팅은 아닌 듯하다""고 말했다.서울외환시장에서 달러/원 환율은 5.8원 오른 1235.5원으로 마감했다.ejjung@news1.kr© 뉴스1코리아(), 무단 전재 및 재배포 금지",/news/news_read.nhn?article_id=0004605525&office_id=421&mode=search&query=삼성바이오로직스&page=1
,"개인은 6천억원 순매수 (서울=연합뉴스) 곽민서 기자 = 24일 코스피가 1.3% 하락해 다시 1,890선 아래로 떨어졌다.

 외국인과 기관이 동반 '팔자'에 나선 가운데 개미들만 줄기차게 순매수를 이어가면서 지수는 지지부진한 박스권 내 등락을 거듭하고 있다.

 이날 코스피는 전 거래일보다 25.72포인트(1.34%) 내린 1,889.01로 마감했다.

 지수는 전장보다 8.66포인트(0.45%) 내린 1,906.07로 개장해 낙폭을 키웠다.

이경민 대신증권 연구원은 ""신종 코로나바이러스 감염증(코로나19) 치료제 임상 관련 논란으로 경제 활동 재개 시점이 늦춰질 수 있다는 우려가 제기되면서 투자심리가 악화했다""며 ""개인 외에는 매수 주체가 없는 상황""이라고 분석했다.

이날 유가증권시장에서는 기관이 4천220억원, 외국인이 2천332억원을 각각 순매도했다. 반면 개인은 6천324억원을 순매수했다.

 시가총액 상위 종목 중에서는 삼성전자(-1.00%)와 SK하이닉스(-1.45%)가 동반 하락했고 삼성바이오로직스(-1.66%)와 LG화학(-2.08%), 현대차(-2.49%) 등도 내렸다.

시총 10위권 내에서는 네이버(1.32%)만 올랐다.

 업종별로는 건설업(-3.27%)과 운송장비(-2.56%), 통신(-2.30%), 의약품(-1.64%), 기계(-1.53%), 전기·전자(-1.25%) 등이 약세였고 의료정밀(1.72%)과 음식료품(1.37%) 등은 강세를 보였다.

 프로그램 매매는 차익거래와 비차익거래 모두 매도 우위로, 전체적으로는 4천287억원의 매도 우위로 집계됐다.

 유가증권시장의 거래량은 8억1천여만주, 거래대금은 9조3천936억원이었다.

코스닥지수는 전 거래일보다 10.83포인트(1.68%) 내린 632.96으로 종료했다.

지수는 3.60포인트(0.56%) 내린 640.19로 출발해 장중 한때 반등하기도 했으나 결국 약세로 마무리했다.

코스닥시장에서도 외국인이 1천38억원, 기관은 570억원을 각각 순매도했다. 개인은 1천655억원을 순매수했다.

 시총 상위 종목 중에서는 에이치엘비(-2.05%)와 펄어비스(-2.00%), 케이엠더블유(-3.74%), 스튜디오드래곤(-3.21%) 등이 내렸다.

 시총 10위권 내에서는 셀트리온헬스케어(1.19%)만 올랐다.

 코스닥시장의 거래량은 약 17억4천만주, 거래대금은 8조6천966억원가량이었다.

 이날 서울 외환시장에서 원/달러 환율은 전일보다 5.8원 오른 달러당 1,235.5원에 거래를 마쳤다.

mskwak@yna.co.kr",/news/news_read.nhn?article_id=0011570229&office_id=001&mode=search&query=삼성바이오로직스&page=1
,"코스피가 단 하루 만에 다시 1900선 밑으로 내려앉았다. 미국계 제약사 길리어드가 개발중인 신종 코로나바이러스 감염증(코로나19) 치료제 개발 실패 가능성 소식에 장 시작부터 소폭 감소로 시작한 코스피는 기관의 강한 매도세에 1900선을 뚫지 못했다. 기관의 팔자 분위기가 증시를 끌어내린 것으로 풀이됐다.코스피는 24일 전 거래일 대비 1.34%(-25.72포인트) 하락한 1889.01에 거래를 마쳤다. 개인은 매수세가 강했지만 연기관과 외국인의 매도세가 크게 작용했다. 개인 6325억원 순매수를 기록했지만, 외국인과 기관이 각각 2316억원, 4220억원을 순매도 했다.코스피 시가총액 10개 상위종목 중에선 네이버(1.32%)를 제외하고는 모두 내림세를 나타내는 ‘파란불’이 켜졌다. 시총 1,2위 삼성전자와 SK하이닉스는 각각 –1.00%, -1.45%를 기록했다. 이와 함께 삼성바이오로직스, 셀트리온, LG화학, 현대차 등은 모두 1~2%대 하락으로 마감했다.코스닥도 전 거래일 대비 1.68%(-10.83포인트) 내린 632,96에 거래를 마쳤다. 개인은 1654억원 순매수하며 사들였지만, 외국인과 기관은 각각 1050억원, 571억원 순매도하며 팔아치웠다.코스닥 시가총액 10개 상위종목에서도 셀트레온헬스케어(1.19%)만 상승을 나타내는 ‘빨간불’이 들어왔을뿐 모두 하락세를 나타냈다. 에이치엘비, 펄어비스, CJ ENM, 휴젤, SK머티리얼즈 등은 1~2%대 하락률을, 케이엠더블유와 스튜디오드래곤은 3%대 내림세로 마감했다.앞서 뉴욕증시는 경제지표 부진과 렘데시비르 임상시험 실패 소식이 전해졌지만 3대 지수는 혼조세를 보였다. 국제유가 상승이 증시 추락을 막은 것으로 풀이됐다. 
그러나 이영곤 하나금융투자 리서치센터 연구원은 “한국 증시는 렘데시비르 실패 보고서 게재에 코로나19치료제 기대감이 실망으로 전환되면서 하락하게 된 것으로 분석된다”고 전했다.송창범 기자
 <저작권자 ⓒ '성공을 꿈꾸는 사람들의 경제 뉴스' 머니S, 무단전재 및 재배포 금지>",/news/news_read.nhn?article_id=0000535400&office_id=417&mode=search&query=삼성바이오로직스&page=1
기관·외국인 동반매도…코스닥도 1.68% 내려,"[아이뉴스24 류은혁 기자] 코스피가 1% 넘게 떨어지며 3거래일 만에 하락했다. 코로나19 치료제로 기대를 모았던 미국 제약사 길리어드 사이언스의 렘데시비르가 임상시험에서 효과를 보지 못했다는 소식과 오후들어 외국인과 기관의 매도세가 거세지면서 하락을 이끌었다.24일 코스피지수는 전 거래일 대비 25.72포인트(1.34%) 내린 1889.01에 마감했다. 개인이 6천325억원 순매수한 반면 외국인과 기관이 각각 2천316억원, 4천220억원 순매도했다.간밤 미국 증시가 코로나19 치료제 개발 난항 우려로 혼조세로 마감한 것이 투자심리를 위축시켰다. 로이터통신 등에 따르면 중국에서 진행한 임상시험에서 렘데시비르는 코로나19 환자 상태를 개선시키거나 혈류 내 병원균을 줄이지 못한 것으로 전해졌다.이날 시가총액 상위 10종목 중 NAVER(1.32%)를 제외하고 모두 내렸다. 삼성전자 –1.00%, SK하이닉스 –1.45%, 삼성바이오로직스 –1.66%, 삼성전자우 –1.16%의 하락률을 보였다.업종별로도 대부분 내렸다. 우주항공과 국방(5.57%), 항공사(4.61%), 음료(1.28%)를 제외하고 독립전력생산 및 에너지거래(-5.47%), 사무용전자제품(-3.43%), 통신장비(-3.36%), 디스플레이패널(-3.22%) 업종이 내렸다. 이날 상한가 종목은 에이프로젠 KIC, 에이프로젠제약, STX엔진 3개였고 하한가 종목은 없었다.코스닥지수는 전 거래일 대비 10.83포인트(1.68%) 내린 632.96에 장을 끝냈다. 개인이 1천654억원 순매수한 반면 외국인과 기관이 각각 1천50억원, 571억원 순매도했다.시가총액 상위 10종목 중 셀트리온헬스케어(1.19%)를 제외하고 모두 내렸다. 에이치엘비 –2.05, 펄어비스 –2.00%, 셀트리온제약 –0.28%, 케이엠더블유 –3.74%의 하락률을 보였다.이날 상한가 종목은 에이프로젠 H&G, 린드먼아시아 2종목이었고 하한가 종목은 없었다.한편 이날 서울외환시장에서 원/달러 환율은 전 거래일 대비 5.8원 오른 1235.5원에 마감됐다. ehryu@inews24.com [ⓒ 아이뉴스24 무단전재 및 재배포 금지]",/news/news_read.nhn?article_id=0000535740&office_id=031&mode=search&query=삼성바이오로직스&page=1
,"코스피가 기관과 외국인이 동반 순매도하며 1% 넘게 하락, 1890선 아래로 내려갔다. 기관과 외국인은 둘이 합쳐 6500억원 넘게 주식을 팔아 치웠다.24일 코스피 지수는 전날보다 25.72포인트(1.34%) 하락한 1889.01에 장을 종료했다.지수는 전날보다 8.66포인트(0.45%) 하락한 1906.07로 거래를 시작 후 오전까지 대체로 시가 아래인 1890~1900선을 중심으로 등락을 반복했다. 간밤에 유가가 크게 올랐지만 미국증시가 혼조세로 마감하고 이후 시간외 뉴욕 증시의 지수 선물이 하락세를 나타내며 시장에 영향을 미쳤다.지수는 오후 들어 기관과 외국인의 매도세가 강해지며 낙폭을 더욱 확대, 1880선까지 밀렸다.기관과 외국인은 둘이 합쳐 6553억원의 매물을 쏟아냈다.기관은 4220억원을 순매도했다. 금융투자 2231억원, 연기금 1395억원, 투자신탁은 312억원을 팔았다.외국인도 2333억원의 주식을 팔아 치우며 5거래일 연속 순매도 행진을 이어갔다. 개인만 6325억원 순매수했다.대부분의 업종에서 하락세를 보인 가운데 건설 업종이 3.27% 내리며 하락폭이 가장 컸다. 운수장비와 통신 업종도 각각 2.56%, 2.30% 하락했다.반면 의료정밀과 음식료 업종은 각각 1.72%, 1.37% 상승했다.시가총액 상위종목의 다수가 하락세를 나타냈다.시가총액 1위인 삼성전자는 1.00% 하락한 4만9350원을 기록했다. 2위인 SK하이닉스는 1.45% 내린 8만1400원에 거래를 마쳤다.현대모비스는 전날대비 4.52% 급락한 16만9000원에 장을 마쳤다. SK텔레콤(-2.78%), 삼성SDI(-2.64%), 현대차(-2.49%), LG화학(-2.08%)도 2% 넘게 하락했다. 삼성바이오로직스와 셀트리온은 각각 1.66%, 1.17% 내렸다. 반면 NAVER는 1.32% 상승한 19만2500원에 거래를 종료했다.코스닥 지수는 10.83포인트(1.68%) 하락한 632.96에 거래를 종료했다.▶
/ ▶ 태기원(tae@joseilbo.com)저작권자 ⓒ 조세일보(http://www.joseilbo.com). 무단전재 및 재배포 금지",/news/news_read.nhn?article_id=0002222845&office_id=123&mode=search&query=삼성바이오로직스&page=1
1889에 마감…전날보다 1.34% 하락코스닥도 630선 붕괴…장중 2% 넘게 떨어지기도,"[아시아경제 이민우 기자] 코스피가 이틀 만에 다시 1800대로 마감했다. 개인 투자자들이 6000억원을 사들였지만 기관과 외국인의 매도세를 버티지 못한 것으로 보인다.24일 코스피는 전날보다 1.34%(25.72포인트) 떨어진 1889.01에 마감했다. 오후 1시께부터 1900선 밑으로 주저앉은 뒤 오후 2시경에는 전날보다 1.78% 떨어진 1880.71까지 내려갔다. 이후 소폭 반등했지만 1890선 밑으로 장을 마친 것이다.유가증권시장에서는 개인이 6325억원을 순매수했다. 반면 외국인과 기관은 각각 2316억원, 4220억원을 순매도했다.대부분의 업종이 내렸다. 건설업은 3.27% 떨어져 하락폭이 가장 컸다. 이어 운수장비(2.56%), 통신업(2.30%), 전기가스업(2.24%), 섬유·의복(2.23%), 비금속광물(2.00%) 등 상당수 업종이 2% 이상 떨어졌다. 반면 의료정밀(1.72%), 음식료품(1.37%), 운수창고(1.02%) 등은 올랐다.시가총액 상위 10위 종목도 대부분 내렸다. 삼성SDI의 하락폭이 2.7%로 가장 컸다. 이어 현대차(2.4%),LG화학(2.0%), 삼성바이오로직스(1.6%), SK하이닉스(1.4%), 셀트리온(1.1%), 삼성전자(1.0%) 등의 순이었다. 반며 NAVER는 1.3% 올랐으며 삼성물산은 보합을 기록했다.코스닥도 전날보다 1.68%(10.83포인트) 떨어진 632.96에 장을 마쳤다. 오후 2시5분에는 전날보다 2.28%까지 떨어진 629.12를 기록하기도 했다.코스닥시장에서는 개인이 1655억원을 순매수했다. 반면 외국인과 기관은 각각 1050억원, 571억원을 순매도했다.역시 대부분의 업종이 하락세를 보였다. 비금속과 통신장비의 경우 각각 전일대비 3.27%, 3.06% 떨어지며 가장 하락폭이 큰 수준이었다. 이어 일반전기전자(2.91%), 오락·문화(2.89%), 종이·목재(2.77%), 통신서비스(2.70%) 등 2% 후반대로 떨어진 업종이 상당수였다. 반면 운송업종은 3.20% 올랐다. 그 밖에 섬유·의류(0.22%), 정보기기(0.17%), 유통(0.13%) 등도 소폭 올랐다.코스닥 시장의 시총 상위 종목도 대부분 내렸다. 상위 10위 종목 중셀트리온헬스케어만 1.1% 올랐다. 케이엠더블유는 3.7% 떨어져 하락폭이 가장 컸다. 이어 스튜디오드래곤(3.2%), 에이치엘비·펄어비스(각 2.0%), SK머티리얼즈·CJ ENM(각 1.7%), 휴젤(1.3%) 등의 순이었다.이민우 기자 letzwin@asiae.co.kr <ⓒ경제를 보는 눈, 세계를 보는 창 아시아경제 무단전재 배포금지>",/news/news_read.nhn?article_id=0004667579&office_id=277&mode=search&query=삼성바이오로직스&page=1
,"오늘(24일) 코스피가 1.3% 하락해 다시 1,890선 아래로 떨어졌습니다.외국인과 기관이 동반 '팔자'에 나선 가운데 개미들만 줄기차게 순매수를 이어가면서 지수는 지지부진한 박스권 내 등락을 거듭하고 있습니다.이날 코스피는 전 거래일보다 25.72포인트(1.34%) 내린 1,889.01로 마감했습니다.지수는 전장보다 8.66포인트(0.45%) 내린 1,906.07로 개장해 낙폭을 키웠습니다.이경민 대신증권 연구원은 ""신종 코로나바이러스 감염증(코로나19) 치료제 임상 관련 논란으로 경제 활동 재개 시점이 늦춰질 수 있다는 우려가 제기되면서 투자심리가 악화했다""며 ""개인 외에는 매수 주체가 없는 상황""이라고 분석했습니다.이날 유가증권시장에서는 기관이 4천220억원, 외국인이 2천332억원을 각각 순매도했습니다. 반면 개인은 6천324억원을 순매수했습니다.시가총액 상위 종목 중에서는 삼성전자(-1.00%)와 SK하이닉스(-1.45%)가 동반 하락했고 삼성바이오로직스(-1.66%)와 LG화학(-2.08%), 현대차(-2.49%) 등도 내렸습니다.시총 10위권 내에서는 네이버(1.32%)만 올랐습니다.업종별로는 건설업(-3.27%)과 운송장비(-2.56%), 통신(-2.30%), 의약품(-1.64%), 기계(-1.53%), 전기·전자(-1.25%) 등이 약세였고 의료정밀(1.72%)과 음식료품(1.37%) 등은 강세를 보였습니다.프로그램 매매는 차익거래와 비차익거래 모두 매도 우위로, 전체적으로는 4천287억원의 매도 우위로 집계됐습니다.유가증권시장의 거래량은 8억1천여만주, 거래대금은 9조3천936억원이었습니다.코스닥지수는 전 거래일보다 10.83포인트(1.68%) 내린 632.96으로 종료했습니다.지수는 3.60포인트(0.56%) 내린 640.19로 출발해 장중 한때 반등하기도 했으나 결국 약세로 마무리했습니다.코스닥시장에서도 외국인이 1천38억원, 기관은 570억원을 각각 순매도했습니다. 개인은 1천655억원을 순매수했습니다.시총 상위 종목 중에서는 에이치엘비(-2.05%)와 펄어비스(-2.00%), 케이엠더블유(-3.74%), 스튜디오드래곤(-3.21%) 등이 내렸습니다.시총 10위권 내에서는 셀트리온헬스케어(1.19%)만 올랐습니다.코스닥시장의 거래량은 약 17억4천만주, 거래대금은 8조6천966억원가량이었습니다.이날 서울 외환시장에서 원/달러 환율은 전일보다 5.8원 오른 달러당 1,235.5원에 거래를 마쳤습니다.[MBN 온라인뉴스팀]< Copyright ⓒ MBN(www.mbn.co.kr) 무단전재 및 재배포 금지 >",/news/news_read.nhn?article_id=0001447993&office_id=057&mode=search&query=삼성바이오로직스&page=1
코스피 약세…1.34% 내린 1889.01 마감,"[더팩트ㅣ박경현 기자] 국제유가 불확실성이 지속되는 가운데 렘데시비르 임상 실패 소식이 미국 증시에 영향을 미쳐 국내증시도 약세를 보였다.24일 코스피는 전일 대비 25.72포인트(-1.34%)내린 1889.01에 장을 마쳤다. 이날 외국인과 기관의 동반 매도에 낙폭이 커진 가운데, 외국인과 기관은 각각 2316억 원, 4226억 원을 팔아치웠다. 반면 개인 홀로 6331억 원을 사들였다.시가총액 상위종목은 대부분 하락했다. 삼성전자(-1.00%), SK하이닉스(-1.45%), 삼성바이오로직스(-1.66%), 삼성전자우(-1.16%), 셀트리온(-1.17%), LG화학(-2.08%), LG생활건강(-0.69%), 현대차(-2.49%), 삼성SDI(-2.64%)가 줄줄이 하락했다. 반면 NAVER(+1.32%)는 오름세로 장을 마쳤다.이날 업종은 우주항공과 국방(+5.57%), 항공사(+4.61%)가 강세였다. 뒤를 이어 음료, 양방향미디어와 서비스, 가스유틸리티, 식품 등이 1%가량 올랐다. 반면 독립전력생산 및 에너지거래, 사무용전자제품, 통신장비, 디스플레이패널, 자동차부품 등이 3~5%가량 내렸다.코스닥시장은 장중 혼조를 겪다 장 후반부로 갈수록 낙폭이 커졌다. 코스닥은 전일대비 10.83포인트(-1.68%) 내린 632.96에 장을 마쳤다.코스닥 역시 개인이 매수포지션을 유지했다. 이날 개인 홀로 1654억 원을 사들인 반면 외국인과 기관이 각각 1050억 원, 570억 원을 팔아치웠다.이날 코스닥 시가총액별 상위종목 주가도 대부분 내렸다. 셀트리온헬스케어(+1.19%)만이 오름세를 보였던 가운데 에이치엘비(-2.05%), 셀트리온제약(-0.28%), 케이엠더블유(-3.74%), CJ ENM(-1.77%), 씨젠(-0.67%), 스튜디오드래곤(-3.21%), 휴젤(-1.31%), SK머티리얼즈(-1.72%)가 모두 내렸다.pkh@tf.co.kr저작권자 ⓒ 특종에 강한 더팩트 & tf.co.kr 무단 전재 및 재배포 금지",/news/news_read.nhn?article_id=0000023992&office_id=629&mode=search&query=삼성바이오로직스&page=1
,"코스피가 1% 넘게 하락하며 거래를 마감했다. 1900 안팎에서 공방을 벌이다가 오후들어 더 밀리며 1800선에서 거래를 마쳤다.24일 코스피는 전 거래일보다 전장대비 25.72포인트(1.34%) 하락한 1889.01을 기록했다. 이날 유가증권시장에서 개인이 홀로 6336억원을 순매수한 가운데 외국인과 기관이 각각 2332억원, 4230억원을 동반 순매도했다.시가총액 상위 종목 대부분이 하락세로 장을 마쳤다. 삼성전자(-1%), SK하이닉스(-1.45%), 삼성바이오로직스(-1.66%), 셀트리온(-1.17%), LG화학(-2.08%) 하락했고 네이버는 1.32% 상승세를 기록했다.업종별로는 음식료품(1.37%), 의료정밀(1.72%)을 제외한 섬유의복(-2.23%), 종이목재(-0.41%), 화학(-1.52%) 등이 하락세로 마쳤다.코스닥지수는 전 거래일보다 10.83포인트(1.68%) 오른 632.96을 기록했다. 코스닥 시장에서는 개인이 1653억원을 순매수한 가운데 외국인과 기관이 각각 1038ㄷ억원, 569억원을 동반 순매도했다.이날 서울 외환시장에서 원달러 환율은 전 거래일보다 5.80원(0.47%) 상승한 달러당 1235.50원에 거래를 마쳤다.데일리안 이미경 기자 (esit917@dailian.co.kr)ⓒ (주)데일리안 - 무단전재, 변형, 무단배포 금지",/news/news_read.nhn?article_id=0002398252&office_id=119&mode=search&query=삼성바이오로직스&page=1
,"[아시아경제 최대열 기자] 국내 주요 제약사가 1분기 상대적으로 '선방'한 실적표를 받아들 것이란 전망이 나온다. 신종 코로나바이러스감염증(코로나19)으로 병원을 찾지 못해 일부 제품은 장기처방이 늘어난 것으로 추정되는 데다 영업이나 마케팅 등 비용이 줄었기 때문이다. 다만 코로나19 여파가 여전하고 앞으로도 적지 않은 기간 이어질 것으로 예상되는 만큼 2분기 이후 상황은 여전히 불투명하다는 게 중론이다.= 24일 의약품조사기관 유비스트가 집계한 원외처방 보고서에 따르면 지난 1분기 실적은 3조7030억원으로 지난해 같은 기간보다 3%가량 늘어난 것으로 파악됐다. 최근 수년간 증가폭에 견줘보면 다소 떨어지긴 했으나 올 초 코로나19 사태가 불거진 후 내수시장 대부분이 침체를 겪고 있는 점을 감안하면 준수한 실적이다. 이혜린 KTB투자증권 연구원은 ""(코로나19 장기화로) 의약품 공급 차질을 우려해 유통재고를 확보했으 며 만성질환자의 경우 약을 장기 처방했다""면서 ""연구개발이나 광고선전비용, 영업관련 제반비용이 줄어 수익성도 좋을 것으로 예상한다""고 전했다.전체적으로 선방했으나 상위 제약사 가운데서도 업체별 희비는 다소 엇갈린다. 종합병원을 큰 수요처로 둔 유한양행은 영업활동이 여의치 않은 상황이 지속되는 가운데 매출 3229억원, 영업이익 66억원을 기록할 것으로 보인다. 영업이익은 전년 동기 대비 7.9% 늘어난 수치다. 업계 2위 GC녹십자는 백신 해외수출 등이 반영돼 실적개선이 기대된다. 매출 3161억원, 영업이익은 62억원으로 추정된다. 한미약품과 대웅제약도 만성질환 치료제 실적에 힘입어 각각 매출은 2738억원과 2412억원, 영업이익은 247억원과 14억원을 기록할 전망이다.= 관건은 2분기 이후다. 최근 코로나19 신규 환자는 하루 10명 안팎으로 줄었으나 언제든 유행이 확산될 우려가 있어 의약품 수요가 늘 가능성이 작기 때문이다. 처방약의 경우 3월부터 다소 줄었는데 2분기 들어서도 회복될 여지는 많지 않다. 유한양행이 이달 초순 430억원 규모의 단계별 기술료(마일스톤)가 2분기 실적에 반영되고 대웅제약의 경우 보툴리눔톡신 미국 수출물량이 늘어나는 등 업체별로 긍정적 요인이 있으나 코로나19로 인한 시장불안은 2분기 들어서도 쉽게 가실 기미가 보이지 않는다.국내외 코로나19 환자가 늘면서 공공연구기관은 물론 개별 제약ㆍ바이오업체 차원에서도 연구개발에 나서고 있으나 당장 실적에 반영될 만한 성과를 내긴 힘든 처지다. 다른 치료제ㆍ백신 개발과 마찬가지로 신약개발의 경우 장기간에 걸쳐 진행되는 데다 연구개발이나 임상시험 등에 막대한 비용이 들어가기 때문이다. 성과를 낼 수 있을지도 불투명하다.국내 제약사 가운데서는 셀트리온이 질병관리본부와 함께 항체치료
제 개발에 돌입, 이제 막 첫발을 뗐다. SK바이오사이언스도 질본으로부터 백신 후보물질 용역을 수주해 연구에 들어갔다. 부광약품이나 바이오벤처 이뮨메드의 경우 다른 치료제로 개발했던 신약이나 후보물질을 두고 코로나19 치료에 효과가 있는지 임상시험을 진행하고 있는 상태다. 지난 1분기 깜짝실적을 낸 삼성바이오로직스의 경우 미국 바이오업체와 코로나19 항체의약품 생산계약을 맺었다. 해당 업체가 개발에 성공할 경우 이르면 내년부터 직접 생산에 들어갈 수 있을 것으로 회사 측은 내다봤다.최대열 기자 dychoi@asiae.co.kr <ⓒ경제를 보는 눈, 세계를 보는 창 아시아경제 무단전재 배포금지>",/news/news_read.nhn?article_id=0004667593&office_id=277&mode=search&query=삼성바이오로직스&page=1
,"[서울=뉴시스] 김제이 기자 = 코스피지수가 김정은 북한 국무위원장의 신변을 두고 오고가는 설전에 하락 폭을 키우며 마감했다. 24일 코스피지수는 전 거래일(1914.73)보다 25.72포인트(1.34%) 내린 1889.01에 마감했다. 지수는 전일 대비 8.66포인트(0.45%) 내린 1906.07에 출발해 장 중 내내 하락구간을 맴돌다 낙폭을 넓히며 거래를 마쳤다.유가증권시장에서 개인이 하루 만에 다시 '사자'로 돌아서며 6331억원에 달하는 금액을 사들였다. 외국인은 매도 규모를 키우며 2332억원을 순매도했고, 기관 역시 4226억원을 팔아치웠다.업종은 대부분이 하락했다. 이날 의료정밀(1.72%), 음식료품(1.37%), 운수창고(1.02%)를 제외한 모든 업종이 내렸다. 건설업, 운송장비, 통신업, 전기가스업, 섬유의복, 비금속광물이 2~3%대로 하락했다. 이밖에도 모두 내림세로 마감했다.네이버(1.32%)를 제외한 코스피 시가총액 상위 종목들은 대부분 하락마감했다. 이날 대장주 삼성전자는 전 거래일 대비 500원(1.00%) 내린 4만9350원에 마감했다. 내림순으로 삼성SDI(-2.64%), 현대차(-2.49%), LG화학(-2.08%), 삼성바이오로직스(-1.66%), SK하이닉스(-1.45%), 셀트리온(-1.17%), LG생활건강(-0.69%)이 하락마감했다. 삼성물산은 보합으로 거래를 마쳤다.최근 김정은 북한 국무위원장 유고설이 제기된 가운데 한·미 당국은 사실상 이를 부인하면서 시장에 혼란이 가중되고 있다.도널드 트럼프 미국 대통령은 23일(현지시간) 백악관에서 열린 신종 코로나바이러스 감염증(코로나19) 관련 기자회견에서 김 위원장에 대해 미 CNN방송이 제기한 건강 이상설에 대해 ""부정확한 보도""라고 대응했다.앞서 트럼프 대통령은 20일(현지시간) 김 위원장의 건강 이상설이 최초로 보도된 당시 ""(김 위원장 신변에 대해) 모른다. 하지만 잘 지내길 바란다""고 말한뒤 사흘만에 의견을 달리한 셈이다.아울러 코로나19 불안감을 완화시켰던 치료제의 임상 실패 소식 역시 투자심리를 위축시킨 요인으로 작용했다.파이낸셜타임스(FT)는 23일(현지시간) WHO의 보고서를 인용해 중국에서 진행한 1차 임상시험 결과 렘데시비르가 환자의 상태를 호전시키거나 혈류에서 병원체의 존재를 감소시키지 않았다고 보도했다.서상영 키움증권 연구원은 ""국내증시는 렘데시비르 논란으로 코로나 관련 불확실성이 장기화 될 수 있다는 점이 투자심리 위축시켰다""고 분석했다.또 서 연구원은 김 위원장 이슈에 대해서 신중한 태도를 취해야 한다고 조언했다. 그는 ""지정학적 리스크가 발생하면 달러·원 환율과 엔화의 움직임도 급격하게 반응을 한다""며 ""북한에 중요한 일이 발생하면 북한에서는 특별 담화가 몇시에 있을 것이다라고 발표하고는 한다""고 언급했다.코스닥지수는 전 거래일(643.79)보다 3.6포인트(0.56%) 내린 640.19에 출발한 뒤 10.83포인트(1.68%) 내린 632.96에 마감했다.이날 코스닥시장에서 개인은 홀로 1653억원을 순매수했다. 외국인과 기관은 각각 1038억원, 569억원을 순매도했다.코스닥 시총 상위 종목 가운데에서는 셀트리온헬스케어(1.19%)를 제외한 모든 종목이 하락했다. 종목별 하락률은 케이엠더블유(-3.74%), 스튜디오드래곤(-3.21%), 에이치엘비(-2.05%), 펄어비스(-2.00%), CJ ENM(-1.77%), SK머티리얼즈(-1.72%), 휴젤(-1.31%), 씨젠(-0.67%), 셀트리온제약(-0.28%) 등이다. jey@newsis.com<ⓒ 공감언론 뉴시스통신사. 무단전재-재배포 금지>",/news/news_read.nhn?article_id=0009833372&office_id=003&mode=search&query=삼성바이오로직스&page=1
▶ 네이버 홈에서 [한국경제TV] 채널 구독하기 [생방송보기]▶ 대한민국 재테크 총집결! - [증권 / 주식상담 / 부동산],"[한국경제TV 신재근 기자]코스피가 코로나 치료제 개발을 둘러싼 잡음에 하락 마감했다.24일 코스피는 전 거래일 대비 25.72포인트(-1.34%) 내린 1,889.01에 거래를 마쳤다.코로나19 치료제를 둘러싼 논란이 지수에 하방 압력으로 작용했다는 평가다.이경민 대신증권 연구원은 ""렘데시비르(미국 제약사 길리어드의 코로나19 치료제)가 임상시험에서 효과 입증에 실패했다는 소식에 코로나19 치료제 개발 기대감이 둔화됐다""며 ""이로 인해 완전한 경제 활동 재개 시점이 늦춰질 가능성에 투자심리가 악화됐다""고 분석했다.투자주체별로는 외국인(2,332억원 순매도)과 기관(4,220억원 순매도)이 동반 매도로 지수 하락을 이끌었다.외국인과 기관은 운송장비와 유통, 건설, 금융 업종 등을 주로 팔아치웠다.반면 개인(6,336억원 순매수)은 삼성전자와 SK하이닉스 등 전기·전자 업종을 중심으로 매수에 나섰다.코스피 시가총액 상위 종목에서는 NAVER(1.32%)만 상승 마감했다.나머지 삼성전자(-1.00%)와 SK하이닉스(-1.45%), 삼성바이오로직스(-1.66%), 셀트리온(-1.17%), LG화학(-2.08%), LG생활건강(-0.69%), 현대차(-2.49%), 삼성SDI(-2.64%)는 내렸다.삼성물산은 보합으로 거래를 끝냈다.코스닥도 1%대 하락률을 기록했다.이날 코스닥지수는 전장보다 10.83포인트(-1.68%) 내린 632.96에 장을 마쳤다.코스피와 마찬가지로 외국인(1,038억원 순매도)과 기관(570억원 순매도)이 동반 순매도를 한 가운데 개인(1,654억원 순매수)만이 매수에 나섰다.업종별로는 정보기기(0.17%)와 섬유·의류(0.22%), 유통(0.13%), 운송(3.20%)을 제외하고 모두 하락했다.코스닥 시총 상위 종목에서는 셀트리온헬스케어(1.19%)가 상승한 가운데 에이치엘비(-2.05%)와 펄어비스(-2.00%), 셀트리온제약(-0.28%), 케이엠더블유(-3.74%), CJ ENM(-1.77%), 씨젠(-0.67%), 스튜디오드래곤(-3.21%), 휴젤(-1.31%), SK머티리얼즈(-1.72%)는 하락했다.서울 외환시장에서 원/달러 환율은 전날보다 5.8원 오른 달러당 1,235.5원에 종가가 결정됐다.외국인 배당금 역송금 수요와 EU 구제안 합의 불발에 따른 달러 강세 등이 원화 약세를 부추겼다는 분석이 나온다.신재근기자 jkluv@wowtv.co.krⓒ 한국경제TV, 무단 전재 및 재배포 금지",/news/news_read.nhn?article_id=0000866666&office_id=215&mode=search&query=삼성바이오로직스&page=1
"기관, 삼성전자·SK하이닉스 1800억 원가량 순매도","[더팩트ㅣ박경현 기자] 24일 코스피는 국제유가 불확실성 지속 등 영향에 약세였다. 이날 기관투자자 매도세가 더해져 코스피 지수가 전일 대비 25.72포인트(-1.34%)내린 1889.01에 장을 마쳤다. 외국인과 기관은 각각 2316억 원, 4226억 원을 팔아치운 반면 개인 홀로 6331억 원을 사들였다.외국인투자자 코스피시장 기업 최대매수는 한진칼로 향했다. 외국인은 이날 한진칼 321억 원, 삼성전자 201억 원, LG생활건강 226억 원, SK하이닉스 86억 원, 삼성바이오로직스 72억 원 순으로 사들였다.반면 현대차는 339억 원을 팔아치웠다. 뒤를 이어 카카오 227억 원, SK이노베이션 117억 원, SK텔레콤 102억 원, 삼성물산 90억 원을 순매도했다.코스닥 시장에서는 셀트리온헬스케어(53억 원), 씨젠(41억 원), NHN한국사이버결제(33억 원)를 순매수한 반면 메디톡스(99억 원), 에이치엘비(41억 원), RFHIC(38억 원) 순매도했다.이날 매도포지션을 취한 기관은 삼성전자에 1338억 원을 순매도했다. 뒤를 이어 SK하이닉스 530억 원, 현대모비스 341억 원, 삼성SDI 270억 원가량 팔아치웠다.기관은 CJ제일제당에 108억 원을 순매수 했다. 또한 롯데케미칼 94억 원, 하이트진로 68억 원, 농심 60억 원을 사들였다.이날 시가총액 상위종목 주가가 대부분 하락했다. 삼성전자(-1.00%), SK하이닉스(-1.45%), 삼성바이오로직스(-1.66%), 삼성전자우(-1.16%), 셀트리온(-1.17%), LG화학(-2.08%), LG생활건강(-0.69%), 현대차(-2.49%), 삼성SDI(-2.64%)가 줄줄이 내렸다. 반면 NAVER(+1.32%)는 오름세로 장을 마쳤다.pkh@tf.co.kr저작권자 ⓒ 특종에 강한 더팩트 & tf.co.kr 무단 전재 및 재배포 금지",/news/news_read.nhn?article_id=0000024002&office_id=629&mode=search&query=삼성바이오로직스&page=1
,"외국인 투자자는 24일 거래소에서 한진칼, 삼성전자, LG생활건강 등을 중점적으로 사들인 것으로 나타났다.외국인 투자자의 순매수 상위 20개 종목은 한진칼, 삼성전자, LG생활건강, SK하이닉스, 삼성바이오로직스, KODEX 코스닥 150, KODEX 200, 현대모비스, 농심, NAVER등이다.이중에 전기,전자 업종에 속한 종목이 5개 포함되어 있다.한진칼, 농심, NAVER 등은 전일 대비 주가가 상승했고, 삼성전자, LG생활건강, SK하이닉스 등은 주가가 하락했다.한경로보뉴스이 기사는 한국경제신문과 금융 AI 전문기업 씽크풀이 공동 개발한 기사 자동생성 알고리즘에 의해 실시간으로 작성된 것입니다.▶ ▶
 ▶
ⓒ 한국경제 & , 무단전재 및 재배포 금지",/news/news_read.nhn?article_id=0004330409&office_id=015&mode=search&query=삼성바이오로직스&page=1
"피의자 신분…검찰, 김태한·김종중 등 '윗선' 연일 소환","(서울=뉴스1) 박승희 기자 = 삼성물산과 제일모직 합병을 통한 삼성그룹 승계 의혹을 수사하는 검찰이 이영호 삼성물산 대표를 24일 소환했다. 서울중앙지검 경제범죄형사부(부장검사 이복현)는 이날 오전 이 대표를 피의자 신분으로 불러 합병 전후의 의사결정 과정을 조사했다. 해당 의혹과 관련해 이 대표가 검찰 소환을 받은 것은 이번이 처음이다. 이 대표는 2015년 합병 당시 삼성물산 경영지원실장이었다. 검찰은 이 대표가 합병 추진 당시 최치훈 삼성물산 건설부문 대표와 함께 합병 실무작업을 맡았다고 판단한 것으로 보인다. 합병 당시 삼성물산이 제일모직 대주주였던 이재용 부회장에게 유리하도록 고의로 회사 가치를 떨어뜨렸다고 검찰은 의심해왔다. 삼성물산과 제일모직은 2015년 5월 삼성물산 주식 1주를 제일모직 0.35주와 바꾸는 비율을 적용해 합병했다. 이를 통해 제일모직 주식의 23.2%를 보유한 대주주였던 이 부회장의 삼성그룹 지배력이 강화됐다.검찰은 또 제일모직이 보유한 에버랜드 부지의 표준지 공시지가가 2015년 370% 오르며 제일모직 자산가치가 부풀려졌는지 여부도 살펴보고 있다.삼성물산의 가치를 낮추기 위해 2015년 5월 2조원대 카타르 복합화력발전소 공사 수주 사실을 합병을 결의한 이후인 같은해 7월 밝혔다는 의혹도 있다.앞서 검찰은 22, 23일 김태한 삼성바이오로직스 대표와 김종중 삼성그룹 옛 미래전략실 사장 등 '윗선'을 연이어 소환하고 있다.합병 최대 수혜자로 지목된 이 부회장 소환도 임박했다는 관측도 나온다. 올해 들어 삼성그룹 윗선을 잇달아 소환한 검찰은 다음 달에는 주요 피의자의 사법처리 여부를 결정할 것으로 보인다.seunghee@news1.kr© 뉴스1코리아(), 무단 전재 및 재배포 금지",/news/news_read.nhn?article_id=0004605929&office_id=421&mode=search&query=삼성바이오로직스&page=1
"이영호 대표, 피의자 신분 첫 소환조사합병 당시 CFO 겸 경영지원실장 역임","[서울=뉴시스] 이윤희 기자 = 삼성물산과 제일모직의 합병 의혹 등을 수사하고 있는 검찰이 이영호 삼성물산 대표를 피의자로 불러 조사한 것으로 파악됐다.24일 검찰에 따르면 서울중앙지검 경제범죄형사부(부장검사 이복현)는 이날 이 대표를 소환조사했다. 검찰이 이 대표에 대한 소환조사를 진행한 것은 이번이 처음으로 알려졌다.이 대표는 지난 2015년 삼성물산의 최고재무책임자(CFO) 겸 건설경영지원실장을 지냈다. 검찰은 제일모직과의 합병 과정에 이 대표가 관여한 것으로 보고 조사를 진행한 것으로 보인다. 이 대표는 지난 2018년 삼성물산 대표이사로 취임했다.이 대표에 앞서 검찰은 김신 전 삼성물산 대표와 미래전략실 김종중 전 전략팀장(사장), 장충기 전 차장(사장), 최지성 전 실장(부회장), 최치훈 삼성물산 이사회 의장(사장) 등을 소환해 조사했다.검찰은 삼성바이오로직스의 분식회계 의혹과 함께 지난 2015년 삼성물산과 제일모직 합병 과정에 불법 행위가 있었는지 여부를 수사 중이다.삼성물산과 제일모직은 합병 당시 주식교환 비율을 산정하면서 제일모직 자회사였던 삼성바이오로직스의 기업 가치를 크게 반영한 바 있다. 이로 인해 이재용 삼성전자 부회장은 합병 이후 삼성물산 최대 주주로 올라섰고, 이 과정이 그룹 지배력을 강화하기 위한 일환이었다는 의혹이 제기돼 왔다.이 때문에 검찰은 삼성물산과 제일모직 합병 과정이 이 부회장의 경영권 승계 과정과 직결돼 있다고 의심하고 있다.당초 검찰은 이 사건을 2~3월께 마무리하려고 했으나, 코로나19 확산으로 인해 수사 속도는 일부 지연됐다. 검찰은 이달 중 마무리를 목표로 수사 중인 것으로 전해졌다. sympathy@newsis.com<ⓒ 공감언론 뉴시스통신사. 무단전재-재배포 금지>",/news/news_read.nhn?article_id=0009833558&office_id=003&mode=search&query=삼성바이오로직스&page=1
,"김종중·김태한 등 잇달아 조사…이재용 삼성전자 부회장 소환도 임박

(서울=연합뉴스) 성도현 기자 = 삼성물산과 제일모직의 합병을 둘러싼 의혹을 수사하는 검찰이 24일 이영호(61) 삼성물산 사장을 처음으로 소환하며 막판 수사에 속도를 내고 있다.

서울중앙지검 경제범죄형사부(이복현 부장검사)는 이날 오전 이 사장을 피의자 신분으로 불러 2015년 삼성물산과 제일모직의 합병 때 그룹 수뇌부 내 의사결정 과정 전반을 조사했다.

이 사장은 삼성그룹 미래전략실 출신으로 2012년 삼성물산 건설부문 경영지원실장(부사장)을 거쳐 2015년에는 최고재무책임자(CFO)를 맡는 등 합병 과정에도 깊이 관여한 것으로 알려졌다.

검찰은 올해 들어 삼성 전·현직 고위 간부들을 수차례 불러 합병이 이재용(52) 삼성전자 부회장의 경영권 승계를 위한 지배구조 개편 작업의 일환으로 이뤄진 것인지를 조사하고 있다.

검찰은 전날에는 김종중(64) 옛 삼성 미래전략실 사장, 지난 22일에는 '분식회계 의혹'과 관련된 김태한(63) 삼성바이오로직스 사장을 재차 소환하는 등 이 부회장 소환 전 혐의 다지기에 주력하고 있다.

검찰은 다음 달까지 합병 의혹에 대한 수사를 마무리하고 주요 피의자들의 처벌 여부를 결정할 계획인 것으로 알려졌다.

raphael@yna.co.kr",/news/news_read.nhn?article_id=0011570751&office_id=001&mode=search&query=삼성바이오로직스&page=1
