head,text,url
"신한금융투자, 톱10 진입시 2년이상 유지올해 승기잡은 종목, 주도주 가능성↑","[이데일리 김재은 기자] 신종 코로나 바이러스 감염증(코로나19)로 탈 세계화 산업패러다임 변화가 가속화하면서 1999년이후 처음으로 시총 상위 10종목이 성장산업으로 묶였다는 분석이 나왔다. 특히 새로운 종목이 시총 톱10에 들면 대체로 2년이상 지위를 유지하는 만큼 올해 승기를 잡은 종목이 포스트 코로나 시대 주도주가 될 가능성이 높다는 설명이다. 최유준 신한금융투자 연구원은 21일 보고서에서 “한국과 미국증시는 실물 충격 우려에도 굳건하다”며 “12개월 선행 PER은 한국은 11.4배, 미국은 22.1배로 IT, 헬스케어, 통신서비스 등 성장주가 시세를 이끌고 있다”고 분석했다. 주가는 패러다임 변화를 반영하는데 변화의 바탕엔 4차 산업혁명이 있고 코로나19는 변화를 가속화하고 있다는 것. G2를 중심으로 한 패권전쟁과 성장 돌파구를 찾기위한 각국의 노력이 더해져 규모가 커진 판은 쉽게 뒤집히지 않는다는 분석이다. 지난 20일 기준 국내 시총 톱 10 종목중 LG생활건강(051900)을 제외하면 IT(반도체+플랫폼), 바이오, 전기차 등 미래 성장산업이 포진해 있다. 시총 상위종목이 성장산업으로 한데 묶인 건 1999년이후 처음으로 이들 종목에 관심을 둬야 한다는 조언이다. 20일 종가기준 시총 톱 10 종목은 삼성전자(005930) SK하이닉스(000660) 삼성바이오로직스(207940) 네이버(035420) 셀트리온(068270) LG화학(051910) 삼성SDI(006400) LG생활건강 현대차(005380) 카카오(035720)다. 과거 시총 상위 종목은 한국 산업 지형을 한눈에 보여주는데, 상위 10개종목은 증시 전체 시총의 30~50%를 차지하고, 산업 패러다임 변화에 따라 10년단위로 변화가 나타난다. 1990년대는 자본시장 개방과 함께 한국이 중진국 반열에 든 시기로 증시 중심은 공기업, 은행에서 전자, 통신으로 기울었고, IMF 사태를 겪고는 IT가 주력산업이 됐다. 2000년대는 중국의 고성장에 소재, 산업재가 시총 상위로 올라갔다. 다만 이때부터 삼성전자는 부동의 시총 1위를 유지한다. 글로벌 금융위기이후 산업지형 변화 주기가 짧아졌는데, 이는 △저성장 지속 △고령 인구 증가 △4차 산업혁명 등이 이유다.
2010년대 후반부터 급격한 패러다임 변화로 성장주가 부각되는데 기술주, 바이오가 강세를 보인다. 2015년 한미약품의 기술수출을 계기로 전통 제조업이 국내 증시에서 주도권을 상실했다. IT의 증시 주도권은 견고해졌고, 바이오는 제조업이 밀려난 자리를 차지했다. 실제 2017년 셀트리온은 시총 7위에, 삼성바이오로직스는 2018년에 시총 4위로 자리잡았다. 최 연구원은 “언택트를 필두로 한 비즈니스 디지털화는 세계 산업 지형을 바꿀 것”이라며 “올해 승기를 잡은 종목이 포스트 코로나시대 주도주가 될 가능성이 높다”고 예상했다.김재은 (aladin@edaily.co.kr)＜ⓒ종합 경제정보 미디어 이데일리 - 무단전재 & 재배포 금지＞",/news/news_read.nhn?article_id=0004645521&office_id=018&mode=search&query=삼성바이오로직스&page=2
,"코스피가 코로나19 확산 둔화 및 경제 정상화 기대감에 두달 만에 2000선을 회복하고 있다. 21일 오전 9시 3분 현재 코스피는 전일 대비 13.73포인트(0.69%)오른 2003.37을 기록 중이다.이날 13.56포인트(0.68%) 상승 출발한 지수는 장 초반 개인 중심의 매수세에 힘입어 2000선 부근에서 움직이고 있다. 지수가 장중 2000선 위에서 거래된 것은 지난 3월 6일 이후 약 두달 보름여만이다. 코로나19 확산에 대한 우려는 여전하지만 점차 확진자 증가세가 둔화되고 경제 또한 정상화될 것이라는 기대감이 주가에 힘을 불어넣고 있는 것으로 풀이된다. 간밤 뉴욕증시는 경제 활동 정상화 기대와 국제유가 강세 등에 힘입어 상승했다.이날부터 미국 50개 모든 주가 봉쇄 조치 완화에 돌입한 가운데, 경제 활동 범위가 점차 넓어지는 중이다. 코네티컷주가 이날부터 단계적으로 경제를 재가동하기로 하면서 가장 마지막으로 재개 대열에 합류했다.국제 유가도 꾸준한 오름세를 이어가면서 증시 강세를 거들었다. 경제 재개 이후 수요 회복 기대와 미국의 원유 재고가 줄어드는 점이 확인되면서, 서부텍사스원유(WTI) 7월물은 배럴 당 33달러 선 위로 올라섰다.서상영 키움증권 연구원은 ""미국의 50개 주 모두 경제 재개를 발표하며 경기 회복에 대한 기대를 높이며 산업재와 금융주가 강세를 보이는 등 위험자산 선호 심리가 높아진 점이 우호적""이라면서도 ""다만 코로나 재확산 우려가 완화되자 그동안 강세를 보였던 제약, 바이오 업종은 물론 언텍트 관련 종목은 매물이 출회하는 경향을 보인 점은 주목할 필요가 있으며 이를 감안 시 한국 증시는 반도체, 산업재, 금융업종이 상승을 주도할 것으로 예상되나 중소형 개별 기업들의 경우 차익 매물 소화 과정이 예상돼 대형주가 중소형주 대비 상대적인 강세를 보일 것으로 전망한다""고 설명했다.이날 유가증권시장에서는 업종별로 기계, 운송장비, 의료정밀, 서비스업 등이 오르고 있고 음식료품, 보험 등은 내리고 있다.매매주체별로 개인이 1288억원 순매수 중이고 외국인과 기관은 각각 139억원, 1165억원 순매도 중이다. 프로그램 매매는 542억원 매도 우위다.시가총액 상위 종목들 가운데 삼성전자, SK하이닉스, NAVER, 셀트리온, LG화학, 삼성SDI, 현대차, 카카오, 삼성물산, 현대모비스, SK텔레콤 등은 오르고 있으나 삼성바이오로직스, LG생활건강, 엔씨소프트 등은 내리고 있다.이날 유가증권시장에서는 607개 종목이 오르고 있고 159개 종목이 내리고 있다.코스닥은 전일 대비 5.83포인트(0.82%) 오른 714.59를 기록 중이다.[디지털뉴스국 김경택 기자] [ⓒ 매일경제 & mk.co.kr, 무단전재 및 재배포 금지]",/news/news_read.nhn?article_id=0004579200&office_id=009&mode=search&query=삼성바이오로직스&page=2
개인 ‘사자’…기계·서비스업↑삼성電 등 시총상위주 상승세,"[이데일리 박태진 기자] 코스피 지수가 상승 출발하며 2000선을 회복했다. 미국에서 경제 정상화가 이뤄질 것이란 기대감이 반영된 영향으로 풀이된다. 미국정부는 최근 모든 주에서 단계적 경제 정상화 시행한다고 밝혔다. 장 초반부터 개인이 순매수에 나서면서 상승장을 이끌고 있다. 시가총액 상위 종목들도 상승세를 보이고 있다. 코스피지수가 2000선을
웃돈 건 코로나19가 팬데믹으로 번지기 전인 3월 6일 이후 두 달반만에 처음이다. 21일 마켓포인트에 따르면 코스피 지수는 이날 오전 9시 11분 현재 전 거래일보다 11.70포인트(0.59%) 오른 2001.34에 거래되고 있다. 간밤 뉴욕증시는 경제 정상화 기대감에 상승했다. 다우존스 30 산업평균지수는 전장 대비 1.52% 올랐고, 스탠더드앤드푸어스(S&P) 500 지수는 전장대비 1.67%, 나스닥지수도 2.08% 각각 상승 마감했다. 수급주체별로 보면 개인이 1883억원 순매수했다. 외국인과 기관은 각각 90억원, 1795억원 순매도 중이다. 프로그램 매매는 차익과 비차익을 합쳐 570억원 매도 우위를 기록 중이다.업종별로는 음식료품, 의약품, 보험, 건설업을 제외한 모든 업종이 오르고 있다. 기계가 3%대 상승하고 있고, 서비스업, 의료정밀, 운수장비, 화학, 금융업, 섬유·의복, 철강및금속 등 순으로 오르고 있다.시가총액 상위종목들도 상승세를 나타내고 있다. 대장주인 삼성전자(005930)와 SK하이닉스(000660), 네이버(035420), 삼성전자우(005935), LG화학(051910) 등은 상승하고 있다. 반면 삼성바이오로직스(207940), 셀트리온(068270), LG생활건강(051900) 등은 하락하고 있다.박태진 (tjpark@edaily.co.kr)＜ⓒ종합 경제정보 미디어 이데일리 - 무단전재 & 재배포 금지＞",/news/news_read.nhn?article_id=0004645628&office_id=018&mode=search&query=삼성바이오로직스&page=2
개인만 순매수 중…코스닥도 3일째 올라,"[아이뉴스24 류은혁 기자] 코스피가 미국의 경제재개 기대감에 힘입어 오름세를 보인 뉴욕 증시의 영향으로 2000선을 회복했다.21일 코스피지수는 전 거래일보다 13.56포인트(0.68%) 오른 2003.20에 거래를 시작해 오전 9시11분 기준 0.58% 상승한 2001.18에 거래되고 있다.현재 개인이 1천898억원 순매수 중이며 외국인과 기관이 각각 114억원, 1천787억원 순매도 중이다. 2000선을 회복한 것은 지난 3월 6일 이후 두달 반만이다.간밤 뉴욕 증시는 미국 50개 모든 주가 코로나19에 따른 봉쇄조치 완화에 돌입하면서 경제 정상화 기대감에 상승했다. 다우존스30 산업평균지수는 1.52% 상승했고 스탠더드앤드푸어스(S&P) 500지수와 나스닥지수는 각각 1.67%, 2.08% 올랐다.이날 코스피에서 시가총액 상위 10종목은 대부분 상승세를 보이고 있다. 삼성바이오로직스(-0.33%), 셀트리온(-0.46%), LG생활건강(-1.13%)이 하락세인 반면 삼성전자 0.40%, SK하이닉스 0.36%, NAVER 2.93%의 상승률을 보이고 있다.코스닥지수는 전 거래일보다 5.57포인트(0.79%) 오른 714.33에 장을 시작해 오전 9시 11분 기준 0.65% 상승한 713.35에 거래되고 있다. 개인이 528억원 순매수 중인 반면 외국인과 기관이 각각 412억원, 101억원 순매도하고 있다.시가총액 상위 10종목은 대부분 오름세를 보이고 있다. 셀트리온헬스케어(-0.33%), 셀트리온제약(-0.36%), 펄어비스(-1.24%)는 내림세인 반면 에이치엘비 1.29%, 씨젠 0.85%, CJ ENM 0.74%의 오름세를 보이고 있다. ehryu@inews24.com [ⓒ 아이뉴스24 무단전재 및 재배포 금지]",/news/news_read.nhn?article_id=0000539319&office_id=031&mode=search&query=삼성바이오로직스&page=2
,"[아시아경제 구은모 기자] 코스피가 개장과 동시에 2000선을 넘어서며 지난 3월 이후 약 두 달 반 만에 2000선을 회복했다. 전날 700선을 회복했던 코스닥 지수도 장 초반 상승 흐름을 이어가고 있다.21일 코스피는 전 거래일 대비 13.56포인트(0.68%) 상승한 2003.20으로 출발했다. 전날 1989.64로 마감하며 2000선 회복을 눈앞에 뒀던 코스피는 이날 2000선을 회복하며 장을 시작했다. 장중 2000선을 회복한 것은 지난 3월6일 이후 처음이다. 오전 9시20분 현재 전일 대비 12.54포인트(0.63%) 오른 2002.18을 기록 중이다.간밤 뉴욕증시 주요 지수는 경제 활동 정상화 기대와 국제유가 강세 등에 힘입어 상승했다. 20일(현지시각) 뉴욕증권거래소(NYSE)에서 다우존스 30 산업평균지수는 전일보다 369.04포인트(1.52%) 상승한 2만4575.90에 거래를 마쳤다. 스탠더드앤드푸어스(S&P) 500 지수는 전일보다 48.67포인트(1.67%) 오른 2971.61에, 기술주 중심의 나스닥은 190.67포인트(2.08%) 상승한 9375.78에 장을 마감했다.서상영 키움증권 연구원은 “미국 기술주들이 온라인 관련 산업에 적극적으로 대응을 나서는 등 코로나 이후를 준비하는 경향을 보이자 미 증시에서는 반도체 업종을 비롯해 관련 기업들이 상승을 주도한 점은 한국 증시에 긍정적”이라며 “특히 50개주 모두 경제 재개를 발표하며 경기 회복에 대한 기대를 높이며 산업재와 금융주가 강세를 보이는 등 위험자산 선호 심리가 높아진 점도 우호적”이라고 평가했다.다만 “코로나 재확산 우려가 완화되자 그동안 강세를 보였던 제약, 바이오 업종은 물론 언택트 관련 종목은 매물이 출회되는 경향을 보인 점은 주목할 필요가 있다”며 “이를 감안하면 한국 증시는 반도체, 산업재, 금융업종이 상승을 주도할 것으로 예상되지만 중소형 개별 기업들의 경우 차익 매물 소화 과정이 예상돼 오늘은 대형주가 중소형주 대비 상대적인 강세를 보일 것”이라고 전망했다.현재 거래 주체별 매매 동향을 보면 개인 투자자가 2403억원 순매수하며 다시 ‘사자’에 나섰고, 외국인 투자가도 20억원 순매수하고 있다. 반면 기관 투자자는 2449억원 순매도하고 있다.업종별로는 기계, 서비스업, 화학 등이 오르고 있고, 보험, 음식료품, 의약품 등은 내리고 있다.시가총액 상위종목들 중에선 LG화학, NAVER, 삼성SDI, 카카오, 현대모비스, SK텔레콤 등이 오르고 있다. 반면 LG생활건강, 삼성바이오로직스, 셀트리온 등은 하락하고 있다.현재 코스피 시장에서는 상한가 종목 없이 597종목이 오르고 있고, 하한가 종목 없이 196종목은 내리고 있다. 97종목은 보합을 기록 중이다.전날 700선을 회복한 코스닥 지수도 상승세를 이어가는 모습이다. 이날 전 거래일 대비 5.57포인트(0.79%) 상승한 714.33으로 출발한 코스닥 지수는 장 초반 강보합을 유지하며 최근 3거래일 연속 상승 흐름을 이어가고 있다. 오전 9시20분 현재 전일 대비 5.68포인트(0.80%) 오른 714.44를 기록 중이다.현재 수급별 상황을 보면 개인 투자자가 621억원 순매수하며 상승을 주도하고 있다. 반면 외국인과 기관 투자자는 각각 557억원, 53억원 순매도하고 있다.업종별로는 통신서비스, 금속, 운송, 기계·장비 등이 오르고 있고, 디지털컨텐츠, 오락·문화 등은 내리고 있다.시가총액 상위종목들 중에선 에이치엘비, 에코프로비엠, 씨젠, 케이엠더블유, 알테오젠, CJ ENM 등이 오르고 있다. 반면 펄어비스 등은 하락하고 있다.현재 코스닥시장에서는 상한가를 기록한 동국S&C를 포함해 793종목이 오르고 있고, 하한가 종목 없이 385종목은 내리고 있다. 123종목은 보합을 기록 중이다.구은모 기자 gooeunmo@asiae.co.kr <ⓒ경제를 보는 눈, 세계를 보는 창 아시아경제 무단전재 배포금지>",/news/news_read.nhn?article_id=0004682571&office_id=277&mode=search&query=삼성바이오로직스&page=2
장중 2000선 넘어서…3월6일 이후 두 달 반만,"[서울=뉴시스] 류병화 기자 = 코스피가 21일 장중 2000선을 넘어섰다. 지수는 지난 3월 신종 코로나 바이러스 감염증(코로나19)의 세계적 확산에 따른 '팬데믹(세계적 대유행) 급락' 이전 수준으로 돌아갔다.이날 코스피지수는 전 거래일(1989.64)보다 13.56포인트(0.68%) 오른 2003.20에 출발했다. 지수는 이날 오전 9시20분 현재 전일 대비 0.56% 오른 2000.85를 가리키고 있다. 지수가 장중 2000선을 넘은 것은 지난 3월6일 이후 두 달 반 만에 처음이다.유가증권시장에서 개인은 홀로 2481억원어치를 사들이고 있다. 반면 기관과 외국인은 각각 2456억원, 101억원 매도 우위다.업종별로는 기계(3.15%), 의료정밀(1.19%), 서비스업(1.08%), 화학(1.03%), 섬유의복(0.99%), 운수장비(0.88%), 금융업(0.77%) 등이 오르고 있다.시가총액 상위 종목들은 엇갈리고 있다. 대장주 삼성전자는 전 거래일 대비 50원(0.10%) 내린 4만9950원에 거래되고 있다. SK하이닉스(-0.24%), 삼성바이오로직스(-0.67%), 셀트리온(-1.37%), LG생활건강(-0.99%), 현대차(-0.21%) 등은 내림세다. 네이버(4.05%), LG화학(4.14%), 삼성SDI(1.81%) 등은 오르고 있다.서상영 키움증권 연구원은 ""미국 기술주가 온라인 관련 산업에 적극적으로 대응을 나서는 등 코로나19 이후를 준비하는 경향을 보이자 미국 증시에서는 반도체 업종을 비롯해 관련 기업이 상승해 국내 증시에 긍정적 영향을 준다""고 진단했다.이어 ""다만 코로나19 재확산 우려가 완화되자 그동안 강세를 보였던 제약, 바이오 업종은 물론 언텍트 관련 종목은 매물이 출회되는 경향을 보여 주목할 필요가 있다""고 전했다.코스닥지수는 전 거래일(708.76)보다 5.57포인트(0.79%) 오른 714.33에 개장했다. 지수는 이날 오전 9시20분 현재 전일 대비 0.80% 오른 714.41을 가리키고 있다.코스닥시장에서 개인은 홀로 672억원어치를 사들이고 있다. 외국인과 기관은 각각 608억원, 51억원 매도 우위다. hwahwa@newsis.com<ⓒ 공감언론 뉴시스통신사. 무단전재-재배포 금지>",/news/news_read.nhn?article_id=0009873667&office_id=003&mode=search&query=삼성바이오로직스&page=2
,"손희연 기자 son90@mt.co.kr
<저작권자 ⓒ '성공을 꿈꾸는 사람들의 경제 뉴스' 머니S, 무단전재 및 재배포 금지>",/news/news_read.nhn?article_id=0000545086&office_id=417&mode=search&query=삼성바이오로직스&page=2
,"선진국 경제 정상화 기대에 호조…개인 순매수·기관은 팔자(서울=연합뉴스) 이지헌 기자 = 코스피가 21일 개장과 동시에 2,000선을 돌파하며 상승세로 출발했다.

신종 코로나바이러스 감염증(코로나19) 불확실성이 여전하지만, 선진국을 중심으로 경제 재개 기대감이 높아진 게 투자심리 회복에 기여했다.

이날 오전 9시 22분 현재 코스피는 전 거래일보다 7.67포인트(0.39%) 오른 1,997.31이다.

 지수는 전장보다 13.56포인트(0.68%) 오른 2,003.20로 개장해 이후 상승 폭을 다소 반납한 채 등락을 거듭하고 있다.

코스피가 2,000선을 회복한 것은 지난 3월 6일(종가 기준 2,040.22) 이후 두 달 반만이다.

간밤 뉴욕 증시에서는 다우존스30 산업평균지수가 전장보다 369.04포인트(1.52%) 상승한 24,575.90에 거래를 마쳤다.

 스탠더드앤드푸어스(S&P) 500 지수는 전장보다 48.67포인트(1.67%) 오른 2,971.61에, 기술주 중심의 나스닥은 190.67포인트(2.08%) 상승한 9,375.78에 장을 마감했다.

서상영 키움증권 연구원은 ""미국 기술주들이 온라인 관련 산업에 적극적으로 대응을 나서는 등 코로나19 이후를 준비하는 경향을 보여 반도체 업종을 비롯한 관련 기업이 상승을 주도한 게 한국 증시에 긍정적으로 작용하고 있다""고 말했다.

이날 현재 유가증권시장에서는 개인 투자자가 2천49억원어치를 순매수했다. 기관은 2천166억원을 순매도했고, 외국인은 98억원을 순매수했다.

시가총액 상위 종목 가운데는 삼성전자(-0.10%), SK하이닉스(-0.36%), 삼성바이오로직스(-0.67%), 셀트리온(-0.92%)이 내렸고, 네이버(4.50%), LG화학(4.28%), 삼성SDI(2.42%) 등은 올랐다.

업종별로는 기계(2.64%), 서비스업(1.62%), 화학(1.52%) 등이 강세였고, 의약품(-0.85%), 음식료품(-0.74%), 건설(-0.62%) 등이 약세였다.

같은 시각 코스닥지수는 전 거래일보다 4.59포인트(0.65%) 오른 713.35를 나타냈다.

지수는 전장보다 5.57포인트(0.79%) 오른 714.33으로 출발해 강세 흐름을 유지하고 있다.

코스닥시장에서는 개인이 683억원을 순매수했고, 기관이 33억원, 외국인이 616억원을 각각 순매도했다.

시가총액 상위 종목 중에서는 셀트리온헬스케어(-1.09%)와 셀트리온제약(-0.58%), 씨젠(-1.32%) 등이 하락했고, 에이치엘비(1.09%), CJ ENM(0.66%)은 올랐다.

pan@yna.co.kr",/news/news_read.nhn?article_id=0011623906&office_id=001&mode=search&query=삼성바이오로직스&page=2
네이버-카카오 52주 신고가 경신…개인 약 2700억 순매수,"(서울=뉴스1) 정은지 기자 = 21일 두달 반만에 2000선을 넘어서며 출발한 코스피 지수가 2000선 공방을 벌이고 있다. 경제 활동 재개 기대감으로 간밤 뉴욕 증시가 일제히 급반등한 영향으로 코스피가 상승 출발했으나 시간외 뉴욕 증시 지수 선물이 약세를 보이고 있는 영향도 받고 있다. 21일 오전 9시 35분 기준 코스피 지수는 전일 대비 7.77p(0.39%) 오른 1997.41에 거래되고 있다. 이날 코스피 지수는 10p 넘게 상승 출발하며 지난 3월 6일 이후 두달 반만에 장중 2000선을 돌파했다. 코스피 지수가 2000선을 넘어선 것은 장중 기준 지난 3월 6일의 2062.57, 종가 기준 같은 날 2040.22 이후 처음이다. 사실상 코로나 이전으로 회귀하고 있는 셈이다. 개인이 2682억원을 순매수중인 가운데 기관과 외국인은 각각 2542억원과 158억원을 순매도중이다.시가총액 상위 종목 중 LG화학(4.14%), 네이버(3.60%), 삼성SDI(2.27%), 카카오(2.16%) 등은 상승세를 보이고 있다. 반면 셀트리온(-0.92%), LG생활건강(-0.78%), 삼성바이오로직스(-0.33%) 등은 약세다. 전날 700선을 돌파한 코스닥 지수는 전일대비 4.03p(0.57%) 오른 712.79를 가리키고 있다. 시총 상위 종목은 혼조세를 나타내고 있다. 에이치엘비(1.78%), CJENM(1.15%), 케이엠더블유(1.02%) 등이 상승중인 반면 씨젠(-1.22%), 알테오젠(-0.80%), 셀트리온헬스케어(-0.77%) 등은 하락 중이다.서상영 키움증권 연구원은 ""미국 기술주들이 온라인 관련 산업에 적극적으로 대응하는 등 코로나 이후를 준비하는 경향을 보이자 미 증시에서 반도체 업종을 비롯해 관련 기업들이 상승을 주도한 점이 한국 증시에 긍정적""이라고 말했다.그러면서도 ""다만 연준이 지속적으로 코로나로 인한 불확실성 확산과 향후 경기 회복 시기 지연우려를 언급함에 따라 지속적인 상승은 제한될 것으로 예상된다""고 덧붙였다.한편 서울외환시장에서 달러/원 환율은 3.4원 내린 1226.9원으로 출발했다.ejjung@news1.kr© 뉴스1코리아(), 무단 전재 및 재배포 금지",/news/news_read.nhn?article_id=0004650180&office_id=421&mode=search&query=삼성바이오로직스&page=2
▶ 헉! 소리나는 스!토리 뉴스 [헉스]▶ '아는 척'하고 싶은 당신을 위한 [두유노우],"[파이낸셜뉴스] 코스피가 개장과 동시에 2000선을 돌파했다. 장중 2000선을 넘어선 것을 지난 3월 6일 이후 두 달 반 만에 처음이다.
 21일 오전 9시 30분 현재 코스피지수는 전일대비 10.23포인트(0.51%) 오른 1997.73을 기록하고 있다. 지수는 전장보다 13.56포인트(0.68%) 오른 2003.20로 개장해 보합세를 나타내고 있다.
 간밤 뉴욕증시는 경제 정상화 기대감에 상승했다. 다우존스 30 산업평균지수는 전장 대비 1.52% 올랐고, 스탠더드앤드푸어스(S&P) 500 지수는 전장대비 1.67%, 나스닥지수도 2.08% 각각 상승 마감했다.
 서상영 키움증권 연구원은 ""미국이 50개 주 모두 경제 재개를 발표하며 경기 회복에 대한 기대를 높여 위험자산 선호 심리가 높아진 점이 국내 증시에 우호적으로 작용하고 있다""고 풀이했다.
 이 시각 현재 코스피시장에서 개인은 2682억원을 순매수 하고 있다. 외국인과 기관은 각각 158억원, 2562억원을 순매도 하고 있다.
 업종별로는 음식료품, 의약품, 보험, 건설업을 제외한 전 업종이 오르고 있다. 시가총액 상위종목도 대부분 오르고 있다. 삼성전자는 전일대비 2.34% 오른 5만100원에 거래되고 있다. SK하이닉스, 네이버, 삼성전자우, LG화학 등도 상승하고 있다. 반면 삼성바이오로직스, 셀트리온, LG생활건강 등은 하락하고 있다.
 같은 시각 코스닥지수는 전일대비 5.43포인트(0.77%) 오른 714.18을 기록하고 있다. 코스닥시장에서 개인은 580억원을 순매수 하고 있다. 반면 외국인과 기관은 각각 537억원, 19억원을 팔고 있다.
 한편, 이날 서울외환시장에서 원달러환율은 전장대비 3.4원 내린 1226.9원에 출발했다.


 ※ 저작권자 ⓒ 파이낸셜뉴스. 무단 전재-재배포 금지",/news/news_read.nhn?article_id=0004428552&office_id=014&mode=search&query=삼성바이오로직스&page=2
,"코스피가 오늘(21일) 개장과 동시에 2,000선을 돌파하며 상승세로 출발했습니다.신종 코로나바이러스 감염증(코로나19) 불확실성이 여전하지만, 선진국을 중심으로 경제 재개 기대감이 높아진 게 투자심리 회복에 기여했습니다.이날 오전 9시 22분 기준 코스피는 전 거래일보다 7.67포인트(0.39%) 오른 1,997.31입니다.지수는 전장보다 13.56포인트(0.68%) 오른 2,003.20로 개장해 이후 상승 폭을 다소 반납한 채 등락을 거듭하고 있습니다.코스피가 2,000선을 회복한 것은 지난 3월 6일(종가 기준 2,040.22) 이후 두 달 반만입니다.간밤 뉴욕 증시에서는 다우존스30 산업평균지수가 전장보다 369.04포인트(1.52%) 상승한 24,575.90에 거래를 마쳤습니다.스탠더드앤드푸어스(S&P) 500 지수는 전장보다 48.67포인트(1.67%) 오른 2,971.61에, 기술주 중심의 나스닥은 190.67포인트(2.08%) 상승한 9,375.78에 장을 마감했습니다.서상영 키움증권 연구원은 ""미국 기술주들이 온라인 관련 산업에 적극적으로 대응을 나서는 등 코로나19 이후를 준비하는 경향을 보여 반도체 업종을 비롯한 관련 기업이 상승을 주도한 게 한국 증시에 긍정적으로 작용하고 있다""고 말했습니다.이날 현재 유가증권시장에서는 개인 투자자가 2천49억 원어치를 순매수했습니다. 기관은 2천166억원을 순매도했고, 외국인은 98억 원을 순매수했습니다.시가총액 상위 종목 가운데는 삼성전자(-0.10%), SK하이닉스(-0.36%), 삼성바이오로직스(-0.67%), 셀트리온(-0.92%)이 내렸고, 네이버(4.50%), LG화학(4.28%), 삼성SDI(2.42%) 등은 올랐습니다.업종별로는 기계(2.64%), 서비스업(1.62%), 화학(1.52%) 등이 강세였고, 의약품(-0.85%), 음식료품(-0.74%), 건설(-0.62%) 등이 약세였습니다.같은 시각 코스닥지수는 전 거래일보다 4.59포인트(0.65%) 오른 713.35를 나타냈습니다.지수는 전장보다 5.57포인트(0.79%) 오른 714.33으로 출발해 강세 흐름을 유지하고 있습니다.코스닥시장에서는 개인이 683억 원을 순매수했고, 기관이 33억 원, 외국인이 616억 원을 각각 순매도했습니다.시가총액 상위 종목 중에서는 셀트리온헬스케어(-1.09%)와 셀트리온제약(-0.58%), 씨젠(-1.32%) 등이 하락했고, 에이치엘비(1.09%), CJ ENM(0.66%)은 올랐습니다.[MBN 온라인뉴스팀]< Copyright ⓒ MBN(www.mbn.co.kr) 무단전재 및 재배포 금지 >",/news/news_read.nhn?article_id=0001457013&office_id=057&mode=search&query=삼성바이오로직스&page=2
"코로나19 본격 확산 2달, 시총 상위주 '변화'언택트株 관심 속 경기민감株 살펴야","신종 코로나바이러스 감염증(코로나19)이 국내 증시에 지각변동을 일으키고 있다. 전문가들은 새롭게 떠오르고 있는 비대면(언택트) 관련주를 주목하라고 했다. 소외받고 있는 정유 자동차 등과 같은 경기민감(시클리컬) 업종에도 지속적인 관심이 필요하다는 분석이 나온다.21일 한국거래소에 따르면 코로나19가 본격적으로 확산되기 시작한 3월을 기준으로 두 달 전인 1월 시가총액 상위 20개 종목과 두 달 후인 5월20일 기준 시총 상위 20개 종목에 순위 변화가 생겼다.올해 첫 거래일인 1월2일 기준 시총 1위는 삼성전자였다. 이어 SK하이닉스 삼성전자우 NAVER 삼성바이오로직스 현대차 현대모비스 셀트리온 LG화학 POSCO 삼성물산 신한지주 LG생활건강 KB금융 SK텔레콤 한국전력 SK 기아차 삼성SDI 삼성에스디에스 순이다.하지만 5월 시총 상위주에서 변화가 감지됐다. 삼성전자와 SK하이닉스는 각각 시총 1, 2위를 유지했다. 하지만 3위에는 바이오 관련주인 삼성바이오로직스가 올라왔다. 지난 1월에는 5위였지만 2단계 상승한 것이다. 1월 6위에 포진해있던 현대차는 5월 10위로 밀려났다. 현대차가 있었던 6위 자리에는 바이오 업체인 셀트리온이 들어섰다. 7위였던 현대모비스도 13위로 밀리는 등 전통적인 제조업체의 순위가 뒤로 밀렸다. 대신 카카오 엔씨소프트 셀트리온헬스케어 등 코로나19의 수혜가 예상되는 언택트 및 바이오 관련주들이 시총 상위권에 이름을 올렸다. 최유준 신한금융투자 연구원은 ""코로나19가 시총 상위업종 변화를 빠르게 이끌고 있다""며 ""과거와 다른 방식으로 증시를 바라볼 필요가 있다""라고 짚었다. 그러면서 ""올해 승기를 잡은 종목이 포스트 코로나 시대의 주도주가 될 가능성이 높다""고 말했다.증시의 판도가 바뀌면서 투자자들 역시 어떤 종목을 사야할지 고민이 깊어지고 있다. 증권가(街)에서는 여전히 언택트 관련주에 주목할 필요가 있다고 했다. 다만 최근 가격이 급등한 점은 부담이다. 한국투자증권은 정보기술(IT)와 네트워크 플랫폼 등을 통해 소비자들 사이에서 언택트가 일상화가 되고 있다고 봤다. 이에 따라 코로나19 이후 사람들의 생활과 소비방식이 영구적으로 변화할 것으로 점쳤다.이 증권사 박소연 연구원은 ""언택트 관련주들에게는 이 같은 변화가 축복이될 것""이라며""특히 정보기술(IT) 소프트웨어와 헬스케어 등이 부각될 가능성이 높다""라고 했다. 다만 ""지수가 급락 이전 수준을 회복하는 등 가격 부담이 커진 상황이라 면밀히 지켜봐야 한다""고 당부했다.조금 이르긴 하지만 자동차 정유 등 경기민감주에 관심이 확대해야한다는 권고도 나온다. 다만 이들 산업이 추세적으로 회복되는 모습을 확인하고 투자해야 한다는 주문이다. 이은택 KB증권 연구원은 ""유럽 승용차 신규 등록대수, 중국 승용차 판매 증가율은 전년 대비 각각 81.7%, 76.3% 급감했는데 이는 강제격리 때문""이라며 ""최근 일부 미국 자동차 공장들의 가동이 재개됐다는 소식이 전해지면서 부품주가 주목될 것""이라고 말했다. 또 ""미국에서는 원유 시추설비가 감소하고 있는 것으로 나타났다""며 ""이는 미국 원유 생산의 선행지표로, 유가 관련주에 긍정적일 것""이라고 전망했다.이송렬/채선희 한경닷컴 기자 yisr0203@hankyung.com▶ ▶
 ▶
ⓒ 한국경제 & , 무단전재 및 재배포 금지",/news/news_read.nhn?article_id=0004344912&office_id=015&mode=search&query=삼성바이오로직스&page=2
"코스피, 0.42% 오른 1998.05 거래 중","[더팩트ㅣ박경현 기자] 국내증시가 개인매수 우위 속에 상승세다.21일 오전 11시 50분 현재 코스피는 전장대비 8.41포인트(+0.42%) 오른 1998.05를 나타내고 있다. 코스피는 이날 개장하자마자 2000선을 넘어서 전 거래일보다 13.56포인트(+0.68%) 오른 2003.20에 출발했다.현재까지 개인 홀로 2702억 원을 매수한 반면 외국인과 기관은 각각 212억 원, 2539억 원을 매도 중이다.같은시각 코스닥은 전장대비 6.29포인트(+0.89%) 오른 715.05에 거래 중이다.코스닥 역시 개인 홀로 472억 원을 사들인 반면 외국인과 기관은 각각 165억 원, 235억 원을 팔아치우고 있다.시가총액 상위종목은 SK하이닉스(-0.59%), 삼성바이오로직스(-0.33%)가 하락세인 반면 네이버(+2.03%)는 상승세를 보이고 있다.업종은 독립전력생산 및 에너지거래(+19.50%)가 상승폭을 키우고 있다. 이어 통신장비, 레저용장비와 제품, 에너지장비 및 서비스가 3~5% 오름세다.반면 건강관리기술, 식품과 기본식료품 소매, 손해보험이 1%대 내림세를 나타내고 있다.pkh@tf.co.kr저작권자 ⓒ 특종에 강한 더팩트 & tf.co.kr 무단 전재 및 재배포 금지",/news/news_read.nhn?article_id=0000026604&office_id=629&mode=search&query=삼성바이오로직스&page=2
LG화학·카카오 등 강세,"(서울=뉴스1) 정은지 기자 = 21일 두달 반만에 2000선을 넘어서며 출발한 코스피 지수가 2000선 공방을 벌이고 있다. 경제 활동 재개 기대감으로 간밤 뉴욕 증시가 일제히 급반등하며 코스피가 상승 출발했으나 시간외 뉴욕 증시 지수 선물이 약세를 보이고 있는 영향도 받고 있다. 미중 간 갈등 고조도 투자심리 위축 요인으로 꼽힌다. 이날 오후 1시 40분 기준 코스피 지수는 전일 대비 10.47p(0.53%) 상승한 2000.11에 거래되고 있다. 이날 코스피 지수는 10p 넘게 상승 출발하며 지난 3월 6일 이후 두달 반만에 장중 2000선을 돌파했다. 코스피 지수가 2000선을 넘어선 것은 장중 기준 지난 3월 6일의 2062.57, 종가 기준 같은 날 2040.22 이후 처음이다. 사실상 코로나 이전으로 회귀하고 있는 셈이다. 개인이 3387억원을 순매수중인 가운데 기관과 외국인이 각각 2924억원과 602억원을 순매도 중이다. 시가총액 상위 종목 대부분 상승세다. LG화학이 1만8500원(5.10%) 오른 38만1000원에 거래되고 있다. 카카오(2.81%), 네이버(2.25%), 삼성SDI(1.36%), 삼성바이오로직스(0.83%) 등도 상승세다. 전날 700선을 돌파한 코스닥 지수는 전일대비 7.40p(1.04%) 오른 716.16을 가리키고 있다. 시총 상위 종목 가운데 케이엠더블유(4.93%), 셀트리온제약(1.66%), CJENM(1.57%), 에이치엘비(1.38%) 순으로 상승폭이 크다. 서상영 키움증권 연구원은 ""미국 기술주들이 온라인 관련 산업에 적극적으로 대응하는 등 코로나 이후를 준비하는 경향을 보이자 미 증시에서 반도체 업종을 비롯해 관련 기업들이 상승을 주도한 점이 한국 증시에 긍정적""이라고 말했다.그러면서도 ""다만 연준이 지속적으로 코로나로 인한 불확실성 확산과 향후 경기 회복 시기 지연우려를 언급함에 따라 지속적인 상승은 제한될 것으로 예상된다""고 덧붙였다.서울외환시장에서 달러/원 환율은 0.6원 오른 1230.9원에 거래되고 있다.ejjung@news1.kr© 뉴스1코리아(), 무단 전재 및 재배포 금지",/news/news_read.nhn?article_id=0004650950&office_id=421&mode=search&query=삼성바이오로직스&page=2
,"[머니투데이 반준환 기자] 아미코젠이 바이오의약 산업의 메카 인천 송도에 토지를 매입하고, 바이오의약품 생산용 배지 사업을 본격화한다. 아미코젠은 21일 인천시와 송도에 위치한 인천테크노파크 확대산업기술단지(173-5번지) 토지의 매입 계약을 체결했다고 밝혔다. 용지면적은 4504㎡, 분양가는 약 41억원 규모다.이번 부지 매입은 아미코젠이 지난 3월 신사업으로 바이오의약품 배지사업을 추진할 것임을 밝힌 이후의 첫 공식적인 투자 행보다. 아미코젠은 본 토지를 활용해 바이오의약품 사업의 핵심 부품소재인 배지와 단백질정제용 레진 사업을 위해, GMP수준의 신공장과 R&D연구센터를 설립할 계획이다.아미코젠은 송도 토지 분양 계약 체결을 시작으로 올해 말까지 건축 설계를 확정하고, 내년부터 본격 배지 공장 설립을 위한 착공에 돌입할 계획이다. 회사는 바이오의약품 핵심 부품소재 사업에 약 400억원 규모의 선제적 투자를 감행할 것임을 밝혔다. 한편, 올해 바이오산업 생산액은 약 2조원을 상회할 것으로 전망되지만, 원부자재의 국산화율은 16% 수준에 그친다. 특히, 국내 바이오의약품 배지 시장의 규모는 2019년 4000억원에서 2027년 8900억원에 이를 전망이나, 일부 세포주용 액체배지를 제외하고 대부분을 수입에 의존하고 있는 실정이다. 따라서, 국내 바이오의약품 산업의 경쟁력을 강화하고, 안정적인 원료 수급을 위해 배지개발과 제조기술의 국산화 필요성이 더욱 커지고 있다. 신용철 아미코젠 대표는 “한국의 바이오산업을 선도하고 있는 인천 송도에 부지를 매입하게 됐다""며 ""국내 바이오의약 산업이 크게 성장하면서, 핵심 부품소재 사업은 누군가는 반드시 시작해야 할 사업""이라고 말했다. 이어 ""당사는 스웨덴 관계사 Bio-Works와 협력해 2018년 산업용 항체정제용 레진(Protein A)을 출시했다""며 ""올 해 배지사업에도 신규 진출하기로 결정하면서 바이오의약품 핵심 소재 원천기술 두가지를 확보한 국내 유일한 기업이 됐다""고 설명했다. 또 “송도에는 삼성바이오로직스, 셀트리온 등 유수의 글로벌 바이오기업과 벤처기업이 위치하고 있으며, 세계 최대 규모의 바이오의약품 생산기반을 확보하고 있다""며 ""인천소재 바이오기업들과 상호 협력해 이들 기업의 가격경쟁력을 확보하는데 도움을 주고, 국가 바이오산업에도 기여할 수 있도록 최선을 다할 것”이라고 강조했다.한편, 아미코젠은 배지 신사업 추진을 위해 3월 글로벌 세포주 및 배지 최적화 전문기업인 A사와 기술이전의향서(LOI)를 체결한 바 있다. 또한, 최근 231억원 규모의 산자부 국책과제인 ‘바이오산업핵심기술개발사업- 바이오산업생산고도화 사업’에 최종 선정돼, 컨소시엄사와 바이오의약품 배지 국산화 사업을 공동 추진하고 있다.반준환 기자 abcd@
<저작권자 ⓒ '돈이 보이는 리얼타임 뉴스' 머니투데이, 무단전재 및 재배포 금지>",/news/news_read.nhn?article_id=0004412561&office_id=008&mode=search&query=삼성바이오로직스&page=2
2개월여만에 2000 돌파네이버·카카오 반등 주도,"코로나19로 폭락했던 코스피 지수가 두달 반만에 장중 한때 2000선 돌파에 성공했다.21일 오전 10시를 전후해 코스피 지수는 지난 3월 19일 기록한 저점 1457.64포인트로부터 37% 넘게 상승한 2004.95포인트로 장중 초고가를 썼다. 오후 1시 20분 현재 코스피 지수는 2000선 턱걸이를 마치고 소폭 하락한 1998.65선에서 거래되고 있다. 코스피 지수가 2000선을 돌파한 건 지난 3월 6일 장중에 기록한 2062.57포인트, 종가 기준 2040.22포인트 이후 처음이다. 전날인 20일 코스닥 지수가 2019년 6월 26일 이후 약 1년만에 처음 700선을 넘어선 데 이어 코스피에서도 전고점 회복을 향한 상승 모멘텀이 작용하고 있는 셈이다.코스피가 주요국 증시에 비해 비교적 빠른 속도로 회복할 수 있었던 요인은 한국이 신흥국 가운데 비교적 코로나19 확산 정도가 양호했다는 점과, 반등과정에서 '포스트 코로나' 시대 수혜업종으로 기대받는 IT·헬스케어 업종을 중심으로 빠르게 전고점 회복에 성공했다는 데서 찾을 수 있다.특히 네이버와 카카오의 경우 각각 '네이버페이'와 '톡스토어'란 비대면 전자상거래 플랫폼을 무기로 코로나로 인한 '언택트' 수혜주로 부각되며 역사적 신고가를 경신하며 증시 주도주로 떠올랐다.이날 신한금융투자가 코스피 시장 내 업종 가운데 5월 중 올해 연간 전고점을 돌파한 종목 비중이 많은 상위 4개 업종을 집계한 결과, 1위는 IT·소프트웨어 업종, 2위는 필수소비재, 3위는 헬스케어 순으로 나타났다. 대표적인 사례로 사상 최고가를 갈아치운 네이버와 카카오를 비롯해 삼성바이오로직스와 셀트리온 등 바이오주들의 주가도 상대적으로 강세를 보였다.이예신 신한금융투자 책임연구원은 ""증시를 견인하는 주도주는 여전히 IT·소프트웨어와 헬스케어 업종 등이다""라며 ""코로나19 확산 이후로도 한국 증시 내 성장주의 매력은 여전히 유효하고, 당분간 시장 분위기도 유지될 전망""이라고 밝혔다.[안갑성 기자] [ⓒ 매일경제 & mk.co.kr, 무단전재 및 재배포 금지]",/news/news_read.nhn?article_id=0004579564&office_id=009&mode=search&query=삼성바이오로직스&page=1
,"[아시아경제 금보령 기자] 21일 약 두 달 반 만에 2000선을 회복한 채 출발한 코스피 지수가 오후에는 1990 후반에서 2000 초반을 나타내고 있다.21일 오후 2시45분 기준 코스피는 전장 대비 10.98포인트(0.55%) 상승한 2000.62를 기록했다.코스피는 전거래일보다 13.56포인트(0.68%) 오른 2003.20으로 장을 연 뒤 1990선 후반과 2000선 초반에서 움직이고 있다.유가증권시장에서 개인은 3289억원어치를 순매수했다. 반면 외국인과 기관은 각각 316억원, 3189억원을 순매도했다.업종별로 보면 화학(1.48%), 의약품(0.47%), 기계(1.63%) 등은 올랐고, 통신업(0.35%), 섬유·의복(0.24%) 등은 내렸다.시가총액 10위 기업 가운데 삼성전자(0.2%),삼성바이오로직스(1%), NAVER(0.9%), LG화학(4.69%) 등은 상승했고, SK하이닉스(0.59%), LG생활건강(0.35%) 등은 하락했다.같은 시각 코스닥 지수도 전장 대비 7.49포인트(1.06%) 오른 716.25였다.코스닥은 이날 전거래일보다 5.57(0.79%) 상승한 714.33으로 장을 연 뒤 강세를 이어가고 있다.코스닥시장에서는 개인과 외국인이 각각 450억원, 141억원을 순매수했다. 기관은 497억원을 순매도했다.업종을 나눴을 때 통신서비스(6.04%), 인터넷(3.87%), 반도체(1.27%) 등이 올랐다.시총 상위 기업 중셀트리온헬스케어(0.22%), 에이치엘비(1.68%),셀트리온제약(1.19%), 알테오젠(1.13%), 케이엠더블유(4.25%) 등이 상승했고, 씨젠(0.09%), 펄어비스(0.81%) 등이 하락했다.금보령 기자 gold@asiae.co.kr <ⓒ경제를 보는 눈, 세계를 보는 창 아시아경제 무단전재 배포금지>",/news/news_read.nhn?article_id=0004683022&office_id=277&mode=search&query=삼성바이오로직스&page=1
확대산단 용지 4504㎡…분양가 41억원연말까지 건축설계 확정…내년 착공 예정바이오의약품 핵심 부품소재 400억 투자신용철 대표 GMP 新공장·R&D센터 설립,"[이데일리 박일경 기자] 아미코젠(092040)이 바이오의약 산업의 메카 인천 송도에 토지를 매입하고, 바이오의약품 생산용 배지 사업을 본격화한다.아미코젠은 21일 인천시와 송도에 위치한 인천테크노파크 확대산업기술단지 토지 매입 계약을 체결했다고 밝혔다. 용지 면적은 4504㎡(1400평)로 분양가는 약 41억원 규모다.이번 부지매입은 아미코젠이 지난 3월 신사업으로 바이오의약품 배지사업을 추진할 것임을 밝힌 이후 첫 공식적인 투자 행보다. 앞서 아미코젠은 배지 신사업 추진을 위해 글로벌 세포주 및 배지 최적화 전문기업인 A사와 기술이전의향서(LOI)를 체결한 바 있다. 또 최근에는 231억원 규모의 산업통상자원부 국책과제 ‘바이오산업 핵심기술 개발사업-바이오산업 생산고도화 사업’에 최종 선정돼 컨소시엄사와 바이오의약품 배지 국산화 사업을 공동 추진하고 있다.아미코젠은 송도 토지를 활용해 바이오의약품 사업의 핵심 부품소재인 배지와 단백질정제용 레진 사업을 위해 의약품 제조·품질관리 규칙(GMP) 수준 신공장과 연구·개발(R&D) 센터를 설립할 계획이다.아미코젠은 토지 분양 계약 체결을 시작으로 올해 말까지 건축 설계를 확정하고, 내년부터 본격 배지 공장 설립을 위한 착공에 돌입할 예정이다. 회사 측은 바이오의약품 핵심 부품소재 사업에 약 400억원 규모의 선제적 투자를 감행할 뜻임을 공개했다.올해 바이오산업 생산액은 2조원을 상회할 것으로 예상되지만, 원부자재 국산화율은 16% 정도에 그친다. 특히 국내 바이오의약품 배지 시장 규모는 지난해 4000억원에서 오는 2027년 8900억원에 달할 전망이나 일부 세포주용 액체배지를 제외하고 대부분을 수입에 의존하고 있는 실정이다. 이에 국내 바이오의약품 산업 경쟁력을 강화하고 안정적인 원료 수급을 위해 배지개발과 제조기술 국산화 필요성이 더욱 커지고 있다.신용철() 아미코젠 대표는 “한국 바이오산업을 선도하고 있는 인천 송도에 부지를 매입하게 됐다. 국내 바이오의약 산업이 크게 성장하면서 핵심 부품소재 사업은 누군가는 반드시 시작해야 할 사업이라고 생각했다”면서 “당사는 스웨덴 관계사 바이오 웍스(Bio-Works)와 협력해 2018년 산업용 항체정제용 레진(Protein A)을 출시했으며 올해 배지사업에도 신규 진출하기로 결정하면서 바이오의약품 핵심 소재 원천기술 두 가지를 확보한 국내 유일한 기업이 됐다”고 설명했다.인천 송도에는 삼성바이오로직스(207940)·셀트리온(068270) 등 유수의 글로벌 바이오기업과 벤처기업이 위치하고 있으며 2018년 기준 56만ℓ에 이르는 세계 최대 규모 바이오의약품 생산기반을 확보하고 있다. 신 대표는 “인천 소재 바이오기업들과 상호 협력해 이들 기업의 가격경쟁력을 확보하는데 도움을 주고 국가 바이오산업에도 기여할 수 있도록 최선을 다할 것”이라고 말했다.박일경 (ikpark@edaily.co.kr)＜ⓒ종합 경제정보 미디어 이데일리 - 무단전재 & 재배포 금지＞",/news/news_read.nhn?article_id=0004645994&office_id=018&mode=search&query=삼성바이오로직스&page=1
,"코스피가 코로나19 확산 둔화 및 글로벌 경제 회복 기대감에 2000선 턱밑에서 마감했다.21일 코스피는 전일 대비 8.67포인트(0.44%)오른 1998.31에 거래를 마쳤다.이날 13.56포인트(0.68%) 상승 출발한 지수는 장 초반 개인 중심의 매수세에 힘입어 2000선을 돌파했다. 지수가 장중 2000선 위에서 거래된 것은 지난 3월 6일 이후 약 두달 보름여만이다. 다만 장 막판 기관 중심의 매도물량이 확대되면서 2000선 아래쪽에서 거래를 마치게 됐다.코로나19 확산에 대한 우려는 여전하지만 점차 확진자 증가세가 둔화되고 경제 또한 정상화될 것이라는 기대감이 주가에 힘을 불어넣었다. 여기에 중국의 최대 정치행사인 양회(전국인민대표대회·전국인민정치협상회의)가 오늘 개막하면서 경기 부양책에 대한 기대감이 유입됐다.서상영 키움증권 연구원은 ""오늘 국내 증시는 미국 증시 강세에 힘입어 장중 2000선을 웃돌았다""면서도 ""그러나 여전히 미·중 무역분쟁이 격화되고 밸류에이션 부담이 높아진 영향으로 매물이 출회하며 상승분을 일부 반납하기도 했다""고 설명했다. 다만 중국의 양회에 대한 기대 등이 유입되며 상승세는 유지됐다.이날 유가증권시장에서는 업종별로 의료정밀, 증권, 기계, 화학 등이 1% 이상 올랐고 철강금속, 은행, 의약품 등도 강세를 나타냈다. 보험, 섬유의복, 건설업, 통신업 등은 내렸다.매매주체별로 외국인과 개인이 각각 743억원, 2904억원 순매수했고 기관은 3902억원 순매도했다. 프로그램 매매는 100억원 매도 우위로 집계됐다.시가총액 상위 종목은 등락이 엇갈렸다. 엔씨소프트, LG화학 등이 4~5%대 강세를 보였고 삼성바이오로직스, NAVER, 삼성SDI, 카카오, 현대모비스, SK텔레콤 등이 올랐으나 삼성전자, SK하이닉스, LG생활건강, 현대차, 삼성물산 등은 내렸다.이날 유가증권시장에서는 463개 종목이 올랐고 363개 종목은 내렸다.코스닥은 전일 대비 7.26포인트(1.02%) 오른 716.02에 거래를 마쳤다.[디지털뉴스국 김경택 기자] [ⓒ 매일경제 & mk.co.kr, 무단전재 및 재배포 금지]",/news/news_read.nhn?article_id=0004579631&office_id=009&mode=search&query=삼성바이오로직스&page=1
▶ 헉! 소리나는 스!토리 뉴스 [헉스]▶ '아는 척'하고 싶은 당신을 위한 [두유노우],"[파이낸셜뉴스] 코스피가 5거래일 연속 상승해 장중 2000선을 넘어섰다. 장중 기준으로 코스피가 2000선을 넘어선 것은 지난 3월 6일(장중 고가 2062.57) 이후 두 달 반 만에 처음이다.
 21일 코스피지수는 전일대비 8.67포인트(0.44%) 오른 1998.31에 마감했다. 지수는 전장보다 13.56포인트(0.68%) 오른 2003.20로 개장해 강세 흐름을 나타냈으나, 장 후반 들어서면 상승폭이 다소 줄며 1990선에서 거래를 마쳤다.
 미국 등 선진국을 중심으로 경제 재개 기대감이 높아진 게 투자심리 회복에 기여했다.
 이날 유가증권시장에서 개인은 2908억원을 순매수 했다. 외국인도 743억원을 사들였다. 반면 기관은 3908억원을 순매도 했다.
 업종별로는 섬유의복, 음식료업, 전기전자, 유통업, 통신업, 보험을 제외한 대부분 종목이 상승했다. 시가총액 상위종목은 혼조세를 나타냈다. 삼성전자는 보합(0%) 마감했고, SK하이닉스, 삼성바이오로직스, 현대차는 약세를 나타냈다. 반면 네이버, LG화학, 삼성SDI, 카카오는 1~4%대 올랐다.
 코스닥지수는 전일대비 7.26포인트(1.02%) 오른 716.02에 마감했다. 코스닥시장에서 개인과 외국인은 각각 351억원, 275억원을 순매수 했다. 기관은 514억원을 순매도 했다.
 한편, 이날 서울외환시장에서 원·달러환율은 전거래일 대비 0.6원 오른 1230.9원에 거래를 마쳤다.



 ※ 저작권자 ⓒ 파이낸셜뉴스. 무단 전재-재배포 금지",/news/news_read.nhn?article_id=0004429031&office_id=014&mode=search&query=삼성바이오로직스&page=1
,"[서울=뉴시스] 류병화 기자 = 코스피가 개인과 외국인의 매수세에 힘입어 2000선을 앞두고 장을 마쳤다. 21일 코스피지수는 전 거래일(1989.64)보다 8.67포인트(0.44%) 오른 1998.31에 마감했다. 코스피는 이날 지난 3월6일 이후 두 달 반 만에 처음으로 2000선을 넘기며 개장했다. 지수는 13.56포인트(0.68%) 오른 2003.20에 출발해 장중 2000선을 두고 등락하다 상승폭을 일부 내주며 장을 마쳤다.유가증권시장에서 개인과 외국인은 각각 2908억원, 742억원을 순매수했다. 반면 기관은 홀로 3906억원을 팔아치웠다.업종별로는 대부분 올랐다. 의료정밀(2.43%), 증권(1.82%), 서비스업(1.5%), 기계(1.45%), 화학(1.42%), 철강금속(0.82%), 은행(0.82%), 의약품(0.74%) 등이 올랐다. 보험(-1.11%), 섬유의복(-0.53%), 건설업(-0.53%) 등은 하락했다.시가총액 상위 종목들은 엇갈렸다. 대장주 삼성전자는 전 거래일 대비 50원(0.10%) 내린 4만9950원에 거래를 마쳤다. SK하이닉스(-0.83%), LG생활건강(-0.28%), 현대차(-0.10%) 등이 하락했다.반면 삼성바이오로직스(1.50%), 네이버(1.35%), LG화학(4.14%), 삼성SDI(1.21%) 등은 올랐다. 삼성전자우와 셀트리온은 보합 마감했다.노동길 NH투자증권 연구원은 ""낙관론은 예상보다 더딘 경기 회복세를 확인하기 전까지 지속될 수 있어 회복 지표가 나올 오는 3분기를 앞두고 2분기에 기대감을 반영할 것""이라며 ""다만 중국의 양회를 전후로 미중 마찰이 본격화할 가능성이 있어 위험 요인으로 꼽힌다""고 분석했다.코스닥지수는 전 거래일(708.76)보다 7.26포인트(1.02%) 오른 716.02에 마감했다. 지수는 5.57포인트(0.79%) 오른 714.33에 개장해 장중 상승폭을 늘리며 마쳤다.코스닥시장에서 개인과 외국인은 각각 351억원, 275억원어치를 사들였다. 반면 기관은 홀로 514억원을 순매도했다.코스닥 시총 상위 10개 종목은 대부분 올랐다. 셀트리온헬스케어(0.55%), 에이치엘비(1.78%), 셀트리온제약(2.02%), 씨젠(0.75%), CJ ENM(1.40%), 알테오젠(1.39%), 케이엠더블유(4.76%) 등이 상승했다. 펄어비스(-0.52%), 스튜디오드래곤(-0.13%), 에코프로비엠(-0.91%) 등은 하락했다. hwahwa@newsis.com<ⓒ 공감언론 뉴시스통신사. 무단전재-재배포 금지>",/news/news_read.nhn?article_id=0009875007&office_id=003&mode=search&query=삼성바이오로직스&page=1
개인·외국인 코스피·코스닥서 순매수,"[서울경제] 코스피가 3월초 이후 처음으로 장중 2,000포인트를 넘어섰다. 21일 코스피는 전 거래일보다 8.67포인트(0.44%) 오른 1,998.31에 거래를 마쳤다. 비록 장 종료 시점에는 2,000포인트를 넘기지 못했으나 이날 코스피는 장중 2,004.95까지 오르며 3월6일 이후 처음으로 장중 2,000선을 넘었다. 코스피는 전 거래일 대비 13.56포인트(0.68%) 오른 2,003.20에 거래를 시작하며 장이 시작하자마자 2,000포인트를 넘어섰다. 거래주체별로는 개인이 2,900억원을, 외국인은 740억원을 순매수했다. 기관은 유가증권시장에서 3,900억원을 순매도했다.시가총액 상위 종목 중에서는 삼성전자(-0.10%), SK하이닉스(-0.83%), LG생활건강(-0.28%), 현대차(-0.10%) 등은 하락 마감했다. 반면 삼성바이오로직스(1.5%), NAVER(1.35%), 삼성SDI(1.21%) 등은 상승 마감했다. 특히 LG화학(4.14%), 카카오(2.59%) 등의 상승률이 가팔랐다.코스닥은 전장보다 7.26포인트(1.02%) 오른 716.02에 거래를 마쳤다. 거래주체별로는 개인과 외국인이 각각 351억원, 275억원 순매수를 나타냈으며 기관은 513억원 순매도했다. 시가총액 상위 종목 중에서는 셀트리온제약(0.55%), 에이치엘비(1.78%), 셀트리온제약(2.02%), 씨젠(0.75%), CJ ENM(1.40%), 알테오젠(1.39%), 케이엠더블유(4.76%) 등이 상승 마감했으며 펄어비스(-0.52%), 스튜디오드래곤(-0.13%), 에코프로비엠(-0.91%)은 하락 마감했다./심우일기자 vita@sedaily.com저작권자 ⓒ 서울경제, 무단 전재 및 재배포 금지",/news/news_read.nhn?article_id=0003740979&office_id=011&mode=search&query=삼성바이오로직스&page=1
외인·개인 ‘사자’…의료정밀·증권↑시가총액 상위株 보합세 마감,"[이데일리 박태진 기자] 코스피 지수가 상승 마감하며 2000선을 턱밑까지 올라왔다. 신종 코로나 바이러스 감염증(코로나19) 여파에서 벗어나 경제 정상화가 이뤄질 것이라는 기대감이 반영된 것으로 풀이된다. 또 중국 양회에서 경기 부양책이 나올 것이란 기대감도 국내 증시에는 호재로 작용했다는 판단이다. 개인의 순매수에 외국인도 오후 들어 힘을 보태면서 상승장을 이끌었다. 시가총액 상위 종목들도 보합세로 마감했다.자료=마켓포인트21일 마켓포인트에 따르면 코스피 지수는 전 거래일보다 8.67포인트(0.44%) 오른 1998.31로 마감했다. 지수는 장 초반 2000선을 넘어가며 2개월 반 만에 2000선 회복을 노렸지만 이후 1990선에서 움직이다 마감했다.
박석현 KTB투자증권 매크로팀장은 “경제가 조기 정상화된다는 기대감이 적극적으로 지수에 반영되고 있다”면서도 “다만 주가가 선 반영된다고는 하지만 너무 빠른 게 아닌가 하는 부담감이 있는 것도 사실”이라고 말했다. 이어 “국내증시가 올라가는 것은 내일 열리는 양회에서 정책이 발표될 것이라는 기대감도 반영되고 있기 때문”이라며 “하지만 오히려 양회에서 이목을 끌만한 대책이 나오지 않는다면 차익실현의 빌미가 될 수 있다”고 덧붙였다.수급주체별로 보면 외국인과 개인이 각각 742억원, 2909억원 순매수했다. 외국인은 3거래일 연속 사들였다. 기관은 3906억원 순매도했다. 프로그램 매매는 차익과 비차익을 합쳐 100억원 매도 우위를 기록 중이다.업종별로는 의료정밀이 2%대 상승하며 전날에 이어 가장 많이 올랐다. 또 증권, 서비스업, 기계, 화학, 은행, 철강및금속, 의약품 등도 상승했다. 보험, 섬유·의복, 건설업, 통신업, 종이·목재 등은 하락했다.시가총액 상위종목들은 상승세를 보였다. 삼성바이오로직스(207940)와 네이버(035420), LG화학(051910), 삼성SDI(006400) 등은 상승했다. 반면 삼성전자(005930)와 SK하이닉스(000660), LG생활건강(051900) 등은 하락했고, 삼성전자우(005935), 셀트리온(068270)은 변동이 없었다.개별종목별로는 대양금속(009190), 코오롱머티리얼(144620), 한국프랜지(010100) 등은 상승폭이 컸다. 반면 신한(005450) 인버스 2X WTI 원유 선물 ETN(H), 삼성 인버스 2X WTI 원유 선물 ETN, QV 인버스 레버리지 WTI 원유 선물 ETN(H) 등은 하락폭이 컸다. 이날 거래량은 5억8893만6000주, 거래대금은 8조5244억5000만원으로 집계됐다. 상한가 없이 총 463개 종목이 상승했고, 하한가 없이 총 363개 종목이 하락했다. 76개 종목은 보합권에서 거래를 마쳤다.박태진 (tjpark@edaily.co.kr)＜ⓒ종합 경제정보 미디어 이데일리 - 무단전재 & 재배포 금지＞",/news/news_read.nhn?article_id=0004646045&office_id=018&mode=search&query=삼성바이오로직스&page=1
코스피 강보합세…0.44% 오른 1998.31 마감,"[더팩트ㅣ박경현 기자] 21일 코스피는 전일 뉴욕증시 반등 마감에 급등 출발했다. 이날 개인 매수세가 높아지며 오전 중 2000선을 돌파했다. 코스닥은 개인과 외국인 동반 매수에 1%대 상승하며 마감했다.이날 코스피는 전장 대비 8.67포인트(+0.44%) 오른 1998.31에 장을 마쳤다. 개인이 매수포지션으로 전향한 가운데 개인과 외국인이 각각 2904억 원, 770억 원을 사들였다. 반면 기관은 홀로 3902억 원을 팔았다.시가총액 상위종목 등락은 엇갈렸다. 삼성전자(-0.10%), SK하이닉스(-0.83%), LG생활건강(-0.28%), 현대차(-0.10%)는 내렸고 삼성바이오로직스(+1.50%), 네이버(+1.35%), LG화학(+4.14%), 삼성SDI(+1.21%)는 올랐다. 삼성전자우와 셀트리온은 보합세로 마쳤다.업종은 전날에 이어 이날도 독립전력생산 및 에너지거래(+12.54%)의 상승폭이 컸다. 또 건강관리업체 및 서비스(+10.79%), 통신장비(+4.72%)가 올랐다. 반면 건강관리기술, 다각화된 통신서비스, 식품과 기본 식료품소매, 손해보험이 1~2% 내렸다.코스닥은 전장대비 7.26포인트(+1.02%) 오른 716.02에 장을 마쳤다. 전날 700선을 돌파한 코스닥은 이날 상승세에 710선에서 장을 마쳤다.코스닥에서도 개인과 기관 포지션이 교체됐다. 개인은 매수로, 기관은 매도로 돌아선 가운데 개인과 외국인은 각각 351억 원, 291억 원을 순매수했다. 반면 기관 홀로 514억 원을 팔아치웠다.이날 코스닥 시가총액 상위종목 주가는 대부분 올랐다. 셀트리온헬스케어(+0.55%), 에이치엘비(+1.78%), 셀트리온제약(+2.02%), 씨젠(+0.75%), CJ ENM(+1.40%), 알테오젠(+1.39%), 케이엠더블유(+4.76%)가 올랐다. 반면 스튜디오드래곤(-0.13%), 에코프로비엠(-0.91%)은 내림세로 장을 마쳤다.pkh@tf.co.kr저작권자 ⓒ 특종에 강한 더팩트 & tf.co.kr 무단 전재 및 재배포 금지",/news/news_read.nhn?article_id=0000026650&office_id=629&mode=search&query=삼성바이오로직스&page=1
,"[아시아경제 금보령 기자] 21일 코스피 지수가 2000선을 눈앞에 두고 마감했다.이날 코스피는 전장과 비교해 8.67포인트(0.44%) 상승한 1998.31로 장을 마쳤다.코스피는 전거래일 대비 13.56포인트(0.68%) 오른 2003.20으로 개장하면서 약 두 달 반 만에 2000선을 돌파했다. 이후 1990선 후반과 2000선 초반에서 움직이던 코스피는 2000선 회복에는 성공하지 못했다.유가증권시장에서 개인과 외국인은 각각 2907억원, 742억원어치를 순매수했다. 반면 기관은 3906억원을 순매도했다.업종별로 기계(1.45%), 의료정밀(2.43%), 화학(1.42%) 등은 상승했고, 통신업(0.37%), 섬유·의복(0.53%) 등은 하락했다.시가총액 10위 중 삼성전자(0.1%), SK하이닉스(0.83%),LG생활건강(0.28%) 등은 내렸다. 이와 달리 삼성바이오로직스(1.5%), LG화학(4.14%) 등이 올랐다.코스닥 지수는 전장보다 7.26포인트(1.02%) 오른 716.02를 기록했다.코스닥은 이날 전거래일보다 5.57(0.79%) 상승한 714.33으로 장을 연 뒤 강세를 유지했다.코스닥시장에서는 개인과 외국인이 각각 351억원, 274억원을 순매수했고, 기관이 513억원을 순매도했다.업종을 보면 통신서비스(5.5%), 통신장비(3.68%), 제약(0.51%) 등이 상승했고, 종이·목재(1.09%), 오락·문화(0.41%) 등이 하락했다.시총 상위 기업 가운데 셀트리온헬스케어(0.55%), 에이치엘비(1.78%), 셀트리온제약(2.02%), 케이엠더블유(4.76%) 등은 올랐고, 펄어비스(0.52%),스튜디오드래곤(0.13%), 에코프로비엠(0.91%) 등은 내렸다.금보령 기자 gold@asiae.co.kr <ⓒ경제를 보는 눈, 세계를 보는 창 아시아경제 무단전재 배포금지>",/news/news_read.nhn?article_id=0004683070&office_id=277&mode=search&query=삼성바이오로직스&page=1
외국인 3일연속 순매수…코스닥 1% 넘게 올라,"[아이뉴스24 류은혁 기자] 코스피가 5거래일 연속 반등하면서 2000선을 눈앞에 뒀다. 미국의 경제재개 기대감이 호재로 작용하면서 장중 2000선을 탈환하기도 했으나 기관의 매도물량이 많아지면서 상승폭이 다소 줄었다.21일 코스피지수는 전 거래일 대비 8.67포인트(0.44%) 오른 1998.31에 마감했다. 장중 2004.95까지 올라 지난 3월 6일 이후 두달 반만에 2000선을 회복하기도 했다. 개인과 외국인이 각각 2천908억원, 770억원 순매수한 반면 기관이 3천906억원 순매도했다.미국에서 마지막까지 봉쇄령을 풀지 않았던 코네티컷주가 20일(현지시간)부터 경제활동을 재개하기로 하면서 미국의 50개 주가 모두 부분 재가동에 들어갔다는 소식이 국내 증시에 호재로 작용했다.시가총액 상위 10종목은 혼조세를 보였다. 삼성전자(-0.10%), SK하이닉스(-0.83%), LG생활건강(-0.28%)이 하락세를 보인 반면 삼성바이오로직스 1.50%, NAVER 1.35%, LG화학 4.14%의 상승률을 보였다.업종별로는 대부분 올랐다. 건강관리기술(-2.54%), 다각화된통신서비스(-1.80%)를 제외하고 독립전력생산 및 에너지거래(12.54%), 건강관리업체 및 서비스(10.79%), 통신장비(4.72%)의 업종이 상승했다. 이날 상한가·하한가 종목은 없었다.코스닥지수는 전 거래일 대비 7.26포인트(1.02%) 상승한 716.02에 장을 끝냈다. 개인과 외국인이 각각 351억원, 292억원 순매수한 반면 기관이 514억원 순매도했다.시가총액 상위 10종목 중에서는 씨젠(-0.52%), 스튜디오드래곤(-0.13%), 에코프로비엠(-0.91%)을 제외하고 모두 올랐다. 셀트리온헬스케어 0.55%, 에이치엘비 1.78%, 셀트리온제약 2.02%의 오름세를 보였다.이날 상한가 종목은 동국S&C, 비디아이 등 4종목이었고 하한가 종목은 없었다.한편 이날 서울외환시장에서 원/달러 환율은 전 거래일 대비 6.0원 오른 1230.9원에 마감됐다. ehryu@inews24.com [ⓒ 아이뉴스24 무단전재 및 재배포 금지]",/news/news_read.nhn?article_id=0000539454&office_id=031&mode=search&query=삼성바이오로직스&page=1
"개인·외국인 동반 '매수세'에 상승코스닥, 11개월 만에 '700선' 안착","신종 코로나바이러스 감염증(코로나19) 사태로 급락했던 국내 증시가 빠른 회복세를 보이고 있다. 코스피지수는 두 달 반 만에 장중 2000선을 회복했고 코스닥지수는 11개월여 만에 700선에 안착했다. 코로나19 확산이 잦아들면서 경제 회복에 대한 기대감이 높아졌기 때문이다.21일 코스피지수는 전거래일보다 8.82포인트(0.44%) 오른 1998.46에 거래를 마쳤다. 장중에는 2000선 위로 올랐다. 코스피가 장중 2000선을 회복한 것은 지난 3월6일 2062.57 이후 2개월여 만이다. 코스피는 5거래일 연속 상승세를 기록했다.이날 코스피는 13.56포인트(0.68%) 상승한 2003.20으로 출발했다. 한때 2004.95까지 고점을 높였지만 마감 직전 차익실현을 위한 매물이 쏟아지면서 2000선을 넘지 못 했다.미국이 50개주에서 봉쇄 조치를 완화한다는 소식이 투자심리를 자극했다. 경제활동 재개에 대한 기대감이 간밤 뉴욕증시를 끌어올리면서 그 영향이 국내 증시에도 미쳤다.
코로나19 백신에 대한 기대감도 힘을 보탰다. 미국 제약업체 이노비오는 전날 개발 중인 코로나19 백신이 동물 실험에서 항체를 형성했다고 발표했다. 이원 부국증권 연구원은 ""간밤 미국 경제 회복 기대감에 뉴욕증시가 급등하면서 국내 증시도 동반 상승했다""면서도 ""미국 중앙은행(Fed)이 여전히 2차 발병을 우려하는 등 부정적인 입장을 유지하는 만큼 상승세는 오래가지 않을 것""이라 말했다.이날 월스트리트저널은 Fed가 4월 연방공개시장위원회(FOMC)에서 ""코로나19의 2차 발병에 따른 기업의 연쇄파산을 대비해야 한다""고 경고했다고 보도했다.개인과 외국인이 동반 순매수에 나서면서 지수 상승을 이끌었다. 개인과 외국인은 각각 2908억원, 742억원을 순매수했다. 기관은 3906억원 매도 우위였다. 시가총액 상위주는 혼조세를 보였다. 삼성전자(0.10%) SK하이닉스(0.83%) LG생활건강(0.28%) 현대차(0.10%) 하락했다. 삼성바이오로직스(1.50%) 네이버(1.35%) LG화학(4.14%) 카카오(2.59%) 엔씨소프트(5.60%) 상승했다.코스닥지수도 상승했다. 지수는 전거래일보다 7.26포인트(1.01%) 상승한 716.02에 거래를 마쳤다. 종가 기준 지난해 6월27일 이후 11개월 만에 최고 수치다. 개인과 외국인이 각각 351억원, 275억원 순매수했다. 기관은 513억원 매도 우위였다.원·달러 환율은 소폭 상승(원화 약세)했다. 서울외환시장에서 원·달러 환율은 전 거래일 대비 0.6원 오른 1230.9원에 거래를 마쳤다.윤진우 한경닷컴 기자 jiinwoo@hankyung.com▶ ▶
 ▶
ⓒ 한국경제 & , 무단전재 및 재배포 금지",/news/news_read.nhn?article_id=0004345177&office_id=015&mode=search&query=삼성바이오로직스&page=1
,"손희연 기자 son90@mt.co.kr
<저작권자 ⓒ '성공을 꿈꾸는 사람들의 경제 뉴스' 머니S, 무단전재 및 재배포 금지>",/news/news_read.nhn?article_id=0000545421&office_id=417&mode=search&query=삼성바이오로직스&page=1
▶ 네이버 홈에서 [한국경제TV] 채널 구독하기 [생방송보기]▶ 대한민국 재테크 총집결! - [증권 / 주식상담 / 부동산],"[한국경제TV 정희형 기자]미국 50개 모든 주가 코로나19에 따른 봉쇄조치 완화에 돌입하면서 경제활동 재개 기대감에 힘입어 코스피가 2천선을 탈환했다.21일 코스피는 전 거래일 대비 8.67포인트(0.44%) 오른 1998.31에 거래를 마감했다.지수는 5거래이 연속 상승 마감했으며 장중 한때 2천선을 돌파하기도 했다.수급 주체별로는 개인과 외국인이 순매수한 반면 기관은 순매도했다.이날 개인과 외국인은 각각 2,904억원, 770억원 순매수했고 기관은 3,418억원 순매도 했다.외국인은 최근 3거래일 연속 순매수세를 보였고 개인은 2거래일 만에 순매수 전환했다.시가총액 상위 10종목 가운데 4종목이 상승 마감했다.삼성바이오로직스(+1.50%), 네이버(+1.35%), LG화학(+4.14%), 삼성SDI(+1.21%) 등이 상승마감했다.하락 마감한 종목은 삼성전자(-0.10%), SK하이닉스(-0.83%), LG생활건강(-2.08%), 현대차(-0.10%) 등이다.셀트리온, 삼성전자우는 보합 마감했다.전일 700선을 돌파했던 코스닥 시장은 이날도 1%대 상승세를 이어갔다.코스닥지수는 전 거래일 대비 7.26포인트(1.02%) 오른 716.02에 거래를 마쳤다.투자주체별로는 개인과 외국인이 각각 350억원, 291억원 순매수 했고 기관은 262억원 순매도 했다.코스닥 시가총액 상위 10종목 가운데 7종목이 상승 마감했다.셀트리온헬스케어(+0.55%), 에이치엘비(+1.78%), 셀트리온제약(+2.02%), 씨젠(+0.75%), CJ ENM(+1.40%), 알테오젠(+1.39%), 케이엠더블유(+4.76%) 등이 상승마감했다.하락 마감한 종목은 펄어비스(-0.52%), 스튜디오드래곤(-0.13%), 에코프로비엠(-0.91%) 등이다.한편 서울외환시장에서 원/달러 환율은 전 거래일보다 달러당 0.6원 오른 1,230.9원에 거래를 마쳤다.정희형기자 hhjeong@wowtv.co.krⓒ 한국경제TV, 무단 전재 및 재배포 금지",/news/news_read.nhn?article_id=0000872571&office_id=215&mode=search&query=삼성바이오로직스&page=1
삼성전자 936억 원 매수·카카오 268억 원 매도,"[더팩트ㅣ박경현 기자] 21일 코스피는 개인이 매수포지션으로, 기관은 매도로 전향했다. 개인과 외국인은 각각 2904억 원, 770억 원을 사들인 반면 기관은 홀로 3902억 원을 팔았다. 코스닥에서도 개인과 기관 포지션이 교체됐다. 개인은 매수로, 기관은 매도로 돌아선 가운데 상승 마감했다.이날 외국인 투자자의 코스피시장 최대 매수는 삼성전자로 향했다. 외인은 삼성전자 936억 원, LG화학 744억 원, 엔씨소프트 356억 원, 셀트리온 168억 원, 삼성바이오로직스 158억 원 순으로 매수했다.반면 카카오에 268억 원, 신한지주에 260억 원, 네이버(NAVER)에 243억 원, 기아차에 215억 원, SK에 207억 원을 팔았다.코스닥 시장에서는 셀트리온헬스케어(157억 원), 씨젠(119억 원), 셀트리온제약(90억 원)은 담고, 에코프로비엠(63억 원), 파라다이스(59억 원), 원익IPS(46억 원)는 뺐다.기관투자자는 LG화학에 493억 원을 사들였다. 이어 NH투자증권에 123억 원, 한국금융지주에 82억 원, 대한항공에 79억 원을 순매수했다.반면 삼성전자 1175억 원, SK 234억 원, 대덕전자 225억 원, 카카오 208억 원, SK하이닉스 195억 원을 팔았다.이날 시가총액 상위종목 등락은 엇갈렸다. 삼성전자(-0.10%), SK하이닉스(-0.83%), LG생활건강(-0.28%), 현대차(-0.10%)는 내린 반면 삼성바이오로직스(+1.50%), 네이버(+1.35%), LG화학(+4.14%), 삼성SDI(+1.21%)는 올랐다. 삼성전자우와 셀트리온은 보합세로 장을 마쳤다.pkh@tf.co.kr저작권자 ⓒ 특종에 강한 더팩트 & tf.co.kr 무단 전재 및 재배포 금지",/news/news_read.nhn?article_id=0000026666&office_id=629&mode=search&query=삼성바이오로직스&page=1
◇ 경제 재개 기대감에 유동성·정책공조 더해져,"[이데일리 김재은 기자] 신종 코로나 바이러스 감염증(코로나19) 확산으로 한때 1400선대까지 밀렸던 코스피지수가 2000선을 얼추 회복하면서 두달 반 만에 최고를 기록했다. 코스닥지수가 하루 앞서 700선에 올라선데 이어 코스피까지 마디지수를 터치하면서 국내 증시가 코로나19 타격을 거의 털어버렸다는 분석이 나온다. 미국의 경제 재개와 모더나 등 백신개발 기대감, 각국의 적극적인 경기부양책 등이 증시 하방을 막은 가운데 동학개미들의 공격적인 매수세가 더해지면서 빠른 속도로 반등한 것이다. 하지만 시장전문가들은 코스피 지수가 예상보다 빠르게 회복한 만큼 추가 상승여력은 제한적이라고 입을 모은다. 이때문에 추격매수보다는 코로나19이후 펀더멘털이 개선되는 주도주, 성장주에 대한 투자가 바람직하다는 조언이다. 21일 코스피가 6거래일 연속 상승해 2000선에 바짝 다가섰다. 이날 코스피는 전 거래일보다 8.67포인트(0.44%) 오른 1998.31로 마감했다. 사진은 21일 서울 중구 하나은행 본점 딜링룸.[사진=연합뉴스]21일 마켓포인트에 따르면 코스피 지수는 장중 한 때 2004.95까지 올라 지난 3월6일 이후 처음으로 2000선을 넘어섰다. 장 후반 기관의 매도 확대로 상승폭을 다소 줄여 전일대비 0.44%(8.67포인트) 오른 1998.31로 거래를 마쳤지만, 코로나19가 팬데믹으로 번지기 전 수준을 회복했다. 이날 코스닥지수는 1.02%(7.26포인트) 오른 716.02로 지난해 6월25일 이후 처음 710선을 넘어섰다.코로나19 팬데믹에 코스피지수는 지난 3월19일 장중 1439.43까지 떨어지기도 했다. 저점을 기준으로 보면 두달여만에 40% 가까이 상승한 것이다. 교보증권에 따르면 지난 10년간 코스피지수가 2000선을 이탈한 후 다시 회복하기까지 평균 120일이 걸렸지만, 이번에는 50일 가량으로 2배 이상 빨랐다. 이처럼 단기간 회복이 가능했던 것은 저금리 기조하에 풀려난 풍부한 유동성에 각국의 통화·재정정책 등 경기부양책이 더해진 영향이다. 동학개미의 가세도 한몫 했다. 국내에서 첫 코로나19 환자가 발생한 지난 1월20일 이후 개인투자자는 코스피 시장에서 25조5500억원어치의 주식을 사들였다. 같은 기간 외국인이 24조3800억원 규모를 순매도할때 증시 떠받치기에 나선 것이다. 이 가운데 최근 외국인이 사흘 연속 순매수를 이어가면서 한국 주식을 담기 시작하자 코스피지수도 상승탄력을 받은 것으로 보인다. 문제는 이같은 상승세가 이어질 것이냐다. 증시가 과거에 비해 빠르게 회복된데다 2분기 실적 쇼크는 불가피한 만큼 추가 상승여력은 제한적이라는 분석이 높다.김지산 키움증권 센터장은 “경제 재개 기대감에 3분기 초반까지는 경기바닥론이 제기되며 2100선까지 반등할 수 있다”면서도 “지수 상승 속도가 빠르고, 경기 우려가 상존하는 만큼 크게 반등하긴 어렵다”고 진단했다. [표=이데일리 문승용 기자]현재 12개월 선행 주가수익비율(PER)은 미국의 경우 22.1배, 한국은 11.4배 수준으로 올라온 상태다. 김 센터장은 “글로벌 시장에 전례없는 유동성이 풀린 상태이기 때문에 현재는 그 유동성으로 시장이 펀더멘털 불안을 이겨내고 있는 상황”이라며 “2분기 경제 자체는 굉장히 안 좋은 흐름으로 가고 있어 4분기엔 지수가 조정을 보이는 데에 무게를 두고 있다”고 말했다.조용준 하나금융투자 센터장 역시 “2분기 기업들이 최악의 구간을 지나 바닥을 지났다는 기대감이 증시를 끌어올리고 있다”며 “코로나19에 언택트 종목들이 상승하면서 신성장 산업에 대한 기대감이 커지고 있지만 단기 급등에 따른 조정 가능성, 코로나19의 2차 팬데믹, 미·중 무역분쟁 격화 등은 리스크 요인”이라고 설명했다. 전문가들은 추격 매수에는 신중하되 종목별로 대응할 것을 권했다. 개별 종목장세가 이어질 가능성이 높은 만큼 종목 선정이 중요하다는 것이다. 윤지호 이베스트투자증권 센터장은 “장중 2000선을 돌파에 이제 곧 하락할 것이라고 생각하는데 하락 리스크는 3분기 실적이 나오는 9~10월에 생각해도 늦지 않다”며 “지금은 숲보다 나무를 볼 때”라고 밝혔다. 윤 센터장은 “연간 주당순이익(EPS) 증가율을 보면 헬스케어, 커뮤니케이션, IT가 굳건하다”며 “3개 섹터가 이끌어 가는 장이라면 코스피 2000선 돌파도 겁나지 않는다”고 강조했다. 신한금융투자는 시총 상위 10개 종목이 성장주로 구성된 것은 1999년이후 처음으로 이들이 포스트 코로나 시대 주도주가 될 것이라고 예상했다. 최유준 신한금융투자 연구원은 “20일 기준 국내 시총 톱 10 종목중 LG생활건강을 제외하면 IT(반도체+플랫폼), 바이오, 전기차 등 미래 성장산업이 포진해 있다”며 “언택트를 필두로 한 비즈니스 디지털화는 세계 산업 지형을 바꿀 것이며, 올해 승기를 잡은 종목이 향후 주도주가 될 것”이라고 분석했다. 20일 종가기준 시총 상위 10위 종목은



LG생활건강
다. 그는 “주가는 패러다임 변화를 반영하는데 변화의 바탕엔 4차 산업혁명이 있고 코로나19는 변화를 가속화하고 있다”며 “새로운 종목이 톱 10에 들면 대체로 2년 이상 지위를 유지한다”고 덧붙였다. 김재은 (aladin@edaily.co.kr)＜ⓒ종합 경제정보 미디어 이데일리 - 무단전재 & 재배포 금지＞",/news/news_read.nhn?article_id=0004646133&office_id=018&mode=search&query=삼성바이오로직스&page=1
"카카오, 시가총액 10위 올라...장중 한때 현대차 제쳐""코로나19 기점, 성장산업 성장가속 공감대""비대면·핀테크·원격·물류·컨텐츠 등 유망","[이데일리 오희나 기자] 코스피 지수가 장중 한때 2000선을 돌파하고 카카오가 유가증권 시가총액 10위(삼성전자우 제외)에 오르면서 이목이 집중되고 있다. 코로나19를 기점으로 산업 패러다임이 바뀌면서 신성장산업 기대감이 주가를 끌어올리고 있다. 21일 마켓포인트에 따르면 카카오(035720)는 전거래일대비 6000원(2.59%) 오른 23만7500원에 거래를 마쳤다. 장중 24만원까지 오르면서 현대차를 제치고 시가총액 9위권에 오르기도 했다. 코로나19 확산으로 수혜가 전망되면서 카카오, NAVER, 삼성바이오로직스, 엔씨소프트 등은 연일 신고가를 경신하면서 주가를 새로 쓰기도 했다.
코로나19 팬데믹으로 시가총액 상위 종목의 지형이 반도체, 플랫폼, 바이오, 전기차 등 미래 성장산업으로 바뀌고 있다는 소리다. 시가총액 상위 10개 종목은
국내 경제를 대표하는 기업들로 증시 전체 시총의 30~50%를 차지하고 있다. 특히 산업 패러다임 변화에 따라 순위가 꾸준히 바뀌면서 한국 경제을 이끌어가는 기업들을 한눈에 볼수 있는 척도다. 과거 1990년대는 자본시장 개방과 맞물려 국내 증시는 한국전력, 포항제철, 한일은행, 삼성전자 등 공기업, 은행, 전자 등 포진했다. IMF 사태를 겪은 이후에는 IT가 주력 산업이 됐다. 삼성전자, SK텔레콤, 한국통신 등이 상위에 올랐다. 2000년대는 중국의 고성장으로 소재, 산업재가 그 자리를 대신했다. 일명 ‘차·화·정’이 대세로 자리했다. 글로벌 금융위기 이후 저성장지속, 고령 인구 증가, 4차 산업혁명 등으로 산업 지형의 변화 주기가 짧아졌다. 최근에는 코로나 19여파에 반도체 업황이 호조세를 보이면서 삼성전자(005930)와 SK하이닉스(000660)가 투톱으로 자리하고 NAVER(035420), 삼성바이오로직스(207940), 셀트리온, LG화학 등 IT·바이오·2차 전지 업종 등이 성장가도를 달렸다. 증권업계에 따르면 시총 상위 종목이 성장 산업으로 한데 묶인 것은 1999년 이후 처음이다. 코로나19를 계기로 언택트 관련 산업에 대한 기대감이 높아지면서 국내 산업 패러다임이 바뀌고 있다.
 시장에서는 코로나19 이후 글로벌 디지털화가 가속되면서 신성장산업이 급성장할 것으로 보고 있다. 오현석 삼성증권 리서치센터장은 “코로나19가 라이프스타일 변화를 가속화했다”면서 “코로나19라는 변수때문에 디지털 비대면, 핀테크, 원격, 재택, 물류, 컨텐츠 등 미래 성장산업이 더 빨리 성장할수 있다는 공감대를 형성하면서 주가가 이를 반영했다”고 말했다. 기존에도 네이버, 카카오 등 플랫폼 기업들의 성장전망은 밝았고 넷플릭스 등 콘텐츠 기업들의 성장속도도 빨랐지만 코로나19로 인해 가속화됐다는 설명이다. 오 센터장은 “미국, 한국 등 각국 증시들이 낙폭을 70% 이상 회복했다. 경제 지표가 최악인데 코스피가 2000선을 회복한 이유를 설명할수 있는 것은 정부 정책과 유동성뿐이다”며 “한번도 경험해보지 못한 충격으로 주요국 정부가 해보지 않았던 정책들을 쏟아냈고 이에 대한 기대감, 미래성장산업의 무게 중심이 더욱 가속화될 수 있다는 기대감이 시총 상위종목에 그대로 반영되면서 지수 상승에 크게 기여했다”고 강조했다.
 최유준 신한금융투자 연구원은 “과거와 다른 시각으로 증시를 바라볼 필요가 있다”면 “밸류체인 충격과 코로나19 책임론이 탈세계화를 가속시킬 것이다. 언택트를 필두로 한 비즈니스의 디지털화는 세계 산업 지형을 바꿀 것”이라고 강조했다. 이어 “한국과 미국 증시는 실물 충격 우려에도 12개월 선행 주가수익비율(PER)이 각각 11.4배, 22.1배 수준”이라며 “시세를 이끈 주역은 IT, 헬스케어, 통신 서비스 등 성장주로 주가는 패러다임 변화를 반영하고 있다”고 말했다.오희나 (hnoh@edaily.co.kr)＜ⓒ종합 경제정보 미디어 이데일리 - 무단전재 & 재배포 금지＞",/news/news_read.nhn?article_id=0004646160&office_id=018&mode=search&query=삼성바이오로직스&page=1
"카카오, 이달 첫 시총 10위 진입현대차는 작년 말 5위 → 9위로장중 한때 카카오에 추월당해코로나19 이후 주도 산업수출제조업서 IT·바이오로 이동삼바·네이버·셀트리온 시총 급증","카카오의 시가총액이 빠르게 불어나는 모습이다. 4차 산업혁명에 코로나19 사태가 겹쳐 언택트(비대면)를 중심으로 산업 패러다임의 변화가 가속화하면서 미래 성장산업 위주로 시총 상위권의 지형도가 급변하고 있다는 분석이다.
 21일 한국거래소에 따르면 이날 카카오의 시총은 20조6350억원으로 코스피시장에서 10위를 기록했다. 장중에는 현대차를 제치고 9위로 올라서기도 했다. 현재 현대차와 카카오의 시총 차이는 1330억원에 불과하다.
 대표적인 언택트 관련주로 꼽히는 카카오는 코로나19 사태 이후 연일 신고가를 경신하고 있다. 지난해 말 13조3650억원에서 시총이 빠르게 불어나 이달 13일 처음으로 10위권에 진입했다.
 지난해 말 25조7470억원으로 5위를 기록했던 현대차는 이날 20조7680억원으로 시총이 줄었다. 지난 2010~2017년까지 줄곧 시총 2~3위를 기록했던 현대차는 지난 2018년 말 순위가 5위로 밀린 뒤 올해 들어 낙폭이 커지고 있다. 지난해 말 6위를 기록했던 현대모비스(24조3990억원) 역시 시총이 17조7280억원 수준으로 줄어 12위까지 내려왔다. 13위인 엔씨소프트와의 격차도 작다.
 코로나19 사태 이후 산업의 패러다임이 수출제조업 중심에서 성장산업 위주로 급속도로 변화한 영향으로 분석된다. 이날 기준 코스피 시총 상위종목은 반도체·플랫폼을 포함하는 IT(삼성전자·SK하이닉스·NAVER·카카오), 바이오(삼성바이오로직스·셀트리온), 전기차(LG화학·삼성SDI) 등 미래 성장산업으로 구성됐다.
 플랫폼, 바이오, 전기차 관련 종목은 코로나19로 인한 증시 변동성 확대에도 지난해 말 대비 모두 시총이 불어났다. 특히 삼성바이오로직스는 지난해 말 28조6490억원에서 40조3600억원으로, 네이버는 30조7380억원에서 37조410억원으로 각각 증가했다. 같은 기간 코스피시장에서 시총 비중도 삼성바이오로직스가 1.7%에서 2.9%, 네이버는 1.8%에서 2.6%로 각각 높아졌다.
 셀트리온과 LG화학과의 시총 역시 23조2290억원에서 29조5680억원, 22조4130억원에서 26조6840억원으로 각각 확대됐다.
 코로나19로 인한 산업 패러다임 변화를 증시가 반영 중인 가운데 이들 종목이 향후 코스피 주도주로 자리매김할 것으로 예상된다. 최유준 신한금융투자 연구원은 ""현재 코스피 시총 10위 종목에는 미래 성장산업이 포진해있다. 과거와 다른 접근 방식으로 증시를 바라볼 필요가 있다""며 ""새로운 종목이 시총 10위에 진입하면 대체로 2년 이상 지위를 유지한다. 올해 승기를 잡은 종목이 '포스트 코로나' 시대의 주도주가 될 가능성이 높다""고 말했다.

※ 저작권자 ⓒ 파이낸셜뉴스. 무단 전재-재배포 금지",/news/news_read.nhn?article_id=0004429175&office_id=014&mode=search&query=삼성바이오로직스&page=1
,"외국인 투자자는 21일 거래소에서 삼성전자, LG화학, 엔씨소프트 등을 중점적으로 사들인 것으로 나타났다.외국인 투자자의 순매수 상위 20개 종목은 삼성전자, LG화학, 엔씨소프트, 셀트리온, 삼성바이오로직스, KODEX 레버리지, SK하이닉스, LG생활건강, 농심, 아모레퍼시픽등이다.이중에 전기,전자 업종에 속한 종목이 3개 포함되어 있다.LG화학, 엔씨소프트, 삼성바이오로직스 등은 전일 대비 주가가 상승했고, 삼성전자, SK하이닉스, LG생활건강 등은 주가가 하락했다.한경로보뉴스이 기사는 한국경제신문과 금융 AI 전문기업 씽크풀이 공동 개발한 기사 자동생성 알고리즘에 의해 실시간으로 작성된 것입니다.▶ ▶
 ▶
ⓒ 한국경제 & , 무단전재 및 재배포 금지",/news/news_read.nhn?article_id=0004345341&office_id=015&mode=search&query=삼성바이오로직스&page=1
,"코스피가 장중 2000선을 넘었다. 신종 코로나바이러스 감염증(코로나19) 팬데믹(전 세계 대유행)으로 폭락했던 증시가 2000선을 회복한 것은 두 달 반 만이다. 코로나19 불확실성이 여전하지만 경제 재개 기대감이 높아지면서 지난 뉴욕 증시에 이어 국내 증시도 투자심리가 회복되고 있는 모습이다.
21일 한국거래소에 따르면 이날 코스피는 전 거래일보다 8.67포인트(0.44%) 오른 1998.31에 거래를 마쳤다. 이날 코스피는 전 거래일보다 10.96포인트 오른 2000.60에 거래를 시작해 장중 2000선을 회복했다. 이후 2000선 전후를 반복하다가 장 마감 직전 소폭 후퇴했다.
코스피가 2000선을 회복한 것은 지난 3월 6일(종가 기준 2040.22) 이후 두 달 반 만이다.

간밤 뉴욕 증시에서는 다우산업 평균지수가 전 거래일보다 369.04포인트(1.52%) 상승한 2만4575.90에 장을 마감했다. S&P 500지수는 전 거래일보다 48.67포인트(1.67%) 오른 2971.61에, 기술주 중심의 나스닥은 190.67포인트(2.08%) 상승한 9375.78에 거래를 마쳤다.
서상영 키움증권 연구원은 “미국 기술주들이 온라인 관련 산업에 적극적으로 대응을 나서는 등 코로나19 이후를 준비하는 경향을 보여 반도체 업종을 비롯한 관련 기업이 상승을 주도한 게 한국 증시에 긍정적으로 작용하고 있다”고 분석했다.
이날 현재 유가증권시장에서는 개인과 외국인 투자자가 각각 2904억원, 770억원 순매수했다. 이날까지 외국인 투자는 3거래일 연속 순매수세를 이어갔다. 기관은 3902억원어치 주식을 팔아치웠다.
시가총액 상위 종목 가운데는 삼성전자(-0.10%), SK하이닉스(-0.86%)가 내렸고, 네이버(1.35%), LG화학(4.14%), 삼성SDI(1.21%), 삼성바이오로직스(1.50%) 등은 올랐다.
이날 코스닥은 전 거래일보다 7.26포인트(1.02%) 오른 716.02에 장을 마감했다. 이날 코스닥은 전 거래일보다 5.06포인트 오른 713.82에 거래를 시작해 강세 흐름을 보였다.
코스닥에선 개인과 외국인이 각각 351억원, 291억원어치의 주식을 사들였다. 기관은 513억원 순매도했다. 외국인은 코스닥에서도 3거래일 연속 주식을 사들였다.
이처럼 증시가 강세를 보이면서 그간 시장의 통설로 여겨졌던 5월에 주식을 적극 매도하라는 ‘셀 인 메이’(Sell in May)가 올해는 깨졌다. 일반적으로 5월은 연초에 시장에 대한 기대감으로 올랐던 주가가 1분기 기업 실적 발표 이후 조정되면서 시장에 대한 기대도 낮추는 시점이다.
하지만 국내 증시 상승에 필수라고 할 수 있는 외국인 자금의 유입이 지속될지 여부에 대해 전문가들은 판단을 유보하고 있다. 노동길 NH투자증권 연구원은 “미·중 마찰 여부, 세계 경기 회복, 신흥국 환율 안정화 등 외국인의 추세적 순매수 전환을 위해서는 확인해야 할 변수들이 많다”고 말했다.
한편 이날 서울 외환시장에서 원·달러 환율은 전 거래일보다 0.6원 오른 1230.9원에 마감했다.
 김범수 기자 sway@segye.comⓒ 세상을 보는 눈,",/news/news_read.nhn?article_id=0003467468&office_id=022&mode=search&query=삼성바이오로직스&page=1
