head,text,url
,"코로나19 사태로 지난주 유례 없는 폭락 장세 속에서 외국인과 기관이 집중 매집한 종목들이 주목받고 있다. 이 기간 코스피 지수는 11.6%, 코스닥 지수는 10.7% 폭락했다. 이는 외국인이 지난주 유례 없이 매도세로 돌아선 때문이다. 지난주 외국인 순매도는 3조321억원에 달했다. 이 기간 국민연금을 포함한 기관이 3169억원을 순매수했지만 주가 하락을 막기는 부족했던 것이다. 그만큼 한국 경제가 당분간 침체에 빠질 것이라는 분석이 나온 때문이다.이런 가운데 외국인과 기관이 모두 지난주 순매수한 종목이 주목을 끈다. 역대 최악의 급락장 속에서 앞으로 실적이 좋아질 것으로 기대를 받고 있기 때문이다.가장 눈에 띄는 종목은 셀트리온헬스케어다. 지난주 외국인은 659억원, 기관은 230억원 순매수했다. 같은 기간 개인은 860억원 매도했는데, 이 물량을 외국인과 기관이 고스란히 소화한 것이다. 셀트리온헬스케어 주가는 지난주 3.3% 하락하는 데 그쳤다. 셀트리온헬스케어는 서정진 회장이 지분 35.7%를 보유하고 있다. 셀트리온과는 별도로 지분 관계가 없다. 신재훈 한화투자증권 연구원은 ""미국에서 인플렉트라와 트룩시마 처방이 증가하고 있다""면서 ""지난해 4분기 실적 호조가 앞으로도 연속성을 가질 것으로 예상된다""고 밝혔다. 셀트리온 또한 지난주 외국인이 289억원, 기관이 447억원 순매수했다. 셀트리온 주가는 지난주 10.6% 하락했다. 이는 개인이 736억원 순매도한 결과다. 개인과 외국인 및 기관의 판단이 달랐던 것이다. 증권가는 셀트리온이 앞으로 실적이 개선될 것으로 기대한다. 금융정보업체 에프앤가이드에 따르면 증권가는 올해 연간 셀트리온이 거둘 영업이익이 지난해 보다 38.8% 늘어 827억원에 달할 것으로 예상한다.셀트리온 경쟁사 삼성바이오로직스 또한 쌍끌이 업종으로 꼽힌다. 지난주 외국인은 533억원, 기관은 322억원 순매수했다. 올해 코로나19 사태를 거치면서 바이오·제약업계가 성장 산업으로 주목받고 있는 것이다. 진홍국 한국투자증권 연구원은 ""위탁생산 사업은 올해 1공장과 2공장 가동률이 최대로 도달한 가운데 3공장까지 30% 수준으로 상승하며 실적 성장이 지속될 전망""이라고 밝혔다. 바이오·제약사 가운데 에이치엘비, 헬릭스미스 또한 외국인과 기관이 지난주 순매수한 종목으로 꼽힌다.넷마블 또한 지난주 외국인과 기관이 순매수한 종목이다. 넷마블은 외국인이 504억원 순매수했으며, 기관 또한 77억원 순매수로 동참했다. 넷마블 주가는 이 기간 1.9% 상승했다. 지난주 폭락장 속에서 이례적인 주가 흐름이다. 넷마블은 지난 12일 출시한 모바일게임 'A3: 스틸얼라이브'가 기대를 모으고 있다. 국내 게임 시장을 독주한 엔씨소프트 '리니지' 시리즈를 위협할 게임으로 시장의 주목을 끌고 있다. 아모레퍼시픽 또한 지난주 쌍끌이 매수세가 유입됐다. 중국에서 코로나19 확산이 주춤하면서 화장품 수출이 재개될 것이라는 기대를 모은 때문이다. CJ ENM의 드라마 제작 자회사 스튜디오드래곤 또한 지난주 외국인과 기관의 집중 매입 종목이었다. 코로나19 사태로 실내 생활이 확대되면서 반사이익을 얻을 것이라는 기대를 모으고 있다. 이 밖에 케이엠더블유, RFHIC, SK케미칼 등이 지난주 폭락장 속에서 주목을 끌었다. 케이엠더블유와 RFHIC는 5세대(5G) 이동통신 수혜주로 꼽힌다. [김규식 기자] [ⓒ 매일경제 & mk.co.kr, 무단전재 및 재배포 금지]",/news/news_read.nhn?article_id=0004541316&office_id=009&mode=search&query=삼성바이오로직스&page=1
,"[아시아경제 송화정 기자]외국인이 지난 주에도 매도 공세를 이어가며 국내 증시에서 6주 연속 '팔자'세를 지속했다.22일 한국거래소에 따르면 외국인은 지난 16일부터까지 20일까지 한 주 동안 국내 주식시장에서 약 3조320억원을 순매도했다. 유가증권시장에서 3조3973억원을 팔아치운 반면 코스닥시장에서는 3652억원을 사들였다.외국인이 지난 주 가장 많이 사들인 종목은 셀트리온헬스케어였다. 외국인은 지난 주 셀트리온헬스케어를 658억원 순매수했다. 뒤이어 삼성바이오로직스를 533억원 사들였다. 이밖에 넷마블(503억원), LG디스플레이(300억원), 셀트리온(289억원), 펄어비스(250억원), 에이치엘비(211억원), 케이엠더블유(207억원), 젬백스(189억원), 헬릭스미스(121억원) 등을 순매수했다.지난 주 외국인이 가장 많이 판 종목은 삼성전자였다. 외국인은 지난 주 삼성전자를 1조3104억원 순매도했다. 이어 SK하이닉스를 2922억원 팔았다. 이밖에 현대차(2306억원), 삼성전자우(1724억원), LG화학(1557억원), 엔씨소프트(1369억원), SK이노베이션(1212억원), 삼성SDI(1164억원), LG생활건강(1148억원), NAVER(1021억원) 등이 외국인 순매도 상위에 올랐다.외국인은 여전히 추가 매도 여력이 있다는 분석이다. 노동길 NH투자증권 연구원은 ""외국인은 원·달러 환율 하락 및 주식시장 반등에도 불구하고 지난 20일까지 12거래일 연속 코스피 매도를 지속했다""면서 ""금융시장에 내재한 유동성 경색 우려는 현재 진행형으로, 외국인의 국내 주식시장 및 채권시장 현물 순매수 추이는 금융위기와 비교했을 때 추가 매도 여력을 갖고 있다""고 말했다.송화정 기자 pancake@asiae.co.kr <ⓒ경제를 보는 눈, 세계를 보는 창 아시아경제 무단전재 배포금지>",/news/news_read.nhn?article_id=0004647137&office_id=277&mode=search&query=삼성바이오로직스&page=1
"베스트 파트너 3인의 와우밴드 종목진단삼성바이오로직스, 美·中·유럽 등 해외거점 확대카카오, 은행·게임 등 자회사 성장세 '든든'","신종 코로나바이러스 감염증(코로나19) 사태로 1분기 실적이 기존 예상치를 밑돌 가능성이 높지만 과거 사례를 비춰 볼 때 고환율 효과에 힘입어 큰 폭으로 반등할 것이란 기대도 있다. 원·달러 환율이 달러당 10원 오를 때마다 매출 3000억원, 영업이익은 5%가 증가하는 것으로 추산된다. 기존 내연기관 차량에서 전기·수소차로 전환되는 시기인 만큼 이번 코로나19 사태 이후 업황이 크게 개선될 가능성이 높다. 최근 지수 변동성이 확대되면서 기아차도 한 달 새 50% 하락했지만 2만5000원대 주가는 저평가 구간에 해당하며 분할 매수 전략이 유효하다는 판단이다.삼성그룹 계열사로 국내외 제약회사의 의약품을 위탁 생산한다. 지난해 6월 말 기준 36만2000L 규모의 생산 설비를 가동하면서 세계 1위에 올랐다. 연구개발(R&D) 자회사인 삼성바이오에피스와 아키젠바이오텍은 바이오시밀러 개발 및 상업화를 진행 중이다. 수백 개의 경영혁신 셀 조직을 통해 품질·원가·스피드에서 경쟁력을 높인다는 전략이다. 기존 설비의 생산성을 이론 한계치까지 높이고 원가를 최적화함으로써 매출과 이익을 극대화할 계획이다. 삼성바이오로직스는 올해 미국 샌프란시스코 위탁개발(CDO) R&D 센터 건립을 시작으로 미국 유럽 중국 등으로 해외 거점도 확대할 예정이다. 올해 매출은 9000억원대, 영업이익은 1800억원대로 전망된다.코로나19 사태로 글로벌 경기 침체 우려가 높아지고 있다. 그럼에도 인터넷 업종은 오히려 수혜가 기대된다는 평가도 있다. 다만 광고 쪽 실적이 코로나19 영향으로 부진할 가능성이 점쳐진다. 카카오 톡비즈보드는 모바일 메신저 특성상 매출 타격이 크지 않을 것으로 예상된다. 카카오뱅크, 카카오페이, 카카오페이지, 카카오M, 카카오게임즈 등 주요 자회사의 성장 동력이 강하기 때문에 코로나19로 하락한 주가가 빠르게 회복될 것으로 판단한다. 한국경제TV ‘와우밴드’ 앱을 설치한 후 종목 상담을 신청하면 와우넷 주간수익률 베스트파트너가 자세한 종목 진단을 해 드립니다.▶ ▶
 ▶
ⓒ 한국경제 & , 무단전재 및 재배포 금지",/news/news_read.nhn?article_id=0004311160&office_id=015&mode=search&query=삼성바이오로직스&page=1
미국서 복제약 처방 가능성에셀트리온·삼성바이오 들썩모바일게임 신작 낸 넷마블폭락장서도 주가 2% 올라,"코로나19 사태로 유례없는 폭락 장세 속에서 지난주 외국인과 기관이 모두 순매수한 종목이 적지 않다. 역대 최악의 급락장 속에서 앞으로 실적이 좋아질 것으로 기대를 받는 종목들이다.가장 눈에 띄는 종목은 셀트리온헬스케어다. 지난주 외국인은 659억원, 기관은 230억원 순매수했다. 같은 기간 개인은 860억원 매도했는데, 이 물량을 외국인과 기관이 고스란히 소화한 것이다. 셀트리온헬스케어 주가는 지난주 3.3% 하락하는 데 그쳤다. 셀트리온헬스케어는 서정진 회장이 지분 35.7%를 보유하고 있다. 셀트리온과는 별도로 지분 관계가 없다. 신재훈 한화투자증권 연구원은 ""미국에서 인플렉트라와 트룩시마 처방이 증가하고 있다""면서 ""지난해 4분기 실적 호조가 앞으로도 연속성을 가질 것으로 예상된다""고 밝혔다. 셀트리온 또한 지난주 외국인이 289억원, 기관이 447억원 순매수했다. 셀트리온 주가는 지난주 10.6% 하락했다. 이는 개인이 736억원 순매도한 결과다. 개인과 외국인·기관의 판단이 달랐던 것이다. 증권가는 앞으로 셀트리온 실적이 개선될 것으로 기대한다. 금융정보업체 에프앤가이드에 따르면 증권가는 올해 셀트리온이 거둘 영업이익이 지난해보다 38.8% 늘어 827억원에 달할 것으로 예상한다.셀트리온 경쟁사 삼성바이오로직스 또한 쌍끌이 업종으로 꼽힌다. 지난주 외국인은 533억원, 기관은 322억원 순매수했다. 올해 코로나19 사태를 거치면서 바이오·제약업계가 성장 산업으로 주목받고 있는 것이다. 진홍국 한국투자증권 연구원은 ""위탁생산 사업은 올해 1공장과 2공장 가동률이 최대로 도달한 가운데 3공장까지 30% 수준으로 상승하며 실적 성장이 지속될 전망""이라고 밝혔다. 바이오·제약사 가운데 에이치엘비, 헬릭스미스 또한 외국인과 기관이 지난주 순매수한 종목으로 꼽힌다.넷마블 또한 지난주 외국인과 기관이 순매수한 종목이다. 넷마블은 외국인이 504억원 순매수했으며, 기관 또한 77억원 순매수로 동참했다. 넷마블 주가는 이 기간 1.9% 상승했다. 지난주 폭락장 속에서 이례적인 주가 흐름이다. 넷마블은 지난 12일 출시한 모바일게임 'A3: 스틸얼라이브'가 기대를 모으고 있다. 국내 게임 시장을 독주한 엔씨소프트 '리니지' 시리즈를 위협할 게임으로 시장의 주목을 끌고 있다. 아모레퍼시픽 또한 지난주 쌍끌이 매수세가 유입됐다. 중국에서 코로나19 확산이 주춤하면서 화장품 수출이 재개될 것이라는 기대를 모았기 때문이다. CJ ENM의 드라마 제작 자회사 스튜디오드래곤 또한 지난주 외국인과 기관의 집중 매입 종목이었다. 코로나19 사태로 실내 생활이 확대되면서 반사이익을 얻을 것이라는 기대를 모으고 있다.
[김규식 기자] [ⓒ 매일경제 & mk.co.kr, 무단전재 및 재배포 금지]",/news/news_read.nhn?article_id=0004541387&office_id=009&mode=search&query=삼성바이오로직스&page=1
