head,text,url
,"LG화학은 코로나19 극복을 위해 협력사에 운영자금을 지원하는 저리 대출 펀드인 629억원 규모의 ‘상생펀드’와 협력사의 연구개발 과제를 지원하는 432억원 규모의 무이자 대출 펀드인 ‘혁신성장 펀드’를 조성한다고 20일 밝혔다. 두 펀드 모두 심사를 최대한 간소화해 상반기 중 집행할 계획이다. ▶ ▶
/ ⓒ중앙일보(https://joongang.co.kr), 무단 전재 및 재배포 금지",/news/news_read.nhn?article_id=0002994404&office_id=025&mode=search&query=LG화학&page=2
,"[서울=뉴시스] 류병화 기자 = 21일 오전 빅데이터로 분석한 주식시장 코스피 200종목의 시장심리지수(Market Sentiment Index·MSI)는 4단계 '보통'으로 나타났다.뉴시스와 코스콤이 공동으로 뽑아낸 빅데이터 MSI(http://m.newsis.com/stock.html, 모바일 전용)에 따르면 전 거래일 오후 4시부터 이날 오전 9시까지 집계된 코스피 MSI 레벨은 4단계로 전 거래일 대비 3단계 내렸다.대장주 삼성전자의 MSI 레벨은 6단계로 집계됐다. 시가총액 상위 종목 중 SK하이닉스는 2단계, LG화학은 3단계, 현대차는 3단계, 셀트리온은 3단계로 나타났다.뉴시스와 코스콤은 250개 주요 상장 기업에 대해 감성 사전을 만들어 해당 종목의 실시간 점수를 산출하고 이를 최근 1년간의 흐름과 비교해 MSI 레벨로 제시하고 있다.MSI는 총 7단계로 나뉜다. 1단계 '매우 나쁨', 2단계 '나쁨', 3단계 '약간 나쁨', 4단계 '보통', 5단계 '약간 좋음', 6단계 '좋음', 7단계 '매우 좋음' 등으로 분류된다.MSI 레벨이 가장 낮은 수준인 1단계에서 가장 높은 수준인 7단계 쪽으로 바뀌면 해당 종목에 대해 온라인상에서의 반응이 부정에서 긍정으로 바뀌고 있다는 뜻으로 풀이할 수 있다.한편, 2017년 8월1일부터 선보인 빅데이터 MSI 모바일 전용 버전은 구글플레이 또는 애플 앱스토어에서 '뉴시스' 앱을 내려받거나 뉴시스 모바일 홈페이지(m.newsis.com)에 접속한 뒤 메인화면의 '빅데이터 MSI'를 클릭해 이용하면 된다.※ 빅데이터MSI는 투자 참고용이며, 투자 결과에 책임을 지지 않습니다. 주식시장에서는 다양한 국내외 변수가 존재하기 때문에 한 지표로만 판단하면 뜻하지 않은 결과를 초래할 수 있습니다. hwahwa@newsis.com<ⓒ 공감언론 뉴시스통신사. 무단전재-재배포 금지>",/news/news_read.nhn?article_id=0009825873&office_id=003&mode=search&query=LG화학&page=2
,"[머니투데이 강민수 기자] 코스피 지수가 외국인의 매도세에 하락 출발했다. 국제 유가가 마이너스를 기록하며 원유 시장이 붕괴된 영향으로 국내 증시도 조정을 받는 것으로 풀이된다. 21일 오전 9시15분 현재 코스피 지수는 전일대비 19.05포인트(1.00%) 내린 1878.08을 나타내고 있다.이 시각 현재 외국인이 335억원 어치를 순매도하고 있다. 개인과 기관은 각각 111억원, 214억원 매수 우위다.업종별로는 대부분 약세인 가운데, 전기가스업이 2%대 강세고, 건설업과 의약품 등은 강보합세를 보인다. 시가총액 상위종목들도 대다수 파란 불을 켰다. 삼성전자와 SK하이닉스가 각각 2%, 1.83% 하락 중이고, LG화학과 현대차, 삼성SDI 등도 1~2%대 약세다. 반면 NAVER, 셀트리온, LG생활건강, 삼성물산 등은 1%대 안팎 오름세다. 전날 시장 전망치를 상회한 실적을 발표한 삼성바이오로직스는 보합세다.코스닥 지수도 전일대비 6.11포인트(0.96%) 내린 631.71을 나타내고 있다.코스닥시장에서는 개인이 홀로 264억원을 순매수 중이다. 외국인과 기관은 각각 72억원, 165억원 매도 우위다.코스닥 업종들도 대부분 내림세인 가운데 비금속, 컴퓨터서비스, 건설 등이 1%대 강세, 유통은 강보합세를 보인다. 코스닥 시총 상위주들도 대부분 파란불을 켠 가운데 특히 에이치엘비, 에코프로비엠 등은 2%대 약세다. 그러나 셀트리온헬스케어, 셀트리온제약, 씨젠, 헬릭스미스 등은 1% 내외 상승세다. 강민수 기자 fullwater7@mt.co.kr
<저작권자 ⓒ '돈이 보이는 리얼타임 뉴스' 머니투데이, 무단전재 및 재배포 금지>",/news/news_read.nhn?article_id=0004397547&office_id=008&mode=search&query=LG화학&page=2
,"[아시아경제 금보령 기자]디이엔티는 LG화학과 31억5000만원 규모의 2차전지 제조장비 공급계약을 체결했다고 21일 공시했다.계약금액은 지난해 매출액 대비 10.6%에 해당한다. 계약 종료일은 9월1일이다.금보령 기자 gold@asiae.co.kr <ⓒ경제를 보는 눈, 세계를 보는 창 아시아경제 무단전재 배포금지>",/news/news_read.nhn?article_id=0004664901&office_id=277&mode=search&query=LG화학&page=2
,"코스피가 하락을 나타내는 파란색 불이 켜지며 출발했다. 사상 첫 마이너스 가격대를 기록한 국제유가 영향을 받은 것으로 보인다. 하지만 유가 영향 대비 코스피 하락률은 크지 않았다. 현재 1%대에서 등락 중이다.21일 코스피 지수는 전 거래일보다 0.61%(-11.58포인트) 내린 1886.78에 거래를 출발했다. 개인은 장 시작부터 매수세, 외국인은 매도세로 시작됐다. 개인은 35억원 순매수를 나타냈다. 외국인은 193억원 순매도를, 기관은 215억원 순매수 중이다.코스피 시총 상위종목은 혼조세를 보이며 시작됐다. 삼성전자와 SK하이닉스, LG화학, 현대차 등은 –1%대 하락세를 보이며 출발했다. 반면 삼성바이오로직스와 네이버, 셀트리온, LG생활건강 등은 0.5~0.8%대로 소폭 상승 중이다.코스닥 지수는 전 거래일보다 0.48%(-3.06포인트) 하락한 634.76에 장을 출발했다. 개인은 202억원 순매수를, 외국인과 기관은 각각 106억원, 87억원 수매도하고 있다.코스닥 시가총액 상위종목도 혼조세다. 셀트리온제약(0.14%)과 씨젠(2.40%), 헬릭스미스(2.98%)는 상승 출발했다. 반면 에이엘비, 펄어비스, 케이엠더블유, CJ ENM, 스튜디오드래곤 등은 소폭 하락하며 시작됐다. 코스닥 시총 1위 셀트리온헬스케어는 보합을 나타냈다.이에 앞서 뉴욕증시는 사상 첫 국제유가 마이너스 기록 충격에 2% 이상 하락했다. 5월 인도분 서부 텍사스산 원유(WTI)는 –37.63달러에 장을 마감했다. 17일 종가 18.27달러에서 305%(55.90달러) 대폭락한 기록이다.서상영 키움증권 연구원은 “국제유가가 사상 초유의 마이너스를 기록하는 등 원유시장이 붕괴됐다”며 “하지만 주식시장은 원유시장에 비해 낙폭이 제한되는 경향을 보였다”고 말했다. 그러면서 “원유시장 붕괴로 인한 우려가 확산되며 한국 증시는 조정이 예상되지만, 과거처럼 급락할 가능성은 제한된다”고 평가했다.한편 원/달러 환율은 전일 대비 1월(0.08%) 오른 1221.50원으로 출발했다.송창범 기자
 <저작권자 ⓒ '성공을 꿈꾸는 사람들의 경제 뉴스' 머니S, 무단전재 및 재배포 금지>",/news/news_read.nhn?article_id=0000533633&office_id=417&mode=search&query=LG화학&page=2
,[이데일리 김윤지 기자] 디이엔티(079810)는 LG화학과 31억5000만원 규모의 2차전지 제조장비 공급계약을 체결했다고 21일 공시했다. 계약금액은 최근 매출액 대비 10.6% 수준이다. 계약기간은 2020년 9월 1일까지다.김윤지 (jay3@edaily.co.kr)＜ⓒ종합 경제정보 미디어 이데일리 - 무단전재 & 재배포 금지＞,/news/news_read.nhn?article_id=0004624134&office_id=018&mode=search&query=LG화학&page=2
5월물 WTI –37달러…코스닥도 1% 넘게 내려,"[아이뉴스24 류은혁 기자] 코스피가 1% 가까이 떨어진 1880대에 출발했다. 간밤 미국 증시가 국제유가의 대폭락 충격 속에 하락하면서 국내 증시에 악재로 작용하고 있다.21일 코스피지수는 전 거래일보다 11.58포인트(0.61%) 내린 1886.78에 거래를 시작해 오전 9시10분 현재 16.49포인트(0.87%) 하락한 1881.87에 거래되고 있다. 개인과 기관이 각각 111억원, 214억원 순매수 중이며 외국인이 333억원 순매도 중이다.간밤 뉴욕 증시는 국제유가가 사상 처음으로 마이너스(-)로 떨어진 여파로 하락했다. 뉴욕증권거래소(NYSE)에서 다우존스 30 산업평균지수는 전장보다 592.05포인트(2.44%) 내렸다. 스탠더드앤드푸어스(S&P) 500 지수와 나스닥 지수도 각각 1.79%, 1.03% 하락했다.이날 서부텍사스원유(WTI) 5월물 가격은 배럴당 -37.63달러까지 떨어졌다. 전일 대비 낙폭은 무려 300%를 넘었다. 이는 5월물 WTI가 다음날 만기가 되는 만큼 해당 계약을 청산하고 6월 등 원월물 계약으로 옮겨가는 거래가 이뤄진 탓으로 보인다.이날 코스피에서 시가총액 상위 10종목은 혼조세를 보이고 있다. 삼성바이오로직스(1.65%), NAVER(0.28%), 셀트리온(1.18%), LG생활건강(0.87%)은 상승세인 반면 삼성전자 –1.30%, SK하이닉스 –1.59%, 삼성전자우 –1.84%, LG화학 –1.28%의 하락률을 보이고 있다.코스닥지수는 전 거래일보다 3.06포인트(0.48%) 내린 634.76에 장을 시작해 오전 9시 13분 현재 6.53포인트(1.02%) 하락한 631.29에 거래되고 있다. 개인은 477억원 순매수 중인 반면 외국인과 기관이 각각 300억원, 154억원 순매도하고 있다.시가총액 상위 10종목도 혼조세를 보이고 있다. 셀트리온헬스케어(0.25%), 씨젠(3.49%), 헬릭스미스(2.18%), 휴젤(0.45%)이 오름세를 보이는 반면 에이치엘비 –2.43%, 펄어비스 –0.81%, 셀트리온제약 –0.56%, 케이엠더블유 –2.35%의 내림세를 보이고 있다. ehryu@inews24.com [ⓒ 아이뉴스24 무단전재 및 재배포 금지]",/news/news_read.nhn?article_id=0000535077&office_id=031&mode=search&query=LG화학&page=2
,"[헤럴드경제=증권부] 디이엔티는 LG화학과 2차전지 제조장비 공급계약을 체결했다고 21일 공시했다.계약금액은 31억5000만원이며 이는 2019년 매출 대비 10.6%에 해당하는 규모이다.계약기간은 9월 1일까지다.totoro@heraldcorp.com
- Copyrights ⓒ 헤럴드경제 & heraldbiz.com, 무단 전재 및 재배포 금지 -",/news/news_read.nhn?article_id=0001664391&office_id=016&mode=search&query=LG화학&page=2
,"국제 유가 폭락에 국내 증시도 흔들리고 있다.21일 오전 9시 7분 현재 코스피는 전일대비 21.68포인트(1.14%) 하락한 1876.68에 거래 중이다.이날 11.58포인트 떨어진 1886.78로 출발한 지수는 사상 첫 국제유가 마이너스 충격에 영향을 받으며 장 초반 약세장이 이어지고 있다. 1900선을 회복하던 증시 흐름도 1870선까지 밀리며 제 힘을 못쓰고 있는 상황이다.간밤 뉴욕증시에서 주요 지수 역시 국제 유가 충격 등에 하락했다. 장 초반의 유가 폭락에도 나스닥이 상승세로 돌아서는 등 증시는 비교적 견조한 흐름을 보였지만, 장 후반 유가가 끝내 마이너스까지 떨어지자 재차 반락했다.시장은 유가 흐름과 기업 실적, 신종 코로나바이러스 감염증(코로나19)으로 도입된봉쇄 조치 완화 가능성 등을 주시했다. 이날 유가가 또다시 기록적으로 폭락하면서 위험자산 전반의 투자 심리를 저해했다. 서부텍사스원유(WTI) 5월물 가격은 이날 배럴당 마이너스(-) 37.63달러까지 떨어졌다. 전일 대비 낙폭은 무려 300%를 넘었다. 유가가 마이너스를 기록한 것은 사상 처음이다.이런 비정상적인 상황은 5월물 WTI가 다음날 만기가 되는 만큼 해당 계약을 청산하고 6월 등 원월물 계약으로 옮겨가는 거래가 이어진 탓이다. 5월 WTI 선물 매수 세력은 정유사나 항공사 등 실수요자들이지만, 수요 급감과 저유시설 고갈로 수요자가 없는 상황인 셈이다.다만 국내 증시의 영향은 다소 제한적일 것으로 보인다.서상영 키움증권 연구원은 ""주식시장은 원유시장에 비해 낙폭이 제한되는 경향을 보였고 특히 불안지표로 풀이되는 변동성지수(VIX) 지수의 상승이 크지 않았다""며 ""비록 원유시장이 붕괴됐으나 지난 8일 이후에는 안정을 찾는 경향을 보였는데 이는 경제 재개가 시작 되면 금융시장 안정이 시작될 수 있다는 점이 부각된데 따른 것""이라고 설명했다.이에 따라 미 원유시장 붕괴로 인한 우려로 국내 증시 조정이 예상되나 과거처럼 급락할 가능성은 낮다고 덧붙였다.이날 유가증권시장에서는 업종별로 운송장비, 의료정밀, 은행, 운수창고, 전지·전자, 증권 등이 내리고 있고 전기가스업, 건설업, 비금속광물, 의약품 등은 오르고 있다.매매주체별로 개인과 외국인이 각각 14억원, 359억원 순매도 중인 가운데 기관은 236억원 순매수 하고 있다. 프로그램 매매는 10억원 매수 우위다.시가총액 상위 종목들은 대체로 부진하다. 삼성전자, SK하이닉스, 삼성바이오로직스, LG화학, 현대차, LG생활건강, 삼성SDI, 삼성물산 등이 내리고 있고 NAVER, 셀트리온, LG생활건강이 소폭 오름세다.이날 유가증권시장에서는 238개 종목이 오르고 있고 1004개 종목이 내리고 있다.코스닥은 전 거래일 대비 10.12포인트(1.59%) 내린 627.70을 기록 중이다.[디지털뉴스국 김규리 기자] [ⓒ 매일경제 & mk.co.kr, 무단전재 및 재배포 금지]",/news/news_read.nhn?article_id=0004560691&office_id=009&mode=search&query=LG화학&page=2
시총상위株 대부분 약세…외국인·기관 '팔자',"[이데일리 이슬기 기자] 코스피 지수가 1%대 하락 출발했다. 간밤 국제유가가 사상 첫 마이너스를 기록하는 등 위험자산 회피심리가 커진 탓으로 해석된다.21일 마켓포인트에 따르면 이날 오전 9시 27분 현재 코스피 지수는 전 거래일 대비 1.02% 떨어진 1879.01에 거래 중이다. 간밤 미국증시에서 서부텍사스산원유(WTI)는 배럴당 -37달러선까지 떨어지는 등 사상 첫 마이너스 유가를 찍었다. 이에 위험자산 회피심리가 대두하며 주식시장이 하락하는 것으로 보인다.수급을 보면 외국인과 기관이 동반 매도 중이다. 외국인은 601억원, 기관은 46억원 가량의 주식을 순매도하고 있다. 반면 개인은 645억원 가량의 주식을 순매수 중이다.업종별로 봐도 대부분이 내림세를 띄고 있다. 운송장비, 은행 업종은 2%대 하락 중이다. 의료정밀, 증권, 금융, 제조, 음식료품, 기계 등 업종이 1%대 내리고 있다. 종이·목재, 화학, 통신, 철강금속, 서비스업, 유통업 등의 업종은 1% 미만의 내림세를 보이고 있다. 반면 전기가스업은 1%대 상승, 운수·창고, 건설업종은 1% 미만으로 오르고 있다.시가총액 상위 종목도 내리는 종목이 더 우세하다. 현대차(005380) 현대모비스(012330)는 2%대 하락 중이다. 삼성SDI(006400) 삼성전자(005930) POSCO(005490) SK하이닉스(000660) LG화학(051910)은 1%대 내리고 있다. NAVER(035420) SK텔레콤(017670) 카카오(035720) 삼성바이오로직스(207940)는 1% 미만으로 내리고 있다. 반면 셀트리온(068270)은 1%대 상승, 삼성물산(028260)은 1% 미만으로 오르고 있다. LG생활건강(051900)은 보합권에서 움직이고 있다.이슬기 (surugi@edaily.co.kr)＜ⓒ종합 경제정보 미디어 이데일리 - 무단전재 & 재배포 금지＞",/news/news_read.nhn?article_id=0004624157&office_id=018&mode=search&query=LG화학&page=2
LG화학 테슬라 이어 SK이노 베이징자동차에 배터리 공급中 전기차 보조금 2년 연장에 업계 촉각…회복 속도 관건,"[서울=뉴시스] 김지은 기자 = 국내 배터리 업체가 중국 전기차 시장에서 조금씩 입지를 넓히고 있다. 지난해 말부터 중국이 외국 기업에 건 보조금 빗장이 풀리는 분위기가 형성되면서 한국산 배터리를 탑재한 사례가 잇따르고 있다.다만 내수시장 침체를 회복하려는 중국이 자국기업 중심으로 보조금 정책을 펼칠 가능성도 얼마든지 있어 긴장을 늦출 수 없다는 지적도 많다.21일 업계에 따르면 SK이노베이션 전기차 배터리가 중국 베이징자동차그룹의 프리미엄 전기차 브랜드 아크폭스(ARCFOX) SUV '마크5'에 탑재된다.SK이노베이션은 베이징자동차, 베이징전공이 합작해 중국 장쑤(江蘇)성 창저우(常州)에 배터리 공장 'BEST'을 설립했다. 이러한 동맹의 결실로 BEST에서 생산하는 배터리를 적용한다.마크5는 한 번의 충전으로 최대 450∼500㎞를 달릴 수 있는 3세대 전기차다. 올해 하반기에 출시될 전망이다. LG화학은 테슬라가 중국 상하이 공장에서 생산하는 모델3의 배터리를 공급 중이다. 모델3뿐 아니라 테슬라의 스포츠유틸리티(SUV) 모델Y에 탑재되는 배터리도 상당 물량 공급하는 것으로 알려졌다.테슬라가 파나소닉에 대한 의존도를 낮추고 공급 업체를 다변화하는 과정에서 LG화학이 테슬라에 공급하는 배터리 물량을 확대하고 있는 것으로 업계는 보고 있다. 테슬라는 현재 파나소닉과 LG화학, 중국 CATL로부터 배터리를 공급 받고 있다.삼성SDI은 지난 3월 배터리를 공급하는 충칭진캉 SUV형 전기차 '세레스 SF5'가 보조금 추천 및 구매세 면제 목록에 올랐다. 중국 정부는 올해 말 폐지 예정이던 전기차 보조금 제도를 2022년까지 유지하기로 결정했다.
신종 코로나바이러스감염증(코로나19)으로
중국 자동차 산업이 급격한 타격을 입자 폐지 시점을 2년 더 늦추기로 한 것이다.한국 배터리 업계엔 기대와 우려가 교차한다. 보조금 연장으로 중국 전기차 시장이 성장하면 공급량과 판로 확대로 수혜를 입을 수 있다는 시각도 있지만 당장 미칠 영향은 미미할 것이라는 신중론도 만만찮게 나온다. 자국 업체들에 유리한 '기울어진 운동장'이라는 구조는 변함이 없어 기대한 만큼의 점유율 확대는 어려울 것이란 우려도 있다. 관건은 중국 시장의 회복 속도다.
많이 위축된 수요가 단기간 살아나지 않는다면 당분간 자국 산업 위주의 정책을 펼칠 수밖에 없다는 게 대체적인 시각이다.업계 관계자는 ""지난해 말부터 한국 기업이 보조금 지급 대상에 오르고 있고 보조금 연장으로 중국 시장이 활기를 찾아 사업 가능성이 열리는 측면은 긍정적""이라면서도 ""보조금 제도가 남아 있는 한 공정 경쟁은 어려울 수 있다. 중국 시장이 얼마나 빨리 되살아날지가 중요하다""고 말했다. kje1321@newsis.com<ⓒ 공감언론 뉴시스통신사. 무단전재-재배포 금지>",/news/news_read.nhn?article_id=0009826036&office_id=003&mode=search&query=LG화학&page=2
,"(서울=뉴스1) 양새롬 기자 = NH투자증권은 유가 급락으로 인해 석유화학산업 경쟁력이 구조적으로 개선될 것이라고 전망했다. 이는 OPEC+(OPEC과 10개 주요 산유국 연대체) 원유 감산 합의에도 불구하고 글로벌 초과공급이 심각하다는 것을 보여주기 때문이다. 황유식 NH투자증권 연구원은 21일 보고서에서 ""NCC 중심의 석유화학 산업은 2015년 저유가시 경험했던 호황과는 차원이 다른 수준으로 향상 가능할 전망""이라며 이같이 밝혔다. NCC는 원유를 정제해 만든 나프타를 분해하는 공정을 뜻한다. 황 연구원은 ""2015년에는 셰일가스·오일 생산량 확대가 유가 하락을 초래해 경쟁설비(ECC) 원가 또한 하락했고, 크게 확대된 원가 격차를 축소하는 정도의 수혜만 발생했다""면서 ""그러나 이번 유가 하락 시에는 셰일가스·오일 생산량이 감소할 것으로 전망되면서 NCC 원가 경쟁력이 압도적으로 개선될 수 있다""고 분석했다. 이어 ""글로벌 수요 급감에 따라 화학 설비 가동률이 하락했기 때문에 당장은 에탄가스 공급부족 현상이 나타나지 않지만 에탄가스 공급 감소 추세로 제품 수요가 정상화될 시 에탄가스 가격은 급등하게 되며, 국내 석유화학 제품의 가격 스프레드는 탄력적으로 확대될 수 있다""고 지적했다. 이 경우, NCC 기업의 주가 재평가가 가능하다는 해석이다. 그러면서 ""NCC를 보유하거나 증설 중인 기업의 성장성에 주목해야 한다""며 LG화학과 롯데케미칼, SKC를 최선호주로 제시했다. NCC 수혜 기업으로는 대한유화를 꼽았다.flyhighrom@news1.kr© 뉴스1코리아(), 무단 전재 및 재배포 금지",/news/news_read.nhn?article_id=0004598340&office_id=421&mode=search&query=LG화학&page=2
,"[서울경제] 국제 유가 폭락에
등 석유 화학 업종이 장 초반 강세를 보이고 있다.21일 오전 10시 4분 현재 롯데케미칼은 전 거래일 대비 2.00%(4,000원) 오른 20만4,500원에 거래 중이다. 이외에도 는 3.35%, 은 1.28% 상승 중이다. 금융투자업계에서는 저유가 환경이 지속될 경우 이들 업체의 경쟁력이 살아날 것으로 전망하고 있다. 2·4분기부터 유가 하락 영향이 실적에 반영되기 시작할 것이라는 분석이다. NH투자증권은 보고서를 통해 NCC를 보유하거나 증설 중인 기업의 성장성에 주목해야 한다고 조언했다. 황유식 NH투자증권 연구원은 “유가 하락은 석유화학산업에 있어 원가 절감 이상의 의미를 지닌다”며 “나프타분해설비(NCC)의 원가 경쟁력이 경쟁 설비(ECC) 대비 높아짐에 따라 밸류에이션이 회복되고 글로벌 증설 물량이 축소되는 구조적 변화가 발생할 것”으로 전망했다.그는 이어 “LG화학과 롯데케미칼은 2021년 가동 목표로 각각 80만톤과 75만톤 NCC를 건설 중”이라며 “ LG화학과 롯데케미칼, SKC를 추천주로 제시하며, NCC 수혜 기업으로 를 추천한다”고 말했다./신한나기자 hanna@sedaily.com저작권자 ⓒ 서울경제, 무단 전재 및 재배포 금지",/news/news_read.nhn?article_id=0003727310&office_id=011&mode=search&query=LG화학&page=2
"개인 순매수, 외국인·기관 순매도 …환율은 전날 대비 7.1원 오른 1227.1원에 거래","[헤럴드경제=이태형 기자]국제유가 급락의 여파로 21일 코스피가 하락 출발했다. 장중 1880선 아래로 떨어졌으나 시간이 지나면서 낙폭을 줄이고 있다.20일(현지시간) 미국 뉴욕상업거래소(NYMEX)에서 5월 인도분 서부 텍사스산 원유(WTI)는 배럴당 -37.63달러에 거래를 마감했다. 코로나바이러스감염증-19(코로나19)의 여파에 원유시장의 선물 만기가 겹쳐 국제유가가 마이너스로 추락한 데 따른 결과다.이에 따라 이날 오전 10시 10분 현재 코스피는 전 거래일보다 10.51포인트(0.55%) 내린 1,887.85을 가리켰다. 지수는 전거래일보다 11.58포인트(0.61%) 내린 1886.78로 출발했다.이날 현재 유가증권시장에서는 개인이 1724억원 순매수한 반면, 외국인과 기관은 각각 1377억원, 308억원을 순매도했다.업종별로는 건설업(2.21%), 의약품(0.99%), 통신업(0.95%), 전기가스업(0.92%) 등이 올랐고, 운수장비(-2.43%), 은행(-1.78%), 증권(-1.32%), 전기전자(-1.26%) 등이 약세를 보였다.시가총액 상위 종목 가운데는 삼성전자(-1.50%)와 SK하이닉스(-0.37%), NAVER(-0.28%)가 내렸고, 삼성바이오로직스(1.06%), 셀트리온(2.36%), LG화학(1.71%) 등이 상승했다.같은 시각 코스닥지수는 전장보다 0.21포인트(0.03%) 내린 637.61을 나타냈다. 지수는 전장보다 3.06포인트(0.48%) 내린 634.76으로 개장해 등락을 반복하고 있다.개인이 644억원 순매수, 외국인과 기관은 각각 207억원, 383억원 순매도했다.시총 상위 종목 가운데는 셀트리온헬스케어(2.75%), 셀트리온제약(3.07%), 씨젠(1.31%) 등 제약바이오 종목이 강세를 보였고, 에이치엘비(-2.33%), CJ ENM(-1.35%), 스튜디오드래곤(-0.99%) 등이 하락했다.뉴욕 증시는 국제유가 폭락의 여파로 다우존스30 산업평균지수(-2.44%)와 스탠더드앤드푸어스(S&P)500 지수(-1.79%), 나스닥지수(-1.03%) 등 주요 지수가 일제히 급락했다.원달러 환율은 전거래일 대비 1.5원 상승한 1222.0원에 개장해 오름세를 조금씩 키워나가고 있다. 같은 시각 전날보다 7.1원 오른 1227.1원에 거래되고 있다.thlee@heraldcorp.com
- Copyrights ⓒ 헤럴드경제 & heraldbiz.com, 무단 전재 및 재배포 금지 -",/news/news_read.nhn?article_id=0001664535&office_id=016&mode=search&query=LG화학&page=2
,"[머니투데이 한정수 기자] 코스피지수가 1860선까지 밀리고 있다. 김정은 북한 국무위원장이 최근 심혈관계 시술을 받은 이후 위중한 상태라는 보도가 나오면서 시장에 부정적인 영향을 끼치고 있는 것으로 풀이된다. 21일 오전 11시 현재 코스피지수는 전 거래일 대비 33.35포인트(1.76%) 떨어진 1865.01을 나타내고 있다. 개인이 3700억여원 순매수세를 보이고 있고, 외국인과 기관이 각각 2790억원, 946억원 매도 우위다. 이날 코스피는 장 초반 이후 계속해서 약보합권에서 등락을 거듭했다. 그러나 오전 10시40분쯤 김 위원장 관련 보도가 나오면서 낙폭이 1%대로 커졌다. 외국인 순매도액은 10여분 사이 1000억원이 늘었다. 시가총액 상위종목들도 대다수 파란 불을 켰다. 삼성전자와 SK하이닉스가 각각 2%, 1.1% 하락 중이고, LG화학과 현대차, 삼성SDI 등도 1~3%대 약세다. 셀트리온만 0.24% 오름세다. 코스닥지수도 전 거래일 대비 15.35포인트(2.41%) 내린 622.47을 나타내고 있다. 이날 미국 CNN방송은 미국 정부 관계자를 인용, ""김 위원장이 수술 후 심각한 위험에 처해 있다는 첩보를 주시하고 있다""고 보도했다. 앞서 김 위원장은 지난 15일 김일성 주석의 생일인 태양절에 모습을 보이지 않아 건강 이상설이 불거졌다. 한정수 기자 jeongsuhan@mt.co.kr
<저작권자 ⓒ '돈이 보이는 리얼타임 뉴스' 머니투데이, 무단전재 및 재배포 금지>",/news/news_read.nhn?article_id=0004397695&office_id=008&mode=search&query=LG화학&page=2
,"[CBS노컷뉴스 홍영선 기자]북한 김정은 국무위원장이 위중한 상태라는 소식이 전해지면서 코스피지수가 1860선까지 밀리며 낙폭을 키우고 있다.21일 오전 11시 현재 코스피지수는 전 거래일 대비 33.35포인트(1.76%) 떨어진 1865.01을 나타내고 있다. 개인이 3700억여원 순매수세를 보이고 있고, 외국인과 기관이 각각 2790억원, 946억원 팔아치웠다.이날 코스피는 장 초반 이후 계속해서 약보합권에서 등락을 거듭했다. 그러나 오전 10시40분쯤 김 위원장 관련 보도가 나오면서 낙폭이 1%대로 커졌다. 외국인 순매도액은 10여분 사이 1000억원이 늘었다. 시가총액 상위종목들도 대다수 하락세를 보였다. 삼성전자와 SK하이닉스가 각각 2%, 1.1% 하락 중이고, LG화학과 현대차, 삼성SDI 등도 1~3%대 약세다. 셀트리온만 0.24% 오름세다. 코스닥지수도 전 거래일 대비 15.35포인트(2.41%) 내린 622.47을 나타내고 있다. 이날 미국 CNN방송은 미국 정부 관계자를 인용, ""김 위원장이 수술 후 심각한 위험에 처해 있다는 첩보를 주시하고 있다""고 보도했다. 앞서 김 위원장은 지난 15일 김일성 주석의 생일인 태양절에 모습을 보이지 않아 건강 이상설이 불거졌다. hong@cbs.co.kr저작권자 © CBS 노컷뉴스 무단전재 및 재배포 금지",/news/news_read.nhn?article_id=0003351798&office_id=079&mode=search&query=LG화학&page=2
기관·외국인 '팔자'…대부분 업종 내림세,"[이데일리 이슬기 기자] 김정은 북한 국무위원장의 건강이상설이 보도되면서 코스피 지수가 급락 중이다. 외국인과 기관이 동반 매도 중인 가운데 시가총액 상위 종목들도 내리는 종목이 우세하다.21일 마켓포인트에 따르면 이날 오전 11시 10분 현재 코스피 지수는 전 거래일 대비 2.10% 떨어진 1858.47에 거래 중이다. 이날 오전 CNN을 통해 김정은 위원장이 수술 후 위중하다는 소식이 전해지면서 코스피 지수는 급격히 하락하기 시작했다.수급을 보면 외국인과 기관이 각각 2870억원, 649억원 가량을 순매도 중이다. 반면 개인은 3469억원 가량을 순매수하고 있다.업종별로 보면 종이·목재, 섬유·의복 업종은 3%대 하락 중이다. 운송장비, 기계, 비금속광물, 은행, 증권, 음식료품 등의 업종은 2%대 하락하고 있다. 의료정밀, 서비스업, 철강금속, 유통, 제조, 전기전자, 보험, 화학, 운수·창고 등의 업종은 1%대 내리고 있다. 전기가스, 건설, 통신 등의 업종은 1% 미만으로 내리고 있다.시가총액 상위 종목들도 내리는 종목이 더 많다. 현대차(005380)는 3%대, 현대모비스(012330) POSCO(005490)는 2%대 하락 중이다. 삼성전자(005930) NAVER(035420) 삼성물산(028260)은 1%대 하락 중이다. 삼성SDI(006400) SK하이닉스(000660) LG생활건강(051900) 카카오(035720) 등은 1% 미만의 내림세를 보이고 있다. 반면 SK텔레콤(017670) 셀트리온(068270) 삼성바이오로직스(207940) LG화학(051910)은 1% 미만으로 오르고 있다.이슬기 (surugi@edaily.co.kr)＜ⓒ종합 경제정보 미디어 이데일리 - 무단전재 & 재배포 금지＞",/news/news_read.nhn?article_id=0004624309&office_id=018&mode=search&query=LG화학&page=2
,"[아시아경제 오주연 기자] 김정은 북한 국무위원장이 수술 후 위중한 상황에 처했다는 보도에 코스피가 장중 2%대 급락했다.이날 오전 11시 기준 코스피는 전 거래일 대비 2.99% 하락한 1841.66까지 떨어졌다. 전일 1900선이 무너진 데에 이어 전 거래일 대비 0.6%대 하락 출발했던 코스피는 장중 1898선까지 올라섰지만 김정은 북한 국무위원장이 최근 수술 후 '위중한 상황(grave danger)'에 처했다는 외신 보도로 급락했다.11시 20분 기준 시가총액 상위 종목 중 삼성전자는 전 거래일 대비 1.90% 떨어진 4만9150원에 거래됐고 SK하이닉스는 0.85% 하락했다. LG화학과 현대차, LG생활건강 등도 각각 0.57%, 3.89%, 0.95%씩 떨어졌다.코스닥지수는 전 거래일 대비 2.84% 급락해 619.71로 620선대 밑으로 하락했다.시가총액 상위 종목 중 에이치엘비(-4.18%), 펄어비스(-1.01%), 케이엠더블유(-1.56%), 씨젠(-1.85%) 등이 모두 떨어졌다. 셀트리온헬스케어는 전 거래일 대비 0.37% 올라 상승했다.오주연 기자 moon170@asiae.co.kr <ⓒ경제를 보는 눈, 세계를 보는 창 아시아경제 무단전재 배포금지>",/news/news_read.nhn?article_id=0004665097&office_id=277&mode=search&query=LG화학&page=2
,"[서울=뉴시스] 류병화 기자 = 코스피가 김정은 북한 국무위원장이 위중한 상태에 처했다는 일부 외신 보도에 급락세다. 21일 한국거래소에 따르면 코스피는 이날 오전 11시15분 현재 전 거래일 대비 1.50% 내린 1869.84를 가리키고 있다. 지수는 장중 한때 2.99% 내린 1841.66을 터치했다.지수는 0.61% 내린 1886.78에서 출발해 장중 보합선까지 하락폭을 좁혔으나 11시께부터 급락세를 보이고 있다.유가증권시장에서 개인은 홀로 3674억원어치를 사들이고 있다. 반면 외국인과 기관은 각각 3078억원, 641억원을 순매도하고 있다.CNN방송은 20일(현지시간) 미국 정부 소식통을 인용해 ""김 위원장이 최근 큰 수술을 받았으며 수술 이후에 '중대한 위험(grave danger)'에 처해 있다""고 보도했다. CNN은 미 중앙정보국(CIA), 백악관 국가안보회의(NSC), 국무부에 관련 입장 발표를 요청했다고 전했다.아울러 김정은 북한 국무위원장이 심혈관 시술을 받았다는 설이 제기된 가운데 미군 정찰기가 이날 북한 동향을 살피기 위해 잇따라 한반도 상공으로 출격했다.업종별로는 종이목재(-3.95%), 섬유의복(-3.59%), 은행(-2.92%), 기계(-2.84%), 증권(-2.83%) 등이 크게 하락하고 있다.시가총액 상위 종목들도 약세다. 대장주 삼성전자는 전 거래일 대비 950원(1.90%) 내린 4만9150원에 거래되고 있다. SK하이닉스(-0.98%), 네이버(-0.83%), LG화학(-0.43%), 현대차(-4.00%) 등이 크게 내림세다.코스닥지수는 이날 오전 11시15분 현재 전일 대비 2.15% 내린 624.11을 가리키고 있다. 지수는 0.48% 내린 634.76에 출발해 오전 11시께부터 급락세를 보였다. 지수는 이날 장중 5.61% 내린 602.05를 터치했다.코스닥시장에서 개인은 홀로 558억원을 사들이고 있다. 외국인과 기관은 각각 562억원, 5억원을 순매도하고 있다.코스닥 시총 상위 10개 종목은 셀트리온헬스케어(0.12%)를 제외하고 모두 내림세다. 에이치엘비(-4.37%), 펄어비스(-1.36%), 케이엠더블유(-1.72%), 씨젠(-1.64%), CJ ENM(-3.42%), 스튜디오드래곤(-3.82%), 헬릭스미스(-1.15%), 휴젤(-2.32%) 등이 하락세다. 셀트리온제약은 보합권이다. hwahwa@newsis.com<ⓒ 공감언론 뉴시스통신사. 무단전재-재배포 금지>",/news/news_read.nhn?article_id=0009826467&office_id=003&mode=search&query=LG화학&page=1
두산솔루스 매물 나오자 대기업들 관심전기차 2차전지 핵심소재 동박얇을수록 배터리 효율 높아국내에선 SKC와 일진머티리얼즈 생산연평균 30% 성장,"최근 산업계에서 가장 뜨는 소재는 '동박'이다. SKC 일진머티리얼즈 등 관련 기업의 주가가 연일 급등하고 있다. 동박 생산업체 두산솔루스가 시장에 매물로 나오자 삼성 SK LG 포스코 등 국내 대기업들이 눈독을 들이고 있다. 동박이 뭐길래 이렇게 뜨거운 관심을 받는걸까.동박은 말그대로 구리를 얇게 편 막으로 전기차 2차전지 음극재 소재로 쓰인다. 전지용 동박은 얇을수록 많은 음극 활물질을 채울 수 있어 배터리 효율이 더 높아진다. 구리를 머리카락 두께의 약 15분의1 수준으로 펴서 만들기 때문에 고도의 공정 기술과 설비 경쟁력이 필요하다.그동안 동박업체들의 주요 고객사는 휴대폰 제조사였다. 스마트폰 1대당 동박이 4g 정도 쓰이는데 전기차 1대에는 1만배인 약 40kg이 들어간다. 전기차 시장 성장에 따라 동박 수요도 급증할 수밖에 없는 구조다. 시장조사업체 리서치에 따르면 2018년 1조원 규모였던 2차전지용 동박 시장은 연평균 30%씩 성장해 2025년 14조3000억원대로 커질 전망이다.뚜렷한 후발 업체가 없다는 점도 동박의 투자매력을 높인다. 진입장벽이 높아 글로벌 완성차 업체에 공급할만한 고품질 동박을 만들수 있는 회사는 전 세계에서 6~7곳에 불과하다. 양극재 음극재 등 다른 소재들에 비해 중국의 추격 속도가 늦다.국내 기업중에는 올해 SKC에 인수된 KCFT와 일진머티리얼즈가 동박을 생산하고 있다. 두 업체의 세계시장 점유율은 각각 7~9% 수준이다.작년 동박업체 KCFT가 매물로 나왔을 때는 SK와 포스코가 큰 관심을 보였다. 결국 올해 1월 SK의 계열사 SKC가 KCFT를 품에 안았다. 업계 관계자는 ""포스코가 KCFT를 인수했다면 양극재 음극재를 만드는 계열사 포스코케미칼과 함께 2차 전지 핵심소재를 대부분 만들 수 있었을 것""이라고 말했다.SKC는 KCFT를 미래 성장동력으로 내세우고 있다. 전북 정읍공장의 생산능력 확충을 위해 1200억원을 투입했고 미국 조지아주, 중국 장쑤성, 폴란드 등에도 생산시설을 건설할 계획이다. 내년까지 연 4만t의 생산능력을 갖춰 글로벌 1위를 차지한다는 목표를 세웠다.이런 상황에서 두산솔루스가 매물로 나왔다. 두산솔루스는 지난달 헝가리에 1만t 규모 전지박 생산공장을 준공했고, 올해 생산 물량에 대한 수주 계약도 마쳤다. 두산그룹은 핵심 계열사인 두산중공업이 유동성 위기에 처하면서 미래 성장동력으로 꼽히던 두산솔루스를 팔 수밖에 없는 상황이다.동박 생산량을 늘리고 싶어하는 SKC를 비롯해 삼성SDI, LG화학 등이 관심을 보이는 가운데 두산 측은 두산솔루스 가치를 1조5000억원가량으로 보고 지분 61%를 8000억~1조원에 매각할 계획인 것으로 알려졌다.투자은행(IB) 업계 관계자는 ""재무적 부담에도 불구하고 동박의 미래 성장성이 워낙 좋아 많은 대기업들이 관심을 보이고 있는 상황""이라고 말했다.최만수 기자 bebop@hankyung.com▶ ▶
 ▶
ⓒ 한국경제 & , 무단전재 및 재배포 금지",/news/news_read.nhn?article_id=0004327931&office_id=015&mode=search&query=LG화학&page=1
,"[서울경제] 유가 폭락과 북한 리스크에 약세를 보였던 국내 증시가 오후 들어 다소 진정되는 모습이다.21일 오후 1시 53분 현재 코스피 지수는 전장보다 1.56%(29.63포인트) 하락한 1,868.73을 나타냈다. 이날 코스피 지수는 전 거래일 대비 0.61%(11.58포인트) 내린 1,886.78 출발했다.같은 시간 유가증권시장에서 외국인과 기관이 각각 4,406억원과 1,833억원을 순매도했다. 개인은 6,180억원을 순매수하며 증시 방어 역할에 나섰다. 이날 외국인투자자는 김정은 북한 국무위원장이 위독하다는 소식이 전해지면서 매도 규모를 키우고 있다.이날 시가 총액 상위 종목은 대부분 하락세다. 삼성전자(-2.10%), SK하이닉스(-1.34%), 네이버(-1.11%), LG화학(-0.28%), 현대차(-4.41%) 등이 하락세다. 반면 바이오 종목은 상승세를 유지하고 있다. 삼성바이오로직스(2.47%), 셀트리온(0.47%)는 주가가 오름세다.같은 시간 코스닥지수는 1.83%(11.66포인트) 하락한 626.16을 기록했다. 이날 코스닥 지수는 전 거래일 대비 0.48%(3.06포인트) 내린 634.76 출발했다가 장중 5% 넘게 급락하기도 했다. 코스닥시장에서 외국인과 기관은 571억원과 103억원을 팔아 치웠다. 개인은 729억원 규모를 홀로 매수 중이다.코스닥시장에서도 바이오 종목인 셀트리온헬스케어(1.37%)와 셀트리온제약(1.12%), 헬릭스미스(1.49%) 등이 상승 중이다./신한나기자 hanna@sedaily.com저작권자 ⓒ 서울경제, 무단 전재 및 재배포 금지",/news/news_read.nhn?article_id=0003727474&office_id=011&mode=search&query=LG화학&page=1
,"전 세계 주요 국가가 친환경 규제를 강도 높게 추진하는 가운데 전기 상용차가 완성차와 배터리 업계에서 새로운 성장 엔진으로 떠올랐다. 운행 규모가 일반 승용차보다 많은 상용차는 최근 국내·외 시장에서 친환경 바람을 타고 전동화가 가속화되고 있다. 전기 상용차는 배터리 탑재량이 일반 전기차보다 평균 3~5배에서 최대 수십 배 많은 만큼 국내 배터리업계에도 호재다.21일 한국자동차산업협회에 따르면 올해 1분기 트럭, 버스, 화물차 등 전기상용차 국내 신규 등록대 수는 2947대로 지난해 연간 등록대 수(1633대)를 두 배가량 웃돌았다. 앞서 국내 전기 상용차 시장은 지난 2018년 146대 규모에서 지난해에만 약 11배 급성장했다. 경유를 주로 사용하는 상용차가 배기가스 배출 주범으로 지목되면서 전기차 위주로 시장이 재편되기 시작했기 때문이다. 현대·기아자동차도 전기 상용차 라인업을 확대하고 있다. 최근 양사는 각각 1t짜리 전기 트럭 ‘포터II 일렉트릭’과 ‘봉고 3EV’를 출시했다. 현대차는 2025년까지 친환경상용차를 17종으로 늘리는 가운데, 전기버스 ‘카운티 EV’와 전기 트럭 ‘마이티 EV’ 출시도 앞두고 있다.글로벌 완성차 업체들의 움직임도 발 빠르다. 내년부터 테슬라, GM 등은 전기차 픽업트럭을 양산한다. 메르세데스 벤츠와 포드 등도 대형 전기 트럭을 개발 중이다. 시장조사기관 맥킨지는 2030년 전 세계 상용차의 15%가 전동화될 것으로 내다봤다. 시장조사기관 블룸버그뉴에너지파이낸스도 2040년 전기버스가 전 세계 시내버스의 81%를 차지할 것으로 전망했다.국내 배터리업체도 수혜 대상이다. 삼성SDI와 LG화학은 각각 내년 출시되는 리비안의 ‘R1T’와 GM의 ‘험머’에 배터리를 납품한다.삼성SDI는 지난해부터 볼보와 전기 트럭용 배터리팩(배터리셀 묶음)을 공동개발 중이다. 전기 상용차에는 전기 승용차의 평균 적재량을 웃도는 배터리가 실린다. 통상 전기차 픽업트럭에는 전기 승용차의 3배에 달하는 145킬로와트시(kwh) 배터리가 탑재된다. 대형 전기 트럭에는 전기 승용차에 견줘 배터리가 최대 20~30배 더 들어간다. 전기 트럭용 배터리 시장은 2021년 45기가와트시(GWh)에서 2025년 309GWh로 약 7배 커질 것으로 전망됐다. 업계 관계자는 “전기 상용차에는 배터리 탑재 수량이 수백에서 수천 개까지 증가하는 만큼 에너지 밀도가 높은 배터리 양산 기술을 가진 국내 업체에 매력적인 수요처로 떠오를 것”이라고 말했다. 권도경 기자 kwon@munhwa.com[Copyrightⓒmunhwa.com '대한민국 오후를 여는 유일석간 문화일보' 무단 전재 및 재배포 금지()]",/news/news_read.nhn?article_id=0002425260&office_id=021&mode=search&query=LG화학&page=1
,"[서울경제] 국내 증시는 유가 폭락과 북한 리스크에 약세를 보였지만, 오후 들어 정부가 김정은 북한 국무위원장의 건강 이상설과 관련해 특이동향이 확인되지 않았다고 발표하며 소폭 진정되는 모습을 보였다. 금융투자업계에서는 불확실성에 대해 금융시장이 민감하게 반응하는 만큼 우려가 커졌다는 반응을 보이고 있다.21일 코스피 지수는 전장보다 1.00%(18.98포인트) 하락한 1,879.38을 나타냈다. 이날 코스피 지수는 전 거래일 대비 0.61%(11.58포인트) 내린 1,886.78 출발했다.같은 시간 유가증권시장에서 외국인과 기관이 각각 5,295억원과 1,975억원을 순매도했다. 개인은 7,081억원을 순매수하며 증시 방어에 나섰다. 개인투자자는 코스피에서 이번 주에만 1조6,640억원을 사들였다. 최근 코스피가 상승 추세를 이어가면서 오늘 하락장을 기회로 여긴 투자자들이 주식을 대거 매수했다는 분석이 가능하다. 최진명 NH투자증권 연구원은 “정확한 사실관계 확인이 안 되고 있다는 점에서 변동성의 확대가 발생할 수 있고, 이에 따른 투자자의 주의가 필요한 상황”이라며 “해프닝으로 끝나는 경우에도 주가 흐름의 변곡점으로 작용할 가능성도 있기 때문”이라고 설명했다.이날 시가 총액 상위 종목은 대부분 하락했다. 삼성전자(-1.70%), SK하이닉스(-0.85%), 네이버(-0.83%), 현대차(-4.20%) 등의 주가가 내렸다. 반면 삼성바이오로직스(2.30%), LG화학(0.71%), LG생활건강(2.93%)는 올랐다. 이날 코스닥지수는 1.42%(9.05포인트) 하락한 628.77을 기록했다. 이날 코스닥 지수는 전 거래일 대비 0.48%(3.06포인트) 내린 634.76 출발했다가 장중 5% 넘게 급락하는 등 변동성이 확대됐다. 코스닥시장에서 외국인과 기관은 각각 616억원과 105억원을 팔아 치웠다. 개인은 786억원어치를 사들였다. 코스닥시장에서는 바이오 종목인 셀트리온헬스케어(1.25%)와 셀트리온제약(0.98%)을 제외하면 대부분 하락 마감했다./신한나기자 hanna@sedaily.com저작권자 ⓒ 서울경제, 무단 전재 및 재배포 금지",/news/news_read.nhn?article_id=0003727567&office_id=011&mode=search&query=LG화학&page=1
,"[서울=뉴시스] 류병화 기자 = 코스피가 김정은 북한 국무위원장이 위독하다는 소식에 지정학적 리스크가 커지며 1% 하락했다. 지수는 1870선으로 밀려났다. 21일 코스피는 전 거래일(1898.36)보다 18.98포인트(1.00%) 내린 1879.38에 마감했다. 지수는 전일 대비 0.61% 내린 1886.78에서 출발해 김 위원장의 위중 소식에 장중 2.99% 하락했다. 이후 조금씩 하락폭을 좁히며 장을 마쳤다.유가증권시장에서 개인은 홀로 7082억원어치를 사들였다. 반면 외국인과 기관은 각각 5295억원, 1975억원을 순매도했다.업종별로는 대부분 하락했다. 은행(-2.77%), 섬유의복(-2.64%), 종이목재(-2.35%), 운수장비(-2.33%), 기계(-2.16%), 증권(-1.93%), 비금속광물(-1.49%) 등이 큰 폭으로 내렸다. 통신업(1.37%), 건설업(0.88%) 등은 올랐다.시가총액 상위 종목들은 혼조 마감했다. 대장주 삼성전자는 전 거래일 대비 850원(1.70%) 내린 4만9250원에 거래를 마쳤다. SK하이닉스(-0.85%), 네이버(-0.83%), 현대차(-4.20%) 등이 하락했다.반면 삼성바이오로직스(2.30%), LG화학(0.71%), LG생활건강(2.93%) 등은 상승했고 셀트리온과 삼성SDI는 보합 마감했다.앞서 CNN은 20일(현지시각) 미국 정부 소식통을 인용해 ""김 위원장이 최근 큰 수술을 받았으며 수술 이후에 '중대한 위험(grave danger)'에 처해 있다""고 보도했다.CNN은 미 중앙정보국(CIA), 백악관 국가안전보장회의(NSC), 국무부에 김 위원장의 위독과 관련한 입장 발표를 요청했다고 전했다.하지만 청와대는 김 위원장의 건강이상설과 관련해 ""현재까지 북한 내부에 특이 동향이 식별되지 않고 있다""고 밝혔다.노동길 NH투자증권 연구원은 ""국내 주식시장 하락은 국제유가 하락과 함께 한반도 지정학 위험 부상 가능성을 반영하고 있다""며 ""국내 지정학 위험 부상에 따른 금융시장 반응을 외환에 서 가장 잘 반영한다는 점을 고려하면 원·달러 환율은 오전 시장에서 빠르게 반락하지 못하고 있어 추가 사실 확인이 필요할 것""이라고 분석했다.코스닥지수는 전 거래일(637.82)보다 9.05포인트(1.42%) 내린 628.77에 마감했다. 지수는 0.48% 내린 634.76에 출발해 장중 5.61% 급락했으나 점차 낙폭을 좁히며 장을 닫았다.코스닥시장에서 개인은 홀로 805억원어치를 사들였다. 반면 외국인과 기관은 각각 617억원, 124억원을 순매도했다.코스닥 시총 상위 10개 종목은 대부분 내렸다. 에이치엘비(-4.28%), 펄어비스(-0.66%), 케이엠더블유(-0.47%), CJ ENM(-2.79%), 씨젠(-2.84%), 스튜디오드래곤(-2.71%) 등이 하락했다. 셀트리온헬스케어(1.25%), 셀트리온제약(0.98%) 등은 상승했다. hwahwa@newsis.com<ⓒ 공감언론 뉴시스통신사. 무단전재-재배포 금지>",/news/news_read.nhn?article_id=0009827253&office_id=003&mode=search&query=LG화학&page=1
장 한때 2%대 하락도…기관·외국인 '팔자'시총상위株 희비 엇갈려…한진중공업 매각설에 '上',"[이데일리 이슬기 기자] 국제유가가 사상 첫 마이너스권에 진입하고 김정은 북한 국무위원장의 건강이상설이 보도되자 코스피 지수가 1%대 하락 마감했다. 기관과 외국인이 동반 매도에 나선 가운데 시가총액 상위종목들의 희비는 엇갈렸다.21일 마켓포인트에 따르면 이날 코스피 지수는 전 거래일 대비 1.00%(18.98포인트) 내린 1879.38에 장을 마쳤다. 코스피 지수는 간밤 미국 증시에서 국제유가가 배럴당 -37불을 기록하고, 김정은 위원장이 위독하다는 보도가 나오면서 이날 한 때 2%대 하락하며 낙폭을 키웠지만 장 후반께 다시 회복하며 장을 마쳤다.21일 코스피 지수 일일 추이(사진=대신증권 HTS)수급을 보면 외국인과 기관이 각각 5295억원, 1975억원 가량을 팔아치우며 동반 매도에 나섰다. 기관 중에서는 금융투자(-1828억원), 보험(-95억원) 등이 매도 우위를 보였다. 반면 개인은 장 초반부터 꾸준히 사들이며 총 7082억원 가량의 주식을 순매수했다.업종 별로 보면 은행, 섬유의복, 종이목재, 운송장비, 기계 등 업종이 2%대 하락했다. 증권, 비금속광물, 철강금속, 전기전자, 음식료품, 금융업, 유통업, 제조업 등은 1%대 하락 마감했다. 서비스, 보험, 의료정밀, 화학 등 업종은 1% 미만으로 내렸다. 반면 통신업은 1%대 상승했고, 건설, 의약 등은 1% 미만으로 올랐다. 시가총액 상위종목들은 희비가 엇갈렸다. 현대차(005380)는 4%대, POSCO(005490)는 2%대 내리면서 장을 마쳤다. 삼성전자(005930) 현대모비스(012330) 삼성물산(028260)은 1%대 하락 마감했다. SK하이닉스(000660) NAVER(035420)는 1% 미만으로 내렸다. 반면 SK텔레콤(017670) LG생활건강(051900) 삼성바이오로직스(207940) 등은 2%대 상승 마감했다. LG화학(051910) 카카오(035720)는 1% 미만으로 올랐다. 셀트리온(068270)과 삼성SDI(006400)는 보합권에서 장을 마쳤다.종목별로 보면 개성공단 관련주로 분류되는 남광토건(001260)이 상한가로 장을 마쳤다. 또 한진중공업(097230)이 매각을 추진중이라는 보도가 나오면서 한진중공업홀딩스(003480)와 함께 상한가를 기록했다. 동화약품(000020)이 천식 치료제 신약물질인 ‘DW2008’이 코로나 환자 치료에 효능이 있다고 밝히면서 6월 임상시험을 추진하겠다고 하자 상한가를 기록했다. 이날 거래량은 11억 4964만주, 거래대금은 13조 6685억원을 기록했다. 상한가 3개 종목을 비롯해 127개 종목이 올랐고, 하한가 없이 742개 종목이 내렸다. 32개 종목은 보합권에서 장을 마쳤다.이슬기 (surugi@edaily.co.kr)＜ⓒ종합 경제정보 미디어 이데일리 - 무단전재 & 재배포 금지＞",/news/news_read.nhn?article_id=0004624614&office_id=018&mode=search&query=LG화학&page=1
,"코스피가 외적인 충격 소식에도 불구 1% 하락에 멈췄다. 사상 초유의 국제유가 마이너스 소식과 김정은 북한 국무위원장의 위중설이라는 연속적인 충격 소식이 전해졌다. 국내 증시는 종일 술렁거렸지만, 큰 폭으로 떨어지지는 않았다.코스피는 21일 전 거래일 대비 1.00%(-18.98포인트) 하락한 1879.38에 거래를 마쳤다. 개인은 매수세, 외국인은 매도세를 주도했다. 각각 7082억원 순매수와 5283억원 순매도를 기록했다. 기관은 1975억원 순매도했다.코스피 시가총액 10개 상위종목은 혼조세다. 셀트리온과 삼성SDI는 보합세로 마감됐다. 삼성바이오로직스, LG생활건강, LG화학은 2% 가량 상승세를 보였고, 삼성전자와 SK하이닉스, 네이버 등은 1~2%대 하락세를 그렸다. 현대차는 –4.20%로 큰 폭으로 떨어졌다.코스닥도 전 거래일 대비 1.42%(-9.05포인트) 내린 628,77에 거래를 마쳤다. 개인은 805억원 순매수를 한 반면 외국인과 기관은 각각 614억원, 124억원 순매도를 기록했다.코스닥 시가총액 상위종목은 대부분 하락세를 나타냈다. 에이치엘비, 펄어비스, CJ ENM, 씨젠, 케이엠더블유, 휴젤 등이 1~4% 가량 내림세로 마감했다. 상승으로 마무리한 종목은 셀트리온헬스케어(1.25%)와 셀트리온제약(0.98%) 뿐이었다.국제유가는 사상 첫 마이너스를 기록했다. 5월 인도분 서부 텍사스산 원유(WTI)는 –37.63달러에 장을 마감했다. 이에 트럼프 대통령은 유가 이점을 노려 최대 7천500만배럴 규모의 전략비축유를 매입하는 방안을 검토중이라고 말했다.이에 더해 외부적 변수로 북한 김정은 위원장 중태설 소식까지 전해지면서 코스피는 한때 3% 넘게 폭락했다. 하지만 장 마감 직전부터 김 위원장의 상태 정상이라는 소식이 전해지면서 주가는 완화됐다.송창범 기자
 <저작권자 ⓒ '성공을 꿈꾸는 사람들의 경제 뉴스' 머니S, 무단전재 및 재배포 금지>",/news/news_read.nhn?article_id=0000533917&office_id=417&mode=search&query=LG화학&page=1
,"[아시아경제 오주연 기자] 21일 코스피가 1%대 하락마감했다. 사상 처음으로 원유가 마이너스대로 폭락한 데에 이어 김정은 북한 국무위원장이 수술 후 중태에 처했다는 소식이 전해지면서 시장의 불확실성이 확대됐기 때문이다.이날 코스피는 전 거래일 대비 1.00% 하락한 1879.38로 거래를 마쳤다. 전일 1900선이 무너진 데에 이어 전 거래일 대비 0.6%대 하락 출발했던 코스피는 장중 1898선까지 올라섰지만 김정은 북한 국무위원장이 최근 수술 후 '위중한 상황(grave danger)'에 처했다는 외신 보도로 급락했다. 이에 따라 코스피가 전 거래일 대비 2.99% 하락한 1841.66까지 떨어지기도 했다.그러나 이후 정부가 북한 관련해 특이상이 없다고 발표하면서 낙폭을 줄였다.시가총액 상위 종목 중 삼성전자(-1.70%)를 비롯해 SK하이닉스, NAVER, 현대차, 삼성물산 등이 하락했고 삼성바이오로직스(2.30%)와 LG화학(0.71%), LG생활건강(2.93%) 등은 상승했다.코스닥지수는 전 거래일 대비 1.42% 하락해 628.77로 장을 마감했다. 셀트리온헬스케어(1.25%)와 셀트리온제약(0.98%) 등은 상승한반면 에이치엘비(-4.28%), 펄어비스(-0.66%) 등은 하락마감했다.이경민 대신증권 연구원은 ""불확실성 변수와 이슈에 차익실현 심리가 커졌다""며 ""당분간 다양한 이벤트와 경제지표, 실적 발표 결과에 따른 등락과정이 좀 더 이어질 가능성을 열어놔야 할 것""이라고 말했다.오주연 기자 moon170@asiae.co.kr <ⓒ경제를 보는 눈, 세계를 보는 창 아시아경제 무단전재 배포금지>",/news/news_read.nhn?article_id=0004665388&office_id=277&mode=search&query=LG화학&page=1
코스피 1870선 후퇴,"글로벌 급변 정세에 코스피 상승세가 꺾였다.21일 코스피는 전일대비 18.98포인트(1.00%) 내린 1879.38로 거래를 마쳤다. 이날 국내 증시를 흔든 것은 사상 처음으로 마이너스를 기록한 유가와 함께 북한 김정은 국무위원장의 신변 이상설이다.이날 11.58포인트(0.61%) 내린 1886.78로 출발한 지수는 장 초반 글로벌 변동성 확대에 약세 흐름을 이어갔다. 1900선을 회복했던 1870선까지 밀렸다. 유가가 또다시 기록적으로 폭락하면서 위험자산 전반의 투자 심리를 저해했다. 서부텍사스원유(WTI) 5월물 가격은 이날 배럴당 마이너스(-) 37.63달러까지 떨어졌다. 전일 대비 낙폭은 무려 300%를 넘었다. 유가가 마이너스를 기록한 것은 사상 처음이다.이런 비정상적인 상황은 5월물 WTI가 다음날 만기가 되는 만큼 해당 계약을 청산하고 6월 등 원월물 계약으로 옮겨가는 거래가 이어진 탓이다. 5월 WTI 선물 매수 세력은 정유사나 항공사 등 실수요자들이지만, 수요 급감과 저유시설 고갈로 수요자가 없는 상황인 셈이다.여기에 김 국무위원장의 사망설이 불을 지폈다.앞서 미국 CNN방송은 20일(현지시간) 미국 관리를 인용해 '김 위원장이 수술 후 심각한 위험에 빠진 상태'라는 정보를 미국 정부가 주시하고 있다고 보도했다.보도에 따르면 김 위원장은 지난 15일 김일성 주석의 생일(태양절) 행사에 불참했으며 이에 따라 그의 건강을 둘러싸고 추측이 제기됐다. 또 데일리엔케이 역시 20일 북한 내부 소식통을 인용해 김 위원장이 지난 12일 심혈관계 시술을 받았다고 보도했다. 다만 청와대는 21일 일부 언론이 김정은 북한 국무위원장의 '건강 이상설'을 보도한 것을 두고 ""현재까지 북한 내부에 특이 동향이 식별되지 않고 있다""고 밝혔다. 정부 당국자는 김 위원장이 최근까지도 공개활동을 계속해온 점을 거론하며 ""제가 아는 범위 내에서는 (김정은의 건강이상을) 특별히 추정할만한 것은 보이지 않는다""고 말했다.김병연 NH투자증권 연구원은 ""오전에 CNN 보도에 따라 북한 김 위원장의 위급상황이 알려지자 원·달러 환율은 장중 1240원까지 오르고 코스피 또한 45포인트 하락하는 등 주요 아시아 주식 시장 1~2%대 떨어졌다""며 ""주식시장이 기피하는 것은 불확실성으로 정부가 곧 이어 김 위원장의 건강 이상설 관련 특이동향이 없다고 발표하자 시장은 진정세에 접어들었다""고 분석했다.이날 유가증권시장에서는 업종별로 은행, 섬유·의복, 종이·목재, 운송장비, 기계, 증권 등이 내렸고 건설업, 의약품, 전기가스업이 소폭 올랐다.매매주체별로 외국인과 기관이 각각 5295억원, 1975억원 순매도했고 개인이 7081억원 순매수했다. 프로그램 매매는 4772억원 매도 우위다.시가총액 상위 종목들은 희비가 엇갈렸다. 삼성전자, SK하이닉스, NAVER, 현대차 등이 내린 반면 삼성바이오로직스, LG화학, LG생활건강, SK텔레콤 등이 올랐다.이날 유가증권시장에서는 228개 종목이 올랐고 1051개 종목이 떨어졌다.코스닥은 전 거래일 대비 9.05포인트(1.42%) 하락한 628.77에 장을 마감했다.[디지털뉴스국 김규리 기자] [ⓒ 매일경제 & mk.co.kr, 무단전재 및 재배포 금지]",/news/news_read.nhn?article_id=0004561094&office_id=009&mode=search&query=LG화학&page=1
,"코스피 1% 하락…외국인, 이틀 새 1조원 순매도(서울=연합뉴스) 곽민서 기자 = 사상 첫 마이너스 유가와 북한 김정은 국무위원장의 신변 이상설에 따른 충격으로 21일 코스피가 1,880선 아래로 떨어졌다.

 이날 지수는 전 거래일보다 18.98포인트(1.00%) 내린 1,879.38로 거래를 마쳤다.

 지수는 전장보다 11.58포인트(0.61%) 내린 1,886.78로 출발해 약세 흐름을 이어갔다.

 이날 오전 김정은 위원장이 수술 후 중태에 빠졌다는 외신 보도가 전해지면서 장중 한때는 전장보다 2.99% 내린 1,841.66까지 떨어지기도 했다.

그러나 정부가 김 위원장의 신변 이상설을 부인한 뒤 낙폭은 다소 줄었다.

이원 부국증권 연구원은 ""국제유가 급락으로 위험자산 기피 현상이 나타나면서 아시아 증시가 동반 하락세를 보였다""고 설명했다.

이경민 대신증권 연구원은 ""최근 증시는 1,900선 안착에 부담을 느끼는 가운데 유가 폭락이나 지정학적 불확실성 등 외부 변수에 따른 차익 실현 심리가 커진 상황""이라며 ""당분간 이벤트에 따른 등락이 이어질 가능성을 열어둬야 한다""고 진단했다.

 이날 유가증권시장에서 외국인은 5천295억원어치(장 종료 전 잠정치)를 순매도했다.

 앞서 지난달 5일부터 30거래일 연속 순매도 행진을 기록했던 외국인은 이달 17일 하루 3천억원가량을 순매수한 뒤 다시 이틀 연속 '팔자'를 이어갔다.

이틀간 누적 순매도 금액은 약 1조230억원으로 집계됐다.

 기관 역시 1천975억원을 순매도했다. 반면 개인은 7천80억원가량을 순매수했다.

주가가 오른 종목은 130개, 내린 종목은 742개였고 32개 종목은 보합 마감했다.

시가총액 상위 종목 가운데는 삼성전자(-1.70%)와 SK하이닉스(-0.85%), 네이버(-0.83%), 현대차(-4.20%), 포스코(-2.56%) 등이 내렸다.

삼성바이오로직스(2.30%)와 LG화학(0.71%), LG생활건강(2.93%) 등은 올랐다.

 업종별로는 은행(-2.77%), 섬유·의복(-2.64%), 운송장비(-2.33%), 기계(-2.16%), 증권(-1.93%), 전기·전자(-1.46%) 등이 약세였고, 통신업(1.37%)과 건설업(0.88%)은 강세를 보였다.

 프로그램 매매는 차익거래와 비차익거래 모두 매도 우위로, 전체적으로는 4천772억원의 순매도로 집계됐다.

 이날 유가증권시장의 거래량은 11억4천여만주, 거래대금은 약 13조6천494억원이었다.

코스닥지수는 전 거래일보다 9.05포인트(1.42%) 내린 628.77로 종료했다.

지수는 전장보다 3.06포인트(0.48%) 내린 634.76으로 개장해 장 초반 한때 상승하다가 내림세로 돌아섰다.

 코스닥시장에서도 외국인이 616억원, 기관이 123억원을 각각 순매도했다. 개인은 805억원을 순매수했다.

 시총 상위 종목 가운데는 에이치엘비(-4.28%)와 펄어비스(-0.66%), CJ ENM(-2.79%), 씨젠(-2.84%) 등이 내렸다.


셀트리온헬스케어(1.25%)와 셀트리온제약(0.98%), 제넥신(5.91%) 등은 올랐다.

 코스닥시장의 거래량은 21억1천700여만주, 거래대금은 12조5천342억원으로 집계됐다.

 이날 서울 외환시장에서 원/달러 환율은 전일보다 9.2원 오른 달러당 1,229.7원에 거래를 마쳤다.

mskwak@yna.co.kr",/news/news_read.nhn?article_id=0011562639&office_id=001&mode=search&query=LG화학&page=1
"개인, 7천억원 순매수…코스닥 5일만에 1.4% 내려","[아이뉴스24 류은혁 기자] 코스피는 국제유가가 사상 처음으로 마이너스(-)로 떨어진 데다 김정은 북한 국무위원장이 위중한 상태라는 설까지 돌면서 크게 출렁거린 가운데 하락세로 마감했다.21일 코스피지수는 전날보다 18.98포인트(1.00%) 내린 1879.38에 마감했다. 이날 코스피는 국제유가의 대폭락 충격에 하락세로 출발, 김정은 국무위원장이 위독하다는 보도가 나오면서 낙폭을 키웠다. 장중 3% 가까이 떨어졌다가 개인이 적극적인 매수에 나서면서 하락폭을 줄였다.간밤 서부텍사스원유(WTI) 5월물 가격은 배럴당 -37.63달러까지 떨어졌다. 전일 대비 낙폭은 무려 300%를 넘었다. 이는 5월물 WTI가 다음날 만기가 되는 만큼 해당 계약을 청산하고 6월 등 원월물 계약으로 옮겨가는 거래가 이뤄진 탓으로 보인다.또 김정은 북한 국무위원장이 수술을 받은 후 중태에 빠졌다고 미국 CNN이 보도하면서 국내 증시에 악재로 작용했다.개인이 7천82억원 순매수한 반면 외국인과 기관이 각각 5천283억원, 1천975억원 순매도했다.이날 시가총액 상위 10종목은 혼조세를 나타냈다. 삼성바이오로직스(2.30%), LG화학(0.71%), LG생활건강(2.93%)은 오른 반면 삼성전자 –1.70%, SK하이닉스 –0.85%, 삼성전자우 –1.95%의 하락률을 보였다.업종별로는 대부분 하락세를 나타냈다. 우주항공과국방(4.26%), 운송인프라(2.46%) 업종이 상승한 반면 무역회사와 판매업체(-3.27%), 자동차(-3.25%), 문구류(-3.21%) 업종이 하락했다. 이날 상한가 종목은 한진중공업, 동화약품, 남광토건 3개였고, 하한가 종목은 없었다.코스닥지수는 전 거래일 대비 9.05포인트(1.42%) 내린 628.77에 장을 끝냈다. 개인이 786억원 순매수한 반면 외국인과 기관은 각각 613억원, 105억원 순매도했다.시가총액 상위 10종목은 혼조세를 보였다. 셀트리온헬스케어(1.25%), 셀트리온제약(0.98%)이 올랐고, 에이치엘비 –4.28%, 펄어비스 –0.66%, 케이엠더블유 –0.47%의 하락률을 보였다. 이날 상한가·하한가 종목은 없었다.한편 이날 서울외환시장에서 원/달러 환율은 전 거래일 대비 9.20원 오른 1229.7원에 마감됐다. ehryu@inews24.com [ⓒ 아이뉴스24 무단전재 및 재배포 금지]",/news/news_read.nhn?article_id=0000535222&office_id=031&mode=search&query=LG화학&page=1
,"[서울경제] <유가 증권>▲=자금세탁방지 프로그램 미흡 이유로 미국 금융감독청으로부터 1,050억원 규모 과징금 부과 ▲=서울회생법원 회생절차 개시여부 결정 보류 ▲=무기 자외선 차단제 프리 반투명 화장료 조성물에 대한 특허권 취득 ▲=15억원 규모 자사주 취득 결정 ▲=미국 바이오의약품 개발업체 주식 61억원 규모 취득 결정 <21일><코스닥>▲=식약처에서 샤르코-마리-투스병 치료제의 제1/2a상 임상시험계획 승인 ▲=중국 항서제약과 면역항암제 캄렐리주맙의 한국 독점 라이선스 도입 계약 체결 ▲=LG화학과 32억원 규모 2차전지 제조장비 공급계약 체결 ▲=30억원 규모 코로나19 항체 신속진단키트 공급계약 ▲=47억원 규모 자사주 취득 후 소각 결정 ▲=개선계획 이행내역서 제출 ▲=피앤에스티와 소규모 합병 승인 이사회 결의 <21일>/신한나기자 hanna@sedaily.com저작권자 ⓒ 서울경제, 무단 전재 및 재배포 금지",/news/news_read.nhn?article_id=0003727589&office_id=011&mode=search&query=LG화학&page=1
"외국인, 삼성바이오로직스 344억 원 매수·삼성전자 1589억 원 매도","[더팩트ㅣ정소양 기자] 21일 국내증시는 하향곡선을 그렸다.이날 코스피 시장에서 외국인과 기관은 각각 5283억원, 1975억 원을 순매도했다. 반면 개인은 7082억 원을 순매수했다.외국인의 코스피기업 최대 매수는 삼성바이오로직스로 향했다. 외국인은 이날 삼성바이오로직스 344억 원, 셀트리온 163억 원, 카카오 133억 원, SK텔레콤 121억 원, KODEX 레버리지 94억 원 순으로 순매수했다.반면 삼성전자는 1859억 원가량 팔았다. 뒤를 이어 현대차 795억 원, SK하이닉스 679억 원, 한국조선해양 212억 원, 삼성전자우선주 211억 원을 순매도했다.코스닥 시장에서는 케이엠더블유 52억 원, 휴젤 30억 원, 네이처셀 27억 원, 리노공업 20억 원을 사들였다. 반면 메디톡스 237억 원, 씨젠 144억 원, 에이치엘비 68억 원, 화일약품 35억 원 등은 팔아치웠다.이날 기관투자자의 코스피 기업 최대매수는 KODEX 200선물인버스2X였다. 기관은 200선물인버스2X 428억 원, LG생활건강 272억 원, 삼성바이오로직스 270억 원, KODEX 200 265억 원을 순매수했다.반면 삼성전자는 815억 원 순매도했다. 이어 KODEX 레버리지 367억 원, 현대차 337억 원, 삼성SDI 143억 원, 현대모비스 135억 원을 팔아치웠다.시가총액 상위 종목은 혼조세로 마감했다. 삼성전자(-1.70%), SK하이닉스(-0.85%), 삼성전자우선주(-1.95%) 등은 하락했고, 삼성바이오로직스(2.30%), LG화학(0.71%), LG생활건강(2.93%) 등은 올랐다.jsy@tf.co.kr저작권자 ⓒ 특종에 강한 더팩트 & tf.co.kr 무단 전재 및 재배포 금지",/news/news_read.nhn?article_id=0000023626&office_id=629&mode=search&query=LG화학&page=1
롯데케미칼 울산공장 일부 공정 가동 중단,"[서울=뉴시스] 김지은 기자 = 코로나 사태에 따른 수요 감소로 석유화학 업계가 잇달아 감산에 돌입했다. 21일 업계에 따르면 롯데케미칼은 울산공장 메타자일렌(MeX) 2개 라인과 파라자일렌(PX) 1개 라인 가동을 중단했다. 올 연말까지 해당 공정을 중단할 예정으로 시황이 개선될 경우 재가동 시기를 앞당길 수도 있다고 회사 측은 전했다.SK종합화학은 지난달 SK 울산CLX(콤플렉스) 내 제1 나프타분해공정인 NCC공정과 합성고무제조공정인 EPDM공정을 가동 중단한다고 밝혔다.시황에 크게 영향을 받는 범용제품 생산공정 일부를 가동 중단하기로 한 것이다. 고부가 화학제품 비중을 높이는 사업구조 전환의 일환으로 글로벌 신증설의 영향에 따른 공급과잉도 영향을 줬다.LG화학은 지난달 한시적으로 여수공장 스팀크래커 가동률을 95%로 5%포인트 낮추며 수요 감소에 대응했다.한 석유화학 업계 관계자는 ""저유가는 원가 절감으로 이어져 유화업계에는 호재로 작용하지만 수요 절벽이 문제""라며 ""시황 악화에 상황이 개선되지 못하고 있다""고 토로했다.정유회사 상황은 더욱 암울하다. 수요 감소와 국제 유가 급락에 따른 재고평가손실로 정유 4사의 1분기 영업적자 규모가 3조원을 넘어설 수 있다는 전망도 나온다.한국신용평가는 올해 1분기 국내 정유 4사의 영업손실 규모가 최대 3조6000억원에 이를 것으로 내다봤다.이에 정유사들은 수요 절벽에 대비해 정유 공장 가동률을 85% 미만으로 낮추고, 정기보수 앞당기기, 희망 퇴직 시행 등을 검토하고 있다.SK이노베이션은 정유 공장 가동률을 100%에서 85%로 낮췄다. 여기에 5~6월 예정된 정기 보수를 1~2주가량 앞당기는 방안을 검토 중이다. 보수에 들어가면 가동률은 현 수준보다 약 10%포인트 더 내려간다. 현대오일뱅크는 제2공장 원유정제처리시설 및 중질유분해시설 가동을 다음 달 22일까지 중단하기로 했고, GS칼텍스는 여수 공장의 정제 설비 정기 보수를 예정보다 앞당겨 실시하고 있다. 연초부터 가동률을 일시적으로 80% 수준으로 낮춘 에쓰오일은 창사 이래 첫 희망퇴직 실시를 검토 중이다. 한 정유사 관계자는 ""코로나 여파로 수요 감소가 장기간 이어지면 추가 감산도 검토하지 않을 수 없는 상황""이라며 ""적어도 상반기 내내업황 부진이 예상된다""고 덧붙였다. kje1321@newsis.com<ⓒ 공감언론 뉴시스통신사. 무단전재-재배포 금지>",/news/news_read.nhn?article_id=0009827389&office_id=003&mode=search&query=LG화학&page=1
방위산업주 빅텍 전장대비 23.76% 급등세,"코스피 지수가 사상 첫 마이너스 국제유가 충격과 김정은 중태설에 1% 하락으로 장을 마쳤다.21일 코스피는 전 거래일보다 18.98포인트(1%) 내린 1879.38을 기록했다. 5월 인도분 서부 텍사스산 원유(WTI)가 배럴당 -37.63달러를 기록했다는 소식에 오전 장중 약세를 보였다. 이후 미국 언론을 통해 김정은 북한 국무위원장이 수술후 중태에 빠졌다는 소식에 하락폭을 확대했다.이날 유가증권시장에서는 외국인이 5295억원을 순매도했다. 기관도1974억원을 팔아치웠다. 개인은 홀로 7084억원을 쓸어담았다.시가총액 상위 종목 가운데는 삼성전자(-1.70%)와 SK하이닉스(-0.85%), 네이버(-0.83%), 현대차(-4.20%) 등이 하락했다. 반면 삼성바이오로직스(2.30%), LG화학(0.71%), LG생활건강(2.93%) 등은 대부분 올랐다.업종별로는 섬유의복(-2.64%), 종이목재(-2.35%), 기계(-2.16%), 운송장비(-2.33%), 음식료품(-1.35%), 비금속광물(-1.49%), 철강금속(-1.47%) 등이 약세를 보였다. 의약품과 전기가스업, 건설업, 통신업 등은 소폭 상승세를 기록했다.프로그램 매매는 차익 거래와 비차익 거래 모두 매도 우위를 보였다. 전체 4772억원의 순매도로 집계됐다.코스닥지수는 전 거래일보다 9.05포인트(1.42%) 내린 629.77로 거래를 마쳤다. 코스닥시장에서도 외국인이 616억원, 기관이 104억원을 각각 순매도했다. 개인은 785억원가량을 순매수했다. 시총 상위 종목 중에서는 에이치엘비(-4.28%), CJ ENM(-2.79%), 씨젠(-2.84%) 등이 하락세로 장을 마쳤다. 이날 김정은 위중설에 방산주가 껑충 뛰었다. 전자전장비 제조업체이자 대표적인 방위산업주인 빅텍은 전장대비 23.76% 급등했다. 한화에어로스페이스(5.34%), 한국항공우주(5.51%) 등이 강세를 보였다.이날 서울 외환시장에서 원달러 환율은 전 거래일보다 9.19원(0.75%) 오른 달러당 1229.70원에 거래를 마쳤다.최진명 NH투자증권 연구원은 ""정확한 사실관계 확인이 안되고 있다는 점에서 변동성의 확대가 발생할 수 있고, 이에 따른 투자자의 주의가 필요한 상황""이라며 ""해프닝으로 끝나는 경우에도 주가흐름의 변곡점으로 작용될 수 있다""고 말했다.데일리안 이미경 기자 (esit917@dailian.co.kr)ⓒ (주)데일리안 - 무단전재, 변형, 무단배포 금지",/news/news_read.nhn?article_id=0002397489&office_id=119&mode=search&query=LG화학&page=1
유가하락에 NCC 수익성 개선LG화학·롯데케미칼 주가 급반등美업체 'ECC 방식' 에틸렌 생산셰일가스 생산 축소로 타격,"저유가 시대가 장기화할 조짐을 보이면서 나프타분해설비(NCC) 중심의 한국 석유화학 업체가 ‘슈퍼 사이클’에 올라탈 것이라는 기대가 높아지고 있다. 세계 최대 에틸렌 생산국인 미국이 셰일가스에서 에틸렌을 뽑아내는 에탄크래커(ECC) 방식을 사용하고 있어 유가 하락과 셰일가스 생산 축소가 맞물리면서 ‘20년 만에 NCC 시대를 맞았다’는 분석도 나온다.20일(현지시간) 미국 뉴욕상업거래소(NYMEX)에서 5월 인도분 서부텍사스원유(WTI) 선물은 배럴당 -37.63달러에 거래를 마감했다.코로나19 사태로 올 1분기 실적 직격탄을 맞은 국내 석유화학 업체는 저유가 상황을 반기고 있다. 특히 국내 석유화학업계가 석유 제품인 나프타를 분해해 에틸렌을 생산하는 NCC 방식을 채택해 경쟁국에 비해 특수를 누릴 가능성이 높아졌다는 분석이다. 석유화학 업체들에 저유가는 원료(나프타) 가격을 낮출 수 있어 호재다. 이 같은 기대감에 관련 기업 주가도 상승세다. 롯데케미칼은 이날 1.5% 오른 20만3500원에 장을 마쳤다. 3거래일 연속 오름세다. 대한유화는 2.56% 상승한 12만원에 거래가 마감됐다. LG화학 역시 소폭(0.71%) 올랐다. 국제 유가 하락에 따른 원가절감 효과가 2분기부터 본격적으로 반영될 것으로 예상되는 만큼 추가 상승도 예측되는 상황이다.전문가들은 “2015년 저유가 당시 경험한 호황과는 차원이 다른 수준의 호황을 맞이할 수 있다”고 전망했다. ‘석유화학의 쌀’로 불리는 에틸렌을 뽑아내는 방식은 국가마다 차이가 있는데, 현재는 한국에 유리한 구도가 형성됐기 때문이다. 세계 1위 생산국인 미국은 셰일가스에서 에틸렌을 뽑아내는 ECC 방식을, 2위인 중국은 CTO(석탄 분해설비)를 주로 이용해 에틸렌을 생산하고 있다. 국내 기업은 NCC 방식으로 꾸준히 생산량을 늘려왔다.한국 업체엔 셰일가스 및 오일 생산량이 급감한 것은 호재다. 2015년 유가가 하락한 원인은 셰일가스 생산량 확대였다. 이 때문에 ECC 원가도 덩달아 하락했다. NCC만 특수를 누릴 상황이 아니었다. 황유식 NH투자증권 연구원은 “이번 유가 하락 국면에선 셰일가스 및 오일 생산량이 감소할 것으로 전망된다”며 “NCC의 원가 경쟁력은 압도적으로 개선될 수 있다”고 분석했다. 그러면서 “셰일가스의 생산량이 감소할 경우 에탄가스 생산량도 줄어들게 되는데, 이는 ECC 원료 비용이 급등하는 요인이 된다”고 부연했다.업계에서 20년 만에 NCC 시대를 맞이할 수 있다는 전망이 나오는 것은 지금보다 ‘포스트 코로나’ 시대에 대한 기대가 크게 작용하고 있다. 실제 유가가 하락한다 해서 당장 원료 가격에 반영되지는 않는다. 1분기 석유화학업체의 실적이 고꾸라진 것도 이 때문이다.원료를 미리 비축해둬야 하는 특성상 수개월 전 가격으로 구입한 원료를 사용할 수밖에 없다. 코로나19 사태로 수요가 급격히 줄었지만 비싼 값에 사들인 원료로 에틸렌 등을 생산하고 있어 수익이 악화될 수밖에 없는 구조다. 하지만 유가가 폭락한 상황에서 사들인 원료를 비축해두면 코로나19 종식 이후 원가경쟁력은 급등한다. 지금보다 수요가 늘어 제품 판매가가 오를 경우 수익폭은 더욱 확대될 것이란 설명이다. 업계 관계자는 “ECC의 경쟁력이 약해진 상황에서 저유가로 생산원가가 낮아진 만큼 실적 개선이 기대된다”고 말했다.국내 기업은 꾸준히 NCC 설비를 확대하고 있다. LG화학과 롯데케미칼은 2021년 가동 목표로 각각 80만t과 75만t 규모 공장을 추가 건설 중이다. 다만 롯데케미칼은 3조5000억원을 투입해 설립한 미국 ECC 프로젝트에 비상이 걸렸다는 우려도 나온다. 롯데케미칼은 2011년 고유가 지속으로 석유화학 부문 실적이 악화되자 원료 다변화 차원에서 ECC 프로젝트를 진행해왔다.박재원 기자 wonderful@hankyung.com▶ ▶
 ▶
ⓒ 한국경제 & , 무단전재 및 재배포 금지",/news/news_read.nhn?article_id=0004328144&office_id=015&mode=search&query=LG화학&page=1
제11회 한국IB대상채권발행,"KB증권은 7년 연속 채권발행시장(DCM) 1위에 오르며 이 분야의 절대강자 자리를 지키고 있다. KB증권은 지난해 총 455건, 21조3539억원어치 채권(은행채·특수채 제외) 발행을 대표로 주관해 DCM 1위를 차지했다. 전년보다 주관 금액을 10.7% 더 늘렸다. 시장 점유율도 20.37%에서 20.80%로 높였다.KB증권은 일반 회사채, 여신전문금융회사채, 자산유동화증권(ABS) 분야에서 모두 선두권에 오르며 고르게 실적을 쌓았다. 특히 회사채시장에서 손꼽히는 대형 거래에 연이어 참여해 두각을 나타냈다. 2018년에 이어 지난해에도 LG화학의 1조원어치 채권 발행을 맡아 흥행을 이끌었다. 이 밖에 포스코(1조원), LG유플러스(9900억원), SK인천석유화학(6000억원) 등 대규모 회사채 발행에 잇달아 이름을 올렸다. 이 증권사가 지난해 대표로 주관한 회사채만 223건, 13조2102억원어치에 달했다.KB증권은 획기적인 자금 조달 방식을 고안하는 데도 앞장서고 있다. 이 증권사는 지난해 HSD엔진(800억원)과 두산큐벡스(250억원) 등의 담보부채권 발행을 주관해 은행 전유물로 여겨졌던 담보 차입 시장에서 확실한 존재감을 보이고 있다.한국 채권시장에 외국 기업을 유치하는 일에도 앞장서고 있다. KB증권은 지난해 말 중국 동방항공의 3000억원 규모 아리랑본드(외국 기업이 한국에서 발행한 원화채권) 발행을 단독으로 주관했다.김진성 기자 jskim1028@hankyung.com▶ ▶
 ▶
ⓒ 한국경제 & , 무단전재 및 재배포 금지",/news/news_read.nhn?article_id=0004328203&office_id=015&mode=search&query=LG화학&page=1
20개 종목 구성된 우선주지수하락 땐 더 많이 떨어지지만상승장선 코스피보다 우위배당 매력 높아지는 추세에외국인 보유 비중 4.5→7.9%조정땐 분할매수 고려할만,"코스피가 조정기에 들어갈 경우 대형 우량주의 우선주에 관심을 가져볼 만하다는 분석이 제기되고 있다. 우선주는 시장이 떨어질 땐 더 많이 빠지지만, 반등장에선 시장보다 더 큰 상승률을 보이는 것으로 나타났기 때문이다. 우선주는 배당 매력도 높아 '일석이조'의 안정적 투자가 될 수 있다는 설명이다. 21일 코스피는 1900선에서 다시 1800선으로 후퇴했지만, 2차 저점이 시작된 것인지는 미지수다. 2차 저점이 현실화된다고 가정해도 어떻게 전개될지 불확실한 상태다. 그럼에도 코스피 대비 '내릴 때 더 내리고, 오를 때 더 오르는' 우선주의 특성을 이용해 분할 매수에 나선다면, 2차 저점을 찍고 반등 국면에서 시장을 이기는 투자 성과를 올릴 수 있다는 게 해당 전략의 요체다. 이정빈 IBK투자증권 선임연구원은 ""1차 저점 당시와 마찬가지로, 향후 2차 저점이 오더라도 그 누구도 바닥을 예측하고, 매수에 나서는 건 쉽지 않다""면서 ""보통주 매수 전략과 마찬가지로, 우선주에 대해서도 분할 매수를 실시한다면 추후 반등 국면에서 시장을 초과한 성과를 올릴 수 있을 것""이라고 진단했다.21일 IBK투자증권이 2010년부터 지난해까지 연간 '코스피 우선주 지수'와 코스피의 수익률을 비교한 결과, 증시가 급락한 이후 회복하는 연도에서 코스피 우선주 지수 수익률이 코스피 수익률보다 우수한 것으로 나타났다. 다만 증시가 아직 추락하는 와중에서는 오히려 우선주 지수보다 코스피가 더 적게 하락했다. 코스피 우선주 지수는 삼성전자우, LG화학우, 현대차2우B, 아모레퍼시픽우, SK이노베이션우 등 국내 우선주를 대표하는 종목 20개로 구성된다. 2011년 유로존 경제위기와 함께 미국 정부의 신용등급 강등으로 인해 코스피가 급락한 해에는 코스피 연간 수익률은 -11%, 코스피 우선주 지수 수익률은 -17%였다. 그러나 이후 2012~2013년에 걸친 회복 국면에서 코스피 연간 수익률은 각각 9%, 1%에 불과했지만 코스피 우선주 지수 수익률은 12%, 34%에 달했다.2018년 미·중 무역분쟁 돌입과 나스닥 기술주 폭락 사태가 벌어졌던 해에도 코스피 연 수익률은 -17%, 코스피 우선주 지수 수익률은 -23%였지만, 2019년 말 미·중 1단계 무역협상 합의와 더불어 회복하는 구간에선 코스피 수익률(8%)보다 코스피 우선주 지수 수익률(9%)이 더 높았다. 900개가 넘는 종목으로 구성된 코스피 대비, 20개 종목에 불과한 코스피 우선주 지수의 등락률이 더 크게 변하는 건 자명하다. 그럼에도 코스피 우선주에 주목할 만한 배경에는 중장기적 관점에서 배당 매력도가 점차 높아지는 추세라는 점이 자리 잡고 있다. 코스피 배당수익률은 2010년 1.29%를 기록한 뒤 2015년 1.61%, 2018년 2.23%로 점진적으로 높아지고 있다. 이 연구원은 ""코스피 우선주 지수는 고점에서 하락으로 전환되는 변곡점에 특히 취약하다""며 ""코로나19 관련 악재가 사라지고, 코스피가 상승 또는 횡보로 진입한 게 확실해져야 우선주에서 초과 수익을 기대할 수 있다""고 말했다.코스피 배당수익률이 높아지면서, 점차 외국인 매수가 유입되는 점도 중장기적 관점에서 우선주 투자에 나설 만한 이유를 제공한다. 17일 기준 외국인이 코스피에서 보유한 시가총액은 478조원으로, 이 가운데 우선주 시가총액 지분은 약 38조원이다. 외국인 전체 보유 시총 규모에서 우선주가 차지하는 비중은 아직 7.9%에 불과하지만, 해당 비중은 2010년 말 4.49%에서 계속해서 늘어나는 흐름을 타고 있다. 보통주에 비해 비교적 안정적 현금흐름을 보여준다는 점에서 우선주의 다른 대체 투자자산인 국채 수익률이 저금리 기조로 인해 상당히 내려간 점도 우선주 투자에 우호적인 환경을 만들어주고 있다.그러나 2016년 1월 말부터 코스피 현금배당수익률이 국채 금리를 역전한 데 이어, 기준금리 '제로금리' 시대가 열리면서 17일 기준으로는 수익률 차이(일드갭)가 2.72%까지 벌어졌다. 국채 투자의 기대수익률도 제로금리 수준에 수렴함에 따라 국채 대신 가치가 안정적인 우량 우선주에 투자하는 방안이 더욱 주목을 받게 될 전망이다. 이 연구원은 ""우선주는 배당매력도가 높으면서도, 개별 종목 위주로 접근하면 대체로 변동성이 낮은 특성을 띤다""고 설명했다.
[안갑성 기자] [ⓒ 매일경제 & mk.co.kr, 무단전재 및 재배포 금지]",/news/news_read.nhn?article_id=0004561249&office_id=009&mode=search&query=LG화학&page=1
롯데케미칼 울산공장 일부 공정 가동 중단,"[서울=뉴시스] 김지은 기자 = 코로나 사태에 따른 수요 감소로 석유화학 업계가 잇달아 감산에 돌입했다. 저유가 호재에도 극심한 시황 악화에 가동률 조정에 나선 것이다.21일 업계에 따르면 롯데케미칼은 울산공장 메타자일렌(MeX) 2개 라인과 파라자일렌(PX) 1개 라인 가동을 중단했다. MeX는 폴리에틸렌테레프탈레이트(PET), 도료 등에 쓰이는 고순도이소프탈산(PIA) 원료로 사용되고, PX는 PET병 등의 원료인 테레프탈산 제조에 사용된다. 올 연말까지 해당 공정을 중단할 예정으로 시황이 개선될 경우 재가동 시기를 앞당길 수도 있다고 회사 측은 전했다. SK종합화학은 지난달 SK 울산CLX(콤플렉스) 내 제1 나프타분해공정인 NCC공정과 합성고무제조공정인 EPDM공정을 가동 중단한다고 밝혔다.시황에 크게 영향을 받는 범용제품 생산공정 일부를 가동 중단하기로 한 것이다. 고부가 화학제품 비중을 높이는 사업구조 전환의 일환으로 글로벌 신증설의 영향에 따른 공급과잉도 영향을 줬다.LG화학은 지난달 한시적으로 여수공장 스팀크래커 가동률을 95%로 5%포인트 낮추며 수요 감소에 대응했다.한 석유화학 업계 관계자는 ""저유가는 원가 절감으로 이어져 유화업계에는 호재로 작용하지만 수요 절벽이 문제""라며 ""당장은 물량 조절에 나설 수밖에 없다""고 토로했다.정유회사 상황은 더욱 암울하다. 수요 감소와 국제 유가 급락에 따른 재고평가손실로 정유 4사의 1분기 영업적자 규모가 3조원을 넘어설 수 있다는 전망도 나온다. 한국신용평가는 올해 1분기 국내 정유 4사의 영업손실 규모가 최대 3조6000억원에 이를 것으로 내다봤다.이에 정유사들은 수요 절벽에 대비해 정유 공장 가동률을 85% 미만으로 낮추고, 정기보수 앞당기기, 희망 퇴직 시행 등을 검토하고 있다.SK이노베이션은 정유 공장 가동률을 100%에서 85%로 낮췄다. 여기에 5~6월 예정된 정기 보수를 1~2주가량 앞당기는 방안을 검토 중이다. 보수에 들어가면 가동률은 현 수준보다 약 10%포인트 더 내려간다. 현대오일뱅크는 제2공장 원유정제처리시설 및 중질유분해시설 가동을 다음 달 22일까지 중단하기로 했고, GS칼텍스는 여수 공장의 정제 설비 정기 보수를 예정보다 앞당겨 실시하고 있다. 에쓰오일은 창사 이래 첫 희망퇴직 실시를 검토 중이다. 한 정유사 관계자는 ""코로나 여파로 수요 감소가 장기간 이어지면 추가 감산도 검토하지 않을 수 없는 상황""이라며 ""적어도 상반기 내내 업황 부진이 예상된다""고 덧붙였다. kje1321@newsis.com<ⓒ 공감언론 뉴시스통신사. 무단전재-재배포 금지>",/news/news_read.nhn?article_id=0009827650&office_id=003&mode=search&query=LG화학&page=1
