head,text,url
삼성전자 평균매수가 5만1600원 10일 종가 기준 -4%대…폭락장에 샀다면 평가익현대차 평균 평가이익률 12% 넘어…순매수 상위 10개 종목 중 평가손 평가익 '반반',"(서울=뉴스1) 양새롬 기자,정은지 기자 = 신종 코로나바이러스 감염증(코로나19)발(發) 증시 폭락 과정에서 등장한 '동학개미'(개인투자자)들이 집중 매수한 삼성전자 등 주요 종목의 손익분기점은 어느 수준일까. 또 현재 시점에서 동학개미들의 평가손실 또는 평가이익은 어느 정도일까. 12일 <뉴스1>이 한국거래소의 데이터를 이용해 코로나19 국내 확산이 본격화한 2월18일부터 최근 거래일인 4월10일까지 동학개미 순매수 상위 10개 종목의 평균매수가격 추정치(순매수금액/순매수량)를 산출해 중간 성적표를 점검해 봤다. 지난 10일 종가와 비교했을 때 삼성전자(-4.6%), 삼성전자우(-5.4%), SK하이닉스(-3.6%), 삼성SDI(-2.5%), 한국전력(-4.7%) 등 5개 종목에선 평균적으로 동학개미들이 -4%~-3% 수준의 평가손실을 보고 있는 것으로 나타났다.
 반면 현대차(12.5%), LG화학(4.6%), SK이노베이션(18.2%), 신한지주(1.5%), 포스코(4.0%) 등 5개 종목에선 평균적으로 평가이익을 내고 있다.'동학개미운동'은 '동학삼전운동'으로도 불린다. 외국인들이 한국 증시 대장주인 삼성전자를 연일 팽개칠 때 동학개미들은 고스란히 삼성전자를 주워담았다. '삼성전자가 망하면 대한민국이 망하는건데, 결국 오를거다', '반도체 경기는 반등하고 말거다', '남들이 삼성전자 사면 이득본다고 하던데' 등 이유는 각양각색이었지만 지난 근 두달동안 동학개미들은 삼성전자를 6조9843억원 어치 순매수했다. 이 기간 동학개미 전체 순매수 19조2473억원 중 36.3%에 해당한다. 이 기간 개인이 매수한 삼성전자 평균매수가는 5만1602원으로 추정됐다. 즉 5만1602원이 손익분기점이다. 10일 종가인 4만9250원과 비교했을 때 아직 -4.6% 평가손실을 보고 있다. 앞으로 5% 정도 오르면 평균적으로 이익구간에 진입한다. 다만 삼성전자의 올해 최고가가 6만2800원(1월20일)이고 최저가는 4만2300원(3월19일)인 만큼 폭락장에서 삼성전자 주식을 샀다고 가정하면 이미 수익은 어느 정도 거둔 상황으로 해석된다. 실제 개인은 지난달 24일(종가 4만6950원)과 지난 6일(종가 4만8700원) 각각 삼성전자를 2797억원와 3351억원 팔아치운 바 있다. 최저가에 샀다는 가정 아래 이들의 수익률은 각각 15.36%와 15.13%로 쏠쏠하다. 당시에도 일부 차익 실현 매물이 나온 것이라는 해석이 주를 이뤘다. 같은 기간 삼성전자 외 개인 순매수 상위 종목은 Δ삼성전자우(1조1091억원) ΔSK하이닉스(9435억원) Δ현대차(8450억원) Δ삼성SDI(6285억원) ΔLG화학(4303억원) Δ한국전력(3782억원) ΔSK이노베이션(3142억원) Δ신한지주(3110억원) ΔPOSCO(2437억원) 등이다. 개인이 두 번째로 많이 산 삼성전자우의 평균 매수가가 4만4624원으로 손익분기점(10일 종가 4만2200원)을 넘진 못했다. SK하이닉스(평균 매입가 8만7271원, 10일 종가 8만4100원)의 경우도 -3.6% 평가손실을 기록 중이다. 반면 동학개미들이 조금 늦게 매수하기 시작한 현대차에선 평가이익을 보고 있는 것으로 집계됐다. 이 기간 개인의 현대차 평균 매수가는 8만8647원으로 10일 종가(9만9700원)와 비교해 12.5% 평가이익을 냈다. 만약 국내 증시가 패닉에 빠졌었던 지난달 19일(종가 6만5900원) 현대차를 매수한 개인이라면 이미 50%가 넘는 수익률을 기록했을 것으로 추정된다. 동학개미 순매수 상위 10개 종목 중에선 SK이노베이션의 평가이익률이 18.2%로 가장 높았다. 김학균 신영증권 리서치센터장은 ""IMF 외환위기 당시 삼성전자 주가는 고점 대비 72%, 글로벌 금융위기 때는 46%나 급락했지만 이번 조정 국면에서의 하락률은 31%에 그친다""며 ""시가총액 300조원을 넘나들고 있는 삼성전자는 기본적으로 무거운 주식이다. 삼성전자야말로 장기간 보유해야 보답을 받는다""고 했다.flyhighrom@news1.kr© 뉴스1코리아(), 무단 전재 및 재배포 금지",/news/news_read.nhn?article_id=0004580394&office_id=421&mode=search&query=LG화학&page=1
예전과 다른 3가지…우량주 매수·빚보단 내돈투자·비교적 싼구간 매수코로나19발 변동성 장세 상당기간 지속될 수도…장기전 대비 지적,"(서울=뉴스1) 양새롬 기자 = ""과거의 사례처럼 동학개미운동은 실패로 끝날 것인가? 이 질문에 대한 필자의 대답은 실패로 끝나지 않을 수도 있다는 것이다. 코로나19 팬데믹이 정점에 도달하지 않은 상황에서 섣부른 미래 예측일 수 있겠지만 올해 개인 투자자들이 보여준 행보가 심상치 않다""(이창현 현대차증권 연구원)""복잡한 분석에 앞서 위기는 늘 기회였다는 학습효과가 작용하고 있고 구애의 대상은 오랜기간 동안 검증된 한국의 대표주인 삼성전자다. IMF외환위기 당시 삼성전자 주가는 고점 대비 72%, 글로벌 금융위기 때는 46%나 급락했지만 이번 조정 국면에서의 하락률은 31%에 그친다. 단기 반등 강도는 낙폭이 컸던 코스닥 종목군 등에 비해 훨씬 약하게 나타날 가능성이 높다""(김학균 신영증권 리서치센터장)신종 코로나바이러스 감염증(코로나19)발(發) 폭락장에서 등장한 동학개미운동에 대해 다양한 평가가 나온다.
 동학개미운동은 삼성전자를 놓고 개인은 연일 주워담고 외국인은 매일 팽개치는 '매수매도 공방'을 벌인 상황을 1884년 반봉건·반침략을 목표로 일어난 농민들의 사회개혁운동 '동학농민운동'에 빗댄 말이다.동학개미운동으로 불리는 개미(개인투자자)의 주식매수 열풍은 지난달 '일평균 거래대금 역대 최대, 개인 순매수 역대 최대, 고객예탁금 역대 최대' 등 진기록을 연이어 세웠다.
이에 증권가에선 과거 금융위기 때와 달리 똑똑해진 개미가 치킨게임에서 승리할 수도 있는 것 아니냐는 관측이 나온다. 그 이유로는 삼성전자와 같은 우량주 매수패턴, 빚보다는 내돈 투자패턴, 아직은 장담하긴 이르지만 비교적 싼 구간에서 매수 등을 꼽는다.
 다만 코로나19 팬데믹(세계적 유행)에 따른 실물경제 타격, 유럽 미국 지역의 확진자 증가 등을 감안하면 글로벌 증시의 변동성 장세는 상당기간 지속될 수 있어 장기전에 대비해야 한다는 지적이 적지 않다. 12일 한국거래소에 따르면 지난달 개인투자자는 코스피 시장에서 11조1893억원을 순매수했다. 이는 역대 최대 기록을 연이어 경신했던 지난 1월 4조4830억원과 2월 4조8973억원의 두 배를 넘어선 수준이다.증시 거래대금도 역대 최대치 기록을 갈아치웠다. 국내 증시의 지난달 일평균 거래대금은 18조4763억원으로 역대 최대였던 지난 2018년 1월(15조8220억원)을 넘어섰다. 특히 역대급 '사자' 행진이 이어진 27일에는 코스피와 코스닥을 합쳐 거래량(30억2595만주)과 거래대금(27조4288억원)은 사상 최대를 기록했다.증시 대기자금인 주식계좌의 투자자예탁금도 44조1643억원으로 집계됐다.이러한 가운데 31번 확진자가 나왔던 지난 2월18일부터 최근 거래일인 지난 10일까지 개인이 유가증권(코스피) 시장에서 순매수한 상위 10개 종목 가운데 절반인 5개 종목(현대차, LG화학, SK이노베이션, 신한지주, 포스코)은 이미 수익 실현 구간에 접어들기도 했다. 이 기간 SK이노베이션의 개인 평균 매수 단가는 8만5013원인데, 10일 종가는 10만500원으로 18%가 넘는 수익률을 기록 중인 것으로 추정된다. 이 외에 10일 종가 대비 평균 매수 단가의 상승률은 현대차(12.5%), LG화학(4.6%), 포스코(4.0%), 신한지주(1.5%) 순으로 높았다. 반면 삼성전자(-4.6%), 삼성전자우(-5.4%), SK하이닉스(-3.6%), 삼성SDI(-2.5%), 한국전력(-4.7%) 등 5개 종목에선 평균적으로 동학개미들이 -4%~-3% 수준의 평가손실을 보고 있는 것으로 나타났다.
 이나예 한국투자증권 연구원은 ""코스피가 2000선을 이탈한 3월 이후 국내 증시에서 개인 누적 순매수 규모가 13조원에 달한다""며 ""더 이상 개인 투자자들을 영향력 없는 '개미'로 치부하긴 어려워 보인다""고 분석했다. 김학균 신영증권 리서치센터장은 ""그간 주가가 많이 오른 다음에 대규모 자금이 유입됐기 때문에 한국의 주식투자자들은 집단적 성공의 경험이 별로 없다""면서도 ""다행히도 이번에는 한국주식에 과잉이 없는 밸류에이션에서 자금이 기록적으로 들어왔다""고 진단했다.flyhighrom@news1.kr© 뉴스1코리아(), 무단 전재 및 재배포 금지",/news/news_read.nhn?article_id=0004580398&office_id=421&mode=search&query=LG화학&page=1
,"[머니투데이 강민수 기자] [편집자주] 매일같이 수조원의 자금이 오가는 증시는 정보의 바다이기도 합니다. 정확한 정보보다는 거품을 잡아 손실을 보는 경우가 많습니다. 머니투데이가 상장기업뿐 아니라 기업공개를 앞둔 기업들을 돋보기처럼 분석해 ‘착시투자’를 줄여보겠습니다.[[종목대해부]]게임 업종은 코로나19(COVID-19) 장기화로 인해 '집콕' 족이 늘어나면서 실적 호조가 기대되는 대표적인 수혜주다. '사회적 거리 두기'가 길어지자 외출이 줄어들면서 게임 이용자 수 및 이용시간이 늘어날 것으로 기대되기 때문이다. 이 가운데 엔씨소프트는 단연 돋보이는 종목이다. 주가는 올해 들어 지난 10일까지 20% 넘게 상승했다. 같은 기간 코스피지수가 연초 대비 15%가량 빠진 점을 고려하면 상당한 수익률이다. 전반적인 투자심리 위축에 지난달 19일에는 장중 50만4000원까지 떨어지긴 했으나, 채 한 달도 안 돼 29% 가까이 회복했다. 증권가의 주가 전망 역시 상당히 긍정적이다. 전문가들은 리니지M과 지난해 출시한 리니지2M의 견조한 매출, 오는 하반기 리니지 2M 해외 출시와 신작 론칭 일정 등이 주가 상승 동력으로 작용할 것으로 전망했다. 게임업종 전반이 입을 수혜도 한몫했다.코로나19로 인한 게임업계의 타격은 제한적이며, 오히려 긍정적으로 판단된다. 외부 활동 감소로 게임 이용이 증가한 덕분이다. 실제로 이는 벌써부터 관련 지표에도 나타나고 있다. 게임 플랫폼 스팀의 3월 마지막 주 동시접속자 수(PCU)는 전주 대비 15% 증가한 2268만명으로 역대 최대치를 경신했다. 스팀의 유저 수는 중국에서 코로나19 확산이 본격화된 지난 2월부터 급격하게 증가, 2003년 9월 서비스를 시작한 이래 최초로 동시접속자 수가 2000만명을 돌파했다. 미국에서도 온라인 트래픽이 전반적으로 증가했는데, 특히 게임 분야의 이용량이 가장 큰 폭으로 늘어난 것으로 추정됐다. 미국 이동통신업체 버라이즌과 케이프투자증권 자료에 따르면 미국 주요 분야별 주간 트래픽 증가율은 게임 75%, 웹 트래픽 20%, 비디오 스트리밍 12% 등으로 나타났다. 코로나19 확산 이후 중국 모바일 게임 총 다운로드 수는 지난해 평균 대비 약 80% 급증했고, 국내 모바일 게임 다운로드 수도 약 35% 늘었다. 글로벌 게임 스트리밍 플랫폼의 시청률도 높아지는 추세다. 최근 트위치 시청률은 전주 대비 10%, 유튜브는 15% 증가한 것으로 추산된다.
과거 경험에 비춰봤을 때도 경기 침체 시 게임 산업은 타 업종에 비해 성장세를 보였다. 글로벌 금융위기 직후였던 2009년 글로벌 GDP(국내총생산)은 5.2% 하락했지만, 게임산업은 2년 연속(2008년 8.1%, 2009년 4.9%) 성장세를 지속했다. 닷컴 버블 붕괴가 이뤄진 2001년에도 1.1% 성장해 글로벌 GDP 성장률(-0.7%)을 웃돌았다.이진만 SK증권 연구원은 ""불황, 전염병 발생 등으로 내부 활동이 증가하고 성장이 둔화하는 기간에 게임 산업은 상대적으로 높은 성장률을 기록했다""며 ""활동 침체기에 간편하고 저렴한 엔터테인먼트인 게임 이용 증가하기 때문""이라고 판단했다. 엔씨소프트가 여타 게임업체들과 비교해 갖는 차별성은 바로 '리니지'라는 지식재산권(IP)이다. 1998년 처음 출시된 리니지 IP는 지금까지 20년 넘게 사랑받을 정도로, 이용자 충성도가 상당히 높다. 이에 기반해 2017년과 2019년 출시한 모바일 게임 '리니지M'과 '리니지2M'은 구글 플레이 매출 1~2위를 나란히 차지하고 있을 정도다. 두 게임의 사전예약 수는 각각 550만건, 738만건에 달한다. 두 게임 모두 출시하자마자 각종 순위를 석권하며 '대박'을 쳤다. 2017년 6월 출시 2일만에 구글 플레이 최고 매출 순위 1위를 달성한 리니지M은 2년 5개월동안 이를 유지하는 기록을 세웠다. 이어 지난해 12월 리니지2M 출시 4일만에 리니지M은 구글 플레이 매출 1위 자리를 '바통 터치'했다. 이후 리니지2M은 구글 플레이 매출 1위를 현재까지 이어오고 있다.금융정보업체 에프앤가이드가 집계한 컨센서스(시장 전망치)에 따르면 엔씨소프트의 올해 1분기 매출액은 전년 동기대비 97% 늘어난 7052억원, 영업이익은 249% 증가한 2778억원으로 예상된다. 메리츠증권은 리니지M의 올해 1분기 매출액을 2024억원(일 평균 22억원), 리니지2M은 3496억원(일 평균 38억원)으로 추정했다. 두 게임의 매출 비중은 각각 28.7%, 49.6%를 차지한다. 둘을 합치면 무려 78.3%에 달한다.리니지2M 출시 이전만 해도 두 게임 간 '동족상잔'이 일어날 수도 있다는 우려가 일었으나, 이는 크지 않았다. 모바일 빅데이터 플랫폼 아이지에이웍스에 따르면 지난해 11월 27일 리니지2M 출시 당일부터 지난 1월 22일까지 리니지M 이용자는 12만명에서 10만명으로 줄어드는 데 그쳤다. 이 기간 리니지M 일 평균 매출은 20억원대로 유지됐다.주 이용자 층이 40대 이상 중장년층이라는 점도 매출을 높이는 요인이 됐다. 와이즈앱에 따르면 리니지2M의 이용자 가운데 '40대 이상'이 56.1%를 차지하는 것으로 나타났다. 김동희 메리츠증권 연구원은 ""구매력 있는 이용자들이 실내 체류 및 개인 여가시간 확대로 매출 증대에 기여한 것으로 판단한다""고 설명했다.코로나19로 인한 게임 이용 증가세가 대형·상위 게임 위주로 이뤄진다는 점도 호재다. 이진만 연구원은 ""외부 활동 감소 기간 대형 유저 기반과 커뮤니티 가진 상위 온라인 게임으로의 상대적 쏠림 효과를 확인했다""며 ""모바일게임도 상위 인기 게임 매출 증가 폭이 상대적으로 더 클 것""이라고 예상했다. 정호윤 한국투자증권 연구원은 ""리니지2M의 월 평균 일매출액은 1월 37억원에서 3월에는 40억원 수준까지 상승했는데, 이는 모바일 다중접속역할수행게임(MMORPG) 시장에서의 굳건한 지위와 코로나19 영향 등에 따른 이용자 증가 및 사용시간 증가 등의 영향으로 파악된다""고 분석했다.엔씨소프트는 리니지 IP의 해외 출시 및 신작 론칭 등도 계획 중이다. 게임업계 등에서는 오는 4분기에 리니지2M이 일본에 출시될 것으로 예상하고 있으며, '아이온2' 또는 '블레이드앤소울2' 출시 또한 4분기로 점쳐진다. PC·콘솔 음악게임 '퓨저'는 하반기 북미·유럽에, '블소S'는 2분기에 출시할 것으로 보인다. 김학준 키움증권 연구원은 ""리니지M은 특수성 때문에 국내 및 대만에서만 성과를 냈지만 리니지2M은 대중성을 겸비하고 있어 하반기와 내년으로 이어지는 해외지역 확장이 기대된다""고 전했다. 다만, 코로나19로 인해 신작 출시가 연기될 수 있다는 우려도 인다. 코로나19로 인한 전사 유급휴가, 4일 근무제 실시 등으로 인해 신작 개발이 늦어질 수 있다는 것이다. 올해 상반기 리니지IP의 흥행 사이클이 매우 튼튼하다는 점 역시 신작 출시에 서두르지 않아도 될 이유이기도 하다. 정호윤 연구원은 ""국내에서 차별화된 경쟁력으로 모바일게임 핵심 장르인 MMORPG 시장에서 1등 사업자의 지위를 이어나갈 것""이라며 ""장기적으로는 IP 기반의 신작 이외에도 PC·콘솔 신작 및 해외 사업부에서의 결과물 등 다양하게 보여줄 것이 많다""고 강조했다.외국인 투자자가 27거래일 연속 순매도하는 역대급 '팔자' 행진 중에도 '엔씨' 주식은 샀다는 점 역시 주목할 만하다. 올해 들어서 외국인은 코스피시장에서 무려 17조8200억원이 넘게 팔아치웠는데, 이 가운데에도 엔씨소프트 주식은 1219억원어치를 순매수했다. 국내 증시가 급등락을 겪은 지난달에는 외국인의 투매가 이어졌으나, 회복세를 보인 이달 들어서는 다시 매수세로 돌아섰다. 지난 한주(4월6일~10일) 외국인은 엔씨소프트 주식을 229억원어치를 사들였는데, 이는 삼성전자, 삼성바이오로직스, LG화학, SK하이닉스, 스튜디오드래곤에 이어 6번째(ETF 제외)로 많았다. 같은 기간 외인은 유가증권시장 전체에서는 7669억원을 순매도했다. 현재 주가(10일 종가 65만원)는 저점(50만4000원) 대비 29%가량 올랐으나, 2월 말~3월 초 당시 고점과 비교하면 투자 매력이 있는 수준이다. 이진만 연구원은 ""주요 매수 주체이던 외국인의 투매 등으로 주가수익비율(PER)이 16.3배 수준""이라며 ""리니지M 매출 정점 기록 당시 PER 20배 초중반까지 상승했고, 20배 초반의 글로벌 동종업체의 PER 수준을 고려하면 밸류에이션(가치평가) 매력이 있다""고 평가했다. 강민수 기자 fullwater7@mt.co.kr
<저작권자 ⓒ '돈이 보이는 리얼타임 뉴스' 머니투데이, 무단전재 및 재배포 금지>",/news/news_read.nhn?article_id=0004393138&office_id=008&mode=search&query=LG화학&page=1
,"[아시아경제 송화정 기자]외국인이 국내 증시에서 9주 연속 '팔자'세를 지속했다. 매도세를 지속하면서 줄곧 삼성전자를 순매도 1위에 올렸던 외국인은 지난 주에는 삼성전자를 모처럼 가장 많이 사들였다.12일 한국거래소에 따르면 외국인은 지난 6일부터까지 10일까지 한 주 동안 국내 주식시장에서 약 1조1140억원을 순매도했다. 유가증권시장에서 7670억원을, 코스닥시장에서는 3470억원을 각각 팔아치웠다.외국인이 지난 주 가장 많이 사들인 종목은 삼성전자였다. 외국인은 지난 주 삼성전자를 2336억원 순매수했다. 뒤이어 삼성바이오로직스를 1233억원 사들였다. 이밖에 LG화학(548억원), 셀트리온(400억원), SK하이닉스(355억원), 스튜디오드래곤(234억원), 엔씨소프트(229억원), 삼성전자우(192억원), 펄어비스(147억원), 코미팜(86억원) 등을 순매수했다.지난 주 외국인이 가장 많이 판 종목은 셀트리온헬스케어였다. 외국인은 지난 주 셀트리온헬스케어를 2737억원 순매도했다. 이어 현대차를 606억원 팔았다. 이밖에 KT&G(577억원), NAVER(565억원), 현대모비스(471억원), 강원랜드(451억원), 기아차(419억원), 카카오(387억원), LG전자(377억원), KB금융(325억원) 등이 외국인 순매도 상위에 올랐다.증시는 잠시 쉬어가는 흐름을 보일 것이란 전망이다. 김병연 NH투자증권 연구원은 ""하락분의 50% 되돌림 점인 1850포인트는 잠시 쉬어가는 구간""이라며 ""더딘 신용경색 우려 둔화, 우한 이동 재개, 라마단 등으로 인해 신종 코로나바이러스감염증(코로나19) 재확산에 대한 우려 심리 및 경계감이 여전한 상황""이라고 말했다.당분간은 종목장세가 나타날 것으로 예상된다. 김 연구원은 ""다만 증안펀드 집행, 미국 4차 재정정책 논의, OPEC+(석유수출국기구인 OPEC과 10개 주요 산유국 연대체) 감산 합의 여부 등 기대감도 높아 조정이 나타나더라도 하락분의 33% 되돌림 점인 1700선 초반이 지지선으로 작용할 것""이라며 ""삼성전자 실적 가이던스 발표 이후 2분기 추정치 및 연간 추정치 하향에 대한 여파가 존재한다는 점에서 당분간은 미국과 유럽 코로나19 확진자 수 증감에 따라 일희일비하는 종목장세가 예상된다""고 덧붙였다.송화정 기자 pancake@asiae.co.kr <ⓒ경제를 보는 눈, 세계를 보는 창 아시아경제 무단전재 배포금지>",/news/news_read.nhn?article_id=0004660007&office_id=277&mode=search&query=LG화학&page=1
4차 산업혁명 기술주전통 제조업체 수요 둔화 직면인터넷 플랫폼·반도체주 '후끈'자율주행·전기차 시대 빨라지며2차전지주 LG화학 등 이익 늘 것,"신종 코로나바이러스 감염증(코로나19)이 아직 기승을 부리고 있지만 투자자들의 시선은 벌써 ‘코로나 이후의 세계’에 가 있다. ‘현재’가 아니라 ‘미래’를 반영하는 주식시장에선 한 박자 빨리 움직여야 수익을 올릴 수 있기 때문이다.전문가들은 4차 산업혁명주가 코로나 이후 세계에서도 가장 유망할 것으로 보고 있다. ‘온라인’과 ‘비대면’ 활동의 가속화는 결국 정보기술(IT) 수혜로 이어질 수밖에 없다는 분석이다.김지산 키움증권 리서치센터장은 “코로나19는 사회 전반에 걸쳐 많은 것을 변화시킬 것”이라며 “특히 온라인 경제가 커지면서 5세대(5G) 이동통신과 인공지능(AI) 등 4차 산업혁명을 더욱 가속화할 것”이라고 말했다.코로나 이후의 세계에선 비대면 경제 활동이 일상이 될 전망이다. 재택근무, 온라인 교육, 온라인 쇼핑 등이다. 여전히 야외 활동이 조심스러운 사람들의 태도도 그렇지만 이번 코로나19 사태를 거치면서 새로운 온라인 서비스를 경험한 사람이 대폭 늘었기 때문이다. 김중원 현대차증권 투자전략팀장은 “원래 생활 패턴으로 돌아가는 사람도 있겠지만 어떤 사람들은 온라인 서비스의 편리함을 받아들이게 될 것”이라고 말했다.이런 예상은 주가에 반영되고 있다. 카카오는 올 들어 지난 10일까지 4.9% 올랐다. 코스피지수가 15.3% 하락한 것과 비교하면 상당한 성과다. 코로나19 급락장에서도 낙폭이 크지 않았기 때문이다. 엔씨소프트는 20.2% 올랐다. 한국경제TV 전문가인 박창윤 파트너는 “이전에는 게임을 안 좋은 시각으로 보는 사람도 있었지만 코로나19를 거치면서 이미지가 많이 개선됐다”며 “앞으로 게임 시장 성장세가 가팔라질 것”이라고 말했다.네이버(-10.7%), 삼성전자(-11.7%), SK하이닉스(-10.6%) 등도 카카오나 엔씨소프트에 비해선 부진했지만 SK이노베이션(-33.0%), 기아차(-30.0%), 포스코(-24.7%) 등 기존 전통 제조업체들과 비교해서는 선방했다. 박 파트너는 “코로나19로 인해 전통 제조업체들은 수요 둔화에 직면할 것”이라며 “반면 경제의 중심축이 온라인으로 이동하면서 인터넷 플랫폼 업체들과 반도체 등 온라인 인프라 업체들은 호황을 맞을 수 있다”고 설명했다.전문가들은 4차 산업혁명과 관련한 중소형주도 유망하다고 봤다. 에치에프알과 칩스앤미디어, 케이아이엔엑스 등이다. 김대복 파트너는 “칩스앤미디어는 반도체 설계 전문회사”라며 “미국 시장을 중심으로 안정적인 로열티 매출과 자동차용 반도체 관련 매출이 늘어나고 있다”고 말했다. 고점 대비 47.2% 하락한 칩스앤미디어는 지난 10일까지 74.5% 반등하는 저력을 보였다. 에치에프알은 5G 장비주로 지난해 159.0% 오른 데 이어 올해도 12.9%로 상승세를 지속하고 있다.케이아이엔엑스에 대해 박창윤 파트너는 “국내 유일의 중립적 인터넷 인프라 서비스 기업으로 국내 인터넷 가입자의 약 15%가 중립적 통신망을 쓰고 있다”며 “5G 상용화와 비대면 문화 확대로 인해 전망이 밝다”고 말했다.온라인 및 비대면과의 연관성은 약하지만 코로나19로 덩달아 주가가 급락한 4차 산업혁명주에도 관심을 가질 필요가 있다는 진단이다. 대표적으로 전기차 시장의 성장에 혜택을 받는 2차전지주가 꼽힌다. 삼성SDI는 코로나 이전 34만3500원까지 올랐지만 지난 10일 기준 25만원으로 고점 대비 27.1% 하락한 상태다.양태원 파트너는 “코로나19 사태가 진정되면 향후 성장성이 높은 2차전지주의 주가 상승이 가팔라질 것”이라며 “삼성SDI, LG화학, 일진머티리얼즈 등 세계적으로 경쟁력 있는 2차전지주를 미리 담아둘 필요가 있다”고 말했다.산유국들의 알력에 유가가 급락했지만 전기차로 자동차산업의 중심축이 이동하는 것은 이제 돌이킬 수 없는 흐름이라는 분석이다. 금융정보업체 에프앤가이드에 따르면 삼성SDI의 올해 영업이익은 7375억원으로 작년보다 59.6% 급증할 것으로 전망된다. LG화학도 올해 영업이익이 1조2475억원으로 39.3% 증가할 것으로 기대된다.임근호 기자 eigen@hankyung.com▶ ▶
 ▶
ⓒ 한국경제 & , 무단전재 및 재배포 금지",/news/news_read.nhn?article_id=0004322851&office_id=015&mode=search&query=LG화학&page=1
CATL 중국시장 침체로 고전日파나소닉 고객다변화 실패테슬라·유럽고객 성장세 지속수주잔액 中·日업체의 2배올해 글로벌 1위 흑자 기대,"LG화학이 코로나19 확산 속에서 전기차 배터리 세계시장 점유율 1위 달성을 눈앞에 두고 있다. 그동안 배터리 공급처 다변화에 신경 쓴 덕분에 안정적으로 점유율을 끌어올린 데 이어 수주잔액 또한 경쟁사인 일본의 파나소닉과 중국의 CATL에 크게 앞서 있기 때문이다. 업계에서는 코로나19 진정과 함께 중국과 유럽의 전기차시장이 안정화되면 LG화학 성장세가 가파르게 이어질 것으로 기대하고 있다. 최근 캐나다 소재 시장조사기관 '애덤스 인텔리전스'는 지난 2월 LG화학이 전 세계 전기차 배터리 용량의 3분의 1에 달하는 35%를 차지하며 파나소닉과 CATL을 제치고 1위에 올랐다고 밝혔다. 시장조사기관에 따라 조사 방법 에 차이가 있는 만큼 업계에서는 LG화학이 아직 파나소닉을 제치지는 못한 것으로 보고 있다. 하지만 이르면 올해 상반기에 1위가 가능할 것이라는 전망이
나온다. SNE리서치는 올해 1~2월 LG화학의 전기차 배터리시장 점유율이 26%로 파나소닉(29.8%)에 이어 2위를 차지했다고 밝혔는데 이는 지난해 같은 기간 10.4%와 비교하면 두 배 이상 늘어난 수치다. 파나소닉과의 점유율 차이는 지난해 10%포인트 이상이었지만 올해 3~4%포인트로 줄었다.
업계는 LG화학 강점으로 공급처 다변화를 꼽고 있다. 파나소닉은 테슬라에 주로 배터리를 공급하다 보니 점유율이 테슬라 실적에 따라 요동쳤다. 지난해 파나소닉의 월별 점유율은 10%대에서 30%대까지 오르락내리락했다. 전 세계 전기차 소비의 절반이 중국에서 이뤄진 만큼 CATL은 중국 완성차 업체 배터리 공급으로 점유율 1위를 지켰다. 하지만 지난해 8월 이후 경기 침체로 중국시장이 위축되면서 CATL 점유율이 떨어지기 시작했다. LG화학은 2019년 1월 10% 초반대 점유율로 시작했지만 포드, 현대자동차, 폭스바겐, 테슬라 등에 배터리를 공급하면서 지난해 말 점유율을 20% 가까이 끌어올렸다. 특히 유럽시장에 주력한 전략이 빛을 발했다. 유럽은 강력한 친환경 정책 속에서 전기차시장이 확대되고 있는데 2016년 폴란드에 배터리 생산거점을 지으며 진출한 LG화학은 유럽 생산능력을 기존 6GWh에서 지난해 말 30GWh로 끌어올리며 시장 확대에 대응했다. 올해 초 수주잔액은 LG화학이 150조원을 넘어섰으나 파나소닉과 CATL은 70조~80조원씩에 머무른 것으로 알려졌다. 코로나19 확산세가 수그러들면 유럽 전기차시장이 확대되고 이에 따라 LG화학 성장세가 지속될 것으로 예상된다. 유럽자동차제조사협회(ACEA) 등이 유럽연합(EU)에 이산화탄소 배출규제 완화를 요청하면서
전기차시장이 얼어붙을 수 있다는 전망이 나왔지만 다임러와 폭스바겐, BMW 등 독일 자동차 '빅3'가 규제 완화에 반대 입장을 표명함에 따라 전기차시장에 미칠 영향은 제한적일 것으로 보인다. 업계 관계자는 ""완성차 공장이 가동을 중단해도 그동안 배터리가 부족했던 만큼 배터리 공장은 모두 가동되고 있다""며 ""큰 이변이 없는 한 올해 LG화학이 전기차 배터리 부문 흑자를 기록할 것으로 점쳐지고 있다""고 말했다.
[원호섭 기자] [ⓒ 매일경제 & mk.co.kr, 무단전재 및 재배포 금지]",/news/news_read.nhn?article_id=0004555515&office_id=009&mode=search&query=LG화학&page=1
,"국내의 신종 코로나바이러스 감염증(코로나19) 확산 상황이 점차 안정화되고 있지만 이로 인한 잿빛 터널은 한참 더 이어질 전망이다. 2008년의 글로벌 금융위기 때보다 회복 기간이 더 길어질 것이라는 비관적 전망이 대세다. 현 정부 들어 지속한 반(反)시장적 정책 탓에 경제체력이 떨어질 대로 떨어진 상태에서 맞이한 코로나19의 충격의 여진이 상당할 것이라는 얘기다.
전국경제인연합회 한국경제연구원은 12일 ‘주요 경제위기와 현재 위기의 차이점과 향후 전망’ 보고서에서 “코로나19로 인한 한국경제 위기가 글로벌 금융위기 때보다 장기화할 가능성이 크다”고 진단했다. 코로나19 이전부터 이미 한국경제의 기초체력이 약해져 있었다는 게 주요 근거다.

 특히 한경연은 현재의 한국경제를 둘러싼 정책환경이 과거 미국 대공황 초기와 유사하다고 짚었다. 한경연은 “미국은 대공황 초기 1933년에 최저임금제 도입, 주 40시간 노동시간, 생산량 제한 등 강력한 반시장 정책을 펼쳤다”며 “이러한 정책으로 대변되는 소득주도성장으로 올해 한국경제의 성장률이 1%로 전망되는 등 이미 하락폭은 점차 커지고 있던 상황”이라고 주장했다. 기초체력이 약해진 상황에서 코로나19의 글로벌 확산까지 덮치며 상황이 더 악화했다는 의미다.
한경연은 또 “세계교역 증가율이 약 6%포인트 감소할 것으로 예상된다”며 “과거 사례를 보면 각국이 비관세장벽을 높이는 방식으로 보호무역조치를 강화할 가능성이 크다”고 덧붙였다. 주식시장의 경우에도 실물경제의 호전 없이는 결국 하향 추세를 벗어나기는 어려울 것이라고 진단했다. 조경연 한경연 경제연구실장은 “세계 금융위기 때는 한국경제가 기초체력이 나쁘지 않아서 신속히 회복할 수 있었지만 지금은 소득주도성장으로 성장률 하락폭이 커지던 상황”이라며 “(금융위기 때보다) 장기침체 가능성이 크다”고 분석했다.

 지난 8일 현대차 울산공장 야적장과 수출선적부두에 완성차들이 대기하고 있다. 연합뉴스

최근 국내 기업들의 해외 공장 생산차질과 국내외 소비심리 위축 역시 불황 장기화에 대한 불안감을 더하고 있다.
 이미 수차례 멈췄다 가동하길 반복했던 자동차와 전자 등의 해외 공장들의 셧다운(가동중단)이 장기화할 조짐까지 보이고 있다.
 지난달 18일부터 가동을 멈춘 현대차 앨라배마 공장은 다음달 1일까지 문을 닫는다. 애초 13일부터 재개할 예정이었지만 미국 내 확산세 등을 감안해 휴업을 연장키로 했다. 현대차 브라질 공장, 기아차 미국 조지아 공장, 멕시코 공장 등도 현지 정부 방침 등에 따라 각각 휴업 기간을 늘렸다.
 현대·기아차 한국과 중국 공장은 문은 열었지만 수출물량이 줄어들며 휴업과 재개를 반복하고 있다. 삼성전자와 LG전자는 멕시코의 TV 공장을 13일부터 멈추기로 했다. 현지 수요 감소와 부품 수급, 물류 차질 등 복합적인 영향을 미친 탓이다.
 삼성과 LG의 유럽, 인도 공장들의 셧다운 연장 가능성도 다분한 상황이다. 이밖에도 LG화학과 삼성SDI, SK이노베이션 등 전기차 배터리 업체, 포스코와 현대제철 등 철강업체의 해외 가공센터 등도 해외 공장의 셧다운 추가 및 연장 가능성이 재차 거론되고 있다.

 소매유통 기업들의 2분기 경제전망도 사상 최저점까지 내려갔다. 대한상공회의소는 올 2분기 소매유통업 경기전망지수(RBSI)가 66으로 2002년 조사 시작 이래 가장 낮았다고 이날 밝혔다. RBSI는 소매유통업체들의 현장체감 경기를 수치화한 것으로 0~200으로 표시되며 100을 웃돌면 호전을 전망한 기업이 더 많다는 뜻이고 100 미만은 그 반대다.
 업종별로 백화점, 슈퍼마켓, 편의점 등이 모두 전분기대비 하락했고, 대형마트는 지난 분기 80에서 이번에 44로 최대 36포인트 하락해 낙폭이 가장 컸다. 그동안 유일하게 긍정적 전망을 이어온 온라인·홈쇼핑 업계 상황도 변했다. 온라인·홈쇼핑은 1분기 105에서 2분기엔 84로 집계됐다.

 국민의 회복에 대한 기대심리도 꽁꽁 얼어붙었다. 맥킨지앤드컴퍼니가 발간한 소비자 분석 보고서를 보면, 지난달 28∼29일 설문한 18세 이상 한국인 소비자 600명 중 ‘경제가 2∼3개월 내 반등해 코로나19 사태 전 수준을 회복할 것’이라고 답한 응답자는 25%에 그쳤다. 대신 응답자의 61%는 ‘경제 충격이 6∼12개월 또는 그 이상 오래 이어지면서 경기 침체나 저성장이 올 것’이라고 내다봤다. 또 14%는 ‘경제에 항구적인 충격이 가해지면서 장기간 경기침체에 빠질 것’이라고 답했다.
 미국의 대선과 맞물린 미·중 무역분쟁 심화 가능성도 우려된다. 한국무역협회는 이날 “코로나19 확산을 계기로 미국과 중국이 진원지 공방을 벌이는 등 최근 미·중 분쟁의 전선(戰線)이 다시 확장되는 양상이 보인다”고 밝혔다.

 보고서는 “앞으로 미·중 관계는 1단계 합의 이행을 통해 리커플링(재동조화)으로 돌아갈 유인과 코로나19로 인해 미국이 의료품 자급 등 보건 안보를 이유로 중국과의 디커플링(탈동조화)을 가속할 유인이 혼재하는 불확실한 상황이 이어질 것”이라고 예상했다.

 이어 “한국 기업은 대중 압박을 지속할 것으로 예상되는 미국과 코로나19 이후 세계경기 회복에 무시할 수 없는 존재인 중국 사이에서 상황별 시나리오를 충분히 점검하며 대비해야 한다”고 강조했다.
 이정우 기자 woolee@segye.comⓒ 세상을 보는 눈,",/news/news_read.nhn?article_id=0003455769&office_id=022&mode=search&query=LG화학&page=1
