head,text,url
,"[머니투데이 황국상 기자]
코로나19 사태로 급락장세가 진행된 기간 '개미'(개인 투자자)들은 삼성전자를 비롯해 국내 증시 대형·우량 종목을 집중 매수했다. 이번 폭락장세로 주가가 하락한 기간을 바겐세일 기회로 삼아 대거 매수한 것이다. 증권업계에서는 ""개미들의 행태가 달라졌다""는 평가가 나온다.28일 한국거래소에 따르면 코스피가 지난 5일 2085.26을 기록한 이후 이달 들어 1500선을 내준 후 다시 1700선을 회복하는 과정에 이르는 16거래일간 개인들은 코스피·코스닥 양 시장에서 9조1778억원을 순매수했다. 위기 때마다 증시 우군으로 등장하는 연기금 등의 자금도 2조7779억원어치가 유입됐다. 개인과 연기금의 매수세는 이달 들어 가속화된 외국인 매도 물량을 받아내며 왕성한 저가매수세를 보였다. 외국인의 국내 증시 순매도 규모는 11조1230억원에 이른다.삼성전자에 대한 개인 순매수 규모가 4조2210억원으로 가장 많았다. 전체 개인 순매수 규모의 약 절반 정도가 삼성전자 1개 종목에 집중된 것이다. 이어 현대차(+6628억원) 삼성전자우(+5688억원) SK하이닉스(+4006억원) LG화학(+3845억원) 삼성SDI(+3648억원) SK이노베이션(+2248억원) 신한지주(+1658억원) 등이 개인의 러브콜이 집중된 종목군에 이름을 올렸다.코로나19 진단키트를 선제적으로 개발해 국내는 물론이고 해외로도 대거 공급하고 있는 코스닥 상장사 씨젠(+1451억원)도 개인 순매수 상위 10위권에 이름을 올렸다. 그 외 개인 순매수 상위 20위권에는 코스피 주요 업종의 대표 종목들이 차지하고 있다.개인의 순매수 상위 종목이 연기금의 순매수 상위종목과 상당 부분 겹치는 점도 눈에 띄는 대목이다. 이달 들어 16거래일간 개인 순매수 상위 20개 종목 중에서 연기금 순매수 상위 20개 종목과 겹치는 종목은 삼성전자, 현대차, SK하이닉스, LG화학, 현대모비스, POSCO 등 6개 종목에 이른다.이는 12년전 글로벌 금융위기가 도래했을 당시와 확연히 다른 양상이다. 2008년 8월말 1474.24이던 코스피가 그 해 말 1124.47로 24% 가량 급락한 기간에도 개인과 연기금은 각각 7144억원, 7조2934억원을 순매수했다. 순매수 규모만 해도 개인이 연기금에 비해 훨씬 적었다. 순매수 종목도 개인은 연기금이 선호한 종목과 별개의 종목을 주로 샀다. 당시 개인·연기금의 순매수 상위 종목 20개씩 중에서 겹치는 종목은 단 1종목이었다. 한 대형 증권사 임원은 ""개미들이 달라졌다""고 평가했다. 종전까지만 해도 개인들은 각종 일회성 테마에 일희일비하는 식의 투자를 했음에 비해 최근에는 폭락장세를 기회로 삼아 대형 우량주를 집중매수하는 스마트한 모습을 보여주고 있다는 것이다. 이 임원은 ""폭락장세에서 외국인이 한국 증시 대표주를 매도한 것은 개별 종목에 대한 부정적인 평가 때문이 아니라 현금을 확보하기 위해 매물을 충분히 받아낼 만한 대표주를 먼저 팔았기 때문""이라며 ""최근 증시에 진입하는 개미들도 과거처럼 100만~200만원씩을 투자하는 이들보다도 풍부한 금융지식과 자산을 바탕으로 한 번에 수억원씩을 살 여력이 되는 이들이 찾아온다""고 말했다.황국상 기자 gshwang@mt.co.kr
<저작권자 ⓒ '돈이 보이는 리얼타임 뉴스' 머니투데이, 무단전재 및 재배포 금지>",/news/news_read.nhn?article_id=0004384997&office_id=008&mode=search&query=LG화학&page=1
,"[아시아경제 송화정 기자]외국인이 7주 연속 '팔자'세를 지속했다.29일 한국거래소에 따르면 외국인은 지난 23일부터까지 27일까지 한 주 동안 국내 주식시장에서 약 2조2930억원을 순매도했다. 유가증권시장에서 1조9608억원을, 코스닥시장에서는 3323억원을 각각 팔아치웠다.외국인이 지난 주 가장 많이 사들인 종목은 셀트리온이었다. 외국인은 지난 주 셀트리온을 2750억원 순매수했다. 뒤이어 SK하이닉스를 522억원 사들였다. 이밖에 아모레퍼시픽(261억원), 펄어비스(245억원), 삼성물산(242억원), 넷마블(227억원), 셀트리온헬스케어(184억원), 부광약품(120억원), 맥쿼리인프라(110억원), NAVER(98억원) 등을 순매수했다.지난 주 외국인이 가장 많이 판 종목은 삼성전자였다. 외국인은 지난 주 삼성전자를 4762억원 순매도했다. 이어 현대차를 1472억원 팔았다. 이밖에 현대모비스(999억원), LG생활건강(1724억원), SK텔레콤(823억원), 하나금융지주(743억원), 기아차(728억원), 신한지주(656억원), 삼성전자우(625억원), LG화학(619억원) 등이 외국인 순매도 상위에 올랐다.외국인의 순매도 진정을 위해서는 달러 안정이 필요하다는 분석이다. 김병연 NH투자증권 연구원은 ""미국 연방준비제도(Fed)의 유동성 경색 완화 조치, 미국 의회의 재정 정책 가결 등이 공포 심리 완화 요인으로 작용하며 반등할 수 있었다""면서 ""다만 하이일드 스프레드, TED 스프레드(미국 국채 3개월 수익률과 리보 간의 차이), 달러 인덱스 등이 고점 대비 완화됐지만 레벨은 여전히 낮지 않아 신용 위험에 대한 불안 요인을 남아있는 상황""이라고 말했다. 김 연구원은 ""신흥경제국(EME) 달러지수는 3월 들어 7.6% 상승했는데 해당 지표의 추가 완화가 추가 상승 및 외국인 순매도 완화의 트리거가 될 것""이라고 덧붙였다.송화정 기자 pancake@asiae.co.kr <ⓒ경제를 보는 눈, 세계를 보는 창 아시아경제 무단전재 배포금지>",/news/news_read.nhn?article_id=0004651284&office_id=277&mode=search&query=LG화학&page=1
,"[머니투데이 구경민 기자] LG하우시스가 건축장식자재와 자동차소재부품 부문 각자 대표이사 체제로 전환한다. 전문성 확보로 경쟁력을 강화해 건설·자동차 등 전방산업 불황에 따른 위기를 돌파하겠다는 의지로 풀이된다. 29일 관련업계에 따르면 LG하우시스는 강계웅 부사장(CEO·최고경영자)과 강인식 전무(CFO·최고재무책임자)를 각자 대표이사로 신규 선임했다. 강계웅 대표는 건축장식자재 사업을, 강인식 대표는 자동차소재부품 사업을 맡아 운영한다. LG하우시스는 각자 대표 체제 전환에 대해 ""두 사업부문 각각의 전문성 확보를 통한 경쟁력 강화 차원""이라고 설명했다.건축장식자재 사업은 기존의 창호·바닥재·인조대리석·단열재 등 자재는 물론 소비자에게 인테리어 솔루션을 제공하는 인테리어 회사로서 전문성을 강화해 나갈 계획이다. 자동차소재부품 사업은 전방시장 악화를 극복할 수 있는 근본적인 사업경쟁력 제고를 통한 수익성 및 재무구조 개선에 주력한다.
강계웅 대표는 1988년 금성사로 입사해 LG전자 한국경영관리팀장, 하이프라자 대표, 한국영업본부 B2C그룹장 등을 역임했다. 지난해 LG하우시스로 이동해 한국영업부문장을 맡아 왔다. 강인식 대표는 1987년 럭키로 입사해 LG화학 금융담당, 경리담당 등을 지냈으며 지난해 LG하우시스로 이동해 CFO를 담당했다. 강인식 대표는 주주총회에서 ""올해는 국내외 여러 리스크 요인들의 영향으로 도전적 사업 환경임이 분명하지만 고객의 입장에서 가치를 제공하는 '고객 감동' 경영으로 위기를 극복해 나가겠다""고 말했다.구경민 기자 kmkoo@mt.co.kr
<저작권자 ⓒ '돈이 보이는 리얼타임 뉴스' 머니투데이, 무단전재 및 재배포 금지>",/news/news_read.nhn?article_id=0004385088&office_id=008&mode=search&query=LG화학&page=1
4월 만기도래 회사채 6.5조… 항공·유통업계 수혈 '전망',"(서울=뉴스1) 박기호 기자,송상현 기자 = 4월 회사채 6조5000억 규모의 만기가 돌아오면서 코로나19 사태로 피해를 본 대기업을 중심으로 회사채 신속인수제 대상 기업 선정이 초읽기에 들어갔다. 금융업계에선 신종 코로나바이러스 감염증(코로나19) 사태에 직격탄을 맞은 항공과 유통 업종에서 나올 가능성이 높다는 관측을 내놓고 있다.
29일 금융투자협회에 따르면 4월 만기가 도래하는 회사채 물량은 6조5000억원에 달한다. 이런 가운데 20조원 규모로 조성되는 채권시장안정펀드(채안펀드)가 다음달 2일부터 가동된다. 채안펀드의 투자대상은 AA- 등급 이상의 회사채와 여전채 등이다. 따라서 AA- 미만 신용등급 회사채 만기 기업은 다른 방법을 찾아야 한다. 정부는 회사채 신속인수제도 지원에 2조2000억원, 산업은행의 회사채 차환발행 지원에 1조9000억원, 프라이머리 채권담보부증권(P-CBO) 발행에 6조7000억원을 투입하기로 했다. 당장 지원이 시급한 업종은 항공이다. 대한항공이 올해 갚아야하는 차입금은 4조3542억원인데 이 중 4950억원은 회사채다. 특히 절반가량인 2470억원은 4월 만기다. 아시아나항공도 10억원 규모의 회사채 만기가 4월에 돌아온다. 엎친 데 덮친 격으로 국내 신용평가사들은 대한항공의 회사채 신용등급(BBB+)을 하향 검토 대상에 올리며 자금줄을 옥죄고 있다.코로나19발 수요 감소로 국내 항공업계가 보유한 항공기 10대 중 9대는 활주로에 서 있는 상태다. 대한항공은 4월부터 임원 임금의 30~50%를 반납하기로 했다. 아시아나항공은 다음 달부터 모든 직원이 최소 15일 이상의 무급휴직에 돌입한다. 유통업계도 코로나19로 직격탄을 맞은 만큼 지원 대상으로 거론된다. 롯데그룹은 4월 만기 회사채가 4750억원 규모이며 신세계와 CJ의 경우도 각각 1900억원의 회사채가 4월에 돌아온다.코로나19 사태 이후 기업들의 신용등급이 줄하향되고 있다. 무디스는 지난달 LG화학 신용등급을 'A3'에서 'Baa1'으로 내렸고 SK이노베이션과 SK종합화학 신용등급을 'Baa1'에서 'Baa2'로, 이마트 신용등급을 'Baa3'에서 'Ba1'으로 각각 하향했다. 또 스탠더드앤드푸어스(S&P)는 KCC 신용등급을 'BBB-'에서 'BB+로 강등했다. 또한 현대자동차와 기아자동차의 신용등급 하향조정도 검토하고 있다. 회사채 신속인수제도는 대기업 지원을 위해 7년 만에 부활했다. 대기업 부도를 막겠다는 정부의 의지를 드러낸 것이다. 최근 두산중공업에 1조원을 긴급 수혈하기로 한 것도 같은 맥락이다.회사채 신속인수제도는 회사채 상환이 어려운 기업이 별도의 회사채를 발행하면 KDB산업은행이 총액의 80%를 인수해 자금을 지원해주는 제도다. 당장 만기가 도래하는 대기업의 차환 발행을 지원할 수 있어 직접적인 효과를 기대할 수 있다.goodday@news1.kr© 뉴스1코리아(), 무단 전재 및 재배포 금지",/news/news_read.nhn?article_id=0004549907&office_id=421&mode=search&query=LG화학&page=1
,"PC방 고급 의자로 유명한 부흥레인보우가 코로나바이러스 감염증(코로나19) 사태로 재택근무가 늘면서 가정에서도 '편안한 의자'로 입소문을 타고 있다.1992년부터 의자를 생산해온 부흥레인보우는 기업 임원용 의자, 이른바 '중역 의자'를 수작업으로 제작해 판매해왔다. 국내에서 PC방 열풍이 불던 2000년대 초반에는 PC방서 부흥레인보우의 의자를 찾았다. 고객들이 안락한 환경에서 오랜 시간 게임에만 몰입할 수 있다는 소문이 돌면서 한때 연 1만개 가량 판매하기도 했다. 지금도 연 4000개 가량이 전국으로 나가고 있다.윤정길 대표는 ""지난주에는 충주 PC방에 160여개 의자가 공급됐다""면서 ""고급 PC방에는 왠만하면 우리 제품이 깔려 있다고 보면 된다""고 말했다.부흥레인보우의 대표 의자 모델은 등판이 폴리에스테르 천으로 감싸진 '점보'로, PC방 업계에서는 최상급 의자로 꼽힌다. 고탄력 스펀지로 제작한 쿠션은 개개인 체형에 맞게 변형되고 오랫동안 앉아 있어도 탄력을 유지해 남다른 푹신함을 자랑한다. 또 등판과 좌판 스펀지에 가죽을 씌우고 숨구멍을 내는 공법으로 장시간 앉아 있어도 쾌적하다. 등받이를 뒤로 젖힐 때 좌판도 함께 젖혀져 리클라이너처럼 사용할 수 있으며, 무거운 하중에도 견디는 고강도 프레임을 적용해 내구성을 갖췄다. 인조가죽을 사용한 '리무진'은 가죽의 고급스런 느낌을 고스란히 살렸다.윤 대표는 ""온라인 판매채널이 부족한 상황에서도 최근 개별 주문이 끊이지 않는다""면서 ""가정에 있는 시간이 많아지다보니 편안한 의자를 찾는 경향이 강화되는 것 같다""고 말했다.윤 대표는 ""중국산 저가형 의자는 잔고장이 많아 쓰다 보면 2년을 채 버티지 못하는 경우가 많다""며 ""부흥레인보우 의자는 국내산 강철과 LG화학 인조가죽(레자)을 사용해 로킹(기울기를 원하는 각도에 고정시키는 기능)과 스틸 오발, 시트 등을 만들어 튼튼하다""고 강조했다.[안병준 기자] [ⓒ 매일경제 & mk.co.kr, 무단전재 및 재배포 금지]",/news/news_read.nhn?article_id=0004546284&office_id=009&mode=search&query=LG화학&page=1
◇SK하이닉스·LG디스플레이 등 中 신규 시설 투자 ‘촉각’,"중국 정부가 지난 28일부터 비자&거류허가를 가진 외국인에 대해 입국금지 조치를 취했다. 싱하이밍 주한 중국대사가 27일 오후 서울 종로구 외교부로 초치돼 취재진의 질문에 답하고 있다. (사진=연합뉴스)[이데일리 양희동 이승현 경계영 기자] 중국 정부가 신종 코로나 바이러스 감염증(코로나19)의 해외 역(逆)유입을 막겠다며 28일 0시부터 외국인(비자 소지 및 거류 허가 포함)에 대해 입국을 전면 금지하면서, 우리 기업들은 향후 사업 및 경영 환경에 미칠 악영향에 촉각을 곤두세우고 있다. 올 1월부터 주요 기업들은 중국 출장 금지 등 자구책을 마련해 시행하고 있어 단기적으로는 영향이 적지만, 이번 조치가 석 달 이상 지속 될 경우 현지 사업과 시설 투자 등에 타격이 불가피하다는 관측이 지배적이다.이날 업계에 따르면 삼성과 현대차, SK, LG 등 4대 그룹의 주요 계열사들은 올 1월부터 ‘코로나19’ 확산에 따른 컨틴전시 플랜(비상계획)을 가동해 중국 현지 상황에 대응하고 있는 상황이다. 이로 인해 1~2개월 정도의 단기적 입국 금지는 피해를 최소화하며 경영 활동을 이어갈 수 있다는 입장이다. 그러나 입국 금지가 3개월 이상 지속되면 현지 생산 시설의 장비 투입이나 긴급 인력 파견 등에 문제가 발생할 수 있다고 우려하고 있다.삼성전자는 중국 시안 반도체 공장과 쑤저우 가전 공장, 톈진 TV 공장 등 현지 생산시설을 가동하고 있지만, 입국 전면 금지에 따른 ‘당장의 피해는 제한적’이라는 설명이다. LG전자도 코로나19 초기부터 중국 출장을 금지하고 있어 단기적 영향은 없을 것으로 보고 있다. 또 기존 생산 라인을 가동하는 부분은 현지인과 주재원 등이 맡아 진행하고 있다고 전했다.삼성전자 관계자는 “지난달 중국 춘절 기간에 한국에 왔던 인력들은 다 돌아간 상태고 주재원도 복귀를 마쳐 큰 영향은 없을 것”이라면서도 “돌발 상황이 벌어져 긴급하게 출장을 가야할 때 문제가 될 가능성이 있지만, 중국 정부가 외교·경제·무역 등 일부 예외를 적용한다고 하니 지켜보고 있다”고 말했다.하지만 중국에서 신규 생산 시설 가동을 추진하고 있는 업체들은 상당한 영향을 받을 수 있다는 것이 업계의 시각이다.SK하이닉스의 경우 지난해부터 가동하고 있는 우시 2공장(C2F팹)은 장비 입고는 시장 상황에 따라 순차적으로 입고될 예정이라 단기적으로 문제가 없을 것으로 보고있다. 그러나 파운드리(반도체 수탁생산) 자회사인 SK하이닉스시스템IC는 청주에 있는 M8 공장을 우시 신규 공장으로 이전하는 작업을 진행하고 있다. 이번 입국 금지 조치로 장비 이동에 제약이 생길 경우 올 하반기로 예정된 완공 일정에 영향을 받을 가능성을 배제할 수 없다. 또 내년 말까지로 예정된 장비 이설에도 연쇄적으로 영향이 미칠 수 있다.LG디스플레이도 올 1분기 내에 중국 광저우 8.5세대 유기발광다이오드(OLED)공장의 양산 준비를 마치기 위해 지난 26일 대한항공 전세기를 통해 임직원 290명을 광저우로 파견한 상태다. 입국 금지 직전에 대규모 인력을 보내 급한 불은 껐지만 향후 금지 조치가 길어지면 공장 가동에 걸림돌이 될 수도 있다는 분석이 나온다.LG디스플레이 관계자는 “당장 필요한 인력들은 전세기를 타고 현지로 갔지만 상황을 예의 주시하고 있다”며 “중국 정부가 제시한 비자 신청이 가능한 경우를 봐야 할 것 같다”고 말했다.완성차 및 중화학 업계 등도 코로나19에 따른 극심한 중국 현지 시장 판매 부진 속에서 이번 입국 금지 조치의 장기화에 대비하고 있다.현대차는 지난 2월 코로나19로 인한 직격탄을 맞으면서 중국 판매량이 1007대로 지난해 2월(3만 8017대) 대비 97.4% 급감했다. 같은 기간 기아차 역시 2만 2032대에서 972대로 95.6% 감소했다. 이런 상황에서 중국의 입국금지 조치가 길어져 인적교류가 차단되면, 현지 대응력이 떨어져 중국 시장 부진이 더욱 심화될 것을 우려하고 있다. 다만 현대차그룹은 이 같은 중국시장의 부진을 만회하기 위해 상하이-폭스바겐 판매·마케팅 총괄을 지낸 시앙동핑을 베이징현대 판매본부장으로 영입하는 중국 사업 경쟁력 강화에 나섰다.우한 자동차강판 가공공장 등이 있는 포스코는 현 시점에선 입국 금지의 영향이 제한적이란 입장이다. 포스코 관계자는 “현지 법인이 생산·판매체제를 잘 갖추고 있어 고객을 대응하는 데 큰 문제는 없다”며 “본사와 법인은 영상회의, 이메일 등을 통해 수시 커뮤니케이션하고 있다”고 했다.중국에 배터리 공장을 짓는 제조사들도 이번 조치가 미칠 영향을 지켜보고 있다. LG화학·삼성SDI·SK이노베이션은 중국에 배터리 공장을 두고 있으며 추가 증설을 진행하고 있다. LG화학 관계자 역시 “중국 난징 공장은 현지에서 공장 가동·운영이 가능해 입국제한 강황에 따른 큰 영향이 없다”면서도 “사태가 장기화한다면 영업활동과 증설 작업 등이 지연될 수 있어 예의주시하고 있다”고 전했다. 베이징의 한 소식통은 이번 입국 금지에 대해 “출장 자체가 어려운 상황이 되고 있다”며 “기업들 입장에서는 그나마 중국이 다른 국가보다 정상화되어가는 만큼 여기서 문제가 없도록 하는 게 중요한 과제”라고 말했다.양희동 (eastsun@edaily.co.kr)＜ⓒ종합 경제정보 미디어 이데일리 - 무단전재 & 재배포 금지＞",/news/news_read.nhn?article_id=0004608162&office_id=018&mode=search&query=LG화학&page=1
◇LG화학 다양한 파트너와의 협력모델 발굴,"[이데일리 경계영 기자] 전기차 시장 점유율 확대에 나선 국내 전기차 배터리 3사의 전략이 갈리고 있다. LG화학과 SK이노베이션은 여러 완성차 업체와 손잡고 합종연횡에 나서는 것과 달리 삼성SDI는 독자적으로 배터리를 만드는 데 집중하는 등 엇갈리는 전략 결과에 관심이 쏠린다. 신학철 LG화학 대표(부회장)는 최근 정기 주주총회에서 “글로벌 리딩 화학기업으로 도약하려면 독자적 사업 방식만으로 한계가 있다”며 “글로벌 성장 시장을 선점하고 차별화한 역량을 빠르게 확보하고자 다양한 파트너와의 협력 모델을 더욱 적극적으로 발굴하겠다”고 밝혔다. 이는 그간 이 전기차 제조업체와 함께 합작사를 설립하고 영역을 확대하는 전략을 더욱 가속화하겠다는 의미로 풀이된다. 메리 바라(Mary Barra·왼쪽) GM 최고경영자(CEO) 회장과 신학철 LG화학 CEO 부회장이 지난해 12월 합작계약을 체결하고 있다. (사진=LG화학)국내 배터리 3사 가운데 가장 많은 수주잔고(지난해 말 기준 150조원)를 확보한 LG화학은 다른 업체와의 합작법인에도 가장 적극적이다. 지난해 6월 중국 로컬 브랜드 1위인 지리(吉利) 자동차와 각 1034억원씩 출자해 전기차 배터리 합작법인을 설립한 LG화학은 오는 2021년 말까지 10GWh 규모 공장을 짓는다. 또 미국 GM과는 1조원씩 투자한 합작법인을 세우고 오하이오주 로즈타운(Lordstown)에 30GWh 이상의 생산 능력을 확보할 방침이다. LG화학 관계자는 “‘코로나19’까지 겹쳐 배터리 제조사로선 투자하고 전기차 시장을 공략하는 데 따른 부담이 있고, 완성차 업체로선 단기간에 배터리를 최적화하기 쉽지 않아 (합작법인은) 윈윈”이라며 “서로의 니즈가 맞는다면 합작 가능성은 열려있다”고 말했다. 배터리 후발주자인
역시 베이징자동차 그룹·베이징전공과 함께 중국에 전기차 배터리 합작법인을 설립했다. 폭스바겐과의 합작법인 설립도 논의하는 것으로 알려졌다. 이같은 합종연횡은 국내 업체만이 아니다. 일본 토요타와 파나소닉은 지난해 초 전기차 배터리 합작법인을 설립했으며 독일 폭스바겐도 스웨덴 노스볼트와 합작해 연간 16GWh 규모를 생산하는 배터리 공장을 지을 예정이다. 박철완 서정대 자동차학과 교수는 “전기차 제조사는 안정적으로 배터리를 공급받으려 내재화 방식으로 배터리 제조사와의 합작법인 설립에 나서고 있다”며 “배터리 제조사로선 전기차 시장을 좌우할 키플레이어급 전기차 제작사가 한정된 만큼 합작법인 설립으로 납품처를 확보하는 것이 중요하다”고 했다. 는 아직 자체적으로 만든 배터리를 전기차 업체에 납품하는 방식을 고수하고 있다. 합작법인을 설립하면 자금 조달이나 물량 확보 측면에서 유리하긴 하지만 사업이 성장하는 과정에서 고객사를 늘릴 때 걸림돌이 될 수도 있기 때문이다. 다만 전영현 삼성SDI 대표(사장)가 올해로 재임 2기를 맞으며 담당 임원 교체 등을 꾀하며 합작법인으로 확장할 가능성도 열려있다. 전 세계 전기차 배터리(리튬이온) 시장은 유럽에서의 전기차 출시가 본격화하면서 폭발적 성장이 기대된다. 시장조사업체 SNE리서치에 따르면 전 세계 전기차 배터리 시장은 2018년 처음으로 100GWh를 넘은 데 이어 올해 194GWh로 2년 만에 두 배 가까이 커질 것으로 예상된다. 2030년엔 3066GWh로 10년 새 15배 넘게 커질 것으로 기대된다. 리튬이온배터리 기준, 2020년 이후 전망치, 단위=GWh, 자료=SNE리서치경계영 (kyung@edaily.co.kr)＜ⓒ종합 경제정보 미디어 이데일리 - 무단전재 & 재배포 금지＞",/news/news_read.nhn?article_id=0004608166&office_id=018&mode=search&query=LG화학&page=1
"배터리 성장 모멘텀 약화 우려속CO2규제 유럽 전기차 생산 늘고中 등 신차 구매  부양책 가능성LG화학,자금유치 공장 증설나서","[서울경제] 신종 코로나바이러스 감염증(코로나19)으로 인한 수요위축과 국제 유가 급락으로 글로벌 전기차 배터리 시장이 휘청이는 가운데 국내 업체들은 공격적인 투자에 나서고 있어 주목된다.
코로나19 사태가 다소 진정되면 하반기부터 유럽·중국 시장을 중심으로 빠르게 전기차 수요가 회복될 것이라는 전망이 우세하기 때문이다. 은 유럽투자은행(EIB)으로부터 자금을 유치하는 등 생산능력 확대에 가속을 붙이고 있다. 29일 로이터에 따르면 미국의 완성차 업체인 제너럴모터스(GM)와 포드는 오는 2026년 북미에서 전기차 약 32만대를 생산하겠다는 계획을 세웠다. 두 업체의 전체 자동차 생산량의 약 5%에 불과하다. 특히 두 완성차 업체의 6년 뒤 목표는 지난해 테슬라의 판매량 약 36만7,000대에도 못 미친다. 업계에서는 당초 GM과 포드의 전기차 예상 생산량이 2025년 이후 급격하게 늘어날 것으로 전망했다. 미국의 대표적인 완성차 업체들이 전기차 생산에 대한 계획을 변경한 것은 저유가 때문이다. 이달 초까지만 해도 50달러대였던 서부텍사스산원유(WTI) 가격은 지난 27일(현지시간) 21.51달러까지 떨어졌다. 로이터는 “GM과 포드는 2026년 스포츠유틸리티차량(SUV)과 픽업트럭을 500만대 이상 생산할 것”이라며 “최근 유가 폭락과 코로나19로 인한 수요 감소는 더 크고 연비가 낮은 차량에 대한 전략 강화로 이어지고 있다”고 분석했다. 전기차에 대한 생산량 확대를 늦출 것이라는 전망이다. 수요감소와 떨어지는 유가에 전기차의 성장모멘텀에 대한 우려가 나오지만 국내 배터리 업체들은 오히려 시장 확대의 기회로 삼고 있다. 유럽연합(EU) 회원국들이 공동 출자해 설립한 EIB는 LG화학의 폴란드 배터리 공장 증설에 4억8,000만유로(약 6,430억원) 대출을 승인했다. LG화학은 이달 초 증설을 위해 폴란드 공장에 인접한 부지를 인수한 바 있다. 글로벌 수주도 유가나 코로나19에 크게 영향을 받지 않고 있다. 3월 말 현재 LG화학은 30여개의 글로벌 자동차 업체로부터 전기차 배터리 프로젝트를 수주했다. 올해 초 기준 누적 수주 금액이 150조원을 돌파했다. 현대·기아차를 포함해 포드·폭스바겐·아우디·볼보·메르세데스벤츠 등 미국과 유럽의 자동차 업체가 주요 고객이다. 다만 단기적인 수주에는 영향을 받을 것으로 전망된다. 미국보다는 유럽 완성차 업체들의 가동이 코로나19에 따라 중단되고 있는 만큼 단기 수요가 일부 감소할 수 있다는 지적도 나온다. 글로벌 시장 조사업체들도 전기차 수요가 많은 유럽과 중국 시장은 유가에 그렇게 영향을 받지 않을 것으로 전망하고 있다. 특히 유럽에서는 이미 올해부터 이산화탄소(CO2) 배출량 규제가 강화돼 완성차 업체들이 전기차 생산량을 늘릴 수밖에 없는 상황이다. 코로나19발 경기 악화로 친환경 정책 자체의 동력이 약화될 가능성도 낮다는 게 일반적인 분석이다. 강동진 현대차증권 연구원은 “유럽의 화석에너지 축소 정책은 환경 이슈뿐 아니라 석유 수입 등 에너지 대외 의존도 축소와도 큰 연관이 있다”면서 “경기 부양을 위해 신차 구매 촉진을 위한 인센티브를 주는 것이 CO2 과징금 축소보다 현실적”이라고 지적했다. 실제 유럽에서는 코로나19가 확산하며 다임러·BMW·폭스바겐 등 주요 완성차 업체들이 유럽 내 공장 가동을 중단했지만 국내 배터리 업체들의 전기차 배터리 공장은 정상 가동 중이다. 배터리 업계의 한 관계자는 “고객사들이 현재 자동차를 만들지 않는데도 배터리 셀 재고를 축적하고 있다”며 “그만큼 올해 전기차 배터리 수요에 비해 공급이 빠듯하다는 것”이라고 설명했다. 키움증권에 따르면 지난달 독일과 프랑스 전기차 시장은 전년 동기 대비 각각 144%, 219% 성장했다. /박효정기자 jpark@sedaily.com저작권자 ⓒ 서울경제, 무단 전재 및 재배포 금지",/news/news_read.nhn?article_id=0003716518&office_id=011&mode=search&query=LG화학&page=1
연내 생산능력 170만대로 늘리고3세대 전기차시장 공략···1위 수성배터리부문 내년 매출 20조 기대화학·첨단소재도 제품 고도화 집중,"[서울경제] 은 신종코로나바이러스 감염증(코로나 19)의 급속한 확산으로 유럽 등 전기차 생산 기지의 생산 중단에 들어가는 등 구체적인 악재가 터지면서 지난 19일 주가가 올해 고점 대비 45%가량 빠진 23만원선까지 주저앉았다. 그러나 최근 반등장에서 강한 상승 탄력을 나타내고 있다. 이는 전기차 배터리 부문의 이익이 올해 하반기부터 빠르게 회복할 것이라는 기대가 크기 때문이다. LG화학은 내년에는 배터리 사업에서만 20조원에 가까운 매출과 6,300억원 가량의 영업이익 달성이 가능할 것으로 보고 있다.
특히 LG화학은 올해 말까지 고성능 전기차 배터리 기준 170만대까지 생산능력을 확대하고, 1회 충전으로 500㎞ 이상 주행이 가능한 ‘3세대 전기차’ 중심의 대형 프로젝트 수주를 적극 공략한다는 방침을 세웠다. ◇하반기부터 빠른 반등···내년 배터리서 ‘20조 매출’ 기대 = 지난 2일 시장조사업체인 SNE리서치에 따르면 올해 1월 기준 글로벌 전기차용 배터리 사용량 순위에서 LG화학이 일본의 파나소닉에 이어 2위를 차지했다. 파나소닉이 미국 테슬라 모델 3의 판매량이 늘면서 수혜를 입은 데 비해 LG화학은 전세계 자동차 메이커들에 공급량을 늘리면서 지난해 같은 달보다 2.4배 가까이 급증하면서 중국의 CATL을 제쳤다. LG화학의 글로벌 배터리 점유율이 상승하면서 LG화학 실적과 주가에 대한 기대감도 높다. 최근 급락장에서도 빠른 반등세를 나타낸 것도 이 때문이다.
박연주 미래에셋대우 연구원은 “코로나19 영향으로 단기적으로 전기차와 배터리 생산에 차질을 빚을 수 있다”며 “하지만 하반기 회복 속도는 더 빠를 것”이라고 전망했다. 실제로 LG화학은 전기차 시장이 더욱 확대될 것으로 전망되는 내년 배터리 사업에서만 20조원에 가까운 매출과 6,300억원 가량의 영업이익을 달성할 것으로 내다보고 있다. 지난해 실적도 우려보다는 선방했다. 매출액 28조6,250억원, 영업이익 8,956억원을 기록했는데 배터리사업 성장에 매출은 사상 최대를 기록한 반면 이익은 다소 줄었다. 이는 에너지저장장치(ESS)와 관련한 일회성 비용 증가의 영향으로 향후 실적에는 영향을 미치지는 않을 것이라는 전망이 나온다.
 배터리부문 특히 자동차 배터리사업에서 3세대 전기차(1회 충전으로 500㎞ 이상 주행) 중심의 대형 프로젝트 수주를 적극 공략해 확실한 1위를 수성한다는 전략이다. 아울러 올해 말까지 배터리 생산 능력은 고성능 순수 전기차 기준 170만대(100GWh)로 확대할 계획이다. 또 ESS전지는 차별화된 성능과 원가경쟁력을 두루 갖춘 시장선도 제품 개발 및 확대에 집중하고, 소형전지는 최신 스마트기기에 최적화된 혁신제품과 전동공구, 청소기, 전기자전거 등 신시장 중심의 사업 확대로 사업구조 전환을 가속화하기로 했다. ◇고부가 제품 확대로 글로벌 톱5 화학기업 도약 목표 =LG화학은 성장동력인 전지사업 뿐만 아니라 현재 주력인 화학 및 첨단소재부문의 차별화된 기술력, 제품의 고도화에도 역량을 집중하고 있다.
석유화학부문은 기술 차별화를 기반으로 제품 구조를 고도화하는 한편 지역별 해외 파트너쉽 등을 강화해 동북아시아를 넘어 글로벌 플레이어로 도약하겠다는 포부다. 기초원료 내재화 등을 위해 2조6,000억원을 투자해 여수 나프타분해시설(NCC)과 고부가 폴리올레핀(PO) 생산시설을 증설해 내년 하반기 양산할 계획이다. 엘라스토머 고부가 PO, 차세대 SAP, 친환경 라텍스 등 기술 차별화 제품의 매출 비중을 2022년까지 전체의 20% 수준까지 끌어올리기로 했다.
첨단소재부문은 자동차 관련 고강도 경량화 소재 사업을 확대하고 엔지니어링 플라스틱과 배터리 소재 개발 역량을 강화해 시장 선도 제품 개발에 집중하기로 했다. 특히 IT소재 사업에서는 TV용 대형 유기발광다이오드(OLED) 봉지필름, 모바일용 중소형 OLED 공정용 보호필름을 중심으로 제품 라인업을 다각화하는 한편 폴더블 등 차세대 디스플레이 소재 개발에 나설 계획이다. 이와 함께 전지 원료인 양극재의 생산 기술 고도화 등 전기차 배터리 핵심 소재 확보에 박차를 가하기로 했다. 생명과학부문에서는 당뇨병 치료제 ‘제미글로’ 개발 경험과 내부 역량을 바탕으로 신약 개발 속도를 높이고, 자체 연구개발 역량 강화 및 국내외 다양한 업체들과의 오픈 이노베이션을 통해 면역·항암 신약 파이프라인을 확대할 계획이다. LG화학의 글로벌 화학기업으로서의 브랜드 인지도는 화학업계 불황 속에서도 올라가는 추세다. 지난해 미국화학학회(ACS)가 발간하는 전문잡지 C&EN이 선정한 ‘2018 글로벌 톱 50 화학 회사’ 순위에서 10위를 차지하기도 했다. 또 영국 글로벌 브랜드 평가 전문 컨설팅업체인 ‘브랜드파이낸스’가 발표한 ‘2020년 화학기업 25’ 보고서에서 처음으로 브랜드 가치 4조원을 넘어섰다. LG화학은 ‘글로벌 톱5 화학기업’으로 도약하겠다는 장대한 목표를 갖고 있다. 이를 위해 2024년에는 현재 매출 약 30조원의 2배에 달하는 매출 59조원을 달성하고 영업이익률 두 자릿수를 돌파한다는 실행계획을 세웠다.
LG화학 관계자는 “LG화학은 법규 준수뿐만 아니라 환경, 인권, 윤리 등 다양한 글로벌 이슈 해결에 적극 참여하겠다”며 “원료·생산·소비·폐기로 이어지는 전 밸류체인에서 지속가능성을 LG화학만의 차별화된 가치로 만들어 나갈 예정”이라고 설명했다.
/박성호기자
junpark@sedaily.com 저작권자 ⓒ 서울경제, 무단 전재 및 재배포 금지",/news/news_read.nhn?article_id=0003716527&office_id=011&mode=search&query=LG화학&page=1
SK 헝가리 배터리공장 300명현대·기아차 터키·인도 등설비점검 인력 파견 검토,"국내 기업들이 코로나19 위협을 뚫고 해외 생산기지 곳곳으로 엔지니어를 급파하기 시작했다. 한국인 입국제한 조치로 막혔던 해외출장길을 다시 열고 신제품 출시와 현지 생산시설 점검 등을 위한 필수 인력을 서둘러 내보내는 것이다. 29일 업계에 따르면 SK이노베이션은 다음달 5일 헝가리 코마롬에 있는 전기차 배터리 2공장 공사 현장에 직원 300명을 전세기로 파견한다. 배터리업계는 코로나19 사태가 수습 국면에 접어든 중국을 중심으로 해외출장을 재개하고 있다. 지난 춘제(중국 설) 연휴 이후 한동안 멈춰 섰던 현지 공장이 하나둘씩 정상 가동하고 있기 때문이다. LG화학·SK이노베이션·삼성SDI 등 국내 배터리 3개사는 지난달 중순부터 중국 현지 생산을 재개했다. 현재 공장 가동률은 코로나19 발생 이전 수준까지 올라온 것으로 전해졌다. 현대자동차그룹은 올 상반기 해외 생산설비 보수와 신차 출시, 연구개발 지원 등을 위해 900여 명을 해외로 보낼 계획을 마련했다. 이달 말 기아자동차 직원 200여 명의 인도 방문을 시작으로 현대자동차 직원 700여 명이 터키(4월 초)와 인도(5월 중), 체코(상반기) 등으로 향할 예정이었다. 그러나 터키 정부가 한국 전역에 대한 입국금지 조치를 내리고, 인도 정부가 검역제한·격리권고 등 한국인에 대한 입국제한 조치를 실시하면서 해외출장 일정을 다시 검토하고 있다. 전자업계는 주요 생산 거점이 있는 중국과 베트남을 중심으로 출장길이 열리고 있다. 지난 26일 LG디스플레이 임직원 290명은 중국 정부의 특별 입국 허가를 받아 대한항공 전세기를 타고 중국 광저우 바이윈 국제공항으로 떠났다. 이들은 한국에서 코로나19 음성 확인서를 발급받아 광저우에 입국해 별도 공간에 격리된 후 광저우 유기발광다이오드(OLED) 패널 공장 양산 준비에 투입된다. 베트남도 한국 기업인들에 대해 특별 입국 허가를 내주고 있다. LG전자, LG디스플레이, LG이노텍 등 3개사와 협력사 직원 250여 명은 30일 전세기를 이용해 베트남 북부 꽝닌성 번돈공항에 입국한다. 삼성디스플레이와 협력사 엔지니어 180여 명도 입국 허가를 받아 지난 28일 전세기를 이용해 베트남으로 떠났다. 삼성디스플레이 직원들은 현지 공장 직원들과 분리돼 플렉시블 OLED 모듈 공장의 생산 설비 개조 작업에 투입된다. 대한상의는 베트남 주재 한국대사관, KOTRA와 함께 국내 중소기업 기술진을 베트남에 보내는 전세기 파견을 추진하고 있다.
[전경운 기자 / 송광섭 기자 / 박윤구 기자] [ⓒ 매일경제 & mk.co.kr, 무단전재 및 재배포 금지]",/news/news_read.nhn?article_id=0004546427&office_id=009&mode=search&query=LG화학&page=1
