head,text,url
"홍남기 부총리 ""국가별 통화 스와프 확대해야""이달 G20 재무장관 회의에서 통화 스와프 확대안 제시 예정국내 기업 줄줄이 신용등급 하락…자금 경색 우려 커져","[앵커]기업들이 코로나19 여파로 연이어 신용등급 하락을 겪으면서 자금경색 우려가 커지고 있습니다.지난달에 요동쳤던 금융시장 충격은 최근 진정세를 보이고 있지만, 정부는 금융충격 재발 가능성이 있다고 보고 안전판으로 국가별 통화 스와프 확대를 추진하고 있습니다.이종수 기자가 보도합니다.[기자]홍남기 경제 부총리는 지난달 31일 G20 특별 재무장관과 중앙은행총재 화상회의에서 국가별 통화 스와프 확대 필요성을 제기했습니다.한미 600억 달러 통화 스와프 체결과 미 중앙은행의 국채 담보 달러 공급이 이미 보장된 상태이기 때문에, 2015년 마무리된 일본과의 통화스와프 재체결, 오는 10월로 종료되는 중국과의 체결 연장 등이 검토되고 있는 것으로 보입니다.구체적인 내용은 이달 G20 재무장관회의에서 제시될 예정입니다.정부가 이처럼 통화 스와프 확대를 제기하고 나선 것은 코로나19의 경제적 타격이 이어져 금융 충격 재발 우려가 여전하기 때문입니다.국내로 보면 기업들이 줄줄이 신용등급이 하락하면서 자금 경색 우려가 커지고 있습니다.올해 들어 국제 신용평가사 무디스는 LG화학, SK이노베이션, SK종합화학, 이마트, 현대제철의 신용등급을 하향조정했습니다.스탠더드앤드푸어스는 현대차, 기아차, 현대모비스 현대글로비스, 현대제철 등 현대차그룹 계열사를 신용등급 부정적 관찰대상으로 지정했습니다.[성태윤 / 연세대 경제학부 교수 : 이미 신용등급의 하락을 통해 반영되고 있고 실제 신용등급이 하락하지 않는다 하더라도 전체적인 시장평가는 약화되고 있는 것으로 판단됩니다. 이에 따라 해외투자자들이 우리나라 금융시장에서 자금을 빼고 있는 것으로 보이고...]신용등급이 내려가면 회사채 금리가 올라 기업 자금 조달 비용이 커집니다.실제로 자금경색을 우려한 대기업들이 미리 비상경영자금 확보에 나서 지난달 4대 시중은행으로부터 받은 대출 규모는 2008년 글로벌 금융위기 이후 최대인 71조3천여억 원을 기록했습니다.여기에 해외에선 미국의 금융시장 불안과 함께 국제통화기금 IMF가 공개적으로 우려했듯이 신흥국 부도 위험이 높아져 우리 경제에 악영향이 우려되고 있습니다.[크리스탈리나 게오르기에바 / IMF 총재 : 신흥시장이 필요로 하는 유동성 규모는 최소한 총 2조5천억 달러입니다. 하지만 신흥 시장의 보유액이나 국내 자원은 충분하지 못할 겁니다.]금융당국 관계자들은 코로나19 사태가 장기화되면 실물경제 부진 속에 금융시장이 다시 충격에 빠질 수 있다며 적어도 6월까지는 예의 주시해야한다고 입을 모았습니다.YTN 이종수[jslee@ytn.co.kr]입니다.[저작권자(c) YTN & YTN PLUS 무단전재 및 재배포 금지]",/news/news_read.nhn?article_id=0001424110&office_id=052&mode=search&query=LG화학&page=1
항공·자동차·유통·은행 등 줄줄이 하향 혹은 하향검토,"(서울=뉴스1) 전민 기자 = 신종 코로나바이러스 감염증(코로나19)발 기업 신용등급 하락 공포가 커지고 있다. 코로나19 사태에 직격탄을 맞은 항공업, 정유업, 유통업를 비롯해 자동차업, 은행업 등의 신용등급 하향 조정이 예고되는 등 국내외 신용평가사들이 분주해졌다. 2분기부터 코로나19발 경기 악영향이 본격화할 것으로 전망돼 신용등급 강등 사태는 불가피할 것으로 우려된다.

5일 금융투자업계에 따르면 국제신용평가사인 무디스는 올해 들어 SK이노베이션(Baa1→Baa2)·SK종합화학(Baa1→Baa2)·LG화학(A3→Baa1)·이마트(Baa3→Ba1)·현대제철(Baa2→Baa3) 등의 신용등급을 하향 조정했다.또 코로나19 사태로 자동차 산업의 충격이 예상된다며 현대차그룹의 현대자동차(Baa1)·기아자동차(Baa1)·현대캐피탈(Baa1)·현대모비스(Baa1)·현대글로비스(Baa1) 신용등급 하향조정을 검토하고 있다. 한화그룹의 한화생명(A1)·한화손해보험(A2)·한화토탈(Baa1), 지방은행인 부산은행(A2)·대구은행(A2)·제주은행(A2)·경남은행(A2)과 IBK투자증권(A1)도 하향 조정 검토 리스트에 올렸다. 지방은행의 경우 코로나19 사태에 따른 지역 관광·서비스업의 위축 영향을 받을 것으로 분석했다.
국내 은행업과 생명보험업에 대한 전망도 '안정적'에서 '부정적'으로 낮췄다. 정부와 한은의 다양한 재정·통화정책 등에 따라 은행 수익성도 저하될 것으로 봤다.지난해 1분기 무디스가 국내 기업의 신용등급이나 전망을 하향 조정한 게 3건에 불과했다는 점을 감안하면 크게 늘어났다.국제신용평가사인 스탠더드앤드푸어스(S&P)도 올해들어 KCC(BBB-→BB+)와 GS칼텍스(BBB+→BBB) 등의 신용등급을 낮췄다. 또한 한화손보(A)·SK이노베이션(BBB)·SK종합화학(BBB)·S-Oil(BBB)·이마트(BBB-)의 신용등급 전망을 '안정적'에서 '부정적'으로 하향했다. 무디스에 이어 S&P도 현대차(BBB+)·기아차(BBB+)·현대캐피탈(BBB+)·현대모비스(BBB+)·현대글로비스(BBB+)·현대제철(BBB) 등의 신용등급을 부정적 관찰대상으로 지정했다.국내 신평사들도 기업 신용등급 하향에 시동을 걸었다. 올해 들어 한국신용평가는 이마트(AA+→AA)·LG디스플레이(AA-→A+)·OCI(A+→A)·현대로템(A-→BBB+) 등의 신용등급을 낮췄고 한진칼(BBB)·대한항공(BBB+)·두산중공업(BBB)·두산건설(BB-) 등의 신용등급 하향을 검토하고 있다.나이스신용평가도 현대로템(A→BBB+)과 OCI(A+→A), 이마트(AA+→AA), 엘지디스플레이(AA-→A+)의 신용등급을 낮췄으며, 한화손보(AA-)의 신용등급 전망을 '안정적'에서 '부정적'으로 변경했다.한국기업평가는 OCI(A+→A)와 LG디스플레이(AA-→A+)의 신용등급을 하향 조정했다. 대한항공(BBB+)과 한진칼(BBB)의 신용등급을 전망을 '안정적'에서 '부정적 검토'로 바꿨다.min785@news1.kr© 뉴스1코리아(), 무단 전재 및 재배포 금지",/news/news_read.nhn?article_id=0004564530&office_id=421&mode=search&query=LG화학&page=1
주식거래 활동 계좌수 3월 한달간 83만2846개 주요 증권사별 신규 계좌 개설수 130만개 넘어,"[서울=뉴시스] 김동현 기자 = 신종 코로나바이러스 감염증(코로나19) 사태로 국내 증시 변동성이 심화됐던 지난달 새롭게 증권 계좌를 만든 신규투자자들은 130만명이 넘는 것으로 파악된다. 특히 이들의 3분의 2 정도가 코로나19 사태를 저가 매수의 기회로 삼고 실제 투자를 목적으로 생애 첫 계좌를 개설한 것으로 확인됐다. 이는 80만명에 육박하는 규모다.
5일 금융투자협회에 따르면 지날달 31일 기준으로 현재 주식 거래를 하고 있는 계좌를 뜻하는 '주식거래 활동 계좌수는 3076만9014개로 집계됐다. 이는 올해 초 2935만6620개보다 141만2394개 증가한 수치다. 증가율은 4.81%를 기록했다. 3월 한 달을 기준으로 계산하면 3월2일 2993만6168계좌에서 3076만9014개로 83만2846개가 증가한 것으로 집계됐다. 증가율은 2.78% 수준이다. 증권사별 계좌개설 건수를 살펴보면 가장 많은 신규 고객이 늘어난 곳은 키움증권으로 3월 한달간 약 40만개 이상의 계좌가 개설된 것으로 파악된다. 뒤를 이어 NH투자증권이 31만개의 신규 계좌가 개설됐다. 미래에셋대우는 3월 한달간 16만개 수준의 신규 계좌가 개설됐고 한국투자증권은 20만개가 넘는 신규 고객을 창출한 것으로 집계됐다. 이외에도 삼성증권과 KB증권, 대신증권 등을 합쳐 30만여개의 신규 계좌가 개설된 것으로 알려졌다.
즉 130만명이 넘는 이들이 증권사에서 주식 계좌를 개설했고 이중 3분의 2에 해당하는 80만명이 생애 첫 계좌를 만들어 주식거래를 실제로 했다고 보면 된다. 3월 한달간 증권사별 신규고객 유치 규모가 다른 해 1년 신규 고객 유치와 맞먹는 규모다. 새롭게 주식 투자에 나선 이들은 삼성전자와 현대차, SK하이닉스, 삼성SDI, LG화학, SK이노베이션, 신한지주 등 국내 증시에서 우량주로 평가되는 종목을 다수 사들인 것으로 집계됐다. 한국거래소에 따르면 최근 한 달간 개인투자자들은 삼성전자를 5조3250억원(1조707억9100만주)어치를 순매수했다. 뒤를 이어 개인 투자자들은 한 달 동안 현대차 주식을 8269억원어치 순매수했다. SK하이닉스는 6719억원어치 구입했고 삼성SDI 5267억원, LG화학 4817억원, SK이노베이션 2876억원, 신한지주 2275억원, 한국전력 2261억원, 카카오 2069억원 순으로 집중 순매수했다.증권가 일각에서는 빚을 내 투자하는 것이 아니라면 개인의 투자 행보가 바람직하다는 목소리도 제기된다.
외국인 투자자들이 삼성전자 등 국내 우량주를 시장에 집중 매도한 것은 유동성 확보를 위해 울며 겨자먹기 식으로 우량주부터 내다파는 것으로 해석할 여지가 많아 개인이 이삭줍기할 경우 장기적으로는 차익 실현이 가능하다는 주장이다. 증권업계 관계자는 ""코로나19로 국내 증시가 그 전에 볼 수 없던 상황을 맞은 지난달 각 증권사에서 신규 계좌 개설이 크게 늘었는데 이중 3분의 2 이상이 실제 거래를 하기 위해 생애 첫 주식거래 계좌를 만든 것으로 파악된다""고 밝혔다. 그는 이어 ""외국인이 삼성전자에 대한 미래 전망이 어두워서 내다팔고 있는 것이 아니다. 오히려 하락장에서도 가치가 크게 떨어지지 않는 삼성전자를 먼저 팔아서 유동성을 확보하려고 한다고 볼 수 있다""며 ""개인들이 빚을 내 투자하는 것이 아니라면 삼성전자 종목을 집중적으로 매수하고 있는 것을 우려할 필요가 없다고 본다""고 의견을 제시했다. oj1001@newsis.com<ⓒ 공감언론 뉴시스통신사. 무단전재-재배포 금지>",/news/news_read.nhn?article_id=0009796293&office_id=003&mode=search&query=LG화학&page=1
,"[아시아경제 송화정 기자]외국인이 지난 주에도 매도 공세를 이어가며 국내 증시에서 8주 연속 '팔자'세를 지속했다.5일 한국거래소에 따르면 외국인은 지난달 30일부터까지 이달 3일까지 한 주 동안 국내 주식시장에서 약 2조2703억원을 순매도했다. 유가증권시장에서 1조9911억원을, 코스닥시장에서는 2789억원을 각각 팔아치웠다.외국인이 지난 주 가장 많이 사들인 종목은 에이치엘비였다. 외국인은 지난 주 에이치엘비를 276억원 순매수했다. 뒤이어 펄어비스를 270억원 사들였다. 이밖에 한진칼(174억원), 케이엠더블유(144억원), 코미팜(115억원), 미코(110억원), RFHIC(84억원), 맥쿼리인프라(70억원), 네이처셀(69억원), NHN한국사이버결제(63억원) 등을 순매수했다.지난 주 외국인이 가장 많이 판 종목은 삼성전자였다. 외국인은 지난 주 삼성전자를 2394억원 순매도했다. 이어 셀트리온을 1702억원 팔았다. 이밖에 셀트리온헬스케어(1298억원), 삼성SDI(973억원), LG화학(895억원), 삼성전자우(821억원), SK이노베이션(583억원), KB금융(581억원), 씨젠(490억원), S-Oil(468억원) 등이 외국인 순매도 상위에 올랐다.외국인 매도는 대형주 위주로 좀 더 이어질 수 있다는 분석이다. 염동찬 이베스트투자증권 연구원은 ""최근 금융시장 안정화 흐름 속에서도 외국인이 매도세를 이어가는 원인에는 유가 하락으로 인한 중동, 노르웨이 등의 국부펀드 현금화 가능성과 현·선물 백워데이션으로 인한 매도 차익거래 등이 있다""면서 ""이에 따라 유가가 안정화되거나 백워데이션이 콘탱고로 돌아설 때까지 대형주·대표주 위주의 외국인 매도는 좀 더 이어질 수 있다""고 말했다.이런 상황에서도 외국인이 매수하는 종목은 향후에도 긍정적인 흐름을 기대할 수 있다는 의견이다. 염 연구원은 ""외국인이 매수하는 종목의 경우 외국인 매도가 안정화된 이후에도 긍정적인 흐름을 기대할 수 있다는 점에서 우호적인 접근이 필요하다""면서 ""해당 기업들에는 대형주보다는 중형주의 비중이 높을 수밖에 없는데 시가총액 1조원 이상 기업 중 3월 한달 간 외국인 시가총액 대비 10% 이상을 매수한 업종을 중심으로 관심을 가질 것""이라고 설명했다.송화정 기자 pancake@asiae.co.kr <ⓒ경제를 보는 눈, 세계를 보는 창 아시아경제 무단전재 배포금지>",/news/news_read.nhn?article_id=0004655849&office_id=277&mode=search&query=LG화학&page=1
,"[아시아경제 박소연 기자]중국 시장 침체로 현지 1위 배터리 기업인 CATL의 점유율이 급격하게 떨어진 데 따른 것으로 분석된다.5일 에너지 전문 시장조사업체 SNE리서치에 따르면 올해 2월 세계 각국에 등록된 전기차의 배터리 에너지 총량이 5.8GWh(기가와트시)로 전년 동기보다 16.5% 증가했다.1위인 일본 파나소닉은 테슬라 모델3의 미국지역 판매량이 급증해 2월 배터리 사용량이 작년 동기보다 74.0% 성장해 점유율 34.1%를 기록했다.LG화학은 1월 배터리 시장의 22.9%를 차지해 2위에 오른데 이어 2월에는 29.6%로 점유율을 늘리며 2위 자리를 지켰고 삼성SDI(6.5%)와 SK이노베이션(5.9%)도 전월 대비 점유율을 1.4%포인트(p), 3.1%p 각각 늘리며 5위와 6위를 기록했다.3사 합계 점유율은 42.0%로 작년 2월(20.9%) 대비 2배 이상 올랐다.반면 중국 CATL은 2월 사용량이 작년 동기 대비 46.8% 역성장해 점유율도 20.7%에서 9.4%로 크게 하락했다. 신종 코로나바이러스 감염증(코로나19)을 비롯한 대내외 요인으로 중국 시장침체가 이어진 데 따른 것이다.SNE리서치는 ""3월부터는 코로나19 영향으로 미국과 유럽 시장이 대폭 위축되며 배터리 시장도 역성장으로 돌아설 가능성이 크다""며 ""한국 배터리 3사도 어려움을 겪을 것""이라고 전망했다.박소연 기자 muse@asiae.co.kr <ⓒ경제를 보는 눈, 세계를 보는 창 아시아경제 무단전재 배포금지>",/news/news_read.nhn?article_id=0004655953&office_id=277&mode=search&query=LG화학&page=1
,"[앵커] 코로나19 사태 탓에 세계 경제가 마비되다시피 하면서, 기업들 재무상황도 악화하고 있습니다. 특히, 기업들 신용등급이 줄줄이 떨어지면서 자금 조달이 어려워지는 경우가 늘어 위기감이 고조되고 있습니다. 윤선희 기자입니다.[기자]국제 신용평가사 스탠더드앤드푸어스는 올해 현대·기아차 판매량이 북미와 유럽, 중국 등에서 각각 10% 이상 감소할 것이라며, 현대차 계열사들의 신용등급을 '부정적 관찰대상'에 올려놨습니다.다만, 현대 기아차는 보유 순 현금이 12조원을 넘어 상당 기간 위기를 버틸 여력이 있다고 분석했습니다.이미, 신용등급이 강등된 곳도 여럿입니다.무디스는 LG화학과 SK이노베이션, 이마트, 현대제철 신용등급을 최근 하향 조정했습니다.코로나19 사태로 개점 휴업 상태인 항공사들은 더 심각합니다.국내 신용평가사들은, BBB+인 대한항공의 신용등급을 하향 검토 대상에 올렸습니다.아시아나는 매각에 차질이 생기면, 위험이 더 커질 수 있습니다. 불황에 실적이 악화하면 기업의 여유자금이 줄고 빚이 늘어나는 건 불가피합니다. 여기에 신용등급이 떨어지면 회사채 등을 발행해 자금을 조달하기 더 어려워지는 악순환에 빠지게 됩니다.<성태윤 / 연세대학교 경제학부 교수> ""부채비율이 높은 회사들을 중심으로 신용등급이 하강되고 있는 상황입니다. 이런 상황이 지속되면, 우리 기업들의 신용위험이 높아지면서 일부 채무불이행과 지급 불능 사태 우려도 번질 수 있습니다.""문제는 세계의 코로나19 방역 전쟁이 장기전이 될 공산이 크다는 점입니다.정부와 은행들은 대기업들의 상황을 예의주시하고 있고, 대기업들도 속속 비상체제로 전환하고 있습니다.연합뉴스TV 윤선희입니다.연합뉴스TV 기사문의 및 제보 : 카톡/라인 jebo23",/news/news_read.nhn?article_id=0000422718&office_id=422&mode=search&query=LG화학&page=1
"㈜LG, 자동차부품팀 해체사업조정·효율화 위해 사업 재편김형남 부사장 VS사업본부 배치계열사 협업 통해 수익성 개선","LG가 그룹의 자동차 전장(전자장비·부품)사업 컨트롤타워를 1년 만에 해체하고 LG전자 중심의 사업구조 재편에 속도를 내고 있다. 그룹의 차세대 성장동력인 전장사업의 축을 핵심 계열사로 전진배치시켜 책임경영과 보다 자율적인 협업 체계를 구축, 계열사간 시너지를 극대화하려는 전략으로 보인다.
 5일 재계에 따르면 LG그룹의 지주사인 ㈜LG는 지난해 말 조직개편을 통해 자동차부품팀을 해체한 것으로 파악됐다. 자동차부품팀은 구광모 회장 취임 첫해인 2018년 말 신설된 조직으로 그룹의 자동차 전자장비 사업을 조율하는 컨트롤타워 역할을 맡아왔다.
 LG는 LG전자, LG디스플레이, LG화학, LG이노텍, LG하우시스, LG유플러스 등 주요 계열사들이 추진중인 자동차 전장사업의 사업조정과 효율화를 위해 한국타이어 출신의 김형남 부사장을 영입해 자동차부품팀장의 중책을 맡겼다. 자동차부품팀이 해체되면서 그룹 조직은 11개팀에서 10개팀으로 축소됐다.
 LG는 그룹의 전장사업 총괄조직을 1년 만에 해체하는 대신 LG전자 중심으로 사업을 재편하는 변화를 준 것으로 분석됐다.
 그룹의 자동차부품팀을 이끌던 김형남 부사장은 지난해 정기인사에서 LG전자 VS사업본부 산하 VS글로벌오퍼레이션그룹장으로 자리를 옮겼다. LG전자는 김 부사장의 이동에 맞춰 VS글로벌오퍼레이션그룹을 신설, 글로벌 자동차 전장사업의 생산, 구매, 공급망 관리 등을 강화했다.
 LG 관계자는 ""김형남 부사장이 이동하면서 자동차부품팀에서 수행하던 일부 기능은 LG전자 VS사업본부로 전진 배치됐다""며 ""자동차부품팀이 맡던 계열사 협업 등 시너지 관련 업무는 LG전자, LG화학 등의 유관팀에서 지원하고 있다""고 밝혔다.
 LG전자 자동차 전장사업은 지난해 사상 첫 연간 매출 5조원을 돌파했지만 적자에서 벗어나지 못하는 실정이다. 외형은 성장중이지만 글로벌 완성차 시장의 침체와 전기차 대중화가 예상보다 늦어지면서 수익성은 좀처럼 개선되지 못하고 있는 것이다.
 그룹에서 자동차부품 사업의 중심축을 LG전자로 이동시키는 것도 이런 맥락으로 풀이된다.
 LG 계열사 관계자는 ""그룹의 전장사업 컨트롤타워를 해체하고, 총괄팀장을 LG전자의 글로벌 사업총괄로 1년 만에 이동시킨 건 사업전략을 수익성 중심으로 가겠다는 것""이라며 ""그룹의 조정기를 지나 이제는 계열사간 긴밀한 소통과 의사결정으로 글로벌 고객사들의 다양한 요구에 빠르게 대응하는 게 필요하다는 판단""이라고 전했다.


 ※ 저작권자 ⓒ 파이낸셜뉴스. 무단 전재-재배포 금지",/news/news_read.nhn?article_id=0004402812&office_id=014&mode=search&query=LG화학&page=1
예년의 1년치 달하는 규모생애 첫 주식거래 80만명,"코로나19 사태로 주가지수가 급락하자 지난달 새로 증권계좌를 만든 신규투자자 수가 130만명을 넘은 것으로 나타났다.
 5일 금융투자협회에 따르면 지난달 말 기준 주식거래 활동계좌 수는 3076만9014개로 집계됐다. 올해 초(2935만6620개)와 비교해 4.81% 늘어난 수치다. 지난 3월 2일 2990만7185개였던 계좌 수는 한 달간 86만2000여개가 증가했다. 3월에만 증가율이 2.88%에 이른다.
 키움증권은 3월 한 달간 40만개 이상의 신규계좌가 발생했고, NH투자증권 역시 30만개 수준의 계좌가 새로 개설됐다. 미래에셋대우는 약 16만개, 한국투자증권은 20만개가 넘는 신규 계좌가 만들어졌다. 삼성증권과 KB증권, 대신증권 등을 합친 신규 계좌 수도 30만개에 달한다. 모두 130만명이 넘는 투자자들이 새로운 계좌를 만들었고, 이 가운데 3분의 2에 해당하는 80만명은 생애 첫 계좌를 만들어 주식거래에 나선 셈이다. 3월 한 달간 증권사별 신규고객 유치 규모가 예년의 1년치에 맞먹는다.
 폭락 장세에 저가 매수를 노린 개인 투자자들이 몰리며 3월 국내 증시의 하루 평균 거래대금은 18조4923억원으로 역대 최대를 기록했다. 3월 26일에는 국내 증시 거래대금(23조9625억원)과 증시 대기자금 성격의 투자자예탁금(45조1690억원)이 동시에 사상 최고치를 기록했다.
 한국거래소에 따르면 최근 한 달간 개인 투자자들은 국내 증시에서 우량주로 평가되는 대형주를 중심으로 사들였다. 삼성전자의 주식 5조3250억원어치를 순매수했고, 현대차 주식을 8269억원어치 사들였다. 이 외에 SK하이닉스는 6719억원, 삼성SDI 5267억원, LG화학 4817억원, SK이노베이션 2876억원, 신한지주 2275억원, 한국전력 2261억원 등의 매수 우위를 보였다.


 ※ 저작권자 ⓒ 파이낸셜뉴스. 무단 전재-재배포 금지",/news/news_read.nhn?article_id=0004402835&office_id=014&mode=search&query=LG화학&page=1
"정유사, 유가급락에 1분기 어닝쇼크 불가피NCC 화학사는 원가절감 2분기 실적 기대","[헤럴드경제 김현일 기자] 올 1분기 국제유가의 급락과 코로나19 등의 여파로 정유회사들의 실적이 시장 기대치를 큰 폭으로 하회하는 어닝쇼크를 기록할 것이라는 전망이 나온다. 나프타분해시설(NCC)을 보유한 석유화학 업체는 국제유가의 하락에 따른 원재료 가격부담 완화로 그나마 실적 방어가 예상되고 있다.5일 금융투자업계 및 정유화학 업계에 따르면 정유사들은 유가급락과 정제마진 약세로 1분기 대폭 적자가 예상된다.하이투자증권은 SK이노베이션과 에쓰오일(S-Oil)에 대해 1분기 각각 9530억원, 8262억원의 영업적자를 기록할 것으로 내다봤다. DB금융투자는 각각 -7420억원, -4750억원으로 예상했다.코로나19 이후 각국의 이동제한 조치로 휘발유와 항공유 수요가 급감하면서 정유사들의 충격은 더욱 커졌다.강승재 DB금융투자 연구원은 “3월 사우디 증산 선회로 유가 급락은 중장기로는 우호적이지만 단기 실적 불확실성을 키우는 요인이다. 유가의 저점을 예단하기 어려운 상황과 코로나19 영향에 따라 상반기 실적 변동성은 커질 수 밖에 없다”고 전망했다.화학사들의 경우 작년 4분기 대비 소폭 개선이 예상되는 가운데 국제유가 하락에 따른 원가절감 효과는 2분기부터 본격적으로 반영될 것으로 예상된다. 그동안 NCC 업체들은 글로벌 수요 부진에 더해 미국 셰일가스에서 에탄을 추출해 에틸렌을 만드는 ECC에 비해 원가 경쟁력에서도 뒤져왔다.그러나 최근 국제유가 급락으로 원료인 나프타 가격이 하락해 원재료 가격부담이 낮아졌다.원민석 하이투자증권 연구원은 “4월부터는 사우디와 아랍에미리트(UAE), 러시아의 동시 증산이 예상되고 있어 국제유가 약세에 따른 나프타 가격 약세는 당분간 유지될 가능성이 높다”고 내다봤다.하이투자증권은 1분기 LG화학의 석유화학 부문 영업이익이 2470억원, 전지부문은 804억원 적자를 기록할 것으로 예상했다. KTB투자증권도 석유화학과 전지 부문에 대해 각각 2220억원, -890억원으로 전망했다.2분기에는 석유화학 부문의 영업이익 개선과 전지 부문의 영업적자 폭 감소로 실적 반등이 예상된다.롯데케미칼 역시 나프타 가격 하락으로 2분기 원가절감 효과를 볼 전망이다. 하이투자증권은 1분기 대산공장 폭발사고에 따른 생산 차질로 200억원의 영업손실이 발생하면서 영업이익이 전년 동기 2957억원에서 줄어든 694억원으로 예상했다. 그러나 2분기에는 1816억원으로 소폭 반등할 것으로 내다봤다.DB금융투자는 롯데케미칼의 1분기 영업적자 규모를 31억원으로 전망했다. 2분기에는 올레핀 부문 실적이 개선되면서 2분기 1760억원으로 예상된다.
- Copyrights ⓒ 헤럴드경제 & heraldbiz.com, 무단 전재 및 재배포 금지 -",/news/news_read.nhn?article_id=0001658009&office_id=016&mode=search&query=LG화학&page=1
