head,text,url
"개인 4월 한달간 5조5371억원 순매수…삼성전자 현대차 SK하이닉스 셀트리온헬스케어 순삼성바이오로직스 LG생활건강 LG화학 순매도 상위 ""차익 실현한듯""","(서울=뉴스1) 권혜정 기자 = 신종 코로나바이러스 감염증(코로나19) 팬데믹(세계적 대유행) 증시 폭락을 계기로 동학개미(개인투자자)들이 대거 유입된 가운데 최근 반등장에서 이들이 담은 종목에 관심이 쏠린다. 30일 한국거래소 마켓데이터에 따르면 이달 1일부터 29일까지 4월들어 20거래일 동안 개인투자자들은 국내 주식시장에서 5조5371억원어치를 순매수했다. 코스피 3조8173억원, 코스닥 1조7139억원이었다.개인들은 코스피시장에서 우량주를 담았다. 순매수 상위 10위 종목은 삼성전자(4367억), 현대차(3811억), SK하이닉스(3377억), KB금융 (1770억), 삼성전자우(1407억), 엔씨소프트 (1167억), 삼성SDI(1145억), 기아차(1120억), 현대모비스(1057억), POSCO(1023억) 등이다. 삼성전자와 현대차, SK하이닉스, 삼성전자우는 시가총위 10위 안에 드는 종목들이다. 남선알미늄(908억)과 셀트리온(890억)은 각각 순매수 12위와 13위에 올랐다. 남선알미늄은 4.15 총선과 관련해 이낙연 테마주로 주목받으며 개인들의 선택을 받았다. 셀트리온의 경우 신종 코로나바이러스 감염증(코로나19) 치료제에 대한 기대감 때문인 것으로 풀이된다. 개인들은 4월 한달동안 코스닥 시장에서 셀트리온헬스케어(3329억원)를 가장 많이 샀다. 셀트리온헬스케어는 코스닥 시가총액 1위 종목이다. 이어 스튜디오드래곤(1238억원), 메디톡스(1034억), 에스맥(490억), 제넥신(393억), 에코프로비엠(358억), 이더블유케이(308억), 솔브레인(278억), 네페스(258억), 레고켐바이오(249 억) 등의 순이었다. 반면 개인들은 코스피시장에서 삼성바이오로직스(1조8888억), LG생활건강(1조2380억), LG화학(8962억) 등을 주로 팔았다. 개인들이 차익 실현에 나섰던 것으로 보인다. 코스닥에서는 케이엠더블유(270억), 아이티엠반도체(265억), 펄어비스(243억) 등을 내다 팔았다. 강봉주 메리츠증권 연구원은 ""전통적으로 개인 투자자들은 기관 투자자에 비해 자금 동원력, 투자지식, 매매의 응집성과 일관성 등에서 열세에 있기 때문에 증시 영향력이 적은 것으로 평가돼 왔고, 이에 따라 '개미' 투자자로 불리곤 했다""면서 ""그러나 연초 이후 코로나19 폭락 국면에서 외국인 순매도 19조에 개인 투자자가 25조 순매수로 대응하며 '동학개미운동'이라는 신조어가 등장했다""고 밝혔다. 이어 ""올해 증시에서 개인 투자자들이 보이는 패턴은 과거와 상당히 다르다""며 ""신규 투자자 유입 규모도 기록적이며 뉴미디어를 통한 투자 학습 열기도 높은데 ETF, 해외투자, 레버리지를 활용한 투자방식 등은 과거에 비해 발전적이지만 단기 과잉매매나 소수 종목 집중 투자 패턴 등은 극복해야 할 과제""라고 했다.jung9079@news1.kr© 뉴스1코리아(), 무단 전재 및 재배포 금지",/news/news_read.nhn?article_id=0004614838&office_id=421&mode=search&query=LG화학&page=1
,"[머니투데이 강민수 기자] [(종합)]올해 초 뜨거운 관심을 받았던 2차 전지주가 또다시 오름세를 보인다. 코로나19(COVID-19)로 인한 증시 충격에 흐름이 주춤했으나, 실적 호조와 코로나19 관련 우려가 제한적이라는 평가에 상승세에 재시동을 거는 모양새다.29일 한국거래소에 따르면 코스피 1500선이 무너진 지난달 19일 이후 이날까지 LG화학 주가는 63.7% 올랐다.또 다른 대표적인 2차전지 수혜주로 꼽히는 삼성SDI도 56.28%, 포스코케미칼은 56.5% 상승했다. 이는 같은 기간 코스피(33.61%) 상승 폭을 훨씬 웃도는 것이다.에코프로비엠(34.44%), 일진머티리얼즈(76.72%), 천보(74.48%) 등 중소형 2차전지 수혜주도 30~70% 안팎의 상승률을 보였다.이러한 2차 전지주의 급등세는 이례적으로 보일 수 있다. 코로나19로 인한 최근 국제유가 급락은 전기차의 구매 매력을 반감시킬 수 있는 요소이기 때문이다. 전기차는 2차전지 산업의 주요 전방산업이다. 공장 셧다운, 소비력 하락, 이동제한 등으로 인한 글로벌 자동차 판매량이 급감 역시 악재가 될 수 있다. 교보증권에 따르면 글로벌 자동차 2월 판매량은 전년 대비 19% 감소했다.그러나 전문가들은 중장기적으로 2차 전지주의 전망은 낙관적이라고 입을 모은다. 김대준 한국투자증권 연구원은 이러한 배경으로 △전기차 시장 회복세 △초저금리 환경 △정책 지원 기대 등 3가지를 꼽았다.먼저 대표적인 전기차 업체 테슬라의 중국 판매 호조에 힘입은 주가 회복이 호재다. 이달 들어 테슬라 주가는 46.8% 상승, 2월 고점 대비 80% 수준까지 돌아왔다. 김 연구원은 ""중국 경제가 정상화된다면 전기차 매출은 더욱 늘어날 것""이라며 ""후방산업인 2차전지 산업도 충분한 수혜를 누릴 것""이라고 예상했다.저금리 국면에서 성장주가 투자에 유리하다는 점도 한몫한다. 2차 전지가 대표적인 성장주라는 점에서 투자자의 관심을 끌 수밖에 없기 때문이다.집권 여당의 총선 승리로 정부의 '탄소제로 사회' 실현 정책 추진이 가속 페달을 밟을 것이란 기대도 있다. 김 연구원은 ""정책 추진에 어려움이 없는 여당이 미래차 후방에 위치한 2차전지 산업을 적극 지원할 것이란 전망이 빠르게 확산될 수 있다""고 예상했다.최보영 교보증권 연구원은 ""경제둔화에 따른 유가 하락 및 자동차 업체의 생존 문제는 단기적으로 친환경차로의 변화를 저해하는 요소가 될 것""이라면서도 ""기후 변화 문제, 전기차 및 자율주행차 굴기를 이어가고자 하는 중국의 의지, 배터리 산업 내 체질 강화를 통한 가격 하락 등을 고려하면 중장기적으로 전기차의 성장은 지속될 것""이라고 전망했다.국내 2차전지업체들의 실적 또한 이러한 기대감을 뒷받침했다. 지난 28일 LG화학은 올해 1분기 전년 동기대비 15.8% 줄어든 2365억원의 영업이익을 냈다고 공시했다. 이 기간 매출액은 7조1157억원으로 전년 동기대비 7.5% 늘었다.영업이익이 전년 동기보다는 줄었지만, 1590억원에 불과했던 시장 전망치(컨센서스)는 49%가량 뛰어넘은 셈이다. 특히 미래 핵심인 배터리 부문은 적자 폭을 줄인 점이 눈에 띄었다. 배터리 부문은 518억원의 영업손실을 냈는데, 지난해 4분기(-2496억원)와 비교하면 대폭 줄어든 것이다.이날 잠정실적을 발표한 삼성SDI도 선방했다는 평가를 받는다.삼성SDI는 1분기 매출액이 지난해보다 4.1% 증가한 2조3975억원, 영업이익은 54.6% 줄어든 540억원이라고 공시했다. 영업이익 컨센서스(398억원)을 웃도는 성적이다. 직전분기와 비교하면 매출액은 15% 감소했지만, 영업이익은 168% 늘었다. 특히 전지사업부문 매출은 지난해보다 3.7% 늘어난 1조7936억원을 기록, 견조한 흐름을 보였다.강민수 기자 fullwater7@mt.co.kr
<저작권자 ⓒ '돈이 보이는 리얼타임 뉴스' 머니투데이, 무단전재 및 재배포 금지>",/news/news_read.nhn?article_id=0004402463&office_id=008&mode=search&query=LG화학&page=1
,"[머니투데이 우경희 기자, 안정준 기자]
글로벌 배터리(2차전지) 시장서 격돌하고 있는 양사에서 같은 날 나온 발표가 엇갈린다. LG화학은 ""모든 투자를 원점 재검토 하겠다(차동석 CFO 부사장)""고 밝혔다. 반면 SK이노베이션은 미국 배터리2공장에 8900억원을 추가 투입하는 공격적 확장을 선언했다. SK이노베이션은 지난 28일 오후 늦게 이사회를 열고 미국에 추가로 전기차 배터리2공장 투자를 결정했다. SK이노베이션은 지난해 미국 조지아1공장을 착공했다. 2공장 추가 출자 금액은 7억2700만달러(약 8900억원)다. 1~2공장 합산 3조원이 들어간다. SK이노베이션 미국공장은 세계 최대 전기차 시장 중 하나인 미국시장 공략의 전초기지다. 최태원 SK그룹 회장이 직접 챙긴다. 최 회장은 2018년 현지 행사에서 ""미국 배터리공장은 최대 50억달러 투자 프로젝트""라고 말했다. 투자가 최대 6조원에 이를 수 있다는 의미다. 이에 따라 1공장 투자 결정 직후부터 2공장 투자가 가시적이었다. 올해 연내 착공 전망도 나왔다. 그 와중에 코로나19(COVID-19)가 터졌다. 유가가 급락하고 완성차시장 전체가 패닉에 빠졌다. 화학이 베이스인 배터리업체들도 대부분 실적에 직격탄을 맞았다. 특히 SK이노베이션은 주력인 정유사업이 심각한 타격을 받았다. 내달 초 1분기 실적 발표를 앞두고 창사 이후 최악의 영업이익 적자가 가시적이다. 현금흐름이 나빠지면서 투자계획 이행에도 부담이 커지는 상황이다. 그러나 SK의 선택은 '공격 앞으로'였다. 김준 사장은 ""사업의 본원적 경쟁력을 확보해야 위기를 극복할 수 있다""고 말했다. 또 ""이번 투자로 전세계 전기차산업 밸류체인과 생태계 발전에 크게 기여할 것""이라고 다짐했다. 배터리시장은 선주문 후생산의 캐파(생산능력)전쟁터다. 글로벌 완성차 업체들이 배터리 생산만 기다리고 있다. 공격적 생산능력 확대로 코로나19 이후 시장을 선점하겠다는게 SK이노베이션의 전략이다. LG화학은 안정적 성장을 선택했다. 차동석 LG화학 CFO(최고재무책임자) 부사장은 28일 실적발표 후 ""설비투자를 제로베이스에서 검토하고 있다""고 말했다. 또 ""불확실성에 대비해 안정적인 캐시플로우 관리에 주안점을 둘 것""이라고 강조했다. 미래동력 투자를 줄이는건 아니다. 그는 ""미래사업에 대해선 예정대로 진행할 것""이라고 했다. LG화학도 배터리 투자가 급하기로는 SK나 삼성 못지 않다. 그러면서도 ""최대한 줄여 연 6조원에서 5조원대 초중반으로 투자를 감축할 것""이라고 밝혔다. SK이노베이션과는 분명한 온도차가 있다. LG화학은 1분기 시장 컨센서스를 상회하는 실적을 냈다. 2365억원의 영업이익 흑자를 냈다. 시장 전망치보다 1000억원 가까이 많다. 특히 배터리부문 손실을 크게 줄였다. 전분기 2496억원이던게 1분기 518억원이 됐다. 숙원인 배터리 수익화에 한 발 다가선 셈이다. 각종 지표가 긍정적인 상황에서도 LG화학은 긴축을 선언했다. 업계 관계자는 ""핵심인 배터리는 키우면서도 다른 부문에 대한 투자엔 속도조절을 하겠다는 것으로 해석된다""고 말했다. 양사는 미국과 유럽, 중국 등에서 사활을 건 경쟁을 벌이고 있다. 중국에서 LG화학이 앞서가는 가운데 미국 투자는 SK이노베이션이 빨랐다. 유럽에선 동유럽 생산기지를 중심으로 양사 모두 총력전 채비를 갖추고 있다. 지난해 미국에서 벌인 배터리 특허분쟁은 앞으로 더욱 격화될 글로벌 배터리 전쟁을 감안하면 워밍업 격이다. 미국 ITC(국제무역위원회)가 일단 LG화학의 손을 들어줬다. 합의가 뒤따라야 하는 상황이다. 합의 없이 SK이노베이션이 최종 패소하면 미국 공장 가동이나 제품 판매에 차질이 발생할 수 있다. SK이노베이션의 의연한 투자 진행이 이를 염두에 둔 것이라는 해석도 나온다. 동요 없이 투자행보를 진행하는 한편 LG화학과 최선의 합의점을 찾겠다는 것이다. 분쟁에선 한 발 비켜나 있지만 한국 배터리 3강 중 하나인 삼성SDI 역시 적극적 설비투자를 진행 중이다. 지난해 ESS(대용량에너지저장장치) 발화 등 악재를 딛고 중국 공장 증설은 물론 글로벌 생산기지 추가 확보를 타진 중이다. 우경희 기자 cheerup@mt.co.kr, 안정준 기자 7up@mt.co.kr
<저작권자 ⓒ '돈이 보이는 리얼타임 뉴스' 머니투데이, 무단전재 및 재배포 금지>",/news/news_read.nhn?article_id=0004402475&office_id=008&mode=search&query=LG화학&page=1
올해 배터리 매출은 10~15% 하향 조정,"[서울경제] 이 1·4분기 깜짝 실적을 거둔 배경에는 국제유가 하락이 있었다. LG화학은 1·4분기 시장 전망치인 1,590억원을 약 50% 웃도는 2,365억원의 영업이익을 올렸다고 28일 밝혔다.그 중 대부분은 석유화학부문에서 거둔 이익이었다. LG화학 석유화학부문은 1·4분기 영업이익 2,426억원을 기록했다. 배터리 사업에서 발생한 영업손실 518억원을 석유화학이 메우는 모양새다.차동석 LG화학 최고재무책임자(CFO) 부사장은 실적발표 콘퍼런스콜에서 “석유화학 주요 제품의 스프레드(제품과 원료의 가격 차이)가 개선됐다”고 밝혔다.석유화학사의 원재료인 나프타는 원유 정제 과정에서 생산되는 만큼 가격이 유가와 연동된다. 플래츠에 따르면 지난해 12월 톤당 574달러에 달했던 나프타 가격은 지난달 톤당 292달러까지 하락했다.신종코로나바이러스 감염증(코로나19) 영향으로 수요가 줄었으나 나프타의 가격 하락 폭이 더 컸던 것으로 풀이된다. LG화학 측은 “ABS·PVC 등 주요 제품의 스프레드가 개선됐다”고 설명했다.LG화학 석유화학부문은 2·4분기에도 원재료 가격 하락으로 양호한 실적이 기대된다. LG화학 관계자는 “저유가 기조 지속으로 주요 원료의 수익성이 회복되고 제품 스프레드가 개선될 것”이라고 전망했다.하지만 LG화학이 주력하고 있는 배터리 사업은 코로나19의 영향을 피해가기 어려울 것으로 예상된다. LG화학은 올해 배터리 부문에서만 15조원의 매출을 낼 것으로 계획했으나 이를 10~15% 하향 조정했다.장승세 LG화학 전지경영전략총괄 전무는 “1·4분기 중국·미국 공장의 가동 중단이 있었고 2·4분기에도 일부 미국 공장 가동 중단으로 매출에 차질이 있을 것”이라면서도 “미래 준비를 위한 투자 계획에는 변동이 없다”고 강조했다./박효정기자 jpark@sedaily.com저작권자 ⓒ 서울경제, 무단 전재 및 재배포 금지",/news/news_read.nhn?article_id=0003731952&office_id=011&mode=search&query=LG화학&page=1
1분기 싸게 들여온 나프타 지렛대 삼아 수익개선 기대 에틸렌 가격과 스프레드 적정선 유지되는 게 관건,"최근 국제 유가 폭락세가 국내 정유업종에는 수천억, 수조원대의 재고원유 ‘평가손실’로 당장 직접적 영향을 미치는 반면, 석유화학업계에는 핵심 원료인 ‘나프타’(납사) 가격 변동을 통해서 1차 파급되는 경로와 양상을 보인다. 지금처럼 국내외 최종 제품 수요가 급감하는 ‘수요충격’ 상황이 아니라, 일시 공급충격으로 저유가가 나타났다면 정유업계가 저유가발 수익성 혜택을 누리듯이, 석유화학업계도 화학제품 가격만 버텨준다면 한두달 시차를 두고 ‘나프타 가격 급락’ 수혜를 입을 수 있다는 전망이 나온다.플라스틱·섬유·합성수지·합성고무·도료·합성세제 등 석유화학 최종제품의 1차 원료는 대부분 나프타다. 나프타는 원유를 상압 증류·정제하는 공정에서 증류온도 구간에 따라 액화석유가스(LPG)·휘발유를 뽑아낸 뒤 그다음 순서로 나온다. 나프타 가격은 당연히 국제유가에 직접 연동된다. 국내 석유화학기업들의 나프타 조달은 국내산(정유회사)과 수입산 비중이 각각 50%가량 된다. 나프타 국제거래 가격은 올해 1분기에 1톤당 443달러(평균·이하 해당기간 평균)로, 지난해 1분기(518달러)에 견줘 크게 낮아졌다. 월간으로 1월 553달러, 2월 482달러에서 3월엔 295달러로 수직 추락한 뒤 4월(1~24일) 194달러(작년 동기 583달러)로 급기야 역사적 저점까지 떨어졌다. 나프타 원료를 1차 가공해 만드는 대표 화학제품인 에틸렌 국제 거래가격도 원료가격 하락에다 수요 감소가 겹치면서 역시 떨어지고 있다. 지난 1분기 1톤당 731달러(작년 동기 1049달러)로 떨어졌고, 월간으로 1월 812달러→2월 738달러→3월 642달러→4월(1~24일) 403달러까지 내려갔다. 원료와 최종제품 모두 동반 하락하면서 ‘스프레드’(에틸렌 가격에서 나프타 가격을 뺀 차이)는 분기로는 올해 1분기 287달러로, 작년 1분기(531달러)에 비해 절반가량 줄었다. 4월 스프레드는 209달러까지 좁혀졌다. 3월엔 나프타 하락폭에 견줘 에틸렌 하락폭이 상대적으로 작아 스프레드가 347달러로 화학업계로서는 그나마 괜찮은 편이었다. 엘지(LG)화학은 “국내외 화학제품 수요가 어느 정도 버텨줘 최종 제품가격이 유지된다면 1분기에 싼 값에 사들여온 ‘나프타 가격 효과’가 시차를 두고 2분기 수익성을 끌어올릴 수 있을 것”이라고 말했다.조계완 기자 kyewan@hani.co.kr[ⓒ한겨레신문 : 무단전재 및 재배포 금지]",/news/news_read.nhn?article_id=0002495690&office_id=028&mode=search&query=LG화학&page=1
