head,text,url
,"[머니투데이 심재현 기자] 이재용 삼성전자 부회장은 올해 1월초 삼성전자 화성사업장을 찾아 3나노 개발을 보고 받는 자리에서 시스템반도체(비메모리 반도체) 시장과 관련한 의미심장한 발언을 했다. 그는 ""역사는 기다리는 것이 아니라 만들어가는 것""이라고 밝혔는데 이는 부동의 메모리 반도체 1위인 삼성전자가 '시스템반도체' 부문에서도 1위를 향해 달리자는 의지를 보여준다. 그러나 삼성전자가 이 시스템반도체 부문에서 실제 1위를 할 수 있을지 반신반의하는 목소리도 들린다. 대만의 TSMC가 시스템반도체 세계 1위로서 삼성전자를 만만치 않게 견제할 수 있기 때문이다. 반도체업계 관계자들은 ""선단공정 기술에서는 삼성전자가 대만 TSMC에 결코 뒤지지 않는다""며 ""삼성 화성사업장 EUV공장 내 5나노 라인 등에 엄청난 투자가 이뤄지고 있어 TSMC와의 격차를 좁힐 수 있다""고 밝혔다. 특히 삼성전자의 이 시스템 반도체 1위를 향한 행보는 실적에서도 드러나고 있다. 단적으로 지난달 29일 삼성전자가 발표한 1분기 실적에서 메모리반도체 매출이 13조1400억원, 시스템반도체 매출이 4조5000억원 수준을 보였다. 이중 시스템반도체 부문 매출은 지난해 3분기 4조3300억원을 넘어서는 역대 최대 분기 매출을 기록했다. 반도체 부문 전체 매출에서 차지하는 비중(25.5%)도 처음으로 25%를 넘어섰다. 이는 2030년까지 시스템반도체 시장 1위에 오르겠다는 목표를 내세운 이재용 삼성전자 부회장의 '비전 2030'이 차근차근 성과를 거두고 있다는 방증이다.삼성전자는 133조원을 투자해 파운드리(반도체 위탁생산)를 포함한 시스템반도체 시장에서 2030년까지 세계 1위에 오르겠다는 내용의 '비전 2030'을 지난해 4월 발표했다. 메모리반도체 세계 1위를 넘어 종합반도체업체로 시장 정상에 오르겠다는 구상이다.전세계 반도체 시장 매출에서 시스템반도체 비중은 70%에 달한다. AI(인공지능), IoT(사물인터넷), 자율주행차 등으로 대변되는 4차 산업혁명 시대로 접어들면서 시스템반도체 시장은 더 가파른 성장세를 보일 것으로 전망된다. 시장조사업체 가트너는 비메모리반도체 시장성장률이 2022년까지 연평균 5%로 메모리반도체 시장의 연평균 성장률 전망치 1%의 5배에 달할 것으로 관측했다. 삼성전자는 파운드리 부문에서 올해 2월 EUV(극자외선) 전용라인 'V1'을 본격 가동하면서 기술 경쟁력을 강화하고 있다. 지난해 4월 업계 최초로 EUV 공정을 적용한 7나노(㎚, 1나노미터는 10억분의 1m) 제품을 출하한 데 이어 지난해 하반기 6나노 제품 양산을 시작했다.삼성전자 반도체 사업을 총괄하는 김기남 DS(디바이스솔루션) 부문 부회장은 지난달 정기주주총회에서 ""앞으로 파운드리 시장은 첨단 공정으로 결정될 것""이라며 ""그런 면에서 삼성은 (업계 1위인) 대만의 TSMC에 절대 뒤지지 않고 많은 고객들이 최근 삼성을 찾는다""고 말했다.반도체 설계를 담당하는 시스템LSI부문도 1억800만 화소 모바일 이미지센서, 5G(5세대 이동통신) 모뎀과 모바일 AP(애플리케이션 프로세서)를 통합한 '엑시노스 980', 2개의 NPU(신경망처리장치) 코어로 AI 연산 성능을 강화한 '엑시노스 990' 등 제품으로 시장 경쟁력 강화에 속도를 내고 있다.심재현 기자 urme@mt.co.kr
<저작권자 ⓒ '돈이 보이는 리얼타임 뉴스' 머니투데이, 무단전재 및 재배포 금지>",/news/news_read.nhn?article_id=0004402896&office_id=008&mode=search&query=삼성전자&page=2
"""5G 상용화 11개월 만에…月 증가폭 50만명대 회복""","[서울=뉴시스] 이진영 기자 = 5G 이동통신 가입자가 상용화 11개월 만인 지난 3월 588만명을 기록했다. 코로나19 사태에도 월 증가율이 50만명대를 회복해 눈에 띈다. 2일 과학기술정보통신부가 발표한 무선 통신서비스 통계에 따르면 지난 3월 말 현재 국내 5G 가입자는 588만1177명으로 전달에 비해 52만478명 늘었다. 전체 이동통신 가입자 수 6915만4363명에서 5G 가입자는 8.5%를 차지했다.
5G 가입자 월별 증가폭은 지난해 8월 88만2831명으로 정점을 찍은 뒤 점차 둔화해 1월에는 29만285명에 그쳤다. 하지만 2월 말 개통을 시작한 삼성전자 갤럭시 S20 시리즈가 나오면서 올 2월에 40만2260명 늘었으며 3월에는 증가폭이 50만명대로 확대됐다. 코로나19 사태에도 5G 가입자는 지속 늘어날 것으로 관측되고 있다. 통신사들이 5G 폰에 대한 공시지원금을 확대하고 있다. 또 갤럭시 A51, 갤럭시 A71 등 삼성전자의 중저가 5G 스마트폰 출시를 앞두고 있다. LG전자도 5월 중 보급형 5G 폰을 새로이 선보일 계획이다. 통신사별로 보면 SK텔레콤 5G 가입자 비중이 3월 말 기준으로 45.0%(264만7542명)로 가장 높다. 이어 KT 30.2%(177만8437명), LG유플러스 24.7%(145만4444명) 등 순이다. 이 밖에 5G 알뜰폰 가입자는 754명으로 미미했다. 하지만 전달의 318명에 비해 2.37배 뛰었다. mint@newsis.com<ⓒ 공감언론 뉴시스통신사. 무단전재-재배포 금지>",/news/news_read.nhn?article_id=0009843450&office_id=003&mode=search&query=삼성전자&page=2
코로나19 사태로 글로벌 경기 침체·사업 환경 악화 우려재판·수사에 발목잡힐 가능성도...11일 대국민 사과 '주목',"지난 2년간 뉴 삼성을 기치로 새로운 미래로 향하고 있는 이재용 삼성전자 부회장의 앞에는 극복해야 할 장애물도 놓여져 있다.아직 현재 진행형인 국정농단 재판으로 인한 사법 리스크에 신종 코로나바이러스 감염증(코로나19) 사태로 사업 불확실성도 증대됐다. 당장 윤리경영을 화두로 출범한 삼성 준법감시위원회가 권고한 대국민 사과도 해야 하는 상황이다.현재 삼성이 직면하고 있는 문제 중 가장 큰 것은 코로나19 위기 극복이다. 사업을 통해 이익을 실현하고 경제에 기여하는 것이 기업의 존재 이유이자 목적이라는 점에서 이번 위기를 제대로 이겨내지 못하면 생존 자체를 장담할 수 없게 되기 때문이다.이미 코로나19가 북미와 유럽 등 선진 시장으로 확산되면서 해외 법인들의 생산 차질이 가시화되고 있고 소비 침체로 인한 수요 감소 속에서 유통망 폐쇄 등으로 인한 판매 타격 등 삼중고가 겹치고 있는 상황이다. 최악의 터널을 통과하고 있지만 언제 다시 재확산될 수 있어 사태 장기화를 배제할 수 없다는 점에서 우려가 더욱 크다.삼성전자가 올 1분기 실적으로 매출액 55조3252억원과 영업이익 6조4473억원을 기록하며 선방했지만 코로나19 영향은 2분기부터 본격화될 것으로 보인다. 코로나19가 경기의 장기 침체를 불러올 수 있는 상황이어서 하반기 전체 실적에도 악재로 작용할 수 있는 상황이다.전자업계 한 관계자는 “현재로서는 코로나19가 글로벌 경제·산업에 미칠 파고를 가늠하기 어려운 상황”이라며 “세트(완제품)와 부품으로 포트폴리오가 잘 짜여져 있는 삼성전자로서도 쉽지 않은 한 해가 될 것”이라고 전망했다.코로나19로 인한 위기 극복이 시급해진 상황임에도 이 부회장은 여전히 사법 리스크에 발목을 잡힐 수 있는 처지에 놓여 있다. 국정농단 재판은 여전히 파기환송심이 진행 중이고 삼성물산과 제일모직 합병 의혹과 관련한 검찰 수사도 속도가 붙고 있다.지난 2017년 2월 구속기소됐던 이 부회장은 그해 8월 1심에서 징역 5년을 선고받았으나 이듬해 2월 2월 2심에서 징역 2년 6개월에 집행유예 4년을 선고받고 석방됐다. 하지만 대법원이 지난해 8월 유죄 취지로 사건을 파기환송해 서울고법으로 되돌려 보내면서 지금까지 파기환송심이 진행 중이다.현재 특검이 파기환송심 재판부에 대한 기피신청을 하면서 다소 지연되고 있지만 곧 재개될 전망이다. 특검이 기피신청 기각에 불복해 지난달 23일 대법원에 재항고한 상태인데 이에 대한 판단만 나오면 재판은 바로 재개될 수 있는 상황이다.여기에 검찰이 삼성바이오로직스(삼바) 분식회계 의혹에 대한 수사에 속도를 내고 있다. 이는 삼성물산과 제일모직 합병과도 연결되는 사안이어서 국정농단 재판에서 화두가 됐던 경영권 승계 문제가 다시 부각될 가능성이 있다.삼바 증거인멸 의혹 관련 재판은 지난해 말 1심 판결이 나왔고 현재 항소심 재판이 진행 중이지만 그동안 분식회계 관련 의혹은 수사가 큰 진전을 보지 못했었다. 검찰이 그동안 확실한 물증을 내놓지 못했던 터라 상황의 반전 가능성은 불확실하다.이외에 노조 이슈와 관련, 삼성전자서비스 노조 와해 의혹 재판도 1심 판결 이후 검찰의 항소가 이뤄져 항소심이 진행 중이다.이 부회장으로서는 재판과 수사 결과에 따라 상상하기 싫은 경영공백이 발생할 가능성을 배제할 수 없는 상황이다. 날로 악화되는 글로벌 시장 환경에서 사업 경쟁력을 키워 미래를 준비해야 하는 경영 행보에 발목이 잡힐 수 있게 되는 것이다.특히 코로나19로 인한 비상경영 상황에서 오너 부재로 인한 경영 리스크가 커지면서 국내 최대 기업 그룹에 미칠 타격이 커질 수 있다는 우려가 나오고 있다.재계 한 관계자는 “이미 한 차례 오너의 부재로 인한 어려움을 절감했던 삼성으로서는 이 부회장의 경영 공백은 상상하기 싫은 시나리오가 될 것”이라며 “코로나19로 인한 위기 극복에 힘을 모아야 할 때 국내 최대 기업그룹 총수의 부재는 국가 경제에도 부정적인 영향을 미칠 것”이라고 말했다.코 앞으로 다가온 이 부회장의 대국민 사과에 담길 내용도 주목되고 있다. 이는 삼성 준법감시위원회의 권고에 따른 것으로 오는 11일로 예정돼 있다.삼성 준법감시위원회는 지난 2월 삼성의 윤리경영을 감시하는 외부 독립기구로 출범했다. 위원회는 김지형 전 대법관이 위원장을 맡고 고계현 소비자주권시민회의 사무총장, 권태선 시민사회단체 연대회의 공동대표, 김우진 서울대 경영대 교수, 봉욱 변호사, 심인숙 중앙대 법학전문대학원 교수 등 외부위원들이 참여하고 있다.준법위는 한 달여간의 논의를 통해 지난 3월 이 부회장에게 경영권 승계 의혹, 노조 문제 등에 대해 반성을 담은 대국민 사과를 하라고 권고했다. 당초 지난달 10일까지가 시한이었지만 삼성측이 추가 논의의 필요성과 코로나19 확산 영향 등을 이유로 기한 연장을 요청해 오는 11일로 한 달 가량 미뤄졌다.삼성측이 당초 시한 이틀을 앞두고 연장 요청을 하면서 대국민 사과의 내용과 방식에 대한 깊은 고심의 흔적이 드러났다. 준법위가 권고문에서 제시한 의제들이 현재 진행 중인 재판과 수사와 연관될 수 밖에 없는 사안들이라는 점에서 쉽게 결론을 내릴 수가 없었을 것이라는 게 중론이다.결국 준법위 권고를 이행하면서도 최대한 재판과 수사에 영향을 미치지 않아야 하는 솔로몬의 지혜가 필요한 상황으로 아직도 계속 고심 중인 것으로 알려졌다.재계 한 관계자는 “준법위 권고를 적극적으로 이행하다보면 재판과 수사에 영향을 미칠 수 있는 발언이 나올 수 있고 보다 신중하게 대응하면 자칫 진정성이 없어 보일 수 있다는 데 고민이 있을 것”이라고 “사과문이 어떤 내용과 수준으로 나올지 정말 궁금하다”고 말했다.데일리안 이홍석 기자 (redstone@dailian.co.kr)ⓒ (주)데일리안 - 무단전재, 변형, 무단배포 금지",/news/news_read.nhn?article_id=0002399454&office_id=119&mode=search&query=삼성전자&page=2
,"[머니투데이 김주현 기자, 박효주 기자]
SK텔레콤과 KT, LG유플러스 등 이동통신3사가 삼성전자 '갤럭시S20' 시리즈 공시지원금을 최대 50만원으로 대폭 늘렸다. 일부 요금제 구간에서는 25% 약정할인보다 공시지원금을 선택하는 편이 더 유리해졌다. 업계에선 애플 2세대 아이폰SE 버전이 오는 6일 출시를 앞두고 사전 예약에 나서고 있는 상황에서 이를 견제하기 위한 삼성전자의 판매 지원금이 대폭 실렸을 것이라는 분석을 내놓고 있다.업계에 따르면, SK텔레콤의 갤럭시S20 시리즈 공시지원금은 최저 28만5000원에서 최대 42만원으로 올랐다. 기존 지원금은 최저 10만원에서 최대 17만원 수준에 불과했다. 고객들이 가장 많이 가입하는 5GX프라임(월 8만9000원) 기준으로는 15만원에서 42만원으로 지원금이 상향됐다. KT는 5G슬림(월 5만5000원) 구간 25만원에서 5G슈퍼플랜 프리미엄 플러스(월 13만원) 48만원까지 지원금을 확대했다. 주력 요금제인 슈퍼플랜 베이직(월 8만원) 공시지원금은 기존 14만2000원에서 38만6000원으로 올랐다. LG유플러스는 3사 가운데 가장 공시지원금이 높다. 최저 32만6000원에서 최대 50만원까지 지원금을 높였다. △5G 라이트(월 5만5000원) △5G 스탠다드(월 7만5000원) △5G 스마트(월 8만5000원) 등 요금제에서는 25% 약정할인보다 공시지원금의 할인 규모가 더 크다. 지난 2월말 출시된 갤럭시S20 시리즈는 코로나19(COVID-19) 여파로 소비심리가 얼어붙으면서 판매 부진을 겪었다. 업계에서는 갤럭시S20 판매량이 전작인 갤럭시S10의 70~80% 수준에 그치는 것으로 추정하고 있다. 오는 6일 출시될 아이폰SE 2세대 모델도 영향을 줬을 것이라는 분석이다. 애플은 통상 하반기에 주력 아이폰 기종을 내놓는데, 올해에는 4년 만에 보급형 기종인 아이폰SE 후속작을 내놨다. 아이폰SE는 100만 원이 넘는 아이폰11과 성능은 같지만, 가격은 55만 원부터 시작한다. 파격적인 가격 책정은 지난달 29일 시작한 사전판매에서 준비된 수량이 조기 동나는 등 높은 인기로 이어졌다.삼성도 이와 맞대응해 50만원대 중저가 5G 스마트폰인 '갤럭시A51' 내놨지만 기존 주력모델인 갤럭시S20 시리즈 판매에 악영향이 불가피할 것으로 보인다. 5G 가입자 확대가 절실한 이통사 입장에서도 5G 전용 스마트폰인 갤럭시S20 판매에 보다 주력할 수 밖에 없다. 삼성전자와 이통사 이해관계가 맞아 떨어지면서 '갤럭시S20' 시리즈에 지원금을 더 실렸다는 분석이다.업계 관계자는 ""어린이날까지 이어지는 이번 황금연휴 기간에 판매량을 늘리기 위해 지원금을 대폭 늘렸다""며 ""아이폰SE와 갤럭시A51 등 신작들도 나와 이통업계 활력이 돌 길 기대한다""고 말했다.김주현 기자 naro@, 박효주 기자 app@
<저작권자 ⓒ '돈이 보이는 리얼타임 뉴스' 머니투데이, 무단전재 및 재배포 금지>",/news/news_read.nhn?article_id=0004402912&office_id=008&mode=search&query=삼성전자&page=2
이 회장 2014년 5월 와병…이 부회장 공식 총수 2년째'코로나19'에 사법 리스크 지속…'대국민 사과' 코앞에,"(서울=뉴스1) 주성호 기자 = 신종 코로나바이러스 감염증(코로나19) 확산으로 숨가쁜 시간을 보내고 있는 삼성과 이재용 부회장이 5월에 중대한 '분수령'을 맞는다.올해로 이건희 회장이 심근경색으로 쓰러진 지 6년째를 맞았고, 이 부회장이 부친에 이어 2018년 공식적인 삼성 총수 자리에 앉은 이후 2년이 지났다.그러는 동안 삼성의 준법경영을 견제하고 감시하는 '삼성 준법감시위원회'는 이 부회장에게 대국민 사과를 권고했고, 마감 시한은 오는 11일로 열흘도 남지 않았다.이 부회장의 파기환송심 재판은 특검의 재판부 기피요청으로 지난 2월 이후 제자리 상태인 가운데, 검찰의 삼성바이오 분식회계 관련 수사가 4월부터 주요 임직원 소환조사 재개를 기점으로 속도가 빨라지고 있어 긴장감은 더욱 높아지고 있다.3일 재계에 따르면 일주일 뒤인 오는 5월 10일이면 이 회장이 이태원동 자택에서 급성 심근경색으로 쓰러진 지 6년째가 된다. 복수의 삼성 관계자들에 따르면 이 회장은 현재도 삼성서울병원 VIP 병실에 입원 상태로, 의식이 없지만 자가호흡을 하고 있는 것으로 전해진다.아버지를 대신해 2016년 삼성전자 등기이사에 선임되며 본격적 책임경영에 나섰던 이 부회장은 2018년 5월 공정거래위원회가 삼성 대기업 집단 동일인으로 지정하면서 공식적인 총수 자리에 올랐다. 이 부회장이 총수가 된 지 2년여가 지난 동안 자신과 삼성을 둘러싼 대내외 환경은 급속도로 바뀌었다. 반도체 불황에 일본 정부의 수출규제까지 덮치며 2019년 삼성전자의 영업이익은 약 27조7700억원으로 전년 대비 52% 이상 감소했다. 2019년 8월 대법원은 이 부회장이 연루된 국정농단 상고심에서 '파기환송' 결정을 내리고 서울고법으로 사건을 돌려보냈다. 파기환송심 재판부는 첫 공판부터 이 부회장과 삼성 측에 체계적인 준법경영 감시제도를 마련하라고 주문했다. 이에 지난 1월 국내 대기업 최초의 외부 경영감시 기구인 '삼성 준법감시위원회'도 출범했다. 준법위원회는 출범 두달여만인 지난 3월에 이 부회장을 언급하며 Δ경영권 승계 Δ노동 Δ시민사회 소통과 관련한 개선방안을 직접 발표하고 그간 논란에 대해 대국민 사과를 진행하라고 권고했다. 마감 시한은 5월 11일이지만 형식이나 내용 등은 아직까지 확정된 것이 없는 것으로 전해졌다. 재계 한 관계자는 ""신종 코로나바이러스 감염증(코로나19) 여파로 한차례 기한이 연장된 이후에도 계속해서 여러 방안을 놓고 논의가 이뤄지고 있는 것으로 안다""고 말했다. 어린이날까지의 5월초 연휴를 감안하면, 이 부회장에게 남은 시간은 5월 6~8일과 마지막날인 11일 등 주말을 제외한 4일뿐이다.코로나19 우려에도 화성, 구미, 아산 등을 방문하며 올들어 6차례나 미래 먹거리 발굴에 직접 나섰던 이 부회장의 현장경영도 지난 3월 25일 수원 종합기술원 점검 이후 중단됐다. 준법위 권고와는 별개로 이 부회장과 삼성을 둘러싼 '사법 리스크'가 여전히 상존해 있다는 점도 부담으로 작용할 가능성이 크다. 이 부회장의 국정농단 파기환송심은 지난 1월 네번째 공판기일이 열린 이후 3개월 이상 멈춰있다. 박영수 특별검사팀은 재판부의 편향성을 지적하며 지난 2월 '기피 신청'을 냈고, 법원이 기피신청을 기각하자 특검이 4월에 재항고했다. 본안이 중단된 상태에서 파기환송심 재판부를 변경할지 여부를 두고 대법원의 판단을 기다려야 하는 상황이다.여기에 삼성물산과 제일모직간의 합병, 삼성바이오로직스 분식회계 의혹 등을 수사 중인 검찰이 지난달 사장급 임원 수명을 차례로 소환조사하며 고삐를 죄고 있다는 점도 불확실성을 가중하는 리스크로 제기된다.2015년 합병 당시 삼성물산 경영지원실장이었던 이영호 사장과 고한승 삼성바이오에피스 사장, 김종중 전 미래전략실 사장, 최치훈 삼성물산 이사회 의장 등이 잇따라 소환된 상황에서 검찰이 이 부회장을 직접 소환조사할 것이란 관측도 나오고 있다.sho218@news1.kr© 뉴스1코리아(), 무단 전재 및 재배포 금지",/news/news_read.nhn?article_id=0004617233&office_id=421&mode=search&query=삼성전자&page=2
▶ 헉! 소리나는 [헉스] ▶ '너 그거 아니?' [두유노우]▶ 지금 파이낸셜뉴스 채널 구독하고 경품 GET!,"[파이낸셜뉴스] 메리츠증권은 2일 삼성전자에 대해 주가가 분기 실적과 동행하는 경향을 감안해 2·4분기부터 견조한 흐름을 보일 것이라고 전망했다.
 삼성전자는 올 1·4분기 연결기준 매출 55조3252억원, 영업이익 6조4473억원을 기록했다고 지난달 29일 공시했다. 당초 발표한 잠정실적(매출 55조원·영업이익 6조4000억원)보다는 높았다.
 매출과 영업이익이 지난해 4·4분기보다 각각 7.61%, 9.96% 줄었지만 전년 동기 대비로는 5.61%. 3.43%씩 늘었다.
 김선우 연구원은 ""세트(완성품) 출하 부진, LCD(액정표시장치) 및 OLED(유기발광다이오드) 수익성 훼손, 하만 등에서의 일회성 비용 발생 등이 아쉬웠지만 견조한 메모리 출하, IM(IT·모바일) 비용관리 및 선행출하, 가전사업 체질개선이 부정적 영향을 상당부분 만회했다""고 설명했다.
 D램 가격은 3·4~4·4분기 가격횡보기를 지난 후 내년 1·4분기부터 오를 전망이다. 김 연구원은 ""선두업체의 생산증가율이 10% 수준에 그치며 내년까지 정상 수요증가율을 크게 밑돌고, 여전히 수요자들은 안정적 물량확보 불확실로 판가 하락 요구의 위험성을 인지하고 있기 때문""이라고 말했다.
 이어 ""3·4분기 메모리 판가 윤곽이 드러나는 6월 내외부터 삼성전자의 주가는 분기실적 개선과 동행할 전망""이라고 덧붙였다.



 ※ 저작권자 ⓒ 파이낸셜뉴스. 무단 전재-재배포 금지",/news/news_read.nhn?article_id=0004417817&office_id=014&mode=search&query=삼성전자&page=2
"PC용 D램 고정가 11.9%↑, 서버용 D램 18%↑반면 PC용 현물가는 20일 넘게 추락삼성과 하이닉스는 서버용 반도체 수요 급증 기대인텔 실적 전망치 시장 대비 낮은 것도 부담","[서울경제] 서버와 PC용 반도체 시장이 코로나19확산으로 신음하고 있는 메모리 반도체 업계의 ‘구세주’가 될 수 있을까. 와 는 최근 실적발표 콘퍼런스콜에서 이들 시장이 모바일용 메모리반도체 수요 감소를 상쇄해
주는 것은 물론 실적에 긍정적 영향을 미칠 것으로 내다봤지만 시장에서는 여전히 불안함이 감지된다. 언택트 소비 및 재택근무 확산으로 서버 시장 확대가 필연적이지만 코로나19 확산에 따른 설비 구축 일정 차질과 전체적인 경제성장률 감소 등이 서버 시장 확대 기조의 발목을 잡을 수 있기 때문이다. 2일 시장조사기관 D램 익스체인지에 따르면 PC용 D램(DDR4 8Gb 기준)의 지난달 1개당 고정거래가격은 전월 대비 11.9% 상승한 3.29달러를 기록했다. D램 가격이 3달러대를 기록한 것은 지난해 6월 3.31달러를 기록한 이후 10개월 만이다. 서버용 D램 가격도 급상승했다. 서버용 D램 DDR4 32GB가격은 지난달 143.1달러로 전월 대비 18%나 올랐다. 지난해 5월(137.3달러) 이후 11개월만에 최고치다. 반면 D램 현물가격은 지난달 7일 올해 최고인 1개당 3.63달러를 기록한 이후 꾸준히 연속 하락해 지난달 30일 3.32달러를 기록 중이다. 지난 2월말 D램 현물가격이 3.35달러를 기록했다는 점에서 두달 전 가격 수준까지 내려간 셈이다.
지난달 가격 상승이 기대됐던 낸드플래시 또한 코로나 확산이 반도체 공장 가동 차질로 이어져 공급이 감소할 수 있다는 우려와 코로나에 따른 경기 침체로 수요가 대폭 줄 수 있다는 전망이 엇갈리며 전월과 같은 수준을 유지했다. 반도체 업계 관계자는
“현물가만 놓고 보면 고객사 측이 추가적인 D램 가격하락 기대에 구입에 소극적인 모습인 반면 고정거래가는 PC 수요가 급증하며 가격이 상승하고 있다”며 “코로나 확산에 따라 현물가와 고정거래가가 정반대 양상을 띄며 시장 불확실성이 커지는 모습”이라고 밝혔다. 글로벌 서버용 중앙처리장치(CPU) 시장의 90% 이상, PC용 CPU 시장의 80% 이상을 각각 차지하고 있는 인텔 또한 지난달 1·4분기 실적발표 컨퍼런스콜에서 올 2·4분기 실적 전망치를 시장기대치 보다 낮게 제시하며 D램 공급 업체들의 불안을 키우고 있다. 인텔의 CPU 실적이 부진할 경우 서버와 PC용 D램 시장 업체 또한 호실적을 기대하기 힘든 구조다. 인텔이 제시한 2·4분기 1주당 이익 전망치는
1.10달러로 시장 전망치(1.19달러)에 못미쳐 장외시장에서 주가가 5.7% 하락하기도 했다. 특히 인텔이 올 1·4분기에 언택트 수요 확대로 영업이익이 전년 동기 대비 69% 증가한 70억 달러, 1주당 이익은 1.45달러를 각각 기록했다는 점에서 2·4분기 실적 전망치가 준 충격이 컸다는 분석도 나온다. 인텔 측은 컨콜에서 노트북과 서버 수요는 2·4분기에도 상승할 것으로 봤지만 코로나19에 따른 글로벌 경제성장률 하락이 이 같은 수요 증가분을 상당부분 상쇄할 것으로 보고 있다. 또 차세대 노트북용 CPU인 ‘타이거레이크’ 사전검증을 위한 비용도 실적 전망치를 낮췄다. 인텔은 서버 업체들의 급속한 설비투자액(CAPEX) 증가로 이어질 서버용 신형 CPU ‘아이스레이크’ 출시 또한 일러도 올 4·4분기에나 가능할 것으로 보고 있다. 인텔측은 무엇보다 이 같은 언택트 수요 또한 올 하반기에는 상반기 대비 약해질 것으로 보고 있다. PC 판매량은 코로나19에 따른 각국의 경제상황 악화로 감소가 불가피할 전망이며 서버 수요 또한 재정지출 부담에 허덕이는 각 국 정부의 비용감축으로 감소가 예상된다. 일각에서는 각국의 잇따른 공장가동 중단 조치에 따른 서버용 부품 조달 차질로 서버 출하량 자체가 줄어 D램 등 메모리 반도체 수요 감소가 불가피 할 것이란 전망이 나온다. 서버 출하량은 부품 조달 차질로 줄어드는 반면 삼성전자나 SK하이닉스의 서버용 D램 공장 가동에는 문제가 없어 D램 공급 과잉이 발생할 수 있는 구조다. 특히 D램 제조사들은 일부 모바일용 D램 생산라인을 서버용 D램 생산라인으로 전환해 공급 과잉 우려가 커지고 있다. SK하이닉스는 올 1·4분기 컨콜에서 “서버 고객들의 D램 재고 수준은 현재 다소 늘어난 모습”이라고 밝혀 마이크로소프트나 아마존 등 서버 업체들의 D램 물량 확보가 시급한 상황도 아니다.
반면 삼성전자와 SK하이닉스는 서버와 PC용 반도체가 메모리 반도체 실적의 든든한 버팀목이 될 것이라 기대 중이다. 삼성전자 측은 최근 콘퍼런스콜에서 “메모리 반도체는 서버와 PC 수요 견조로 전분기 대비 수익이 개선됐다”며 “2분기에는 재택근무 증가 등으로 서버와
PC의 견조한 수요가 지속될 것”이라고 밝혔다. 삼성전자 측은 서버에 들어가는 2TB 이상의 고용량 SSD 보급 확대 및 5세대 공정으로 제작한 V낸드 생산량 증가 등으로 원가 경쟁력을 높인다는 계획이다. SK하이닉스 또한 “서버는 다른 제품군들에 비해 상대적으로 코로나로 인한 수요 리스크가 낮으며 스트리밍 서비스와 비대면 업무환경 지원 등에 따른 수요가 추가적으로 발생하고 있는 상황”이라며 “하반기 수요는 글로벌 경제 활동 재개 추이와 맞물려 변화할 것으로 보인다”고 밝히기도 했다. 업계에서는 결국 이들 업체의 2분기 실적이 나와야
코로나19 영향을 어느정도 파악할 수 있다는 입장이다. 반도체 업계 관계자 모두 “코로나 19 확산 여부에 따라 대응과 여파가 달라질 것”이라고 말하는 만큼 결국 코로나19 확산세에 이들 메모리반도체 업계의 올해 실적이 크게 좌우될 전망이다. /양철민기자 chopin@sedaily.com저작권자 ⓒ 서울경제, 무단 전재 및 재배포 금지",/news/news_read.nhn?article_id=0003732180&office_id=011&mode=search&query=삼성전자&page=2
,"삼성·LG, '인강'에 딱 맞는 TV 앞다퉈 선보여가족 위한 조리가전·위생가전 마케팅도 활발(서울=연합뉴스) 최재서 기자 = 신종 코로나바이러스 감염증(코로나19)으로 늘어나는 '집콕족'(집에만 있는 사람들)을 노린 가전 업계 마케팅전이 치열하다.

황금연휴 기간에 홈스쿨링, 홈트레이닝, 홈카페 등을 즐기려는 소비자를 공략해서 가전 시장의 수요위축을 만회하려는 노력이다.

2일 업계에 따르면 삼성전자와 LG전자는 '앳 홈'(at home) 온라인 강의 수요 증가에 발맞춰 특별 프로모션을 하고 있다.

삼성전자는 지난달 13∼30일 진행한 '삼성 인강 TV 특별전' 행사를 이달까지 연장했다. 행사 제품은 QLED 4K 5가지 모델로, 구매 제품에 따라 블루투스 이어폰, 무선 키보드, 마우스 등을 제공한다.

LG전자도 전국 베스트샵 매장에서 '온라인 수업, 올레드로 크게 보자' 행사를 하고 있다. LG 올레드 AI 씽큐 구매 고객에게 카카오프렌즈 무선 키보드를 준다.

삼성전자는 유튜브 영상 'QLED와 함께하는 2020 홈라이프'를 통해 혼영(혼자 영화보기), 홈캉스(집에서 즐기는 바캉스) 등 장르별 TV 마케팅도 한다.

가족이 집에서 함께 식사하는 일이 늘면서 전자레인지, 에어프라이어, 식기세척기 등 수요를 잡으려는
경쟁도 활발하다.

위니아대우는 지난달 피자 한 판 크기의 대용량 전자레인지를 출시해 '대용량' 마케팅을 펼치고 있다. 간편식(HMR) 시장 성장에 맞춘 조리 가전이라는 게 회사의 설명이다.

삼성전자는 비스포크 냉장고를 온라인 사이트에서 직접 만들어 보는 캠페인을 하고 있다. 행사에 참여하면 추첨을 통해 비스포크 냉장고, 인덕션 더 플레이트 등을 증정한다.

지난달에는 LG전자가 디오스 식기세척기의 물 얼룩 감소 성능 시험 결과를 공개한 데 이어 삼성전자도 ""눌어붙은 밥풀까지 씻어낸다""며 한국형 식기세척기를 출시했다.

전자랜드에 따르면 1분기 식기세척기 판매량은 작년 대비 448% 급증했고, 에어프라이어도 42% 늘었다.

장시간 집에 머물면서도 쾌적함을 유지할 수 있는 위생 가전 시장에서도 경쟁이 치열하다.

삼성전자의 의류 청정기 에어드레서 판매량은 올해 1분기 작년 동기 대비 50% 늘었고, 세탁기도 60%가량 증가했다. LG전자는 4월 에어컨에서 감소한 매출을 세탁기가 만회하고 있다고 밝히기도 했다.

LG전자는 최근 출시한 신개념 가전인 일체형 세탁건조기의 온라인 판매를 본격 확대하고 있다. '트롬 워시타워'의 디지털 언베일링(첫 공개) 영상을 시청하고 인증하면 추첨을 통해 트롬 스타일러 등을 증정한다.

삼성전자도 프리미엄 무선청소기 삼성제트의 사용법을 소개하는 유튜브 영상 마케팅을 확대하고 있다.

acui721@yna.co.kr",/news/news_read.nhn?article_id=0011584345&office_id=001&mode=search&query=삼성전자&page=2
☞ 본 기사는 <머니S> 제643호(2020년 5월5~11일)에 실린 기사입니다.,"대림산업이 하이엔드 주거 브랜드 아크로(ACRO)의 비전과 주거 철학을 담은 콘셉트하우스 ‘2020 아크로 갤러리-컬렉터의 집’을 공개했다. 아크로는 남다른 철학과 기준으로 기존의 고급 주거와 차별화된 주거 문화를 구현하며 새로운 시도를 이어왔다. 최상위 고객들의 라이프스타일과 거주환경에 대한 분석을 토대로 끊임없이 새로운 상품을 개발하며 진화를 거듭했다. 대림산업은 ‘컬렉터의 집’이란 주제로 상위 0.1%의 개성 있는 라이프스타일을 반영해 최상의 주거 공간으로 구성했다. 이를 통해 모두가 꿈꾸는 ‘하이엔드 주거의 정점’을 구현했다.첫번째 집은 ‘웰니스’(Wellness·건강)를 추구하고 예술적 취향을 지닌 부부의 라이프스타일을 담은 313㎡의 펜트하우스다. 통창으로 들어오는 채광이 가득 찬 거실, 테라스와 외부 조경을 연계해 개방감을 극대화한 다이닝룸이 눈에 뛴다. 사우나, 필라테스 룸 등 건강을 생각한 공간도 마련됐다. 세계적 디자이너 디터람스의 작품을 만날 수 있는 컬렉터의 방도 구현했다. 직접 식물을 재배할 수 있는 스마트팜 기기가 갖춰진 주방, 집안에서도 자연을 즐길 수 있는 중정 등 세계적인 주거 트렌드인 친환경 라이프스타일을 반영한 공간을 만날 수 있다.두번째 집은 다양한 취미를 지닌 가족의 일상을 반영했다. 높은 층고(8.1m)가 특징인 515㎡ 규모의 복층형 펜트하우스로 꾸며졌다. 가족 공용공간인 1층과 침실을 중심으로 개인적인 공간인 2층으로 나누어 동선을 분리했다. 대형 드레스룸과 분리형 욕실, 전용 풀을 갖추어 고급 리조트같이 연출된 것이 특징이다.공간과 어우러지는 예술 작품을 감상하는 묘미도 더했다. 프랭크 스텔라, 사라 모리스, 장 뒤비페, 파올로 라엘리, 스튜디오 로소, 이우환, 이강소 등 국내외 현대미술을 대표하는 세계적인 예술가들의 작품도 함께 만날 수 있다. 아카데미 수상으로 화제가 된 영화 ‘기생충’의 박 사장 집 주방으로 주목받은 키친 리노를 비롯해 세계적으로 주목받은 글로벌 탑 브랜드가 함께했다. 삼성전자의 프리미엄 라인, 북미 프리미엄 빌트인 가전 브랜드 데이코, LG전자의 시그니처 키친 스위트와 오브제, 사운드 플랫폼 ODE 등 다양한 생활 명품브랜드와 협업해 하이엔드 주거공간을 완성했다.대림산업 관계자는 “아크로는 개성 있는 하이엔드 라이프와 예술적 감성이 조화된 주거 공간, 희소성이 느껴지는 삶의 가치를 바탕으로 최상의 주거 기준을 제시해 아파트를 넘어 주거의 경계를 허무는 브랜드로 확장해 나갈 것”이라고 자신했다.아크로 갤러리는 서울 강남구 신사동 대림 주택전시관에 위치한다. 관람을 원하는 고객에 대해서는 100% 온라인 사전 예약제를 통해 소그룹 프라이빗 투어서비스를 제공한다. 대림산업은 신종 코로나바이러스 감염증(코로나19) 확산을 막기 위해 방문 고객의 마스크 착용을 철저히 점검하고 손 소독제, 열화상 카메라와 전신소독기를 비치해 방역 활동에 총력을 기울일 계획이다.김창성 기자 solrali@mt.co.kr
<저작권자 ⓒ '성공을 꿈꾸는 사람들의 경제 뉴스' 머니S, 무단전재 및 재배포 금지>",/news/news_read.nhn?article_id=0000537771&office_id=417&mode=search&query=삼성전자&page=2
,"[아시아경제 오주연 기자] 삼성전기는 올 2분기 실적 부진이 불가피할 것으로 전망되지만, 투자포인트는 3분기 실적 회복에 맞춰서 볼 필요가 있다는 분석이 나왔다.삼성전기의 1분기 실적은 IT용 MLCC 재고축적 수요와 갤럭시S20 셀인효과에 따른 카메라모듈 매출 증가로 매출액 2조2000억원, 영업이익 1646억원을 기록해 컨센서스를 상회했다.2일 KB증권에 따르면 2분기는 전략 거래선 스마트폰 판매부진에 따른 카메라모듈 실적 부진으로 영업이익이 1002억원에 그칠 것으로 추정된다. 다만 3분기에는 코로나19 완화에 따른 재고축적 수요증가와 계절적 성수기 진입으로 실적 반등이 예상, 1951억원이 될 것이라고 전망했다.김동원 연구원은 ""2020년 삼성전기 영업이익은 전년대비 16.9% 감소한 6268억원으로 예상되고 상,하반기 이익비중은 43%(2648억원), 57%(3454억원)로 추정돼 상저하고의 이익패턴을 나타낼 전망""이라고 내다봤다.이어 ""삼성전기 실적감소는 코로나19에 따른 글로벌 스마트폰 수요부진으로 2분기에 집중될 것으로 예상된다""며 ""향후 삼성전기 실적과 주가 촉매는 IT용 MLCC 수급개선에 따른 가격상승, 모듈과 기판 사업부 실적개선 등이 될 것""이라고 말했다.2분기 일시적인 부진은 '기회'라는 분석도 나왔다.박강호 대신증권 연구원은 ""2분기 실적 부진은 일시적으로 판단하며 3분기 실적 회복에 맞춰서 투자의견 '매수', 목표주가 15만5000원을 유지한다""고 전했다.박 연구원은 ""3분기에는 글로벌적으로 IT 완제품의 생산 확대, 소비가 전분기대비 증가할 것으로 예상되며 삼성전자의 갤럭시노트20 및 갤럭시폴드2를 비롯해 애플, 중화권 업체의 신모델 출시 본격화로 MLCC 수요 증가가 높을 전망""이라고 내다봤다.또 ""카메라 모듈은 1억 화소급을 적용한 모델 수가 증가, R/F PCB 성수기(전략고객사의 신모델 생산) 진입으로 전사업의 매출 증가를 예상한다""고 덧붙였다.이에 따른 3분기 영업이익은 2074억원으로 추정했다.박 연구원은 ""MLCC는 3분기에 일부 IT 중심으로 가격 상승이 예상되며, 코로나19 이후에 IT 완제품 생산 집중과 5G 인프라 투자로 고용량, 초소형 MLCC 수요가 강한 반면에 공급은 제한적이기 때문에 일시적으로 공급 부족을 초래할 가능성이 있다고 판단한다""고 진단했다.오주연 기자 moon170@asiae.co.kr <ⓒ경제를 보는 눈, 세계를 보는 창 아시아경제 무단전재 배포금지>",/news/news_read.nhn?article_id=0004671260&office_id=277&mode=search&query=삼성전자&page=1
"하반기 강낭콩 닮은 삼성 갤럭시 버즈X 출시 전망버즈 시리즈 중 처음으로 노이즈캔슬링 탑재 예상애플, 올해 하반기 오버이어 무선헤드폰 내놓을 듯내년 상반기 '에어팟 3세대', 내후년엔 프로 후속작","애플이 휩쓸고 있는 무선이어폰 시장에 삼성전자가 본격 도전장을 낸다. 올 초 '갤럭시버즈 플러스'와 자회사 하만을 통해 'AKG N400'을 내놓은 데 이어 하반기 강낭콩 모양의 갤럭시버즈 후속 신제품을 출시하면서 추격에 박차를 가한다.2일 시장조사업체 스트래티지 애널리틱스(SA)에 따르면 올해 무선이어폰 판매량은 2억대 돌파가 유력하다. 무선이어폰이 처음 등장한 4년 전(2016년 100만대)에 비해 220배 급성장한 약 2억2000만대 수준에 달할 것으로 예상된다. 폭발적 성장세는 이어질 전망이다. SA는 2023년 10억대 규모를 돌파할 것으로 내다봤다.무선이어폰 시장에서 앞서나가는 건 애플이다. 에어팟과 에어팟 프로를 앞세운 애플은 지난해 글로벌 시장의 절반에 가까운 압도적 점유율(47%)로 독주했다. 2위 샤오미(9%), 3위 삼성전자(7%)와의 격차가 크다.후발주자인 삼성전자는 지난해 애플에 한참 뒤처진 성적표를 받았다. 하지만 평가절하할 실적은 아니다. 무선이어폰 시장 진출 약 8개월 만에 700만대를 판매한 것은 고무적이란 평가가 나온다. 에어팟 출시 3년 뒤 갤럭시버즈가 나온 점을 감안하면 진검승부는 이제부터라는 얘기다.올해 들어 삼성의 추격이 한층 매서워진 게 관전 포인트.삼성은 지난 2월 '갤럭시 언팩 2020'에서 작년 출시된 갤럭시버즈 후속작으로 배터리 용량, 음악 재생시간, 음질 등 전반적 성능을 크게 개선한 갤럭시 버즈 플러스를 선보였다. 여기에 AKG N400이 가세했다. N400은 삼성 브랜드가 아닌 AKG로 내놓은 첫 무선이어폰이란 점에서 눈길을 끌었다. 갤럭시버즈 시리즈와 함께 에어팟을 '협공'하는 밑그림을 그렸다.N400에는 애플 에어팟 프로의 '액티브 노이즈 캔슬링(ANC)' 기능도 삼성 무선이어폰 최초로 탑재됐다. 음향기업으로서의 전문성이 강점인 하만 AKG 브랜드 무선이어폰에 ANC를 적용재, 에어팟 시리즈와 대등하게 겨뤄볼 수 있는 발판을 마련했다. N400은 국내 사전 예약기간 준비 물량이 완판되며 예열을 마쳤다.올 하반기 출시할 삼성 무선이어폰 신제품은 '빈(bean)' 프로젝트다. 이름에서 유추할 수 있듯 강낭콩 모양이다. 콩나물을 닮은 에어팟보다 한층 콤팩트한 디자인이 눈길을 끈다. 삼성전자는 이 '갤럭시버즈X'(가칭) 관련 상표권을 최근 유럽 지식재산청에 등록했다.갤럭시버즈 플러스의 후속모델이 될 갤럭시버즈X는 양쪽 제품에 각각 스피커 2개, 마이크 3개를 탑재하고 사이즈도 귀 속에 쏙 들어가 밖으로 거의 노출되지 않을 것으로 예상된다. 심박수나 속도, 거리 등 피트니스 관련 기능을 제공하는 소프트웨어와 함께 갤럭시버즈 시리즈 중 처음으로 ANC를 넣어 에어팟과 맞붙어 자웅을 겨룰 야심작으로 추정된다.애플 역시 '에어팟 2세대' 후속작을 내년에 출시하며 후발업체들과의 격차를 더 벌리며 1위를 수성할 계획이다.애플은 지난해 3월 에어팟 2세대를 공개한 데 이어 같은해 10월 ANC를 탑재한 에어팟 프로를 선보였다. 애플 전문 애널리스트 밍치궈에 따르면 '에어팟 3세대'는 내년 상반기 출시될 예정이다. 디자인은 전작과 유사하지만 에어팟 프로에 채택된 시스템인패키지(SiP) 방식이 채택되는 게 특징이다. 에어팟 프로 후속작은 내후년쯤 출시될 것으로 업계는 보고 있다.애플은 이에 앞서 올 하반기엔 오버이어 무선헤드폰을 선보일 전망이다. '스튜디오 팟'이라고 명명된 오버이어 무선헤드폰은 오는 6월 애플 개발자회의 'WWDC'에서 공개 후 몇 달 뒤 출시될 가능성이 높다. 스튜디오 팟은 에어팟 기능을 오버이어 디자인으로 가져온 제품으로 ANC와 인공지능(AI) 비서 '시리' 등 기능이 모두 탑재될 것으로 보인다.배성수 한경닷컴 기자 baebae@hankyung.com▶ ▶
 ▶
ⓒ 한국경제 & , 무단전재 및 재배포 금지",/news/news_read.nhn?article_id=0004333703&office_id=015&mode=search&query=삼성전자&page=1
,"[머니투데이 조준영 기자] [(종합)] 개미들의 꿈은 단 두 달 만에 산산조각 났다. 3월 9일 20% 넘게 유가가 폭락하자 유가 상승에 두 배 수익을 배팅하는 레버리지ETN(상장지수채권) 상품에 돈이 쏟아졌다. 한때는 이 상품의 거래량이 삼성전자보다 높을 정도로 선풍적인 인기를 끌었다.결과는 처참했다. 단기간에 갑자기 돈이 몰리자 실제 원유 가격과 상관없이 ETN가격이 치솟았고 거품이 빠지자 수 천억 원이 증발했다. 1000% 넘는 괴리율에 화들짝 놀란 한국거래소는 거래정지를 단행했다. 미처 빠져나가지 못한 개미들은 끝없이 추락하는 잔고를 바라만 보고 있다. 일정 수준으로 괴리율이 떨어지지 않을 때까지 3매매일 동안의 거래정지는 무한 반복된다. 어디서부터 문제가 시작됐을까. 괴리율은 왜 좁힐 수 없었을까. ETN은 무엇이고 롤오버, 괴리율 등 거래소와 금융감독원의 숱한 경고에도 투자자들이 부나방같이 원유에 뛰어든 이유는 무엇이었을까. 폭풍같이 지나간 두 달을 정리했다.개미들의 시작은 시가총액 상위주 중심의 안전형 투자였다. 지난달 전체 투자금의 절반 이상을 삼성전자에만 '몰빵'하는 등 폭락장세가 이어지는 상황에도 반등 가능성이 높은 견실한 기업에 돈이 몰렸다. 문제는 수익률이었다. 큰 수익을 기대했던 일부 투자자들에게는 성에 차지 않는 상승 폭이었다. 답답한 증시 흐름이 이어지던 상황에서 원유시장이 일부 투자자들의 눈을 사로잡았다. 하루에만 수십 %가 오르락 내리락 하는 '미친' 변동성을 보이는 원유시장은 큰 돈을 벌 수 있는 기회였다. 특히 2배 수익이 나는 레버리지ETN에 돈이 쏟아지면서 평소 수십 만주 정도 거래되던 고요한 시장이 하루에만 수천만~수억주가 거래되기 시작했다. 개미들의 눈을 사로잡은 상품은 'WTI 원유선물 레버리지ETN'이다. 이름만 봐도 삼성전자, 현대차 같은 기업 종목이 아니다. 쉽게 말해 원유의 종류 중 하나인 WTI(서부텍사스유) 선물의 가격변동에 두 배 수익을 추구하는 파생상품의 일종이다. 하지만 이 상품이 무엇을 추종하고 어떤 리스크를 담고 있는지 이해하지 못한 채 투자에 나서면서 손실액이 극대화됐다
ETN은 주식, 채권, 원자재 등 기초지수 수익률과 연동되도록 증권회사가 발행하는 파생결합증권이다. 일반투자자들에게 익숙한 ETF(상장지수펀드)처럼 거래소에 상장돼 거래된다. 그동안 ETN은 증권사의 신용을 담보로 지수 수익률만큼 투자자에게 수익을 보장하는 신용상품으로 괴리율 문제는 상대적으로 적은 편으로 인식돼왔다. 하지만 이례적으로 유가의 단기급등을 기대한 투자자들이 몰리면서 증권사들이 가진 물량으로 이를 감당하지 못하게 됐다.증권사는 ETN 가격을 실제 원유선물 지표가격과 일치시키기 위해 인위적으로 유동성을 공급해 가격을 조정한다. 이 차이가 벌어질수록 괴리율도 커진다. 일명 유동성 공급자(LP)로 불리는 이들은 매수량이 급증하면 반대 측에서 물량을 공급하고, 매도량이 늘어나면 물량을 사들이는 식으로 적정가격을 유지하는 역할을 한다. 이 LP들의 물량이 모두 소진되면서 괴리율이 폭증했고 가격의 왜곡이 걷잡을 수 없이 커져 버렸다.이번에 개인투자자들의 피해가 컸던 이유는 선물에 대한 이해가 부족한 탓도 컸다. 오랫동안 이 상품을 들고 있을수록 롤오버 비용으로 인해 손실을 볼 수밖에 없었다. 선물은 상품의 가격을 미리 결정해 미래 일정시점에 인도·인수하기로 약속하는 거래를 말한다. 즉 원유선물을 거래한다는 것은 바로 드럼통에 담긴 석유를 사는 게 아닌 다음 달 또는 3개월 등 미래의 유가를 거래한다는 의미다.지난달 20일(현지시간) 5월 인도분 WTI(서부텍사스유) 가격은 배럴당 마이너스(-) 37달러 아래로 떨어졌다. 선물계약의 경우 만기가 지나면 실물(드럼통에 담긴 원유)를 인수해야 하는데 이 만기일이 21일이었다. 이때 실물인수를 피하기 위해 지나치게 싼 가격에 선물매도량이 쏟아지면서 사상 처음으로 마이너스 유가가 나타난 것이다.원유선물ETN 대부분은 최근월물(4월기준 5월물)을 차근월물(4월기준 6월물)로 교체하는 롤오버에 따라 매달 가격이 수정된다. 원유선물은 현물을 사기 위한 목적이 아닌 선물가격의 차익 실현을 위한 거래에 방점이 찍혀 있기 때문이다. 선물의 만기가 도래하기 전 계속해 선물거래를 이어가기 위해서는 5월물 계약을 6월물로 교체해야 한다.문제는 현재 원유선물가격이 현물가격보다 높은 '콘탱고'(Contango) 상황이 계속되면서 롤오버 과정에서 비싼 비용을 지불할 수밖에 없다는 데 있다. 이에 원유선물 가격 상승 폭보다 훨씬 낮은 수익률을 보이기 때문에 장기 보유할수록 손해를 보는 일이 반복되는 것이다. 그럼에도 일부 투자자들은 연말까지 버티면 원금을 회복할 수 있을 것이라며 탈출 시점을 놓치는 경우가 다반사였다.최근 유가 폭락의 영향으로 레버리지ETN이 추종하는 원유선물 지표가치가 '0'에 가까이 수렴하면서 시가총액 약 4300억원 규모의 4개 레버리지ETN이 사실상 휴지 조각이 됐다. 지난달 27일 하루에만 시가총액 1545억원이 증발하며 '손실 열차'가 출발했다.1일 기준 대부분 레버리지ETN의 IIV(실시간 지표가치)는 100원대 아래로 떨어졌다. 지표가치가 0이라는 말은 쉽게 말해 더 이상 증권으로서 가치가 없다는 뜻이다. 원유선물 ETN은 추종하는 기초자산의 수익률을 ETN 가격에 그대로 반영하도록 설계됐는데, 기준가인 지표가격이 0원을 찍을 경우 추후 유가가 오르더라도 원금이 전액 손실된다는 것이다. 현재 이들 ETN 가격은 IIV를 크게 상회하는 수준이다. 극단적으로 이미 가치를 상실한 가상의 기업을 두고 투자자들의 수급만으로 가격을 뻥튀기하는 일과 비슷하다.유가 하락에 배팅하는 인버스레버리지(이하 곱버스) 상품들은 안전할까. 유가가 단 하루 만에 50% 급등할 경우(x2는 100%) 곱버스의 지표가치는 '0'이 된다. 지표가치가 0을 찍게 되면 다음날 유가가 200% 오르더라도 0이 된다. 숫자 '0'에 무엇을 곱해도 0이 된다는 것과 같은 논리다. 실현 가능성이 낮은 이야기 같지만 현재 절대적인 유가 수준 자체가 낮다. 지정학적 위험 고조 또는 기습적이고 예상을 뛰어넘는 감산합의가 이뤄질 경우 유가가 하루 만에 50% 뛸 가능성도 제기된다. 지난달 23일 기준 곱버스 상품 3개의 시가총액은 2391억원이다. 단 하루 만에 이 돈이 증발할 수 있는 위험천만한 상황이 이어지고 있지만 여전히 하루에만 수 천만주가 거래되고 있다. 아직 개미지옥은 끝나지 않았다.조준영 기자 cho@mt.co.kr
<저작권자 ⓒ '돈이 보이는 리얼타임 뉴스' 머니투데이, 무단전재 및 재배포 금지>",/news/news_read.nhn?article_id=0004402941&office_id=008&mode=search&query=삼성전자&page=1
,"[아시아경제 이창환 기자] 신종 코로나바이러스감염증(코로나19)이 세계 경제에 큰 타격을 입히면서 반도체 시장 역시 부정적인 영향을 받고 있다. 1분기는 비교적 잘 버텼지만 2분기 이후 시계가 불투명한 상황이라는 분석이 나온다. 다만 코로나19가 빠르게 해결되고 비대면 수요 확대에 따른 서버용 반도체 수요 증가 등이 이어지면 업황이 다시 살아날 것이란 기대도 있다.2일 반도체 시장조사업체 D램익스체인지에 따르면 지난달 말 기준 DDR4 8Gb D램 현물가격은 3.32달러를 기록했다.PC에 주로 사용되는 DDR4 8Gb D램의 현물가격은 연초 3.03달러에서 지난달 초 3.60달러까지 가격이 꾸준히 상승했다.지난해 침체를 겪은 D램 제조사들이 공급량을 줄인 데다 코로나19로 재택근무나 화상회의 같은 비대면 업무가 확산하면서 서버 D램 수요가 늘었기 때문이다.그러나 지난달 중순부터 상황이 반전됐다. DDR4 8Gb D램 현물가격은 최근 2~3주 사이에 8% 이상 떨어졌다. 업계에서는 반도체시장에 본격적으로 코로나19의 영향이 미치는 것으로 보고 있다.전자제품 최대 시장인 북미와 유럽에서 이달 들어 코로나19가 크게 확산한 영향이 최근 반도체 가격에 반영되고 있다는 분석이다.코로나19가 2분기 이후에도 지속된다면 반도체 가격 약세는 지속될 것이라는 예측이 나온다.다만 코로나19가 빠르게 해결된다면 업황이 다시 좋아질 가능성도 나온다. 특히 재택근무와 온라인 교육 등 비대면 수요가 늘면서 서버용 반도체가 전체적인 업황 반등을 이끌 것으로 기대된다.KB증권은 최근 반도체 현물가격 하락은 서버를 제외한 PC와 TV 등 소비자 가전이 주도하고 있으며 5월부터 경제활동 재개가 예상되는 북미, 중국, 유럽 등 세계 각국이 경기부양을 위한 재정지출 확대 가능성을 고려하면 하반기 우려는 다소 시기상조라고 분석했다.김동원 KB증권 연구원은 ""4월 현재 삼성전자, SK하이닉스 서버 D램 수요는 공급을 평균 20% 상회해 공급부족이 지속되고 있는 것으로 추정된다""며 ""서버 D램 수요강세 요인은 코로나19에 따른 언택트 비즈니스 환경변화(온라인 화상회의, 재택근무 등)와 OTT 서비스 확대 등으로 인한 인터넷 데이터트래픽 급증으로 신규 서버 증설이 필요하기 때문""이라고 설명했다.특히 ""코로나 팬데믹에 의한 언택트 비즈니스 환경변화는 당분간 이어질 가능성이 높아 하반기에도 서버 D램 수요증가는 지속될 것""이라고 전망했다.이창환 기자 goldfish@asiae.co.kr <ⓒ경제를 보는 눈, 세계를 보는 창 아시아경제 무단전재 배포금지>",/news/news_read.nhn?article_id=0004671265&office_id=277&mode=search&query=삼성전자&page=1
"김태한·이영호 대표 등 윗선 줄지어 소환돼이달 수사 마무리 전망…이재용 소환 '주목'검찰, 장기간 수사 진행…결과 발표에 촉각","[서울=뉴시스] 김가윤 기자 = 삼성바이오로직스 분식회계 의혹을 확인 중인 검찰이 수사 마무리 단계에 접어들면서 속도를 내고 있다. 검찰이 의혹의 최종 책임자로 이재용 삼성전자 부회장를 지목하고 그를 소환할 지 여부에 관심이 쏠린다.2일 검찰에 따르면 서울중앙지검 경제범죄형사부(부장검사 이복현)는 최근 김태한 삼성바이오로직스 대표를 불러 분식회계 관련 의혹에 대한 조사를 진행했다.검찰은 또 이영호 삼성물산 대표와 고한승 삼성바이오에피스 대표도 재차 소환해 의혹에 대한 조사를 진행했다. 이밖에 김신 전 삼성물산 대표와 김종중 전 미래전략실 전략팀장(사장), 장충기 전 차장(사장), 최지성 전 실장(부회장), 최치훈 삼성물산 이사회 의장(사장) 등도 검찰에 소환된 바 있다.삼성바이오로직스는 지난 2015년 삼성바이오에피스 등 자회사 회계 처리 기준 변경을 통해 4조5000억원 규모의 분식회계를 저질렀다는 의혹을 받고 있다. 지난 2018년 금융위원회 산하 증권선물위원회가 삼성바이오로직스를 검찰에 고발하면서 수사는 본격적으로 시작됐다.검찰은 삼성바이오로직스 분식회계 의혹이 이 부회장의 경영권 승계 의혹과도 직결됐다고 보고 수사를 확대해왔다.검찰은 분식회계 의혹 관련 수사가 어느 정도 진행된 만큼 의혹의 '윗선'으로 평가받는 관계자들을 연이어 불러 조사를 진행한 것으로 보인다. 삼성물산과 제일모직 합병 과정에서 불법 행위가 있었는지 여부를 집중 조사해서 최고책임자 등을 확인하겠다는 방침인 것으로 전해졌다.검찰은 이달 내 수사를 마무리 짓겠다는 방침을 정한 것으로 알려짐에 따라 조만간 이 부회장에 대한 조사가 진행될 것이라는 예상이 나온다. 당시 합병이 이 부회장의 그룹 지배력 강화를 위한 일환이었다는 지적이 줄곧 제기돼 왔기 때문이다.그러나 이 부회장에 대한 조사가 곧장 이뤄지지 않을 수 있다는 반박도 제기된다.검찰은 앞서 지난해 윗선 수사로 넘어가기 위한 핵심 인물인 김태한 대표를 구속하는 데 두 차례 실패한 바 있다. 이후 수사가 장기간 이어지면서 검찰 인사에 따라 수사팀 구성에 변화가 생기기도 했다. 아울러 법무부의 직접수사 축소 방침에 따라 그간 수사를 담당해 온 수사부(반부패수사부)가 경제범죄형사부로 바뀐 점도 있다.이같은 점을 고려해볼 때 검찰이 의혹의 최고책임자로 평가받는 이 부회장에 대한 직접 조사에 대해 더욱 신중한 자세를 취할 것이라는 분석이 나온다. 검찰 출신의 한 변호사는 ""검찰이 영장을 청구하고 발부되면 탄력을 받아서 다음 수사가 이뤄지는데, 영장이 2번 기각되면 주춤거리는 것은 당연하다""며 ""또 사회적 이목이 집중되는 사건이더라도 수사가 복잡하고 조사 대상이 많을 경우 시간이 오래 걸리는 경우도 있다""고 설명했다. yoon@newsis.com<ⓒ 공감언론 뉴시스통신사. 무단전재-재배포 금지>",/news/news_read.nhn?article_id=0009843592&office_id=003&mode=search&query=삼성전자&page=1
삼성전자·애플 하반기 플래그십폰 준비 중삼성 갤노트20·갤폴드2 예정대로 준비 중애플 아이폰12 첫 5G 지원폰,"[서울경제] 와 애플 등이 5월 중저가폰을 내놓은데 이어 하반기엔 프리미엄폰을 들고 대결을 펼친다. 삼성전자는 갤럭시 노트20와 갤럭시 폴드2를 내놓을 예정이며 애플은 첫 번째 5G폰인 아이폰12를 출시한다.삼성전자는 지난달 29일 올해 1·4분기 실적발표 컨퍼런스콜에서 “하반기 출시될 갤럭시 노트와 폴더블폰 신모델 모두 예정대로 준비 중”이라며 “더욱 경쟁력 있는 제품을 선보이겠다”고 밝혔다. 갤럭시 노트20은 삼성전자의 하반기 플래그십폰이다. 아직 구체적인 사양이 나오진 않았지만 삼성전자가 자사 엑시노스 프로세서를 탑재할 것이라는 전망이 제기된다. 삼성전자는 지역에 따라 퀄컴의 스냅드래곤과 자체 엑시노스를 다르게 탑재하고 있다. 하지만 이번 갤럭시 노트20의 경우 엑시노트990의 개선된 모델인 엑시노트992(가칭)를 탑재할 것으로 알려졌다. 전면에 카메라 구멍까지 없앤 ‘풀스크린’을 구현할 것이라는 예측도 나온다. 미국 IT 매체 폰아레나가 공개한 갤럭시 노트20 렌더링 이미지에 따르면 전면 카메라가 위치하는 자리까지 화면으로 꽉 찬 모습을 확인할 수 있다. 외신에선 삼성전자가 ‘언더 디스플레이 카메라(UDC)’를 갤럭시 노트20에 구현할 가능성이 있다고 추측하고 있다. 이는 디스플레이 아래 카메라를 배치해 카메라 구멍 없이 전면 전체를 스크린으로 사용할 수 있도록 하는 기술이다. 카메라는 사진을 찍는 순간에만 드러난다. 다만 아직 UDC 기술 완성도가 부족해 내년 이후부터 적용될 것이라는 예측도 나온다. 지난해 삼성전자 폴더블폰 ‘갤럭시 폴드’의 후속 제품도 하반기 중 나온다. ‘갤럭시 폴드2’는 전작 갤럭시 폴드와 디자인은 비슷하지만 S펜을 장착할 것이라는 전망이 제기된다. 넓은 화면에 최대 3개의 앱을 동시에 사용할 수 있는 멀티태스킹 기능에 더해 S펜까지 갖추게 되면 태블릿을 대체할 수 있는 제품으로 떠오르게 될 것으로 보인다. 화면은 전작(7.3인치)보다 다소 큰 7.59인치이며 접었을 때 커버 디스플레이는 6.23인치다. 후면 카메라는 △6,400만 화소 △1,600만 화소 △1,200만 화소 트리플(3개) 렌즈로 구성된다. 전작보다 사양이 높아진 반면 가격은 낮아질 가능성이 높다. IT 전문 매체 샘모바일에 따르면 갤럭시 폴드2의 예상 가격은 1,880~1,895달러(약 228만~230만원)로 전작(1,980달러·약 241만원)보다 낮아진다. 애플은 첫 번째 5G폰인 아이폰12 시리즈를 들고 나온다. 애플이 매년 9월 신형 아이폰을 공개해온 만큼 이번에도 비슷한 시기 모습을 드러낼 것으로 보인다. 다만 신종코로나바이러스 감염증(코로나19) 등의 영향으로 출시 자체는 한 달 가량 미뤄질 것이라는 예상이 나온다. 월스트리트저널은 애플이 차세대 아이폰 생산량을 20% 줄일 것이라고 보도하기도 했다. 아이폰 12 시리즈는 5.4인치·6.1인치·6.7인치 등 총 4가지 화면으로 출시된다. 6.7인치는 트리플(3개) 카메라와 유기발광다이오드(OLED) 화면이 탑재되며 5.4인치는 듀얼(2개) 카메라를 장착할 것으로 보인다. /권경원기자 nahere@sedaily.com저작권자 ⓒ 서울경제, 무단 전재 및 재배포 금지",/news/news_read.nhn?article_id=0003732244&office_id=011&mode=search&query=삼성전자&page=1
서버용 D램 가격도 4개월새 35% 상승,"[머니투데이 심재현 기자] 전세계적인 코로나19 사태 확산에도 불구하고 지난달 메모리반도체 D램 가격 상승폭이 3년 3개월만의 최대를 기록했다. 가격 상승세도 4개월째 이어졌다. 삼성전자와 SK하이닉스 실적은 물론, 국내 수출 성적을 좌우하는 반도체 경기회복 여부에 시장의 관심이 쏠린다.2일 시장조사업체 D램익스체인지에 따르면 PC용 DDR4 8Gb(기가비트) D램의 지난 4월 평균 고정거래가격이 전달보다 11.9% 오른 3.29달러로 집계됐다. 가격 상승폭이 2017년 1월(35.8%) 이후 39개월만의 최대다.올 들어 상승률은 17.1%에 달한다. 2018년 12월 7.25달러에서 지난해 12월 2.81달러까지 내리막을 타다 올 1월 반등에 성공한 뒤 4개월 연속 상승세(1월 2.84달러-2월 2.88달러-3월2.94달러)를 이어가면서 지난해 6월 3.31달러 이후 10개월만에 3달러대를 회복했다.1분기 삼성전자와 SK하이닉스의 호실적을 떠받친 서버용 D램 가격도 큰 폭으로 올랐다. 서버용 D램 DDR4 32GB(기가바이트) 가격은 지난달 평균 143.1달러로 전달보다 18% 올랐다. 지난해 5월(137.3달러) 이후 11개월만에 최고치다. 올해 가격 상승률은 35%에 이른다. 지난해 12월 106.0달러로 바닥을 찍은 뒤 올 1월 109.0달러, 2월 115.5달러, 3월 121.3달러를 기록한 데 이어 4월까지 상승세를 유지했다. 고정거래가격은 삼성전자 등 반도체 제조사가 인텔, 애플, 아마존 등 고객사와 대규모 공급계약을 체결할 때의 가격이다. 메모리 반도체 유통물량의 90% 이상이 고정거래가격으로 거래된다. 일반적으로 반도체 제조사와 PC·스마트폰 제조사의 메모리반도체 공급계약은 분기별로 이뤄지기 때문에 시장에서는 지난 3월 고정거래가격이 공개된 뒤 코로나19 영향이 본격적으로 반영된 4월 가격에 주목했다.특히 지난 3월 초중순부터 코로나19 사태가 미국과 유럽 등을 휩쓸면서 메모리반도체 가격 회복세가 주춤할 수 있다는 관측이 많았다.D램 가격 상승세는 코로나19 사태로 온라인 교육과 재택근무, 비대면(언택트) 소비가 확산하면서 PC용과 서버용 메모리반도체 수요가 급증한 점이 핵심 이유로 꼽힌다. 삼성전자도 지난달 30일 진행된 1분기 실적 콘퍼런스콜(다중전화회의)에서 ""코로나19 사태로 위축된 모바일용 반도체 수요를 서버와 PC용 반도체 시장이 상쇄할 것""이라고 밝혔다.코로나19가 빠르게 확산되면서 D램 세계 1위인 삼성전자와 2위 SK하이닉스의 생산차질 우려가 불거진 것도 가격 상승세를 부추긴 요인 중 하나로 분석된다.업계 관계자는 ""삼성전자와 SK하이닉스의 메모리 반도체 공장에 생산 차질이 발생할 경우 D램 공급 부족에 따른 가격 상승이 가파르게 나타날 수 있다""며 ""가격 급등을 우려한 업체들이 재고를 선제적으로 확보한 것으로 보인다""이라고 분석했다.시장에서는 다만 글로벌 반도체업체들이 잇따라 2분기 이후 실적 전망치를 시장 기대치보다 낮게 제시하고 있다는 점에서 여전히 불안감을 감추지 못하는 분위기다.인텔은 지난달 1분기 실적 콘퍼런스콜에서 2분기 주당 이익 전망치를 시장 전망치 1.19달러보다 낮은 1.10달러로 제시했다. 전세계 서버용 CPU(중앙처리장치) 시장의 90% 이상, PC용 CPU 시장의 80% 이상을 차지하는 인텔의 CPU 실적이 부진할 경우 서버용과 PC용 D램 실적도 동반 하락할 수밖에 없다.세계적인 경기침체로 시장 수요가 흔들릴 경우 지난해 메모리반도체 가격을 끌어내린 공급과잉 사태가 재연될 수 있다는 우려도 나온다. 지난달 국내 반도체 수출금액에서도 수요 위축 가능성이 어느 정도 확인된다. 반도체 수출은 지난 3월 87억달러에서 4월 71억달러로 뒷걸음질쳤다.업계 관계자는 ""마이크로소프트나 아마존 등 서버 업체들의 D램 물량 확보가 시급한 상황은 아니다""라며 ""2분기 이후 시장 수요는 코로나19 충격 이후 전세계 경제활동 재개 추이와 맞물려 변화할 전망""이라고 말했다.심재현 기자 urme@mt.co.kr
<저작권자 ⓒ '돈이 보이는 리얼타임 뉴스' 머니투데이, 무단전재 및 재배포 금지>",/news/news_read.nhn?article_id=0004403012&office_id=008&mode=search&query=삼성전자&page=1
▶ 헉! 소리나는 [헉스] ▶ '너 그거 아니?' [두유노우]▶ 지금 파이낸셜뉴스 채널 구독하고 경품 GET!,"[파이낸셜뉴스]IBK투자증권은 2일 삼성전자의 2·4분기 실적에 대해 “반도체 사업부를 제외한 전 사업부의 수익성이 악화될 것”이라고 예상했다
김운호 IBK투자증권 연구원은 “삼성전자의 2·4분기 매출액은 1분기 대비 25.0% 감소한 41조 4910원으로 예상한다”며 “반도체를 제외한 사업부 매출액은 1·4분기 대비 감소할 전망”이라고 밝혔다.
 김 연구원은 “반도체는 DRAM, NAND 모두 서버 수요 개선으로 1·4분기 대비 매출액이 증가할 것”이라며 “Set 수요는 1·4분기 대비 크게 부진할 전망”이라고 내다봤다.
 이어 “특히, 모바일이 크게 영향 받을 것으로 전망한다”며 “삼성전자의 2·4분기 영업이익은 1분기 대비 9.4% 감소한 5조8440억원으로 예상한다”고 덧붙였다 .
 다만 김 연구원은 “투자의견 ‘매수’와 목표주가 6만2000원을 유지한다”며 “Server를 중심으로 한 반도체 수요에 따른 수혜가 기대되고, 반도체 업황 개선 추세는 연내 지속될 것”이라고 진단했다.
 그러면서 “Mobile, Display 업황은 부진할 것으로 예상하지만, 하반기에는 빠르게 개선될 것으로 기대하고, 최근 낮아진 주가로 투자 매력이 높아진 것으로 판단하기 때문”이라고 설명했다.



 ※ 저작권자 ⓒ 파이낸셜뉴스. 무단 전재-재배포 금지",/news/news_read.nhn?article_id=0004417949&office_id=014&mode=search&query=삼성전자&page=1
,"[머니투데이 반준환 기자] 코로나19(COVID-19) 피해가 빨랐던 중국 경기가 회복국면으로 진입하면서 휴대폰 판매량도 서서히 회복되는 모습이다. 중국은 애플 뿐 아니라 삼성 등 국내 스마트폰 업체에도 중요한 시장인데, 이를 통해 코로나19 이후 한국과 미국, 유럽 등의 수요전망을 할 수 있다는 점에서도 중요한 지표다. 2일 증권업계에 따르면 지난 3월 중국의 휴대폰 판매는 2월보다 두 배 이상 증가한 것으로 나타났다. 3월 중국 휴대폰 출하량은 2175만6000대로 전달(648만4000대)보다 235.5% 늘었다. 지난해 같은 기간보다는 23.3% 줄었지만 코로나19가 맹위를 떨쳤던 1월(-38.9%)과 2월(-56.0%)에 비해선 감소 폭이 크게 줄었다. 1분기 휴대폰 출하량은 4895만3000대로 전년 동기 대비 36.4% 감소한 것으로 집계됐다.특히 애플 스마트폰 출하량은 약 254만대를 기록하며 2월까지 이어졌던 급감세에서 증가세로 전환했다. 애플은 중국시장에서 4월에도 증가세를 이어간 것으로 관측된다. 최근 중국 온라인 쇼핑몰 업체들이 아이폰 11시리즈 가격을 9.1~ 17.6% 할인해서 판매하고 있고, 4월말에는 신형 저가모델인 아이폰 SE도 선보인 바 있다. 휴대폰 판매 감소는 중국 뿐 아니라 한국의 주요 기업에도 적잖은 영향을 미쳤다는 점에서 주목되는 지표다. 지난 1분기 삼성전자의 휴대폰 판매량은 6400만대로, 지난해 같은 기간 7800만대에 비해 18%가량 감소했다. 스마트폰에 탑재되는 메로리 수요도 동반 감소했다.이규하 NH투자증권 연구원은 최근 보고서에서 “3월 중국 스마트폰 출하량은 예상보다 큰 폭의 성장세를 기록했다”며 “특히 애플의 회복세가 인상적인데 중국시장은 가격할인, 신제품 출시, 경제 부양정책 등으로 타 지역 대비 빠른 수요 회복세가 기대되면서 관련 국내 부품업체에도 긍정적”이라고 말했다.특히 최근에는 언택트 소비에 힘입어 온라인 매장에서 휴대폰 판매량이 급증하고 있다는 대목이 중요해 보인다. 이커머스 업체들이 중저가 모델 핸드폰들의 판매처로 떠오르는 중이다. 지난달 27일 쿠팡과 11번가에서 삼성전자 갤럭시 A31 자급제폰이 한시간만에 완판된 데 이어 애플 아이폰 SE 자급제폰의 첫 국내 판매도 이커머스를 통하는 등 온라인 판매는 가격 메리트까지 더한 덕에 예상보다 휴대폰 판매부진을 크게 만회할 수 있는 통로로 여겨진다. 반준환 기자 abcd@
<저작권자 ⓒ '돈이 보이는 리얼타임 뉴스' 머니투데이, 무단전재 및 재배포 금지>",/news/news_read.nhn?article_id=0004403053&office_id=008&mode=search&query=삼성전자&page=1
'글로벌 삼성' 일군 선봉장 출신…CJ대한통운 글로벌화도 이끌까,"[아이뉴스24 이현석 기자] 지난 2002년 연간 1조 원에 가까운 수익을 내고 있던 삼성카드는 갑작스럽게 양적 성장을 중단했다. 당시 정부는 외환 위기 극복을 위해 '소비를 통한 경기부양'을 기치로 내걸고, 신용카드에 대한 규제 상당수를 완화시켰다. 이에 카드사들은 빠른 속도로 신용카드를 보급하며 적극적인 소비 부양에 앞장서고 있었다.이 같은 상황에 LG와 업계 1위를 두고 각축전을 벌이던 삼성카드의 '내실화' 조치는 당시 업계로부터 의아함을 샀다. 하지만 이 선택은 6개월 후 발생한 '카드사태'에서 삼성카드를 구하는 '신의 한 수'가 됐다. 실제 일찍부터 내실화에 주력한 삼성카드는 업계 1위 LG가 카드 사업을 신한은행에 매각하는 등 급격한 업계 재편 움직임 속에도 상대적으로 적은 타격만을 입으며 살아남았다.2일 재계에 따르면 '카드사태' 당시 삼성카드의 양적 팽창 전략에 제동을 건 인물은 박근희 현 CJ대한통운 부회장이었다. 당시 박 부회장은 이 같은 공적을 인정받아 삼성카드 사장 자리에 올랐으며, 중국 삼성본사 사장과 삼성생명 대표 등의 요직을 거쳐 부회장 직책으로 삼성그룹 금융계열사를 이끌었다.삼성그룹에서 '일가'를 이룬 박 부회장은 지난 2018년 8월 CJ대한통운 부회장으로 자리를 옮겼고, 같은 해 10월 이후 CJ주식회사 공동 대표직을 겸임하다 지난 3월 CJ대한통운 부회장직에 전념하기 위해 CJ주식회사 대표직을 내려놨다.박 부회장은 CJ그룹 입사 후 줄곧 그룹 원로로서 사내 젊은 CEO들에게 자문 업무를 수행함과 함께 대외활동을 총괄하는 역할을 맡아 왔다. 또 이재현 CJ그룹 회장이 박 부회장 영입 의사를 이재용 삼성전자 부회장에게 직접 타진한 것으로 알려져 두 그룹사의 관계 개선에도 큰 역할을 할 것으로 기대받은 바 있다.이에 박 부회장이 지난 3월 급작스럽게 CJ주식회사 대표직을 내려놓자 업계 일각에서는 CJ그룹 내 '삼성맨'의 영향력이 줄어드는 것 아니냐는 분석이 제기됐다. 실제 CJ그룹은 지난해 단행한 인사에서 삼성그룹 출신 CJ주식회사 홍보실장을 교체하는 등 '삼성색' 빼기에 돌입했다는 평가를 받은 바 있다.다만 당시 CJ그룹은 ""지난해 계열사 책임 경영 강화 등 원칙에 따라 지주사 인력 절반 가량을 계열사로 배치한 바 있으며, 박 부회장의 이동도 이 같은 원칙에 따른 것""이라며 ""대한통운의 CJ그룹 내 중요성이 높아지고 있는 만큼 물류 분야 확장에 힘을 쏟기 위한 인사""라고 설명했다.CJ그룹의 이 같은 설명은 약 20일 후 현실화됐다. CJ대한통운은 지난 3월 30일 치러진 정기 주주총회에서 박근희·박근태·김춘학 3인 대표 체제를 박 부회장 단독 대표체제로 변경시켰다. CJ대한통운이 단독 대표체제로 운영되는 것은 지난 2013년 이후 최초이며, 이에 박 부회장은 CJ대한통운의 미래를 한 몸에 짊어진 사령관이 됐다.박 부회장은 앞서 삼성그룹에서 쌓아온 글로벌 시장 공략 노하우를 적극 활용해 향후 CJ대한통운의 '글로벌화'에 전념할 것으로 기대받고 있다.실제 박 부회장은 2005년 삼성 중국본사 사장으로 재직할 당시 법인 이름을 '삼성중국'에서 '중국삼성'으로 바꾸는 등 현지화 전략을 구사함과 함께, 적극적인 사회공헌활동을 통해 2004년 240억 달러 수준이었던 매출을 450억 달러 수준으로 끌어올린 바 있다.CJ대한통운 역시 글로벌 사업에 박차를 가하고 있다. CJ대한통운은 지난 2013년부터 적극적인 인수·합병을 펼치며 글로벌 외형을 빠른 속도로 키웠다. 이에 현재 40개국, 150여 개 도시를 거점으로 한 글로벌 네트워크를 가진 '물류 공룡'으로 성장했다. 또 지난해 매출 10조4천151억 원 중 43% 가량을 해외에서 해내는 실속도 함께 갖췄다.이에 박 부회장은 취임 직후인 지난달 22일 기존 물류연구소를 'TES물류기술연구소'로 변경하는 조직 개편을 단행했다. TES는 '테크놀로지, 엔지니어링, 시스템&솔루션'을 뜻하는 단어로 CJ대한통운이 초격차 역량 기반의 글로벌 물류기업으로 성장하기 위해 추구하는 핵심 기술을 지칭한다.TES물류기술연구소는 단순한 전략을 수립·실행하던 기존 물류연구소와 달리 '언택트' 등 비즈니스에 효과적으로 대응하기 위한 기술개발 및 컨설팅 업무까지 수행하게 될 예정이다. 또 이 과정에서 인공지능(AI), 빅데이터 분석 등 미래 혁신 성장을 위한 준비도 담당한다.재계 관계자는 ""현재 상황에 따르면 CJ그룹이 박 부회장을 CJ대한통운에 전념토록 한 것은 오히려 지주회사 업무 부담을 줄여 현장에 집중할 수 있도록 한 조치라고 해석할 수 있다""며 ""박 부회장이 오랜 커리어 동안 쌓아 온 역량을 발휘한다면 CJ대한통운의 글로벌 확산세도 지금보다 더 빨라질 수 있으리라 보고 있다""고 밝혔다.신종 코로나바이러스 감염증(코로나19)은 CJ대한통운에게 '새로운 기회'로 작용했다. 소비자들이 외출을 꺼리고 이커머스 업계에 몰리면서 물류량이 급증했고, 시장 47%를 차지하고 있는 CJ대한통운이 최대 수혜를 입은 것이다.실제 CJ대한통운의 지난 1분기 물동량은 약 3억8천만 박스로, 분기 사상 최대치였던 지난해 4분기보다도 7% 가까이 증가한 것으로 추정된다. 글로벌 부문은 코로나19 사태의 여파로 매출이 부진할 것으로 전망되지만, 업계는 이를 일시적인 현상으로 받아들이고 있다.CJ대한통운은 이 같은 시장 상황에 기민하게 대응하고 있다. TES물류기술연구소를 통해 관련 연구를 진행함은 물론, 환경부와 전기화물차 보급을 위한 업무협약을 체결하고 오는 2030년까지 모든 화물차를 전기화물차로 전환하겠다는 계획을 밝혔다. 친환경 택배 시장을 선점해 지속경영 가능성까지 높이겠다는 구상이다.다만 일각에서는 이 같은 택배 시장의 확대가 CJ대한통운에게는 '악재'로 작용할 것이라는 우려도 제기되고 있다. 쿠팡을 중심으로 확장되고 있는 '풀필먼트'에 대한 경쟁력 존재 여부가 대표적이다. 풀필먼트는 마감 시간 없이 계속 이어지는 주문에 대한 물류 관리 체계를 의미하는 단어로, 쿠팡은 직매입 물품에 한정해 '풀필먼트'를 적용하고 있다.이에 CJ대한통운도 LG생활건강과 손잡고 '풀필먼트' 서비스를 시작하겠다고 밝혔지만, 업계 최고 인프라를 갖춘 외형과 달리 24시간 운영을 기반으로 전개되는 '풀필먼트'에 추상적으로 접근하고 있다는 비판도 이어지고 있다. 또 현재 상황에서는 운영할수록 적자를 볼 수 밖에 없는 '풀필먼트' 서비스를 위한 투자 의지가 있는지에 대한 의문도 제기된다.이와 함께 이커머스를 중심으로 배송 시장에 국민적 관심이 쏠리는 것도 악재로 꼽힌다. 급격한 물동량 증가 속 노동자의 피로가 가중되고 있으며, 이에 최근 온라인 배송노동자 노동조합 결성 움직임이 이어지는 등 '노동 이슈'가 물류업계 경영 전반의 화두로 등장할 가능성이 점쳐지고 있기 때문이다.특히 CJ대한통운이 이미 택배기사가 '개인사업자'라는 이유로 택배노조와의 협상을 법정 소송 이후로 미루고 있는 만큼 이에 대한 비판 여론도 거세질 것이라는 전망이다. 다만 일각에서는 박 부회장이 취임 이후 글로벌 사업 확대 및 노사갈등 해소를 목표로 하고 있다고 거듭 밝혔으며, 경영 전권을 가지게 된 만큼 협상이 순조롭게 이뤄질 것이라는 전망도 제기되고 있다.업계 관계자는 ""물류업이 최근 유례 없는 물동량 증가 속 국민의 관심 중심에 서며 노동 환경 등에 대한 사회적 요구 수준도 높아지고 있다""며 ""박 부회장은 사업 성장은 물론, 노사 관계에서도 그동안 쌓아온 '관록'을 발휘해야 할 것""이라고 말했다. tryon@inews24.com [ⓒ 아이뉴스24 무단전재 및 재배포 금지]",/news/news_read.nhn?article_id=0000536650&office_id=031&mode=search&query=삼성전자&page=1
,"[아시아경제 이기민 기자] 신종 코로나바이러스감염증(코로나19) 여파에도 국내 양대 전자부품 계열사 삼성전기와 LG이노텍이 카메라 모듈 매출 증대에 힘입어 올해 1분기 양호한 실적을 기록했지만 2분기의 상황은 그리 녹록지 않을 것으로 관측된다. 1일 전자 업계에 따르면 삼성전기는 올해 1분기 연결 기준 매출액은 지난해 1분기 대비 7.9% 증가한 2조2245억원, 영업이익은 32.1% 감소한 1646억원을 기록했다. 다만 금융정보업체 에프엔가이드가 집계한 증권사들 평균 예상치인 1001억원보다는 600억원 이상 높은 수치다.LG이노텍도 지난해보다 실적이 월등히 개선됐다. LG이노텍은 올해 1분기 연결기준 매출은 전년 동기 대비 46.9% 오른 2조109억원, 영업이익도 흑자 전환된 1380억원을 달성했다. 특히 영업이익은 증권사들 평균 예상치의 2배에 달하는 ‘어닝 서프라이즈’다.삼성전자와 LG전자의 카메라 모듈 등 모듈 사업이 1분기 실적을 견인한 주요 사업 분야로 꼽한다. 삼성전기의 전략거래처의 신규 플래그십 스마트폰용에 탑재되는 고사양 멀티카메라모듈과 와이파이 통신 모듈 공급이 확대되면서 삼성전기 실적에 긍정적인 영향을 끼쳤다. 이밖에도 PC 중앙처리장치(CPU) 및 5G 안테나용 패키지기판 매출 증가가 실적에 도움을 줬다. 삼성전기는 다른 주요 사업 분야인 MLCC(적층세라믹커패시터)의 평균가격이 떨어지면서 전년 동기 대비 매출은 늘었지만 영업이익은 줄었다고 밝혔다. LG이노텍은 주요거래처의 프리미엄 스마트폰용 멀티플 카메라모듈과 3D센싱모듈, 5G통신칩에 사용되는 반도체 기판 등의 판매가 증대되면서 실적 개선을 불러왔다고 설명했다.다만 코로나19에 이어 카메라모듈 수요 저하가 예상되면서 두 기업은 올해 2분기 실적방어를 두고 고심하고 있다. 모듈 사업과 관련해 삼성전기는 5G 통신모듈 시장은 점진적으로 확대될 것으로 봤지만 카메라모듈 분야는 2분기가 거래처의 스마트폰 출시가 적은 기간인 점, 코로나19로 인한 소비 위축 등의 이유로 수요가 감소할 것으로 예측했다. 이에 따라 삼성전기는 최신 광학기술인 폴디드줌(folded zoom) 등 카메라 모듈을 활용해 중화권 거래처에 신규 진입을 확대하겠다는 방침이다.이기민 기자 victor.lee@asiae.co.kr <ⓒ경제를 보는 눈, 세계를 보는 창 아시아경제 무단전재 배포금지>",/news/news_read.nhn?article_id=0004671367&office_id=277&mode=search&query=삼성전자&page=1
,"이동통신 3사가 삼성전자의 갤럭시S20 시리즈 공시지원금을 2배 올린 것으로 나타났습니다.공시지원금 비교사이트인 스마트초이스에 따르면 이통 3사는 지난 1일 갤럭시20 공시지원금을 기존의 7만8000원~24만3000원에서 25만~50만원 수준으로 2배 이상 올렸습니다.업계에서는 애플의 2세대 아이폰SE 버전이 오는 6일 출시를 앞두고 사전 예약에 나서고 있는 상황에서 이를 견제하기 위해 갤럭시S20 시리즈에 지원금이 더 실렸다는 분석이 나옵니다.이통 3사가 갤럭시S20 지원금을 2배 올리면서 일부 요금제 구간에서는 지원금을 선택하는 편이 유리하지만 소비자 입장에서는 25% 요금할인이 유리한 상황입니다.
권세욱 기자(sukwon@sbs.co.kr) ▶ ▶ 저작권자 SBS미디어넷 & SBS I&M 무단전재-재배포 금지",/news/news_read.nhn?article_id=0000210633&office_id=374&mode=search&query=삼성전자&page=1
,"[머니투데이 박소연 기자] ■문순애씨 별세, 오승훈씨(금융감독원 여신금융검사국 수석검사역)·상희씨·경희씨·양희씨(상쾌한이비인후과 원장) 모친상, 정재웅씨(삼성전자 상무)·김용식씨(청담미즈한의원장) 장모상=2일 서울아산병원 장례식장 3호실, 발인 4일, 제주 기독교 공원묘지. (02)3010-2000박소연 기자 soyunp@mt.co.kr
<저작권자 ⓒ '돈이 보이는 리얼타임 뉴스' 머니투데이, 무단전재 및 재배포 금지>",/news/news_read.nhn?article_id=0004403067&office_id=008&mode=search&query=삼성전자&page=1
,"▲문순애씨 별세, 오승훈 (금융감독원 여신금융검사국 수석검사역)·상희·경희·양희(상쾌한이비인후과 원장)씨 모친상, 정재웅(삼성전자 커뮤니케이션팀 상무)·김용식(청담미즈한의원장)씨 빙모상=2일 오후 1시 서울아산병원 장례식장 3호실, 발인 4일 오전 11시 02)3010-2000데일리안 이홍석 기자 (redstone@dailian.co.kr)ⓒ (주)데일리안 - 무단전재, 변형, 무단배포 금지",/news/news_read.nhn?article_id=0002399499&office_id=119&mode=search&query=삼성전자&page=1
,"▲ 문순애씨 별세, 오승훈(금융감독원 수석검사역)·오상희·오경희·오양희(상쾌한이비인후과 원장)씨 모친상, 정재웅(삼성전자 상무)·김용식(청담미즈한의원장)씨 장모상 = 2일 오후 1시, 서울아산병원 장례식장 3호실, 발인 4일 오전 11시. ☎ 02-3010-2000

(서울=연합뉴스)",/news/news_read.nhn?article_id=0011584813&office_id=001&mode=search&query=삼성전자&page=1
,"▲ 문순애씨 별세, 오승훈(금융감독원 수석검사역)·오상희·오경희·오양희(상쾌한이비인후과 원장)씨 모친상, 정재웅(삼성전자 상무)·김용식(청담미즈한의원장)씨 장모상 = 2일 오후 1시, 서울아산병원 장례식장 3호실, 발인 4일 오전 11시. ☎ 02-3010-2000이기민 기자 victor.lee@asiae.co.kr <ⓒ경제를 보는 눈, 세계를 보는 창 아시아경제 무단전재 배포금지>",/news/news_read.nhn?article_id=0004671379&office_id=277&mode=search&query=삼성전자&page=1
,"[이데일리 이성웅 기자] △문순애씨 별세, 오승훈(금융감독원 수석검사역)·상희·경희·양희(상쾌한이비인후과 원장)씨 모친상, 정재웅(삼성전자 상무)·김용식(청담미즈한의원장)씨 장모상 = 2일 오후 1시, 서울아산병원 장례식장 3호실, 발인 4일 오전 11시, 02-3010-2000이성웅 (saintlee@edaily.co.kr)＜ⓒ종합 경제정보 미디어 이데일리 - 무단전재 & 재배포 금지＞",/news/news_read.nhn?article_id=0004632072&office_id=018&mode=search&query=삼성전자&page=1
,"▲ 문순애 씨 별세, 오승훈(금융감독원 수석검사역)·오상희·오경희·오양희(상쾌한이비인후과 원장)씨 모친상, 정재웅(삼성전자 상무)·김용식(청담미즈한의원장)씨 장모상 = 2일 오후 1시, 서울아산병원 장례식장 3호실, 발인 4일 오전 11시. 02-3010-2000

 권세욱 기자(sukwon@sbs.co.kr) ▶ ▶ 저작권자 SBS미디어넷 & SBS I&M 무단전재-재배포 금지",/news/news_read.nhn?article_id=0000210634&office_id=374&mode=search&query=삼성전자&page=1
,"(서울=뉴스1) = ■문순애씨 별세, 오승훈(금융감독원 여신금융검사국 수석검사역)·상희·경희·양희씨(상쾌한이비인후과 원장) 모친상, 정재웅(삼성전자 상무)·김용식씨(청담미즈한의원장) 장모상 = 2일 오후 1시, 서울아산병원 장례식장 3호실, 발인 4일 오전 11시, 장지 제주 기독교 공원묘지, (02)3010-2000© 뉴스1코리아(), 무단 전재 및 재배포 금지",/news/news_read.nhn?article_id=0004617683&office_id=421&mode=search&query=삼성전자&page=1
▶ 헉! 소리나는 [헉스] ▶ '너 그거 아니?' [두유노우]▶ 지금 파이낸셜뉴스 채널 구독하고 경품 GET!,"[파이낸셜뉴스] 전 세계 TV 시장에서 판매된 프리미엄 TV 10대 중 8대는 삼성과 LG 등 국내 기업의 제품이란 조사 결과가 나왔다.
 2일 관련 업계에 따르면 시장조사업체 디스플레이서플라이체인컨설턴츠(DSCC)는 최근 보고서를 내고 올해 1·4분기 세계 프리미엄 TV 시장(매출 기준)에서 삼성전자가 점유율 54%, LG전자가 점유율 24%를 각각 차지했다고 밝혔다.
 프리미엄 TV는 유기발광다이오드(OLED), 퀀텀닷(QD), 듀얼셀 액정표시장치(LCD) 등 고화질, 대형 TV다. 삼성과 LG는 이 같은 고가 제품 시장에서 총 79%의 점유율을 기록하며 3위인 일본 소니(8%)를 압도했다.
 또 올 1·4분기 글로벌 프리미엄 TV 출하량이 작년 동기 대비 42% 증가한 240만대였고, 75형 대형 LCD TV는 작년 동기 대비 83%, 77형 OLED TV는 313% 출하량이 늘었다.
 2·4분기부터는 TV 시장이 코로나19 영향을 직접적으로 받을 것이란 전망이다. DSCC는 이 보고서를 통해 ""프리미엄 TV 출하량이 전년 동기 대비 11% 성장할 것""이라고 했다.
 다만 이 기관은 하반기부터는 TV 시장 회복세에 접어들 것으로 봤다. 올 4·4분기 TV 출하량이 작년 동기 대비 27%를 증가하며, 2025년까지 연평균 24% 성장세를 기록할 것으로 예측했다.



 ※ 저작권자 ⓒ 파이낸셜뉴스. 무단 전재-재배포 금지",/news/news_read.nhn?article_id=0004418010&office_id=014&mode=search&query=삼성전자&page=1
