head,text,url
,"이커머스 업계가 신종 코로나바이러스 감염증(코로나19)으로 그간 억눌렸던 소비심리가 폭발하는 ‘보복 소비’ 수요를 잡기 위한 대규모 할인 행사에 나선다.
 티몬은 11일부터 17일까지 일주일간 특가 행사를 연다고 밝혔다. 티몬은 황금연휴 기간 ‘보복 소비’ 영향으로 1∼7일 매출이 전년 동기 대비 36.6% 증가한 점을 고려해 이번 행사를 마련했다. 행사 기간 매일 할인 쿠폰을 제공하고 티몬 유료 멤버십 고객에게는 최대 15만원까지 할인되는 '블랙쿠폰'을 매일 1장씩 지급한다.
 매일 2회 참가해 최대 30％의 할인 쿠폰을 받을 수 있는 슈퍼세이브 고객 전용 룰렛 이벤트도 진행한다. 일반 고객에게도 3만원 이상 구매 시 2000원 할인 혜택의 블랙 쿠폰과 매일 1회의 룰렛 이벤트 참여 기회를 제공한다.
 이진원 티몬 대표는 “최근 생활 속 거리두기로 사회적 여건이 많이 개선됐지만 불완전한 상황은 여전히 많은 이들이 언택트 소비 방식을 추구하는 이유”라고 했다.
 11번가는 매달 진행하는 월간 십일절 행사를 통해 에어팟 프로와 롯데호텔 제주숙박권 등을 최대 72% 할인한다. 또 이날 오전 11시 11분부터 2시간마다 퀴즈쇼를 열어 SK페이 포인트를 상금으로 지급하고, 참가자 중 추첨을 통해 삼성 갤럭시 Z플립을 경품으로 증정한다.
 올해 십일절 행사에서 처음 구매한 고객은 최대 10만원 상당의 제품이 담긴 럭키 박스를 3000원에 구매할 수 있다.
 11번가는 5월 월간 십일절을 위해 신한, 삼성, 현대, KB국민, 하나, NH농협, 우리, 씨티 등 8개 카드사의 7000원 할인(5만 원 이상) 쿠폰에 올해 십일절 첫 구매고객에게는 5000원 할인(1만 원 이상) 쿠폰을 추가로 지급한다. 여기에 기존 장바구니 쿠폰(3000원), T멤버십 최대 22% 할인 등도 제공한다.
 이상호 11번가 사장은 “화창한 5월의 봄과 가정의 달을 맞이해 주변 고마운 분들과 함께하는 일상생활로의 복귀가 더욱 간절해지는 시기”라며 “11번가의 쇼핑축제 월간 십일절을 통해 쇼핑의 즐거움과 함께 포스트 코로나 생활을 대비하는 기회를 얻으시길 바란다”고 말했다.
 위메프도 11일부터 14일까지 나흘 간 ‘위메프데이’를 열고 144개 상품을 초특가로 선보인다.
 이번 행사 기간 위메프는 ‘타임딜’을 통해 2시간마다 3개씩 상품을 오픈한다. 최대 40% 쿠폰 할인 혜택도 제공한다. 배송 카테고리 모든 상품 구매 시 5% 상품 쿠폰과 최대 15% 장바구니 쿠폰을 제공한다. 여기에 브랜드관 20% 추가 할인 쿠폰도 중복 적용 가능하다.
 위메프가 엄선한 인기 브랜드를 선보이는 '브랜드관'에는 총 20개 브랜드가 참여한다. 특히 LG전자, 한돈, 오뚜기, LG생활건강, 베베숲은 베스트브랜드로 참여해 특별한 특가 상품을 선보인다.
 김기환 유통전문기자 kkh@segye.comⓒ 세상을 보는 눈,",/news/news_read.nhn?article_id=0003464146&office_id=022&mode=search&query=LG생활건강&page=2
,"국내에서 코로나19 확진자가 이틀 연속 30명선을 기록하는 등 코로나19 재확산에 대한 우려가 확산하면서 코스피가 약보합세를 머물고 있다.12일 오전 9시 5분 현재 코스피는 전일 대비 2.76포인트(0.14%) 내린 1932.64를 기록하고 있다.코스피는 지난달 29일 장중 1950선에 올라선 뒤 눈에 띄게 상승 탄력이 줄어 들었다. 경제활동 재개 기대감과 코로나19 재확산 우려가 뒤섞이면서 지수가 좀처럼 방향성을 잡지 못하는 모습이다.최근 한국, 독일, 중국과 같이 코로나19를 비교적 잘 통제했던 지역에서 재확산 조짐이 나타나고 있다. 한국은 이태원 클럽 관련 확진자가 늘면서 전날 개학 일정을 5번째로 연기했다. 기업들도 재택근무를 재개하는 움직임이 나타나고 있다. 중국에서도 집단 감염 사례가 나오고 있다. 우한의 한 지역에서 6명이 감염된 사례가 보고됐고 지린성은 1명의 확진자가 14명에게 전파시킨 사례가 보고됐다. 이런 와중에도 미국과 유럽에서는 경제활동 재개 움직임이 완연하다. 미국에서는 뉴욕주 일대를 제외하면 사실상 전역이 경제활동 재가동에 들어갔다. 현재 비필수업종에 대한 '재택명령'이 적용되는 주 정부는 뉴욕주와 코네티컷주, 매사추세츠주 3곳에 불과하다. 뉴욕주는 오는 15일, 매사추세츠주는 18일, 코네티컷주는 20일로 각각 재택명령이 만료되기 때문에 다음주면 미 전역에서 봉쇄령이 풀릴 것으로 예상된다. 영국도 이동 제한조치를 완화하기 시작했다. '집에 머물러라'고 했던 정부 정책의 슬로건이 '경계를 유지하라'로 변경됐다. 13일부터는 야외활동 제한도 완화할 예정이며 다음달부터는 개학도 가능할 것으로 예상된다. 김일혁 KB증권 연구원은 ""코로나19 통제력의 선두에 섰던 나라에서 바이러스가 재확산되면서 전세계적으로 경제활동 재개 기대가 약해질 수 있다""라며 ""정부가 이동제한 조치를 완화해도 코로나19 통제력이 확실하지 않다면 경제활동 재개 속도는 더딜 것""이라고 말했다. 업종별로 운송장비, 전기가스업, 증권 등이 떨어지고 있고 서비스업, 통신업, 운수창고, 의약품 등은 오르고 있다. 매매주체별로 외국인과 기관이 각각 74억원, 286억원을 순매도하고 있고 개인은 368억원을 순매수하고 있다. 프로그램 매매는 181억원 매도 우위다.시가총액 상위 종목들은 대체로 약세다. 삼성전자, SK하이닉스, LG화학, LG생활건강, 현대차, 삼성SDI 등이 줄줄이 떨어지고 있다.이날 유가증권시장에서는 357개 종목이 상승하고 있고 392개 종목이 하락하고 있다.코스닥은 전일 대비 2.15포인트(0.31%) 오른 687.19를 기록 중이다.[디지털뉴스국 고득관 기자] [ⓒ 매일경제 & mk.co.kr, 무단전재 및 재배포 금지]",/news/news_read.nhn?article_id=0004572895&office_id=009&mode=search&query=LG생활건강&page=2
,"[아시아경제 조유진 기자] LG생활건강(대표 차석용)이 자외선은 물론 블루라이트 차단과 화사한 피부 연출까지 가능한 프리미엄 선블록 ‘수려한 천삼설윤 톤업 선 플루이드’를 출시했다.천삼설윤 톤업 선 플루이드는 강력한 자외선 차단효과(SPF50+/PA++++)와 함께 현대인들이 일상 속에서 쉽게 노출되는 블루라이트 차단 효과를 입증받아 더욱 철저하게 피부를 보호해준다.피부에 즉각적인 톤업 효과를 부여하고 자연스러운 핑크빛 색상으로 화사하고 생기 있는 피부를 연출해 메이크업 베이스 역할까지 가능하다. 천삼과 매화, 백합, 작약으로 구성된 수려한 천삼설윤 라인의 특별한 성분인 천삼설련단TM을 함유하고 미백기능성까지 갖춰 스킨케어 역할까지 고려했다. 끈적임이 적은 플루이드 제형으로 사계절 사용하는 데일리 선크림으로 활용하기 좋다.한편, 수려한은 이번 신제품 출시를 기념해 천삼설윤 톤업 선 플루이드와 천삼설윤 크림 20ml, 정화 클렌징폼 40ml를 함께 구성한 한정판 특별 기획세트를 선보였다.조유진 기자 tint@asiae.co.kr <ⓒ경제를 보는 눈, 세계를 보는 창 아시아경제 무단전재 배포금지>",/news/news_read.nhn?article_id=0004676249&office_id=277&mode=search&query=LG생활건강&page=2
,"신종 코로나바이러스 감염증(코로나19) 재확산 조짐에 증시가 다시 주춤했다. 코스피는 소폭 상승으로 출발했지만 19230선에서 등락을 지속하고 있다.12일 코스피 지수는 전 거래일보다 0.17%(3.22포인트) 오른 1938.62에 거래를 출발했다. 개인은 96억원 순매수를 보였다, 외국인도 이날은 20억원 순매수로 시작했다. 하지만 기관은 288억원의 순매도를 나타냈다.코스피 시총 상위 톱10 종목은 대부분 하락세로 출발했다. 삼성바이오로직스(0.34%)와 네이버(1.86%), 셀트리온(0.71%)에만 상승을 나타내는 붉은색 등이 켜졌다. 반면 삼성전자, SK하이닉스, 삼성전자우, LG화학, LG생활건강, 현대차, 삼성SDI는 모두 0.5~1% 내외에서 하락세로 시작했다.코스닥 지수는 전 거래일보다 0.36%(2.44포인트) 상승한 687.48에 장을 출발했다. 개인은 204억원 순매수하며 증시를 주도했다, 반면 외국인과 기관은 각각 177억원, 32억원 순매도 중이다.코스닥 시가총액 상위종목은 코스피와 반대로 대부분 상승세로 시작했다. 하락으로 시작한 종목은 에이치엘비(-4.57%)와 알테오젠(-1.43%) 뿐이었다. 그 외 셀트리온헬스케어, 펄어비스, CJ ENM, 셀트리온제약, 씨젠, 케이엠더블유, 스튜디오드래곤은 0.5~1% 내외에서 상승 그래프를 그렸다. 특히 제넥신은 3.32%로 높은 상승률을 그리며 출발했다.앞서 뉴욕증시는 한국 등 코로나19 재확산 조짐이 대두되면서 불안감이 확대됐다. 여기에 미-중 갈등이 지속된 점도 부담으로 작용하면서 주요 3대 지수가 혼조세로 마감됐다. 특히 국제유가는 산유국들의 추가 감산에도 불구하고 하락했다. 다우지수는 0.45% 하락했고, 서부텍사스산원유(WTI)는 2.4% 추락했다.서상영 키움증권 연구원은 “한국 증시는 코로나19 재확산 우려와 중국이 코로나19 책임을 져야 한다고 주장한 피터 나바로의 발언, 미국 증시 마감 후 트럼프가 무역 재협상에 관심이 없다고 주장한 점, 애플 부품주 부진 등을 감안할 때 매물 출회 가능성이 높다”고 전망했다.송창범 기자
 <저작권자 ⓒ '성공을 꿈꾸는 사람들의 경제 뉴스' 머니S, 무단전재 및 재배포 금지>",/news/news_read.nhn?article_id=0000541119&office_id=417&mode=search&query=LG생활건강&page=2
,"미중 무역분쟁 우려 부각…코스닥은 상승(서울=연합뉴스) 황재하 기자 = 코스피가 12일 상승세로 출발했다가 하락세로 돌아섰다.

이날 오전 9시 22분 현재 코스피는 전날보다 7.75포인트(0.40%) 내린 1,927.65를 나타냈다.

지수는 전장보다 3.22포인트(0.17%) 오른 1,938.62에서 출발했으나 약세로 전환했다.

유가증권시장에서는 기관이 857억원, 외국인이 242억원어치를 순매도했다. 개인은 1천122억원을 순매수했다.

지난 11일(현지시간) 뉴욕증시에서는 다우존스30 산업평균지수(-0.45%)가 하락하고 스탠더드앤드푸어스(S&P) 500 지수(0.01%)와 나스닥 지수(0.78%)는 상승하는 혼조세를 보였다.

서상영 키움증권 연구원은 ""도널드 트럼프 미국 대통령이 미국 증시 마감 이후 중국과의 무역 재협상에 관심이 없다고 언급한 영향으로 국내 증시에서 매물이 출회되고 있는 것으로 보인다""며 ""국내 주가지수는 최근 미중 무역 분쟁 부각으로 상승세가 제한되고 있다""고 설명했다.

트럼프 대통령은 11일(현지시간) 백악관 기자회견에서 중국에 유리한 조건으로 무역 합의 재협상이 이뤄질 가능성과 관련해 ""전혀 없다. 조금도 없다. 관심 없다""고 선을 그었다.

시가총액 상위 종목은 LG화학(-2.02%), 삼성SDI(-1.57%), 삼성물산(-1.46%), 현대차(-1.17%), 삼성전자(-0.83%), SK하이닉스(-0.83%), LG생활건강(-0.21%) 등이 내렸다.

네이버(1.63%), 셀트리온(0.95%), 삼성바이오로직스(0.17%) 등은 올랐다.

업종별로는 은행(-1.15%), 운수·장비(-1.02%), 전기·가스업(-1.00%), 증권(-0.88%), 철강·금속(-0.78%), 전기·전자(-0.77%) 등이 약세, 통신업(0.85%), 서비스업(0.77%), 의약품(0.62%), 운수·창고(0.34%) 등이 강세다.

같은 시간 코스닥지수는 전장보다 1.97포인트(0.29%) 오른 687.01을 나타냈다.

지수는 전장보다 2.44포인트(0.36%) 오른 687.48로 개장해 강세 흐름을 이어가고 있다.

코스닥시장에서는 개인이 101억원어치를 순매수했다. 외국인은 57억원, 기관은 22억원을 순매도했다.

서상영 연구원은 ""최근 국내 증시는 종목별 장세가 펼쳐지면서 코스닥시장의 강세가 뚜렷하다""며 ""국제 경기 회복 지연 가능성에 외국인의 매도세가 이어지고 있는데, 코스닥은 상대적으로 외국인 투자의 영향도가 작다""고 설명했다.

시총 상위 종목 중에는 씨젠(2.26%), 펄어비스(2.05%), 셀트리온제약(1.61%), 셀트리온헬스케어(1.46%), CJ ENM(0.34%), 케이엠더블유(0.33%), 스튜디오드래곤(0.13%) 등이 올랐다.

에이치엘비(-4.66%), 알테오젠(-2.43%), SK머티리얼즈(-0.18%) 등은 내렸다.

jaeh@yna.co.kr",/news/news_read.nhn?article_id=0011602080&office_id=001&mode=search&query=LG생활건강&page=2
메이크업 베이스 겸용으로 활용 가능한 멀티 아이템,"(서울=뉴스1) 배지윤 기자 = LG생활건강이 자외선 차단은 물론 블루라이트 차단과 화사한 피부 연출까지 가능한 프리미엄 선블록 '수려한 천삼설윤 톤업 선 플루이드'를 출시했다고 12일 밝혔다.수려한 천삼설윤 톤업 선 플루이드는 강력한 자외선 차단효과(SPF50+/PA++++)와 함께 현대인들이 일상 속에서 쉽게 노출되는 '블루라이트' 차단 효과를 입증받아 철저하게 피부를 보호해준다.피부에 즉각적인 톤업 효과를 부여하고 자연스러운 핑크빛 색상으로 화사하고 생기 있는 피부를 연출해주는 제품으로 메이크업 베이스 역할까지 해주는 멀티 아이템이다.아울러 천삼·매화·백합·작약으로 구성된 수려한 '천삼설윤' 라인의 성분인 '천삼설련단'도 함유하고 있다. 미백 기능성도 갖춰 스킨케어 역할까지 고려한 점도 특징이다.끈적임이 적은 '플루이드' 제형으로 피부에 부드럽게 스며들고 자연스럽게 피부 결을 가꿔줘 사계절 사용하는 데일리 선크림으로 활용하기도 좋다.수려한 마케팅 담당자는 ""자외선·블루라이트 차단, 톤업, 메이크업 베이스 역할까지 더욱 스마트해진 선블록으로 쉽고 간편하게 피부를 케어할 수 있는 제품을 찾는 분들에게 추천한다""고 말했다.jiyounbae@news1.kr© 뉴스1코리아(), 무단 전재 및 재배포 금지",/news/news_read.nhn?article_id=0004632325&office_id=421&mode=search&query=LG생활건강&page=2
▶ 헉! 소리나는 스!토리 뉴스 [헉스]▶ '아는 척'하고 싶은 당신을 위한 [두유노우],"[파이낸셜뉴스] 코스피가 외국인과 기관의 동반 매도에 1%대 낙폭을 기록하고 있다.
 12일 오전 10시 현재 코스피지수는 전일대비 26.44포인트(1.37%) 하락한 1908.96을 나타내고 있다. 지수는 전장보다 3.22포인트(0.17%) 오른 1938.62에서 출발했으나 약세로 전환했다.
 간밤 뉴욕증시는 코로나19 재유행 우려에 혼조세를 보였다. 뉴욕증시에서는 다우존스30 산업평균지수가 0.45% 하락하고, 스탠더드앤드푸어스(S&P) 500 지수와 나스닥 지수가 각각 0.01%, 0.78% 상승하는 등 혼조세로 마감했다.
 이 시각 현재 코스피시장에서 외국인은 690억원, 기관은 1920억원을 순매도 하고 있다. 개인은 2638억원을 순매수 하고 있다.
 업종별로는 의약품, 통신업을 제외한 전 종목이 하락하고 있다. 시가총액 상위종목도 내림세가 강하다. 삼성전자, SK하이닉스는 각각 1.24%, 1.18% 하락하고 있고, LG화학, LG생활건강, 현대차, 삼성SDI, 삼성물산도 약세를 나타내고 있다. 반면 삼성바이오로직스, 네이버, 셀트리온은 1%대 안팎 오르고 있다.
 같은 시각 코스닥지수는 전일대비 7.33포인트(1.07%) 하락한 677.71을 나타내고 있다. 코스닥시장에서 외국인과 기관은 각각 229억원, 94억원을 순매도 하고 있고, 개인은 316억원을 순매수 하고 있다.
 한편, 이날 서울외환시장에서 원·달러 환율은 전일대비 3.5원 오른 1224.0원에 개장했다.



 ※ 저작권자 ⓒ 파이낸셜뉴스. 무단 전재-재배포 금지",/news/news_read.nhn?article_id=0004422814&office_id=014&mode=search&query=LG생활건강&page=2
▶ 헉! 소리나는 스!토리 뉴스 [헉스]▶ '아는 척'하고 싶은 당신을 위한 [두유노우],"LG생활건강이 자외선 차단은 물론 블루라이트 차단과 화사한 피부 연출까지 가능한 프리미엄 선블록 ‘수려한 천삼설윤 톤업 선 플루이드’를 출시했다.
 ‘천삼설윤 톤업 선 플루이드’는 강력한 자외선 차단효과(SPF50+/PA++++)와 함께, 현대인들이 일상 속에서 쉽게 노출되는 블루라이트 차단 효과*를 입증받아 더욱 철저하게 피부를 보호해준다.
 피부에 즉각적인 톤업 효과를 부여하고 자연스러운 핑크빛 색상으로 화사하고 생기 있는 피부를 연출해주는 제품으로, 메이크업 베이스 역할까지 해주는 멀티 아이템이다. 또 천삼과 매화, 백합, 작약으로 구성된 수려한 ‘천삼설윤’ 라인의 특별한 성분인 천삼설련단TM을 함유하고 미백기능성까지 갖춰 스킨케어 역할까지 고려한 점도 특징이다. 끈적임이 적은 플루이드 제형으로 피부에 부드럽게 스며들고 자연스럽게 피부 결을 가꿔줘 사계절 사용하는 데일리 선크림으로 활용하기 좋다.
 한편, 수려한은 이번 신제품 출시를 기념해 ‘천삼설윤 톤업 선 플루이드’와 천삼설윤 크림 20㎖, 정화 클렌징폼 40㎖를 함께 구성한 한정판 특별 기획세트를 선보였다.


 ※ 저작권자 ⓒ 파이낸셜뉴스. 무단 전재-재배포 금지",/news/news_read.nhn?article_id=0004422866&office_id=014&mode=search&query=LG생활건강&page=2
,"[머니투데이 마아라 기자] [[신상품라운지]] LG생활건강이 자외선과 블루라이트를 차단하고 톤업 연출이 가능한 프리미엄 선블록 '수려한 천삼설윤 톤업 선 플루이드'를 출시했다고 12일 밝혔다.'천삼설윤 톤업 선 플루이드'는 강력한 자외선 차단효과(SPF50+/PA++++)와 블루라이트 차단 효과를 입증받았다. 피부에 즉각적인 톤업 효과를 부여하고 자연스러운 핑크빛 색상으로 화사하고 생기 있는 피부를 연출한다. 메이크업 베이스로 활용할 수 있다.천삼설윤 라인의 특별한 성분인 천삼설련단을 함유하고 미백기능성을 갖춰 스킨케어 역할까지 고려한 점도 특징이다.끈적임이 적고 피부에 부드럽게 스며든다. 자연스럽게 피부 결을 가꿔 사계절 사용하기 좋다.수려한은 이번 신제품 출시를 기념해 '천삼설윤 톤업 선 플루이드'와 '천삼설윤 크림 20ml', '정화 클렌징폼 40ml'를 함께 구성한 한정판 특별 기획세트를 선보인다.수려한 마케팅 담당자는 ""자외선과 블루라이트 차단, 톤업, 메이크업 베이스 역할까지 더욱 스마트해진 선블록으로, 보다 쉽고 간편하게 피부를 케어할 수 있는 제품을 찾는 분들에게 추천한다""라고 말했다.마아라 기자 aradazz@
<저작권자 ⓒ '돈이 보이는 리얼타임 뉴스' 머니투데이, 무단전재 및 재배포 금지>",/news/news_read.nhn?article_id=0004407327&office_id=008&mode=search&query=LG생활건강&page=2
,"[머니투데이 반준환 기자, 강민수 기자] [편집자주] 코스닥의 가파른 질주가 계속되고 있다. 3월 급락장에서 바닥을 다진 코스닥은 어느새 연고점을 눈앞에 두고 있으며 코스피에 비해 흐름도 견고하다. 그러나 한편에선 신중론도 나온다. 코스닥은 700선을 넘어설 수 있을까. 전문가들의 시각을 종합해봤다.[[연중고점 코 앞 코스닥]③씨젠, 피씨엘, 바이오니아 등 영업이익 수십배 증가전망]코스닥 시장의 강도는 생각보다 강해 보인다는 것이 전문가들의 공통된 의견이다. 코스닥은 수년간 코스피에 비해 상대적인 약세를 보여왔으나 이번에는 저점 대비 반등폭이 월등하다. 코스피 지수는 3월 급락장에서 저점 1457.64를 기록한 후 현재 1917선까지 31% 반등했다. 그러나 이 기간 코스닥은 58%(428.35→680)까지 58%나 급등했다. 삼성전자에 올인했던 동학개미 입장에선 속이 쓰리는 이야기다.이번 코스닥 반등이 예상보다 클 수 있었던 것은 코로나19(COVID-19) 진단업체들이 주도주로 출현하며 시장을 이끌었기 때문이다. 처음에는 시장을 휩쓸고 지나갈 반짝 테마주로 치부됐는데, 뚜껑을 열었더니 예상외의 결과가 나왔다. 국내는 물론 세계 각국의 진단키트와 진단시약 수요가 일시에 몰리며 기업들의 실적이 그야말로 폭발하기 시작했다. 올 들어 4월22일까지 국내 진단키트 업체 12곳의 수주액은 2375억원으로 지난해 연간 매출액(2652억원)에 육박하는 수준이다. 대표적인 업체인 씨젠의 수주액은 4월22일까지 1200억원을 수주했다. 늘어나는 수주를 감당하지 못해 대대적인 설비증설을 추진해왔는데, 이를 감안하면 올해 연간 4000억원에 육박하는 영업이익을 올릴 수 있다고 증권가는 보고 있다.지난해 실적(매출 1220억·영업익 224억원)과 비교하면 올해 얼마나 이익이 늘어날지 가늠하기 어렵다는 얘기가 나오는 이유다. 실적 전망치를 반영한 씨젠 주가수익비율(PER)은 6배에 불과하다. 코로나19 진단키트 생산업체인 피씨엘은 지난해 매출액이 3500만원에 불과했는데 4월 말까지 공시한 수주액만 263억원에 달한다. 올해 매출액이 700억원만 된다고 가정해도 2000배에 달하는 외형 성장을 달성하는 셈이다. 지난해 매출액이 38억원에 불과했던 수젠텍도 4월까지 확보한 매출액만 300억원이 넘는다. 이 밖에 랩지노믹스, 바이오니아, 솔젠트, SD바이오센서, 진매트릭스, 클리노믹스, 젠바디, 오상헬스케어, 휴마시스 등 대부분 업체들의 실적이 드라마틱하게 개선된다. 여기에 정부의 지원책과 산업육성도 더해진다. 이처럼 코스닥에는 실적개선을 동반한 주가반등이 나타나고 있는데 이는 2014~2015년 K뷰티 바람을 타고 폭발적인 성장세를 이룬 화장품 업체들의 상황과 유사해 보인다는 것이 전문가들의 평가다. 아모레퍼시픽의 연도별 실적(매출, 영업이익)은 △2013년 2조6676억원, 3755억원 △2014년 3조8740억원, 5637억원 △2015년 4조7666억원, 7729억원 △2016년 5조6454억원, 8481억원 등으로 급증했다. 2013년부터 2016년까지 매출은 111% 증가했고 영업이익은 126% 늘었다. 아모레퍼시픽 주가는 대세상승에 진입하며 2013년말 10만원에서 2015년 고점 44만5000원까지 4배 이상 올랐다. 경쟁사였던 LG생활건강 역시 같은 흐름을 탔다. 증권업계 관계자는 ""씨젠의 경우 올해 들어서만 주가가 3배 가량 상승했으나 아직도 상승여력이 충분해 보인다""며 ""코로나19 글로벌 확산이 이어지고 있고 이후 새로운 질병 가능성을 염두에 두면 피씨엘이나 랩지노믹스, 바이오니아 같은 국내 진단기업들의 도약도 충분할 것""이라고 말했다. 반준환 기자 abcd@, 강민수 기자 fullwater7@mt.co.kr
<저작권자 ⓒ '돈이 보이는 리얼타임 뉴스' 머니투데이, 무단전재 및 재배포 금지>",/news/news_read.nhn?article_id=0004407386&office_id=008&mode=search&query=LG생활건강&page=1
,"[서울경제] 국내 증시가 신종 코로나바이러스 감염증(코로나19) 재확산 등 경기 침체 장기화 우려가 불거지며 하락세를 보이고 있다. 기관투자자와 외국인은 이틀 연속 매도에 나섰다.12일 오후 1시14분 현재 코스피는 전장보다 0.71%(13.67포인트) 하락한 1,921.73을 나타냈다. 이날 지수는 전 거래일 대비 0.17%(3.22포인트) 오른 1,938.62로 출발했지만, 곧 하락 전환했다. 이후 1,920선에서 보합 추세다.같은 시간 개인은 홀로 4,583억원을 순매수했다. 반면 외국인과 기관은 각각 1,411억원과 3,104억원을 팔았다. 노동길 NH투자증권 연구원은 “국내 주식시장은 흔들림에도 개인 투자자가 순매수 규모를 늘리고 있다”며 “개인 투자자는 과거와 달리 시가총액 상위주에도 순매수를 집중하고 있다”고 말했다. 금일 개인 수급 집중 업종은 전기전자·화학·금융 등 코스피 우량주에 쏠렸다.코스피 시가 총액 상위 종목 중에서는 인터넷 관련 종목인 네이버와 카카오는 각각 5.36%와 3.86% 올라 강세다. 이외에도 삼성바이오로직스(0.68%), 셀트리온(0.71%), LG생활건강(0.21%) 등이 상승세다. 반면 삼성전자와 SK하이닉스는 각각 1.45%와 0.24% 하락세다..같은 시간 코스닥지수는 0.74%(2.24포인트) 내린 679.99를 기록했다. 지수는 전 거래일 대비 0.36%(2.44포인트) 오른 687.48로 출발해 상승세를 유지하는 듯했지만, 이내 하락세를 보였다. 현재 외국인과 기관은 913억원과 266억원씩을 순매도했다. 반면 개인은 1,194억원을 순매수했다.시가 총액 상위 종목은 셀트리온헬스케어(1.35%), 펄어비스(2.52%), 셀트리온제약(3.49%), 씨젠(6.46%) 등이 강세다. /신한나기자 hanna@sedaily.com저작권자 ⓒ 서울경제, 무단 전재 및 재배포 금지",/news/news_read.nhn?article_id=0003735979&office_id=011&mode=search&query=LG생활건강&page=1
,"LG생활건강은 자외선 및 블루라이트 차단과 피부 톤업 효과를 갖춘 프리미엄 선블록 '수려한 천삼설윤 톤업 선 플루이드'를 출시했다고 12일 밝혔다.'천삼설윤 톤업 선 플루이드'는 강력한 자외선 차단효과와 함께, 현대인들이 일상 속에서 쉽게 노출되는 블루라이트 차단 효과를 입증 받았다. 또 피부에 즉각적인 톤업 효과를 부여하고 생기 있는 피부를 연출해준다.천삼과 매화, 백합, 작약으로 구성된 수려한 '천삼설윤' 라인의 특별한 성분인 천삼설련단TM을 함유하고 미백기능성까지 갖춰 스킨케어 역할까지 고려한 점도 특징이다.끈적임이 적은 플루이드 제형으로 피부에 부드럽게 스며들고 자연스럽게 피부 결을 가꿔줘 사계절 사용하는 데일리 선크림으로 활용하기 좋다.한편, 수려한은 이번 신제품 출시를 기념해 '천삼설윤 톤업 선 플루이드'와 천삼설윤 크림 20㎖, 정화 클렌징폼 40㎖를 함께 구성한 한정판 특별 기획세트를 선보였다.LG생활건강 수려한 관계자는 “자외선과 블루라이트 차단, 톤업, 메이크업 베이스 역할까지 더욱 스마트해진 선블록으로, 보다 쉽고 간편하게 피부를 케어할 수 있다”고 말했다.박준호기자 junho@etnews.com",/news/news_read.nhn?article_id=0002882178&office_id=030&mode=search&query=LG생활건강&page=1
,"[머니투데이 유승목 기자] [편집자주] 온라인 쇼핑이 급성장하면서 가장 주목받는 업체는 어딜까. 로켓배송의 쿠팡도, 국내 1위 e커머스 이베이도 아니다. 바로 검색공룡 네이버다. 네이버는 상품검색부터 가격비교, 간편결제까지 가장 강력한 쇼핑 플랫폼을 구축, 온라인 쇼핑 수요를 빨아들이고 있다. 주요 e커머스업체들도 네이버 가두리 안에서 경쟁을 펼치는 존재로 전락했다. 네이버를 통하지 않으면 장사하기 어렵다는 말이 나온다. 네이버 자체 스마트스토어(오픈마켓)도 급성장 중이다. 온라인 쇼핑의 최상위 포식자로 부상한 '쇼핑공룡' 네이버를 분석해본다.  [[MT리포트-""쇼핑도 네이버로 통한다"" 쇼핑공룡 네이버]언택트 확대와 물류 풀필먼트 확충으로 이커머스 지각변동]네이버는 이미 대형 e커머스 업체부터 수십만 중소규모 판매자들도 거부할 수 없는 '국내 최대의 쇼핑광장'으로 자리매김했다. 네이버 쇼핑이 여기에 새롭게 2가지 신무기까지 갖추면서 e커머스 등 다른 유통업체들의 불안감이 커지고 있다. 바로 언택트(Untatc·비대면) 트렌드와 보폭을 맞춘 '라이브 커머스', 쿠팡 등 경쟁업체와 비교해 약점으로 꼽히던 배송 경쟁력 강화다.쇼핑 플랫폼 '스마트스토어'는 네이버쇼핑을 대표하는 최대 강점 중 하나다. 다른 이커머스 플랫폼처럼 오픈마켓 형태인 것은 차이가 없지만 저렴한 수수료와 무료 상품 등록, 국내 최대 포털이 가진 풍부한 구매자층 등 자본 규모에 구애받지 않고 손 쉽게 '스몰 비지니스'를 벌일 수 있다.스마트스토어에는 32만 곳의 판매자가 등록돼 있다. 이용자 수는 1000만 명 수준. 이들이 만드는 매출액은 매년 급증세다. 와이즈앱이 발표한 1분기 네이버 결제금액(추정)에 따르면 스마트스토어 결제액은 지난해보다 56% 증가한 3조5000억원으로 쿠팡(4조8000억원)과 이베이코리아(4조2000억원)에 이어 3위다.스마트스토어는 규모 면에서 주요 이커머스 업체와 어깨를 견주지만 구성에선 차별화 요소가 보인다. 유병준 서울대 경영학과 교수 연구팀이 발간한 'D-커머스 리포트'에 따르면 2030 젊은층의 신규 판매자 유입이 많고 사업자(46.1%)보다 개인 창업자(53.9%·2017년 기준)가 활동하는 것으로 나타났다. 패션과 의류·잡화 등 트렌디한 업종의 판매 비중도 높다. 진입장벽이 워낙 낮은 탓에 좀 더 젊고, 자유롭단 것이다.'젊은 장터'는 유통업계에 몰아친 '라이브 커머스' 활성화로 이어졌다. 네이버는 지난 3월부터 라이브 커머스 툴을 제공, 판매자가 실시간 상품 소개를 비롯, △상품 사전 태깅 △URL 공유 기능 등을 가능케 했다. 코로나19(COVID-19)로 남녀노소 전반에서 비대면 쇼핑 선호가 높아진 데 따른 시도다. 젊고 트렌드에 민감한 스마트스토어의 판매자들이 이 같은 트렌드에 익숙해 효과는 적지 않을 것으로 예상된다.고객과의 실시간 채팅까지 할 수 있는 등 TV보다 모바일의 커뮤니케이션 자유도가 훨씬 높다는 점에서 홈쇼핑 업계가 긴장할 수 밖에 없는 이유다. 이창영 유안타증권 연구원은 ""코로나를 계기로 기존 사용자의 사용 횟수와 금액이 늘어나고 네이버를 잘 사용하지 않던 10대와 50대의 구매액도 급증하며 향후 사용자 저변이 확대될 것으로 보인다""며 ""라이브스토어 등 새로운 언택트 서비스도 활성화되고 있다""고 분석했다.스마트스토어로 기민한 스몰 비즈니스를 확대하는 동시에 대형 브랜드를 직접 끌어들이는 '브랜드스토어'에도 이커머스 업계의 견제 눈초리가 쏟아진다. 올해 200개로 확대할 예정인데 패션부터 뷰티, 생필품 등 각 분야를 주름 잡는 상품이나 브랜드가 네이버 안에서 판매 채널로 구축될 경우 생길 여파가 적지 않아서다.네이버는 이를 위한 마지막 퍼즐로 최대 경쟁자 쿠팡과 비교해 가장 큰 약점으로 지적돼온 느린 배송 시스템을 개선했다. 이른 오후까지 주문하지 않으면 다음날 물건을 받아볼 수 없다는 약점을 상쇄, 대형 브랜드 입점을 확대를 노리는 것이다. 비용부담이 큰 만큼 직접 물류나 배송 강화에 나서기보단 택배업체들의 풀필먼트(Fulfillment·물류 일괄 대행 서비스) 사업과 연계를 통한 이른바 '물류 아웃소싱'으로 해결했다.지난달부터 네이버 브랜드스토어에서 판매되는 LG생활건강의 상품은 CJ대한통운의 풀필먼트 시스템을 통해 24시간 내에 배송이 완료되고 있다. 쿠팡 로켓배송처럼 빠른 당일·익일 배송 서비스가 가능해졌다. 네이버는 위킵과 두손컴퍼니, 신상마켓, RSS 등 물류 스타트업에도 적극 투자하며 배송 플랫폼화를 위한 포석을 두고 있다.업계에선 네이버가 풀필먼트 서비스란 무기를 손에 쥐면서 단순히 빠르고 저렴한 배송 뿐 아니라 더욱 차별화된 경쟁을 통해 이커머스 지각변동을 불러올 수도 있단 전망이 나온다. 안재민 NH투자증권 연구원은 ""24시간 배송을 가능하게 하며 쿠팡, 이마트 등과 본격적인 경쟁이 기대된다""며 ""다양한 브랜드 및 물류회사와 협업을 확대해 네이버페이, 네이버쇼핑과의 시너지가 예상된다""고 분석했다.한성숙 네이버 대표는 지난달 열린 컨퍼런스 콜에서 ""스마트스토어 상품 특성, 기업 규모에 따라 다양한 배송 체계를 제공할 계획""이라며 ""단순히 빠른 것 외에도 정확한 배송, 고급 배송 등 원하는 형태가 다양할 것이고 협력 방안을 마련 중""이라고 말했다.유승목 기자 mok@mt.co.kr
<저작권자 ⓒ '돈이 보이는 리얼타임 뉴스' 머니투데이, 무단전재 및 재배포 금지>",/news/news_read.nhn?article_id=0004407487&office_id=008&mode=search&query=LG생활건강&page=1
,"국내에서 코로나19 확진자가 사흘째 20명선을 웃도는 등코로나19 재확산에 대한 우려가 퍼지면서 코스피가 약보합세를 머물고 있다.12일 코스피는 전일 대비 13.23포인트(0.68%) 내린 1922.17에 거래를 마쳤다. 코스피는 지난달 29일 장중 1950선에 올라선 뒤 눈에 띄게 상승 탄력이 줄어 들었다. 경제활동 재개 기대감과 코로나19 재확산 우려가 뒤섞이면서 지수가 좀처럼 방향성을 잡지 못하는 모습이다.최근 한국, 독일, 중국과 같이 코로나19를 비교적 잘 통제했던 지역에서 재확산 조짐이 나타나고 있다. 중앙방역대책본부(방대본)은 이날 0시 기준 코로나19 확진자가 전날 0시보다 27명 증가했다고 밝혔다. 신규 확진자 27명 중 22명이 국내 발생 사례다. 서울 용산구 이태원 클럽들을 중심으로 발생한 집단감염 사례가 계속 보고되고 있다.중국에서도 집단 감염 사례가 나오고 있다. 우한의 한 지역에서 6명이 감염된 사례가 보고됐고 지린성은 1명의 확진자가 14명에게 전파시킨 사례가 보고됐다. 이런 와중에도 미국과 유럽에서는 경제활동 재개 움직임이 완연하다. 미국에서는 뉴욕주 일대를 제외하면 사실상 전역이 경제활동 재가동에 들어갔다. 현재 비필수업종에 대한 '재택명령'이 적용되는 주 정부는 뉴욕주와 코네티컷주, 매사추세츠주 3곳에 불과하다. 뉴욕주는 오는 15일, 매사추세츠주는 18일, 코네티컷주는 20일로 각각 재택명령이 만료되기 때문에 다음주면 미 전역에서 봉쇄령이 풀릴 것으로 예상된다. 영국도 이동 제한조치를 완화하기 시작했다. '집에 머물러라'고 했던 정부 정책의 슬로건이 '경계를 유지하라'로 변경됐다. 13일부터는 야외활동 제한도 완화할 예정이며 다음달부터는 개학도 가능할 것으로 예상된다. 김일혁 KB증권 연구원은 ""코로나19 통제력의 선두에 섰던 나라에서 바이러스가 재확산되면서 전세계적으로 경제활동 재개 기대가 약해질 수 있다""라며 ""정부가 이동제한 조치를 완화해도 코로나19 통제력이 확실하지 않다면 경제활동 재개 속도는 더딜 것""이라고 말했다. 업종별로 철강·금속, 섬유·금속, 건설업, 기계, 운송장비 등이 2% 넘게 빠졌고 의약품 한 업종만 소폭 올랐다.매매주체별로 외국인과 기관이 각각 3112억원, 2989억원을 순매도했고 개인은 6063억원을 순매수했다. 프로그램 매매는 3157억원 매도 우위를 나타냈다.시가총액 상위 종목들은 혼조세를 보였다.삼성전자, LG화학, LG생활건강, 현대차 등은 떨어졌고 SK하이닉스, 삼성바이오로직스, NAVER, 셀트리온 등은 올랐다.이날 유가증권시장에서는 1개 상한가를 포함해 183개 종목이 상승했고 671개 종목이 하락했다.코스닥은 전일 대비 0.83포인트(0.12%) 내린 684,21에 마감했다. [디지털뉴스국 고득관 기자] [ⓒ 매일경제 & mk.co.kr, 무단전재 및 재배포 금지]",/news/news_read.nhn?article_id=0004573317&office_id=009&mode=search&query=LG생활건강&page=1
▶ 헉! 소리나는 스!토리 뉴스 [헉스]▶ '아는 척'하고 싶은 당신을 위한 [두유노우],"[파이낸셜뉴스] 코스피가 이틀째 하락해 1920선 마감했다.
 12일 코스피지수는 전일대비 13.23포인트(0.68%) 하락한 1922.17을 기록했다. 지수는 전장보다 3.22포인트(0.17%) 오른 1938.62에서 출발해 약세로 전환, 장중 1900선까지 밀리기도 했다.
 코로나19 재확산과 미중 무역분쟁 우려가 투자심리에 부정적으로 작용했다.
 이날 코스피시장에서 외국인과 기관은 각각 3113억원, 2290억원을 순매도 했다. 개인은 6064억원을 순매수 했다.
 업종별로는 음식료업, 의약품, 통신업, 서비스업을 제외한 전 종목이 하락했다.
 시가총액 상위종목은 혼조세를 나타냈다. 삼성전자는 전일대비 1.03%(500원) 하락한 4만7900원을 기록했다. LG화학, LG생활건강, 현대차, 삼성SDI, 삼성물산도 1~2%대 내렸다. 반면 SK하이닉스, 삼성바이오로직스, 네이버, 카카오, 셀트리온은 1~3%대 안팎 올랐다.
 같은날 코스닥지수는 전일대비 0.83포인트(0.12%) 하락한 684.21을 기록했다. 코스닥시장에서 외국인과 기관은 각각 1015억원, 269억원을 순매도 했다. 개인은 1317억원을 순매수 했다.
 한편, 이날 서울 외환시장에서 원·달러환율은 전장대비 4.3원 오른 1224.8원에 마감했다.



 ※ 저작권자 ⓒ 파이낸셜뉴스. 무단 전재-재배포 금지",/news/news_read.nhn?article_id=0004423159&office_id=014&mode=search&query=LG생활건강&page=1
,"[서울경제] 국내 증시는 신종 코로나바이러스 감염증(코로나19) 이후 밸류에이션 고평가 논란이 제기되면서 하락세로 장을 마감했다. 미중 무역 분쟁 재개 가능성 또한 증시에 부정적인 영향을 미쳤다는 평가다.12일 코스피지수는 전장보다 0.68%(13.23포인트) 하락한 1,922.17로 장을 마쳤다. 이날 지수는 전 거래일 대비 0.17%(3.22포인트) 오른 1,938.62로 출발했지만, 하락 포지션으로 전환했다.개인투자자는 전거래일에 이어 이틀 연속 5,000억원 넘게 순매수를 이어 갔다. 이날 개인은 홀로 6,069억원을 순매수했다. 반면 외국인과 기관은 각각 3,116억원과 2,990억원을 순매도했다. 노동길 NH투자증권 연구원은 “여기에 미국과 중국 간 파열음이 투자심리에 부정적으로 작용하고 있다”며 “지난주 미중 대화 분위기에 안도했던 미국 주식시장은 중국 관영 언론 자매지 환구시보(글로벌타임스)는 무역 합의 무효화 가능성 보도에 우려감을 드러냈다”고 말했다.코스피 시가 총액 상위 종목 중에서는 인터넷 관련 종목인 네이버와 카카오가 각각 2.33%와 3.37% 올라 강세를 보였다. 이외에도 SK하이닉스(1.42%), 삼성바이오로직스(1.02%), 셀트리온(0.24%)이 상승 마감했다. 삼성전자(-1.03%), LG화학(-2.45%), LG생활건강(-1.18%), 현대차(-1.92%) 등은 하락했다.같은 시간 코스닥지수는 0.12%(0.83포인트) 내린 684.21을 기록했다. 지수는 전 거래일 대비 0.36%(2.44포인트) 오른 687.48로 출발했다. 현재 외국인과 기관은 1,015억원과 265억원씩을 순매도했다. 반면 개인은 1,313억원을 순매수했다.시가 총액 상위 종목은 대부분 상승세를 보였다. 셀트리온헬스케어(1.13%), 펄어비스(2.62%), 셀트리온제약(3.49%), 씨젠(6.78%), 알테오젠(2.55%) 등 바이오 헬스케어 종목이 강세를 보였다. 반면 CJ ENM(-3.42%), 케이엠더블유(-0.82%), SK머티리얼즈(-0.48%) 등은 약세였다./신한나기자 hanna@sedaily.com저작권자 ⓒ 서울경제, 무단 전재 및 재배포 금지",/news/news_read.nhn?article_id=0003736144&office_id=011&mode=search&query=LG생활건강&page=1
개인투자자만 홀로 6000억원대 순매수엔씨소프트 6%대 올라..시총 2~3위 1~2%대 올라,"[이데일리 최정희 기자] 코스피 지수가 2거래일 연속 하락했다. 신종 코로나 바이러스 감염증(코로나19) 재확산에 대한 경계감에 따른 것으로 풀이된다. 12일 장중 코스피 흐름(출처: 마켓포인트)12일 마켓포인트에 따르면 코스피 지수는 전 거래일보다 13.23포인트, 0.68% 하락한 1922.17에 거래를 마쳤다. 2거래일 연속 하락세다. 이날 코스피 지수는 1930선에 개장한 직후 장 초반 1%대 하락세를 보였으나 시간이 갈수록 하락폭을 좁혔다. 그러다 장중 소폭 상승 전환하는 듯 했으나 또 다시 하락세로 전환됐다. 장중 중국 재무부가 희토류 광석을 포함해 미국 상품 79종에 대해 1년간 수입 관세를 면제할 것이라고 밝히면서 미국과 중국간 갈등 관계가 완화되는 듯 했으나 증시에 미치는 영향은 제한적이었다. 수급으로 보면 개인투자자가 6063억원을 순매수했다. 외국인과 기관은 각각 3112억원, 2989억원을 동반 순매도했다. 금융투자는 2932억원, 연기금 등은 737억원 가량을 순매도했다. 보험(83억원), 투신(582억원), 기타금융(75억원), 기타법인(33)만 순매수를 보였다. 이날 원-달러 환율은 4.3원 오른 1224.8원에 거래를 마쳐 원화 약세 흐름을 보였다. 프로그램매매는 차익과 비차익을 합해 3158억원 순매도세를 기록했다. 시가총액 상위 종목들은 희비가 갈렸다. 삼성전자(005930)는 1%대 하락했으나 SK하이닉스(000660)와 삼성바이오로직스(207940)는 각각 1%대씩 상승했다. 네이버(035420)와 카카오(035720)는 각각 2%대, 3%대 올랐다. SK텔레콤(017670)과 엔씨소프트(036570)는 2%대, 6%대 상승했다. 반면 LG화학, 삼성물산(028260)은 2%대 하락하고 LG생활건강(051900) 현대차(005380), 삼성SDI(006400), 현대모비스(012330)는 1%대 떨어졌다. POSCO(005490)는 3%대, 신한지주(055550), 한국전력(015760), 삼성SDS(018260)는 2%대씩 하락했다. 개별 종목으로 보면 자사주 소각 공시를 낸 메리츠금융지주(138040)가 2%대 상승했다. 1분기 어닝 서프라이즈를 기록한 현대리바트(079430)는 상한가를 기록했다. 검찰이 LS니꼬동제련을 압수수색했다는 소식이 알려지면서 LS(006260), LS네트웍스(000680) 등은 2%대 하락했다. 업종별로 보면 하락 우위 흐름이 강했다. 통신업이 2%대, 음식료품이 1%대 강세를 보였을 뿐 나머지 대다수 업종이 하락했다. 철강금속, 기계, 건설업, 운송장비, 은행, 섬유의복 등이 2%대 하락하고 화학, 유통업, 전기가스업, 운수창고 등은 1%대 하락했다. 이날 거래량은 7억8390만6000주, 거래대금은 9조5041억3300만원으로 집계됐다. 상한가 1개 종목을 포함해 183개 종목이 올랐고 하한가 없이 671개 종목이 하락했다. 57개 종목은 보합권에서 거래를 마쳤다.최정희 (jhid0201@edaily.co.kr)＜ⓒ종합 경제정보 미디어 이데일리 - 무단전재 & 재배포 금지＞",/news/news_read.nhn?article_id=0004638334&office_id=018&mode=search&query=LG생활건강&page=1
,"이태원발 신종 코로나바이러스 감염증(코로나19) 재확산 우려가 재부각되면서 코스피는 소폭 하락 마감했다. 투자심리가 위축된 외국인과 기관이 이날도 매도를 이끌며 지수 상승을 막았다.코스피는 7일 전 거래일 대비 0.68%(-13.23포인트) 하락한 1922.17에 거래를 마쳤다. 이날도 개인이 매수를 이끌었고 외국인은 파는 것에 초점이 맞춰졌다. 개인은 6064억원 순매수했고 외국인은 3107억원 순매도했다. 기관도 2989억원 순매도를 기록했다.코스피 시가총액 10개 상위종목은 혼조세로 마감됐다. 삼성전자를 비롯한 삼성전자우, LG화학, LG생활건강, 현대차, 삼성SDI 등은 1% 초반대에서 2% 중반대까지 하락했다. 반면 SK하이닉스(1.42%), 삼성바이오로직스(1.02%), 네이버(2.33%), 셀트리온(0.24%)는 상승 마감했다.코스닥은 전 거래일 대비 0.12%(-0.83포인트) 내린 684,21에 거래를 마쳤다. 개인은 1317억원 순매수했고 외국인과 기관은 각각 997억원 268억원 순매도했다.코스닥 시가총액 10개 상위종목도 혼조세를 보였다. 셀트리온헬스케어(1.13%), 펄어비스(2.62%), 셀트리온제약(3.49%), 씨젠(6.78%), 알테오젠(2.55%) 등은 빨간불이 켜지며 상승마감했다. 반면 에이치엘비는 –8.27%, CJ ENM도 –3.42%를 기록했다. 케이엠더블유와 SK머티리얼즈도 각각 –0.82%, -0.48%로 하락세를 보였다.코로나19 재확산 우려가 증시를 다시 끌어 내렸다는 분석이다. 다만 코로나19 관련 진단키드주와 온라인교육주, 게임주 등 재택 관련 종목과 테마는 다시 주가가 상승, 전체적인 지수 하락폭을 줄였다.앞서 뉴욕증시도 코로나19 재확산 우려에도 불구하고 기술주 강세에 혼조세를 기록했다.한편 이날 달러/원 환율은 4.30원(0.35%) 인상된 1224.80원으로 거래를 마쳤다.송창범 기자
 <저작권자 ⓒ '성공을 꿈꾸는 사람들의 경제 뉴스' 머니S, 무단전재 및 재배포 금지>",/news/news_read.nhn?article_id=0000541409&office_id=417&mode=search&query=LG생활건강&page=1
,"코로나19 확산·미중 무역분쟁 재점화 우려…코스닥, 5일 만에 하락(서울=연합뉴스) 황재하 기자 = 코스피가 이틀째 하락 마감했다.

12일 코스피는 전날보다 13.23포인트(0.68%) 내린 1,922.17에 거래를 마쳤다.

지수는 전장보다 3.22포인트(0.17%) 오른 1,938.62에서 출발했으나 이후 하락과 상승을 오간 끝에 하락세를 굳혔다.

유가증권시장에서는 외국인이 3천115억원, 기관이 2천990억원어치를 각각 순매도했다. 개인은 6천67억원을 순매수했다.

이경민 대신증권 연구원은 ""신종 코로나바이러스 감염증(코로나19) 확산 속도가 다시 빨라질 수 있다는 우려에 경기 회복 기대감이 낮아지고, 도널드 트럼프 미국 대통령이 중국에 대해 강경하게 발언하면서 미중 무역분쟁 재점화 우려가 확대되면서 주가지수 하락으로 이어졌다""고 설명했다.

트럼프 대통령은 11일(현지시간) 백악관 기자회견에서 중국에 유리한 조건으로 무역 합의 재협상이 이뤄질 가능성과 관련해 ""전혀 없다. 조금도 없다. 관심 없다""고 말했다.

시가총액 상위 종목 가운데는 LG화학(-2.45%), 삼성물산(-2.44%), 현대차(-1.92%), LG생활건강(-1.18%), 삼성SDI(-1.05%), 삼성전자(-1.03%) 등이 내렸다.

네이버(2.33%), SK하이닉스(1.42%), 삼성바이오로직스(1.02%), 셀트리온(0.24%)은 올랐다.

업종별로는 철강·금속(-2.54%), 섬유·의복(-2.51%), 건설업(-2.15%), 기계(-2.12%), 운수·장비(-2.07%), 은행(-2.06%), 화학(-1.95%), 증권(-1.86%), 전기·가스업(-1.84%), 보험(-1.80%), 운수·창고(-1.78%), 유통업(-1.52%), 금융업(-1.45%), 비금속광물(-1.39%) 등 대부분이 약세였다.

통신업(2.18%), 음식료품(1.69%), 서비스업(1.34%), 의약품(0.88%)은 강세였다.

주가가 내린 종목은 671개, 오른 종목은 184개였다. 보합은 43개 종목이었다.

프로그램 매매는 차익거래와 비차익거래 모두 매도 우위로 전체적으로는 3천157억원의 순매도로 집계됐다.

유가증권시장의 거래량은 7억6천652만주, 거래대금은 9조4천813억원이었다.코스닥지수는 전장보다 0.83포인트(0.12%) 내린 684.21로 마감했다.

코스닥지수가 하락 마감한 것은 지난 4일 이후 5거래일 만이다.

지수는 전장보다 2.44포인트(0.36%) 오른 687.48로 개장했으나 장 후반까지 하락과 상승을 오간 끝에 하락세로 가닥을 잡았다.

코스닥시장에서도 외국인은 1천15억원, 기관은 266억원어치를 순매도했다. 개인은 1천315억원을 순매수했다.

시총 상위 종목 가운데는 에이치엘비(-8.27%), CJ ENM(-3.42%), 케이엠더블유(-0.82%), SK머티리얼즈(-0.48%) 등이 내렸다.

씨젠(6.78%), 셀트리온제약(3.49%), 펄어비스(3.62%), 알테오젠(2.55%), 셀트리온헬스케어(1.13%), 스튜디오드래곤(0.13%) 등은 올랐다.

코스닥시장의 거래량은 14억1천5만주, 거래대금은 9조7천526억원이었다.

서울 외환시장에서 원/달러 환율은 전 거래일보다 4.3원 오른 달러당 1,224.8원에 마감했다.

jaeh@yna.co.kr",/news/news_read.nhn?article_id=0011603771&office_id=001&mode=search&query=LG생활건강&page=1
,"[서울=뉴시스] 김제이 기자 = 코스피가 신종 코로나 바이러스 감염증(코로나19) 재확산 우려에 이틀 연속 하락세로 마감했다.12일 코스피지수는 전 거래일(1935.40)보다 3.22포인트(0.17%) 오른 1938.62에 출발한 뒤에 바로 반락한 뒤 하락 구간을 맴돌다 13.23포인트(0.68%) 내린 1922.17에 마감했다.이날 지수는 이태원 클럽 확진자로 인해 줄어들던 신규 확진자 수가 다시 늘어나자 코로나19 재확산 우려로 투자심리가 위축된 것으로 풀이된다.유가증권시장에서 개인은 이날 6065억원을 홀로 순매수하며 지수의 낙폭 확대를 방어했다. 반면 외국인과 기관 투자자들은 각각 3116억원 2987억원을 순매도하며 지수를 끌어내렸다.업종별로는 대체로 하락세를 보였다. 이날 통신업(2.18%), 음식료품(1.69%), 서비스업(1.34%), 의약품(0.88%)를 제외한 모든 업종이 하락했다. 철강금속, 섬유의복, 건설업, 기계, 운송장비, 은행은 2%대로 크게 내렸다. 그 밖에 화학, 증권, 전기가스업, 보험, 운수창고, 유통업, 금융업, 비금속광물도 1%대로 하락했다.시가총액 상위 10개 종목들은 희비가 교차했다. 이날 시총 1위 대장주 삼성전자가 전날 대비 500원(1.03%) 내린 4만7900원에 거래를 마쳤다. 상승한 종목은 네이버(2.33%), SK하이닉스(1.42%), 삼성바이오로직스(1.02%), 셀트리온(0.24%)이다. 반면 내린 종목은 삼성전자를 제외하고 LG화학(-2.45%), 삼성물산(-2.44%), 현대차(-1.92%), LG생활건강(-1.18%), 삼성SDI(-1.05%) 등이 있다.증권가에서는 이날 코스피의 부진에 코로나19 재확산 우려와 미중 무역분쟁 이슈 등이 영향을 줬다고 분석했다.서상영 키움증권 연구원은 ""이날 국내증시는 추가적인 코로나19 확산 우려로 매물 출회되며 하락했다""며 ""더 나아가 트럼프가 중국과의 재 협상은 없다고 주장하고, 나바로, 폼페이오 등이 코로나에 대한 중국의 책임을 물어야 한다고 언급하는 등 미국과 중국의 마찰 심화 또한 부정적 요인으로 작용했다""고 말했다.이날 코스닥지수는 전 거래일(685.04)보다 0.83포인트(0.12%) 내린 684.21에 마감했다. 지수는 전날보다 2.44포인트(0.36%) 오른 687.48에 출발한 뒤 장 중 하락구간과 상승구간을 오다가 내림세로 거래를 마쳤다.코스닥 시장에서 개인은 1316억원을 순매수했으며 외국인과 기관은 각각 1015억원, 268억원을 팔아치웠다.시가 총액 상위 종목들은 혼조세를 보였다. 씨젠(6.78%), 셀트리온제약(3.49%), 펄어비스(2.62%), 알테오젠(2.55%), 셀트리온헬스케어(1.13%), 스튜디오드래곤(0.13%) 등이 올랐다. 반면, 에이치엘비(-8.27%), CJ ENM(-3.42%), 케이엠더블유(-0.82%), SK머티리얼즈(-0.48%) 등이 내렸다. jey@newsis.com<ⓒ 공감언론 뉴시스통신사. 무단전재-재배포 금지>",/news/news_read.nhn?article_id=0009858423&office_id=003&mode=search&query=LG생활건강&page=1
"코스피 0.68% 내린 1922.17, 코스닥 0.12% 내린 684.21달러/원 환율 4.3원 오른 1224.8원","(서울=뉴스1) 박응진 기자 = 12일 코스피는 외국인과 기관의 동반 순매도에 1920선으로 밀렸다. 코스닥도 소폭 내렸다. 시간외 뉴욕 증시 지수 선물이 떨어진 게 영향을 미쳤다. 서울 이태원 클럽발(發) 신종 코로나바이러스 감염증(코로나19) 재확산 우려 등도 반영된 것으로 풀이된다. 이날 코스피는 전날(11일)과 비교해 13.23포인트(0.68%) 떨어진 1922.17로 마감했다. 2거래일 연속 하락 마감이다. 외국인과 기관이 각각 3113억원, 2990억원 순매도했고, 개인이 홀로 6064억원 순매수했다. 이날로 외국인과 기관은 2거래일 연속 순매도, 개인은 2거래일 연속 순매수했다.코스피 시가총액 상위 10개 종목 중 NAVER(2.33%), SK하이닉스(1.42%), 삼성바이오로직스(1.02%), 셀트리온(0.24%)은 상승했고, LG화학(-2.45%), 삼성전자우(-1.57%), 현대차(-1.92%), LG생활건강(-1.18%), 삼성SDI(-1.05%), 삼성전자(-1.03%)는 하락했다.업종별로 보면 통신업(2.18%), 음식료업(1.69%), 서비스업(1.34%), 의약품(0.88%)은 올랐고, 철강금속(-2.54%), 섬유의복(-2.51%), 건설업(-2.15%), 기계(-2.12%), 운수장비(-2.07%) 등은 떨어졌다.코스닥은 전날 대비 0.83포인트(0.12%) 하락한 684.21로 마감했다. 5거래일만에 하락세로 전환한 것이다. 외국인과 기관이 각각 1015억원, 266억원 순매도했고, 개인이 홀로 1315억원 순매수했다. 코스닥 시가총액 상위 10개 종목 중 씨젠(6.78%), 셀트리온제약(3.49%), 펄어비스(2.62%), 알테오젠(2.55%), 셀트리온헬스케어(1.13%), 스튜디오드래곤(0.13%)은 올랐고, 에이치엘비(-8.27%), CJ ENM(-3.42%), 케이엠더블유(-0.82%), SK머티리얼즈(-0.48%)는 떨어졌다. 업종별로는 디지털컨텐츠(2.29%), 제약(1.65%), IT소프트웨어(1.48%), 의료·정밀(1.18%) 등이 올랐고, 운송장비(-5.14%), 비금속(-2.07%), 방송서비스(-1.93%), 출판·매체(-1.84%) 등은 내렸다. 서울외환시장에서 달러/원 환율은 전날보다 4.3원 오른 1224.8원으로 거래를 마쳤다. 서상영 키움증권 연구원은 이날 국내 증시의 하락 배경으로 Δ코로나19 재확산 우려 Δ미중 무역갈등 재점화 가능성 Δ지난 4월 중국의 생산자물가지수 전년 동기 대비 3.1% 하락 등을 꼽았다. 서 연구원은 낙폭이 다소 축소된 데 대해서는 ""이태원발 3차 감염이 없다는 정부 발표 때문으로 추정된다. 이는 코로나19 재확산 우려를 완화시켰다""고 분석했다.pej86@news1.kr© 뉴스1코리아(), 무단 전재 및 재배포 금지",/news/news_read.nhn?article_id=0004633759&office_id=421&mode=search&query=LG생활건강&page=1
"현대리바트 홀로 상한가 기록…코스닥, 5거래일 만에 하락","코스피가 12일 외국인과 기관의 동반 매도에 1920원선으로 후퇴했다.이날 코스피는 전 거래일 대비 13.23포인트(0.68%) 내린 1922.17로 장을 마감했다.지수는 전장보다 3.22포인트(0.17%)오른 1938.62에 장을 출발했다. 이후 신종 코로나바이러스 감염증(코로나19) 우려와 도널드 트럼프 대통령의 ""미·중 무역합의 재협상 관심 없다""는 발언으로 인한 양국 간 무역갈등이 고조되면서 9시 50분 1905.17까지 떨어졌다.이후 지수는 등락을 반복하다 오후 2시 46분 1936.06까지 올라간 뒤 장 막판 다시 떨어져 1920선에서 장을 마쳤다.이날 유가증권시장 하락을 이끈 것은 외국인과 기관의 매도세였다. 외국인은 이날 1722억원을 팔았고, 기관은 2962억원을 매도했다. 개인은 4749억원을 순매수했다.시가총액 상위 종목은 삼성전자(-1.03%), 삼성전자우(-1.57%), LG화학(-2.45%), LG생활건강(-1.18%), 현대차(-1.92%), 삼성SDI(-1.05%) 등이 하락했다.반면, 삼성바이오로직스(1.02%), 네이버(2.33%), 셀트리온(0.24%), 카카오(3.37%) 등 바이오와 언택트 관련주는 상승세를 탔다.업종별로는 철강·금속(-2.54%), 섬유·의복(-2.51%), 건설업(-2.15%), 기계(-2.12%), 운수·장비(-2.07%), 은행(-2.06%) 등이 약세였다. 강세를 보인 업종은 통신업(2.18%), 음식료업(1.69%), 서비스업(1.34%), 의약품(0.88%) 등이다.총 671개 종목이 하락했고, 183개 종목이 상승했다. 이 가운데 현대리바트는 유일하게 상한가를 기록했다. 거래량은 78만3906주, 거래대금은 9조5041억원이다.코스닥지수는 전장보다 0.83포인트(0.12%) 내린 684.21로 마감했다. 5거래일 만에 하락전환이다. 지수는 전일 대비 2.44포인트 오른 687.48로 장을 시작해 코스피와 비슷한 움직임을 보였다.외국인과 기관은 이날 코스닥 시장에서 각각 6420억원과 3037억원을 매도했다. 개인은 1조4137억원 순매수했다.시가총액 상위 종목 가운데 에이치엘비(-8.27%), CJ ENM(-3.42%), 케이엠더블유(-0.82%), SK머티리얼즈(-0.48%) 등이 하락했다. 셀트리온헬스케어(1.13%), 펄어비스(2.62%), 셀트리온제약(3.49%), 씨젠(6.78%) 등의 주가는 올랐다.데일리안 김민석 기자 (kms101@dailian.co.kr)ⓒ (주)데일리안 - 무단전재, 변형, 무단배포 금지",/news/news_read.nhn?article_id=0002401138&office_id=119&mode=search&query=LG생활건강&page=1
코스피 약세…0.68% 내린 1922.17 마감,"[더팩트ㅣ박경현 기자] 12일 국내증시가 이틀 연속 이어진 외국인과 기관의 매도세에 하락장을 기록했다.이날 코스피는 전장 대비 13.23포인트(-0.68%) 내린 1922.17에 장을 마쳤다. 외국인과 기관은 매도포지션을 취해 각각 3111억 원, 2987억 원을 팔아치운 가운데 개인 홀로 6065억 원을 사들였다.시가총액 상위종목 주가는 엇갈렸다. 삼성전자(-1.03%), 삼성전자우(-1.57%), LG화학(-2.45%), LG생활건강(-1.18%), 현대차(-1.92%), 삼성SDI(-1.05%)는 하락했다. 반면 SK하이닉스(+1.42%), 삼성바이오로직스(+1.02%), 네이버(+2.33%), 셀트리온(+0.24%)은 상승하며 장을 마쳤다.이날 업종은 게임엔터테인먼트, 건강관리업체 및 서비스, 생명과학도구 및 서비스가 4~5%가량 올랐다. 반면 사무용전자제품, 가정용기기와 용품, 교육서비스, 조선, 디스플레이패널은 3~4%가량 내렸다.코스닥은 전날과 같이 개인투자자가 매수포지션을 유지했지만 외국인과 기관의 동반 매도가 커지며 약보합 마감했다. 코스닥은 전장대비 0.83포인트(-0.12%)내린 684.21에 장을 마쳤다.이날 개인은 1315억 원가량 사들인 가운데 외국인과 기관은 각각 997억 원, 267억 원을 순매도했다.코스닥 시가총액 상위종목 주가 역시 엇갈렸다. 셀트리온헬스케어(+1.13%), 셀트리온제약(+3.49%), 씨젠(+6.78%), 알테오젠(+2.55%), 스튜디오드래곤(+0.13%)은 오른 반면, 에이치엘비(-8.27%), CJ ENM(-3.42%), 케이엠더블유(-0.82%), SK머티리얼즈(-0.48%)는 내렸다.pkh@tf.co.kr저작권자 ⓒ 특종에 강한 더팩트 & tf.co.kr 무단 전재 및 재배포 금지",/news/news_read.nhn?article_id=0000025479&office_id=629&mode=search&query=LG생활건강&page=1
,"[머니투데이 장시복 기자] [편집자주] 온라인 쇼핑이 급성장하면서 가장 주목받는 업체는 어딜까. 로켓배송의 쿠팡도, 국내 1위 e커머스 이베이도 아니다. 바로 검색공룡 네이버다. 네이버는 상품검색부터 가격비교, 간편결제까지 가장 강력한 쇼핑 플랫폼을 구축, 온라인 쇼핑 수요를 빨아들이고 있다. 주요 e커머스업체들도 네이버 가두리 안에서 경쟁을 펼치는 존재로 전락했다. 네이버를 통하지 않으면 장사하기 어렵다는 말이 나온다. 네이버 자체 스마트스토어(오픈마켓)도 급성장 중이다. 온라인 쇼핑의 최상위 포식자로 부상한 '쇼핑공룡' 네이버를 분석해본다.[[MT리포트-""쇼핑도 네이버로 통한다"" 쇼핑공룡 네이버]작년 최다 결제액 기록...코로나 사태로 'e커머스 춘추전국시대' 평정나서]""코로나 19(COVID) 확산은 마케팅 수요 감소 측면에서 위기지만, 비대면(언택트) 서비스 활성화 측면에서는 기회 요인으로 보입니다.""한성숙 네이버 대표가 올 1분기 실적 발표에서 '기회'를 자신할 수 있던 배경에는 쇼핑 사업의 급성장이 자리잡고 있다. 한 대표는 ""사회적 거리 두기의 영향으로 오프라인 활동이 줄어들며 온라인 쇼핑에 대한 니즈가 크게 늘었다""고 강조했다.실제 올 1분기 네이버 쇼핑몰 스마트 스토어 거래액은 지난해 같은 기간에 견줘 56% 뛰었고, 네이버 페이(간편결제 서비스) 거래액도 46% 늘었다. 지난 3월 스마트 스토어 사용자수는 1000만명을 돌파했다.유통 업계에선 2012년 '샵N'으로 국내 e커머스 시장에 발을 내디딘 네이버가 e커머스 시장에 대한 의욕을 드러낸 상징적 선언으로 보고 있다.그간 '독점적 시장 지배력'에 대한 외부 견제로 조용히 사업을 키워온 네이버가 코로나 사태를 계기로 'e커머스 춘추전국시대' 평정을 위한 본격 채비에 나섰다는 평가다.실제 최근 온·오프를 막론하고 유통 업체들이 저마다 가장 위협적인 경쟁자로 꼽는 건 쿠팡·이베이코리아나 롯데ON도 아닌 바로 네이버 쇼핑이다.무엇보다 '국민 검색 포털'이라 불릴 정도로 막강한 배후 수요를 확보한 게 가장 큰 위협 요소다. 네이버 검색 창에서 상품명만 입력하면 소상공인 제품부터 해외 직구까지 가리지 않고 최저가 순으로 깔끔히 나열된다.소비자 입장에선 굳이 개별 온라인 쇼핑몰에서 일일이 발품을 들이지 않더라도, 한번에 편리하게 구매할 수 있는 셈이다.그러나 그만큼 외부 쇼핑 업체들은 네이버 쇼핑이라는 '최상위 포식자' 주도의 생태계 안에서 불가피하게 '적과의 동침'을 할 수 밖에 없어 속앓이를 하고 있다.쇼핑 검색을 통해 판매가 이뤄질 경우, 고객 데이터와 함께 매출 연동 수수료(2%)를 지불해야 한다. 생태계 밖은 더 위험하다. 이에 대해 네이버 측은 ""검색 사용자 만족도를 높이기 위한 데이터베이스 확보와 소상공인 지원이 주목적""이라고 항변한다.갖가지 논란 속에서도 '온라인 쇼핑 제국' 네이버의 영향력은 갈수록 높아지고 있다. 모바일 시장조사업체 와이즈앱에 따르면 지난해 국내에서 가장 많은 결제가 발생한 온라인 서비스는 네이버(20조9249억원)로 추정됐고, 그 뒤를 쿠팡(17조771억원), 이베이코리아(16조9772억원)가 이었다.이어 올 1분기 네이버를 통한 결제액은 5조8000억원 규모로, 지난해 같은 기간에 비해 32% 급증했고, 특히 지난 3월 네이버 결제 금액은 역대 최대인 2조3000원을 기록했다. 와이즈앱 관계자는 ""코로나 사태로 인해 네이버 쇼핑 등 이용자가 급증했다는 의미""라고 설명했다.증권가에서도 쇼핑 사업은 네이버 주가에 '호재'로 인식된다. 김소혜 한화투자증권 연구원은 ""네이버쇼핑과 페이 거래액 성장세는 이번 올 2분기에도 지속될 것""이라며 네이버 목표 주가를 기존 24만원에서 28만원으로 상향 조정키도 했다.네이버 쇼핑을 엄호 사격해 주는 강력한 무기는 간편 결제 서비스 '네이버 페이'다. 시너지 효과도 톡톡히 누리고 있다. 네이버페이 포인트를 5만원 이상 충전 1.5%를 즉시 적립해 주는 서비스로 많은 고객을 유인했다.올 들어 비장의 무기도 계속 추가 탑재하고 있다. 지난 3월 CJ제일제당 등 제조업 대기업이나 특정 브랜드가 직접 입점할 수 있는 '브랜드 스토어'까지 도입했다.쿠팡(로켓배송) 등 경쟁자에 비해 '빠른 배송' 부재가 상대적 약점으로 지목되자, 국내 최대 택배업체 CJ대한통운의 '풀필먼트'(일괄물류서비스) 시스템을 활용키로 했다. LG생활건강 등 브랜드 스토어에 입점한 제품을 24시간 안에 받아볼 수 있도록 한 것이다. 최근 쇼핑 트렌드인 '라이브 커머스'를 활용한 네이버 셀렉티브 등 새로운 시도에도 적극적이다.결정타는 다음달 선보일 유료 회원제 '네이버플러스 멤버십'이다. 가입시 네이버 쇼핑·웹툰·예약 등의 서비스를 이용할 때, 네이버 페이로 결제하면 최대 5%를 포인트로 적립해 준다. 미국 최대 e커머스 업체 아마존의 유료 회원제 '아마존 프라임'과 비슷해 네이버가 '한국판 아마존' 사수 작업에 들어갔다는 분석이 나온다.카카오가 국내 최대 메신저 플랫폼을 기반으로 선물하기 등 '톡비즈' 사업을 키우고, 구글도 쇼핑 서비스를 무료로 개방하겠다는 입장이어서 e커머스 업계의 경계없는 전쟁은 더 확전될 공산이 크다. 일부 온라인 쇼핑몰 업체들의 매각설이 도는 것도 ""네이버가 더 들어오기 전에 빠지자""는 속내가 작용했다는 관측도 나온다.유통 업계 관계자는 ""네이버 쇼핑은 막대한 수수료와 광고 수익도 누리지만, 누적된 빅데이터와 AI(인공지능 기술)를 통해 수익 모델을 무한 확장할 수 있다는 게 무섭다""며 ""네이버의 시장 장악은 사실 시간 문제로, 지금 추세라면 별도 규제가 없는 한 기존 e커머스 업체들의 종속 현상이 심화할 가능성이 크다""고 했다.장시복 기자 sibokism@
<저작권자 ⓒ '돈이 보이는 리얼타임 뉴스' 머니투데이, 무단전재 및 재배포 금지>",/news/news_read.nhn?article_id=0004407608&office_id=008&mode=search&query=LG생활건강&page=1
▶ 네이버 홈에서 [한국경제TV] 채널 구독하기 [생방송보기]▶ 대한민국 재테크 총집결! - [증권 / 주식상담 / 부동산],"[한국경제TV 신재근 기자]코스피가 코로나19 재확산과 미중 무역갈등 고조에 따른 경기 회복 지연 불안감으로 연이틀 하락했다.12일 코스피는 전 거래일 대비 13.23포인트(-0.68%) 내린 1,922.17에 거래를 마쳤다.국내에서 코로나19 재확산 움직임이 감지되고 있고, 중국의 4월 생산자 물가지수가 전년 동기 대비 3.1% 하락했다는 소식이 투자심리를 위축시켰다.여기에 도널드 트럼프 미 대통령이 11일(현지시간) 미·중 1단계 무역합의 재협상과 관련, ""관심이 없다""라고 말한 점도 경기 회복 기대감을 꺾는 데 일조했다.이로 인해 외국인은 이날도 유가증권시장에서 3,116억원어치 주식을 팔아치웠고 기관도 2,990억원을 순매도했다.반면 개인(6,068억원 순매수)은 외국인과 기관이 매도한 물량을 담았다.업종별로는 1분기 역대 최대 매출을 기록한 엔씨소프트(6.87%)를 중심으로 서비스업(1.34%) 이 강세를 보였고 경기에 민감한 화학(-1.95%)과 전기·전자(-0.58%), 철강·금속(-2.54%)은 약세를 기록했다.코스피 시가총액 상위 종목에서는 SK하이닉스(1.42%)와 삼성바이오로직스(1.02%), NAVER(2.33%), 셀트리온(0.24%)이 올랐다.삼성전자(-1.03%)와 LG화학(-2.45%), LG생활건강(-1.18%), 현대차(-1.92%), 삼성SDI(-1.05%), 삼성물산(-2.44%)은 하락했다.코스닥은 소폭 내렸다.코스닥지수는 전장보다 0.83포인트(-0.12%) 내린 684.21에 장을 마쳤다.코스피와 마찬가지로 외국인(1,015억원 순매도)과 기관(266억원 순매도)의 동반 매도가 이어진 가운데 개인(1,315억원 순매수)은 매수우위를 보였다.업종에서는 한국판 뉴딜 정책 기대감에 디지털컨텐츠(2.29%)와 소프트웨어(1.10%)가 이날도 두각을 나타냈다.코스닥 시총 상위 10개 종목 가운데선 셀트리온헬스케어(1.13%)와 펄어비스(2.62%), 셀트리온제약(3.49%), 씨젠(6.78%), 알테오젠(2.55%), 스튜디오드래곤(0.13%)이 올랐고 에이치엘비(-8.27%), CJ ENM(-3.42%), 케이엠더블유(-0.82%), SK머티리얼즈(-0.48%)는 하락했다.서울 외환시장에서 원/달러 환율은 전날보다 4.3원 오른 달러당 1,224.8원에 종가가 결정됐다.신재근기자 jkluv@wowtv.co.krⓒ 한국경제TV, 무단 전재 및 재배포 금지",/news/news_read.nhn?article_id=0000870254&office_id=215&mode=search&query=LG생활건강&page=1
"제일제당, 식문화 트렌드 변화에가정간편식 등 제품 업그레이드대한통운 ‘풀필먼트’ 24시간 배송물류연구소는 자율운송 기술개발","CJ그룹은 코로나19 위기를 오히려 기회로 활용해 혁신을 앞당기겠다는 방침이다. 이른바 '포스트 코로나' 시대를 대비한 패러다임을 미리 구축하는 등 선제적으로 대응하겠다는 방침이다.
 CJ의 주요 계열사 중 하나인 CJ제일제당은 코로나19로 인해 강화된 집밥 문화, 온라인 구매 성향, 가정간편식(HMR) 트렌드에 맞게 제품을 업그레이드 하고 있다. CJ제일제당 남성호 트렌드전략팀장은 ""경제적·사회적 이슈는 물론 소비자의 생활 방식과 소비 패턴 변화가 식문화 트렌드에 큰 영향을 끼치고 있다""면서 ""특히 올해 코로나19 영향으로 HMR에 대한 취식 경험이 새로 생기거나 늘었고, 이는 향후 소비 확대로 이어질 전망""이라고 말했다.
 실제 CJ제일제당의 수산HMR 제품인 '비비고 생선구이'의 지난 3월 매출은 2월 대비 두 배 이상 성장했다. 판매량으로는 41만개를 넘었다. 코로나19로 인해 집밥을 먹는 횟수가 늘면서 더욱 다양한 메뉴에 대한 요구가 높아졌기 때문이다.
 어묵 소비도 늘면서 제품을 리뉴얼했다. 지난 3월 국내 어묵 시장은 약 363억원을 기록, 전년 동기 대비 30.8% 성장했다. 통상적으로 어묵은 날씨가 따뜻해지는 3월부터 매출이 줄어든다는 점을 감안하면 이례적이다. CJ제일제당은 이런 트렌드를 반영, 요리 소재로 선호하는 '삼호 부산어묵'과 집에서 간단히 안주로 즐기기 좋은 '삼호어묵 오뎅한그릇'을 리뉴얼 출시했다.
 CJ대한통운은 퇴근 네이버와 손을 잡고 LG생활건강 제품을 24시간 배송해주는 '풀필먼트' 서비스를 시작했다. 네이버 스토어에서 LG생활건강 상품을 주문하면 CJ대한통운 곤지암 메가허브 풀필먼트 센터에서 곧바로 상품이 출고돼 전국에 배송된다. 자정까지 주문하면 12시간 내에도 받아볼 수 있다.
 코로나19를 계기로 이커머스 시장 규모가 더욱 빠르게 확대될 것으로 예상되는 상황에서 선제적으로 시장에 대응하기로 한 것이다.
 이어 CJ대한통운은 최근 기존 물류연구소를 TES물류기술연구소로 변경했다. TES물류기술연구소는 최근 급성장하는 비대면 비즈니스와 라스트마일 서비스에 효과적으로 대응하기 위한 기술개발과 컨설팅의 중심 역할을 담당하게 된다.
 CJ푸드빌은 일부 외식매장의 포장 메뉴를 네이버 스마트주문으로 할 수 있도록 했다. 네이버에서 픽업할 빕스, 계절밥상, 제일제면소, 더플레이스 매장을 검색한 후 '포장' 탭으로 들어가 원하는 메뉴를 고르고 결제하면 된다. 준비 시간 알림에 맞춰 매장을 방문해 메뉴를 바로 가져가면 된다. 코로나19로 인해 오프라인 외식매장 방문 자체가 줄어든 상황에서 고객들이 안심하며 비대면으로 포장 서비스를 이용할 수 있도록 한 것이다. 코로나19 시대가 끝난다 해도 매장의 주요 매출원으로 자리잡을 수 있다.

 ※ 저작권자 ⓒ 파이낸셜뉴스. 무단 전재-재배포 금지",/news/news_read.nhn?article_id=0004423283&office_id=014&mode=search&query=LG생활건강&page=1
엔씨소프트 657억 원 매수·삼성전자 960억 원 매도,"[더팩트ㅣ박경현 기자] 12일 코스피는 전날에 이은 외국인과 기관의 매도세에 하락하며 1920선에 마감했다.코스피에서 외국인과 기관은 각각 3111억 원, 2987억 원을 팔아치운 가운데 개인 홀로 6065억 원을 사들였다. 코스닥은 코스피에 비해 비교적 낮은 하락폭을 기록하며 약보합 마감했다.이날 코스피시장 외국인투자자의 최대매수는 엔씨소프트로 향했다. 외인은 엔씨소프트 657억 원을 사들인데 이어 카카오 372억 원, 삼성바이오로직스 205억 원, 삼성SDI 184억 원을 순매수했다.반면 삼성전자는 960억 원가량 팔아치웠다. 또한 LG화학 424억 원, 삼성전자우 421억 원, 현대차 189억 원, 포스코(POSCO) 148억 원을 순매도했다.코스닥 시장에서는 씨젠(221억 원), 아이티엠반도체(39억 원), 원익IPS(25억 원)를 사들인 반면 에이치엘비(440억 원), 셀트리온제약(91억 원), 에이치엘비생명과학(53억 원)을 팔았다.기관투자자는 이날 SK하이닉스에 815억 원가량을 사들였다. 이어 SK 112억 원, 호텔신라 95억 원, 삼성바이오로직스 93억 원가량을 담았다.반면 삼성전자는 1566억 원을 팔았다. 또한 카카오 257억 원, 삼성SDI 177억 원, 현대차 149억 원, 에쓰오일(S-Oil) 134억 원 순으로 순매도했다.이날 시가총액 상위종목 주가는 엇갈렸다. 삼성전자(-1.03%), 삼성전자우(-1.57%), LG화학(-2.45%), LG생활건강(-1.18%), 현대차(-1.92%), 삼성SDI(-1.05%)가 하락했다. 반면 SK하이닉스(+1.42%), 삼성바이오로직스(+1.02%), 네이버(+2.33%), 셀트리온(+0.24%)은 상승하며 장을 마쳤다.pkh@tf.co.kr저작권자 ⓒ 특종에 강한 더팩트 & tf.co.kr 무단 전재 및 재배포 금지",/news/news_read.nhn?article_id=0000025490&office_id=629&mode=search&query=LG생활건강&page=1
,"[서울=뉴시스] 이진영 기자 = 네이버 자회사 스노우는 라이브 퀴즈쇼 잼라이브가 비대면 문화 부상과 함께 새로운 사내방송 솔루션으로 주목받고 있다고 12일 밝혔다. 잼라이브가 최근 새롭게 선보인 ‘사내방송’은 각 회사의 신규 서비스 론칭, 내부 교육, 워크샵 등에 대한 콘텐츠를 잼라이브만의 유쾌한 퀴즈쇼를 통해 진행하는 코너다. 기존 잼라이브 퀴즈쇼처럼 경품과 상금이 주어지는 것도 동일하다.실제 신한생명은 최근 사회적 거리두기 캠페인에 동참하는 의미와 디지털 시대 트렌드에 맞게 창립 30주년 임직원 행사와 영업대상 시상식 퀴즈쇼를 잼라이브를 통해 진행했다.앞서 잼라이브 사내방송은 삼성전자 갤럭시 판매사원 대상 교육방송, 메트라이프 임직원 대상 연말 행사, LG생활건강 면세점 카운셀러 방송, 현대자동차그룹 임직원 대상 사내방송, SK그룹 ‘마이써니’ 이름 짓기 공모 행사 등과 협업해 다양한 비대면 사내행사를 진행한 바 있다.스노우 관계자는 ""다소 딱딱해보일 수 있는 사내방송, 교육 등에 퀴즈쇼라는 독특한 포맷을 결합한 것이 기업 참여자들로부터 좋은 반응을 얻고 있다""며 ""사내에서도 언택트가 격려되는 시기적인 상황과 디지털 시대에 걸맞은 서비스를 제공할 수 있도록 노력하겠다""고 말했다. mint@newsis.com<ⓒ 공감언론 뉴시스통신사. 무단전재-재배포 금지>",/news/news_read.nhn?article_id=0009858718&office_id=003&mode=search&query=LG생활건강&page=1
,"외국인 투자자는 12일 거래소에서 엔씨소프트, 카카오, KODEX 코스닥 150 등을 중점적으로 사들인 것으로 나타났다.외국인 투자자의 순매수 상위 20개 종목은 엔씨소프트, 카카오, KODEX 코스닥 150, KODEX 200, 삼성바이오로직스, 삼성SDI, LG이노텍, LG생활건강, 농심, 오리온등이다.이중에 전기,전자 업종에 속한 종목이 3개 포함되어 있다.엔씨소프트, 카카오, 삼성바이오로직스 등은 전일 대비 주가가 상승했고, KODEX 코스닥 150, KODEX 200, 삼성SDI 등은 주가가 하락했다.한경로보뉴스이 기사는 한국경제신문과 금융 AI 전문기업 씽크풀이 공동 개발한 기사 자동생성 알고리즘에 의해 실시간으로 작성된 것입니다.▶ ▶
 ▶
ⓒ 한국경제 & , 무단전재 및 재배포 금지",/news/news_read.nhn?article_id=0004339292&office_id=015&mode=search&query=LG생활건강&page=1
