head,text,url
,"LG생활건강의 페리오가 대나무 숯을 함유한 ‘토탈7 블랙차콜 어드밴스’ 치약과 자연 성분의 '토탈7 와이드액션 차콜/그린티' 칫솔을 선보였습니다.
토탈7 블랙차콜 어드밴스는 토탈7 치약의 특장점에 청정 프리미엄 대나무로 만든 숯인 활성탄 성분을 더했습니다.
회사 측은 치아를 깔끔히 세정해주고 하얀 치아를 오랫동안 유지할 수 있는 ‘브라이트닝’ 효과를 제공한다고 설명합니다.
특히 국내 치과대학 임상에서 프라그, 치태가 87% 제거되는 효과와 잇몸 염증 지수가 3.6배 개선되는 효과를 확인했습니다.
[ 이상범 기자 / boomsang@daum.net ]< Copyright ⓒ MBN(www.mbn.co.kr) 무단전재 및 재배포 금지 >",/news/news_read.nhn?article_id=0001454385&office_id=057&mode=search&query=LG생활건강&page=2
,"LG생활건강 페리오가 대나무 숯을 함유한 ‘토탈7 블랙차콜 어드밴스 치약’과 ‘토탈7 와이드액션 차콜·그린티’ 칫솔(사진)을 내놓았다. ‘토탈7 블랙차콜 어드밴스 치약’은 토탈7 치약의 특장점에 대나무로 만든 숯(활성탄) 성분을 더해 치아를 깔끔히 세정해주고 하얀 치아를 오랫동안 유지해준다. ‘토탈7 와이드액션 차콜·그린티’ 칫솔은 0.01㎜ 초극세모에 대나무로 만든 숯 성분과 제주 녹차 추출물을 담아 건강하고 기분 좋은 양치를 돕는다.정정욱 기자 jjay@donga.com / - Copyrights ⓒ
무단 전재 및 재배포 금지 -",/news/news_read.nhn?article_id=0000820155&office_id=382&mode=search&query=LG생활건강&page=2
"개인, 기관 동반 순매수에도 시총 상위株↓한미약품, 기술계약 해지 소식에 8%대 하락","[이데일리 최정희 기자] 코스피 지수가 1%대 하락 출발했다. 신종 코로나 바이러스 감염증(코로나19) 재확산 우려와 경기침체, 미국과 중국간 갈등 등에 투자심리가 악화된 영향이다. 14일 마켓포인트에 따르면 코스피 지수는 이날 오전 9시 3분 현재 전 거래일보다 19.57포인트, 1.01% 하락한 1920.85에 거래되고 있다. 간밤 3대 뉴욕증시는 1~2%대 하락했다. 도널드 트럼프 미 대통령이 코로나의 원인으로 또 다시 중국을 지목한 데다 제롬 파월 미국 연방준비제도(Fed·연준) 의장이 마이너스 금리는 고려하지 않는다면서도 경제에 상당한 하방 위험이 있다고 밝혔다. 미국 증시에서 악화된 투자심리가 코스피 장 초반에도 영향을 미치고 있는 것으로 풀이된다. 수급은 안정적이다. 개인과 기관은 각각 208억원, 154억원 순매수하고 있다. 연기금 등은 102억원, 금융투자는 88억원 순매수를 기록했다. 반면 보험, 투신, 사모펀드, 기타법인 등은 매도세를 보이고 있다. 프로그램매매는 차익과 비차익을 합해 25억원 가량 순매수다. 원-달러 환율은 전 거래일보다 5원 가까이 오른 1228원대에 거래되고 있다. 시가총액 상위 종목들은 하락 우위다. 삼성전자(005930)가 1%대, SK하이닉스(000660)가 2%대 하락하고 있다. 삼성바이오로직스(207940), 네이버(035420), 셀트리온(068270), LG화학(051910), 현대차(005380), 카카오(035720), 삼성물산(028260), SK텔레콤(017670)이 약세다. 반면 LG생활건강(051900)은 강보합권에서 거래되고 있고 삼성SDI(006400)와 엔씨소프트(036570)는 각각 1%대, 3%대 상승하고 있다. 한국전력(015760)도 1%대 상승중이다. 개별 종목으로 보면 한미약품(128940)은 해외 제약사로부터 기술이전 계약이 해지되면서 8%대 하락하고 있다. 업종별로는 전기가스업을 제외한 나머지 업종이 모두 하락세다. 섬유의복, 철강금속, 전기전자, 건설업 등이 1%대 하락하고 의료정밀, 유통업, 운수창고, 비금속광물, 화학, 의약품 등이 약세다.최정희 (jhid0201@edaily.co.kr)＜ⓒ종합 경제정보 미디어 이데일리 - 무단전재 & 재배포 금지＞",/news/news_read.nhn?article_id=0004639750&office_id=018&mode=search&query=LG생활건강&page=2
"외인·기관, 코스피서 순매도 중…코스닥도 소폭 내려","[아이뉴스24 류은혁 기자] 코스피가 1% 가까이 하락하며 1920대에서 하락 출발했다. 간밤 뉴욕 증시가 코로나19 사태로 인한 경기침체가 길어질 수 있다는 제롬 파월 미 연방준비제도(Fed·연준) 의장의 발언에 하락한 것이 국내 증시에 악재로 작용하고 있다.14일 코스피지수는 전 거래일보다 17.98포인트(0.93%) 내린 1922.44에 거래를 시작해 오전 9시10분 현재 20.98포인트(1.08%) 하락한 1919.44에 거래되고 있다.개인이 750억원 순매수 중이며 외국인과 기관은 각각 537억원, 205억원 순매도 중이다.앞서 파월 의장은 13일(현지시간) 싱크탱크 피터슨국제경제연구소(PIIE) 화상연설에서 2차 세계대전 이후 어떤 시기보다도 심각한 침체에 직면했다고 장기침체 가능성을 거론하면서 투자자들의 우려를 키웠다. 이날 미국 증시에선 다우존스30 산업평균지수는 2.17% 하락했고 스탠더드앤드푸어스(S&P) 500지수와 나스닥지수도 각각 1.75%, 1.55% 내렸다.이날 코스피에서 시가총액 상위 10종목은 LG생활건강(0.28%), 삼성SDI(0.97%)를 제외하고 하락세를 보이고 있다. 삼성전자 –1.54%, SK하이닉스 –1.91%, 삼성바이오로직스 –0.65%, NAVER –1.60%의 하락률을 보이고 있다.코스닥지수는 전 거래일보다 3.61포인트(0.52%) 내린 687.92에 장을 시작해 오전 9시 10분 현재 1.89포인트(0.27%) 하락한 689.64에 거래되고 있다. 외국인이 125억원 순매수 중인 반면 개인과 기관이 각각 38억원, 50억원 순매도하고 있다.시가총액 상위 10종목은 혼조세를 보이고 있다. 에이치엘비(2.04%), 씨젠(3.73%), 알테오젠(0.55)이 상승세인 반면 셀트리온헬스케어 –0.54%, 셀트리온제약 –2.59%, 펄어비스 –2.19%의 하락세를 보이고 있다. ehryu@inews24.com [ⓒ 아이뉴스24 무단전재 및 재배포 금지]",/news/news_read.nhn?article_id=0000538237&office_id=031&mode=search&query=LG생활건강&page=2
,"코스피 시가총액 상위 종목 대부분은 내림세다. LG생활건강(0.14%)과 삼성SDI(1.13%)만 상승세를 보였다. 반면삼성전자(-1.75%), SK하이닉스(-2.27%), 삼성바이오로직스(-0.81%), 네이버(-1.22%), 셀트리온(-0.47%), LG화학(-0.43%), 현대차(-0.86%)는 하락세다.코스닥 지수는 전 거래일보다 2.69포인트(0.37%) 하락한 688.94에 장을 출발했다. 외국인 홀로 363억원을 순매수하고 개인과 기관이 각각 1억원, 66억원을 순매도하고 있다.코스닥 시가총액 상위 종목은 혼조세다. 셀트리온헬스케어(-1.08%), 셀트리온제약(-2.71%), 펄어비스(-2.58%), CJ ENM(-0.79%), 케이엠더블유(-1.35%)는 하락세다. 반면 에이치엘비(1.65%), 씨젠(8.07%), 알테오젠(2.03%), 에코프로비엠(1.67%)는 상승세다.앞서 뉴욕증시는 신종 코로나바이러스 감염증(코로나19) 재확산 우려와 미-중 무역분쟁 우려 여파에 하락 마감했다. 13일(현지시간) 뉴욕증권거래소(NYSE)에서 다우존스30 산업평균지수는 전일 대비 516.81포인트(2.17%) 급락한 2만3247.97에 거래를 마감했다. 스탠다드앤푸어스(S&P)500 지수는 50.12포인트(1.75%) 내린 2820.00에 장을 마쳤다. 나스닥 지수도 139.38포인트(1.55%) 밀린 8863.17로 마감됐다.서상영 키움증권 연구원은 ""미 증시가 이틀 연속 급락했다. 특히 미국 금융주와 중·소형주에 대한 신용 리스크가 하락의 주요 요인 중 하나였던 점을 감안하면 한국 증시 또한 매물이 출회될 것으로 예상한다""며 ""미국과 유럽 증시가 2% 내외 급락한 점은 부담을 줄 수 있어 한국 증시는 조정을 배제할 수 없다""고 말했다.윤경진 기자 youn1@mt.co.kr
<저작권자 ⓒ '성공을 꿈꾸는 사람들의 경제 뉴스' 머니S, 무단전재 및 재배포 금지>",/news/news_read.nhn?article_id=0000542188&office_id=417&mode=search&query=LG생활건강&page=2
,"[아시아경제 오주연 기자] 경기 회복 속도가 지연될 것이라는 제롬 파월 미국 연방준비제도(Fed) 의장의 발언이 국내 증시에도 영향을 주고 있다. 장기침체 우려로 13일(현지시간) 미국 증시와 유럽증시가 동반 하락한 데에 이어 14일 코스피도 장중 1%대 하락하는 등 약세를 보였다.이날 오전 9시40분 기준 코스피는 전 거래일 대비 0.95% 하락한 1921.95를 기록했다. 오전 장중 1915.96까지 떨어져 1.26%의 하락률을 보이기도 했다.시가총액 상위 종목 중 삼성전자(-1.54%)를 비롯해 SK하이닉스(-2.39%), 삼성바이오로직스(-0.32%), LG화학(-1.28%),LG생활건강(-0.07%), 삼성SDI(-0.48%), 현대차(-0.86%) 등이 하락했다.이날 증시 약세는 시장 참여자들이 경기 회복에 대한 불확실성에 반응하고 있기 때문으로 풀이된다. 전일 파월 Fed 의장은 싱크탱크 피터슨국제경제연구소(PIIE) 화상연설에서 2차 세계대전 이후 어떤 시기보다도 심각한 침체에 직면했다면서 장기침체 가능성을 거론했다.국내 증권가에서는 해당 발언이 한국 증시에도 영향을 줄 수 있다며 외국인의 매물 출회가 지속될 수 있을 것으로 내다봤다.이 시각 유가증권시장에서 외국인은 1017억원 팔아치웠고 기관도 987억원어치 순매도했다. 개인은 1996억원어치 순매수했다.코스닥지수도 전 거래일 대비 0.08% 하락한 691.01을 기록했다. 외국인과 기관이 각각 176억원, 175억원어치를 내다판 반면 개인은 445억원어치 순매수했다.시가총액 상위 종목 중 셀트리온헬스케어(-0.54%), 셀트리온제약(-1.88%), 펄어비스(-4.20%) 등은 하락했지만 에이치엘비(0.19%), 씨젠(7.47%) 등은 상승했다.오주연 기자 moon170@asiae.co.kr <ⓒ경제를 보는 눈, 세계를 보는 창 아시아경제 무단전재 배포금지>",/news/news_read.nhn?article_id=0004678003&office_id=277&mode=search&query=LG생활건강&page=1
"""베이스 메이크업 밀착력 높여""","(서울=뉴스1) 강성규 기자 = LG생활건강은 코드글로컬러가 국내 프리미엄 채널 기준 프라이머 부문에서 2년 연속으로 1위를 차지한 것을 기념해 기획세트를 출시했다고 14일 밝혔다.이번 신규 기획세트는 코드글로컬러의 프라이머 'L.픽스-온 프라이머', 'M.하이드로 프라이머', 'N.피치블랑 프라이머', 'G루미에르 프라이머' 4종으로 구성했다.대표 제품인 'L.픽스-온 프라이머'는 매끈하고 보송한 피부바탕을 만들어주고, 파운데이션이 오랜 시간 무너지지 않도록 지속력과 밀착력을 높여준다. 'M.하이드로 프라이머'는 3중 히아루론산액을 함유한 하이드로캡슐이 메이크업 전 메마른 피부에 수분을 채워 촉촉한 수분광 피부를 만들어준다. 'N.피치블랑 프라이머'는 뽀얗고 생기있는 톤업 효과와 자외선차단 기능성을 겸비해 파데프리 메이크업으로 활용이 가능하다. 'G.루미에르 프라이머'는 진주빛의 볼륨감있는 광채 피부를 선사해준다.코드글로컬러의 프라이머 4종 기획세트는 전국 올리브영 매장에서 만나볼 수 있다.코드글로컬러 브랜드 담당자는 ""최근 마스크 착용의 생활화로 베이스 메이크업 제품의 밀착력을 높여 메이크업이 마스크에 묻어나지 않도록 도움을 주는 프라이머 제품이 인기를 끌고 있다""며 ""파운데이션 밀착력을 높여주는 'L.픽스-온 프라이머'와 단독 사용으로도 화사한 톤업 효과가 있는 'N.피치블랑 프라이머'가 특히 인기""라고 말했다.한편 프라이머 판매 순위는 시장조사기관인 칸타월드패널에서 지난 2018년부터 2019년 12월 29일까지의 국내 프리미엄 채널을 기준으로 산출해 발표한 결과다.sgkk@news1.kr© 뉴스1코리아(), 무단 전재 및 재배포 금지",/news/news_read.nhn?article_id=0004637108&office_id=421&mode=search&query=LG생활건강&page=1
외국인투자자 연속 8일 순매도,"LG생활건강(051900)은 52주신고가를 기록하고 있어 주목할만하다. 동종목의 현재 주가는 1,439,000원 선에서 이루어지고 있다. 거래일을 기준으로 최근 3일간 평균 거래량은 5만 주이다. 이는 60일 일 평균 거래량 5만 주와 비교해보면 최근 거래량이 약간 감소했지만 크게 벗어나지는 않았다.

 최근 5일간 동종목의 외국인 투자자는 49,036주 순매수하였고 반면 기관은 3,522주 순매도하였다. 전날 외국인 5,737주 순매수, 기관3,522주 순매도하며 보유 비율이 변동했다.
 다음 표는 동종목의 외국인, 기관의 일별 순매수량을 나타낸 것이다.
 최근 한달간 LG생활건강의 상장주식수 대비 거래량을 비교해보니 일별 매매회전율이 0.21%로 집계됐다. 그리고 동기간 장중 저점과 고점의 차이인 일평균 주가변동률을 1.39%를 나타내고 있다.



※ 저작권자 ⓒ 파이낸셜뉴스. 무단 전재-재배포 금지",/news/news_read.nhn?article_id=0004424351&office_id=014&mode=search&query=LG생활건강&page=1
,"[헤럴드경제=김현경 기자] 세계 경기 하강과 미·중 무역분쟁 재점화 우려에 간밤 뉴욕증시가 급락한 가운데, 14일 코스피도 하락, 장중 1910선까지 떨어졌다. 이날 오전 10시 코스피는 전날보다 13.15포인트(0.68%) 내린 1927.27을 가리켰다.지수는 전장보다 17.98포인트(0.93%) 내린 1922.44로 출발해 하락세를 이어가고 있다. 장중 한때는 1915.96(-1.26%)까지 떨어졌다.외국인은 이날도 유가증권시장에서 장 초반 1150억원어치를 순매도했고, 기관도 988억원을 팔아치웠다. 개인은 2098억원을 순매수했다.시가총액 상위 10위 종목 중엔 삼성전자(-1.54%), SK하이닉스(-2.39%), 삼성바이오로직스(-0.65%), LG화학(-0.71%), LG생활건강(-0.14%), 삼성SDI(-0.16%), 현대차(-0.75%) 등 대부분이 하락하고 네이버(+0.69%), 셀트리온(+0.47%), 카카오(+1.62%)만 상승세를 나타냈다.업종별로는 전기·전자(-1.38%), 철강·금속(-1.20%), 은행(-1.07%), 증권(-1.03%), 운수·장비(-1.03%), 건설업(-1.20%), 제조업(-0.95%), 금융업(-0.70%) 등 대부분이 약세를 보였다.같은 시간 코스닥지수는 전장보다 0.92포인트(0.13%) 오른 692.45를 나타냈다.지수는 전장보다 3.61포인트(0.52%) 내린 687.92로 개장해 반등을 시도하고 있다.코스닥시장에서는 외국인이 115억원, 기관이 145억원을 순매도했다. 개인은 376억원을 순매수했다.시총 상위 종목 가운데는 에이치엘비(+0.68%), 씨젠(+9.38%), CJ ENM(+0.79%), 에코프로비엠(+0.84%)이 오르고 셀트리온헬스케어(-0.75%), 셀트리온제약(-2.12%), 펄어비스(-2.72%), 케이엠더블유(-1.35%), 스튜디오드래곤(-0.39%) 등이 내렸다.13일(현지시간) 뉴욕증시에서는 다우존스30 산업평균지수(-2.17%)와 스탠더드앤드푸어스(S&P) 500지수(-1.75%), 나스닥지수(-1.55%)가 모두 급락했다.제롬 파월 미국 연방준비제도(Fed·연준) 의장이 피터슨국제경제연구소 화상 강연에서 향후 경제에 대해 ""매우 불확실하고, 심각한 하방 위험에 직면할 수 있다""고 말하면서 경기 침체 우려가 커진 결과로 풀이된다.미국과 중국의 무역분쟁 재점화 가능성도 다시 부각되고 있다. 도널드 트럼프 미국 대통령은 이날 트위터를 통해 코로나바이러스감염증-19(코로나19) 확산에 대한 ‘중국 책임론’과 미중 무역협상을 함께 언급했다.pink@heraldcorp.com
- Copyrights ⓒ 헤럴드경제 & heraldbiz.com, 무단 전재 및 재배포 금지 -",/news/news_read.nhn?article_id=0001673358&office_id=016&mode=search&query=LG생활건강&page=1
,"[디지털타임스 심화영 기자] 기초제품이 강한 LG생활건강이 자사 색조 브랜드 '코드글로컬러'의 프라이머 라인이 2년 연속 1위를 달리고 있다고 14일 밝혔다. 이번 순위는 시장조사기관인 칸타월드패널에서 지난 2018년부터 2019년 12월 29일까지의 국내 프리미엄 채널을 기준으로 산출해 발표한 결과다.이 결과는 헬스앤뷰티매장(올리브영, 로드샵 등)과 온라인몰 판매 시장조사기관이 이 부분을 카테고리 해 발표한 것이다. 2년 연속 1위를 기념해 내놓은 이번 기획세트는 코드글로컬러의 프라이머 'L.픽스-온 프라이머' 'M.하이드로 프라이머', 'N.피치블랑 프라이머' 'G루미에르 프라이머' 총 4종이다. 코드 글로컬러 N. 피치블랑 프라이머 SPF50+, PA+++는 자외선 차단 기능도 갖췄다.대표 제품인 'L.픽스-온 프라이머'는 매끈하고 보송한 피부바탕을 만들어주고, 파운데이션이 오랜 시간 무너지지 않도록 지속력과 밀착력을 높여준다. 이외에도 'M.하이드로 프라이머'는 3중 히아루론산액을 함유한 하이드로캡슐이 메이크업 전 메마른 피부에 수분을 채워 촉촉한 수분광 피부를 만들어 준다. LG생활건강 관계자는 ""최근 마스크 착용의 생활화로 베이스 메이크업 제품의 밀착력을 높여 메이크업이 마스크에 묻어나지 않도록 도움을 주는 프라이머 제품이 인기를 끌고 있다""고 말했다. 코드글로컬러의 프라이머 4종 기획세트는 전국 올리브영 매장에서 만나볼 수 있다. 가격은 본품(30㎖)과 증정(10㎖)을 포함해 2만원이다. 심화영기자 dorothy@dt.co.kr 디지털타임스
/",/news/news_read.nhn?article_id=0002598077&office_id=029&mode=search&query=LG생활건강&page=1
풀필먼트 '바로배송'으로 高高 코로나19 여파에 '비대면 소비' 확산'곤지암 메가허브 풀필먼트'로 바로배송 확대…高성장 속도,"(서울=뉴스1) 최동현 기자 = CJ대한통운이 올 1분기 당기순이익 113억원을 달성해 흑자전환했다. 영업이익도 전년 동기 대비 30% 가까이 껑충 뛰었다.국내 택배시장에서 1분기는 별다른 특수가 없는 '비수기'로 통하지만 코로나19가 '뜻밖의 호재'로 작용했다. '언택트(비대면)' 소비 확산으로 수요가 온라인으로 쏠리면서 택배 물동량이 전례 없이 폭증했다.14일 금융감독원 전자공시시스템에 따르면 CJ대한통운은 올해 1분기 매출 2조5153억6100만원, 영업이익 581억8800만원을 기록했다. 전년 동기 대비 매출은 3.4%, 영업이익은 28.3% 증가했다. 당기순이익도 113억5800만원을 달성해 적자에서 흑자로 돌아섰다.이같은 호실적은 코로나19의 '반사이익' 덕이라는 것이 업계의 지배적인 분석이다. 코로나19 여파로 비대면 소비 경향이 뚜렷해지면서 택배 물동량이 껑충 뛴 덕이다.CJ대한통운도 실적 개선의 첫 번째 이유로 '비대면 트렌드화에 따른 택배 사업 고성장'을 꼽았다. 온라인 주문이 '대세'로 떠오르면서 고령층, 남성 소비자까지 모두 끌어안았다. CJ대한통운은 기세를 몰아 하반기까지 실적 신장률을 극대화한다는 전략을 세웠다. CJ대한통운 물류의 중심인 '곤지암 메가허브 풀필먼트 센터'를 앞세워 '바로배송' 서비스를 확대한다는 방침이다. 지난달 14일 네이버 브랜드스토어에서 판매하는 LG생활건강 상품에 풀필먼트 서비스를 접목하면서 첫발을 뗐다.CJ대한통운 관계자는 ""최근 택배 물량 증가와 전사적 수익성 제고 노력, 코로나19에 따른 각 사업별 영향 등이 실적에 종합적으로 영향을 미쳤다""며 ""곤지암 풀필먼트 서비스를 전격 확대해 국내 물류시장을 리드할 것""이라고 말했다.dongchoi89@news1.kr© 뉴스1코리아(), 무단 전재 및 재배포 금지",/news/news_read.nhn?article_id=0004637397&office_id=421&mode=search&query=LG생활건강&page=1
"엔씨소프트 사흘째 신고가, 100만원 시대 여나","언택트(비대면) 수혜를 입을 것으로 기대됐던 게임주 실적이 공개됐지만 기업별로 희비가 갈렸다. 넥슨과 넷마블은 기대 이하의 성과를 내놓은 반면 엔씨소프트는 신작을 기반으로 깜짝 실적을 내놨다. 증권사들은 엔씨소프트에 대한 목표가를 줄상향하며 최고 100만원까지 오를 수 있다고 전망했다.14일 업계에 따르면 국내 3대 게임업체(엔씨소프트, 넷마블, 넥슨)가 1분기 실적을 발표했다. 단연 눈에 띄는 건 엔씨소프트다. 신작 '리니지2M'의 흥행을 바탕으로 유일하게 실적 개선에 성공했다. 엔씨소프트의 올 1분기 매출(7311억원)과 영업이익(2414억원)은 지난해 같은 기간보다 각각 104%, 204% 급증했다. 당기순이익(1954억원)은 162% 올랐다.기대 이상의 실적에 주가도 화답했다. 이날 오전 11시50분 현재 엔씨소프트는 4% 넘게 오르고 있다. 장중에는 75만8000원까지 올라 52주 최고가를 새로 썼다. 사흘째 신고가 랠리다. 엔씨소프트의 주가는 이달 들어 단 2거래일만 제외하고 연일 오르고 있다.이에 주요 증권사들이 엔씨소프트에 대한 목표주가를 올려잡은 가운데 엔씨소프트의 주가가 100만원 시대를 열 것이라는 분석도 나왔다. 오동환 삼성증권 연구원은 ""전 세계 게임 업체들의 밸류에이션(주가 수준) 상승을 반영해야 한다""며 엔씨소프트의 목표주가를 기존 84만원에서 100만원으로 올려잡았다.엔씨소프트의 주가가 100만원에 올라선다면 시가총액 규모는 약 21조원 규모로 늘어난다. 코스피 내 시총 8위인 LG생활건강(시총 약 22조원), 9위 삼성SDI(약 21조원)와 어깨를 나란히 하는 수준이다. 엔씨소프트(시총 14위)는 지난 3월 시총 15조원을 돌파한 뒤 연일 상승폭을 확대해 현재 약 16조원 규모의 시총을 유지하고 있다. 오 연구원은 ""인기 게임인 리니지M의 매출이 안정적으로 유지되는 가운데 실적 발표 후 신작 출시일을 재확인한 점이 시장 불안감을 완화시켰다""며 ""하반기 부터는 신작 출시 모멘텀이 본격 강화될 것""이라고 분석했다.이진만 SK증권 연구원은 ""엔씨소프트는 매출 측면에서 국내 의존도가 높아 글로벌 게임사들에 비해 저평가를 받았다""며 ""올해 말 신작을 통해 해외진출을 본격화하겠다고 밝힌 기대감이 주가에도 반영되고 있는 것으로 보인다""고 말했다.다만 이 연구원은 ""엔씨소프트를 제외한 다른 게임사들의 실적이 기대를 밑돈 점을 주목할 필요가 있다""고 했다. 신종 코로나바이러스 감염증(코로나19) 확산에 따른 수혜가 크지 않다는 것을 실적을 통해 확인했다는 판단에서다.넥슨은 1분기 실적 발표를 통해 매출액 9045억원, 영업이익 4540억원을 기록했다고 밝혔다. 이는 지난해 같은 기간 대비 매출은 11%, 영업이익은 21% 감소한 수치다. 넥슨과 같은 날 실적을 발표한 넷마블은 1분기 영업이익(204억원)이 전년 동기 대비 40% 가까이 줄었다. 전문가들은 양사의 실적 개선이 이르면 2분기에 가능할 것으로 전망했다. 1분기 출시된 신작의 성과가 반영될 것이란 분석에서다.다만 이 연구원은 ""1분기는 국내 코로나19가 가장 확산됐던 시기""라며 ""코로나19로 인한 언택트 확산이 게임사 매출에 미치는 영향은 미미하다는 게 이번 실적을 통해 확인됐다""고 설명했다.이어 그는 ""코로나19가 재확산돼 장기화되더라도 향후 게임사 주가에 영향을 미치진 않을 것""이라며 ""언택트 확산으로 막연히 오를 것이라는 기대를 줄이고 출시되는 신작에 더 관심을 가져라""고 조언했다.채선희 한경닷컴 기자 csun00@hankyung.com▶ ▶
 ▶
ⓒ 한국경제 & , 무단전재 및 재배포 금지",/news/news_read.nhn?article_id=0004340517&office_id=015&mode=search&query=LG생활건강&page=1
,"[머니투데이 김소연 기자] 코스피 지수가 외국인과 기관 매도세에 1%대 하락하고 있다. 뉴욕 증시가 하락 마감하면서 투자심리가 훼손된 영향이 이어지고 있다. 14일 오후 2시18분 코스피 지수는 전일대비 23.27포인트(1.20%) 떨어진 1917.15를 나타내고 있다. 외국인과 기관이 각각 4304억원, 2785억원 순매도하고 있고, 개인이 홀로 7042억원 순매수하고 있다. 업종별로는 하락세가 우세한 가운데 철강금속, 증권이 2%대 약세고 운송장비, 건설업, 섬유의복 등이 1%대 하락세다. 반면 전기가스업은 3%대 오르고 있고 음식료품은 강보합세다. 시가총액 상위종목들은 혼조세를 나타내는 가운데 외국인 매도세가 거센 종목 위주로 낙폭이 크다. 삼성전자와 SK하이닉스는 각각 1.44%, 3.23% 하락하고 있고 LG화학도 2%대 내리고 있다. NAVER와 셀트리온, LG생활건강이 강보합세고 카카오는 홀로 3%대 강세를 보이면서 현대차 시총을 넘어섰다. 코스닥 지수는 전일대비 2.79포인트(0.40%) 떨어진 688.74를 기록하고 있다. 외국인과 기관이 각각 514억원, 398억원 팔자세고, 개인은 1235억원 사자세다. 김소연 기자 nicksy@
<저작권자 ⓒ '돈이 보이는 리얼타임 뉴스' 머니투데이, 무단전재 및 재배포 금지>",/news/news_read.nhn?article_id=0004408935&office_id=008&mode=search&query=LG생활건강&page=1
"개인만 홀로 7000억원대 순매수옵션만기일 금융투자·연기금 현물 매도, 선물 매수","[이데일리 최정희 기자] 코스피 지수가 하루 만에 하락했다. 신종 코로나 바이러스 감염증(코로나19)에 따른 경기침체 우려가 재확산된 영향이다. 옵션만기일로 장 막판 낙폭이 축소되면서 거래를 마쳤다. 금융투자, 연기금 등은 현물 시장에선 매도세를, 선물시장에선 매수세를 보였다. 14일 코스피 지수 흐름(출처: 마켓포인트)14일 마켓포인트에 따르면 코스피 지수는 전 거래일보다 15.46포인트, 0.80% 하락한 1924.96에 거래를 마쳤다. 장중 내내 1%대 하락세를 보이다 장 막판 낙폭을 축소했다. 수급으로 보면 개인이 홀로 7854억원을 순매수했다. 옵션만기일인 만큼 외국인, 금융투자, 연기금 등의 매매 움직임에 관심이 집중됐으나 시장에 미치는 영향은 제한적이었다. 외국인은 5543억원을 내다팔았다. 외국인은 코스피200 선물에서도 5671억원 가량을 팔았다. 기관은 2386억원 순매도세를 보였다. 금융투자와 연기금 등은 현물에선 각각 678억원, 1731억원 순매수세를 보였다. 반면 코스피200선물에선 각각 5770억원, 1303억원을 매수했다. 보험, 은행 등은 매도세를, 투신, 기타금융, 기타법인, 사모펀드 등은 매수세를 보였다. 프로그램매매로는 차익과 비차익을 합해 3100억원의 순매도세를 보였다. 원-달러 환율은 4.2원 오른 1228.0원에 거래를 마쳤다. 시가총액 상위 종목들은 희비가 갈렸다. 삼성전자(005930)는 1%대, SK하이닉스(000660)는 3%대 하락했다. LG화학(051910)은 2%대, 삼성물산(028260)은 1%대 떨어졌다. 삼성바이오로직스(207940), 삼성SDI(006400), 현대차(005380), 현대모비스(012330)는 하락세를 보였다. 반면 네이버(035420), 셀트리온(068270)은 강세를 기록했다. LG생활건강(051900)은 1%대, 카카오(035720)는 3%대, 엔씨소프트(036570)는 4%대 올랐다. 한국전력(015760)은 5%대 반등세를 보였다. 개별종목으로 보면 1분기 어닝쇼크를 기록한 넷마블(251270)이 8%대 하락했다. 기술계약이 해지된 한미약품(128940)도 9%대 떨어졌다. 코로나 재확산 우려에 바이오주 상당수가 상승했다. 제일약품(271980)은 상한가를 기록했고 JW중외제약(001060)은 21%대, SK케미칼(285130)은 17%대 올랐다. 업종별로 보면 하락 우위 흐름이 강했다. 철강금속이 2%대 하락하고 건설업, 운송장비, 전기전자, 비금속광물, 섬유의복, 은행, 증권 등이 1%대 하락했다. 전기가스업이 3%대 오르고 음식료품이 1%대 상승했다. 통신업, 의약품, 종이목재, 보험 등도 강세를 보였다. 이날 거래량은 7억4464만2000주, 거래대금은 9조3207억1100만원으로 집계됐다. 상한가 2개 종목을 포함해 227개 종목이 올랐고 하한가 없이 638개 종목이 하락했다. 46개 종목은 보합권에서 거래를 마쳤다.최정희 (jhid0201@edaily.co.kr)＜ⓒ종합 경제정보 미디어 이데일리 - 무단전재 & 재배포 금지＞",/news/news_read.nhn?article_id=0004640242&office_id=018&mode=search&query=LG생활건강&page=1
,"[서울=뉴시스] 류병화 기자 = 코스피가 외국인과 기관의 순매도에 하락해 1920선으로 후퇴했다. 14일 코스피지수는 전 거래일(1940.42)보다 15.46포인트(0.80%) 내린 1924.96에 마감했다. 지수는 17.98포인트(0.93%) 내린 1922.44에 출발해 장중 낙폭을 좁히며 장 마감했다.유가증권시장에서 개인은 홀로 7845억원을 순매수했다. 반면 외국인과 기관은 각각 5543억원, 2373억원 순매도했다.업종별로는 대체로 내렸다. 철강금속(-2.01%), 섬유의복(-1.75%), 운수장비(-1.56%), 건설업(-1.52%), 전기전자(-1.48%), 비금속광물(-1.43%), 금융업(-1.12%), 은행(-1.09%) 등이 하락했다. 전기가스업(3.95%), 음식료업(1.36%), 보험(0.94%) 등은 올랐다.시가총액 상위 종목들은 대체로 하락했다. 대장주 삼성전자는 전 거래일 대비 550원(1.13%) 내린 4만8000원에 거래를 마쳤다. SK하이닉스(-3.59%), 삼성바이오로직스(-0.65%), LG화학(-2.13%), 삼성SDI(-0.48%), 현대차(-0.86%) 등도 하락했다. 네이버(0.23%), 셀트리온(0.93%), LG생활건강(1.25%) 등은 올랐다.코스닥지수는 전 거래일(691.53)보다 0.96포인트(0.14%) 내린 690.57에 마감했다. 지수는 3.61포인트(0.52%) 내린 687.92에 개장해 장중 낙폭을 좁히며 장을 마쳤다.코스닥시장에서 개인은 홀로 745억원을 순매수했다. 반면 외국인과 기관은 각각 210억원, 189억원어치를 팔아치웠다.코스닥 시총 상위 10개 종목은 대체로 내렸다. 셀트리온헬스케어(1.62%), 씨젠(29.97%), 에코프로비엠(1.08%) 등은 오른 반면 에이치엘비(-2.81%), 셀트리온제약(-0.59%), 펄어비스(-1.19%), 알테오젠(-1.32%), CJ ENM(-0.52%), 케이엠더블유(-3.55%), 스튜디오드래곤(-0.65%) 등이 내렸다. hwahwa@newsis.com<ⓒ 공감언론 뉴시스통신사. 무단전재-재배포 금지>",/news/news_read.nhn?article_id=0009862667&office_id=003&mode=search&query=LG생활건강&page=1
"코스피 0.8% 내린 1924.96, 코스닥 0.14% 내린 690.57달러/원 환율 4.2원 오른 1228원","(서울=뉴스1) 박응진 기자 = 14일 코스피는 외국인과 기관의 동반 순매도에 1% 가까이 내리며 1920선으로 밀렸다. 코스닥도 소폭 하락했다. 달러/원 환율은 4.2원 올랐다.제롬 파월 미국 연방준비제도 의장이 신종 코로나바이러스 감염증(코로나19)에 따른 경제 위기가 장기화할 것이라고 경고해 간밤 뉴욕증시가 급락 마감한 영향을 받았다. 시간외 뉴욕증시 지수 선물도 하락세를 보였다.이날 코스피는 전날(13일)과 비교해 15.46포인트(0.8%) 떨어진 1924.96으로 마감했다. 외국인과 기관이 각각 5543억원, 2381억원 순매도했고, 개인이 홀로 7853억원 순매수했다. 외국인과 개인은 각각 4거래일 연속 순매도, 순매수 기조를 유지했다. 기관은 순매도로 돌아섰다. 코스피 시가총액 상위 10개 종목 중 LG생활건강(1.25%), 셀트리온(0.93%), NAVER(0.23%)는 상승했고, SK하이닉스(-3.59%), LG화학(-2.13%), 삼성전자(-1.13%), 삼성전자우(-0.97%), 현대차(-0.86%), 삼성바이오로직스(-0.65%), 삼성SDI(-0.48%)는 하락했다.업종별로 보면 전기가스업(3.95%), 음식료업(1.36%), 보험(0.94%) 등은 올랐고, 철강금속(-2.01%), 섬유의복(-1.75%), 운수장비(-1.56%) 등은 떨어졌다. 코스닥은 전날 대비 0.96포인트(0.14%) 내린 690.57로 마감했다. 외국인과 기관이 각각 210억원, 189억원 순매도했고, 개인이 홀로 744억원 순매수했다. 코스닥 시가총액 상위 10개 종목 가운데 씨젠(29.97%), 셀트리온헬스케어(1.62%), 에코프로비엠(1.08%)은 상승했고, 케이엠더블유(-3.55%), 에이치엘비(-2.81%), 알테오젠(-1.32%), 펄어비스(-1.19%), 스튜디오드래곤(-0.65%), 셀트리온제약(-0.59%), CJ ENM(-0.52%)은 하락했다. 업종별로는 제약(2.63%), 소프트웨어(2.20%), 의료·정밀(1.93%) 등은 올랐고, 비금속(-2.28%), 운송장비(-2.24%), 운송(-1.88%), 건설(-1.79%) 등은 내렸다. 서울외환시장에서 달러/원 환율은 전날보다 4.2원 오른 1228원으로 거래를 마쳤다.서상영 키움증권 연구원은 ""국내 증시는 미 증시가 이틀 연속 급락한 여파로 하락했다. 특히 파월 연준 의장 등이 미국 경기 회복이 지연될 수 있다고 언급하고, 미국과 중국의 마찰이 확산된 점이 영향을 줬다""며 ""옵션만기일을 맞아 외국인이 현·선물을 순매도 한 점도 하락을 부추겼다""고 분석했다.pej86@news1.kr© 뉴스1코리아(), 무단 전재 및 재배포 금지",/news/news_read.nhn?article_id=0004638370&office_id=421&mode=search&query=LG생활건강&page=1
외국인·기관 7천억원 넘게 순매도…코스닥 약보합,"[아이뉴스24 류은혁 기자] 코스피가 1% 가까이 하락했다. 코로나19 사태로 인한 경기침체가 장기화될 수 있다는 제롬 파월 미 연방준비제도(Fed·연준) 의장의 발언으로 투자자들의 불안감이 커진 가운데 외국인과 기관이 총 7천억원 넘게 팔아치우면서 하락을 이끌었다.14일 코스피지수는 전날보다 15.46포인트(0.80%) 내린 1924.96에 마감했다. 이날 개인이 7천855억원 순매수한 반면 외국인과 기관이 각각 5천522억원, 2천386억원 순매도했다.앞서 파월 의장은 13일(현지시간) 싱크탱크 피터슨국제경제연구소(PIIE) 화상연설에서 ""코로나19 여파로 2차 세계대전 이후 어떤 시기보다도 심각한 침체에 직면했다""면서 장기침체 가능성을 거론했다.이날 시가총액 상위 10종목에선 NAVER(0.23%), 셀트리온(0.93%), LG생활건강(1.25%)을 제외하고 모두 하락했다. 삼성전자 –1.13%, SK하이닉스 –3.59%, 삼성바이오로직스 –0.65%, 삼성전자우 –0.97%, LG화학 –2.13%의 하락률을 보였다.업종별로는 대부분 하락세를 나타냈다. 생명과학도구 및 서비스(13.22%), 독립전력생산 및 에너지거래(6.77%) 업종이 상승한 반면 운송인프라(-3.69%), 전문소매(-2.42%), 전기장비(-2.39%), 철강(-2.30%) 업종이 하락했다. 이날 상한가 종목은 제일약품, 두산2우B 2개였고 하한가 종목은 없었다.코스닥지수는 전 거래일 대비 0.96포인트(0.14%) 내린 690.57에 장을 끝냈다. 개인이 746억원 순매수한 반면 외국인과 기관이 각각 220억원, 191억원 순매도했다.시가총액 상위 10종목은 대부분 하락했다. 셀트리온헬스케어(1.62%), 씨젠(29.97%), 에코프로비엠(1.08%)이 올랐고 에이치엘비 –2.81%, 셀트리온제약 –0.59%, 펄어비스 –1.19%의 하락률을 보였다. 이날 상한가 종목은 씨젠 1개였고, 하한가 종목은 없었다.한편 이날 서울외환시장에서 원/달러 환율은 전 거래일 대비 4.2원 오른 1228.0원에 마감됐다. ehryu@inews24.com [ⓒ 아이뉴스24 무단전재 및 재배포 금지]",/news/news_read.nhn?article_id=0000538370&office_id=031&mode=search&query=LG생활건강&page=1
,"14일 코스피는 전 거래일 보다 15.46포인트(0.80%) 내린 1924.96에 거래를 마쳤다. 이날 코스피는 전 거래일 대비 17.98포인트(0.93%) 내린 1922.44에서 출발해 하락세를 지속했다. 개인이 7852억원을 순매수했고 외국인과 기관은 각각 5520억원, 2381억원을 순매도했다.코스피 시가총액 10위권 종목에서는 삼성전자(-1.13%), SK하이닉스(-3.59%), 삼성바이오로직스(-0.65%), 삼성전자우(-0.97%), LG화학(-2.13%), 삼성SDI(-0.48%), 현대차(-0.86%)가 하락 마감했다. 반면 네이버(0.23%), 셀트리온(0.93%), LG생활건강(1.25%)은 상승 마감했다.코스닥은 전 거래일 대비 0.96포인트(0.14%) 내린 690.57로 마감했다. 코스닥 시장에선 개인이 745억원을 순매수했다. 반면 외국인과 기관은 각각 220억원, 189억원을 순매도했다.코스닥 시장 시가총액 상위 종목에서는 셀트리온헬스케어(1.62%), 씨젠(29.97%), 에코프로비엠(1.08%)은 상승 마감했다. 반면 에이치엘비(-2.81%), 셀트리온제약(-0.59%), 펄어비스(-1.19%), 알테오젠(-1.32%), CJ ENM(-0.52%), 케이엠더블유(-3.55%), 스튜디오드래곤(0.65%)은 하락 마감했다.서상영 키움증권 연구원은 ""한국 증시는 미국 증시가 이틀 연속 급락한 여파로 하락했다""며 ""특히 파월 연준의장 등이 미국 경기 회복이 지연될 수 있다고 언급하고 미국과 중국의 마찰이 확산한 점이 영향을 줬다""고 설명했다.윤경진 기자 youn1@mt.co.kr
<저작권자 ⓒ '성공을 꿈꾸는 사람들의 경제 뉴스' 머니S, 무단전재 및 재배포 금지>",/news/news_read.nhn?article_id=0000542453&office_id=417&mode=search&query=LG생활건강&page=1
,"미중 무역분쟁 우려 지속…외국인 4일 연속 '팔자'(서울=연합뉴스) 황재하 기자 = 코스피가 14일 하락 마감했다.

이날 코스피는 전날보다 15.46포인트(0.80%) 내린 1,924.96에 거래를 마쳤다.

지수는 전장보다 17.98포인트(0.93%) 내린 1,922.44에서 출발해 약세 흐름을 이어갔다.

유가증권시장에서는 외국인이 5천541억원, 기관이 2천373억원어치를 순매도했다. 개인은 7천844억원을 순매수했다.

이로써 외국인은 지난 11일부터 4거래일 연속 '팔자' 행진을 이어갔다.

이영곤 하나금융투자 연구원은 ""신종 코로나바이러스 감염증(코로나19) 확산 속도가 다시 빨라질 수 있다는 우려가 커지고 있어 증시에 부담으로 작용하고 있다""며 ""최근 미중 무역분쟁 우려가 커지면서 외국인이 매물을 쏟아내고 있는 것으로 보인다""고 설명했다.

도널드 트럼프 미국 대통령은 13일(현지시간) 트위터 계정에 글을 올려 코로나19 확산 책임을 중국에 물었고, 중국은 이와 관련한 보복 조치를 마련하는 것으로 알려지면서 양국의 갈등이 불거지고 있다.

시가총액 상위 종목 가운데는 SK하이닉스(-3.59%), LG화학(-2.13%), 삼성전자(-1.13%), 현대차(-0.86%), 삼성바이오로직스(-0.65%), 삼성SDI(-0.48%) 등이 내렸다.

카카오(3.93%), LG생활건강(1.25%), 셀트리온(0.93%), 네이버(0.23%) 등은 올랐다.

업종별로는 철강·금속(-2.01%), 섬유·의복(-1.75%), 운수·장비(-1.56%), 건설업(-1.52%), 전기·전자(-1.48%), 비금속광물(-1.43%), 금융업(-1.12%), 은행(-1.09%), 제조업(-1.06%), 증권(-1.03%) 등이 약세였다.

전기·가스업(3.95%), 음식료품(1.36%), 보험(0.94%), 의약품(0.21%) 등은 강세였다.

주가가 내린 종목은 638개에 달했고, 오른 종목은 229개에 그쳤다. 보합은 31개 종목이었다.

프로그램 매매는 차익 거래와 비차익 거래 모두 매도 우위로 전체적으로는 3천109억원의 순매도로 집계됐다.

유가증권시장의 거래량은 7억3천383만주, 거래대금은 9조1천726억원이었다.코스닥지수는 전장보다 0.96포인트(0.14%) 내린 690.57로 마감했다.

지수는 전장보다 3.61포인트(0.52%) 내린 687.92에서 개장해 장중 한때 강세로 돌아섰으나 다시 하락세로 전환했다.

코스닥시장에서도 외국인은 210억원, 기관은 188억원어치를 순매도했다. 개인은 745억원을 순매수했다.

시총 상위 종목 가운데는 케이엠더블유(-3.55%), 에이치엘비(-2.81%), 알테오젠(-1.32%), 펄어비스(-1.19%), 스튜디오드래곤(-0.65%), 셀트리온제약(-0.59%), CJ ENM(-0.52%) 등이 하락했다.

반면 씨젠(29.97%)은 1분기에 사상 최대 분기 영업이익을 냈다고 발표한 영향으로 상한가로 마감했고, 셀트리온헬스케어(1.62%), 에코프로비엠(1.08%)도 상승했다.

코스닥시장의 거래량은 14억3천731만주, 거래대금은 12조7천896억원이었다.

서울 외환시장에서 원/달러 환율은 전 거래일보다 4.2원 오른 달러당 1,228.0원에 마감했다.

jaeh@yna.co.kr",/news/news_read.nhn?article_id=0011609453&office_id=001&mode=search&query=LG생활건강&page=1
"中企·인플루언서 등 진출 2,000개제조생산 전담 코스맥스·한국콜마설비증설로 수요 대응 능력 갖춰R&D 투자 늘려 브랜드 유치 집중","[서울경제] 신세계 인터내셔널(SI), LF, 한섬은 물론 청호나이스와 쿠쿠전자, 교원 더오름,
등 중소 가전·렌탈업체, 심지어 온라인상에 영향력이 큰 인플루언서까지 화장품 사업에 신규 진출하면서 와 ,
등 화장품 개발제조생산(ODM) 업체들이 반색하고 있다. 신종 코로나 바이러스 감염증(코로나19) 사태로 오프라인 화장품 시장 부진에 따른 우려가 나왔지만, 인디 브랜드가 급증하면서 일감이 늘고 있어서다. 14일 업계에 따르면 과
등 대형 화장품업체 외에 청호나이스, 교원 더오름, 웅진 등 가전·렌털업체도 화장품 사업에 잇따라 진출하고 있다. 여기에 몇몇 인플루언서까지 합치면 2,000개 이상의 브랜드가 글로벌 뷰티 시장서 경쟁중인 것으로 알려졌다. 국내 중소기업들이 너나 할 것 없이 화장품 브랜드 론칭에 뛰어드는 것은 화장품 시장이 급성장하고 있는 데다 제조설비 없이도 손쉽게 진출할 수 있어서다. 독창적인 브랜드와 품질로 기존의 명품 브랜드의 손이 닿지 않는 틈새시장을 공략하겠다는 것이다. K-뷰티 바람을 타고 중소기업과 인플루언서까지 화장품 사업에 뛰어들면서 ODM으로 화장품을 생산·납품하는 코스맥스와 한국콜마는 물을 만났다. 코스맥스와 한국콜마는 화장품 원료배합부터 완제품 생산, 마케팅까지 ‘원스톱’ 솔루션을 제공하면서 제조설비 없이 화장품 사업에 뛰어든 중소기업과 인플루언스의 핵심 파트너다. 국내 1위를 놓고 치열한 경쟁을 펴온 코스맥스와 한국콜마인 만큼 신규 진입한 업체들을 잡기 위한 물밑 신경전도 격해질 전망이다. 업계 관계자는 “오프라인 뿐만 아니라 온라인 등 판매 채널이 다양화되면서 화장품 ODM 업체들이 사상 유래없는 호황을 맞이하고 있다”며 “더구나 K-뷰티가 글로벌 시장에서 맹위를 떨치고 있는 만큼 국내 ODM ‘빅2’의 실적 개선도 기대된다”고 말했다. 코스맥스는 직원의 30%가 연구개발(R&D)에 몰려 있고, 연 생산량도 2017년 이후 꾸준히 늘려 왔다. 2017년 14억7,000만 개에서 2018년 16억5,000만개, 2019년에는 17억7,000 만개를 생산했다. 올해는 20억 개까지 생산할 수 있는 능력을 갖췄다. 해외의 경우 중국 2004년 일찌감치 진출했으며, 2013년에는 인도네시아와 미국 시장에 각각 진출한 상태다. 코스맥스의 한 관계자는 “온라인 화장품 시장이 급속도로 성장하면서 재기 발랄한 아이디어로 무장한 인디 뷰티 브랜드들이 부상하고 있다”며 “이들 브랜드 유치를 위해 차별화된 콘셉트와 전략을 준비해 놨다”고 말했다. 한국콜마도 매년 매출의 5~6%를 R&D에 투자하는 등 인디 브랜드 유치에 집중하고 있다. 지난 2014년에는 세종시에 화장품 기초 신공장을 완공해 생산 능력도 확대한 상태다. 지난 해 13억 개 까지 생산할 수 있는 능력을 갖췄다. /연승기자 yeonvic@sedaily.com저작권자 ⓒ 서울경제, 무단 전재 및 재배포 금지",/news/news_read.nhn?article_id=0003737579&office_id=011&mode=search&query=LG생활건강&page=1
코스피 약세…0.80% 내린 1924.96에 마감,"[더팩트ㅣ박경현 기자] 14일 코스피가 외국인과 기관의 동반매도에 하락하며 장을 마쳤다. 코스닥은 한 차례 혼조를 겪다 약보합에 마감했다.이날 코스피는 전장 대비 15.46포인트(-0.80%) 내린 1924.96에 장을 마쳤다. 개인 홀로 7843억 원을 사들인 가운데 외국인과 기관은 각각 5520억 원, 2372억 원을 순매도했다.이날 장중에는 카카오가 코스피 시가총액 10위권 안에 포함됐다. 카카오는 현대차의 시가총액인 19조5934억 원을 넘어선 19조7213억 원의 시가총액을 기록했다.시가총액 상위종목 주가는 대부분 내림세였다. 삼성전자(-1.13%), SK하이닉스(-3.59%), 삼성바이오로직스(-0.65%), 삼성전자우(-0.97%), LG화학(-2.13%), 삼성SDI(-0.48%), 현대차(-0.86%)가 내렸다. 반면 네이버(+0.23%), 셀트리온(+0.93%), LG생활건강(+1.25%)은 올랐다.이날 업종은 생명과학도구 및 서비스(+13.22%)가 상승폭을 키웠다. 또한 독립전력생산 및 에너지거래, 전기유틸리티가 5~7%가량 올랐다. 반면 운송인프라, 전문소매, 전기장비, 철강이 2~3% 내렸다.코스닥은 전장대비 0.96포인트(-0.14%)내린 690.57에 장을 마쳤다.코스닥에서도 외국인과 기관이 동반 매도했다. 이에 개인투자자가 746억 원을 사들인 반면 외국인과 기관은 각각 220억 원, 188억 원을 팔았다.이날 코스닥 시가총액 상위종목 주가도 대부분 내렸다. 셀트리온헬스케어(+1.62%), 씨젠(+29.97%), 에코프로비엠(+1.08%)은 올랐지만, 에이치엘비(-2.81%), 셀트리온제약(-0.59%), 알테오젠(-1.32%), CJ ENM(-0.52%), 케이엠더블유(-3.55%), 스튜디오드래곤(-0.65%)은 내렸다.pkh@tf.co.kr저작권자 ⓒ 특종에 강한 더팩트 & tf.co.kr 무단 전재 및 재배포 금지",/news/news_read.nhn?article_id=0000025774&office_id=629&mode=search&query=LG생활건강&page=1
"외인, 카카오 269억 원 매수·SK하이닉스 2082억 원 매도","[더팩트ㅣ박경현 기자] 14일 코스피 시장에서 기관은 다시 매도포지션으로 전향했다. 이에 개인 홀로 7843억 원을 사들인 가운데 외국인과 기관은 각각 5520억 원, 2372억 원을 순매도하며 1920선까지 후퇴했다. 코스닥 역시 외국인과 기관 동반 매도에 약보합 마감했다.이날 코스피시장 외국인투자자의 최대매수는 카카오로 향했다. 외인은 카카오에 269억 원, 엔씨소프트 201억 원, 셀트리온 114억 원, LG생활건강 108억 원 순으로 매수했다.반면 SK하이닉스는 2082억 원가량 팔아치웠다. 이어 삼성전자 584억 원, 삼성SDI 220억 원, KT&G 165억 원, 포스코(POSCO) 152억 원을 순매도했다.코스닥 시장에서는 씨젠(409억 원), 랩지노믹스(41억 원), 네오위즈(40억 원)를 사들인 반면 에이치엘비(158억 원), 국일제지(63억 원), 레고켐바이오(50억 원)는 팔았다.기관투자자는 이날 한국전력 308억 원, 셀트리온 121억 원, 코스맥스 102억 원을 사들인 반면 SK하이닉스 843억 원, 삼성전자 608억 원, 한미약품 228억 원, 카카오 225억 원을 팔았다.시가총액 상위종목 주가는 대부분 내림세를 보였다. 삼성전자(-1.13%), SK하이닉스(-3.59%), 삼성바이오로직스(-0.65%), 삼성전자우(-0.97%), LG화학(-2.13%), 삼성SDI(-0.48%), 현대차(-0.86%)가 내렸다. 반면 네이버(+0.23%), 셀트리온(+0.93%), LG생활건강(+1.25%)은 올랐다.pkh@tf.co.kr저작권자 ⓒ 특종에 강한 더팩트 & tf.co.kr 무단 전재 및 재배포 금지",/news/news_read.nhn?article_id=0000025776&office_id=629&mode=search&query=LG생활건강&page=1
▶ 네이버 홈에서 [한국경제TV] 채널 구독하기 [생방송보기]▶ 대한민국 재테크 총집결! - [증권 / 주식상담 / 부동산],"[한국경제TV 박해린 기자]코스피 지수가 옵션 만기일에도 불구하고 1920선을 방어하며 장을 마쳤다.14일 코스피 지수는 전 거래일보다 15.46포인트(0.80%) 내린 1,924.96에 장을 마감했다.옵션만기일을 맞아 쏟아진 매물에 장중 1913.49포인트까지 내렸지만 장 후반 낙폭을 줄여나가며 1920선을 버텨냈다.투자 주체별로는 외국인과 기관이 각각 5,520억원, 2,376억원의 주식을 순매도했다.반면, 개인투자자가 7,847억원 규모의 주식을 순매수하며 지수 하락을 방어했다.코스피 시가총액 상위 10개 종목 중에선 카카오의 상승세가 두드러졌다.유가증권시장에서 카카오는 전 거래일보다 3.93%(8,500원) 오른 225,000원에 거래를 마쳤다.NAVER는 전 거래일보다 0.23% 상승했고, 셀트리온과 LG생활건강은 각각 0.93%, 1.25% 올랐다.반면, 삼성전자와 SK하이닉스는 각각 1.13%, 3.59% 하락했다.코스닥 지수는 약보합권에서 마감했다.14일 코스닥 지수는 전 거래일보다 0.96포인트(0.14%) 내린 690.57에 거래를 마쳤다.외국인과 기관이 각각 220억원, 189억원 어치 주식을 순매도한 반면 개인은 745억원 순매수했다.코스닥 시가총액 3위인 씨젠은 올 1분기 어닝서프라이즈를 기록했단 소식에 상한가를 기록했다.14일 씨젠은 전 거래일보다 29.97%(29,700원) 오른 128,800원에 거래를 마쳤다.앞서 씨젠은 올해 1분기 영업이익이 전년 동기 대비 584% 증가한 398억원을 기록했다고 밝혔다.반면, 에이치엘비(-2.81%), 셀트리온제약(-0.59%), 펄어비스(-1.19%), 알테오젠(-1.32%), CJ ENM(-0.52%), 케이엠더블유(-3.55%) 등은 하락 마감했다.한편, 서울 외환시장에서 원·달러 환율은 전 거래일보다 4.2원 오른 1,228.0원에 거래를 마쳤다.박해린기자 hlpark@wowtv.co.krⓒ 한국경제TV, 무단 전재 및 재배포 금지",/news/news_read.nhn?article_id=0000870881&office_id=215&mode=search&query=LG생활건강&page=1
,"외국인 투자자는 14일 거래소에서 카카오, 엔씨소프트, KODEX 코스닥 150 등을 중점적으로 사들인 것으로 나타났다.외국인 투자자의 순매수 상위 20개 종목은 카카오, 엔씨소프트, KODEX 코스닥 150, 셀트리온, LG생활건강, 삼성화재, KODEX 레버리지, 현대모비스, 파미셀, 롯데지주등이다.이중에 서비스업 업종에 속한 종목이 5개 포함되어 있다.카카오, 엔씨소프트, 셀트리온 등은 전일 대비 주가가 상승했고, KODEX 코스닥 150, KODEX 레버리지, 현대모비스 등은 주가가 하락했다.한경로보뉴스이 기사는 한국경제신문과 금융 AI 전문기업 씽크풀이 공동 개발한 기사 자동생성 알고리즘에 의해 실시간으로 작성된 것입니다.▶ ▶
 ▶
ⓒ 한국경제 & , 무단전재 및 재배포 금지",/news/news_read.nhn?article_id=0004340961&office_id=015&mode=search&query=LG생활건강&page=1
신세계·호텔신라 주가 보합권…LG생건 1%↑·클리오 2%↓실질 모멘텀 ‘글세’…코로나19 진정·공항 임대료 할인 필요화장품회사 中 이커머스 기반 갖춰야 실적 기대,"지난달 30일 신종코로나바이러스 감염증(코로나19) 영향으로 이용객이 줄면서 서울 종로구 SM면세점이 영업을 종료했다. 영업종료로 내부가 텅 비어있다. [사진=연합뉴스][이데일리 박태진 기자] 시진핑 중국 국가주석이 연내 방한한다는 소식이 전해졌지만, 중국 대표 소비주(株)인 면세점주와 화장품주의 반응은 시원찮다. 전문가들은 관련 종목에 대한 투자심리에는 긍정적인 소재이지만, 실질적인 매출 개선 효과가 나타나는 모멘텀으로 이어지기는 힘들 것이라고 내다봤다. 다만 면세점 및 화장품 업체들은 신종 코로나 바이러스 감염증(코로나19) 확산 여파가 컸던 1분기보다는 2분기부터 차츰 실적 개선세를 나타낼 것이란 전망이 많다. 14일 마켓포인트에 따르면 대표 면세점주인 신세계(004170)는 전 거래일 대비 0.42% 하락한 23만8000원에 거래를 마쳤다. 호텔신라(008770)는 전일 대비 0.62% 오른 8만800원에 거래를 끝냈다. 보합권에 머문 모습이다. 대표 화장품주 중에서는 한국콜마(161890)와 LG생활건강(051900)이 1%대 상승했고, 아모레퍼시픽(090430)은 0.57% 오르는 데 그쳤다. 반면 한국화장품(123690)은 1%대, 클리오(237880)와 코리아나(027050)는 각각 2%대 하락률을 기록했다. 시 주석이 올해 방한을 약속하며 한한령(한국제품 금지) 해제 기대감이 반영됐던 지난 2월과는 딴판이다. 면세점주의 경우 코로나19 사태가 전 세계적으로 진정국면에 접어들어야 모멘텀을 마련할 수 있다는 분석이다. 시 주석의 외교 및 정책 의지표명과 달리 질병의 확산은 어쩔 수 없기 때문이다. 안지영 IBK투자증권 연구위원은 “시 주석 방한은 하나의 심리 개선의 요인이 되는 것은 맞지만 실질적인 모멘텀으로 이어지려면 발병이나 2차 감염이 현실적으로 진정국면으로 가야한다”고 말했다. 그는 “면세점주의 1분기 실적이 적자를 면치 못하고 있는 또 다른 이유는 공항 면세점의 임대료 때문”이라며 “해외공항은 임대료를 받지 않는 상황에서 한국 공항만 받고 있다는 점도 실적에는 걸림돌이 될 수 있기 때문에 매출환경이 바뀌지 않는 상황에서 이 비용이라도 유의미한 감액이 이뤄진다면 면세점 업체들은 새로운 모멘텀을 마련할 수 있다”고 강조했다.14일 기준 전 거래일 대비 등락률.(자료=마켓포인트)증권가에서는 면세점업계에 대해 최악의 시기에서 벗어나고 있다고 분석했다.박상준 키움증권 연구원은 “면세점은 관세청의 재고 면세품의 내수통관 및 국외 반송 규제가 한시적으로 완화되면서 이달부터 매출이 일부 회복될 것”이라며 “향후 면세점 매출의 추가적인 회복을 위해선 한중 간 출입국 이동 규제 완화가 필요할 것”이라고 설명했다. 화장품회사들도 코로나19의 여파에서 자유로울 순 없지만, 중국 내에 이커머스(전자상거래) 채널을 보유한 업체들 중심으로 2분기부터 실적 개선세가 나타날 수 있다는 전망이 나온다. 안 연구위원은 “화장품 업체의 경우 중국에 유통 채널 가지고 있고, 이커머스 대형행사에서 모멘텀을 마련할 수 있는지가 관건”이라며 “이미 지역별, 국가별 적자가 발생했지만, 중국 내수의 이커머스 채널에서의 성장성을 보여준 카테고리를 가지고 있는 LG생활건강과 아모레퍼시픽 정도는 1분기보다 2분기에 현지 내수시장 완화의 덕을 볼 수 있을 것”이라고 예측했다.이어 “중국도 보복소비가 이커머스 채널을 중심으로 이뤄지고 있고, 상반기를 마무리하는 빅이벤트가 최대 쇼핑 행사인 ‘618행사’에 중소형 업체들도 기대를 걸고 있다”며 “다만 애경산업이나, 클리오, 신세계인터내셔날 등은 알리바바에 채널을 다 구축해놓은 상태이지만, 618행사 때 이익 개선으로 이어지는 조금 더 지켜봐야 한다”고 덧붙였다.중국 내 럭셔리 화장품 브랜드 선호도는 여전히 높다는 판단이다. 이에 럭셔리 브랜드 출시 등을 앞둔 업체들의 실적 기대감도 높아지고 있다. 박은정 유안타증권 연구원은 “2분기는 중국과 한국의 화장품 경쟁 환경이 보다 치열해질 것으로 판단되는 데, 이는 전 세계 시장 중 유일하게 수요가 빠르게 개선되고 있기 때문”이라며 “또 중국과 한국은 럭셔리에 속하는 수입 화장품 수요가 견고해 브랜드 성장단계에 있는 신세계인터내셔날 등은 성장 여력이 높다”고 강조했다.박태진 (tjpark@edaily.co.kr)＜ⓒ종합 경제정보 미디어 이데일리 - 무단전재 & 재배포 금지＞",/news/news_read.nhn?article_id=0004640409&office_id=018&mode=search&query=LG생활건강&page=1
