head,text,url
LG생건 `숨37° 시크릿 라인`오디 유산균 발효물 적용해피부 보습·장벽 강화에 효과성분 파괴 최소화 공정 개발,"미생물 없이 발효는 성립하지 않는다. 미생물로 각종 유효 물질을 생산하는 발효 산업은 오늘날 커다란 시장이 되었다. 하지만 미생물은 무언가를 만드는 도구가 아닌, 그 자체로도 유익한 효능을 발휘할 수 있다. 이러한 미생물의 효과에 주목한 과학자가 바로 한국에서는 요구르트 광고로 유명한 일리야 일리치 메치니코프다. 1845년 우크라이나 태생인 메치니코프는 파스퇴르의 뒤를 이어 2대 파스퇴르연구소 소장으로 취임할 정도로 재능 있는 과학자였으며 1908년 노벨 생리의학상을 수상하기도 했다. 말년에는 노화 연구에 집중했는데, 1907년 발표한 '생명 연장(The Prolongation of Life)'이라는 논문에서 수명을 단축시키는 요인이 장속에 쌓이는 노폐물과 부패 독소 때문이라고 주장했다. 또 요구르트를 일상적으로 마시는 불가리아 지방에 장수하는 사람이 많다는 사실을 근거로 요구르트에 포함된 유산균이 유해 독소를 제거해 수명을 늘려준다고 주장했다. 현재 그가 주장한 일부 학설에 오류가 있는 것이 밝혀졌지만, 100년 전에 유익한 미생물의 존재를 주장하고 현대 프로바이오틱스 산업과 장내 미생물 연구로 발전하는 초석을 쌓은 그의 업적은 결코 작지 않다.유산균 제품을 보면 '프로' '프리' 등 비슷한 용어가 많이 나와 헷갈리곤 한다. '프로바이오틱스(Probiotics)'는 살아 있는 미생물을 의미한다. 요구르트 발효유나 분말 형태로 된 프로바이오틱스 제품에는 실제 미생물이 들어 있다. 법적으로 발효유는 1㎖당 유산균 1000만마리 이상, 농후발효유는 1억마리 이상을 담도록 규정돼 있다. 한편 '프리바이오틱스(Prebiotics)'는 미생물의 영양분이 되는 성분이다. 올리고당이나 식이섬유 등이 대표적이며, 장에 정착해 있는 미생물 활성화를 돕는다.미생물은 꼭 살아 있지 않더라도 효능을 발휘한다. 요구르트를 섭취하면 많은 유산균이 위산에 의해 사멸하지만 세포 구성 성분들은 죽거나 분해된 상태라도 이로운 효과를 보여준다. 이것을 '파라프로바이오틱스(Paraprobiotics)'라고 한다. 화장품 전성분에서 효모 추출물, 락토바실러스 용해물 등으로 표기되는 것은 모두 파라프로바이오틱스 성분이다.LG생활건강은 여러 동식물 및 전통 발효 기술, 강한 자외선이나 고온, 고염과 같은 극한의 조건, 피부에 서식하는 미생물 등 발효의 주역인 미생물에 대한 연구를 진행해왔다.1433년 간행된 '향약집성방'에는 ""상심(오디)을 사기 항아리에 넣고 밀봉해 북녘 처마 아래에 묻어 백일이 지나면 변하여 액체가 된다""는 기록이 있다. LG생활건강은 이 기록을 토대로 전통 발효법을 재현해 피부에 유익한 효능을 가진 발효 미생물을 탐색했다. 수십 종의 미생물을 분리하고 피부 효능을 연구하는 과정을 통해 찾아낸 미생물이 오디 유산균이다. 오디 유산균은 세포실험에서 피부 진정 및 보습, 피부 장벽 강화에 뛰어난 효과를 보였다. LG생활건강은 유산균의 유효 성분 파괴를 최소화하기 위해 고온과 화학적 추출법을 피하고 동결 상태에서 압력으로 내부 성분을 추출하는 공정을 개발했다. 이렇게 개발된 오디 유산균 발효물 '펌 밸런스'가 적용된 숨37° 시크릿 라인은 피부 수분을 촉촉하게 유지하고 외부 자극에 의한 피부 손상을 완화시켜주는 효과가 우수한 것으로 확인됐다.현재 한국에서는 살아 있는 미생물을 포함한 프로바이오틱스 화장품을 출시할 수 없다. 식품의약품안전처에서 고시한 '화장품 안전기준 등에 관한 규정'에 의해 화장품에서 검출되는 일반적인 미생물은 g당 100~1000개를 초과할 수 없기 때문이다. 화장품 특성상 안전을 무엇보다 중요시해야 하고, 규정을 만들 당시에는 요구르트처럼 유산균이 살아 있는 화장품 개념은 존재하지 않았다는 사실을 고려하면 이해가 간다. 최근 미국, 유럽, 일본에서 프로바이오틱스 열풍에 힘입어 인체에 이로운 미생물을 담은 화장품, 생활용품 제품들이 출시되고 있다. 언젠가 한국 규제가 개정돼 발효의 주역이 부각되는 유산균 화장품이 출시될 것을 기대해본다.
[정해민 LG생활건강 발효소재 개발 책임연구원] [ⓒ 매일경제 & mk.co.kr, 무단전재 및 재배포 금지]",/news/news_read.nhn?article_id=0004583753&office_id=009&mode=search&query=LG생활건강&page=1
SK·카카오 비상장 알짜 자회사 기대감에 이달 들어 40% 치솟아현대리바트·지어소프트도 자회사 효과...기업가치 추가 상승 가능,"우량 자회사를 보유한 일부 기업들이 신종 코로나바이러스 감염증(코로나19) 여파에도 호실적을 내거나 중장기 모멘텀을 마련하며 주가 반등 여력을 넓히고 있다. 이들 모기업은 종속회사의 실적 성장세와 ‘비상장 알짜 자회사’의 상장 기대감 등으로 기업가치 상승이 점쳐진다. 모두 1분기 양호한 실적을 낸 가운데 2분기에도 황금알을 낳는 자회사의 성장이 주가를 움직일 것으로 관측된다.28일 한국거래소에 따르면 전날 SK는 전장 대비 1.35% 내린 25만5500원에 거래를 마쳤다. SK는 핵심 자회사인 SK바이오팜의 주식시장 상장에 대한 기대감으로 이달 들어 40% 넘게 오르는 등 급등세를 연출하다가 소폭 조정을 받는 모습이다. 같은 기간 언택트 수혜주로 부상한 카카오도 41.6% 뛰었다. 올해 들어 주가가 약 70% 치솟은 카카오는 현대차·LG생활건강을 제치고 시가총액 8위(우선주 제외)에 이름을 올렸다. 카카오 역시 자회사 상장 추진으로 추가 상승 모멘텀을 조성하고 있다.SK바이오팜은 올해 기업공개(IPO) 대어로 꼽히며 IPO시장의 기대를 독식하고 있다. SK바이오팜이 지난 19일 거래소에 상장을 위한 증권신고서를 제출하면서 지주사인 SK의 재조명을 기대하는 투자심리도 강해졌다. 사측은 다음 달 중 코스피 시장에 상장시킨다는 계획이다.공모가 범위를 기준으로 한 SK바이오팜의 상장 후 시가총액은 최대 3조8372억원에 이른다. 증권가는 당일 마감 시가총액이 최대 8조원대에서 10조원 가깝게까지 상승할 수 있다는 전망을 내놓고 있다. 총 공모 주식 수는 1957만8310주로 예상되지만 이 중 상장 후 바로 유통되는 주식수는 일반청약자 물량인 391만5000주로 총 발행 주식수의 5%에 그친다는 점에서도 주목된다. 상장 후 SK바이오팜에 투자하려는 수요가 SK바이오팜의 지분 75%를 보유하고 있는 SK로 몰릴 수 있어서다.양지환 대신증권 연구원은 “유통물량 부족에 따른 SK바이오팜의 주가 오버슈팅 가능성과 SK로의 투자자들의 수요가 몰릴 가능성이 높다”고 판단했다.카카오 또한 카카오게임즈, 카카오페이지, 카카오뱅크, 카카오페이, 카카오M, 카카오모빌리티 등 주요 자회사의 성장 잠재력이 부각되며 기업가치 재평가가 이뤄질 것이란 관측이 힘을 얻고 있다. 최근 카카오그룹은 삼성증권과 한국투자증권을 IPO 공동 주관사로 선정하고 카카오게임즈의 상장 작업에 속도를 내고 있다. .황승택 하나금융투자 연구원은 “카카오 등 인터넷·게임 업종은 2분기 실적도 1분기보다 오히려 양호한 수준을 기록할 것으로 예상되는데 단기 실적 외 중장기 성장에 기반을 마련할 수 있는 모멘텀이 풍부하기 때문”이라며 “카카오는 카카오페이지, 카카오게임즈의 IPO를 준비중에 있고 카카오뱅크도 내년 IPO를 위한 준비를 시작할 예정”이라고 설명했다.자회사들의 호실적에 따라 1분기 선방에 성공한 모기업들도 투자자들의 눈길을 끌고 있다.주요 건설주인 대림산업의 1분기 연결기준 실적은 매출액 2조5000억원, 영업이익 2902억원으로 전년 동기 대비 각각 8.1%, 20.5% 증가했다. 자회사인 삼호 등이 실적 개선을 이끌었다. 현대그린푸드도 주요 자회사인 현대리바트와 에버다임의 실적 호조 영향으로 올해 1분기 연결기준 매출액 8347억원, 영입이익 310억원을 기록했다. 전년 동기 대비 각각 7.13%, 15.41% 늘어난 수준이다. 현대리바트의 1분기 영업이익은 전년 대비 50.4% 급증한 148억원에 달한다. 자회사의 성장세에 힘입어 현대리바트 주가는 이달 들어 27.5% 올랐다.남성현 한화투자증권 연구원은 “코로나19 여파에도 본업에 대한 실적 감소가 제한적인 상황에서, 현대리바트와 에버다임의 실적 성장이 이어질 것으로 예상되는 만큼 현대그린푸드에 대한 긍정적인 시각을 유지한다”고 밝혔다.반도체용 특수가스를 생산하는 SK머티리얼즈와 IT 서비스업체 지어소프트도 자회사 효과를 톡톡히 보고 있다. SK머티리얼즈는 올해 1분기 영업이익 531억원으로 시장 기대치를 상회했다. SK트리켐, SK쇼와덴코 등 자회사들이 실적 호조를 보인 덕분이다. 유기농 신선식품 유통사 ‘오아시스’를 보유한 지어소프트도 이달 들어 30% 급등했다. 오아시스의 1분기 영업이익이 작년보다 145.1% 늘어난 23억원을 기록하면서 모회사인 지어소프트가 부상했다.한경래 대신증권 연구원은 “올해 오아시스의 온라인 식품 시장 성장의 수혜가 주목된다”면서 “최대 영업이익률이 기대되는 만큼 실적 및 밸류에이션 동반 상승에 따른 기업가치 추가 상승이 가능할 전망”이라고 내다봤다.데일리안 백서원 기자 (sw100@dailian.co.kr)ⓒ (주)데일리안 - 무단전재, 변형, 무단배포 금지",/news/news_read.nhn?article_id=0002404170&office_id=119&mode=search&query=LG생활건강&page=1
시가총액 상위 종목 대거 변동…카카오 등 약진 외국인 판 만큼 사는 동학개미…증시가 앞당긴 '4차산업혁명',"(서울=뉴스1) 정은지 기자 = 코스피 지수가 두달 반만에 2000선을 회복하며 신종 코로나바이러스 감염증(코로나19) 발생 이전으로 돌아갔다. 코스닥 지수는 코로나19 이전 회복을 넘어 올들어 최고치에 올랐다. 코로나19발 글로벌 경기침체 우려감은 팽배하지만 지난 3월 폭락했던 한국 주식시장은 V자로 반등한 셈이다. 그러나 면면을 살펴보면 코로나19 이전과는 다른 양상을 보였다. 수출 중심의 우리 경제가 큰 충격을 받은 만큼 기존 전통 제조업 주가는 고전한 반면 새로운 흐름으로 자리잡은 4차산업혁명, 언택트(비대면) 관련주들이 전면에 등장했다. 외국인이 좀처럼 귀환하지 않는 가운데 이른바 '동학개미'라 불리는 개인투자자들의 자금 유입이 코스피 2000선 회복을 이끌었다.증권업계 한 관계자는 ""주식시장이 미래 가치와 정보를 모두 반영한다고 전제했을 때 코로나19 이후 세상은 급변한다는 것을 보여준다""고 해석했다.
코스피 시가총액 상위 종목이 대거 바뀌었다. 그 중에서도 쇼핑, 광고 등 국민 메신저 '카카오톡' 연계 언택트(비대면) 사업들로 주목받는 카카오의 성장세가 가장 눈에 띈다. 코로나19발 폭락장 직전 마지막으로 2000선을 지켰던 3월 6일 기준 시총 10위권(우선주 포함)에는 삼성전자, SK하이닉스, 삼성전자우, 삼성바이오로직스, 네이버, LG화학, 현대차, 셀트리온, 삼성SDI, 삼성물산 순으로 이름을 올렸다. 그러나 5월 27일 기준 카카오는 현대차와 LG생활건강을 제치고 시총 9위에 안착했다. 지난 3월 6일 카카오 시총 순위는 18위에 그쳤었다. 코스피 지수는 똑같은 2000선이지만 카카오 주가는 17만550원에서 26만500으로 무려 48%나 올랐다. 그 결과 시가총액은 15조1884억원에서 22조6816억원으로 급증했다.
이 외에 삼성바이오로직스, 네이버가 삼성전자우를 따돌리고 각 한 계단씩 상승했고, 현대차와 삼성물산은 아예 10위권 밖으로 밀렸다. 코스피 향방을 가르던 삼성전자의 위상도 다소 축소됐다. 지난 3월 6일(5만6500원)과 비교했을 때 삼성전자 주가는 약 12% 빠졌다.
'동학개미운동'을 주도한 개미들은 폭락장에서도 우량주와 성장주를 중심으로 주식을 늘려왔다. 코스피 지수가 2000선을 회복하던 기간(3월 6일~5월 26일)동안 개인은 코스피 시장에서만 무려 17조674억원을 순매수했다. 같은 기간 외국인이 19조938억원을 순매도한 것과 대조적이다. 한국거래소가 전산자료를 갖고 있는 1999년 1월 이후 코스피 시장에서의 개인 순매수 역대 순위를 보면, 개인이 하루에 1조원을 넘게 순매수한 날은 7거래일에 불과하다. 그런데 이 중 4차례가 지난 3월~5월 사이에 이뤄졌다.
개인의 순매수 규모가 가장 많았던 날은 지난 5월 4일로 무려 1조7001억원이었다. 이날 주가가 2% 넘게 빠졌지만 개인은 삼성전자(5089억원), SK하이닉스(1688억원), LG화학(822억) 등을 담는 계기로 삼았다. 개인의 순매수 역대 순위 상위 10거래일중 6거래일(3월 9·11일, 4월 1·20일, 5월 4·22일)이 최근 조정장에 나왔다. 과거에는 외국인의 매수 매도 동향에 따라 시장의 방향성이 갈렸지만 최근에는 개인이 유동성 장세를 이끌고 있다. 그 결과 '5월에는 팔고 떠나라(Sell in May and go away)'는 증시 격언은 올해 불발될 가능성이 높다. 국내 제약, 바이오 산업은 코로나19를 계기로 글로벌 시장에서 기술력을 입증받았다. 지난해 잇따른 임상 실패로 바이오기업들에 대한 투자심리가 위축됐던 것을 만회했다.대표 종목은 씨젠 등을 중심으로 한 진단키트 및 진단시약 생산 관련 기업들이다. 27일 종가 기준 씨젠 주가는 11만4500원이다. 지난 3월 6일의 4만8350원과 비교했을 때 137% 올랐고, 시총 순위는 22위에서 5위로 급상승했다. 이 외에 수젠텍, EDGC, 랩지노믹스, 피씨엘 등은 코로나19로 재조명받았다.
코로나19 치료제 개발 기대감에 셀트리온 3총사 주가도 다시금 주목받았다. 셀트리온 주가는 지난 3월 6일 17만7500원에서 전날 21만3000원으로 20% 올랐다. 코스피 시가총액 순위도 8위에서 6위로 두계단 상승했다. 코스닥 대장주 셀트리온헬스케어 주가는 6만7600원에서 8만7400원으로 29.2% 올랐고, 셀트리온제약은 4만1300원에서 8만5100원으로 105%나 상승했다. 네이버, 카카오, 엔씨소프트 등 대형주 이외에도 KG이니시스, 한국정보인증, NHH한국사이버결제, 한국전자인증 등이 두자릿수대의 주가 상승폭을 나타내며 선전했다.LG화학, 삼성SDI, 에코프로비엠 등 전기차 관련주 역시 주도주 역할을 톡톡히 해냈다. 대표적인 2차전지주인 삼성SDI 주가는 15% 오르며 시가총액 순위가 9위에서 8위로 한 단계 상승했다.이경민 대신증권 연구원은 ""코스피가 2020년 낙폭의 50% 되돌림 수준인 1860선을 회복한 이후 추가 상승을 주도한 업종은 IT, 소프트웨어, 2차전지 관련주""라며 ""4차산업 혁명과 언택트(비대면) 문화, 코로나19 수혜주가 향후 코스피 향배를 결정할 것""이라고 말했다.ejjung@news1.kr© 뉴스1코리아(), 무단 전재 및 재배포 금지",/news/news_read.nhn?article_id=0004662482&office_id=421&mode=search&query=LG생활건강&page=1
◇ 한때 최고였지만… 차·철강 등 중후장대 기업 10위권 밖으로,"‘2위에서 17위로’국내 대표 철강기업 의 시가총액 순위 변화다. 포스코의 시가총액은 10년 전인 2010년 12월 31일 기준 42조5000억원이었지만 15조9000억원으로 감소했다. 같은 기간 50만원대였던 주가도 20만원 아래로 내려앉았다. 포스코 주주라면 무려 10년이나 장기투자를 했어도 원금의 절반 이상이 날아간 셈이다. 포스코의 부진은 전방산업인 조선, 자동차산업이 고전하고, 철강기업 간 경쟁이 심화된 영향이다. 포스코뿐 아니라 대한민국 재계의 중추였던 중후장대 산업이 모조리 뒤로 밀려나고 있다.
28일 재계와 증권업계 등에 따르면, 10년 전만 해도 중국 경기 회복의 수혜를 입으면서 그나마 성장세를 보이던 중후장대 기업은 모두 10위권 밖으로 밀려난 상황이다. 굴뚝산업의 대표주자인 , , 는 한때 시총 3~5위를 나란히 차지하며 ‘범현대가(家) 전성시대’라는 평을 들었지만, 모두 옛 얘기가 됐다. 현대차의 시가총액은 올해 초까지 6위였지만, 코로나19 여파로 현재 11위로 내려앉았다. 수천억원의 적자를 기록했던 2018년에도 10위권 밖으로 밀려나지 않았기 때문에 이례적인 일로 평가받고 있다. 현대차는 2011년 시가총액 2위로 올라선 뒤 5년간 ‘넘버2’를 유지했지만, 2016년 중국의 사드(THAAD·고고도미사일방어체계) 보복 이후 꺾이기 시작했다. 설상가상으로 미·중 무역 갈등으로 글로벌 경기가 악화되고, 코로나 19까지 확산되면서 발목이 잡혔다. 현대차그룹 의존도가 높은 현대모비스와 글로벌 공장이 가동을 멈췄던 기아차의 상황도 비슷하다. 현대모비스의 시가총액 순위는 13위까지 내려갔고, 기아차는 22위까지 하락했다. 세계경기불황과 저유가로 이중고를 겪는 한국조선해양(옛 현대중공업)의 사정은 더욱 심각하다. 한국조선해양의 시가총액은 10년 전 33조원에서 현재 6조5000억원으로 줄어들며 순위가 4위에서 35위로 떨어졌다. 한국조선해양은 연이은 선박·해양플랜트 수주, 중국 건설장비 시장 성장세에 2010년 한 해 동안 주가가 160%가량 올랐고, 2011년에는 주가가 50만원을 넘어서기도 했다. 하지만 조선 경기 악화가 이어지면서 주가는 10만원 아래로 뚝 떨어진 상태다. 증권업계에서는 다시 중후장대 기업들이 시가총액 상위권으로 올라오기는 쉽지 않다고 보고 있다. 코로나19로 제조업보다는 바이오·제약, 비대면(언택트)업종에 투자자들의 기대가 커지고 있기 때문이다. 바이오·제약, 언택트업종은 날로 주가가 상승세를 보이고 있다.
현재 시가총액 10위 안에는 , 같은 바이오주와 , 등 언택트주가 포함돼있다. 삼성바이오로직스의 시가총액은 올 초부터 현재까지 12조원 이상 증가했다. 카카오의 시가총액은 10억원 가까이 늘면서 순위가 14계단 상승했다. 네이버(6조8000억원), 셀트리온(5조5000억원)의 시가총액도 큰 폭으로 늘어난 상황이다.최유준 신한금융투자 연구원은 ""국내 시총 톱10 종목 중 LG생활건강을 제외하면 IT, 바이오, 전기차 등 미래 성장 산업으로 이뤄졌다""면서 ""비대면을 필두로 한 비즈니스 디지털화는 글로벌 산업 지형을 바꾸고 올해 승기를 잡은 종목이 향후 주도주가 될 것""이라고 말했다.이상헌 하이투자증권 연구원은 ""2010년대 중반부터 4차산업혁명으로 산업지형 변화가 진행되고 있었는데 코로나19로 변화가 더욱 빠르게 촉진됐다""며 ""카카오는 언택트 수혜주로 부각되는 반면, 현대차는 전통산업의 한계를 드러냈다""고 분석했다. [안소영 기자 seenrun@chosunbiz.com]	[]	[] 	chosunbiz.com",/news/news_read.nhn?article_id=0000529665&office_id=366&mode=search&query=LG생활건강&page=1
,"코스피가 상승세를 이어가고 있다.28일 오전 9시 9분 현재 코스피는 전일 대비 14.14포인트(0.70%) 오른 2045.34를 기록하고 있다.신종 코로나바이러스 감염증(코로나19) 폭락장에 지난 3월 중순 1430선까지 밀렸던 코스피는 가파른 회복세를 보이며 80여 일만에 2000선을 회복했다.글로벌 증시도 안정세다. 미국 뉴욕증시와 유럽증시가 부분적인 경제 정상화 조치와 코로나19 대응을 위한 기금 조성 추진 소식 등에 훈풍을 이어갔다.다우지수는 지난 3월 10일 이후 처음으로 2만5000선을, S&P 500 지수는 3월 5일 이후 처음으로 3000선을 각각 회복했다. 다우지수는 이틀 연속 500포인트 이상의 상승을 기록했다. 특히 S&P 500 지수는 200일 이동평균선을 넘었다. 이는 증시가 상승장으로 갈 것이라는 신호로 인식되는 지표다.미국 전체 50개 주가 코로나19 차단을 위해 취했던 제한조치를 완화하며 부분적인 경제 정상화에 들어가면서 투자 심리가 다소 회복되고 있다. 신종 코로나바이러스 감염증(코로나19) 백신 개발에 대한 기대도 시장을 떠받치고 있다.유럽 주요 증시도 유럽연합(EU) 행정부 격인 집행위원회가 코로나19 대응을 위해 7500억 유로(약 1020조원) 규모의 기금을 제안한 데 힘입어 일제히 상승했다.반면, 마이크 폼페이오 미 국무장관은 이날 홍콩이 중국으로부터 고도의 자치권을 누리지 못하고 있다고 의회에 보고했다. 국무부가 홍콩의 자치권에 대한 공식 평가를 내놓음에 따라 미국이 홍콩에 부여한 경제·통상 관련 특별지위의 박탈 조치로 이어질지가 최대 관심사다.안소은 IBK투자증권 연구원은 ""글로벌 금융시장은 경제지표와 기업 실적 부진보다 경제 재개 기대를 더 강하게 반영했다. 4월말부터 지역별 봉쇄조치가 단계적으로 완화된 점과 바이오 기업들의 코로나19 백신 관련 임상 소식이 긍정적으로 작용했다""면서 ""다만 코로나19 책임론을 둘러싸고 미국과 중국 갈등이 재부각된 점은 부담 요인""이라고 지적했다. 홍콩 국가보안법과 위안화 평가절하 등 중국의 맞대응을 감안할 때 양국 갈등은 심화될 가능성이 높다는 얘기다. 이어 안 연구원은 ""경제 정상화에 대한 기대가 금융시장에 강하게 선반영됐지만 미중 갈등과 코로나19 백신 개발과 재확산 관련 불확실성이 존재하는 만큼 주의가 필요한 시점""이라고 진단했다.업종별로 전기·전자, 금융업, 운수창고, 철강·금속, 제조, 섬유·의복 등이 오르고 있고 음식료품, 의약품은 떨어지고 있다.매매주체별로는 개인과 기관이 각각 97억원, 545억원을 순매도하고 있고 외국인은 601억원을 순매수하고 있다. 프로그램 매매는 737억원 매도 우위다.시가총액 상위 종목들은 희비가 엇갈린다. 삼성전자, SK하이닉스, NAVER, LG화학 등은 오르는 동안, 삼성바이오로직스, 셀트리온, 삼성SDI, 카카오, LG생활건강 등은 하락세다.이날 유가증권시장에서는 707개 종목이 상승하고 있고 459개 종목이 하락하고 있다.코스닥은 전일 대비 1.75포인트(0.24%) 내린 726.34를 기록 중이다.[김규리 기자 wizkim61@mkinternet.com] [ⓒ 매일경제 & mk.co.kr, 무단전재 및 재배포 금지]",/news/news_read.nhn?article_id=0004583881&office_id=009&mode=search&query=LG생활건강&page=1
,"손희연 기자 son90@mt.co.kr
<저작권자 ⓒ '성공을 꿈꾸는 사람들의 경제 뉴스' 머니S, 무단전재 및 재배포 금지>",/news/news_read.nhn?article_id=0000547965&office_id=417&mode=search&query=LG생활건강&page=1
,"[헤럴드경제=강승연 기자] 28일 코스피지수가 외국인 순매수에 힘입어 두여 달 만에 장중 2050선을 돌파했다.이날 유가증권시장에서 코스피지수는 오전 10시 20분 현재 전 거래일 대비 11.38포인트(0.56%) 상승한 2042.58을 가리키고 있다. 지수는 이날 전일보다 15.88포인트(0.78%) 오른 2047.08로 출발해 오름 폭을 넓히더니 장중 2050선을 넘어섰다. 지수가 2050선을 상회한 것은 3월 6일 이후 처음이다.외국인이 같은 시각 기준 1096억원, 기관이 436억원 순매수에 나서면서 지수 상승을 견인했다. 외국인과 기관의 동반 순매수는 지난 26일 이후 2거래일 만이다. 반면 개인은 1534억원 순매도하고 있다.이에 대장주 삼성전자가 2.20% 상승했고, 시가총액 상위주에서 SK하이닉스(3.93%), LG생활건강(0.07%) 등이 올랐다. 전기전자, 철강금속, 운수창고, 은행, 증권 등의 업종에서 오름세가 두드러졌다.간밤 뉴욕증시의 강세 흐름이 이어졌다. 27일(현지시간) 뉴욕증권거래소(NYSE)에서 다우존스30산업평균지수가 2.21% 오르며 3월 10일 이후 처음으로 2만5000선을 회복했고, 스탠더드앤푸어스(S&P)500지수(1.48%), 나스닥지수(0.77%)도 일제히 상승했다.코로나19 봉쇄조치를 완화한 미국의 경제 회복 기대감과 함께 코로나19 백신 개발 가능성이 투자심리 개선을 이끌었다. “2차 감염을 피할 수 있다”는 앤서니 파우치 미국 국립알레르기·전염병연구소(NIAID) 소장의 언론 인터뷰도 상승 재료로 작용했다.spa@heraldcorp.com
- Copyrights ⓒ 헤럴드경제 & heraldbiz.com, 무단 전재 및 재배포 금지 -",/news/news_read.nhn?article_id=0001679152&office_id=016&mode=search&query=LG생활건강&page=1
"코스닥, 차익실현 매물 쏟아져","상승세를 이어가던 코스피가 마이너스 성장 예고에 하락 반전 중이다.28일 오후2시 현재 코스피는 전일대비 12.09포인트(0.60%) 떨어진 2019.11을 기록 중이다.이날 15.88포인트(0.78%) 오른 2047.08로 출발해 강세 흐름을 이어가던 지수는 오전에는 2050선을 돌파하며 가파른 회복세를 보였다. 그러나 한국은행이 이날 금융통화위원회를 열고 올해 경제성장률을 마이너스 조정 발표하면서 분위기는 반전됐다.이날 서울 중구 삼성본관 한은 임시본부에서 열린 금통위에서는 올해 경제성장률 전망치를 -0.2%로 하향 조정한다고 발표했다. 신종 코로나바이러스 감염증(코로나19)을 비롯한 대내외 경제 불확실성이 커진 탓이다.앞서 글로벌 기관과 각종 경제 연구소 등은 한국의 경제성장률을 마이너스까지 낮춘 바 있다. 국제통화기금(IMF)은 한국의 올해 GDP 성장률을 -1.2%로 예상했고, 한국개발연구원(KDI)도 코로나19 재확산 등 최악의 경우 올해 성장률이 -1.6%까지 추락할 수 있다는 전망을 내놨다.
한국경제연구원은 -2.3%의 성장률을 나타낼 것으로 예상했다.한은의 마이너스 경제 성장률 발표에 흔들린 것은 개인투자자로 보인다. 이날 외국인과 기관이 각각 460억원, 1939억원 순매수하는 가운데 개인은 2336억원어치를 쏟아내고 있다.노동길 NH투자증권 연구원은 ""성장률 예상치 하향은 위험자산 투자심리에 부정적으로 영향을 미친 듯하다""면서 ""국내 주식시장은 한국은행 성장률 전망 발표 이후 변동성 확대를 보이고 있다""고 언급했다.여기에 미국과 중국의 갈등 국면이 이어지는 등 악재가 겹치면서 코스피 2020선을 횡보하고 있다. 중국 전국인민대표대회(전인대)는 28일 오후 3시(현지시간) 베이징(北京) 인민대회당에서 제13기 3차 전체회의를 열고 홍콩보안법 초안을 표결한다. 이에 따라 미중 갈등 분위기가 고조되는 상황이다.이원 부국증권 연구원은 ""홍콩 국가보안법 표결을 앞두고 미·중 무역 마찰에 대한 우려가 확산하는 가운데 코스닥의 경우 앞선 주가 상승 폭이 컸던 만큼 차익 실현 매물이 쏟아지고 있다""고 지적했다.시가총액 상위 종목들은 희비가 엇갈린다. 삼성전자, SK하이닉스, NAVER, 카카오 등은 상승하는 동안 삼성바이오로직스, 셀트리온, LG화학, 삼성SDI, LG생활건강, 현대차 등은 하락세다.코스닥의 경우 장중 한 때 3% 하락률을 그리며 700선이 깨지기도 했다. 코스닥은 전일대비 18.75포인트(2.59%) 하락한 705.84에 머물고 있다.[김규리 기자 wizkim61@mkinternet.com] [ⓒ 매일경제 & mk.co.kr, 무단전재 및 재배포 금지]",/news/news_read.nhn?article_id=0004584152&office_id=009&mode=search&query=LG생활건강&page=1
▶ 네이버 홈에서 [한국경제TV] 채널 구독하기 [생방송보기]▶ 대한민국 재테크 총집결! - [증권 / 주식상담 / 부동산],"[한국경제TV 정희형 기자]코로나19사태 여파로 11년만의 역성장 전망이 나오면서 코스피는 2,030선을 내주며 하락 마감했다.28일 코스피는 전 거래일 대비 2.66포인트(-0.13%) 내린 2,028.54에 거래를 마쳤다.이날 한국은행은 올해 우리나라 실질 국내총생산(GDP) 성장률이 -0.2%에 그칠 것으로 전망했다.여기에 '홍콩 국가보안법'을 둘러싼 미중 갈등 격화 가능성이 증시에 부정적인 영향을 끼친 것도
장 초반 상승세를 뒤로하고 지수가 하락 마감한 원인으로 풀이된다.수급 주체별로는 개인이 순매도한 반면 외국인과 기관은 순매수했다.외국인과 기관은 각각 427억원, 2,418억원 순매수했다.개인은 2,851억원 순매도했다.시가총액 상위 10종목 가운데 다섯 종목은 상승 마감했다.삼성전자(+1.00%), SK하이닉스(+3.07%), 네이버(+5.25%), 삼성전자우(+1.28%), 카카오(+2.50%) 등이 상승 마감했다.하락 마감한 종목은 삼성바이오로직스(-2.08%), 셀트리온(-0.94%), LG화학(-1.77%), 삼성SDI(-1.64%), LG생활건강(-0.36%) 등이다.코스닥지수는 전 거래일 대비 15.84포인트 (-2.19%) 내린 708.75에 거래를 마쳤다.투자주체별로는 개인이 3,446억원 순매수한 반면 외국인과 기관은 각각 411억원, 2,378억원 순매도 했다.코스닥 시가총액 상위 10종목 가운데 일곱 종목이 하락 마감했다.하락마감한 종목은 셀트리온헬스케어(-1.14%), 에이치엘비(-0.86%), 펄어비스(-2.85%), CJ ENM(-2.17%), 에코프로비엠(-3.61%), 케이엠더블유(-2.37%), 스튜디오드래곤(-2.41%) 등이다.알테오젠(+2.95%), 씨젠(+5.41%), 셀트리온제약(+1.41%) 등은 상승 마감했다.한편 서울외환시장에서 원/달러 환율은 전 거래일보다 달러당 5.2원 오른 1,239.6원에 거래를 마쳤다.정희형기자 hhjeong@wowtv.co.krⓒ 한국경제TV, 무단 전재 및 재배포 금지",/news/news_read.nhn?article_id=0000874213&office_id=215&mode=search&query=LG생활건강&page=1
,"[서울=뉴시스]신항섭 기자 = 2000선 돌파 후 상승세를 보이던 코스피가 한국은행의 경제성장률 하향으로 하락 마감했다. 특히 코스닥은 2% 하락하며 700선으로 밀려났다.28일 코스피지수는 전 거래일(2031.20)보다 2.66포인트(0.13%) 내린 2028.54에 마감했다. 지수는 전날 보다 16.96포인트(0.83%) 오른 2048.16에 출발했으나 한은의 경제성장률 전망이 발표되자 하락 전환했다. 장중에는 기준금리 인하 소식에 1.1%의 강세를 보이기도 했다.유가증권시장에서 개인이 나홀로 2850억원을 순매도했고, 기관은 2418억원, 외국인은 435억원 각각 순매수했다.업종은 대체로 하락했다. 의료정밀(-2.84%)이 가장 큰 폭으로 하락했고, 건설업(-2.20%), 기계(-2.20%), 섬유의복(-2.05%), 유통업(-1.68%) 순으로 떨어졌다. 반면 은행(3.48%)은 나홀로 강세를 보였고, 서비스업(0.97%), 전기전자(0.96%), 증권(0.94%), 운수창고(0.34%) 등도 올랐다.시가총액 상위 종목은 엇갈렸다. 대장주 삼성전자는 전 거래일 대비 500원(1.00%) 오른 5만400원에 거래를 마쳤고, SK하이닉스(3.07%)와 네이버(5.25%), 카카오(2.50%)는 상승했다. 반면 삼성바이오로직스(-2.08%), LG화학(-1.77%), 삼성SDI(-1.64%), 셀트리온(-0.94%), 현대차(-0.92%), LG생활건강(-0.36%) 등은 하락했다.증권업계에서는 한은의 경제성장률 하향과 중국 증시 등이 영향을 끼쳤다고 분석했다. 앞서 한은은 이날 올해 한국의 경제성장률 전망치를 기존 2.1%에서 -0.2%로 2.3%포인트 하향 조정했다. 만약 한은의 전망이 현실화되면 1998년 국제통화기금(IMF) 외환위기 때 이후 처음으로 연간 성장률이 마이너스(-)를 기록하게 된다.서상영 키움증권 연구원은 ""미국 반도체 기업 마이크론의 실적 전망 상향 조정에 힘입어 한국 증시가 상승 출발했으나 성장률 하향 소식이 나오자 매물이 출회됐다""며 ""여기에 중국 증시가 미-중 마찰 우려로 하락 전환하자 국내 증시에서 추가적 매물이 출회했다""고 설명했다이날 코스닥지수는 전 거래일(724.59)보다 15.84포인트(2.19%) 내린 708.75에 마감했다. 지수는4.17포인트(0.58%) 오른 728.76에 출발했으나 경제성장률 전망치 하향 발표 후 하락 전환해 그 폭을 확대하는 모습을 보였다.코스닥시장에서는 외국인과 기관이 각각 389억원, 2379억원을 순매도했다. 반면 개인은 나홀로 3447억원을 순매수했다.코스닥 시총 상위 10개 종목 대부분이 하락했다. 에코프로비엠(-3.61%)이 가장 큰 폭으로 떨어졌고, 펄어비스(-2.85%), 스튜디오드래곤(-2.41%), 케이엠더블유(-2.37%), CJ ENM(-2.17%) 등이 약세를 보였다. 반면 씨젠(5.41%), 알테오젠(2.95%), 셀트리온제약(1.41%) 등은 강세를 기록했다. hangseob@newsis.com<ⓒ 공감언론 뉴시스통신사. 무단전재-재배포 금지>",/news/news_read.nhn?article_id=0009886480&office_id=003&mode=search&query=LG생활건강&page=1
코스피 약보합세...0.13% 내린 2028.54 마감,"[더팩트ㅣ박경현 기자] 28일 코스피는 개인 매도세가 커지며 낙폭을 키우다 약보합 마감했다. 코스닥 역시 오전 중 혼조세를 겪다 우하향 곡선을 그리며 2%대 하락 마감했다.코스피는 이날 전장 대비 2.66포인트(-0.13%) 내린 2028.54에 마쳤다. 개인은 다시 매도로 전환해 2851억 원을 팔아치웠다. 외국인과 기관은 동반 매수포지션을 취하며 각각 428억 원, 2418억 원을 사들였다.시가총액 상위종목은 삼성전자(+1.00%), SK하이닉스(+3.07%), 네이버(+5.25%), 삼성전자우(+1.28%), 카카오(+2.50%)가 오른 반면 삼성바이오로직스(-2.08%), 셀트리온(-0.94%), LG화학(-1.77%), 삼성SDI(-1.64%), LG생활건강(-0.36%)은 내렸다.업종은 양방향미디어와 서비스, 은행, 항공사가 3~4%가량 올랐다. 반면 독립전력생산 및 에너지거래, 에너지장비 및 서비스, 호텔·레스토랑·레저, 건축제품이 4~6%가량 내렸다.코스닥은 전장대비 15.84포인트(-2.19%) 내린 708.75에 장을 마쳤다.코스닥에서는 전날과 같이 개인이 매수를, 외국인과 기관은 매도포지션을 취했다. 이에 외국인과 기관은 각각 411억 원, 2379억 원을 순매도하고 개인 홀로 3448억 원을 순매수했다.이날 코스닥 시가총액 상위종목은 대부분 내렸다. 셀트리온헬스케어(-1.14%), 에이치엘비(-0.86%), CJ ENM(-2.17%), 에코프로비엠(-3.61%), 케이엠더블유(-2.37%), 스튜디오드래곤(-2.41%)이 내린 가운데 알테오젠(+2.95%), 씨젠(+5.41%), 셀트리온제약(+1.41%)은 오름세를 보이며 장을 마쳤다.pkh@tf.co.kr저작권자 ⓒ 특종에 강한 더팩트 & tf.co.kr 무단 전재 및 재배포 금지",/news/news_read.nhn?article_id=0000027340&office_id=629&mode=search&query=LG생활건강&page=1
"경제 역성장 전망·코로나 확진자 증가, 증시에 부담 코스피 2.66p 내린 2028.54·코스닥 15.84p 내린 708.75","(서울=뉴스1) 권혜정 기자 = 28일 코스피 지수가 소폭 하락했다. 이날 장중 2050선까지 올랐던 코스피 지수는 오후 들어 하락세로 전환하며 2020선에 머물렀다. 한국은행이 신종 코로나바이러스 감염증(코로나19) 사태를 반영해 올해 경제성장률 전망치를 -0.2%로 대폭 하향 조정한 게 영향을 미쳤다. 올해 역성장하면 외환위기 때인 1998년(-5.1%) 이후 22년 만이다. 이와 함께 코로나19 신규 확진자 대폭 증가와 홍콩보안법을 둘러싼 미국과 중국간의 갈등 고조 등이 증시에 부담으로 작용했다. 한국거래소에 따르면 코스피지수는 전일 대비 2.66p(0.13%) 내린 2028.54에 거래를 마쳤다.개인이 3851억원을 순매도한 가운데 외국인과 기관은 각각 427억원, 2418억원을 순매수했다.시가총액 상위 10위권은 혼조세를 보였다. 최근 52주 신고가를 경신하다 전날 하락 마감한 네이버(5.25%)와 카카오(2.50%)는 동반 상승했다. 또 미국 반도체업체인 마이크론테크놀로지가 실적 가이던스를 상향조정함에 따라 반도체 관련 업종도 상승했다. SK하이닉스(3.07%), 삼성전자우(1.28%), 삼성전자(1.00%) 순이다. 반면 삼성바이오로직스(2.08%), LG화학(1.77%), 삼성SDI(1.64%), 셀트리온(0.94%), LG생활건강(0.36%) 등은 하락했다. 업종별로는 은행주(3.23%)가 오랜만에 상승했다. 그간 상승장에서 소외돼 저평가 매력이 부각됐기 때문인 것으로 보인다. 하나금융지주(4.60%), 우리금융지주(4.55%), KB금융(3.32%), 신한지주(1.68%) 등 은행 관련주가 동반 상승했다. 이밖에 양방향미디어와서비스(4.12%), 항공사(2.89%), 생명과학도구및서비스(1.56%) 등의 상승폭이 컸다. 코스닥 지수는 이날 전일 대비 15.84p(2.19%) 내린 708.75에 마감했다.개인이 3446억원을 순매수한 반면 외국인과 기관이 각각 411억원, 2378억원을 순매도했다.코스닥 시가총액 10위권 가운데 씨젠(5.41%), 알테오젠(2.95%), 셀트리온제약(1.41%)은 올랐고 에코프로비엠(3.61%), 펄어비스(2.85%), 스튜디오드래곤(2.41%) 케이엠더블유(2.37%) 등은 떨어졌다. 노동길 NH투자증권 연구원은 ""한국은행의 성장률 예상치 하향은 위험자산 투자심리에 부정적으로 영향을 미친 듯 하다""며 ""국내 주식시장은 한국은행 성장률 전망 발표 이후 변동성이 확대됐다""고 밝혔다. 이어 ""글로벌 경기 회복 기대, 유럽 7500억 유로 규모 부양책 현실화 가능성 부상, 연준 추가 정책 기대 등이 위험자산 심리를 받치고 있다""며 ""미중 마찰 현실화 가능성이 높지만 마찰 범위를 우선 확인해야 할 필요가 있다""고 분석했다. 서울외환시장에서 달러/원 환율은 5.2원 오른 1239.6원에 마감했다.jung9079@news1.kr© 뉴스1코리아(), 무단 전재 및 재배포 금지",/news/news_read.nhn?article_id=0004664254&office_id=421&mode=search&query=LG생활건강&page=1
,"경제성장률 악화 전망에 코스피 상승이 꺾였다.28일 코스피는 전일 대비 2.66포인트(0.13%) 떨어진 2028.54에 마감했다.신종 코로나바이러스 감염증(코로나19) 폭락장에 지난 3월 중순 1430선까지 밀렸던 코스피는 가파른 회복세를 보이며 80여 일만에 2000선을 회복했다. 이날도 15.88포인트(0.78%) 오른 2047.08로 출발해 강세 흐름을 이어가며 오전 한 때 2050선을 돌파하기도 했다. 그러나 한국은행이 이날 금융통화위원회를 열고 올해 경제성장률을 마이너스 조정 발표하면서 분위기는 반전됐다.이날 서울 중구 삼성본관 한은 임시본부에서 열린 금통위에서는 올해 경제성장률 전망치를 -0.2%로 하향 조정한다고 발표했다. 신종 코로나바이러스 감염증(코로나19)을 비롯한 대내외 경제 불확실성이 커진 탓이다.앞서 글로벌 기관과 각종 경제 연구소 등은 한국의 경제성장률을 마이너스까지 낮춘 바 있다. 국제통화기금(IMF)은 한국의 올해 GDP 성장률을 -1.2%로 예상했고, 한국개발연구원(KDI)도 코로나19 재확산 등 최악의 경우 올해 성장률이 -1.6%까지 추락할 수 있다는 전망을 내놨다.
한국경제연구원은 -2.3%의 성장률을 나타낼 것으로 예상했다.노동길 NH투자증권 연구원은 ""성장률 예상치 하향은 위험자산 투자심리에 부정적으로 영향을 미친 듯하다""면서 ""국내 주식시장은 한국은행 성장률 전망 발표 이후 변동성 확대를 보이고 있다""고 언급했다.안소은 IBK투자증권 연구원은 ""글로벌 금융시장은 경제지표와 기업 실적 부진보다 경제 재개 기대를 더 강하게 반영했다. 4월말부터 지역별 봉쇄조치가 단계적으로 완화된 점과 바이오 기업들의 코로나19 백신 관련 임상 소식이 긍정적으로 작용했다""면서 ""다만 코로나19 책임론을 둘러싸고 미국과 중국 갈등이 재부각된 점은 부담 요인""이라고 지적했다. 홍콩 국가보안법과 위안화 평가절하 등 중국의 맞대응을 감안할 때 양국 갈등은 심화될 가능성이 높다는 얘기다. 이어 안 연구원은 ""경제 정상화에 대한 기대가 금융시장에 강하게 선반영됐지만 미중 갈등과 코로나19 백신 개발과 재확산 관련 불확실성이 존재하는 만큼 주의가 필요한 시점""이라고 진단했다.미국과 중국의 갈등 국면이 이어지는 등 악재도 발목을 잡았다. 중국 전국인민대표대회(전인대)는 28일 오후 3시(현지시간) 베이징(北京) 인민대회당에서 제13기 3차 전체회의를 열고 홍콩보안법 초안을 표결한다. 이에 따라 미중 갈등 분위기가 고조되는 상황이다.이원 부국증권 연구원은 ""홍콩 국가보안법 표결을 앞두고 미·중 무역 마찰에 대한 우려가 확산하는 가운데 코스닥의 경우 앞선 주가 상승 폭이 컸던 만큼 차익 실현 매물이 쏟아지고 있다""고 지적했다.업종별로 은행, 서비스업, 전기·전자, 증권이 올랐고, 의료정밀, 기계, 건설업, 섬유·의복, 비금속광물, 유통업, 화학 등은 떨어졌다.매매주체별로는 개인은 2851억원 순매도하는 동안 외국인과 기관은 각각 435억원, 2414억원을 순매수 했다. 프로그램 매매는 1519억원 매도 우위를 나타냈다.시가총액 상위 종목들은 혼조양상이었다. 삼성전자, SK하이닉스, NAVER, 카카오가 오르는 반면 삼성바이오로직스, 셀트리온, LG화학, 삼성SDI, LG생활건강, 현대차 등은 하락했다.이날 유가증권시장에서는 203개 종목이 상승했고, 1069개 종목이 떨어졌다.코스닥은 전일 대비 15.84포인트(2.19%) 내린 708.75에 장을 마쳤다.[김규리 기자 wizkim61@mkinternet.com] [ⓒ 매일경제 & mk.co.kr, 무단전재 및 재배포 금지]",/news/news_read.nhn?article_id=0004584328&office_id=009&mode=search&query=LG생활건강&page=1
,"손희연 기자 son90@mt.co.kr
<저작권자 ⓒ '성공을 꿈꾸는 사람들의 경제 뉴스' 머니S, 무단전재 및 재배포 금지>",/news/news_read.nhn?article_id=0000548278&office_id=417&mode=search&query=LG생활건강&page=1
삼성전자 1226억 원 매수·삼성SDI 395억 원 매도,"[더팩트ㅣ박경현 기자] 27일 코스피는 개인 매도세가 커지며 오후 중 하락세로 전환해 약보합권에 마감했다. 이날 개인은 다시 매도로 전환해 2851억 원을 팔아치웠다. 외국인과 기관은 동반 매수포지션을 취하며 각각 428억 원, 2418억 원을 사들였다. 코스닥에서는 외국인과 기관의 '팔자'기조 확대에 2%대 하락했다.이날 외국인투자자의 코스피시장 기업 최대매수는 전날과 같이 삼성전자로 향했다. 외국인은 이날 삼성전자 1226억 원, SK하이닉스 925억 원, 포스코(POSCO) 397억 원, 네이버(NAVER) 310억 원, KB금융 297억 원을 사들였다.반면 삼성SDI 역시 전날에 이은 최대 매도 종목으로 395억 원가량을 팔았다. 이어 LG화학 388억 원, SK 200억 원, 케이티앤지(KT&G) 164억 원, 한국전력 146억 원을 순매도했다.코스닥 시장에서는 셀트리온제약(76억 원), 에코프로비엠(68억 원), 천보(68억 원)를 사고, 셀트리온헬스케어(350억 원), 컴투스(38억 원), 씨젠(31억 원)은 팔았다.기관투자자는 SK하이닉스에 1635억 원을 순매수했다. 이어 삼성전자 1420억 원, KB금융 276억 원, 삼성전기 215억 원, 하나금융지주 195억 원 순으로 사들였다.반면 카카오는 235억 원가량 팔아치웠다. 또한 삼성SDI 139억 원, 아모레퍼시픽 118억 원, 삼성화재 106억 원, SK 89억 원을 팔았다.이날 시가총액 상위종목은 삼성전자(+1.00%), SK하이닉스(+3.07%), 네이버(+5.25%), 삼성전자우(+1.28%), 카카오(+2.50%)가 오른 반면 삼성바이오로직스(-2.08%), 셀트리온(-0.94%), LG화학(-1.77%), 삼성SDI(-1.64%), LG생활건강(-0.36%)은 내리며 장을 마쳤다.pkh@tf.co.kr저작권자 ⓒ 특종에 강한 더팩트 & tf.co.kr 무단 전재 및 재배포 금지",/news/news_read.nhn?article_id=0000027358&office_id=629&mode=search&query=LG생활건강&page=1
아모레퍼시픽·남양유업 우선주보통주 주가의 3분의 1 수준외국인 컴백 땐 회복 기대도,"보통주보다 현격히 주가가 낮은 우선주가 속출하고 있다. 신종 코로나바이러스 감염증(코로나19) 사태로 외국인이 국내 증시에서 썰물처럼 빠져나가며 나타난 현상이다. 이런 상황은 우선주 투자 기회로 작용할 수 있다는 분석이다. 시장이 정상화되면 괴리가 줄어들 가능성이 크기 때문이다. 전문가들은 의결권이 필요한 투자자가 아니라면 배당을 더 받을 수 있는 우선주를 싼값에 사는 것도 좋은 투자 전략이 될 수 있다고 말한다.LG생활건강은 한국에서 가장 비싼 주식이다. 28일 종가 기준으로 주당 138만5000원이다. 반면 우선주는 71만원에 불과하다. 보통주보다 67만5000원 싸다. 괴리율은 95.1%에 이른다. 괴리율이 높을수록 우선주 가격이 보통주에 비해 낮다는 의미다. 우선주 주가가 보통주보다 현저히 낮아야 할 이유는 없다. 우선주는 의결권이 없는 대신 배당을 조금 더 주는 주식이다. 김용구 하나금융투자 연구원은 “우선주는 거래량이 적고 의결권이 없어 보통주보다 할인돼 거래되곤 한다”며 “그래도 한국의 보통주 대비 우선주 괴리율은 세계적으로 큰 편”이라고 말했다. 독일은 보통주와 우선주 괴리율이 3.5% 수준이라는 설명이다. 미국 알파벳(구글 지주회사)도 보통주인 알파벳A가 1420.28달러(27일 기준), 우선주인 알파벳C가 1417.84달러로 괴리율이 0.2%에 그치고 있다.안 그래도 컸던 우선주 괴리율은 올 들어 더 확대됐다. LG생활건강 보통주는 올 들어 9.8% 올랐지만 우선주는 7.9% 하락했기 때문이다. 아모레퍼시픽도 보통주가 올해 16.8% 떨어지는 동안 우선주는 34.2% 하락했다. 괴리율은 작년 말 123.7%에서 현재 183.2%로 벌어졌다. 같은 기간 LG전자는 153.9%에서 172.1%로, CJ제일제당은 131.7%에서 143.3%로 괴리율이 커졌다.이정빈 IBK투자증권 연구원은 “외국인이 국내 주식을 대거 팔면서 수급 공백이 생긴 탓”이라고 말했다. 그동안 우선주를 가장 활발히 매매한 주체가 외국인이었기 때문이다. 시가총액이 작고 거래량이 적은 탓에 국내 기관은 우선주 투자를 주저해왔다. 공매도 금지로 상대적으로 비싼 보통주를 팔고 저평가된 우선주를 사는 롱쇼트 차익거래가 사라진 것도 원인으로 지목된다.전문가들 사이에선 괴리율이 크게 벌어진 지금 우선주를 사두면 좋다는 의견이 나온다. 외국인 투자자가 돌아오면 극심한 우선주 저평가 현상이 완화될 가능성이 크기 때문이다. 주가는 낮은데 배당금은 더 많아 배당수익률(배당금/주가)이 높은 점도 투자 매력으로 꼽힌다. 허남권 신영자산운용 대표는 “의결권이 필요 없는 일반 투자자라면 굳이 보통주만 고집할 필요가 없다”고 말했다.현대차는 지난해 보통주는 주당 4000원, 우선주는 4100원 배당했다. 지난해 배당금을 현재 주가로 나눈 배당수익률은 보통주가 4.1%인 반면 우선주(현대차우)는 7.2%에 이른다. 송선재 하나금융투자 연구원은 “배당 투자자에겐 현대차 보통주보다 우선주의 투자 매력이 높을 것”이라고 말했다. 대신증권도 보통주 배당수익률이 현재 10.0%로 높지만 우선주인 대신증권우와 대신증권2우B는 각각 12.5%와 13.1%로 더 높다.전문가들은 우선주에 투자하려면 보통주에 비해 배당수익률이 충분히 높은지, 회사 경영진이 주주친화적인 정책을 펴는지 잘 살펴봐야 한다고 말한다. 2016년 이재용 삼성전자 부회장이 우선주 괴리율이 10% 수준을 넘지 않도록 하겠다고 공표한 것이 대표적이다.임근호 기자 eigen@hankyung.com▶ ▶
 ▶
ⓒ 한국경제 & , 무단전재 및 재배포 금지",/news/news_read.nhn?article_id=0004349528&office_id=015&mode=search&query=LG생활건강&page=1
호주 래셔널그룹 지분 인수 및 VC 펀드 출자사드 이후 악화한 성장성 지표 회복 더뎌신성장 동력·사업 영토 확보 차원,"[서울경제] 그룹이 1조 5,000억원에 달하는 현금성자산을 바탕으로 인수·합병(M&A)과 지분 투자를 늘리고 있다. 사드 사태로 꺾여 버린 성장세가 쉽사리 회복되지 못 하자 신성장 동력을 확보하고 사업 영토를 확대하겠다는 조치다.28일 투자은행(IB) 업계에 따르면 아모레퍼시픽은 국내외 화장품 브랜드에 대한 전략적 지분 투자와 M&A를 확대하고 있다. 아모레퍼시픽은 1·4분기에는 호주 럭셔리 화장품 기업 래셔널그룹 지분 49%를 약 500억원을 인수했다. 아모레퍼시픽이 의미 있는 규모의 M&A에 나선 건 2011년 향수브랜드 아닉구딸 이후 9년만에 처음이다. 벤처투자도 늘리고 있다. 지난해 10월 국내 신생 벤처캐피탈(VC)인 TBT가 조성한 펀드에 약 100억원을 출자했고 미국 비건 화장품 브랜드인 밀크메이크업 지분 4%를 취득하기도 했다. 몇 년 전까지 만해도 아모레퍼시픽은 외부기업에 대한 투자에는 소극적이었다. 그보다는 K-뷰티 열풍에 올라타 사세를 확장하는 데 집중했다.
2011년 3조 585억원이었던 아모레퍼시픽그룹()의 매출은 5년 만에 6조 6,976억원으로 2배 이상 폭증했다. 같은 기간 영업이익 역시 4,347억원에서 1조 828억원으로 149%나 뛰었다. 영업 현금흐름이 워낙 뛰어난 덕에 매년 수천억원의 현금이 차곡차곡 쌓였다. 그러나 사드사태와 로드샵 브랜드들의 성장세가 꺾이자 상황이 급변했다. 지난해 아모레G의 매출액은 6조 2,843억원으로 3년전보다 오히려 6% 줄었다. 20~30%에 달하던 영업이익 증가율은 마이너스로 돌아섰다. 2017년에는 만년 2위였던 LG생활건강에 매출 1위 자리를 내준 뒤 그 격차가 계속 벌어지고 있다. 지난 1분기 아모레G의 매출액은 LG생활건강의 67% 수준이다. LG생활건강은 실적의 절반을 담당하는 생활용품·음료 사업부가 중국 화장품 매출이 빠진 자리를 메웠기 때문이다. LG생활건강은 적극적인 M&A로 안정적인 사업 포트폴리오를 구축해왔다. 2007년 코카콜라를 시작으로 다이아몬드샘물·더페이스샵·해태음료를 비롯해 올 초에는 1,920억원을 주고 피지오겔 사업권을 취득하기도 했다. 글로벌 1위 화장품 기업인 로레알그룹 역시 중국 마스크팩 제조업체인 매직과 중국에서 인기가 많은 한국 화장품 기업 스타일난다를 인수하면서 현지에서 장악력을 확대하고 있다. 아모레퍼시픽그룹으로서는 신성장동력 확보와 중국에 쏠린 매출처 다변화가 시급하다. 최근 북미 위주로 투자를 집행한 것 역시 이 같은 흐름을 반영한 움직임으로 해석된다. 투자 실탄도 두둑하다. 지난 1분기 기준 현금성 자산은 약 1조 3,000억원에 달한다. 사옥이었던 성암빌딩을 매각해 확보한 1,520억원을 더하면 1조 5,000억원에 가깝다.투자업계 관계자는 “아모레퍼시픽그룹은 자본시장에 잘 등장하지 않았던 현금부자 기업”이라며 “경영권 인수와 같은 적극적인 M&A는 아직 보이지 않지만 여러 기업에 지분 투자를 단행하며 차세대 동력 확보에 고심하고 있다”고 말했다./김기정기자 aboutkj@sedaily.com저작권자 ⓒ 서울경제, 무단 전재 및 재배포 금지",/news/news_read.nhn?article_id=0003745056&office_id=011&mode=search&query=LG생활건강&page=1
