head,text,url
,"26일 인터넷 기업 카카오 주가는 5일 연속 상승 마감했다. 25일에는 8.5% 폭등했다. 코로나 팬데믹(대유행)으로 국내외를 막론하고 전통 제조 기업이 파산 위기에 몰렸지만, 카카오 주가는 올 들어 76% 올랐다. 시가총액(주가에 주식 수를 곱한 기업 가치)은 23조5000억원으로 기아차·KT&G의 두 배 안팎이다. 코스피 9위로 일찌감치 포스코·신한지주·한국전력을 제쳤고, 글로벌 5위 자동차 메이커 현대차마저 창업 10년 남짓한 인터넷 기업에 밀려났다.최근 5개월 사이 한국 부(富)의 지형도 급격히 바뀌고 있다. 미국 포브스에 따르면, 카카오 창업자인 김범수 이사회 의장의 보유 자산은 6조4200억원으로 현대차그룹 정몽구 회장(3조8300억원)과 정의선 수석부회장(2조3500억원) 두 사람을 합친 것보다 많다.				4차 산업혁명이라는 거센 물결이 국가 경제·산업 전체를 전통 굴뚝 산업 위주에서 테크 산업 중심으로 바꾸는 흐름에, 비대면(非對面)을 부추긴 코로나 사태가 가속도를 붙여 버린 것이다.본지가 올 초와 5월 26일의 코스피 시총을 비교해보니 현대차·포스코·현대모비스가 10위 내에서 탈락했고, 카카오·삼성SDI·LG생활건강이 새로 진입했다. 현재 코스피 시총 10위 가운데 9사는 테크·바이오 관련 기업이다. 반도체(삼성전자·삼성전자우·하이닉스), 바이오(삼성바이오·셀트리온), 전기차 배터리(LG화학·삼성SDI), 인터넷(네이버·카카오) 기업이다. 다른 한 곳은 LG생활건강뿐이다.주가는 미래 기업 가치를 반영하는 지표다. 시총 변화는 차기(次期) 한국 경제·산업을 이끌 대표 주자의 세대교체를 의미한다. 미국 컨설팅 업체인 보스턴컨설팅그룹의 고광범 파트너는 ""그동안 재무제표에서 안 보이던 숫자들이 코로나 사태를 계기로 뚜렷하게 투자자 눈에 드러난 것""이라며 ""한국이 나아갈 새 경제·산업의 틀과 방향은 명확해졌다""고 말했다.				10년 사이 한국 증시를 이끄는 대표 기업의 세대교체가 이뤄졌다. 코스피 시가총액 상위 기업 명단이 싹 바뀐 것이다.현재 시총 톱10과 2010년 1월 4일을 비교하면 과거나 지금이나 1위인 삼성전자만 건재하다. 2~9위(포스코·현대차·KB금융·한국전력·신한지주·LG전자·현대모비스·LG디스플레이) 기업은 10년 사이 명단에서 사라졌다. 10위였던 LG화학 정도가 여전히 10위로 턱걸이하고 있다. 화학에서 전기차 배터리로 사업을 확장한 덕분에 그나마 살아남을 수 있었다. 한국 증시 시총 상위권을 테크·바이오 기업이 장악한 데 대해 전문가들은 ""이미 3~4년 전 테크 기업 중심으로 재편한 미국 경제·산업 구조를 한국이 따라가는 모양새""라고 분석한다. 4차 산업이라는 글로벌 변화 조류에 따른 것이란 설명이다.미국은 시총 1조달러(약 1234조원) 안팎의 애플·마이크로소프트·아마존·구글·페이스북 등 테크 공룡 '빅5'가 증시를 독식한 지 오래다. 미국 테크 기업은 최근 코로나 확산과 맞물려 버크셔해서웨이, 존슨앤드존슨, 월마트, 엑손모빌 등 수십 년간 증시를 장악했던 금융·유통·석유 기업과 격차를 더 벌리고 있다. 알리바바·텐센트가 주도하는 중국 증시도 상황은 마찬가지다.일부에선 '코로나가 부른 비(非)대면 열풍의 버블'이란 말도 나온다. 20년 전 정보기술(IT) 버블 때처럼 코로나가 지나가면 금융·여행·항공·에너지와 같은 경기에 따라 주가가 움직이는 기업이 다시 살아나고 비대면 관련 기업은 한풀 꺾일 것이란 시각이다.한국 증시에서 시총 변화는 한국 산업 지형 변화를 고스란히 반영하고 있다. 한국이 과거 철강·조선·자동차·전자 등 4대 제조업 강국에서 테크·바이오 주도의 4차 산업 경제로 바뀌는 것이다.지난 50여년간 한국 경제는 포스코·현대제철, 삼성중공업·대우조선해양, 현대차·기아차·쌍용차·대우차, 삼성전자·LG전자·대우전자 등 4대 제조업 기업이 이끌어왔다. 하지만 포스코(철강)와 현대차(자동차)마저 시총 톱10에서 빠지면서 이제 4대 제조업 기업은 한국 대표 기업의 명단에서 서서히 잊혀가고 있다. 삼성전자는 여전히 확고한 '넘버원'이지만, TV·세탁기·냉장고·스마트폰과 같은 전자제품 제조사를 넘어 4차 산업의 근간이 되는 메모리 반도체 기업으로 현재 가치를 인정받고 있다.이병태 카이스트 경영학과 교수는 ""4대 제조업은 미국에서 일본으로, 그리고 우리나라로 왔다가 다시 중국으로 옮겨가는 단계""라며 ""대규모 자본과 노동력 바탕의 산업은 비용이 낮은 중국으로 흘러갈 수밖에 없다""고 말했다. 4차 산업의 주요 분야에서 세계 최고 기술력으로 살아남는 게 앞으로 한국 경제의 과제라는 것이다.코로나 사태가 불러온 '비대면'은 단순히 온라인 수업과 화상 회의만 뜻하는 게 아니다. 국가 경제·산업 지형을 통째로 바꿀 수 있는 근본적인 변화라는 게 전문가들 시각이다. 온라인 쇼핑몰인 쿠팡이나 마켓컬리가 과거 유통 공룡이었던 신세계·이마트·롯데와 경쟁하고, 카카오뱅크·네이버페이가 시중 4대 은행의 입지를 흔들고 있다. 원격의료가 허용되면 치료받는 방식도 바뀐다. 예컨대 네이버는 올 7~8월쯤 원격의료가 허용된 일본에서 자회사 라인을 통해 스마트폰이나 PC에서 의사의 진료를 받는 서비스를 시작한다. 의사 2000여 명이 라인 원격의료에 참여할 것이란 일본 언론 보도도 나왔다.경제·산업 지형 변화로 이건희 삼성그룹 회장 이후로 한동안 없었던 '10조원대 자산가'도 등장했다. 포브스는 셀트리온 서정진 회장과 김정주 NXC 대표의 자산을 각각 10조8600억원과 10조7400억원으로 평가했다.한국의 부자 순위에는 김범수 카카오 의장(6조4200억원·5위), 권혁빈 스마일게이트홀딩스 의장(3조7000억원·9위), 김택진 엔씨소프트 대표(2조8400억원·11위), 방준혁 넷마블 의장(1조9800억원·15위), 이해진 네이버 글로벌투자책임자(1조9800억원·16위) 등 테크·바이오 분야의 창업자가 즐비하다. 대다수가 1년 전과 비교해 자산 평가액이 증가했다.반면 같은 기간 삼성그룹·현대차그룹·SK그룹의 오너인 이건희 회장, 이재용 부회장, 정몽구 회장, 정의선 부회장, 최태원 회장의 자산 평가액은 감소했다.[성호철 기자 sunghochul@chosun.com] [최인준 기자] 		▶
		▶ 		▶
	- Copyrights ⓒ 조선일보 & chosun.com, 무단 전재 및 재배포 금지 -",/news/news_read.nhn?article_id=0003534229&office_id=023&mode=search&query=LG생활건강&page=1
"협력사 금융 지원, 스마트 팩토리 구축 등 지원금융 지원 외에 경영, 교육 분야 지원도 지속 방침","[서울=뉴시스] 고은결 기자 = LG는 협력사의 신종 코로나바이러스 감염증(코로나19) 극복에 도움을 주기 위해 협력사 금융 지원, 스마트 팩토리 구축 등 지원을 진행 중이다.LG전자는 지난 2018년부터 국내외 협력사가 생산라인을 자동화하고 정보화 시스템을 구축할 수 있도록 지원해 왔다. 올해는 2차 협력사까지 지원 대상을 확대해 약 100개 협력사에 인공지능, 빅데이터 등을 활용해 스마트 팩토리 솔루션과 자동화 시스템을 구축하는데 지원한다.생산기술 전문가를 협력사에 파견해 노하우를 전수하고, 협력사 직원을 위해 신설한 로봇 자동화 교육과정을 통해 로봇 조작과 운영, 생산라인 적용사례 학습 등 맞춤형 실습교육을 제공한다.LG전자는 자금 운영에 어려움을 겪는 협력사들이 안정적으로 운영될 수 있도록 협력사 대상 무이자 대출 규모를 당초 400억원에서 550억원으로 확대했으며, 자금 지원 일정도 4개월을 앞당겨 협력사가 설비 투자, 부품 개발 등을 차질 없이 이어가며 경영 안정성을 높일 수 있도록 했다. 저금리 대출을 위한 2000억원 규모의 상생협력 펀드도 운영하고 있다.또 코로나19 영향으로 해외에 있는 협력사가 국내로 돌아오거나 국내 생산을 확대할 경우 생산성 향상을 위해 컨설팅, 무이자 자금 등을 지원하고 구매 물량을 보장키로 했다. 지금까지 국내외 협력사에 마스크 12만장과 손세정제 등을 전달하며 협력사가 긴박하게 필요로 하는 분야에 신속하게 지원을 이어가고 있다.
LG화학은 코로나 확산 장기화로 자금난을 겪고 있는 협력사를 대상으로 1000억원 규모의 상생 펀드 및 혁신성장 펀드 등 금융지원을 조기 집행한다. 코로나19 이슈로 긴급하게 자금이 필요한 협력업체들에 심사를 최대한 간소화하는 등 상반기 중 금융지원이 이뤄질 수 있도록 조치할 계획이다. 공익성 및 지속가능성이 높은 친환경 분야 사회적 창업·벤처기업을 발굴하고 성장을 돕기 위해 LG전자와 함께 ‘LG소셜캠퍼스’도 운영 중이다. 특히 여러 친환경 분야의 사회적 창업·벤처기업들이 성장기반을 다질 수 있도록 자금지원, 무이자 대출, 사무공간 대여, 인재육성 등의 프로그램을 운영하고 있다. 2011년 시작 이래 9년간 150여개 기업에 총 140억원을 지원하고 있다.LG생활건강은 코로나19 확산으로 운영에 어려움을 겪는 지역사회와 협력사, 가맹점 등을 돕기 위해 전방위 지원에 나섰다. 화장품 가맹점 500여곳의 한 달 치 월세의 50%를 본사에서 지원했다. 지원 대상은 LG생활건강이 운영중인 화장품 가맹점인 전국 네이처컬렉션, 더페이스샵 매장 등 약 500곳이다.아울러 LG생활건강은 협력사에 대한 운영 자금도 지원한다. 자금난을 겪고 있는 방문판매화장품대리점, 생활용품대리점, 음료대리점 등 전국 대리점의 직원 인건비도 일부 지원한다.LG이노텍은 코로나19로 어려움을 겪는 중소 협력사들을 위해 총 1,500억 규모의 상생 금융 지원에 나섰다. 먼저 협력회사 자금 지원을 위해 운용중인 630억원 규모의 동반성장펀드를 협력사들이 긴급히 활용할 수 있도록 4월부터 조기 집행하고, 거래규모, 신용도 등의 심사 기준 완화, 자금 지급 절차 간소화할 예정이다. 이와 함께 4월부터 2개월간 협력사에 약 850억원 규모의 납품 대금과 금형비도 조기 지급한다. 협력사들은 비용 마감 후 5일 이내 납품 대금을 현금으로 받을 수 있게 되어 현금 흐름 개선에 도움이 될 전망이다.상생 금융 지원 외에 협력사의 경쟁력 제고를 위해 기술, 경영, 교육 분야 지원도 지속해 나갈 방침으로 협력사와 생산∙기술 혁신과제를 함께 추진하고 경영컨설팅, 온∙오프라인 교육을 무상 지원한다. LG유플러스는 코로나19로 어려움을 겪고 있는 중소 협력회사와 소상공인 등을 위해 850억원 규모의 상생 지원책을 마련해 긴급 시행하고 있다. 먼저 협력회사 자금 지원을 위해 운용 중인 동반성장펀드를 기존보다 250억원을 늘린 750억원으로 확대했다.또 자금난을 겪는 중소 협력사에는 최대 500억원 규모로 납품 대금 조기 지급 결제를 시행하고, 중소 협력사를 통한 모든 구매 및 공사대금 정산도 월 4회로 늘려 진행하고 있다.아울러 5000만원 이상 계약 체결 시 필수 요건이었던 보증보험 발행의 면제 대상 범위를 확대해 중소 협력사의 보험 발행 비용 부담도 줄여주고 있다. 기존 협력사 외에 추가로 350여개 중소 협력사가 혜택을 받을 것으로 전망된다.이와 함께 소규모 자영업자 지원을 위한 골목상권 상생 프로젝트인 'U+로드' 확대 및 전국 대리점 운영자금 지원 등에도 약 100억원 규모를 투입한다. 'U+로드'는 LG유플러스 모바일 고객들에게 최대 50% 할인, 1+1 혜택, 경품 이벤트 등을 제공하는 제휴 프로그램으로, LG유플러스는 코로나19로 내방 고객이 감소해 어려움을 겪는 전통시장과 구 시가지 상권 등을 중심으로 이 프로그램을 대폭 확대해 나갈 계획이다.또 코로나 확산이 한창이던 2월 말 대구·경북 지역 비롯 전국 2천 개 대리점 매장에 지원한 운영자금을 25억원에서 34억원으로 늘리고, 14억원 상당의 마스크 세정제 등 방역 물품도 지원하고 있으며, 오프라인 채널의 판매 감소로 경영에 어려움을 겪고 있는 알뜰폰 사업자들을 위해서도 미니공청기, 무선충전기, 손세정제 등 온라인 판촉물을 지원하고 있다. keg@newsis.com<ⓒ 공감언론 뉴시스통신사. 무단전재-재배포 금지>",/news/news_read.nhn?article_id=0009882573&office_id=003&mode=search&query=LG생활건강&page=1
■ 경제와이드 모닝벨 '조간 브리핑' - 장연재,"오늘(27일) 자 조간신문 펼쳐보겠습니다.매일경제 기사입니다.2000선을 돌파한 국내 증시 이야기부터 해보죠.코로나19로 폭락했던 우리 증시가 2000선을 회복했습니다.어제 코스피가 2029.78 포인트로 장을 마쳤는데요.81일 만입니다.매일경제신문은 한국 증시의 속성이 바뀌었다고 평가했습니다.그동안 외국인 위주로 움직이던 한국 증시가 이번에는 외국인의 매수 없이도 빠르게 회복했기 때문입니다.코로나발 증시 폭락이 이어진 지난 3개월 동안 외국인은 20조 원 넘게 국내 주식을 팔아치웠지만 동학 개미로 불리는 개인투자자들이 18조 5천억 원을 순매수하며 방어하는 모습이었습니다.또 코로나19로 비대면 산업에 대한 관심이 급부상하면서 언택트주가 힘을 받으며 상승장을 이끌었는데요.카카오 같은 경우 시가총액 10위권 안으로 껑충 뛰어올랐습니다.이로써 지난 3월 14일 1400선까지 떨어졌던 코스피는 두 달 반 만에 40%를 상승하며 미국이나 유럽 등 선진국과 비교해도 빠른 회복세를 보였는데요.다만2000선을 넘었다고 상승장이 계속 이어질 것으로 낙관하긴 이르다는 분석도 만만치 않습니다.코로나19 2차 재확산 우려, 그리고 미중 갈등까지 더해져 당분간 박스권 장세가 예상됩니다.동아일보 기사입니다.이른바 어린이 괴질이라 불리는 소아 청소년 다기관염증증후군 의심 사례 2건이 국내에서 처음으로 확인됐습니다.어린이 괴질은 신체 곳곳에서 염증이 나타나는 질병으로 가와사키 병과 증상이 유사한데요.아직까지 정확한 원인이 밝혀지지 않았습니다.어린이 괴질은 지난 4월 유럽에서 처음 보고된 후 약 한 달 동안 미국 등 13개국으로 확산돼 있는 상황인데요.해외 환자 대부분이 코로나19 진단 검사에서 양성으로 확인돼 세계 보건기구 WHO와 전문가들은 코로나19와 어린이 괴질의 연관성을 높게 보고 있습니다.국내 의심 환자 2명 모두 일단 코로나19 진단 검사에서 음성 판정이 나왔는데요.하지만 방역당국은 이들이 과거 코로나19에 걸렸다가 치유됐는지 확진자와 접촉했는지를 조사 중입니다.중앙일보 기사입니다.윤석열 검찰총장이 최근 불거진 정의연 사건에 대해 언론에 제기된 모든 의혹을 신고하게 수사하라고 지시한 걸로 알려집니다.정의연 수사와 관련해 윤 총장의 지시사항이 알려진 건 이번이 처음인데요.검찰의 수사는 정대협과 정의연 후원금, 정부 보조금 부실 회계 처리 의혹과
윤미향 더불어민주당 당선인의 개인 계좌 모금 의혹 그리고 안성 쉼터 고가 매입 의혹 등 크게 세 가지입니다.또 윤 당선인 가족이 아파트 5채를 전부 현금으로 구매했다는 곽상도 미래통합당 의원의 의혹 제기 사안 도 규명할 방침입니다.수사팀은 윤 당선인의 사적 유용 여부를 밝히기 위해 개인 계좌를 추적 중에 있으며 검찰은 어제 정의연 회계 담당자 A씨를 참고인 신분으로 소환해 조사한 걸로 알려집니다.윤 당선인은 나흘 뒤인 30일, 21대 국회가 개원하면 임기 중 불체포 특권을 갖게 되는데요.참고인 조사가 시작되면서 국회 개원 전 윤 당선인이 소환될 가능성이 높다는 관측이 나옵니다.조선일보 기사입니다.미국 포브스에 따르면 카카오의 창업자인 김범수 이사회 의장의 보유 자산은 6조 4천 200억 원으로 현대차그룹 정몽구 회장과 정의선 수석부회장 두 사람을 합친 것보다 많습니다.또 이건희 삼성그룹 회장 이후 한동안 없었던 10조 원대 자산가도 등장했습니다.셀트리온 서정진 회장 그리고 김정주 엔엑스씨 대표입니다.최근 5개월 사이 한국 부(富)의 지형이 급격히 바뀌고 있습니다. 4차 산업혁명으로 제조업에서 테크와 바이오 산업 중심으로 흐름이 바뀌었고 코로나 사태로 변화가 가속화됐기 때문인데요.시가총액 상위 기업 명단도 바뀌었습니다.올 초와 5월 26일, 어제 코스피 시총을 비교해보자면 현대차와 포스코, 현대 모비스가 10위권 밖으로 밀려났고요.비대면 수혜주로 꼽히는 카카오와 2차 전지 관련주인 삼성SDI 그리고 LG 생활 건강이 새로 진입했습니다.현재 코스피 시총 톱 텐 가운데 9개 기업은 반도체, 바이오, 전기차 배터리 이 세 종목 안에 포함돼있는 겁니다.시총 변화는 차기 한국 경제·산업을 이끌 대표 주자의 세대교체를 의미하는데요.전문가들은 ""이로써 한국이 나아갈 새 경제·산업의 틀과 방향은 명확해졌다""라고 말했습니다.한국경제 기사입니다.올해 정부가 기타소득을 필요경비로 인정해 주는 비율이 낮아지면서 종합소득세를 내야 하는 전문직 종사자와 직장인이 대폭 늘었습니다.기타 소득은 고용 관계를 맺지 않고 용역을 제공하고 받는 수당 등을 말하는데요.올해는 기타소득이 750만 원을 넘으면 종합소득을 합산해 신고해야 합니다.기타소득 외에 주택임대소득 때문에 ‘종합소득세 날벼락’을 맞은 직장인도 적지 않습니다. 그동안 주택임대소득이 연간 2000만 원 이하면 비과세 혜택을 받았지만 올해부터 종합소득세 대상에 포함돼서입니다.올해 종합소득세를 내는 직장인은 크게 늘어나 30만여 명이 처음으로 종소세를 납부할 것으로 나타났는데요.기타소득 등이 있는 전문직과 직장인은 종합소득세 추가 납부액이 수십만 원이지만 일부는 수백만 원을 넘는 경우도 있어 ‘종합소득세 쇼크’라는 아우성이 나오고 있습니다.
▶ ▶ 저작권자 SBS미디어넷 & SBS I&M 무단전재-재배포 금지",/news/news_read.nhn?article_id=0000212382&office_id=374&mode=search&query=LG생활건강&page=1
,"27일 코스피는 전 거래일보다 1.88포인트(0.09%) 내린 2027.9에 출발했다. 코스피시장에서 개인이 1874억원 순매수하고 있다. 외국인과 기관은 각각 645억원, 1240억원을 순매도했다.코스피 시가총액 상위 종목은 내림세를 보이고 있다. 삼성전자(-0.71%), SK하이닉스(-0.85%), 삼성바이오로직스(-1.40%), 네이버(-2.51%), 삼성전자우(-0.23%), LG화학(-1.69%), 셀트리온(-0.93%), 삼성SDI(-2.19%), 카카오(-2.04%)가 하락세다. LG생활건강(0.07%)만 상승세를 보이고 있다.코스닥지수는 전 거래일보다 0.85포인트(0.12%) 내린 728.26으로 출발해 하락세를 키우고 있다. 코스닥시장에서 개인이 홀로 1137억원을 순매수했다. 외국인은 963억원, 기관은 134억원을 순매도하고 있다.코스닥 시총 상위 종목은 혼조세를 보이고 있다. 알테오젠(7.20%), CJENM(0.34%), 케이엠더블유(2.87%), 스튜디오드래곤(0.90%)이 상승세다. 셀트리온헬스케어(-3.61%), 에이치엘비(-1.50%), 셀트리온제약(-2.03%), 씨젠(-0.35%), 펄어비스(-1.56%), 에코프로비엠(-2.13%)이 하락세를 보이고 있다.앞서 미국 뉴욕 증시는 신종 코로나바이러스 감염증(코로나19) 백신 기대감과 경제 정상화 움직임에 상승 마감했다.다우존스 30 산업평균 지수는 전 거래일보다 2.17%(529.95포인트) 오른 2만4995.11에 장을 마쳤다. 스탠더드앤드푸어스(S&P) 500 지수는 1.23%(36.32포인트) 상승한 2991.77, 나스닥 지수는 0.17%(15.63포인트) 오른 9340.22에 마감했다.윤경진 기자 youn1@mt.co.kr
<저작권자 ⓒ '성공을 꿈꾸는 사람들의 경제 뉴스' 머니S, 무단전재 및 재배포 금지>",/news/news_read.nhn?article_id=0000547438&office_id=417&mode=search&query=LG생활건강&page=1
,"[디지털타임스 김아름 기자] 이베이코리아가 G마켓, 옥션, G9 등 자사가 운영하는 3개 쇼핑사이트에서 진행하는 상반기 최대 할인 행사 '빅스마일데이'가 27일 종료된다.25, 26일 할인쿠폰을 사용하지 않은 소비자라면 각 사이트 별 할인쿠폰이 4종씩 제공된다. 프리미엄 멤버십 회원인 스마일클럽 회원에게는 최대 30만원, 3만원, 1만원이 할인되는 20% 할인쿠폰 3종을, 일반회원에게는 최대 5000원까지 할인되는 15% 할인쿠폰을 지급한다. G마켓과 옥션, G9에서 판매하는 상품 중 빅스마일데이 스티커가 부착된 모든 상품에 쿠폰이 적용된다. 스마일클럽 회원이 아니더라도 한 달 무료 체험을 신청하면 회원 전용 혜택을 모두 받을 수 있다.마지막 특가딜도 공개한다. 남은 할인쿠폰을 효율적으로 활용할 수 있도록 가격대별 인기 상품을 선별했다.우선 가격대가 높은 디지털, 가전 제품을 선보인다. 스마일클럽 쿠폰 적용 시 G마켓에서 'LG 퓨리케어 360 공기청정기+무빙휠'을 93만9000원에, '포스트모던 LED 수납침대SS'를 15만1200원에, '위닉스 제습기 16리터'를 32만9000원에 각각 구매할 수 있다. 옥션에서는 '브라운 전기면도기 시리즈9 9355s 패키지'를 클럽특별가 22만1600원에 판매한다.최대 3만원, 1만원 할인쿠폰을 활용할 수 있는 중저가 상품도 다양하다. G마켓에서는 '닥터자르트 화장품'을 1만5950원부터 판매하고, 옥션에서는 '비비고 사골곰탕 500g 18개'를 클럽특별가 1만2930원에, '헤지스 키즈 아동 반팔티셔츠'를 클럽특별가 2만590원에 각각 판매한다.G9에서는 크리넥스 3겹 데코앤소프트 화장지·하기스 2020년형 매직컴포트·LG생활건강 시리우스 반려동물 사료 등 다양한 생필품을 비롯해 QCY T6 블루투스 무선 이어폰·스타우브 4쿼트 라운드 냄비 4종 등 인기 해외직구 상품을 만나볼 수 있다.김태수 이베이코리아 영업본부장은 ""역대급 실적을 기록하고 있는 빅스마일데이가 오늘 밤 12시 종료된다""며 ""마지막 날에는 미처 사용하지 못한 쿠폰을 쓰려는 수요가 몰리는 점에 착안해 다양한 인기상품을 풍성하게 준비했다""고 말했다.김아름기자 armijjang@dt.co.kr 디지털타임스
/",/news/news_read.nhn?article_id=0002600583&office_id=029&mode=search&query=LG생활건강&page=1
G마켓·옥션·G9 할인행사 27일 자정 종료마지막 날 쿠폰 소진 위해 수요 몰려다양한 금액대별 맞춤 특가딜 전진 배치,"(사진=이베이코리아)[이데일리 함지현 기자]이베이코리아는 G마켓, 옥션, G9 등이 지난 19일 동시 시작한 ‘빅스마일데이’가 마무리될 예정인 만큼 각 사이트에서 지급한 최대 30만원 할인 쿠폰을 사용할 기회도 곧 종료된다고 27일 밝혔다.이베이코리아에 따르면 할인쿠폰은 각 사이트 별 4종씩 제공된다. 프리미엄 멤버십 회원인 ‘스마일클럽’에게는 최대 30만원, 3만원, 1만원이 할인되는 ‘20% 할인쿠폰’ 3종을, 일반회원에게는 최대 5000원까지 할인되는 ‘15% 할인쿠폰’을 선보인다. G마켓과 옥션, G9에서 판매하는 상품 중 ‘빅스마일데이 스티커’가 부착된 모든 상품에 쿠폰이 적용된다. ‘스마일클럽’ 회원이 아니더라도 한 달 무료 체험을 신청하면 회원 전용 혜택을 모두 받을 수 있다.마지막 득템 ‘특가딜’도 공개한다. 특히 남은 할인쿠폰을 효율적으로 활용할 수 있도록 가격대별 인기 상품을 선별했다.우선, 가격대가 비교적 높은 디지털, 가전 제품을 선보인다. 해당 쿠폰 적용 시 G마켓에서 ‘LG 퓨리케어 360 공기청정기+무빙휠’을 93만 9000원에, ‘포스트모던 LED 수납침대SS’를 15만 1200원에, ‘위닉스 제습기 16리터’를 32만 9000원에 각각 구매 할 수 있다. 호텔 숙박권인 ‘히든 클리프 호텔네이처 제주’ 역시 클럽특별가 12만 8800원에 선보인다. 옥션에서는 ‘브라운 전기면도기 시리즈9 9355s 패키지’를 클럽특별가 22만 1600원에, ‘테팔 프로스타일 IH 프라이팬 세트’를 클럽특별가 3만 8690원에 판매한다.최대 3만원, 1만원 할인쿠폰을 활용할 수 있는 중저가 상품도 다양하다. 주로 패션, 뷰티, 생필품, 식품 등이 있다. 추천 상품을 클럽특별가로 살펴봤을 때, G마켓에서는 ‘닥터자르트 화장품’을 1만 5950원부터 판매하고, 옥션에서도 ‘비비고 사골곰탕 500g 18개’를 클럽특별가 1만 2930원에, ‘헤지스 키즈 아동 반팔티셔츠’를 클럽특별가 2만 590원에 각각 준비했다.G9에서는 크리넥스 3겹 데코앤소프트 화장지, 하기스 2020년형 매직컴포트, LG생활건강 시리우스 반려동물 사료 모음 등 다양한 생필품을 비롯해 QCY T6 블루투스 무선 이어폰·스타우브 4쿼트 라운드 냄비 4종 등 인기 해외직구 상품을 만나볼 수 있다.김태수 이베이코리아 영업본부 본부장은 “역대급 실적을 기록하고 있는 빅스마일데이가 오늘 밤 12시에 종료된다”며 “마지막 날에는 미처 사용하지 못한 쿠폰을 쓰려는 수요가 몰리는 점에 착안해 다양한 인기상품을 풍성하게 준비한 만큼 남은 혜택을 모두 누리시길 바란다”고 말했다.함지현 (hamz@edaily.co.kr)＜ⓒ종합 경제정보 미디어 이데일리 - 무단전재 & 재배포 금지＞",/news/news_read.nhn?article_id=0004649290&office_id=018&mode=search&query=LG생활건강&page=1
마지막 날 쿠폰 소진 위해 수요 몰려…다양한 금액대별 맞춤 특가딜 전진 배치,"국내 최대 온라인 쇼핑축제 ‘빅스마일데이’가 27일 단 하루만을 남기고 9일간의 대장정을 마무리한다.이베이코리아는 G마켓, 옥션, G9 등 자사가 운영하는 3개 쇼핑사이트에서 지난 19일 동시 시작한 빅스마일데이가 27일 자정(24시)에 종료된다도 밝혔다. 이에 따라, 각 사이트에서 지급한 최대 할인 쿠폰 사용할 기회도 26일이 마지막이다.할인쿠폰은 각 사이트 별 4종씩 제공된다. 프리미엄 멤버십 회원인 ‘스마일클럽’에게는 최대 30만원, 3만원, 1만원이 할인되는 ‘20% 할인쿠폰’ 3종을, 일반회원에게는 ‘15% 할인쿠폰’을 선보인다. G마켓과 옥션, G9에서 판매하는 상품 중 ‘빅스마일데이 스티커’가 부착된 모든 상품에 쿠폰이 적용된다. ‘스마일클럽’ 회원이 아니더라도 한 달 무료 체험을 신청하면 회원 전용 혜택을 모두 받을 수 있다.마지막 득템 ‘특가딜’도 공개한다. 특히 남은 할인쿠폰을 효율적으로 활용할 수 있도록 가격대별 인기 상품을 선별했다.우선, 가격대가 비교적 높은 디지털, 가전 제품을 선보인다. 스마일클럽 전용 최대 할인쿠폰을 활용하기 적절하다. 해당 쿠폰 적용 시 ▲G마켓에서 ‘LG 퓨리케어 360 공기청정기+무빙휠’ ▲‘포스트모던 LED 수납침대SS’ ▲‘위닉스 제습기 16리터’를 각각 저렴하게 구매 할 수 있다.또한 ▲호텔 숙박권인 ‘히든 클리프 호텔네이처 제주’ 역시 클럽특별가에 선보인다. 옥션에서는 ▲‘브라운 전기면도기 시리즈9 9355s 패키지’와 ▲‘테팔 프로스타일 IH 프라이팬28cm‧볶음팬28cm세트’를 클럽특별가에 판매한다.중저가 상품도 다양하다. 주로 패션, 뷰티, 생필품, 식품 등이 있다. 추천 상품을 클럽특별가로 살펴봤을 때 ▲G마켓에서는 ‘닥터자르트 화장품’을 판매하고 ▲옥션에서도 ‘비비고 사골곰탕 500g 18개’와 ‘헤지스 키즈 아동 반팔티셔츠’를 클럽특별가에 각각 판매한다.G9에서는 ▲크리넥스 3겹 데코앤소프트 화장지 ▲하기스 2020년형 매직컴포트 ▲LG생활건강 시리우스 반려동물 사료 모음 등 다양한 생필품을 비롯해 ▲QCY T6 블루투스 무선 이어폰 ▲스타우브 4쿼트 라운드 냄비 4종 등 인기 해외직구 상품을 만나볼 수 있다.김태수 이베이코리아 영업본부 본부장은 “역대급 실적을 기록하고 있는 빅스마일데이가 오늘 밤 12시에 종료된다”며 “마지막 날에는 미처 사용하지 못한 쿠폰을 쓰려는 수요가 몰리는 점에 착안해 다양한 인기상품을 풍성하게 준비한 만큼, 남은 혜택을 모두 누리시길 바란다”고 전했다.데일리안 임유정 기자 (irene@dailian.co.kr)ⓒ (주)데일리안 - 무단전재, 변형, 무단배포 금지",/news/news_read.nhn?article_id=0002403961&office_id=119&mode=search&query=LG생활건강&page=1
,"[아시아경제 차민영 기자] 이베이코리아가 운영하는 G마켓·옥션·G9의 연합 세일 행사 현재 사이트별로 4종씩 제공되고 있는 할인쿠폰도 이날 밤까지만 사용 가능하다. 이베이코리아는 프리미엄 멤버십 ‘스마일클럽’ 회원에게는 최대 30만원, 3만원, 1만원이 할인되는 ‘20% 할인쿠폰’ 3종을, 일반회원에게는 최대 5000원까지 할인되는 ‘15% 할인쿠폰’을 제공했다. G마켓과 옥션, G9에서 ‘빅스마일데이 스티커’가 부착된 모든 상품에 쿠폰이 적용된다. 클럽 회원이 아니더라도 한 달 무료 체험을 신청하면 회원 전용 혜택을 모두 받을 수 있다.마지막 ‘특가딜’도 공개한다. 특히 가격대가 비교적 높은 디지털·가전 제품을 선보인다. 스마일클럽 전용 쿠폰 활용 시 G마켓에서 ‘LG 퓨리케어 360 공기청정기+무빙휠’을 93만9000원에, ‘포스트모던 LED 수납침대SS’를 15만1200원에, ‘위닉스 제습기 16리터’를 32만9000원에 각각 구매할 수 있다. 호텔 숙박권인 ‘히든 클리프 호텔네이처 제주’ 역시 클럽 특별가 12만8800원에 선보인다. 옥션에서는 ‘브라운 전기면도기 시리즈9 9355s 패키지’를 클럽특별가 22만1600원에, ‘테팔 프로스타일 IH 프라이팬28cm·볶음팬28cm세트’를 클럽특별가 3만8690원에 판매한다.중저가 상품도 다양하다. 주로 패션, 뷰티, 생필품, 식품 등이 있다. 추천 상품을 클럽특별가로 살펴봤을 때 G마켓에서는 ‘닥터자르트 화장품’을 1만5950원부터 판매하고, 옥션에서도 ‘비비고 사골곰탕 500g 18개’를 클럽특별가 1만2930원에, ‘헤지스 키즈 아동 반팔티셔츠’를 클럽특별가 2만590원에 각각 판매한다. G9에서는 크리넥스 3겹 데코앤소프트 화장지, 하기스 2020년형 매직컴포트, LG생활건강 시리우스 반려동물 사료 모음 등 다양한 생필품을 비롯해 QCY T6 블루투스 무선 이어폰, 스타우브 4쿼트 라운드 냄비 4종 등 인기 해외직구 상품을 만나볼 수 있다.김태수 이베이코리아 영업본부 본부장은 “역대급 실적을 기록하고 있는 빅스마일데이가 오늘 밤 12시에 종료된다”며 “마지막 날에는 미처 사용하지 못한 쿠폰을 쓰려는 수요가 몰리는 점에 착안해 다양한 인기상품을 풍성하게 준비한 만큼 남은 혜택을 모두 누리시길 바란다”고 전했다.차민영 기자 blooming@asiae.co.kr <ⓒ경제를 보는 눈, 세계를 보는 창 아시아경제 무단전재 배포금지>",/news/news_read.nhn?article_id=0004686269&office_id=277&mode=search&query=LG생활건강&page=1
,"# ‘닷컴 버블’은 1990년대말 일이다. ‘닷컴’과 연이 닿기만 하면 주가가 뛰었다. 묻지도, 따지지도 않았다. 젊은 벼락부자들이 쏟아졌다. 대망의 밀레니엄(2000년대)에 버블이 터졌다.# ‘코로나 버블’은 지금 얘기다. 코로나발(發) 위기에 각국이 천문학적 규모로 돈을 풀면서다. 주가는 폭락 이전 수준을 회복하고, 더 뛰는 중이다. 경기는 안 좋다는데, 주가는 달린다. 이 버블이 언제 터질지는 의견이 갈린다. ‘곧’과 ‘2~3년 뒤’로.버블이라고 모든 기업의 주가가 뛰는 건 아니다. ‘닷컴 버블’ 때도 IT주와 굴뚝주의 희비가 엇갈렸다. 이어 ‘성장주 vs 가치주’ 논쟁이 불거졌다. ‘투자의 귀재’ 워런 버핏은 당시 IT주에 등을 돌리면서 버블에 올라타지 못했다. 버핏이 운영하는 투자회사 버크셔 해서웨이 고객들의 불만은 컸다. 하지만 버블이 꺼지자 고객들은 “역시 버핏!”을 외쳤다.‘코로나 버블’은 ‘닷컴 버블’과 판박이다. ‘언택트주’와 ‘콘택트주’(느슨하게 말하면 IT주와 굴뚝주의 다른 이름)의 희비가 갈리고 있고, ‘성장주 vs. 가치주’ 논쟁도 재현 중이다. 버핏의 이름도 다시 등장한다. 다만 버핏의 행보는 달라졌다. 닷컴 버블 때 IT주를 외면하고, 굴뚝주를 택했던 버핏은 이번에는 언택트주를 멀리 하는 동시에 콘택트주도 버렸다. 포트폴리오 내 주요 종목인 항공, 은행 등을 손절매했다. “시장이 암울해, 살 만한 주식이 없다”면서.버핏은 이번에도 마지막에 웃을까.한국 증시 투자자들은 버핏과 동행하지 않았다. 그 방증이 ‘카카오 열풍’이다. 언택트주의 대표주자 카카오 앞에는 ‘진격의’라는 수식어가 붙었다. 사업이든, 주가든, 펄펄 나는 중이다. 콘택트주를 대상으로 ‘도장 깨기’가 한창이다. 시가총액에서 현대차를 제치더니(9위), LG생활건강도 제쳤고(8위), 이제 삼성SDI를 추격 중이다. (7위 눈앞)언택트주의 레벨 업은 이제 시작일 수 있다. 옆 나라 중국이 1800조원에 달하는 부양책에 시동을 걸었고, 안에서는 한국판 뉴딜이 발걸음을 뗐다. 모두 5G, AI, 빅데이터, 친환경(2차전지), 바이오 등 언택트주와 맥이 닿아 있다.중국의 움직임은 한국에 미치는 영향이 절대적이다. 2009~2011년 한국 증시의 ‘차·화·정(자동차·화학·정유)’ 열풍이 중국발(發)이듯, 이번에는 언택트주들의 광풍을 예상하는 의견이 나온다.닷컴 버블 당시 ‘벽돌과 회반죽(brick & mortar)’, ‘벽돌과 클릭(brick & click)’이라는 표현이 사용됐다. ‘brick & mortar’는 전통기업을, ‘brick & click’은 전통기업의 IT 신사업 병행을 뜻했다.지금 미국에서는 ‘F·A·N·G(페이스북·애플·넷플릭스·구글)’이, 한국에서는 ‘언택트 3대장(네이버·카카오·엔씨소프트)’이 판을 뒤집고 있다. 성장성에 실적까지 검증받은 테크 자이언트들로, ‘click & click’으로 부를 만하다.뉴욕타임스는 ‘디지털 퍼스트’에 맞춰 모토를 바꿨다. ‘지면에 맞는 모든 뉴스(All the News That’s Fit to Print)’에서 ‘Print(지면)’만 ‘Click(온라인)’으로 바꿔 방향 전환을 알렸다.테크 자이언트들은 한 단어만 더 바꾸면 된다. ‘News’를 ‘Services’로.
- Copyrights ⓒ 헤럴드경제 & heraldbiz.com, 무단 전재 및 재배포 금지 -",/news/news_read.nhn?article_id=0001678756&office_id=016&mode=search&query=LG생활건강&page=1
,"[앵커]경제 회복 기대감에 단숨에 2000선을 회복한 코스피가 오늘도 양호한 흐름을 이어가고 있습니다.원 달러 환율도 소폭 하락 중입니다.현재 증시 상황, 류정훈 기자 연결해 알아봅니다.오늘(27일) 증시 분위기 어떻습니까?[기자]어제 2020선 안착에 성공한 코스피는 오늘 소폭 하락 출발했습니다.개인투자자의 매수세에 힘입어 반등한 코스피는 장중 2040선을 넘기도 했지만 하락세로 전환했습니다.개인이 3600억 원 가까이 순매수하고 있는 가운데 외국인과 기관투자자는 각각 2500억 원, 1100억 원가량 매도우위를 보이고 있습니다.전문가들은 미중 무역갈등 우려보다는 간밤 뉴욕증시 상승을 이끈 경기회복에 대한 기대감이 높은 상황이라고 분석했습니다.11시 30분 현재 코스피는 0.09% 내린 2027.88, 코스닥은 0.78% 내린 723.45에 거래 중입니다.[앵커]최근 네이버와 카카오의 주가 상승세가 심상치 않은 모습인데요.오늘은 어떤가요?[기자]네, 오늘은 두 종목 모두 그동안 상승 피로감으로 하락하고 있습니다.네이버는 전 거래일 대비 4.6%, 카카오는 3.7% 하락 중인데요.두 종목 모두 최근 코로나19 사태로 인해 언택트가 주목받으면서 가파르게 올랐습니다.코로나19 이후 온라인 서비스가 빠르게 자리 잡으면서 두 회사의 1분기 매출도 지난해보다 크게 올랐고요.이에 네이버는 시가총액 3위 삼성바이오로직스를 바로 턱밑까지 추격했고, 카카오는 현대차와 LG생활건강을 제치고 9위에 올랐습니다.[앵커]외환시장 분위기도 짚어주시죠?[기자]네, 서울 외환시장에서 원 달러 환율은 전거래일 대비 90전 내린 1235원 30전에 거래 중입니다.어제보다 3원 80전 하락하면서 출발했지만 이후 하락폭을 줄이는 모습인데요.경기 재개 기대감과 미중 무역분쟁 재점화에 대한 기대와 우려가 섞이면서 박스권 등락을 보이고 있습니다.SBSCNBC 류정훈입니다.
 류정훈 기자(you@sbs.co.kr) ▶ ▶ 저작권자 SBS미디어넷 & SBS I&M 무단전재-재배포 금지",/news/news_read.nhn?article_id=0000212406&office_id=374&mode=search&query=LG생활건강&page=1
"G마켓·옥션·G9, 최대 할인행사 27일 밤 12시 종료…금액대별 맞춤 특가딜 전진 배치","[CBS노컷뉴스 김연지 기자]국내 최대 이커머스인 이베코리아의 이쇼핑 축제 '빅스마일데이'가 27일 자정을 끝으로 9일간의 대장정을 마무리한다.27일 이베이코리아는 자사가 운영하는 G마켓, 옥션, G9 등 3개 쇼핑사이트에서 진행중인 '빅스마일데이'가 이날을 마지막으로 종료된다고 밝혔다.지난 19일부터 시작된 빅스마일데이는, G마켓, 옥션, G9 등 각 사이트에서 최대 30만원의 할인 쿠폰을 제공해왔다. 이베이코리아는 ""빅스마일데이를 선보인 이래, 올해 역대급 실적을 기록하고 있다""고 전했다.할인쿠폰은 각 사이트 별 4종씩 지급된다. 프리미엄 멤버십 회원인 '스마일클럽'에게는 최대 30만원, 3만원, 1만원이 할인되는 '20% 할인쿠폰' 3종을, 일반회원에게는 최대 5천원까지 할인되는 '15% 할인쿠폰'을 선보인다. G마켓과 옥션, G9에서 판매하는 상품 중 '빅스마일데이 스티커'가 부착된 모든 상품에 쿠폰이 적용된다. '스마일클럽' 회원이 아니더라도 한 달 무료 체험을 신청하면 회원 전용 혜택을 모두 받을 수 있다.마지막 득템 '특가딜'도 공개한다. 특히 남은 할인쿠폰을 효율적으로 활용할 수 있도록 가격대별 인기 상품을 선별했다.우선, 가격대가 비교적 높은 디지털, 가전 제품을 선보인다. 스마일클럽 전용 최대 30만원 할인쿠폰을 활용하기 적절하다. 해당 쿠폰 적용 시 G마켓에서 'LG 퓨리케어 360 공기청정기+무빙휠'을 93만9천원에, '포스트모던 LED 수납침대SS'를 15만1200원에, '위닉스 제습기 16리터'를 32만9천원에 각각 구매 할 수 있다. 호텔 숙박권인 '히든 클리프 호텔네이처 제주' 역시 클럽특별가 12만8800원에 선보인다. 옥션에서는 '브라운 전기면도기 시리즈9 9355s 패키지'를 클럽특별가 22만1600원에, '테팔 프로스타일 IH 프라이팬28㎝·볶음팬28㎝세트'를 클럽특별가 3만8690원에 판매한다.최대 3만원, 1만원 할인쿠폰을 활용할 수 있는 중저가 상품도 다양하다. 주로 패션, 뷰티, 생필품, 식품 등이 있다. 추천 상품을 클럽특별가로 살펴봤을 때, G마켓에서는 '닥터자르트 화장품'을 1만5950원부터 판매하고, 옥션에서도 '비비고 사골곰탕 500g 18개'를 클럽특별가 1만2930원에, '헤지스 키즈 아동 반팔티셔츠'를 클럽특별가 2만590원에 각각 판매한다.G9에서는 △크리넥스 3겹 데코앤소프트 화장지 △하기스 2020년형 매직컴포트 △LG생활건강 시리우스 반려동물 사료 모음 등 다양한 생필품을 비롯해 △QCY T6 블루투스 무선 이어폰 △스타우브 4쿼트 라운드 냄비 4종 등 인기 해외직구 상품을 만나볼 수 있다.이베이코리아 영업본부 김태수 본부장은 ""마지막 날에는 미처 사용하지 못한 쿠폰을 쓰려는 수요가 몰리는 점에 착안해 다양한 인기상품을 풍성하게 준비한 만큼, 남은 혜택을 모두 누리시길 바란다""고 전했다.anckyj@cbs.co.kr저작권자 © CBS 노컷뉴스 무단전재 및 재배포 금지",/news/news_read.nhn?article_id=0003364703&office_id=079&mode=search&query=LG생활건강&page=1
1.42포인트 오른 2031.20 마감개인 3200억원치 순매수시총 상위주 하락 우위…희토류·조선株 강세,"[이데일리 김윤지 기자] 27일 코스피 지수가 강보합 마감했다. 경제 재개 및 중국 부양정책에 대한 기대감과 미중 관계 악화 우려가 뒤섞이면서 증시는 방향성을 잡지 못했다. 그동안 상승을 주도했던 언택트·2차전지 대형주는 한템포 쉬어갔다. 마켓포인트에 따르면 이날 코스피지수는 전 거래일 대비 1.42포인트(0.07%) 오른 2031.20에 마감했다. 하락으로 출발해 한때 2019선까지 미끄러졌지만 2020~2040선 사이 박스권 등락을 반복했다 2031선에서 거래를 마쳤다. 노동길 NH투자증권 연구원은 “금일 국내 주식 시장은 미중 마찰 고조를 앞두고 상승 속도를 줄여가는 모습”이라면서 “과거와 달리 경기 침체에 진입한 미국이 실효성 있는 관세 부과 조치에 나서지 않으리라는 기대가 주식시장 영향을 제한하고 있으나 미국 제재 범위에 따라 대응하는 편이 낫다”고 판단했다. 유가증권시장에서 개인은 3214억원을 순매수했다. 기관은 859억원, 외국인은 2193억원을 순매도했다. 개인은 4818억원을 팔아치웠다. 프로그램 매매는 차익과 비차익을 합쳐 2226억원 순매도 우위를 기록했다.업종별로는 상승 우위를 보였다. 이날 상한가를 기록한 TBH글로벌(084870)을 포함한 섬유의복이 3.32% 오른 가운데 기계, 은행, 철강및금속, 건설업 등이 2%대 상승세를 그렸다. 의약품, 서비스업, 통신업이 1%대 빠졌고, 비금속광물과 화학이 1% 미만으로 하락했다.
시가총액 상위 종목에선 하락 우위였다. 삼성전자(005930)가 1.32%, 현대차(005380)가 0.31% 올랐지만 최근 강세를 보인 언택트 대형주 NAVER(035420)(-4.39%)와 카카오(035720)(-3.52%), 2차 전지 대형주 삼성SDI(006400)(-5.93%)와 LG화학(051910)(-4.47%) 모두 하락했다. 역시 최근 성과가 좋았던 삼성바이오로직스(207940)도 3%대 하락했다. SK하이닉스(000660), 셀트리온(068270), LG생활건강(051900)이 1% 미만으로 빠졌다. 종목별로는 희토류 관련주가 급부상했다. 미중 관계 악화 우려에 중국의 희토류 무기화 가능성이 제기되면서 유니온머티리얼(047400)이 17.56%, 대성화원이 10.17% 올랐다. 한국수출입은행이 조선산업에 대한 지원금을 당초 3조8000억원에서 5조2000억원으로 확대한다는 소식에 조선주도 강세였다. 현대미포조선(010620)(11.67%), 삼성중공업(010140)(11.53%), 대우조선해양(042660)(10.70%) 올랐다. 그린 뉴딜 기대감이 이어져 태양광 관련 업체인 신성이엔지(011930)도 24.87% 상승했다 . 이날 거래량은 11억6000만주, 거래대금은 12조4575억원으로 집계됐다. 상한가 1개 종목을 포함해 477개 종목이 상승했고 하한가 종목 없이 362개 종목이 하락했다. 65개 종목은 보합권에서 거래를 마쳤다.김윤지 (jay3@edaily.co.kr)＜ⓒ종합 경제정보 미디어 이데일리 - 무단전재 & 재배포 금지＞",/news/news_read.nhn?article_id=0004649770&office_id=018&mode=search&query=LG생활건강&page=1
▶ 네이버 홈에서 [한국경제TV] 채널 구독하기 [생방송보기]▶ 대한민국 재테크 총집결! - [증권 / 주식상담 / 부동산],"[한국경제TV 신재근 기자]코스피가 미중 갈등 고조 분위기 속에 소폭 올랐다.27일 코스피는 전 거래일 대비 1.42포인트(0.07%) 오른 2,031.20에 거래를 마쳤다.외국인(2,193억원 순매도)과 기관(859억원 순매도)이 하루 만에 팔자로 돌아섰지만 개인(3,213억원 순매수)이 지수 하락을 방어하는 모습이었다.이경민 대신증권 연구원은 ""코로나19 백신 관련 긍정적인 뉴스와 경제 활동 재개 기대감에 불구하고 시장은 미중 갈등에 주목했다""고 평가했다.미중 간의 긴장감이 확대되며 증시 상승폭이 제한적이었다는 것이다.업종별로는 철강·금속(2.29%)과 기계(2.74%), 건설(2.19%) 업종이 전날에 이어 강세를 보였다.코스피 시가총액 상위 10개 종목은 삼성전자(1.32%)와 현대차(0.31%)가 상승 마감했다.SK하이닉스(-0.61%)와 삼성바이오로직스(-3.26%), NAVER(-4.39%), 셀트리온(-0.70%), LG화학(-4.47%), 삼성SDI(-5.93%), 카카오(-3.52%), LG생활건강(-0.71%)은 내렸다.개별 종목에서는 현대미포조선(11.67%)과 삼성중공업(11.53%), 대우조선해양(10.70%) 등이 강세를 나타냈다.코스닥은 소폭 내렸다.코스닥지수는 전날보다 4.52포인트(-0.62%) 내린 724.59에 장을 마쳤다.코스피와 마찬가지로 개인(4,286억원 순매수) 자금이 유입됐지만 외국인(2,917억원 순매도)과 기관(1,244억원 순매도)이 동반 매도로 지수를 끌어내렸다.개인은 이날 유통(2,070억원 순매수)에 전체 순매수의 절반가량을 할애했다.코스닥 시총 상위 종목에선 알테오젠(9.38%)과 씨젠(1.60%), CJ ENM(1.18%), 에코프로비엠(1.28%), 스튜디오드래곤(0.90%)이 올랐다.셀트리온헬스케어(-4.48%)와 셀트리온제약(-4.06%)은 글로벌 사모펀드 원에쿼티파트너스의 셀트리온헬스케어 주식 블록딜(시간외 대량매매) 소식에 약세를 기록했다.에이치엘비(-1.50%)와 펄어비스(-1.99%), 케이엠더블유(-0.34%)도 하락했다.서울 외환시장에서 원/달러 환율은 전날보다 0.1원 오른 1,234.4원에 종가가 결정됐다.신재근기자 jkluv@wowtv.co.krⓒ 한국경제TV, 무단 전재 및 재배포 금지",/news/news_read.nhn?article_id=0000873886&office_id=215&mode=search&query=LG생활건강&page=1
,"[서울=뉴시스] 김제이 기자 = 두 달 반만에 2000선을 돌파했던 코스피가 연속 상승마감에 성공하며 상승흐름을 이어가고 있다. 외국인의 매도세에도 개인의 매수세가 지수 하락을 방어한 것으로 풀이된다.27일 코스피지수는 전 거래일(2029.78)보다 1.42포인트(0.07%) 오른 2031.20에 마감했다. 지수는 전날 보다 1.88포인트(0.09%) 내린 2027.9에 출발해 반등한 후 상승흐름을 이어나갔다. 장 중에는 2043선까지 터치하며 오름 폭을 키우기도 했다.유가증권시장에서 개인은 기관과 외국인의 동반 매도세에도 불구하고 홀로 3496억원을 순매수했다. 이날 외국인은 2614억원, 기관은 725억원을 순매도했다.업종별로는 혼조세를 보였다. 이날 크게 오른 업종은 섬유의복(3.32%)이며 이 뒤로도 기계(2.74%), 은행(2.41%), 철강금속(2.29%), 건설업(2.19%) 등이 올랐다. 반면 의약품(-1.64%), 서비스업(-1.64%), 통신업(-1.16%) 등은 내림세가 두드러졌다.시가총액 상위 종목들은 대부분 내렸다. 삼성전자가 전 거래일 대비 650원(1.32%) 오른 4만9900원에 거래를 마쳤고, 현대차가 0.31% 오른 것을 제외하면 모두 하락했다. 내림 폭이 큰 순으로 삼성SDI(-5.93%), LG화학(-4.47%), 네이버(-4.39%), 카카오(-3.52%), 삼성바이오로직스(-3.26%), LG생활건강(-0.71%), 셀트리온(-0.70%), SK하이닉스(-0.61%) 등이다.김도현 삼성증권 연구원은 ""어제는 코스피 지수가 2000포인트를 넘어섰고, 미국 스탠더드앤드푸어스(S&P)500 지수 또한 고점기준으로 3000포인트를 돌파했다""며 ""아직까지 세계의 경제활동이 본격적으로 재개되지 않았다는 점을 고려한다면, 실로 마법 같은 투자심리의 회복이라고 할 만하다""고 평가했다.다만 김 연구원은 ""국내 및 미국 주식시장의 투자심리는 완연한 회복세를 보이고 있는데 반해, 중국 주식시장의 움직임은 다소 무거워 지고 있다""며 ""코로나19 사태에 대한 부담 이외에도 홍콩을 둘러 싼 미국과의 긴장관계가 고조되고 있다는 점이 투자심리에 부정적읶 영향을 미치고 있기 때문""이라고 진단했다.코스닥지수는 전 거래일(729.11)보다 4.52포인트(0.62%) 내린 724.59에 마감했다. 지수는 0.85포인트(0.12%) 내린 728.26에 출발해 장 중 잠깐 반등한 이후 하락 폭을 키우다 마감했다.코스닥시장에서 외국인과 기관은 각각 2917억원, 1276억원을 순매도했다. 개인은 홀로 4318억원을 순매도하며 이날 대량으로 코스닥을 사들였다.코스닥 시총 상위 10개 종목도 희비가 엇갈렸다. 알테오젠(9.38%)은 이날 큰 폭으로 올랐으며, 씨젠(1.60%), 에코프로비엠(1.28%), CJ ENM(1.18%), 스튜디오드래곤(0.90%) 등이 상승했다.반면, 케이엠더블유(-0.34%), 에이치엘비(-1.50%), 펄어비스(-1.99%), 셀트리온제약(-4.06%), 셀트리온헬스케어(-4.48%) 등은 내렸다. jey@newsis.com<ⓒ 공감언론 뉴시스통신사. 무단전재-재배포 금지>",/news/news_read.nhn?article_id=0009884230&office_id=003&mode=search&query=LG생활건강&page=1
코스피 소폭 상승…0.07% 오른 2031.20 마감,"[더팩트ㅣ박경현 기자] 27일 코스피가 혼조를 겪다 개인 수급에 힘입어 강보합 마감했다. 코스닥은 오전 중 하락세로 전환해 낙폭을 키우다 1% 미만 하락하며 장을 마쳤다.코스피는 이날 전장 대비 1.42포인트(+0.07%) 오른 2031.20에 마쳤다. 개인은 다시 매수로 전환해 3226억 원을 사들였다. 외국인과 기관은 동반 매도포지션을 취하며 각각 2173억 원, 866억 원을 팔아치웠다.시가총액 상위종목은 삼성전자(+1.32%)만이 올랐다. 반면 SK하이닉스(-0.61%), 삼성바이오로직스(-3.26%), 네이버(-4.39%), 셀트리온(-0.70%), LG화학(-4.47%), 삼성SDI(-5.93%), 카카오(-3.52%), LG생활건강(-0.71%)은 내렸다.업종은 조선, 우주항공과 국방, 건축제품, 해운사, 전자제품이 4~6%가량 올랐다. 반면 전기제품, 양방향미디어와 서비스, 가구, 복합유틸리티, 인터넷과 카탈로그소매가 2~4%가량 내려 약세였다.코스닥은 전장대비 4.52포인트(-0.62%) 내린 724.59에 장을 마쳤다.코스닥에서는 전날과 같이 개인이 매수를, 외국인과 기관은 매도포지션을 취했다. 이에 외국인과 기관은 각각 2910억 원, 1277억 원을 순매도하고 개인 홀로 4318억 원을 순매수했다.이날 코스닥 시가총액 상위종목 등락은 엇갈렸다. 셀트리온헬스케어(-4.48%), 에이치엘비(-1.50%), 셀트리온제약(-4.06%), 케이엠더블유(-0.34%)는 내림세를 보였다. 반면 알테오젠(+9.38%), 씨젠(+1.60%), CJ ENM(+1.18%), 에코프로비엠(+1.28%), 스튜디오드래곤(+0.90%)은 오름세를 보인 가운데 장을 마쳤다.pkh@tf.co.kr저작권자 ⓒ 특종에 강한 더팩트 & tf.co.kr 무단 전재 및 재배포 금지",/news/news_read.nhn?article_id=0000027224&office_id=629&mode=search&query=LG생활건강&page=1
,"27일 코스피지수는 전 거래일 대비 1.42포인트(0.07%) 오른 2031.2에 거래를 마쳤다. 개인이 3214억원을 순매수했고 외국인과 기관은 각각 2173억원, 859억원을 순매도했다.코스피 시가총액 상위 종목은 삼성전자(1.32%)를 제외하고 하락했다. SK하이닉스(-0.61%), 삼성바이오로직스(-3.26%), 네이버(-4.39%), 셀트리온(-0.70%), LG화학(-4.47%), 삼성SDI(-5.93%), 카카오(-3.52%), LG생활건강(-0.71%)이 하락했다.코스닥 지수는 이날 전일 대비 4.52포인트(0.62%) 내린 724.59에 마감했다. 개인이 4285억원을 순매수했고 외국인과 기관은 각각 2911억원, 1242억원을 순매도했다.코스닥 시가총액 상위 종목은 혼조세로 마감했다. 셀트리온헬스케어(-4.48%), 셀트리온제약(-4.06%)은 하락했고 알테오젠(9.38%), 씨젠(1.60%), 에코프로비엠(1.28%) 등은 상승했다.이날 서울 외환시장에서 원/달러 환율은 전날보다 0.1원 오른 달러당 1234.4원에 거래를 마쳤다.노동길 NH투자증권 연구원은 ""미중 마찰 고조를 앞두고 국내 주가가 상승 속도를 줄여가는 모습을 보였다""며 ""국내 주식시장 멀티플은 호재보다 악재에 민감한 수준으로 미중 마찰 범위를 확인할 필요가 있다""고 말했다.윤경진 기자 youn1@mt.co.kr
<저작권자 ⓒ '성공을 꿈꾸는 사람들의 경제 뉴스' 머니S, 무단전재 및 재배포 금지>",/news/news_read.nhn?article_id=0000547731&office_id=417&mode=search&query=LG생활건강&page=1
,"[서울=뉴시스] 김제이 기자 = 두 달 반만에 2000선을 돌파했던 코스피가 연속 상승마감에 성공하며 상승흐름을 놓치지 않았다. 외국인의 매도세에도 개인의 매수세가 지수 하락을 방어한 것으로 풀이된다. 증시 전문가들은 현재 장세가 개인이 이끄는 장세라고 분석하며 한동안 개인의 대량 매수세가 이어질 것으로 전망했다.27일 코스피지수는 전 거래일(2029.78)보다 1.42포인트(0.07%) 오른 2031.20에 마감했다. 지수는 전날 보다 1.88포인트(0.09%) 내린 2027.9에 출발해 반등한 후 상승흐름을 이어나갔다. 장 중에는 2043선까지 터치하며 오름 폭을 키우기도 했다.유가증권시장에서 개인은 기관과 외국인의 동반 매도세에도 불구하고 홀로 3496억원을 순매수했다. 이날 외국인은 2614억원, 기관은 725억원을 순매도했다.업종별로는 혼조세를 보였다. 이날 크게 오른 업종은 섬유의복(3.32%)이며 이 뒤로도 기계(2.74%), 은행(2.41%), 철강금속(2.29%), 건설업(2.19%) 등이 올랐다. 반면 의약품(-1.64%), 서비스업(-1.64%), 통신업(-1.16%) 등은 내림세가 두드러졌다.시가총액 상위 종목들은 대부분 내렸다. 삼성전자가 전 거래일 대비 650원(1.32%) 오른 4만9900원에 거래를 마쳤고, 현대차가 0.31% 오른 것을 제외하면 모두 하락했다. 내림 폭이 큰 순으로 삼성SDI(-5.93%), LG화학(-4.47%), 네이버(-4.39%), 카카오(-3.52%), 삼성바이오로직스(-3.26%), LG생활건강(-0.71%), 셀트리온(-0.70%), SK하이닉스(-0.61%) 등이다.증권업계에서는 코스피의 회복에 있어 개인투자자들의 역할이 크다고 분석했다. 상대적으로 빠르게 회복하는 증시에서 외국인은 계속 순매도세를 보이는 반면 개인들이 이를 꾸준히 받아내고 있기 때문이다.정용택 IBK투자증권 리서치센터장은 ""개인투자자들의 주식 쪽에 대한 매수는 이어질 것으로 보고 있다""며 ""기본적으로 자금이 단기 부동화되고 있고 금리가 계속 내려가고 있는 상황으로 시장에 여유자금이 있고 증시 상승에 대한 기대감이 남아있어 당분간 개인의 순매수세는 유지될 걸로 보인다""고 분석했다.반면, 외국인들의 순매도세가 이어지는 것에 대해서는 대외 리스크가 존재해 국내 증시에 불확실성 남아있다는 판단에서 기인한다고 진단했다.정 센터장은 ""외국인들의 코스피를 계속해서 매도하는 건 두 가지 이유가 있다""며 ""우선 코로나19가 전 세계적으로 지속되고 있다는 점이고 두 번째는 미중 무역 분쟁""이라고 강조했다.최근 언급되는 경제재개에 대한 기대감이 이머징 마켓(신흥국시장)으로 확대되려면 외국인들에게는 락다운(Lock down·이동제한) 이후에도 경제활동이 안정적이여야 한다는 증거가 있어야 한다는 것이다.미중 무역갈등에서는 우리나라가 지리적으로나 경제적으로나 중국과 밀접한 관계국으로 환율문제나 경제 관련 불확실성이 높다고 점이 외국인들이 국내 증시로 넘어오기 어려운 요건들이라는 해석이다. 이날 코스닥지수는 전 거래일(729.11)보다 4.52포인트(0.62%) 내린 724.59에 마감했다. 지수는 0.85포인트(0.12%) 내린 728.26에 출발해 장 중 잠깐 반등한 이후 하락 폭을 키우다 마감했다.코스닥시장에서 외국인과 기관은 각각 2917억원, 1276억원을 순매도했다. 개인은 홀로 4318억원을 순매도하며 이날 대량으로 코스닥을 사들였다.코스닥 시총 상위 10개 종목도 희비가 엇갈렸다. 알테오젠(9.38%)은 이날 큰 폭으로 올랐으며, 씨젠(1.60%), 에코프로비엠(1.28%), CJ ENM(1.18%), 스튜디오드래곤(0.90%) 등이 상승했다.반면, 케이엠더블유(-0.34%), 에이치엘비(-1.50%), 펄어비스(-1.99%), 셀트리온제약(-4.06%), 셀트리온헬스케어(-4.48%) 등은 내렸다. jey@newsis.com<ⓒ 공감언론 뉴시스통신사. 무단전재-재배포 금지>",/news/news_read.nhn?article_id=0009884350&office_id=003&mode=search&query=LG생활건강&page=1
삼성전자 1490억 원 매수·삼성SDI 2095억 원 매도,"[더팩트ㅣ박경현 기자] 27일 코스피는 매도물량이 커지자 상승폭이 제한되며 강보합 마감했다. 이날 개인은 다시 매수로 전환해 3226억 원을 사들인 반면 외국인과 기관은 동반 매도포지션을 취하며 각각 2173억 원, 866억 원을 팔아치웠다. 코스닥은 외인과 기관의 동반 매도에 하락 마감했다.이날 외국인투자자의 코스피시장 기업 최대매수는 삼성전자로 향했다. 외인은 이날 삼성전자에 1490억 원을 사들인데 이어 포스코(POSCO) 270억 원, LG전자 240억 원, 현대건설 160억 원, 셀트리온 137억 원을 사들였다.반면 삼성SDI는 2095억 원 가량을 팔아치웠다. 이어 네이버(NAVER) 527억 원, LG화학 323억 원, SK 304억 원, 삼성전자우 265억 원을 순매도 했다.코스닥 시장에서는 리노공업(25억 원), 케이엠더블유(22억 원), 파마리서치프로덕트(21억 원)를 사고, 셀트리온헬스케어(1993억 원), 콜마비앤에이치(74억 원), 아프리카TV(48억 원)를 팔았다.기관은 이날 KB금융에 286억 원 가량을 사들였다. 이어 한국조선해양 281억 원, 포스코(POSCO) 188억 원, 기아차 125억 원, 한국금융지주 111억 원 순으로 매수했다.반면 카카오는 724억 원가량 매도했다. 또한 네이버(NAVER) 460억 원, SK 360억 원, 셀트리온 248억 원을 팔았다.이날 시가총액 상위종목은 삼성전자(+1.32%)를 제외하고 대부분 내렸다. SK하이닉스(-0.61%), 삼성바이오로직스(-3.26%), 네이버(-4.39%), 셀트리온(-0.70%), LG화학(-4.47%), 삼성SDI(-5.93%), 카카오(-3.52%), LG생활건강(-0.71%)이 하락세로 장을 마쳤다.pkh@tf.co.kr저작권자 ⓒ 특종에 강한 더팩트 & tf.co.kr 무단 전재 및 재배포 금지",/news/news_read.nhn?article_id=0000027236&office_id=629&mode=search&query=LG생활건강&page=1
