head,text,url
,"[아시아경제 조유진 기자] LG생활건강은 고농축 허브 성분을 담은 ‘빌리프 아쿠아 밤 앰플 브라이트닝 세럼’, ‘빌리프 아쿠아 밤 리파이닝 앰플 세럼’ 2종을 출시했다.트루 허브 브랜드 빌리프에서 선보인 이번 앰플 세럼은 브랜드 대표 제품이자 일명 ‘수분 폭탄 크림’으로도 불리는 ‘더 트루크림 아쿠아 밤’의 핵심 포뮬러를 베이스로, 투명한 피부 톤을 위한 브라이트닝 세럼과 피부 결 케어를 위한 리파이닝 세럼으로 구성됐다.브라이트닝 세럼은 8가지 허브 추출물로 이루어진 허브 토코 포뮬라와 비타민E 성분이 함유된 버블 오일이 외부 환경으로부터 피부 스트레스를 다스리고, 투명한 피부톤으로 건강하게 가꿔준다. 촉촉한 워터젤 제형에 허브 토코 포뮬라가 농축된 옐로우 버블 오일이 함유돼 끈적임 없이 피부에 빠르게 스며든다. 리파이닝 세럼은 각질 정돈을 도와주는 세린 성분과 마시멜로 뿌리 추출물이 함유된 앰플 세럼이 피부에 쌓인 각질을 케어해 강한 자극 없이도 피부를 부드럽고 매끄럽게 가꿔준다. 피부에 밀착되는 물방울 같은 젤 타입의 제형이 피부 표면에 수분막을 씌워 하루 종일 촉촉하면서도 편안한 수분감을 느낄 수 있다.조유진 기자 tint@asiae.co.kr <ⓒ경제를 보는 눈, 세계를 보는 창 아시아경제 무단전재 배포금지>",/news/news_read.nhn?article_id=0004641233&office_id=277&mode=search&query=LG생활건강&page=1
,"코스피가 1%대 급락 출발했다. 전일 1900선이 붕괴된 데 이어 이날은 1890선도 무너졌다.12일 오전 9시20분 현재 코스피는 전일 대비 21.99포인트(1.15%) 내린 1886.28을 기록하고 있다.이날 20.30포인트 하락 출발한 지수는 개인과 외국인의 동반 매도에 장 초반 1880선에서 급락세를 이어가고 있다.지난밤 뉴욕증시는 미국내 코로나 확진자가 1000명을 넘어서는 등 급증하고 있다는 소식이 전해지며 하락 출발했다. 여기에 전일 급등 원인인 트럼프의 급여세 인하에 대해 의회 통과가 힘들 것이라는 분석 또한 증시에 부정적으로 작용했다. 세계보건기구가 코로나 19에 대해 세계적인 대유행으로 규정하자 낙폭은 더욱 확대됐다.세계보건기구(WHO)는 11일(현지시간) 신종 코로나바이러스 감염증(코로나19)에 대해 전염병의 최고 경보 단계인 '세계적인 대유행(팬데믹)'을 선포했다.WHO는 ""중국 외 지역에서 발병이 13배 증가하고, 해당 국가도 세배나 늘었다""고 주장하며, 향후 확진자의 급증을 예상했다. 이로 인해 뉴욕증시는 고점 대비 20% 이상 하락하는 등 약세장에 들어섰다.서상영 키움증권 연구원은 ""지난 2009년 신종플루 사태에서 미국은 확진자가 급증하자 결국 2009년 10월 23일 오바마 당시 미국 대통령이 '국가 비상사태'를 선포하며 적극적인으로 대응에 나선 바 있다""며 ""당시 주식시장은 금융위기 여파로 각국이 적극적으로 정책 대응을 해와 일시적인 충격을 줬을 뿐 지속적인 강세장을 이어갔다""고 설명했다.이어 서 연구원은 ""물론 현재는 당시와 금융시장이 다르지만 한가지 공통된 사례는 각국 중앙은행은 적극적인 통화정책을 단행했고, 각국 정부 또한 재정지출을 확대했다는 점""이라며 ""이를 감안 향후 주식시장은 2009년처럼 상승하지는 못할 수 있으나, 공포에 잠식되는 극단적인 모습을 보이지는 않을 것으로 전망한다""고 밝혔다.이날 유가증권시장에서는 업종별로 대체로 하락하고 있다. 은행, 금융업, 의료정밀, 건설업, 기계, 보험, 전기·전자, 통신업이 약세를 보이는 반면, 의약품이 강세를 보이고 있다.매매주체별로 개인과 외국인이 673억원, 515억원 순매도하는 반면 기관이 1145억원 순매수했다. 프로그램 매매는 786억원 매수 우위를 보이고 있다.시가총액 상위 종목들은 대체로 하락하고 있다. SK텔레콤, SK하이닉스, 현대차가 1%대 하락하고 있고, 삼성물산, LG생활건강, NAVER, 카카오, 삼성전자가 약세를 보이고 있다.이날 코스피시장에는 135개 종목이 상승하고 있고 689개 종목은 하락하고 있다.코스닥은 전일 대비 0.28포인트(1.67%) 내린 593.94를 기록 중이다.[디지털뉴스국 김현정 기자] [ⓒ 매일경제 & mk.co.kr, 무단전재 및 재배포 금지]",/news/news_read.nhn?article_id=0004534900&office_id=009&mode=search&query=LG생활건강&page=1
,"코스피지수가 2016년 이후 4년 만에 장중 기준으로 최저 수준까지 미끄러졌다. 개장 직후 1% 이상 내리며 1890선마저 내줬다. 중소형주(株) 중심의 코스닥지수도 동반 하락, 590선 아래로 내려갔다.12일 오전 9시15분 현재 코스피지수는 전날보다 0.73% 내린 1894.33을 기록 중이다. 코스닥지수는 0.28% 하락한 593.24를 나타내고 있다. 이들 지수는 개장 직후보다 낙폭을 일부 만회하고 있으나, 외국인이 여전히 '매도 우위'를 보이고 있어 투자심리에는 부정적인 상황이다. 시가총액(주식을 시가로 표시한 금액) 상위주도 대부분 내림세다. 삼성전자와 SK하이닉스는 전날보다 각각 1.15%와 1.87% 내린 5만1500원과 83900원에 거래되고 있고 현대차와 삼성SDI, 삼성물산, LG생활건강, SK텔레콤 등 업종 대표주들도 일제히 하락 중이다. 증시 내 주요 매매 주체인 외국인이 계속 매도할 경우 지수는 당분간 상승세로 돌아서기 어렵다는 게 증시전문가들의 판단이다. 코로나19(신종 코로나바이러스 감염증) 확산 사태 이후 국내 증시는 연일 몸살을 앓고 있다. 전날(11일) 외국인은 코스피(유가증권시장)에서 약 7000억원, 코스닥시장에서 약 2600억원어치 보유주식을 팔아치웠다. 이날까지 코스피시장에서만 닷새 연속 '팔자'를 외치고 있는데 이 기간에만 3조7120억원 이상 순매도한 것으로 집계됐다. 이미 증시에선 외국인들의 '코리아 포비아'가 현실로 다가오는 분위기다. 국내에서 코로나19 첫 확진자 발생 이후 외국인은 국내 주식시장(코스피·코스닥)에서 10조원 가까이 보유주식을 팔았기 때문이다. 한국거래소에 따르면 첫 확진자가 나온 지난 1월20일 이후 전날까지 외국인은 국내 증권시장에서 9조5190억원가량 순매도했다. 이 영향으로 외국인의 전체 시가총액도 지난달 20일 약 622조원대에서 현재 532조원대로 90조원가량 쪼그라들었다. 같은 기간 전체 증시 시가총액은 1771조원대에서 1502조원대로 268조7000억원가량이 허공 속으로 사라졌다. 한경닷컴 뉴스룸 open@hankyung.com▶ ▶
 ▶
ⓒ 한국경제 & , 무단전재 및 재배포 금지",/news/news_read.nhn?article_id=0004305178&office_id=015&mode=search&query=LG생활건강&page=1
,"외국인 순매도 지속 (서울=연합뉴스) 김기훈 기자 = 코스피가 12일 또다시 1%대 급락세로 출발해 장중 1,900선에 이어 1,890선도 무너졌다.

신종코로나 바이러스 감염증(코로나19) 팬데믹(세계적 대유행) 공포가 현실화하면서 투자심리가 얼어붙은 것으로 풀이된다.

이날 오전 9시 21분 현재 코스피는 전 거래일보다 20.97포인트(1.10%) 내린 1,887.30을 가리켰다.

지수는 전장보다 20.30포인트(1.06%) 내린 1,887.97에서 출발해 약세 흐름을 이어가고 있다.

이날 현재 유가증권시장에서는 개인과 외국인이 427억원, 840억원을 순매도했다. 기관은 1천213억원을 순매수했다.

특히 외국인은 이날까지 6거래일 연속 순매도세를 이어가고 있다.

간밤 뉴욕증시에서 다우존스30 산업평균지수(5.86%), 스탠더드앤드푸어스(S&P)500 지수, 나스닥 지수(4.7%) 등 주요 지수는 일제히 폭락했다.

세계보건기구(WHO)가 코로나19에 대해 '팬데믹'을 선언하고 미국 재정 부양책의 불확실성이 불거지면서 투자심리가 급격히 냉각됐다.

서상영 키움증권 연구원은 ""코로나19가 모든 이슈를 잠식하는 경향을 보인다""며 ""다만 이런 하락 요인은 전날 한국 증시에 일정 부분 이미 반영돼 하락 폭은 제한적일 것""이라고 진단했다.

서 연구원은 ""수출 의존도가 높은 한국의 경우, 코로나19 확산이 경기 둔화 우려를 높일 수 있어 투자심리에는 부정적""이라며 ""각국 중앙은행들이 정책 발표를 앞두고 있어 공포 심리는 완화될 가능성도 있다""고 분석했다.

시가총액 상위 종목 가운데 삼성전자(-1.15%), SK하이닉스(-1.29%), 삼성바이오로직스(-0.10%), 네이버(-0.59%), LG화학(-0.27%), 현대차(-0.50%), 삼성물산(-1.48%), LG생활건강(-0.49%) 등은 내렸다.

 삼성SDI(0.17%)는 소폭 올랐다.

업종별로는 은행(-3.02%), 금융업(-1.84%), 건설업(-1.70%) 등 대부분이 약세를 보이고 의약품(0.39%)은 강세를 보였다.

같은 시각 코스닥지수는 전장보다 6.98포인트(1.17%) 내린 588.63을 나타냈다.

지수는 전장보다 6.41포인트(1.08%) 내린 589.20으로 개장해 하락세를 이어가고 있다.

코스닥시장에서는 외국인이 324억원을 순매수했다. 개인과 기관은 각각 215억원, 90억원을 순매도했다.

시총 상위주 중에는 에이치엘비(-0.24%), CJ ENM(-2.08%), 펄어비스(-0.06%), 스튜디오드래곤(-1.62%), SK머티리얼즈(-0.94%), 휴젤(-0.78%) 등은 내렸다.

셀트리온헬스케어(0.15%), 케이엠더블유(0.30%), 에코프로비엠(-1.79%), 씨젠(1.19%) 등은 올랐다.

kihun@yna.co.kr",/news/news_read.nhn?article_id=0011466701&office_id=001&mode=search&query=LG생활건강&page=1
,"세계보건기구(WHO)의 '팬데믹'(세계적 대유행·pandemic) 선언 첫날인 11일 한국 증시는 ‘역시나’ 폭락했다. 1% 급락대로 출발한 코스피는 1890선도 무너뜨렸다. 이날 이 기간동안 개인이 사들인 주식은 9조1328억원에 달한다.반면 외국인은 이날까지 6거래일 연속 순매도세를 이어가고 있다. 간밤 뉴욕증시에서 다우존스30 산업평균지수(5.86%), 스탠더드앤드푸어스(S&P)500 지수, 나스닥 지수(4.7%) 등 주요 지수가 일제히 폭락한 것과 같은 흐름이다.삼성전자도 51000원대까지 떨어졌다. 지난달 17일 이후 개인이 사들인 주식의 40%가 삼성전자다. 김동우 기자 love@kmib.co.krGoodNews paper ⓒ , 무단전재 및 재배포금지",/news/news_read.nhn?article_id=0001298296&office_id=005&mode=search&query=LG생활건강&page=1
▽ 뉴욕증시 또 급락에 코스피 1900선 붕괴▽ 국내 유통주 이틀만에 2차 충격파 ▽ 중국·패션·뷰티주도 다시 하락세,"국내 유통업종의 주가가 다시 줄줄이 하락하고 있다.세계보건기구(WHO)가 신종 코로나바이러스 감염증(코로나19)의 팬데믹(세계적 대유행)을 선언하면서 전 세계 경기 침체에 대한 불안감이 최고조에 달한 영향으로 풀이된다. 이틀 전 뉴욕증시 7%대 폭락에 따른 유통주 하락에 이어 이날 2차 하락 충격파가 더해지고 있다.12일 오전 10시15분 현재 신세계는 전날보다 6000원(2.39%) 하락한 24만5000원에 거래되고 있다. 롯데쇼핑은 4.14% 하락 중이다. 롯데하이마트도 3.35% 내리고 있다. 패션과 화장품 업종도 하락세다. 애경산업은 3.43% 내리고 있으며, 에이블씨엔씨도 3.48% 하락 중이다. 대장주인 LG생활건강도 1.15% 약세를 보이고 있으며, 아모레퍼시픽도 소폭 하락세다. 신원은 4.03% 하락 중이며, LF도 2.88% 내리고 있다. 휠라홀딩스도 1.59% 하락하고 있다. 이처럼 유통업종의 주가 하락은 투자심리가 위축된 탓으로 풀이된다. 이날 코스피는 1900선이 다시 붕괴됐다. 세계보건기구(WHO) 11일(현지시간) 코로나19의 '팬데믹'을 선언한 데 따른 여파다. 코로나19 감염자는 세계적으로 110여개국 약 12만명에 달하고 있다. 아시아권 뿐 아니라 유럽 중동 지역으로도 크게 확산하는 추세다. 이탈리아의 누적 확진자는 1만2462명을 기록했다.이에 뉴욕증시도 급락했다. 다우존스30 산업평균지수는 전날보다 1464.94포인트(5.86%) 하락한 2만3553.22, 스탠더드 앤드 푸어스(S&P) 500지수는 140.85P(4.89%) 떨어진 2741.38, 나스닥 지수도 392.20P(4.70%) 내린 7952.05로 장을 마쳤다.다우지수는 지난 9일 2013.76P 급락 후 10일 1167.14P 급반등했지만, 하루 만에 다시 폭락하며 출렁였다.지난 9일 증시 급락을 야기했던 국제유가도 불안정한 흐름을 보였다. 이날 4월 인도분 서부 텍사스산 원유(WTI)는 배럴당 4.0%(1.38달러) 내린 32.98달러에 거래를 마쳤다.고은빛 한경닷컴 기자 silverlight@hankyung.com▶ ▶
 ▶
ⓒ 한국경제 & , 무단전재 및 재배포 금지",/news/news_read.nhn?article_id=0004305229&office_id=015&mode=search&query=LG생활건강&page=1
,"(서울=뉴스1) 배지윤 기자 = LG생활건강은 고농축 허브 성분을 담아 수분 공급은 물론 각 피부 톤·결 집중 관리를 돕는 '빌리프 아쿠아 밤 앰플 브라이트닝 세럼'과 '빌리프 아쿠아 밤 리파이닝 앰플 세럼'을 출시했다고 12일 밝혔다.아쿠아 밤 브라이트닝 앰플 세럼은 8가지 허브 추출물로 이루어진 '허브-토코 포뮬라'와 비타민E 성분이 함유된 버블 오일이 외부 환경으로부터 피부 스트레스를 다스리고 투명한 피부톤으로 건강하게 가꿔준다. 또한 촉촉한 워터젤 제형으로 피부에 끈적임 없이 피부에 빠르게 스며들고 생기 있는 윤기만 남기는 것이 특징이다.
아쿠아 밤 리파이닝 앰플 세럼은 각질 정돈을 도와주는 '세린 성분'과 마시멜로 뿌리 추출물이 함유된 앰플 세럼이 피부에 쌓인 각질을 케어해 강한 자극 없이도 피부를 부드럽고 매끄럽게 가꿔준다. 피부에 밀착되는 물방울 같은 젤 타입의 제형이 피부 표면에 수분막을 씌워 하루 종일 촉촉하면서도 편안한 수분감을 느낄 수 있다.빌리프 브랜드 담당자는 ""피부 본연의 힘을 길러주고 생기를 충전해주는 것이 중요하다""며 ""신제품은 수분 공급과 함께 피부 톤 및 각질 케어가 가능한 스마트한 제품으로 건강한 피부를 경험할 수 있다""고 말했다.jiyounbae@news1.kr© 뉴스1코리아(), 무단 전재 및 재배포 금지",/news/news_read.nhn?article_id=0004517836&office_id=421&mode=search&query=LG생활건강&page=1
,"[이데일리 김재은 기자] 외국인 매도공세와 트럼프 미국 대통령 연설 실망감에 12일 오전 장중 코스피지수가 1813선으로 4년 7개월래 최저로 추락했다. 현재 외국인들은 코스피시장에서 3300억원이상 순매도중이다. 이가운데 오전 10시 57분 현재 셀트리온헬스케어(091990)를 1000억원이상 순매수하고 있어 눈길을 끈다. 삼성바이오로직스(207940), 에이치엘비(028300), 알테오젠(196170) 등 외국인 순매수 상위종목에 바이오제약주가 올라있다. 다만 이들 바이오주도 1~3%대 하락세를 면치 못하고 있다. 이외에 외국인들은 SFA반도체(036540), 솔브레인(036830), NHN한국사이버결제(060250), 더존비즈온(012510), LG유플러스(032640) 등을 담고 있다. 반면 삼성전자(005930)는 오전 10시 57분 현재 1조원이상의 외국인 순매도를 기록하고 있다. 현재 삼성전자는 4.32% 하락한 4만9850원에 머문다. 외국인은 카카오(035720)와 SK하이닉스(000660)를 각각 1220억원, 1100억원 이상 순매도하며 각각 4%대, 5%대 하락중이다. 이외 LG생활건강(051900), SK이노베이션(096770), 호텔신라(008770), 삼성SDI(006400) 등을 순매도중이며, 한진칼(180640)의 경우 외국인이 330억원이상 순매도중인데도 1%대 상승흐름이다.김재은 (aladin@edaily.co.kr) | ＜ⓒ종합 경제정보 미디어 이데일리 - 무단전재 & 재배포 금지＞",/news/news_read.nhn?article_id=0004595863&office_id=018&mode=search&query=LG생활건강&page=1
첫 확진자 발생 이후 98조702억원 줄어 임시휴점 직격탄 롯데쇼핑 34.5% 감소'대장주' 삼성전자 시총 62조706억 빠져,"[서울=뉴시스] 강수윤 기자 = 신종 코로나바이러스 감염증(코로나19) 확산으로 재계에 초비상이 걸린 가운데 국내 5대그룹의 주요 계열사 시가총액이 98조원 증발한 것으로 나타났다.12일 코스콤 체크단말기에 따르면 코스피에 상장된 5대그룹 주요 계열사의 시가총액은 첫 확진자가 발생한 지난 1월17일(738조7630억원)에서 이달 11일(640조6927억원)으로 98조702억원이나 줄었다.가장 큰 피해를 입은 기업은 롯데그룹이다. 롯데쇼핑 시총은 같은 기간 3조8614억원에서 2조5290억원으로 1조3351억(-34.5%)원 줄었다. 코로나19 불안감에 소비자들이 외부활동을 꺼리고 있는데다 확진자가 점포를 방문하면서 임시 휴점이 이어져 영향을 받은 것으로 풀이된다.또 충남 서산 대산공장 폭발사고로 생산을 중단한 롯데케미칼은 14.9%, 롯데지주는 18.6% 감소했다.'대장주' 삼성전자를 포함한 삼성그룹 8개 계열사도 직격탄을 맞았다. 코로나19 영향으로 시가총액이 484조7628억원에서 422조6921억원으로 62조706억원(12.8%) 감소했다.이 가운데 삼성바이오로직스(10.8%)와 삼성SDI(7.2%)를 제외한 삼성물산(-5.6%), 삼성SDS(-16.5%), 삼성생명(-31.9%), 삼성전기(-9.3%), 삼성화재(-21.1%) 모두 시총이 빠졌다. 바이오로직스는 치료제 개발에 대한 기대감과 기대 이상의 4분기 실적 이상으로 시총이 증가한 것으로 분석된다.SK그룹의 경우 120조6299억원에서 101억1810원으로 총 19조4488억원(16.1%)이 증발했다. SK텔레콤은 7.4%, 하이닉스 13.6%, SK 28.6%, SK이노베이션은 26.6% 줄었다.현대차그룹 역시 48조9557억원에서 39조1896억원으로 19.9% 감소했다. 현대차와 현대모비스는 각각 15.6%, 24.6% 시총이 모두 감소했다.5대 그룹 중 코로나19로 인해 타격이 덜한 기업은 LG그룹이었다. LG그룹의 시가총액은 69조3530억원에서 65조7123억원으로 3조6456억원(5.2%)으로 빠졌다.2차전지 산업의 수혜 기대감이 커지면서 LG화학은 시총이 9.6% 늘었다. 반면 LG생활건강과 그룹 지주사인 LG는 각각 10.3%, 14.7% 감소했다. shoon@newsis.com<ⓒ 공감언론 뉴시스통신사. 무단전재-재배포 금지>",/news/news_read.nhn?article_id=0009753001&office_id=003&mode=search&query=LG생활건강&page=1
,"코스피가 외국인의 매도 공세에 장중 5%대 급락하며 1810선도 붕괴됐다. 코스닥도 550선 위협받는 등 위태로운 흐름을 보이고 있다.12일 오후 2시16분 현재 코스피는 전일 대비 68.28포인트(3.58%) 내린 1839.99를 기록하고 있다.이날 지수는 전일 대비 20.30포인트(1.06%) 내린 1887.97에 개장해 급락세를 이어가고 있다. 장중 한때 5%대 급락하며 1808.56까지 떨어졌다.신종코로나바이러스 감염증(코로나19) 확산 여파로 글로벌 증시가 급락하면서 투자심리가 위축되는 것으로 풀이된다.특히 도널드 트럼프 대통령이 11일(현지시간) 대국민 연설 이후 국내 증시는 하락폭을 확대했다. 트럼프 대통령은 이날 연설을 통해 유럽 국가에서 미국으로 여행하는 것을 30일간 막겠다고 밝혔다.서상영 키움증권 연구원은 ""트럼프 대통령의 발언은 유럽과의 교류 중단을 발표하는 등 부정적인 부분이 더 많았다""며 ""미국의 특별조치와 함께 대규모 부양정책 등 적극적인 대응을 기대했던 시장에서 실망 매물이 출회하며 낙폭을 확대했다""고 설명했다.한국거래소는 이날 오후 1시 4분 37초에 선물가격 하락으로 인해 5분간 유가증권시장에서 프로그램 매도 호가 효력이 일시 정지(사이드카 발동)된다고 공시했다.유가증권시장 사이드카는 코스피200 선물거래 종목 중 직전 거래일 거래량이 가장 많은 종목의 가격이 5% 이상 상승 또는 하락한 상태가 1분간 지속할 경우 발동된다.유가증권시장에서 매도 사이드카가 발동된 것은 그리스 채무불이행(디폴트) 우려가 커진 지난 2011년 10월 4일 이후 약 8년 5개월 만에 처음이다.증권가에서는 코로나 확산이 둔화되더라도 경제활동이 완전히 정상화되는 데에는 상당한 시간이 소요될 것으로 전망했다.박소연 한국투자증권 연구원은 ""코로나가 처음에는 바이러스 확산으로 인한 가동중단, 공급차질 정도의 이슈였는데 글로벌 판데믹으로 흐르고 경기침체 문제로 확대되더니 이제는 부채 문제와 금융위기 논란까지 시나리오가 번졌다""며 ""이 정도면 더 이상 나올 악재가 없을 정도""라고 분석했다.박 연구원은 ""코로나 확산이 완전히 종식될 때까지 중앙은행이 한계기업과 주체들에게 일종의 쿠션을 제공할 필요가 있다""며 ""이 때문에 오는 18일 미 연방공개시장원회(FOMC)에서 50~75bp 이상의 대폭적인 금리인하나 보다 직접적인 금융시장 개입과 유동성 공급이 이뤄져야 한다고 본다""고 말했다.이날 유가증권시장에서는 업종별로 일제히 하락하고 있다. 음식료품, 섬유·의복, 종이·목재, 화학, 의약품, 비금속광물, 철강·금속이 약세를 보이고 있다.매매주체별로 개인과 기관이 4101억원, 2585억원 순매수하는 반면 외국인이 7185억원 순매도했다. 프로그램 매매는 1860억원 매도 우위를 보이고 있다.시가총액 상위 종목들은 대체로 하락하고 있다. LG생활건강, LG화학, 현대차가 4%대 약세를 보이는 반면 SK텔레콤, 삼성물산, 신한지주, POSCO, 현대모비스가 하락하고 있다.코스닥은 전일 대비 24.89포인트(4.18%) 내린 570.72를 기록 중이다.[디지털뉴스국 김현정 기자] [ⓒ 매일경제 & mk.co.kr, 무단전재 및 재배포 금지]",/news/news_read.nhn?article_id=0004535177&office_id=009&mode=search&query=LG생활건강&page=1
"거래소, 8년5개월 만에 매도 사이드카대장주 삼성전자 석 달 만에 장중 5만원 깨져코스닥, 7개월 만에 560선 '뚝'","12일 국내 증시는 신종 코로나바이러스 감염증(코로나19)의 세계적 대유행(팬데믹) 선언과 함께 패닉 장세를 보인 하루였다. 코스피(유가증권시장)는 8년5개월만에 '사이드카'가 발동되며 겨우 1800선을 지켰고 외국인은 6거래일째 '셀 코리아'를 외쳤다. 코스닥시장은 장중 550선까지 주저앉았다.이날 코스피 지수는 전날보다 73.94포인트(3.87%) 내린 1834.33에 장을 마쳤다.간밤 미국 증시는 WHO의 팬데믹 선언에 폭락했다. 다우지수는 전날보다 5.86% 급락하는 등 주요 3대 지수는 5% 안팎의 급락세를 보였다. 팬데믹 선언은 글로벌 경기 악화를 사실상 공식 인정하는 신호로 받아들여지며 투자심리를 냉각시켰다.이에 코스피 지수는 전날에 이어 1900선이 무너지며 하락 출발했다. 장중 도널드 트럼프 미국 대통령의 대국민 연설 실망감은 투자심리를 더 위축시켰다. 트럼프 대통령은 코로나19 확산 방지를 위해 유럽에 대한 입국 제한을 실시하겠다고 밝혔으나, 특별한 대책이 나오지 않자 지수는 빠르게 낙폭을 확대했다.이후 지수는 5% 넘게 폭락하며 1808.56까지 주저앉았다. 선물 시장에서는 5% 이상 급락세가 1분간 지속돼 프로그램 매매를 5분 간 정지시키는 사이드카가 발동됐다. 매도 사이드카는 선물가격이 1분 이상 5% 넘게 하락할 경우 발동, 5분간 프로그램 매도호가 효력이 정지된다. 코스피에서 매도 사이드카가 발동된 건 그리스 채무불이행(디폴트) 우려가 커진 2011년 10월4일 이후 약 8년5개월 만에 처음이었다.나정환 DS투자증권 연구원은 ""코로나19 팬데믹 선언에 위험자산 회피 심리가 강화되고 있다""며 ""주요국이 경기부양책을 소개하는 것만으로는 증시 하락을 막을 수 없을 것""이라고 판단했다.나 연구원은 코스피지수의 1차 지지선은 1820선, 최악의 경우엔 2차 지지선이 1740선이 될 것이라고 전망했다. 외국인은 6거래일 연속 '팔자'를 외쳤다. 8972억원 매도 우위였다. 개인 기관은 각각 5364억원 2851억원 매수 우위였다. 하루만에 돌아온 기관 중에선 금융투자 기타법인의 매수세가 돋보였다.프로그램으로는 차익과 비차익 모두 1336억7700만원, 990억5300만원 매도 우위로 전체 2327억3000만원이 빠져나갔다.전 업종이 파랗게 질렸다. 기계 건설업 의료정밀이 6~7% 급락했고 섬유의복 종이목재 화학 비금속광물 운수장비 유통업 등도 4~5% 떨어졌다.시가총액(주식을 시가로 표시한 금액) 상위주(株)도 울상을 지었다. 대장주 삼성전자는 석 달만에 장중 5만원선이 깨지기도 했다. 삼성전자 SK하이닉스 네이버 삼성SDI SK텔레콤 엔씨소프트는 2~3% 하락 마감했다. 삼성물산 LG생활건강 현대모비스는 4% 넘게 빠졌고 LG화학 현대차는 5~6% 급락했다.코스닥지수도 5% 넘게 빠졌다. 전날보다 32.12포인트(5.39%) 하락한 563.49에 마감했다. 지수가 560선에서 장을 마친 건 지난해 8월7일(종가 564.64) 이후 7개월만이다. 지수는 장중 6% 넘게 폭락하며 555.47까지 저점을 낮추기도 했다. 개인 기관의 팔자세가 지수 하락을 이끌었다. 각각 691억원 869억원 순매도했다. 외국인은 1482억원 순매수했다. 시총 상위주 가운데 맏형 셀트리온헬스케어가 소폭 하락했다. CJ ENM 케이엠더블유 원익IPS는 6~7% 급락했다. 펄어비스 스튜디오드래곤 SK머티리얼즈 씨젠 휴젤 메디톡스 등은 4~5% 하락했다.서울 외환시장에서 원·달러 환율은 3거래일만에 급등하며 1200원대로 다시 진입했다. 전날보다 13.5원 오른 1206.5원에 장을 마쳤다.채선희 한경닷컴 기자 csun00@hankyung.com▶ ▶
 ▶
ⓒ 한국경제 & , 무단전재 및 재배포 금지",/news/news_read.nhn?article_id=0004305461&office_id=015&mode=search&query=LG생활건강&page=1
,"코스피가 신종코로나 바이러스 감염증(코로나19) 팬데믹(세계적 대유행) 선언에 또 다시 폭락 마감했다.12일 코스피는 전일 대비 73.94포인트(3.87%) 내린 1834.33에 마감했다.이날 지수는 20.30포인트 내린 1887.97에 개장해 장 초반 낙폭을 키웠다. 외국인의 매도 공세에 지수는 장중 1810선이 붕괴되는 등 폭락장을 연출했다.신종코로나바이러스 감염증(코로나19) 확산 여파로 글로벌 증시가 급락하면서 투자심리가 위축되는 것으로 풀이된다.특히 도널드 트럼프 대통령이 11일(현지시간) 대국민 연설 이후 국내 증시는 하락폭을 확대했다. 트럼프 대통령은 이날 연설을 통해 유럽 국가에서 미국으로 여행하는 것을 30일간 막겠다고 밝혔다.서상영 키움증권 연구원은 ""트럼프 대통령의 발언은 유럽과의 교류 중단을 발표하는 등 부정적인 부분이 더 많았다""며 ""미국의 특별조치와 함께 대규모 부양정책 등 적극적인 대응을 기대했던 시장에서 실망 매물이 출회하며 낙폭을 확대했다""고 설명했다.노동길 NH투자증권 연구원도 ""미국 주식시장 선물 지수는 트럼프 대통령의 성명 이후 급락했다""며 ""투자자들이 전일에 이어 구체적인 대응 방안 부재에 실망감을 보였다""고 분석했다.노 연구원은 ""이날 코스피 하락 시점도 트럼프 대통령의 성명 직후와 일치한다""며 ""금융시장이 두려워하고 있는 바는 코로나19 확산세 자체보다 민간 소비와 기업 투자 감소분을 메울 수 있을지 여부""라고 말했다.결국 한국거래소는 이날 오후 1시 4분 37초에 선물가격 하락으로 인해 5분간 유가증권시장에서 프로그램 매도 호가 효력이 일시 정지(사이드카 발동)된다고 공시했다.유가증권시장 사이드카는 코스피200 선물거래 종목 중 직전 거래일 거래량이 가장 많은 종목의 가격이 5% 이상 상승 또는 하락한 상태가 1분간 지속할 경우 발동된다.유가증권시장에서 매도 사이드카가 발동된 것은 그리스 채무불이행(디폴트) 우려가 커진 지난 2011년 10월 4일 이후 약 8년 5개월 만에 처음이다.증권가에서는 코로나 확산이 둔화되더라도 경제활동이 완전히 정상화되는 데에는 상당한 시간이 소요될 것으로 전망했다.박소연 한국투자증권 연구원은 ""코로나가 처음에는 바이러스 확산으로 인한 가동중단, 공급차질 정도의 이슈였는데 글로벌 판데믹으로 흐르고 경기침체 문제로 확대되더니 이제는 부채 문제와 금융위기 논란까지 시나리오가 번졌다""며 ""이 정도면 더 이상 나올 악재가 없을 정도""라고 분석했다.박 연구원은 ""코로나 확산이 완전히 종식될 때까지 중앙은행이 한계기업과 주체들에게 일종의 쿠션을 제공할 필요가 있다""며 ""이 때문에 오는 18일 미 연방공개시장원회(FOMC)에서 50~75bp 이상의 대폭적인 금리인하나 보다 직접적인 금융시장 개입과 유동성 공급이 이뤄져야 한다고 본다""고 말했다.이날 유가증권시장에서는 전업종이 파란불이 들어왔다. 기계, 의료정밀, 건설업, 은행, 화학, 종이·목재, 운송장비, 금융업 순으로 낙폭이 컸다.매매주체별로 개인과 기관은 5373억원, 2842억원 순매수한 반면 외국인은 8972억원 순매도했다. 프로그램 매매는 2327억원 매도 우위를 나타냈다.시가총액 상위 종목 중에서는 LG화학이 6%대 약세를 기록했고, 현대차, LG생활건강, 삼성물산, 현대모비스, 엔씨소프트 등도 약세를 보였다.이날 유가증권시장에서는 19개 종목이 상승했고 878개 종목이 떨어졌다.코스닥은 전일 대비 32.12포인트(5.39%) 내린 563.49에 마감했다.[디지털뉴스국 김현정 기자] [ⓒ 매일경제 & mk.co.kr, 무단전재 및 재배포 금지]",/news/news_read.nhn?article_id=0004535296&office_id=009&mode=search&query=LG생활건강&page=1
▶ 네이버 홈에서 [한국경제TV] 채널 구독하기 [생방송보기]▶ 대한민국 재테크 총집결! - [증권 / 주식상담 / 부동산],"[한국경제TV 신재근 기자]코스피가 이틀 연속 크게 하락했다.12일 코스피는 전 거래일 대비 73.94포인트(-3.87%) 내린 1,834.33에 거래를 마쳤다.종가 기준으로 지수가 1,900선이 깨진 것은 지난 2016년 2월 17일(1,883.94) 이후 약 4년 만이다.이날 시장은 장 출발 전 선물·옵션 동시 만기와 간밤 WHO의 코로나19 팬데믹 선언을 주목했다.지수는 이날 시작과 함께 1,900선이 깨졌다.이어 오전 10시 트럼프 미국 대통령의 기자회견 이후 낙폭은 급격히 확대됐고, 코스피 시장에서 사이드카가 발동됐다.코스피에서 사이드카가 발동된 것은 지난 2011년 10월 4일 이후 8년 5개월 만이다노동길 NH투자증권 연구원은 이날 ""KOSPI 급락과 사이드카 발동은 트럼프 대통령 성명 실망감에 따른 주요 아시아 주식시장 하락 여파 및 개인 신용 매물 출회 우려, 선물옵션 동시 만기 변동성 등 국내 수급 절벽 요인이 복합적으로 작용한 탓""이라고 분석했다.수급 주체별로는 이날도 코스피 하락은 외국인이 주도했다.외국인은 코스피에서 전자·전기(-5,528억원) 업종을 중심으로 8,972억원을 순매도했다.반면, 개인(5,370억원)과 기관(2,845억원)은 순매수를 기록했다.장 막판 금융투자의 매수세가 커졌던 것이 이날 기관 수급의 특징이었다.코스피 시가총액 상위 10개 종목은 모두 하락했다.삼성전자(-2.50%)와 SK하이닉스(-3.16%), NAVER(-2.06%), LG화학(-6.44%), 현대차(-5.00%), 삼성SDI(-3.11%), 삼성물산(-4.14%), LG생활건강(-4.76%)이 약세인 가운데 삼성바이오로직스(-0.21%)와 셀트리온(-1.43%)도 하락했다.코스닥은 5% 넘게 떨어졌다.이날 코스닥지수는 전장보다 32.12포인트(-5.39%) 내린 563.49에 장을 마쳤다.코스피와 달리 외국인이 1,482억원을 순매수했지만 개인(-687억원)과 기관(-872억원)이 매도 우위를 보였다.업종별로는 코스닥 모든 업종이 하락했다.특히 IT종합(-6.24%)과 제조(-4.90%) 업종의 낙폭이 컸다.코스닥 시총 상위 10개 종목 가운데선 에이치엘비(2.65%)만 상승 마감했다.나머지 셀트리온헬스케어(-0.30%)와 CJ ENM(-7.05%), 펄어비스(-5.07%), 스튜디오드래곤(-5.94%), 케이엠더블유(-6.77%), 에코프로비엠(-0.38%), SK머티리얼즈(-5.68%), 씨젠(-4.24%), 휴젤(-5.85%)은 하락했다.원/달러 환율은 크게 뛰어 다시 달러당 1,200원을 돌파했다.이날 서울 외환시장에서 미국 달러화에 대한 원화 환율은 전날보다 13.5원 오른 달러당 1,206.5원에 종가가 결정됐다.신재근기자 jkluv@wowtv.co.krⓒ 한국경제TV, 무단 전재 및 재배포 금지",/news/news_read.nhn?article_id=0000855065&office_id=215&mode=search&query=LG생활건강&page=1
,"12일 코스피가 4% 가까이 폭락하며 마감했다. 세계보건기구(WHO)가 신종 코로나바이러스 감염증(코로나 19) 세계적 대유행(팬데믹)을 선언한 뒤 첫 거래일이다.


이날 코스피는 전일보다 73.94포인트(3.87%) 떨어진 1834.33에 거래를 마쳤다.



장이 열릴 땐 전일보다 20.30포인트(1.06%)낮은 1887.97에서 시작했지만 오후 들어 추락세가 거세졌다. 오후 1시 4분에는 전일보다 99.37포인트(5.21%) 낮은 1808.90까지 떨어졌고 한국거래소는 매매 호가를 효력정지시키는 사이드카를 발동했다. 유가증권시장에서 사이드카가 발동된 것은 8년 5개월만이다.



이후 소폭 오른 지수로 장이 마감되긴 했지만, 장중 한때 1808.56까지 떨어지며 1800선마저 무너지는 것이 아니냐는 우려가 나오기도 했다.


하루동안 코스피 시장에서 외국인이 순매도한 금액은 8952억원어치다. 개인과 기관은 각각 5361억원과 2854억원어치 순매수했다.


시가총액 상위 종목들도 맥을 못추고 일제히 하락했다. 삼성전자는 전일보다 1300원(2.50%)내린 5만800원에 거래를 마쳤다. SK하이닉스(3.16%), 네이버(2.06%), LG화학(6.44%), 현대차(5.00%), 삼성물산(4.14%), LG생활건강(4.76%)의 주가도 모두 내렸다.


코스닥은 전날 내준 600선을 회복하지 못했다. 전날보다 32.11포인트(5.39%) 내린 563.50으로 장을 마쳤다. 외국인이 1482억원을 순매수했고, 개인과 기관이 697억원과 863억원 순매도했다.


이날 서울 외환시장에서 원화가치는 지난해 8월 이후 가장 큰 하락폭을 기록했다. 원화가치가 전날보다 13.5원 떨어져(환율은 상승) 달러당 1206.5원으로 거래를 마감했다.


문현경 기자 moon.hk@joongang.co.kr
▶ ▶
/ ⓒ중앙일보(https://joongang.co.kr), 무단 전재 및 재배포 금지",/news/news_read.nhn?article_id=0002983491&office_id=025&mode=search&query=LG생활건강&page=1
,"코스닥 지수도 5.4% 떨어져 (서울=연합뉴스) 김기훈 기자 = 신종코로나 바이러스 감염증(코로나19)의 팬데믹(세계적 대유행) 충격에 12일 코스피가 또 3.9%나 폭락하며 1,840선도 무너졌다.

유가증권시장에는 약 8년 5개월 만에 사이드카가 발동되기도 했다.

이날 코스피는 전 거래일보다 73.94포인트(3.87%) 떨어진 1,834.33에 거래를 마쳤다.

이는 종가 기준으로 2015년 8월 24일(1,829.81) 이후 4년 6개월여만에 최저 수준이다.

또 코스피는 이달 9일(-85.45포인트·-4.19%) 이후 최대 낙폭을 기록했다.

이로써 하루 유가증권시장에서는 시가총액 49조5천444억원이 줄었다.

지수는 전장보다 20.30포인트(1.06%) 내린 1,887.97에서 출발해 낙폭을 키웠다.

 장중 낙폭이 5%를 넘으면서 1,808.56까지 떨어지기도 했고 장중 한때 프로그램 매도 호가의 효력을 일시 중단시키는 '사이드카'가 발동되기도 했다.

유가증권시장에 사이드카가 발동된 것은 2011년 10월 4일 이후 약 8년 5개월 만이다.

사이드카는 코스피200 선물거래 종목 중 직전 거래일 거래량이 가장 많은 종목의 가격이 5% 이상 상승 또는 하락한 상태가 1분간 지속할 경우 발동되며 발동 시점에서 5분이 지나면 자동 해제된다.

 유가증권시장에서 외국인은 8천971억원을 순매도했다. 개인은 5천375억원, 기관은 2천839억원을 순매수했다.

외국인은 유가증권시장에서 최근 6거래일 동안 4조5천961억원을 순매도했다. 같은 기간 개인은 4조3천289억원을 순매수했다.

이경민 대신증권 연구원은 ""세계보건기구(WHO)가 팬데믹을 선언함에 따라 아시아 증시가 일제 하락했다""며 ""유럽발 미국 여행 중단 등의 내용을 담은 도널드 트럼프 미국 대통령의 연설이 오히려 증시에 악재로 작용했다""고 분석했다.

이 연구원은 ""코로나19의 불확실성이 2개월 가까이 이어지며 공포심리가 금융시장을 지배하고 있다""며 ""패닉 장세에서 투자심리 변화에 따른 급등락은 불가피하다""고 전망했다.

시가총액 상위 10위권 종목은 모두 하락 마감했다.

삼성전자(-2.50%), SK하이닉스(-3.16%), 삼성바이오로직스(-0.21%), 네이버(-2.06%), LG화학(-6.44%), 셀트리온(-1.43%), 현대차(-5.00%), 삼성SDI(-3.11%), 삼성물산(-4.14%), LG생활건강(-4.76%) 등이 내렸다.

업종별로는 기계(-7.29%), 의료정밀(-6.68%), 건설업(-6.02%) 등 모든 업종이 약세였다.

주가가 오른 종목은 19개, 내린 종목은 878개였다. 보합은 8개 종목이었다.

프로그램 매매는 차익과 비차익거래 모두 매도 우위로 전체적으로는 2천327원의 순매도로 집계됐다.

유가증권시장의 거래량은 7억7천465만주, 거래대금은 10조9천74억원이었다.

코스닥지수는 전장보다 32.12포인트(5.39%) 내린 563.49로 마감했다.

이날 코스닥 지수는 작년 8월 6일(551.50) 이후 최저, 낙폭은 작년 8월 5일(-45.91포인트·-7.46%) 이후 최대다.

지수는 전장보다 6.41포인트(1.08%) 내린 589.20으로 개장해 우하향 곡선을 그렸다.

코스닥시장에서는 이날 하루 시총이 11조6천303억원 감소했다.

코스닥시장에서는 외국인이 1천482억원을 순매수했다. 개인과 기관은 각각 686억원, 873억원을 순매도했다.

시총 상위주 중에는 에이치엘비(2.65%)만 올랐다.

셀트리온헬스케어(-0.30%), CJ ENM(-7.05%), 펄어비스(-5.07%), 스튜디오드래곤(-5.94%), 케이엠더블유(-6.77%), 에코프로비엠(-0.38%), SK머티리얼즈(-5.68%), 씨젠(-4.24%), 휴젤(-5.85%) 등은 내렸다.

코스닥시장의 거래량은 15억9천128만주, 거래대금은 7조8천538억원 수준이었다.

서울 외환시장에서 원/달러 환율은 전날보다 달러당 13.5원 급등한 1,206.5원에 마감했다.

kihun@yna.co.kr",/news/news_read.nhn?article_id=0011468960&office_id=001&mode=search&query=LG생활건강&page=1
"첫 확진자 발생 이후 98조702억원 줄어 임시휴점 직격탄 롯데쇼핑 34.5% 감소'대장주' 삼성전자 시총 62조706억 빠져코스피, 시총 하루 만에 49조5440억 증발","[서울=뉴시스] 강수윤 기자 = 신종 코로나바이러스 감염증(코로나19) 확산으로 재계에 초비상이 걸린 가운데 국내 5대그룹의 주요 계열사 시가총액이 98조원 증발한 것으로 나타났다.12일 코스콤 체크단말기에 따르면 코스피에 상장된 5대그룹 주요 계열사의 시가총액은 첫 확진자가 발생한 지난 1월17일(738조7630억원)에서 이달 11일(640조6927억원)으로 98조702억원이나 줄었다.가장 큰 피해를 입은 기업은 롯데그룹이다. 롯데쇼핑 시총은 같은 기간 3조8614억원에서 2조5290억원으로 1조3351억(-34.5%)원 줄었다. 코로나19 불안감에 소비자들이 외부활동을 꺼리고 있는데다 확진자가 점포를 방문하면서 임시 휴점이 이어져 영향을 받은 것으로 풀이된다.또 충남 서산 대산공장 폭발사고로 생산을 중단한 롯데케미칼은 14.9%, 롯데지주는 18.6% 감소했다.'대장주' 삼성전자를 포함한 삼성그룹 8개 계열사도 직격탄을 맞았다. 코로나19 영향으로 시가총액이 484조7628억원에서 422조6921억원으로 62조706억원(12.8%) 감소했다.이 가운데 삼성바이오로직스(10.8%)와 삼성SDI(7.2%)를 제외한 삼성물산(-5.6%), 삼성SDS(-16.5%), 삼성생명(-31.9%), 삼성전기(-9.3%), 삼성화재(-21.1%) 모두 시총이 빠졌다. 바이오로직스는 치료제 개발에 대한 기대감과 기대 이상의 지난해 4분기 실적 이상으로 시총이 증가한 것으로 분석된다.SK그룹의 경우 120조6299억원에서 101억1810원으로 총 19조4488억원(16.1%)이 증발했다. SK텔레콤은 7.4%, 하이닉스 13.6%, SK 28.6%, SK이노베이션은 26.6% 줄었다.현대차그룹 역시 48조9557억원에서 39조1896억원으로 19.9% 감소했다. 현대차와 현대모비스는 각각 15.6%, 24.6% 시총이 모두 감소했다.5대 그룹 중 코로나19로 인해 타격이 그나마 덜한 기업은 LG그룹이었다. LG그룹의 시가총액은 69조3530억원에서 65조7123억원으로 3조6456억원(5.2%)으로 빠졌다.2차전지 산업의 수혜 기대감이 커지면서 LG화학은 시총이 9.6% 늘었다. 반면 LG생활건강과 그룹 지주사인 LG는 각각 10.3%, 14.7% 감소했다.한편 이날 시장에서 8년5개월여 만에 사이드카가 발동하고 공포지수가 급등하는 등 패닉 장세가 연출되면서 시가총액도 하루 사이 49조원 가량이 사라졌다.코스피 전체 시가 총액은 전날 1284조8950억원에서 이날 1235조3510억원으로 49조5440억원이 줄어들었다.시총 1위인 삼성전자 시가총액도 전일 311조257억원에서 이날 303조2650억원으로 7조7607억원 빠졌다. 2위 SK하이닉스의 시총도 62조2442억원에서 60조2786억원으로 1조9656억원 하락했다. 3위 삼성전자우(1조286억원), 4위 삼성바이오로직스(662억원), 5위 네이버(5769억원), 6위 LG화학(1조6589억원), 7위 셀트리온(3209억원), 8위 현대차(1조683억원), 9위 삼성SDI(6188억원), 10위 삼성물산(7967억원) 등이 줄었다.나정환 DS투자증권 연구원은 ""위험자산 회피심리가 강화되면서 증시 하락세는 불가피하다. 코스피 지수의 1차 지지선은 1820pt대, 2차 지지선은 1740pt대""라며 ""올해 한국 증시에서 글로벌 코로나 19 확진자 수 증가율, 미 연방준비은행 추가 부양책, 미국 경기 침체 가능성 등 세 가지를 주시해야 한다""고 말했다. shoon@newsis.com<ⓒ 공감언론 뉴시스통신사. 무단전재-재배포 금지>",/news/news_read.nhn?article_id=0009754042&office_id=003&mode=search&query=LG생활건강&page=1
,"신종코로나 바이러스 감염증(코로나19)의 팬데믹(세계적 대유행) 충격에 오늘(12일) 코스피가 또 3.9%나 폭락하며 1,840선도 무너졌습니다.유가증권시장에는 약 8년 5개월 만에 사이드카가 발동되기도 했습니다.이날 코스피는 전 거래일보다 73.94포인트(3.87%) 떨어진 1,834.33에 거래를 마쳤습니다.이는 종가 기준으로 2015년 8월 24일(1,829.81) 이후 4년 6개월여만에 최저 수준입니다.또 코스피는 이달 9일(-85.45포인트·-4.19%) 이후 최대 낙폭을 기록했습니다.이로써 하루 유가증권시장에서는 시가총액 49조5천444억원이 줄었습니다.지수는 전장보다 20.30포인트(1.06%) 내린 1,887.97에서 출발해 낙폭을 키웠습니다.장중 낙폭이 5%를 넘으면서 1,808.56까지 떨어지기도 했고 장중 한때 프로그램 매도 호가의 효력을 일시 중단시키는 '사이드카'가 발동되기도 했습니다.유가증권시장에 사이드카가 발동된 것은 2011년 10월 4일 이후 약 8년 5개월 만입니다.사이드카는 코스피200 선물거래 종목 중 직전 거래일 거래량이 가장 많은 종목의 가격이 5% 이상 상승 또는 하락한 상태가 1분간 지속할 경우 발동되며 발동 시점에서 5분이 지나면 자동 해제됩니다.유가증권시장에서 외국인은 8천971억원을 순매도했습니다. 개인은 5천375억원, 기관은 2천839억원을 순매수했습니다.외국인은 유가증권시장에서 최근 6거래일 동안 4조5천961억원을 순매도했습니다. 같은 기간 개인은 4조3천289억원을 순매수했습니다.이경민 대신증권 연구원은 ""세계보건기구(WHO)가 팬데믹을 선언함에 따라 아시아 증시가 일제 하락했다""며 ""유럽발 미국 여행 중단 등의 내용을 담은 도널드 트럼프 미국 대통령의 연설이 오히려 증시에 악재로 작용했다""고 분석했습니다.이 연구원은 ""코로나19의 불확실성이 2개월 가까이 이어지며 공포심리가 금융시장을 지배하고 있다""며 ""패닉 장세에서 투자심리 변화에 따른 급등락은 불가피하다""고 전망했습니다.시가총액 상위 10위권 종목은 모두 하락 마감했습니다.삼성전자(-2.50%), SK하이닉스(-3.16%), 삼성바이오로직스(-0.21%), 네이버(-2.06%), LG화학(-6.44%), 셀트리온(-1.43%), 현대차(-5.00%), 삼성SDI(-3.11%), 삼성물산(-4.14%), LG생활건강(-4.76%) 등이 내렸습니다.업종별로는 기계(-7.29%), 의료정밀(-6.68%), 건설업(-6.02%) 등 모든 업종이 약세였습니다.주가가 오른 종목은 19개, 내린 종목은 878개였습니다. 보합은 8개 종목이었습니다.프로그램 매매는 차익과 비차익거래 모두 매도 우위로 전체적으로는 2천327원의 순매도로 집계됐습니다.유가증권시장의 거래량은 7억7천465만주, 거래대금은 10조9천74억원이었습니다.코스닥지수는 전장보다 32.12포인트(5.39%) 내린 563.49로 마감했습니다.이날 코스닥 지수는 작년 8월 6일(551.50) 이후 최저, 낙폭은 작년 8월 5일(-45.91포인트·-7.46%) 이후 최대입니다.지수는 전장보다 6.41포인트(1.08%) 내린 589.20으로 개장해 우하향 곡선을 그렸습니다.코스닥시장에서는 이날 하루 시총이 11조6천303억원 감소했습니다.코스닥시장에서는 외국인이 1천482억원을 순매수했습니다. 개인과 기관은 각각 686억원, 873억원을 순매도했습니다.시총 상위주 중에는 에이치엘비(2.65%)만 올랐습니다.셀트리온헬스케어(-0.30%), CJ ENM(-7.05%), 펄어비스(-5.07%), 스튜디오드래곤(-5.94%), 케이엠더블유(-6.77%), 에코프로비엠(-0.38%), SK머티리얼즈(-5.68%), 씨젠(-4.24%), 휴젤(-5.85%) 등은 내렸습니다.코스닥시장의 거래량은 15억9천128만주, 거래대금은 7조8천538억원 수준이었습니다.서울 외환시장에서 원/달러 환율은 전날보다 달러당 13.5원 급등한 1,206.5원에 마감했습니다.[MBN 온라인뉴스팀]< Copyright ⓒ MBN(www.mbn.co.kr) 무단전재 및 재배포 금지 >",/news/news_read.nhn?article_id=0001431499&office_id=057&mode=search&query=LG생활건강&page=1
대표 제품에 고농축 허브 성분을 담은 신제품투명한 피부톤을 위한 ‘브라이트닝 앰플 세럼’,"‘빌리프 아쿠아 밤 앰플 세럼’ 2종. (사진=LG생활건강)[이데일리 이윤화 기자] LG생활건강은 고농축 허브 성분을 담아 수분 공급은 물론 각 피부 톤과 피부 결을 집중 케어하는 ‘빌리프 아쿠아 밤 앰플 브라이트닝 세럼’, ‘빌리프 아쿠아 밤 리파이닝 앰플 세럼’ 2종을 출시했다고 12일 밝혔다.트루 허브 브랜드 빌리프에서 선보인 이번 앰플 세럼은 브랜드 대표 제품이자 일명 ‘수분 폭탄 크림’으로도 불리는 ‘더 트루크림-아쿠아 밤’의 핵심 포뮬러를 베이스로 한다. 투명한 피부 톤을 위한 ‘아쿠아 밤 브라이트닝 앰플 세럼’과 피부 결 케어를 위한 ‘아쿠아 밤 리파이닝 앰플 세럼’ 총 2종으로 구성됐다.아쿠아 밤 브라이트닝 앰플 세럼은 8가지 허브 추출물로 이루어진 허브-토코 포뮬라와 비타민 E 성분이 함유된 버블 오일이 외부 환경으로부터 피부 스트레스를 다스리고, 투명한 피부톤으로 건강하게 가꿔준다. 촉촉한 워터젤 제형에 허브-토코 포뮬라가 농축된 옐로우 버블 오일이 함유되어 피부에 끈적임 없이 피부에 빠르게 스며들고 생기 있는 윤기만 남기는 것이 특징이다.
아쿠아 밤 리파이닝 앰플 세럼은 각질 정돈을 도와주는 세린 성분과 마시멜로 뿌리 추출물이 함유된 앰플 세럼이 피부에 쌓인 각질을 케어해 강한 자극 없이도 피부를 부드럽고 매끄럽게 가꿔준다. 피부에 밀착되는 물방울 같은 젤 타입의 제형이 피부 표면에 수분막을 씌워 하루 종일 촉촉하면서도 편안한 수분감을 느낄 수 있다.빌리프 브랜드 담당자는 “요즘 자연스럽고 건강함을 표현한 내추럴 글로우 스킨이 뷰티 트렌드로 떠오르고 있는데, 이러한 피부 표현을 위해서는 계절이 바뀌는 등 외부 요인으로 피부가 쉽게 지치지 않게 피부 본연의 힘을 길러주고 생기를 충전해주는 것이 중요하다”며 “이번 신제품은 수분 공급과 함께 피부 톤 및 각질 케어가 가능한 스마트한 제품으로 건강한 피부를 경험할 수 있다”고 말했다.이윤화 (akfdl34@edaily.co.kr) | ＜ⓒ종합 경제정보 미디어 이데일리 - 무단전재 & 재배포 금지＞",/news/news_read.nhn?article_id=0004596364&office_id=018&mode=search&query=LG생활건강&page=1
,"외국인 투자자는 12일 거래소에서 삼성전자, LG화학, 현대차 등을 중점적으로 매도한 것으로 나타났다.외국인 투자자의 순매도 상위 20개 종목은 삼성전자, LG화학, 현대차, SK하이닉스, 삼성SDI, LG전자, LG생활건강, 호텔신라, 엔씨소프트, 카카오등이다.이중에 화학 업종에 속한 종목이 5개 포함되어 있다.KODEX 코스닥150선물인버스 등은 전일 대비 주가가 상승했고, 삼성전자, LG화학, 현대차 등은 주가가 하락했다.한경로보뉴스이 기사는 한국경제신문과 금융 AI 전문기업 씽크풀이 공동 개발한 기사 자동생성 알고리즘에 의해 실시간으로 작성된 것입니다.▶ ▶
 ▶
ⓒ 한국경제 & , 무단전재 및 재배포 금지",/news/news_read.nhn?article_id=0004305625&office_id=015&mode=search&query=LG생활건강&page=1
,"코로나19 예방 및 극복 위한 화장품, 뷰티 업계 기부 릴레이최근 코로나19 확산과 관련, 유명 스타들부터 대기업들까지 기부 전개가 이어지고 있는 가운데 화장품, 뷰티 업계도 이에 동참해 관심을 모으고 있다.코로나19 예방을 위한 다양한 기부 활동이 전개되면서 ‘아름다움을 만든다’는 화장품, 뷰티 업계의 본질을 다시 인지하는 시간이 되고 있는 것.먼저 국내 대표 화장품 기업들이 나섰다. 아모레퍼시픽그룹은 지난 2월 27일, 코로나19 확산 방지와 피해 복구에 동참하기 위해 총 5억원 상당의 현금과 현물을 사회복지공동모금회에 기탁했다. 아모레퍼시픽그룹의 기탁금은 코로나19 피해가 가장 큰 대구경북 지역 의료진에 주로 쓰일 예정으로 5억원 중 현금 3억원은 방호복, 장갑, 체온계 등 의료용품 구매에 사용되고, 2억원 상당의 현물은 면역력 강화에 도움이 되는 바이탈뷰티 명작수 제품으로 대구경북 의료진에게 전달될 예정이다. LG생활건강도 LG그룹의 50억원 기부와 별개로 10억원 상당의 핸드워시 제품을 현물로 지원할 계획을 밝혀 관심을 모으고 있다.국내 대표 화장품 전문제조사인 한국콜마도 지난 2월 27일 사업장이 소재한 세종시청과 서초구청을 방문해 손소독제 5천개와 3천개를 각각 기부했다.아울러 종합기술원이 있는 서울 내곡동 인근 초등학교와 어린이집, 서울특별시어린이병원 등 지역 주민 기관에도 2천개를 전달했다.한국콜마는 2월 29일에도 많은 어려움을 겪고 있는 대구지역을 방문해 손소독제 1만개를 전달했다.이에 앞서 애경산업은 사단법인 희망을나누는사람들과 함께 충청남도 도민들과 중국 후베이성 우한시에서 귀국한 교민들의 개인위생을 위한 생활용품을 긴급 지원한 바 있다. 애경산업은 소비자가 기준 약 3억원 상당의 치약, 샴푸, 세탁세제 등 생활용품과 황사방역마스크 1만장을 지원했다. 티르티르는 지난 2월 27일 대구시에 손 소독제 2만개를 전달했다. 기부된 손 소독제는 코로나19 위험의 최전선에 있는 대구의 저소득증, 취약계층, 의료진 등에게 우선적으로 사용될 예정이다. 더샘도 코로나19 예방 및 확산 방지를 위해 대한적십자사 대구광역시지사를 통해 휴대용 손 소독제인 ‘퍼퓸드 핸드 클린 겔 오리엔탈 만다린’ 1만개를 기부했다. 전달된 손 소독제는 면역력에 취약한 아동과 노인 등 다양한 취약계층을 비롯해 코로나19 방역을 위해 사투를 벌이고 있는 의료진에게 우선적으로 사용될 예정이다.루피움은 지난 2월 26일 대한적십자사 대구 광역시지사에 1천만원을 기부했다. 전달된 기부금은 코로나19 확산 방지와 피해 최소화 도움을 위해 마스크, 소독제 등 재난취약계층을 위한 감염병 예방 구호품과 속옷, 의류, 위생용품 등 자가격리자를 위한 긴급구호품, 확진환자 치료를 위한 의료물품 지원에 사용 예정이다. 네오팜은 지난 3월 3일 대구 경북 지역 코로나19 확산 방지와 취약계층 아동의 건강 증진, 감염 예방을 지원하기 위해 사회복지공동모금회를 통해 총 2억원을 기부했다. 성금 1억원과 함께, 아동 면역력 강화를 위한 건강기능식품 1억원 상당이 함께 전달된 것.웰라쥬 역시 코로나19 확산으로 어려움을 겪고 있는 대구, 경북 지역 여성들을 위해 지난 3월 2일 한국미혼모네트워크와 함께 대구를 거점으로 활동하고 있는 대구미혼모협회 아임맘(I’m MOM)에 자사 손소독제 3,000개를 긴급 기부했다. 개인 사비를 내놓은 기업 대표도 있다. 셀리턴 김일수 대표는 코로나19 확산에 따른 위기 극복을 위해, 대구 사회복지공동모금회와 전국재해구조협회에 각각 5천만원씩 총 1억원의 성금을 기탁했다.대구 사회복지공동모금회에 기탁한 5천만원은 대구 시민과 노인, 장애인 등 사회적 취약계층의 긴급생계지원 및 방역 지원 등을 위해 사용될 예정이며 전국재해구호협회에 기탁한 5천만원 역시 코로나19로 피해를 입은 취약계층과, 방호 물품, 진단키트 등 의료물품 부족 상황에 직면한 전국 의료진과 방역관계자들의 의료·복지 시설 방역 지원에 사용되게 된다.글로벌 화장품 기업들의 기부 소식도 이어지고 있다. 로레알그룹은 지난 3월 4일 코로나19로 인한 사태 극복을 돕기 위해 한국 자회사인 로레알코리아와 지난해 인수한 한류 화장품 브랜드 스타일난다를 통해 대한적십자사에 2억원을 기부했다.이번에 기부한 성금은 마스크, 손세정제 등 필수적인 위생용품 구매에 어려움을 겪고 있는 저소득 및 취약 가정을 돕는 데 쓰일 예정이다. 한국시세이도 역시 최근 코로나19 확산 방지를 위해 희망브리지 전국재해구호협회에 1억원을 기부했다. 이번 성금은 마스크 및 손소독제 등의 구입이 어려운 재난취약계층에게 개인위생용품을 보급하여 코로나19를 사전 예방하고, 현장 의료진과 방역을 돕는 자원봉사자들을 위한 건강용품 키트, 자가격리자를 위한 생필품 키트에 쓰일 예정이다.이에 앞서 러쉬코리아는 대한적십자 대구지사와 대구 사회복지공동모금회에 4,000개의 비누를 기탁해 지역 취약계층에 전달하고 이 외의 이동약자인 대구 장애인을 후원하는 지역 단체 4곳(대구사람 장애인 자립생활센터, 장애인 지역공동체, 함께하는 장애인부모회, 다사장애인자립생활센터)과 대구 미혼모가족협회 등에 비누 1만개를 전달했다.닥터 브로너스의 한국 공식 수입사 엠아이인터내셔널 역시 지난 3월 3일 저소득 취약 계층의 코로나19 감염 예방을 돕기 위해 휴대용 손소독제 ‘라벤더 핸드 새니타이저’ 5천개를 기부했다.후원 제품은 서울 시내 거주 취약 계층의 코로나19 감염 예방 및 개인 위생 관리를 돕는 데 사용된다. 조손 가정, 한부모 가정, 노인 가정, 중증 장애인 가정 등 저소득 계층의 주거 비율이 높은 지역이 우선 지급 대상이다. 최근 김다미 마스크로 화제가 되고 있는 패션 미세먼지 마스크 전문 브랜드 에티카(ETIQA)는 서울대병원에 KF94 마스크 5만장을 기부했다. 이번 물품 지원은 마스크 수급이 원활하지 않은 상황에서 코로나 감염 확산 방지를 위해 일선에서 고군분투하는 3차 병원을 대상으로 긴급하게 추진됐다. 서울대병원은 의료진 및 임직원에 마스크를 전달해 지역사회 감염 대비에 힘쓸 계획이다. 또한 에티카는 서울시에도 마스크 20만장을 기부 완료한다는 계획이다. 에티카는 지난 2월 26일 1차로 4만장을 전달했으며 3월 내 2차로 16만장을 전달할 방침이다. 서울시에 전달한 마스크는 서울시 내 자치구 푸드뱅크, 마켓을 통해 마스크가 더욱 절실히 필요한 사회 취약 계층에게 제공된다.한편 아모레퍼시픽그룹과 LG생활건강은 최근 파트너사와 가맹점들을 위한 지원책을 내놓았다. 먼저 아모레퍼시픽그룹은 영업에 어려움을 겪는 가맹점 등 파트너사에 80여억원을 직접 지원하고, 생산 협력사에 2천억원의 대금 결제를 돕는 지원책을 실시한다. 지원책은 아리따움과 이니스프리, 에뛰드 등 가맹점과 상생하기 위해 32억원 규모로 제품을 특별 환입하는 내용을 담고 있다. 방문판매 경로에선 카운셀러 소득 보전 및 영업활동 지원에 15억원을 사용하고, 카운셀러 면역력 강화를 위해 건강기능식품도 15억원치를 제공한다. 이 밖에 거래처 판촉물 지원, 수금제도 변경 등 다양한 형태로 추가 20억원을 집행한다. SCM 협력사에는 2천억원 규모의 결제대금을 조기 지급하거나 선 결제해 자금 운용의 부담을 덜어줄 계획이다. LG생활건강도 코로나19로 사업이 위축되어 월세지급의 부담을 느끼는 화장품 가맹점주들의 어려움을 도와주고자 3월 월세의 50%를 회사에서 지원하기로 했다.발표에 따르면 LG생활건강이 현재 운영 중인 화장품 가맹점인 네이처컬렉션, 더페이스샵 등 약 500여개 매장이 3월 들어 코로나19로 인한 소비자들의 외출 감소로 매출의 위축을 겪어오고 있다. 이에 따라 LG생활건강은 자사 운영 화장품 가맹점들을 대상으로 3월 한 달 월세 50%를 지원할 방침이다.최지흥 뷰티한국 기자 jh9610434@beautyhankook.com",/news/news_read.nhn?article_id=0000476704&office_id=469&mode=search&query=LG생활건강&page=1
