head,text,url
급성장하는 미생물 바이오산업화장품·의약·화학 전방위 확대피부 보습에 탁월한 히알루론산미생물 추출…안전성에 큰 기여LG생건도 GABA·NAPS 연구주름개선·미백효과 성분 찾아내,"식품에서 시작된 발효는 현대 발효라 할 수 있는 미생물 바이오산업으로 확장되고 있다. 수천 년의 역사가 있는 전통 발효와 비교하면 바이오산업은 아직 100년도 되지 않았다. 유전 정보를 담고 있는 DNA 구조가 1953년에 규명된 이후 현대 생명과학의 발전과 함께 바이오산업 또한 급속하게 성장하게 됐다.전통 발효와 현대 발효의 가장 큰 차이는 미생물을 다루는 방식에 있다. 미생물은 발효에서 가장 중요한 역할을 하는 존재지만, 전통 발효에서는 미생물을 우리가 원하는 대로 바꿀 수 있는 방법이 없었다. 그저 미생물의 심기를 거스르지 않고(?) 발효를 잘 할 수 있도록 환경을 조성해주는 것이 최선이었다. 하지만 현재는 생명공학을 이용해 특정 성분을 만들어내도록 미생물을 개량하기도 하고, 발효공학을 이용해 대량생산에 적합한 발효 공정을 개발하기도 하며 미생물 바이오산업으로 발전했다. 화장품, 의약, 화학 등 다양한 분야에 필요한 소재들이 발효 생산기술로 만들어지며 천연물 추출과 화학 합성의 단점을 극복할 수 있는 제3의 기술로 주목받고 있다. 발효로 만들어지는 대표적인 효능 성분으로는 우리에게도 익숙한 '히알루론산'이 있다. 히알루론산은 피부에서 수분 증발을 막아주는 고분자 다당체 성분이다. 체내에서도 합성되지만, 노화에 따라 합성량이 감소해 피부 건조 및 탄력 저하를 일으키기 때문에 1970년대부터 피부 보습을 위한 중요한 화장품 원료로 사용되고 있다.초기에는 닭 볏이나 소 안구 같은 동물에서 추출했다. 동물성 히알루론산은 초고분자 형태로 추출 및 정제가 어려워 ㎏당 1000만원에 달하는 고가 소재로 사용처가 제한적이며 광우병, 조류인플루엔자와 같은 안전성 문제도 있었다. 1990년대 이후 미생물 발효에 의한 히알루론산 생산기술이 개발되면서 시장이 확대됐다. 최근에는 효소 처리로 저분자화한 히알루론산을 적용한 제품도 나오고 있다. LG생활건강에서도 미생물 바이오 공정으로 만든 발효 효능 성분을 사용하고 있다. 주름 기능성 소재인 GABA(γ-aminobutyric acid)와 미백 기능성 소재인 NAPS(N-acetylsphingosine)다.LG생활건강은 연구를 통해 GABA의 콜라겐 생성 효과와 피부 주름 개선 효능이 매우 우수하다는 사실을 입증했다. NAPS는 흰색 곰팡이가 검은색 곰팡이를 하얗게 변화시키는 자연현상을 통해 자연 미생물을 대상으로 멜라닌 억제 성분을 탐색하는 연구를 거듭한 끝에 찾아낸 성분으로, 흰색 효모의 껍질에서 발견했다. 멜라닌 합성 및 합성된 멜라닌이 피부세포에 침착되는 과정을 억제해 뛰어난 미백 효과를 발휘한다.둘 다 자연 상태에서는 극소량 존재하는 성분이며, 특히 NAPS는 1g을 얻기 위해 효모 100억개를 배양해 정제해야 하는 까다로운 작업이지만 미생물 발효 기술을 이용한 대량생산 및 정제 공정을 통해 기능성 소재로 개발할 수 있었다. 현재 NAPS는 스킨케어 기능까지 겸비한 강력한 선케어 제품 '선-어웨이 멀티 이펙트 선블럭AD'에 적용되고 있다. 바르는 순간 피부톤을 화사하게 가꿔준다.
현대 과학은 그동안 전통 발효와 미생물 속에 숨겨져 왔던 구체적인 효능 성분을 발견하고 사용할 수 있게 도와주고 있다. 특히 주름과 미백 개선과 같은 안티에이징 소재 개발에 큰 도움이 되고 있다. LG생활건강은 피부 효능이 좋은 극미량의 발효 대사체 성분을 발굴하는 연구를 통해 여성의 피부 고민을 해결하고자 한다. [정해민 LG생활건강 발효소재 개발 책임연구원] [ⓒ 매일경제 & mk.co.kr, 무단전재 및 재배포 금지]",/news/news_read.nhn?article_id=0004557758&office_id=009&mode=search&query=LG생활건강&page=2
목표주가 164만→149만4000원 하향,"[아이뉴스24 한수연 기자] DS투자증권은 16일 LG생활건강에 대해 중국 매출감소로 실적 부진이 불가피할 것이라며 목표주가를 기존 164만원에서 149만4천원으로 하향했다. 투자의견은 '매수'를 유지했다.최재호 DS투자증권 애널리스트는 ""LG생활건강의 올해 1분기 연결기준 매출액이 전년 동기 대비 15.4% 감소한 1조5천866억원, 영업이익은 32.6% 급감한 2천169억원으로 기존 실적 추정치를 크게 하회할 것""이라며 ""코로나19 확산이 장기화되면서 면세점 및 국내 수요감소와 전체 매출의 13%를 차지하는 중국의 현지 매출이 직격탄을 맞을 것으로 1분기 실적부진이 불가피할 것""이라고 설명했다.화장품과 생활용품, 음료부문에서 일제히 수익이 줄어들 것으로 분석됐다. 최 애널리스트는 ""코로나19 타격이 클 것으로 국내 면세점의 2월 매출은 전월보다 45.5% 급감한 1조1천억원, 방문객수는 54.3% 감소한 175만4천명을 기록했고 면세 트래픽 또한 최소 60-70% 하락할 것""이라고 예상했다.이어 ""여기에 중국 현지의 백화점과 오프라인 채널들의 약 10%는 영업시간을 단축해 1분기 화장품 매출액은 전년 동기보다 21% 감소한 9천3억원, 영업이익은 41.3% 줄어든 1천445억원을 기록할 것""이라고 우려했다.다만 생활용품 부문은 마스크와 세니타이저 등 위생용품에 대한 수요 증가로 화장품 부문 대비 타격은 다소 적을 것이란 판단이다.음료 부문의 경우 영화관과 오프라인 채널에 대한 수요가 감소하는 반면, 배달 채널의 증가로 매출액 3천270억원, 영업이익 314억원이 예상됐다. 최 애널리스트는 ""경기변동보다는 계절에 더 예민한 만큼 하절기가 다가오며 매출이 늘어나 리스크를 줄여줄 것""이라고 짚었다.코로나19로 당장 실적 타격은 불가피하지만 성장 방향성 자체는 유효하단 평가다. 최 애널리스트는 ""코로나19 장기화로 실적 정상화를 위한 시간이 더 필요할 것""이라면서도 ""럭셔리 포트폴리오를 중심의 성장은 유효하다고 판단된다""고 밝혔다. papyrus@inews24.com [ⓒ 아이뉴스24 무단전재 및 재배포 금지]",/news/news_read.nhn?article_id=0000534403&office_id=031&mode=search&query=LG생활건강&page=2
,"[머니투데이 강민수 기자] 코스피 지수가 기관 매도세에 하락 출발 했다. 간밤 뉴욕 증시가 실물경제 위축과 기업들의 실적 부진 등 영향으로 약세 마감하면서 수출 의존도가 높은 국내 증시에 부담이 된 것으로 풀이된다.16일 오전 9시15분 코스피 지수는 전일대비 11.73포인트(0.63%) 내린 1845.35를 나타내고 있다.이 시각 현재 기관이 홀로 760억원 어치 순매도하고 있다. 개인과 외국인은 각각 333억원, 391억원 매수 우위다. 업종별로는 대부분 파란 불을 켠 가운데 의약품, 비금속광물, 전기·전자, 서비스업 등이 강보합세를 나타내고 있다. 반면 통신업, 보험 등은 2%대 약세다.시가총액 상위종목들은 대부분 내림세다. 삼성전자, 삼성바이오로직스가 강보합세를 보이고 있고, NAVER는 1%대 상승세, LG화학와 삼성SDI는 2%대 강세다. 반면, SK하이닉스, 셀트리온, 현대차, LG생활건강, 삼성물산 등은 약보합세다. POSCO는 3% 약세를 보여 시총 상위주 가운데 가장 낙폭이 크다. 코스닥 지수도 전일대비 1.19포인트(0.19%) 내린 609.10을 나타내고 있다.기관이 홀로 251억원 매도 우위고, 개인과 기관은 각각 209억원, 43억원 순매수세다.코스닥 업종들은 대부분 보합세다. 오락·문화와 통신서비스가 1~2%대 강세고, 소프트웨어, 통신장비, 정보기기 등은 강보합세다. 반면 디지털컨텐츠, 반도체, 화학, 제약 등은 약보합세다.코스닥 시총 상위주들은 혼조세다. 셀트리온헬스케어, 에이치엘비 등은 약보합세, 셀트리온헬스케어, 제넥신, 휴젤 등은 1~2%대 내림세다. 반면, 케이엠더블유, 씨젠, 스튜디오드래곤은 1~2%대 강세다. 에코프로비엠은 2.9% 오르며 시총 상위주 가운데 가장 큰 상승 폭을 보인다. 강민수 기자 fullwater7@mt.co.kr
<저작권자 ⓒ '돈이 보이는 리얼타임 뉴스' 머니투데이, 무단전재 및 재배포 금지>",/news/news_read.nhn?article_id=0004395283&office_id=008&mode=search&query=LG생활건강&page=2
기관 장 초반 강한 매도세하락 업종 우세..시총 상위주는 혼조,"[이데일리 유현욱 기자] 16일 코스피 지수는 하락 출발했다. 신종 코로나바이러스 감염증(코로나19) 확산에 따른 실물 경제 충격을 실적으로 확인한 미국과 동조화하고 있으나 낙폭은 제한적이다.마켓포인트에 따르면 코스피 지수는 오전 9시5분 현재 전 거래일 대비 8.48포인트(0.46%) 내린 1848.60을 가리키고 있다. 투자자별로 보면 장 초반 개인과 외국인이 동반 매수에 나서고 있다. 개인과 외국인은 각각 333억원과 388억원 순매수 중이다. 기관은 774억원 순매도하고 있다. 프로그램은 차익과 비차익을 합쳐 539억원 매도 우위를 보이고 있다.소폭 오르는 중인 비금속광물, 서비스업, 의약품, 운수·창고를 제외한 나머지 업종은 모두 내리고 있다. 전기가스업 통신업 보험이 2%대 하락 중이다. 이어 철강 및 금속, 기계, 금융업, 증권, 종이·목재, 운수장비, 유통업도 1% 하락률을 기록 중이다.시가총액 상위 종목은 혼조세다. 포스코(005490)는 3%대 SK텔레콤(017670)은 2%대 SK하이닉스(000660) 삼성물산(028260) 현대모비스(012330)는 1%대 내리고 있다. 삼성전자(005930) 셀트리온(068270) 현대차(005380) LG생활건강(051900)도 약세다. 반면 삼성SDI(006400) LG화학(051910) 카카오(035720)는 3%대 네이버(035420)는 2%대 오르고 있다.간밤 뉴욕 증시는 예상보다 나쁜 경제지표와 부진한 은행 실적 등으로 하락했다. 15일(현지시간) 뉴욕증권거래소(NYSE)에서 블루칩(우량주) 클럽인 다우존스 30 산업평균지수는 전장보다 445.41포인트(1.86%) 하락한 2만3504.35에 거래를 마쳤다.대형주 위주의 스탠더드앤드푸어스(S&P) 500지수는 전장보다 62.70포인트(2.20%) 급락한 2783.36에, 기술주 중심의 나스닥 역시 122.56포인트(1.44%) 하락한 8393.18에 장을 마감했다.유현욱 (fourleaf@edaily.co.kr)＜ⓒ종합 경제정보 미디어 이데일리 - 무단전재 & 재배포 금지＞",/news/news_read.nhn?article_id=0004621162&office_id=018&mode=search&query=LG생활건강&page=2
,"(서울=뉴스1) 박응진 기자 = 16일 코스피는 0.6%대 하락률을 나타내며 1840선에서 오르내리고 있다. 코스닥도 장 초반 약세를 보이고 있다. 달러/원 환율은 7.6원 올랐다. 신종 코로나바이러스 감염증(코로나19) 사태에 따른 경제지표 부진 등으로 간밤 뉴욕증시가 하락한 영향을 받고 있다.
이날 오전 9시15분 현재 코스피는 전 거래일(14일)과 비교해 11.51포인트(0.62%) 떨어진 1845.57을 가리키고 있다. 기관이 홀로 1200억원 순매도 중이고, 개인과 외국인이 각각 1024억원, 118억원 순매수하고 있다.코스피 시가총액 상위 10개 종목 중 삼성SDI(3.78%), LG화학(3.22%), NAVER(1.78%) 등이 오르고 있고, LG생활건강(-1.99%), SK하이닉스(-0.97%), 셀트리온(-0.23%) 등이 떨어지고 있다. 업종별로 보면 비금속광물(0.96%), 서비스업(0.56%), 의약품(0.21%) 등이 상승하고 있고, 전기가스업(-2.60%), 보험(-2.24%), 통신업(-2.32%) 등은 하락하고 있다.코스닥은 전 거래일 대비 1.25포인트(0.2%) 내린 609.04를 기록하고 있다. 기관과 외국인이 각각 300억원, 164억원 순매도하고 있고, 개인이 홀로 477억원 순매수하는 중이다. 코스닥 시가총액 상위 10개 종목 가운데 스튜디오드래곤(2.83%), 케이엠더블유(1.31%), 헬릭스미스(1.14%) 등이 오르고 있고, SK머티리얼즈(-1.83%), 셀트리온제약(-1.61%), CJ ENM(-1.21%) 등이 약세를 나타내고 있다. 업종별로는 오락·문화(2.18%), 일반전기전자(1.16%), 통신서비스(1.15%) 등이 상승세이고, 방송서비스(-1.16%), 의료·정밀(-0.87%) 등이 하락세다. 서울외환시장에서 달러/원 환율은 전 거래일보다 7.6원 오른 1224.9원으로 거래를 시작했다.간밤 뉴욕증시는 경제지표 부진 등으로 하락했다. 다우지수는 445.41포인트(1.86%) 미끄러진 2만3504.35를 기록했다. 스탠다드앤푸어스(S&P)500 지수는 62.70포인트(2.20%) 급락한 2783.36, 나스닥 지수는 122.56포인트(1.44%) 내린 8393.18로 거래를 마쳤다.pej86@news1.kr© 뉴스1코리아(), 무단 전재 및 재배포 금지",/news/news_read.nhn?article_id=0004591271&office_id=421&mode=search&query=LG생활건강&page=2
,"손희연 기자 son90@mt.co.kr
<저작권자 ⓒ '성공을 꿈꾸는 사람들의 경제 뉴스' 머니S, 무단전재 및 재배포 금지>",/news/news_read.nhn?article_id=0000531892&office_id=417&mode=search&query=LG생활건강&page=2
당은 빼고 향을 담은 '무설탕·제로 칼로리'먹는 샘물의 무료함을 달래주는 마시는 향기 음료,"LG생활건강(대표 차석용)의 자회사 해태htb는 '무설탕·제로 칼로리'의 향기로운 수분 음료 '썬키스트 아로마워터'를 출시했다고 16일 밝혔다. 먹는 샘물에 과일과 허브를 우려내 색다른 향을 즐길 수 있는 '니어워터'다.해태htb가 선보인 썬키스트 아로마워터는 수분을 보충해주면서 물 대신 마실 수 있는 물과 가장 가까운 음료로 기획했다. 아로마워터는 당 성분을 넣지 않고 천연 향을 담아내 마시면서 향긋한 향을 느낄 수 있다.아로마워터는 칼로리가 부담되는 소비자에게도 안성맞춤이다. 500ml 한 병을 다 마셔도 칼로리는 '제로(0)'여서 건강한 수분 충전이 가능하다. 깔끔하고 상큼한 패키지는 시각적으로 향기로운 수분감을 제공한다.또한 썬키스트 아로마워터는 레몬 향과 허브 향을 동시에 느낄 수 있는 '레몬머틀'과 싱그러운 복숭아 향이 가득한 '피치' 두 가지로 구성했다. 해태htb 관계자는 “썬키스트 아로마워터는 향긋한 향으로 먹는 샘물의 무료함을 달래주는 음료”라며 “과일이나 허브를 준비해 물에 우려내는 수고 없이도 언제 어디서나 가볍게 즐길 수 있다”고 말했다.▶
/ ▶ 황상석(hss0916@joseilbo.com)저작권자 ⓒ 조세일보(http://www.joseilbo.com). 무단전재 및 재배포 금지",/news/news_read.nhn?article_id=0002222319&office_id=123&mode=search&query=LG생활건강&page=1
,"코스피가 기관의 매도 공세에 하락 출발했다. 장중 1%대 약세를 보이며 1840선 밑으로 떨어졌다.16일 오전 9시25분 현재 코스피는 전일 대비 21.00포인트(1.13%) 오른 1836.08을 기록하고 있다.이날 17.57포인트 하락 출발한 지수는 기관의 매도 공세에 장 초반 1830선에서 약세를 보이고 있다.지난밤 뉴욕증시는 전일에 이어 국제유가가 하락하며 20달러를 밑돌자 셰일 오일 기업들에 대한 신용 리스크가 유입된 가운데 실적 부진과 소매판매, 산업생산이 급격하게 위축되며 하락했다. 특히 에너지와 금융주가 하락을 주도했다.서상영 키움증권 연구원은 ""이날도 국제유가의 하락은 지속되고 있다""며 ""특히 산유국들의 감산 합의가 이어졌으나, 이번 국제유가의 하락이 공급의 문제가 아니라 수요 부진의 문제였던 점을 감안 최근 하락 요인이 해소되지 못할 것이라는 부담으로 작용했다""고 설명했다.서 연구원은 ""미국의 3월 소매판매가 전월 대비 8.7%, 산업생산도 전월 대비 5.4% 급감하며 코로나19로 인한 실물 경제 위축이 현실화 되자 투자심리에 부담이 되고 있다""며 ""연준도 베이지북을 통해 필수 품목을 제외한 서비스업종과 대부분의 제조업이 악화되고, 고용과 임금도 심각하게 위축되고 있어 추가적으로 더 나빠질 수 있다고 발표한 바 있다""고 밝혔다.이날 유가증권시장에서는 업종별로 전기가스업, 보험, 금융업, 기계, 은행, 통신업, 운송장비가 약세를 보이는 반면 비금속광물, 서비스업이 강세를 보이고 있다.매매주체별로 개인과 외국인이 1089억원, 113억원 순매수하는 반면 기관은 1258억원 순매도하고 있다. 프로그램 매매는 1162억원 매도우위를 보이고 있다.시가총액 상위 종목 중에서는 POSCO, 현대모비스, SK텔레콤, 삼성물산, SK하이닉스, 현대차, LG생활건강, 셀트리온이 약세를 보이고 있다. 반면 삼성SDI, LG화학, NAVER, 엔씨소프트가 강세를 보이고 있다.이날 코스피시장에는 194개 종목이 상승하고 있고 654개 종목은 하락하고 있다.코스닥은 전일 대비 3.85포인트(0.63%) 내린 606.44를 기록 중이다.[디지털뉴스국 김현정 기자] [ⓒ 매일경제 & mk.co.kr, 무단전재 및 재배포 금지]",/news/news_read.nhn?article_id=0004557885&office_id=009&mode=search&query=LG생활건강&page=1
,"(서울=연합뉴스) 황재하 기자 = 코스피가 16일 하락세로 출발했다.

이날 오전 9시 22분 현재 코스피는 전 거래일보다 20.18포인트(1.09%) 내린 1,836.90을 가리켰다.

지수는 전장보다 17.57포인트(0.95%) 내린 1,839.51로 출발해 약세 흐름을 이어가고 있다.

유가증권시장에서는 기관이 1천425억원, 외국인이 32억원을 각각 순매도했다. 개인은 1천390억원을 순매수했다.

간밤 뉴욕증시는 다우존스30 산업평균지수(-1.86%), 스탠더드앤드푸어스(S&P)500지수(-2.20%), 나스닥(-1.44%) 등 주요 지수가 일제히 하락했다.

이는 미국의 3월 소매판매가 전월 대비 8.7% 감소하고 산업생산이 5.4% 감소한 것으로 나타나 투자심리에 부정적 영향을 준 것으로 보인다.

서상영 키움증권 연구원은 ""미국 증시가 실물 경제지표의 급격한 위축과 실적 둔화 영향으로 약세를 보인 점이 수출 의존도가 높은 한국 증시에 부정적""이라고 설명했다.

시가총액 상위 종목은 삼성물산(-1.49%), SK하이닉스(-1.22%), 현대차(-1.00%), LG생활건강(-0.92%), 셀트리온(-0.46%), 삼성전자(-0.10%) 등이 내렸다.

삼성SDI(2.78%), LG화학(2.76%), 네이버(1.19%), 삼성바이오로직스(0.47%)는 올랐다.

업종별로는 전기·가스업(-2.60%), 통신업(-2.30%), 보험(-2.09%), 금융업(-1.90%), 철강·금속(-1.60%), 증권(-1.58) 등이 약세, 비금속광물(0.68%), 서비스업(0.42%), 의약품(0.09%) 등이 강세다.

같은 시각 코스닥지수는 전장보다 4.01포인트(0.66%) 내린 606.28을 나타냈다.

지수는 전장보다 3.60포인트(0.59%) 내린 606.69에서 출발해 장 초반 상승세로 돌아섰다가 다시 하락세로 전환했다.

코스닥시장에서는 기관이 334억원, 외국인이 256억원을 순매도했다. 개인은 594억원을 순매수했다.

시총 상위 종목은 셀트리온제약(-1.74%), 에이치엘비(-1.69%), SK머티리얼즈(-1.56%), CJ ENM(-1.02%), 셀트리온헬스케어(-0.99%), 펄어비스(-0.67%) 등이 하락했다.

스튜디오드래곤(2.57%), 케이엠더블유(2.13%), 헬릭스미스(1.27%), 씨젠(0.24%) 등은 올랐다.

jaeh@yna.co.kr",/news/news_read.nhn?article_id=0011552955&office_id=001&mode=search&query=LG생활건강&page=1
,"[머니투데이 오정은 기자] [당은 빼고 향을 담은 ‘무설탕·제로(0) 칼로리’] LG생활건강의 자회사인 해태htb는 ‘무설탕·제로(0) 칼로리’의 향기로운 수분 음료 ‘썬키스트 아로마워터’를 출시했다고 16일 밝혔다. 먹는 샘물에 과일과 허브를 우려내 색다른 향을 즐길 수 있는 ‘니어워터’다. 해태htb가 선보인 썬키스트 아로마워터는 수분을 보충해주면서 물 대신 마실 수 있는 물과 가장 가까운 음료로 기획됐다. 아로마워터는 당 성분을 넣지 않고 천연 향을 담아낸 것이 특징이다. 이 때문에 마시면서 향긋한 향을 느낄 수 있다. 아로마워터는 칼로리가 부담되는 소비자에게도 안성맞춤이다. 500ml 한 병을 다 마셔도 칼로리는 ‘제로(0)’여서 건강한 수분 충전이 가능하다. 깔끔하고 상큼한 패키지는 시각적으로 향기로운 수분감을 제공한다. 썬키스트 아로마워터는 레몬 향과 허브 향을 동시에 느낄 수 있는 ‘레몬머틀’과 싱그러운 복숭아 향이 가득한 ‘피치’ 두 가지로 구성됐다. 해태htb 관계자는 ""썬키스트 아로마워터는 향긋한 향으로 먹는 샘물의 무료함을 달래주는 음료""라며 ""과일이나 허브를 준비해 물에 우려내는 수고 없이도 언제 어디서나 가볍게 즐길 수 있다""고 말했다.오정은 기자 agentlittle@mt.co.kr
<저작권자 ⓒ '돈이 보이는 리얼타임 뉴스' 머니투데이, 무단전재 및 재배포 금지>",/news/news_read.nhn?article_id=0004395296&office_id=008&mode=search&query=LG생활건강&page=1
▶ '아는 척'하고 싶은 당신을 위한 [두유노우]▶ 한눈에 보는 [4·15총선 NEWS MAP],"LG생활건강의 자회사인 해태htb는 ‘무설탕·제로(0) 칼로리’의 향기로운 수분 음료 ‘썬키스트 아로마워터’를 출시했다고 16일 밝혔다. 먹는 샘물에 과일과 허브를 우려내 색다른 향을 즐길 수 있는 ‘니어워터’다.
 해태htb가 선보인 썬키스트 아로마워터는 수분을 보충해주면서 물 대신 마실 수 있는, 물과 가장 가까운 음료로 기획됐다. 아로마워터는 당 성분을 넣지 않고 천연 향을 담아낸 것이 특징이다. 이 때문에 마시면서 향긋한 향을 느낄 수 있다.
 아로마워터는 칼로리가 부담되는 소비자에게도 안성맞춤이다. 500㎖ 한 병을 다 마셔도 칼로리는 ‘제로(0)’여서 건강한 수분 충전이 가능하다. 깔끔하고 상큼한 패키지는 시각적으로 향기로운 수분감을 제공한다. 썬키스트 아로마워터는 레몬 향과 허브 향을 동시에 느낄 수 있는 ‘레몬머틀’과 싱그러운 복숭아 향이 가득한 ‘피치’ 두 가지로 구성됐다.


 ※ 저작권자 ⓒ 파이낸셜뉴스. 무단 전재-재배포 금지",/news/news_read.nhn?article_id=0004409175&office_id=014&mode=search&query=LG생활건강&page=1
"코스피, 외국인 30 거래일째 순매도 행렬코스닥 시장선 외국인·개인 순매수에 혼조세","[헤럴드경제=김유진 기자] 전날 21대 국회의원 선거로 휴장했던 코스피가 16일 하락 출발했다. 이날 약세장에서 지수는 장초반 1851선까지 올랐지만 이후 1820선까지 후퇴하는 등 장중 1% 넘는 변동폭을 기록했다.이날 코스피 지수는 전장대비 17.57포인트(0.95%) 하락한 1839.51로 출발했다. 이후 지수는 장중 등락률이 1.56%까지 벌어진 1828.13까지 떨어진 뒤 하락폭을 소폭 만회한 약세 흐름을 이어가고 있다.유가증권시장에서는 기관과 외국인이 순매도에 나섰다. 기관은 2188억원, 외국인은 621억원 규모다. 개인은 2676억원 규모로 순매도 하고 있다. 외국인의 순매도 행렬은 30거래일째 이어지고 있다.시가총액 상위 10개 종목 주가 흐름은 제각기 엇갈렸다. 삼성전자(-0.41%), SK하이닉스(-0.97%), 셀트리온(-0.46%), 현대차(-1%), LG생활건강(-1.08%) 등 종목은 하락세다. 반면 삼성바이오로직스(0.92%), 삼성전자우(0.12%), NAVER(1.19%), LG화학(3.68%), 삼성SDI(4.17%)는 상승세다.이날 코스닥 지수는 전장대비 3.38포인트(0.60%) 하락한 562.72로 출발했다. 이후 지수는 등락을 거듭하며 혼조세를 보이고 있다. 장중 한때 569.26까지 오르며 전장대비 상승세를 보이는가 하면, 하락출발한 시가보다 떨어진 550대를 기록하며 1% 넘는 하락폭을 기록하기도 했다.코스닥 시장에서는 외국인이 매수세를 보이고 있다. 순매수 규모는 외국인 112억원, 개인 360억원이다. 기관은 487억원 순매도 중이다.간밤 뉴욕증시는 미국의 3월 소매판매가 전월 대비 8.7% 감소하고 산업생산이 5.4% 감소하면서 일제히 약세를 보였다. 다우존스30 산업평균지수(-1.86%), 스탠더드앤드푸어스(S&P)500지수(-2.20%), 나스닥(-1.44%) 등 주요 지수 하락폭은 1~2%대를 기록했다.서상영 키움증권 연구원은 ""미국 증시가 실물 경제지표의 급격한 위축과 실적 둔화 영향으로 약세를 보여 수출 의존도가 높은 국내 증시에 부정적 영향을 미쳤다""고 설명했다.kacew@heraldcorp.com
- Copyrights ⓒ 헤럴드경제 & heraldbiz.com, 무단 전재 및 재배포 금지 -",/news/news_read.nhn?article_id=0001662672&office_id=016&mode=search&query=LG생활건강&page=1
5년간 750만 달러 수출 목표,"[무안=뉴시스] 배상현 기자 = 전남도는 오는 5월 미국 아마존에 ‘전라남도 브랜드관’을 개설한다고 16일 밝혔다.현재 미국 온라인 쇼핑몰인 ‘아마존’에서 판매 중인 전남산 농수산식품은 총 23개 품목으로, 추가로 8개 품목이 새롭게 입점될 예정이다.이에 따라 전남도는 개별적으로 판매된 전남산 제품을 ‘전라남도 브랜드관’에 통합해 집중 홍보함으로써
마케팅 효과를 극대화한다는 방침이다.전남도는 아마존 내 브랜드관 개설을 위해 지난해 11월 미국특허청에 ‘Jeollanamdo’ 상표 등록을 신청했고, 오는 5월 최종 승인을 앞두고 있다.또 ‘전라남도 브랜드관’의 체계적인 운영과 관리를 위해 미국 내 아마존 판매대행 전문기업인 Kreassive LLC(대표 Sean Chang)를 운영사로 선정해 전남도 브랜드관 마케팅과 도내 농수산식품의 아마존 입점 확대를 추진할 계획이다. 운영사로 선정된 Kreassive LLC는 정관장, 더 페이스샵, LG 생활건강, 아모레 퍼시픽 등 유수의 대기업 제품을 포함한 총 1000여 개의 제품을 아마존에 판매해 연간 3000만 달러의 매출을 올리고 있는 미국 내 온라인 판매대행 전문기업이다.전남도는 Kreassive LLC와 함께 도내 농수산식품 수출기업을 대상으로 FDA, HACCP 등 각종 인증을 획득한 제품을 발굴해 미국 내 온라인 시장조사를 거쳐 품목당 최대 300만원까지 마케팅 비용을 지원할 예정이다.이상진 전남도 국제협력관은 “이번 아마존 브랜드관 개설을 통해 미국 내 한인마켓을 이용한 동포뿐만 아니라 모든 미국인에게 우리 농수산식품을 알릴수 있게 돼 미국 주류시장에 본격 진출할 수 있는 길이 열릴 것이다”며 “향후 5년간 미국 아마존에 200개 이상의 전남 제품 입점과 750만 달러 이상 수출을 목표로 전남도 브랜드관을 운영할 계획이다”고 말했다.한편, 미국 온라인 시장 진출을 희망한 도내 농수산식품 수출업체는 전라남도 수출정보망(www.jexport.or.kr)을 통해 신청할 수 있으며, 미국 수출을 위한 기본 요건과 진출 가능성 등에 대한 검토를 거쳐 지원대상자로 선정된다. praxis@newsis.com<ⓒ 공감언론 뉴시스통신사. 무단전재-재배포 금지>",/news/news_read.nhn?article_id=0009820009&office_id=003&mode=search&query=LG생활건강&page=1
▶ 네이버 홈에서 [한국경제TV] 채널 구독하기 [생방송보기]▶ 대한민국 재테크 총집결! - [증권 / 주식상담 / 부동산],"[한국경제TV 정희형 기자]코스피시장에서 외국인들의 순매도세가 재차 확대된 가운데 선물시장에서 대거 순매수세를 보이며 코스피 지수가 약보합 마감했다.16일 코스피는 전 거래일 대비 0.01포인트 내린 1857.07에 거래를 마감했다.수급 주체별로는 개인과 기관이 순매수한 반면 외국인은 순매도세를 보였다.개인과 기관은 각각 3,894억원, 1,350억원 순매수했고 외국인은 5,682억원 순매도 했다.전 거래일 317억원까지 축소됐던 외국인들의 순매도세가 하루 만에 다시 대폭 확대됐다.반면 선물시장에서는 외국인들이 3,843억원 순매수세를 보였다.시가총액 상위 10종목 가운데 4종목은 상승 마감했다.상승마감한 종목은 삼성전자우(+0.48%), 네이버(+1.19%), LG화학(+5.05%), 삼성SDI(+7.75%) 등이고 삼성전자는 보합 마감했다.전일 대비 하락한 종목은 삼성전자, SK하이닉스(-1.22%), 삼성바이오로직스(-0.37%), 셀트리온(-0.46%), 현대차(-0.90%), LG생활건강(-0.75%) 등이다.코스닥 지수는 전거래일 대비 13.14포인트(2.15%) 오른 623.43에 거래를 마쳤다.투자주체별로는 개인이 863억원 순매도한 반면 외국인과 기관은 각각 714억원, 142억원 순매수했다.코스닥 시가총액 상위 10종목 대부분은 상승 마감했다.상승마감한 종목은 셀트리온헬스케어(+0.49%%), 에이치엘비(+2.81%), 펄어비스(+2.48%), 케이엠더블유(+5.24%), 스튜디오드래곤(+9.00%), 씨젠(+0.95%), 헬릭스미스(+5.95%), SK머티리얼즈(+5.09%) 등이다.셀트리온제약(-1.21%), CJ ENM(-0.37%) 등은 하락 마감했다.한편 서울 외환시장에서 원/달러 환율은 전 거래일보다 달러당 11.4원 오른 1,228.7원에 거래를 마쳤다.정희형기자 hhjeong@wowtv.co.krⓒ 한국경제TV, 무단 전재 및 재배포 금지",/news/news_read.nhn?article_id=0000864587&office_id=215&mode=search&query=LG생활건강&page=1
,"코스피가 외국인의 매도 공세에 밀려 하락 마감했다.16일 코스피는 전일 대비 0.01포인트(0.00%) 내린 1857.07에 마감했다.이날 지수는 17.57포인트 내린 1839.51에 개장해 장 초반 낙폭을 키웠다. 외국인의 매도세에 지수는 1830선을 위협받았으니 기관이 매수로 돌아서며 낙폭을 축소했다.서상영 키움증권 연구원은 ""국내 증시는 미국의 경제지표 부진과 국제유가 하락 등의 영향으로 약세를 보였다""며 ""특히 코로나로 인한 경기 위축 심화가 현실화될 수 있다는 점이 부담으로 작용했다""고 설명했다.이어 서 연구원은 ""이번주 트럼프가 경제 재개에 대한 계획을 발표 할 것이라는 소식, 미국의 코로나 신규 확진자 수 둔화 등 코로나로 인한 공포 심리가 완화된 데 따른 매수세 또한 이어져 하락폭을 축소했다""며 ""중국 증시가 장 중 대출우대 금리 인하 기대가 유입되며 한때 상승 전환한 점도 투자심리 개선에 우호적""이라고 말했다.이날 유가증권시장에서는 업종별로 전기가스업, 은행, 보험, 증권, 운송장비, 금융업, 철강·금속, 의약품, 건설업, 통신업이 약세를 나타냈다. 반면 섬유·의복, 서비스업, 운수창고, 화학, 종이·목재가 강세를 보였다.매매주체별로 개인과 기관은 3901억원, 1354억원 순매수한 반면 외국인은 5680억원 순매도했다. 프로그램 매매는 5402억원 매도 우위를 나타냈다.시가총액 상위 종목 중에서는 POSCO, SK하이닉스, 현대모비스, 현대차, LG생활건강, 셀트리온, 삼성바이오로직스가 약세를 기록했다. 반면 삼성SDI, LG화학, 카카오, NAVER가 강세를 나타냈다.레고켐바이오가 5000억원 규모 기술이전 소식에 이날 강세를 보였다. 황교안 미래통합당 대표 관련 테마주로 알려진 한창제지는 21대 국회의원 총선거에서 여당이 압승하면서 급락했다.이날 유가증권시장에서는 452개 종목이 상승했고 401개 종목이 떨어졌다.코스닥은 전일 대비 13.14포인트(2.15%) 오른 623.43에 마감했다.[디지털뉴스국 김현정 기자] [ⓒ 매일경제 & mk.co.kr, 무단전재 및 재배포 금지]",/news/news_read.nhn?article_id=0004558262&office_id=009&mode=search&query=LG생활건강&page=1
시총 상위 종목 희비 엇갈려21대 총선 여당 압승에 두산중공업 약세,"[이데일리 유현욱 기자] 16일 코스피 지수는 사실상 보합으로 하루를 마무리했다. 외국인은 지난달 5일부터 30거래일 연속 ‘팔자’ 행진을 이어갔다.마켓포인트에 따르면 코스피 지수는 전 거래일 대비 0.01포인트(0.00%) 내린 1857.07에 장을 마감했다. 이날 코스피지수는 뉴욕증시 하락에 1% 가까이 하락 출발했다. 오후 들어 점차 낙폭을 줄이더니 막판에 상승 전환하는 듯했으나 끝내 보합권에 머물렀다.투자자별로 보면 개인과 기관이 각각 3894억원과 1351억원 순매수했다. 기관 중에는 연기금 등이 2293억원을 사들였지만 금융투자가 1010억원을 팔아치웠다. 외국인은 5670억원 순매도했다. 지난 14일 300억원으로 줄었던 매도 규모도 다시 커졌다. 프로그램은 차익과 비차익을 합쳐 5403억원 매도 우위를 보였다.등락종목은 상승(452종목)이 하락(401종목)보다 다소 우세했다. 48종목은 보합이었다.시가총액 상위종목 역시 희비가 엇갈렸다. 포스코(005490) 신한지주(055550) KB금융(105560)은 3%대, SK하이닉스(000660) 현대모비스(012330)는 1%대 하락했다. 삼성바이오로직스(207940) 셀트리온(068270) 현대차(005380) LG생활건강(051900)도 ‘약세’였다. 삼성전자(005930) 삼성물산(028260)은 보합이었다. 반면 삼성SDI(006400)는 7%대 LG화학(051910)은 5%대 카카오는 3%대 네이버(035420) SK(034730)는 1%대 상승했다.이 밖에 두산솔루스(336370)는 장중 3만6850원으로 기록, 52주 신고가를 갈아치웠으나 조정을 받으면서 종가는 전 거래일과 같았다. 21대 총선에서 여당이 압승함에 따라 탈원전 정책이 한층 힘을 얻을 것이란 전망에 두산중공업(034020)(-8.46%)과 한국전력(015760)(-4.48%)이 부진했다.업종별로 보아도 상승과 하락이 비등했다. 전기가스업이 3% 하락했다. 은행과 보험 업종이 2%대 증권 운수장비가 1%대 내렸다. 반면 비금속광물이 5%대 상승했다. 섬유의복 의료정밀 서비스업 운수창고 업종이 1%대 올랐다.이날 거래량은 8억6439만주, 거래대금은 10조5177만5600만원으로 집계됐다.유현욱 (fourleaf@edaily.co.kr)＜ⓒ종합 경제정보 미디어 이데일리 - 무단전재 & 재배포 금지＞",/news/news_read.nhn?article_id=0004621605&office_id=018&mode=search&query=LG생활건강&page=1
"코스닥 2.15% 오른 623.43, 달러/원 환율 11.4원 올라","(서울=뉴스1) 박응진 기자 = 16일 코스피는 외국인이 30거래일 연속 순매도한 가운데 1850선에서 약보합 마감했다. 신종 코로나바이러스 감염증(코로나19) 사태에 따른 경제지표 부진 등으로 간밤 뉴욕증시가 내려 국내 증시도 하락 출발했지만 중국의 금리인하 호재로 낙폭을 줄인 것으로 풀이된다. 코스닥은 오락·문화 등 일부 업종을 중심으로 강세를 보이면서 2% 넘게 올랐다. 달러/원 환율은 11.4원 올라 1220원대에 재진입했다. 이날 코스피는 전 거래일(14일)과 비교해 0.01포인트(0.00%) 내린 1857.07로 장을 마쳤다. 외국인이 홀로 5670억원 순매도했고, 개인과 기관이 각각 3896억원, 1350억원 순매도했다. 기관은 2거래일 연속 순매수했고, 개인은 이날 순매수로 돌아섰다. 외국인은 지난달 5일부터 이날까지 30거래일 연속 순매도를 이었다. 이는 역대 최장인 2008년 6월9일∼7월23일 33거래일 연속 순매도에 이어 2번째로 긴 연속 순매도 기록이다. 연속 순매도 규모는 일찌감치 역대 최대치를 넘어섰다.코스피 시가총액 상위 10개 종목 중 삼성SDI(7.75%), LG화학(5.05%), NAVER(1.19%), 삼성전자우(0.48%)는 상승했고, SK하이닉스(-1.22%), LG생활건강(-0.75%), 현대차(-0.90%), 셀트리온(-0.46%), 삼성바이오로직스(-0.37%)는 하락했다. 업종별로 보면 비금속광물(5.83%), 섬유의복(1.65%), 의료정밀(1.62%), 서비스업(1.28%) 등이 올랐고, 전기가스업(-3.67%), 은행(-2.23%), 보험(-2.16%), 증권(-1.91%) 등이 내렸다. 코스닥은 전 거래일 대비 13.14포인트(2.15%) 오른 623.43로 마감했다. 외국인과 기관이 각각 729억원, 142억원 순매수했고, 개인이 홀로 863억원 순매도했다. 코스닥 시가총액 상위 10개 종목 중 스튜디오드래곤(9.00%), 헬릭스미스(5.95%), 케이엠더블유(5.24%), SK머티리얼즈(5.09%), 에이치엘비(2.81%), 펄어비스(2.48%), 씨젠(0.95%), 셀트리온헬스케어(0.49%)는 올랐고, 셀트리온제약(-1.21%), CJ ENM(-0.37%)은 떨어졌다. 업종별로는 오락·문화(7.16%), 인터넷(5.47%), 일반전기전자(4.60%), 통신장비(3.92%) 등이 코스닥 상승을 견인했다. 반면 방송서비스(-0.61%) 등 일부 업종은 약세를 나타냈다. 서울외환시장에서 달러/원 환율은 전 거래일보다 11.4원 오른 1228.7원으로 거래를 마쳤다. 달러/원 환율이 1220원대로 올라선 것은 지난 8일(1220원) 이후 5거래일 만이다. 노동길 NH투자증권 연구원은 ""코스피는 미국 거시지표 악화, 유가 하락 영향에 하락했다""고 분석했다. 간밤 뉴욕증시는 경제지표 부진 등으로 하락했다. 다우지수는 445.41포인트(1.86%) 미끄러진 2만3504.35를 기록했다. 스탠다드앤푸어스(S&P)500 지수는 62.70포인트(2.20%) 급락한 2783.36, 나스닥 지수는 122.56포인트(1.44%) 내린 8393.18로 거래를 마쳤다. 이경민 대신증권 투자전략팀장은 ""중국의 유동성 공급 이슈에 코스피가 낙폭을 줄였다""고 봤다. 중국 중앙은행인 인민은행은 전날(15일) 1년 만기 중기유동성지원창구(MLF) 금리를 기존 3.15%에서 2.95%로 0.2%포인트 인하했다. 이에 따라 시장에 1000억위안(약 17조원)의 유동성이 새로 공급됐다.pej86@news1.kr© 뉴스1코리아(), 무단 전재 및 재배포 금지",/news/news_read.nhn?article_id=0004592692&office_id=421&mode=search&query=LG생활건강&page=1
,"외국인 30일째 '팔자' 행진 계속(서울=연합뉴스) 황재하 기자 = 16일 코스피가 약보합으로 마감했다.

이날 코스피는 전 거래일보다 0.01포인트(0.00%) 내린 1,857.07로 거래를 마쳤다.

지수는 전장보다 17.57포인트(0.95%) 내린 1,839.51에서 출발했으나 이후 하락 폭을 차츰 줄여 장 후반부에는 상승세로 돌아서기도 했다.

유가증권시장에서는 개인이 3천895억원, 기관이 1천350억원을 순매수했다. 외국인은 5천669억원을 순매도했다.

이로써 외국인은 지난달 5일부터 30거래일 연속 코스피 순매도 행진을 이어갔다. 이 기간 누적 순매도액은 14조7천651억원이다.

이경민 대신증권 연구원은 ""미국 경제지표 부진, 국제통화기금(IMF)의 세계 경제성장률 전망 하향 조정 등 신종 코로나바이러스 감염증(코로나19)으로 인한 경제 충격이 가시화한 영향으로 코스피가 하락 출발했지만, 2차 추가경정예산(추경) 발표에 하락 폭이 축소됐다""고 설명했다.

정부는 이날 임시국무회의를 열어 코로나19로 어려움을 겪는 소득 하위 70% 이하 1천478만 가구에 긴급 재난지원금을 지급하기 위해 7조6천억원 규모의 추경을 편성했다고 발표했다.

시가총액 상위 종목 가운데는 삼성SDI(7.75%), LG화학(5.05%), 네이버(1.19%)가 올랐고, SK하이닉스(-1.22%), 현대차(-0.90%), LG생활건강(-0.75%), 셀트리온(-0.46%), 삼성바이오로직스(-0.37%) 등은 내렸다.

삼성전자와 삼성물산은 보합으로 마감했다.

업종별로는 비금속광물(5.83%), 섬유·의복(1.65%), 의료정밀(1.62%), 서비스업(1.28%), 운수·창고(1.05%), 화학(0.64%) 등이 강세, 전기·가스업(-3.67%), 은행(-2.23%), 보험(-2.16%), 증권(-1.91%), 운수·장비(-1.33%), 금융업(-1.30%) 등은 약세였다.

주가가 오른 종목은 452개, 내린 종목은 401개였다. 보합은 48개 종목이었다.

프로그램 매매는 차익 거래와 비차익 거래 모두 매도 우위로 전체적으로는 5천402억원의 순매도로 집계됐다.

유가증권시장의 거래량은 8억5천730만주, 거래대금은 10조4천948억원이었다.

코스닥지수는 전 거래일보다 13.14포인트(2.15%) 오른 623.43으로 마감했다.

지수는 전장보다 3.60포인트(0.59%) 내린 606.69로 개장했으나 이후 상승세로 돌아섰다.

코스닥시장에서는 외국인이 729억원, 기관이 142억원을 순매수했다. 개인은 863억원을 순매도했다.

시총 상위 종목은 스튜디오드래곤(9.00%), 헬릭스미스(5.95%), 케이엠더블유(5.24%), SK머티리얼즈(5.09%), 에이치엘비(2.81%), 펄어비스(2.48%), 씨젠(0.95%), 셀트리온헬스케어(0.49%) 등 대부분이 올랐다.

셀트리온제약(-1.21%)과 CJ ENM(-0.37%)은 내렸다.

코스닥시장의 거래량은 13억3천456만주, 거래대금은 8조502억원이었다.

서울 외환시장에서 원/달러 환율은 전 거래일보다 11.4원 오른 달러당 1,228.7원에 마감했다.

jaeh@yna.co.kr",/news/news_read.nhn?article_id=0011554571&office_id=001&mode=search&query=LG생활건강&page=1
,"손희연 기자 son90@mt.co.kr
<저작권자 ⓒ '성공을 꿈꾸는 사람들의 경제 뉴스' 머니S, 무단전재 및 재배포 금지>",/news/news_read.nhn?article_id=0000532188&office_id=417&mode=search&query=LG생활건강&page=1
,"코스피 지수가 1860선 턱 밑에서 멈췄다. 개인의 순매수 행진이 이어진 가운데 기관이 소방수 역할을 했지만 상승세를 이끌기엔 역부족이었다.16일 코스피 지수는 전장대비 0.01포인트 하락한 1857.07에서 거래를 마쳤다. 개인과 기관이 각각 3904억원, 1354억원을 순매수한 가운데 외국인이 홀로 5683억원을 팔아치웠다. 외국인은 지난 한달간 9조원 넘는 주식을 내다 팔고 있다.업종별 등락률을 살펴보면 음식료품(0.23%)과 섬유·의복(1.65%), 종이·목재(0.60%), 화학(0.64%), 비금속광물(5.83%) 등이 상승세를 기록한 반면 의약품(-0.48%)과 철강·금속(-0.67%), 운송장비(-1.33%), 전기가스업(-3.67%) 등이 하락세를 기록했다.시가총액 상위종목들도 혼조세로 거래를 마쳤다. 삼성전자는 보합에서 거래를 마쳤고, SK하이닉스(-1.22%), 삼성바이오로직스(-0.37%), 셀트리온(-0.46%), 현대차(-0.90%), LG생활건강(-0.75%) 등이 하락세로 거래를 마친 반면 네이버(1.19%), LG화학(5.05%), 삼성SDI(7.75%) 등이 급등세를 보였다.코스닥 지수는 전장대비 13.14포인트(2.15%) 상승한 623.43을 기록했다.김성근 한국투자증권 연구원은 ""21대 총선이 여당의 압승으로 마무리했지만 시장에 대한 단기적 영향은 중립적""이라며 ""현재 시장은 코로나19로 인한 피해 확인에 민감하게 반응하는 만큼 우선 정부가 경기부양에 집중할 것으로 보인다""고 말했다.데일리안 이미경 기자 (esit917@dailian.co.kr)ⓒ (주)데일리안 - 무단전재, 변형, 무단배포 금지",/news/news_read.nhn?article_id=0002396665&office_id=119&mode=search&query=LG생활건강&page=1
,"[서울=뉴시스] 김제이 기자 = 국제 유가 하락과 경제지표 부진으로 하락출발했던 코스피가 미국 경제활동 재개에 대한 계획 발표 소식으로 낙폭을 축소하며 보합권을 유지했다. 16일 코스피지수는 전 거래일(1857.08)보다 0.01포인트(0.0%) 내린 1857.07에 마감했다. 지수는17.57포인트(0.95%) 내린 1839.51에 출발해 낙폭을 줄이다 오후 한 때 상승 전환하기도 했으나 보합으로 거래를 마쳤다.유가증권시장에서 외국인은 홀로 5680억원을 순매도했다. 개인과 기관은 3901억원, 1354억원을 순매수했다.업종별로는 상승과 하락이 교차했다. 비금속광물(5.83%), 섬유의복(1.65%), 의료정밀(1.62%), 서비스업(1.28%), 운수창고(1.05%) 등은 상승한 반면, 전기가스업(-3.67%), 은행(-2.23%), 보험(-2.16%), 증권(-1.91%), 운송장비(-1.33%), 금융업(-1.30%) 등은 내렸다.시가총액 상위 종목들도 희비가 엇갈렸다. 대장주 삼성전자는 전 거래일과 같은 가격으로 마감했다. 이날 삼성SDI(7.75%), LG화학(5.05%), 네이버(1.19%) 등은 올랐지만 SK하이닉스(-1.22%), 현대차(-0.90%), LG생활건강(-0.75%), 셀트리온(-0.46%)은 내렸다.도널드 트럼프 미국 대통령은 15일(현지시간) 백악관 브리핑에서 신종 코로나 바이러스 감염증(코로나19) 신규 감염자 수가 정점을 지났다면서 16일에 경제 활동 재개를 위한 새로운 가이드라인을 발표하겠다고 밝혔다.서상영 키움증권 연구원은 ""국내 증시는 미국의 경제지표 부진과 국제유가 하락 등의 영향으로 약세했다""면서도 ""이번 주 트럼프가 경제 재개에 대한 계획을 발표할 것이라는 소식, 미국의 코로나 신규 확진자 수 둔화 등 코로나로 인한 공포 심리가 완화된 데 따른 매수세 또한 이어져 하락폭을 축소했다""고 분석했다.코스닥지수는 전 거래일(610.29)보다 13.14포인트(2.15%) 오른 623.43에 마감했다. 지수는 3.60포인트(0.59%) 내린 606.69에 출발했으나 오전 중 반등하며 상승 폭을 키웠다.코스닥시장에서 개인은 홀로 856억원을 순매도했으나, 외국인과 기관은 각각 729억원, 134억원을 순매수했다.코스닥 시총 상위 10개 종목은 대체로 올랐다. 스튜디오드래곤(9.00%), 헬릭스미스(5.95%), 케이엠더블유(5.24%), SK머티리얼즈(5.09%), 에이치엘비(2.81%), 펄어비스(2.48%), 씨젠(0.95%), 셀트리온헬스케어(0.49%)는 올랐다. 다만 CJ ENM(-0.37%), 셀트리온제약(-1.21%)은 하락했다.간밤 미국 뉴욕 증시는 코로나19 여파로 인한 은행 실적 부진 등 사상 최악 지표에 약세했다.15일(현지시각) 미국 뉴욕증권거래소(NYSE)에서 다우존스 30 산업평균지수는 전 거래일보다 445.41포인트(1.86%) 하락한 2만3504.35에 거래를 마쳤다. 스탠더드앤드푸어스(S&P) 500 지수는 전 거래일보다 62.70포인트(2.2%) 내린 2783.36에, 기술주 중심의 나스닥도 122.56포인트(1.44%) 하락한 8393.18에 장을 마감했다. jey@newsis.com<ⓒ 공감언론 뉴시스통신사. 무단전재-재배포 금지>",/news/news_read.nhn?article_id=0009820801&office_id=003&mode=search&query=LG생활건강&page=1
,"오늘(16일) 코스피가 약보합으로 마감했습니다.이날 코스피는 전 거래일보다 0.01포인트(0.00%) 내린 1,857.07로 거래를 마쳤습니다.지수는 전장보다 17.57포인트(0.95%) 내린 1,839.51에서 출발했으나 이후 하락 폭을 차츰 줄여 장 후반부에는 상승세로 돌아서기도 했습니다.유가증권시장에서는 개인이 3천895억원, 기관이 1천350억원을 순매수했습니다. 외국인은 5천669억원을 순매도했습니다.이로써 외국인은 지난달 5일부터 30거래일 연속 코스피 순매도 행진을 이어갔습니다. 이 기간 누적 순매도액은 14조7천651억원입니다.이경민 대신증권 연구원은 ""미국 경제지표 부진, 국제통화기금(IMF)의 세계 경제성장률 전망 하향 조정 등 신종 코로나바이러스 감염증(코로나19)으로 인한 경제 충격이 가시화한 영향으로 코스피가 하락 출발했지만, 2차 추가경정예산(추경) 발표에 하락 폭이 축소됐다""고 설명했습니다.정부는 이날 임시국무회의를 열어 코로나19로 어려움을 겪는 소득 하위 70% 이하 1천478만 가구에 긴급 재난지원금을 지급하기 위해 7조6천억원 규모의 추경을 편성했다고 발표했습니다.시가총액 상위 종목 가운데는 삼성SDI(7.75%), LG화학(5.05%), 네이버(1.19%)가 올랐고, SK하이닉스(-1.22%), 현대차(-0.90%), LG생활건강(-0.75%), 셀트리온(-0.46%), 삼성바이오로직스(-0.37%) 등은 내렸습니다.삼성전자와 삼성물산은 보합으로 마감했습니다.업종별로는 비금속광물(5.83%), 섬유·의복(1.65%), 의료정밀(1.62%), 서비스업(1.28%), 운수·창고(1.05%), 화학(0.64%) 등이 강세, 전기·가스업(-3.67%), 은행(-2.23%), 보험(-2.16%), 증권(-1.91%), 운수·장비(-1.33%), 금융업(-1.30%) 등은 약세였습니다.주가가 오른 종목은 452개, 내린 종목은 401개였다. 보합은 48개 종목이었습니다.프로그램 매매는 차익 거래와 비차익 거래 모두 매도 우위로 전체적으로는 5천402억원의 순매도로 집계됐습니다.유가증권시장의 거래량은 8억5천730만주, 거래대금은 10조4천948억원이었습니다.코스닥지수는 전 거래일보다 13.14포인트(2.15%) 오른 623.43으로 마감했습니다.지수는 전장보다 3.60포인트(0.59%) 내린 606.69로 개장했으나 이후 상승세로 돌아섰습니다.코스닥시장에서는 외국인이 729억원, 기관이 142억원을 순매수했습니다. 개인은 863억원을 순매도했습니다.시총 상위 종목은 스튜디오드래곤(9.00%), 헬릭스미스(5.95%), 케이엠더블유(5.24%), SK머티리얼즈(5.09%), 에이치엘비(2.81%), 펄어비스(2.48%), 씨젠(0.95%), 셀트리온헬스케어(0.49%) 등 대부분이 올랐습니다.셀트리온제약(-1.21%)과 CJ ENM(-0.37%)은 내렸습니다.코스닥시장의 거래량은 13억3천456만주, 거래대금은 8조502억원이었습니다.서울 외환시장에서 원/달러 환율은 전 거래일보다 11.4원 오른 달러당 1,228.7원에 마감했습니다.[MBN 온라인뉴스팀]< Copyright ⓒ MBN(www.mbn.co.kr) 무단전재 및 재배포 금지 >",/news/news_read.nhn?article_id=0001444839&office_id=057&mode=search&query=LG생활건강&page=1
코스피 약보합세…0.01포인트 내린 1857.07 마감,"[더팩트ㅣ박경현 기자] 국내 증시가 엇갈린 결과를 내놨다. 코스피는 외국인투자자의 매도우위 속 약보합에, 코스닥은 총선 후 정책관련주의 급등으로 상승 마감했다.16일 코스피는 전장 대비 0.01포인트 내린 1857.07에 장을 마쳤다. 30일 연속 외인의 매도세가 이어지며 이날도 외국인은 5695억 원을 순매도했다. 반면 개인과 기관은 각각 3904억 원, 1355억 원을 순매수했다.시가총액 상위종목의 등락은 양갈래로 나뉘었다. 삼성전자는 이날 보합세로 마친 가운데 SK하이닉스(-1.22%), 삼성바이오로직스(-0.37%), 셀트리온(-0.46%), 현대차(-0.90%), LG생활건강(-0.75%)은 내림세를 기록했다. 반면 삼성전자우(+0.48%), 네이버(+1.19%), LG화학(+5.05%), 삼성SDI(+7.75%)는 상승 마감했다.이날 업종은 전기제품, 소프트웨어, 건축자재, 비철금속, 통신장비가 4~7%가량 올랐다. 반면 전기유틸리티, 생명보험, 부동산, 은행, 철강은 2~5%가량 내렸다.코스닥시장은 장 후반부로 갈수록 상승세를 견조하게 유지했다. 코스닥은 전일대비 13.14포인트(+2.15%)오른 623.43에 장을 마쳤다.코스닥은 개인이 매도포지션을 유지했다. 이날 개인 홀로 856억 원을 팔아치운 반면 외국인과 기관이 각각 714억 원, 134억 원을 사들이며 상승장을 주도했다.이날 코스닥 시가총액별 상위종목 주가는 대부분 올랐다. 셀트리온헬스케어(+0.49%), 에이치엘비(+2.81%), 케이엠더블유(+5.24%), 스튜디오드래곤(+9.00%), 씨젠(+0.95%), 헬릭스미스(+5.95%), SK머티리얼즈(+5.09%)가 오른 가운데 셀트리온제약(-1.21%)과 CJ ENM(-0.37%)은 내렸다.pkh@tf.co.kr저작권자 ⓒ 특종에 강한 더팩트 & tf.co.kr 무단 전재 및 재배포 금지",/news/news_read.nhn?article_id=0000023217&office_id=629&mode=search&query=LG생활건강&page=1
"외인·기관, 각각 삼성SDI에 212억 원, 237억 원 순매수","[더팩트ㅣ박경현 기자] 16일 국내증시는 경제 위축에 대한 우려로 장 초반 낙폭을 키웠지만 오후 연기금 매수 유입으로 반등에 성공했다. 코스피는 보합권까지 올라왔고 코스닥은 총선 후 정치테마주 급부상에 2%대 상승 마감했다.이날도 코스피 시장에서 외국인은 매도포지션을 유지하며 5695억 원을 순매도한 반면 개인과 기관은 각각 3904억 원, 1355억 원을 순매수했다.외국인의 코스피기업 최대 매도는 SK하이닉스로 향했다. 외국인은 이날 SK하이닉스 893억 원, 삼성전자 534억 원, KB금융 402억 원, 포스코(POSCO) 292억 원, 현대차 257억 원 순으로 순매도 했다.반면 삼성SDI는 212억 원가량 사들였다. 뒤를 이어 LG화학 90억 원, 더존비즈온 74억 원, 삼성전기 71억 원을 순매수했다.코스닥 시장에서는 스튜디오드래곤(175억 원), 씨젠(96억 원), 에치에프알(60억 원)을 사들이고, 에이치엘비(111억 원), 솔브레인(29억 원), 웰크론(28억 원)은 팔았다.이날 기관투자자의 기업 순매도는 KB금융에 쏠렸다. 이날 기관은 은행주를 대량 순매도해 KB금융 126억 원, 하나금융지주 120억 원, 신한지주 60억 원 가량을 팔아치웠다.반면 기관 역시 삼성SDI를 237억 원가량 사들였다. 또한 LG화학 210억 원, 네이버(NAVER) 205억 원, 카카오 165억 원을 순매수했다.이에 이날 시총 상위종목 등락이 양극화됐다. 삼성전자는 이날 보합세로 마친 가운데 SK하이닉스(-1.22%), 삼성바이오로직스(-0.37%), 셀트리온(-0.46%), 현대차(-0.90%), LG생활건강(-0.75%)은 내렸고, 삼성전자우(+0.48%), 네이버(+1.19%), LG화학(+5.05%), 삼성SDI(+7.75%)는 상승하며 장을 마쳤다.pkh@tf.co.kr저작권자 ⓒ 특종에 강한 더팩트 & tf.co.kr 무단 전재 및 재배포 금지",/news/news_read.nhn?article_id=0000023232&office_id=629&mode=search&query=LG생활건강&page=1
,"애경산업이 모발 관리 브랜드 ‘케라시스’의 새 광고모델로 가수 겸 배우 수지를 기용했다.애경산업은 광고모델인 수지와 함께 케라시스가 추구하는 밝고 건강한 아름다움을 전하겠다고 16일 밝혔다.수지는 국내는 물론 중국을 포함한 아시아 국가에서 케라시스의 글로벌 브랜드 모델로 활동할 방침이다.애경산업 관계자는 “케라시스는 새 얼굴 수지를 사회관계망서비스(SNS) 및 온라인 커뮤니케이션에 적극 활용해 차별화된 제품력을 친근하게 알릴 예정”이라고 말했다. 앞서 LG생활건강의 모발 관리 브랜드 '엘라스틴'의 경우 지난해 '프로폴리테라'를 선보이면서 배우 전지현을 모델로 재기용했다.
오정민 한경닷컴 기자 blooming@hankyung.com기사제보 및 보도자료 open@hankyung.com▶ ▶
 ▶
ⓒ 한국경제 & , 무단전재 및 재배포 금지",/news/news_read.nhn?article_id=0004325652&office_id=015&mode=search&query=LG생활건강&page=1
,"LG생활건강의 자회사인 해태htb는 '무설탕·제로(0) 칼로리'의 향기로운 수분 음료 '썬키스트 아로마워터'를 출시했다. 먹는 샘물에 과일과 허브를 우려내 색다른 향을 즐길 수 있는 '니어워터'다.해태htb가 선보인 썬키스트 아로마워터는 수분을 보충해주면서 물 대신 마실 수 있는, 물과 가장 가까운 음료로 기획됐다. 아로마워터는 당 성분을 넣지 않고 천연 향을 담아낸 것이 특징이다. 이 때문에 마시면서 향긋한 향을 느낄 수 있다.아로마워터는 칼로리가 부담되는 소비자에게도 안성맞춤이다. 500ml 한 병을 다 마셔도 칼로리는 '제로(0)'여서 건강한 수분 충전이 가능하다. 깔끔하고 상큼한 패키지는 시각적으로 향기로운 수분감을 제공한다.썬키스트 아로마워터는 레몬 향과 허브 향을 동시에 느낄 수 있는 '레몬머틀'과 싱그러운 복숭아 향이 가득한 '피치' 두 가지로 구성됐다. 해태htb 관계자는 ""썬키스트 아로마워터는 향긋한 향으로 먹는 샘물의 무료함을 달래주는 음료""라면서 ""과일이나 허브를 준비해 물에 우려내는 수고 없이도 언제 어디서나 가볍게 즐길 수 있다""고 말했다.이정혁 기자 jjangga@sportschosun.com- Copyrightsⓒ , 무단 전재 및 재배포 금지",/news/news_read.nhn?article_id=0003555468&office_id=076&mode=search&query=LG생활건강&page=1
