head,text,url
,"[서울신문]코로나19 여파로 세계 주요 증시의 주가와 국제유가가 하락하자 투자 원금도 건지지 못하는 주가연계증권(ELS)과 파생결합증권(DLS)이 속출하고 있다.12일 금융투자업계에 따르면 NH투자증권은 ‘ELS 17784회’의 최종 수익률이 만기인 지난달 27일 -10.00%로 확정돼 잔액의 90%만 상환했다고 홈페이지에 공지했다. 이 상품은 홍콩항셍지수(HSCEI)와 코스피200지수를 기초자산으로 지난해 3월 27일 발행됐는데 만기에 이들 지수가 최초 기준가격보다 각각 15.71%, 16.01% 떨어져 원금 손실 조건(10% 이상 하락)에 진입했다. 이 ELS의 미상환 잔액은 총 2억 300만원이어서 이 중 10%인 2030만원의 원금 손실을 기록했다.KB증권의 ‘ELS 846회’(잔액 1억 4700만원)와 ‘ELS 847회’(잔액 8000만원)도 지난 7일 만기일에 최종 수익률이 -10.00%로 확정됐다. 846회는 삼성전자와 SK텔레콤, 847회는 SK텔레콤과 LG생활건강 주가를 기초자산으로 지난해 4월 5일 발행됐는데 SK텔레콤의 주가가 발행 시점보다 20% 이상 떨어져 손실이 발생했다.ELS·DLS 원금 손실 피해는 앞으로 더 커질 전망이다. 지금까지 국내 증권사들이 원금 손실 가능성이 생겼다고 투자자에게 공지한 ELS·DLS는 총 1084개다. 이들 상품의 미상환 잔액은 1조 5116억원에 이른다. 당장 올해 만기가 도래하는 상품은 ELS 56개(758억원)와 DLS 36개(436억원)로 총 1194억원어치에 달해 기초자산 가격이 반등하지 않으면 원금 손실 피해를 피할 수 없다.장은석 기자 esjang@seoul.co.kr▶
▶
▶ⓒ 서울신문(www.seoul.co.kr), 무단전재 및 재배포금지",/news/news_read.nhn?article_id=0003081904&office_id=081&mode=search&query=LG생활건강&page=2
목표주가 164만원으로 하향,"[서울=뉴시스]신항섭 기자 = 한화투자증권은 13일 LG생활건강(051900)에 대해 코로나19의 영향으로 상반기 타격이 불가피하다고 분석했다. 투자의견은 매수로 유지하고 목표주가는 164만원으로 하향 조정했다.손효주 한화투자증권 연구원은 ""1분기 연결 실적은 매출액 1조7246억원, 영업이익 2428억원으로 전년 동기 대비 8%, 24.6% 감소할 전망""이라며 ""코로나19 타격으로 부진한 실적을 기록할 것""이라고 내다봤다.이어 ""생활용품 사업도 코로나19 영향으로 오프라인 채널 타격에 따른 실적 감소가 예상된다""면서 ""음료 사업은 배달 수요는 긍정적이나 영화관 등 오프라인 채널에 부정적인 영향을 미쳐 전년과 유사한 실적이 나올 것""이라고 전망했다.손 연구원은 다만 ""'후' 브랜드를 중심으로 실적 성장이 나타나고 있고, 화장품 사업의 브랜드 포트폴리오 다각화에 주력하고 있다""며 ""전년 8월 미국 뉴에이본을 인수, 올해 2월에는 더마화장품 피지오겔의 아시아 및 북미 사업권을 인수했다""고 설명했다.그는 또 ""최근 '숨' 브랜드의 성장률 둔화가 아쉬우나 다른 럭셔리 브랜드 '로시크숨마', '오휘', 'CNP'의 성장성 확대가 긍정적""이라며 ""중국 현지에서 '로시크숨마'의 비중이 올라간 점을 고려할 때, 향후 '숨' 브랜드의 성장성이 회복될 여지가 높다""고 판단했다. hangseob@newsis.com<ⓒ 공감언론 뉴시스통신사. 무단전재-재배포 금지>",/news/news_read.nhn?article_id=0009811864&office_id=003&mode=search&query=LG생활건강&page=2
,"[머니투데이 조준영 기자] 한화투자증권이 13일 LG생활건강에 대해 코로나19 확산에 따라 올 1~2분기 실적에 타격이 전망되지만 강한 이익체력으로 타사 대비 감익폭은 크지 않을 것으로 전망했다.이에 투자의견 '매수'를 유지하고 목표주가는 164만원으로 하향조정했다.손효주 LG생활건강 연구원은 ""현재 동사의 실적성장은 '후' 브랜드 중심으로 나타나고 있지만 제2의 브랜드 성장이 필요한 시기""라며 ""최근 성장하고 있는 화장품 사업의 브랜드 포트폴리오 다각화에 주력하고 있다""고 밝혔다.손 연구원은 ""최근 '숨' 브랜드의 성장률 둔화가 아쉽지만 '숨' 이외 다른 럭셔리 브랜드 로시크숨마, 오휘, CNP의 성장성 확대가 긍정적""이라며 ""'숨'의 고가라인 로시크숨마의 비중이 중국 현지기준으로 올라온 점을 고려시 향후 '숨' 브랜드의 성장성은 회복될 여지가 높다고 판단된다""고 설명했다.조준영 기자 cho@mt.co.kr
<저작권자 ⓒ '돈이 보이는 리얼타임 뉴스' 머니투데이, 무단전재 및 재배포 금지>",/news/news_read.nhn?article_id=0004393397&office_id=008&mode=search&query=LG생활건강&page=2
목표주가 175만→164만원,"[아이뉴스24 한수연 기자] 한화투자증권은 13일 LG생활건강에 대해 코로나19 여파로 올해 상반기 실적에 타격이 있을 것이라며 목표주가를 기존 175만원에서 164만원으로 낮췄다. 투자의견은 '매수'를 유지했다.손효주 한화투자증권 연구원은 ""1분기 연결기준 매출액은 전년 동기 대비 8% 감소한 1조7246억원, 영업이익은 24.6% 급감한 2천428억원으로 추정된다""며 ""코로나19 여파로 상반기 내내 부진한 실적을 기록할 것""이라고 짚었다.그러면서 ""생활용품 사업도 오프라인 채널 타격에 따른 실적 감소가 점쳐진다""며 ""생활용품 뿐 아니라 음료 사업은 배달 수요는 긍정적이나 영화관 등 오프라인 채널에 부정적인 영향을 미쳐 전년과 유사한 실적이 나올 것""이라고 전망했다.다만 화장품 사업의 포트폴리오 다각화엔 주목할 필요가 있다는 설명이다. 손 연구원은 ""다만 '후' 브랜드를 중심으로 실적 성장이 나타나고 있고 화장품 사업의 브랜드 포트폴리오 다각화에 주력하고 있다""며 ""최근 '숨' 브랜드의 성장률 둔화가 아쉬우나 다른 럭셔리 브랜드 '로시크숨마', '오휘', 'CNP'의 성장성 확대가 긍정적""이라고 평가했다.이어 ""중국 현지에서 '로시크숨마'의 비중이 올라간 점을 고려할 때, 향후 '숨' 브랜드의 성장성이 회복될 여지가 높다""고 판단했다. papyrus@inews24.com [ⓒ 아이뉴스24 무단전재 및 재배포 금지]",/news/news_read.nhn?article_id=0000533976&office_id=031&mode=search&query=LG생활건강&page=2
,"코스피가 외국인과 기관의 동반 매도에 3거래일 만에 하락 출발하고 있다.13일 오전 9시 5분 현재 코스피는 전 거래일 대비 9.63포인트(0.52%) 내린 1851.07을 기록하고 있다.이날 7.40포인트(0.40%) 하락 출발한 지수는 장 초반 1850포인트 부근을 맴돌고 있다.지난주 한국 증시는 석유수출국기구(OPEC)와 러시아 등 주요 산유국 모임인 OPEC+의 감산 합의 기대감, 코로나 확진자 수 정점 기대에 힘입어 강한 상승세를 보였다. 주 초반에 OPEC+ 회담이 연기되며 감산 불확실성이 부각되기도 했으나, 도널드 트럼프 대통령이 사우디아라비아와 러시아가 감산에 합의했다고 주장하며 관련 우려를 완화했다. 여기에 주 후반 연준(Fed)의 2조3000억달러 규모의 세부적인 부양정책 발표와 제롬 파월 의장의 온건한 통화정책 시사 발언이 시장의 안도 랠리를 이끌었다.여기에 코로나19 확진자 수 증가가 정점을 기록할 것이라는 소식이 전해진 데 이어 이탈리아를 비롯해 체코, 오스트리아 등 일부 유럽국가와 트럼프를 비롯한 주요 인물들의 미국 경제 재개 기대를 높이는 발언 등도 주효했다. 결국 지난주 코스피는 전주 대비 135.26포인트(7.87%) 상승한 1860.70에, 코스닥은 38.25포인트(6.68%) 뛴 611.26에 마감했다.서상영 키움증권 연구원은 ""이번주 한국 증시는 국제유가 변동성 확대, 경제지표 부진, 기업실적 둔화라는 하락 요인과 코로나 확진자 정점 기대, 글로벌 각국 경제 재개 기대 등 상승 요인이 충돌하며 변동성이 확대되는 경향을 보일 것""이라면서 ""다만 상승 요인들은 지난주 이미 선반영이 됐다는 점을 감안 시 이번 주는 하락 요인에 더 민감한 반응을 보일 것으로 예상한다""고 내다봤다.이날 유가증권시장에서는 업종별로 운송장비, 보험, 은행, 종이목재, 금융업, 화학, 전기전자, 기계 등이 내리고 있다. 전기가스업, 철강금속, 의약품 등은 오르고 있다.매매주체별로 외국인과 기관이 각각 201억원, 472억원 순매도 중이고 개인은 677억원 순매수 중이다. 프로그램 매매는 315억원 매도 우위다.시가총액 상위 종목들은 흐름이 엇갈린다. 삼성전자, SK하이닉스, NAVER, LG화학, 현대차, LG생활건강 등이 하락하고 있는 반면 삼성바이오로직스, 셀트리온, 삼성물산, POSCO 등은 상승세다.이날 유가증권시장에서는 203개 종목이 오르고 있고 586개 종목이 내리고 있다.코스닥은 전 거래일 대비 2.25포인트(0.37%) 내린 609.01을 기록 중이다.[디지털뉴스국 김경택 기자] [ⓒ 매일경제 & mk.co.kr, 무단전재 및 재배포 금지]",/news/news_read.nhn?article_id=0004555776&office_id=009&mode=search&query=LG생활건강&page=2
"개인 ‘사자’, 외국인·기관 ‘팔자’…운송장비·전기전자↓시가총액 상위주 ‘내림세’","[이데일리 고준혁 기자] 13일 코스피 지수가 하락 출발했다. 신종 코로나 바이러스 감염증(코로나19) 사태를 인한 금융시장의 변동성이 정부의 통화, 재정정책 등으로 안정을 찾아가고 있지만, 실물 경제 충격에 대한 불안은 커지는 것으로 분석된다. 마켓포인트에 따르면 이날 오전 9시 17분 코스피 지수는 전 거래일 대비 13.34포인트(0.72%) 내린 1847.36을 기록했다. 기업들이 공장 가동을 중단하는 등 코로나19로 인한 실물 경제의 타격이 점차 뚜렷해지고 있다. 현대자동차와 기아자동차는 국내 공장 가동을 일시적으로 멈추는 방안을 검토 중인 것으로 전해진다. 전날 기아차의 경우 소하1공장 등 3곳을 오는 23~29일 중단하는 방안을 노동조합에 전달했다. 한국경제연구원은 ‘주요 경제위기와 현재 위기의 차이점과 향후 전망 보고서’에서 “코로나19가 종식한 뒤에도 경제가 충격에서 회복되는 데에는 글로벌 금융위기보다 오랜 시간이 걸릴 수 있다”고 전망했다. 수급주체별로는 개인이 1160억원 순매수 중이다. 외국인과 기관은 각각 281억원, 892억원 순매도 중이다. 프로그램별로 보면 차익과 비차익을 합쳐 485억원 매도 우위를 보이고 있다. 업종별로는 의약품과 건설업이 1%대 미만 상승 중이다. 운송장비와 전기·전자, 통신업, 화학, 제조업, 음식료품, 비금속광물, 운수창고, 서비스업 등은 내리고 있다. 시가총액 상위주는 내림세다. 대장주인 삼성전자(005930)는 2%대 미만 하락 중이다. SK하이닉스(000660), 네이버(035420), LG화학(051910), 현대차(005380), LG생활건강(051900), 삼성SDI(006400)는 하락 중이다. 삼성바이오로직스(207940)와 셀트리온(068270), 삼성물산(028260)은 오르고 있다.고준혁 (kotaeng@edaily.co.kr)＜ⓒ종합 경제정보 미디어 이데일리 - 무단전재 & 재배포 금지＞",/news/news_read.nhn?article_id=0004618658&office_id=018&mode=search&query=LG생활건강&page=2
,"(서울=연합뉴스) 황재하 기자 = 코스피가 13일 하락세로 출발했다.

이날 오전 9시 15분 현재 코스피는 전 거래일보다 10.49포인트(0.56%) 내린 1,850.21을 가리켰다.

지수는 전장보다 7.40포인트(0.40%) 내린 1,853.30에서 출발해 약세 흐름을 이어가고 있다. 장중 한때는 14.33포인트(0.77%) 내린 1,846.37을 기록했다.

유가증권시장에서는 기관이 824억원, 외국인이 262억원어치를 각각 순매도했다. 개인은 1천76억원어치를 순매수했다.

지난달 5일부터 이달 10일까지 27거래일 연속 코스피 '팔자' 행진을 지속하고 있는 외국인은 이날 장 초반에도 순매도 기조를 보이고 있다.

지난 10일(현지시간) 뉴욕증시는 '성금요일'로 휴장했다.

서상영 키움증권 연구원은 ""국제유가 변동성 확대, 경제지표 부진, 기업 실적 둔화 등이 지수 하락 요인으로 작용하고 있다""며 ""신종 코로나바이러스 감염증(코로나19) 국내 확진자 수가 정점을 지났을 것이라는 기대감은 증시에 긍정적이지만, 이는 이미 지난주에 반영된 것으로 보인다""고 설명했다.

이어 ""코로나19 확산으로 인한 실적과 경제 지표 영향을 고려하면 최근 코스피가 상승한 데 따른 밸류에이션(평가가치) 부담도 증시에 부정적""이라고 덧붙였다.

시가총액 상위 종목은 삼성SDI(-2.00%), 현대차(-1.71%), SK하이닉스(-1.66%), 삼성전자(-1.22%), LG생활건강(-0.99%), LG화학(-0.93%), 네이버(-0.90%) 등이 하락했다.

삼성바이오로직스(4.29%), 셀트리온(1.91%), 삼성물산(1.70%) 등은 올랐다.

업종별로는 운수·장비(-2.22%), 보험(-1.49%), 종이·목재(-1.34%), 은행(-1.12%), 전기·전자(-1.12%), 화학(-0.89%) 등이 약세, 전기·가스(4.36%), 철강·금속(2.41%), 의약품(1.29%) 등이 강세다.

같은 시각 코스닥지수는 전장보다 0.81포인트(0.13%) 내린 610.45를 나타냈다.

지수는 전장보다 1.32포인트(0.22%) 내린 609.94로 개장해 하락세를 이어가고 있다.

코스닥시장에서는 기관이 232억원을 순매도했다. 개인은 160억원, 외국인은 104억원을 순매수했다.

시총 상위 종목 중에는 씨젠(-2.70%), CJ ENM(-2.23%), 펄어비스(-1.02%), 케이엠더블유(-0.82%) 등이 내렸다.

헬릭스미스(1.56%), 에이치엘비(1.02%), 셀트리온헬스케어(0.75%), 스튜디오드래곤(0.39%), 제넥신(0.15%) 등은 올랐다.

jaeh@yna.co.kr",/news/news_read.nhn?article_id=0011543538&office_id=001&mode=search&query=LG생활건강&page=2
,"손희연 기자 son90@mt.co.kr
<저작권자 ⓒ '성공을 꿈꾸는 사람들의 경제 뉴스' 머니S, 무단전재 및 재배포 금지>",/news/news_read.nhn?article_id=0000530325&office_id=417&mode=search&query=LG생활건강&page=2
,"코스피가 오늘(13일) 하락세로 출발했습니다.이날 오전 9시 15분 기준 코스피는 전 거래일보다 10.49포인트(0.56%) 내린 1,850.21을 가리켰습니다.지수는 전장보다 7.40포인트(0.40%) 내린 1,853.30에서 출발해 약세 흐름을 이어가고 있습니다. 장중 한때는 14.33포인트(0.77%) 내린 1,846.37을 기록했습니다.유가증권시장에서는 기관이 824억 원, 외국인이 262억 원어치를 각각 순매도했습니다. 개인은 1천76억 원어치를 순매수했습니다. 지난달 5일부터 이달 10일까지 27거래일 연속 코스피 '팔자' 행진을 지속하고 있는 외국인은 이날 장 초반에도 순매도 기조를 보이고 있습니다.미국 현지시간으로 그제(10일) 뉴욕증시는 '성금요일'로 휴장했습니다.서상영 키움증권 연구원은 ""국제유가 변동성 확대, 경제지표 부진, 기업 실적 둔화 등이 지수 하락 요인으로 작용하고 있다""며 ""신종 코로나바이러스 감염증(코로나19) 국내 확진자 수가 정점을 지났을 것이라는 기대감은 증시에 긍정적이지만, 이는 이미 지난주에 반영된 것으로 보인다""고 설명했습니다.이어 ""코로나19 확산으로 인한 실적과 경제 지표 영향을 고려하면 최근 코스피가 상승한 데 따른 밸류에이션(평가가치) 부담도 증시에 부정적""이라고 덧붙였습니다.시가총액 상위 종목은 삼성SDI(-2.00%), 현대차(-1.71%), SK하이닉스(-1.66%), 삼성전자(-1.22%), LG생활건강(-0.99%), LG화학(-0.93%), 네이버(-0.90%) 등이 하락했습니다.삼성바이오로직스(4.29%), 셀트리온(1.91%), 삼성물산(1.70%) 등은 올랐습니다.업종별로는 운수·장비(-2.22%), 보험(-1.49%), 종이·목재(-1.34%), 은행(-1.12%), 전기·전자(-1.12%), 화학(-0.89%) 등이 약세, 전기·가스(4.36%), 철강·금속(2.41%), 의약품(1.29%) 등이 강세입니다.같은 시각 코스닥지수는 전장보다 0.81포인트(0.13%) 내린 610.45를 나타냈습니다.지수는 전장보다 1.32포인트(0.22%) 내린 609.94로 개장해 하락세를 이어가고 있습니다.코스닥시장에서는 기관이 232억 원을 순매도했습니다. 개인은 160억 원, 외국인은 104억 원을 순매수했습니다.시총 상위 종목 중에는 씨젠(-2.70%), CJ ENM(-2.23%), 펄어비스(-1.02%), 케이엠더블유(-0.82%) 등이 내렸습니다.헬릭스미스(1.56%), 에이치엘비(1.02%), 셀트리온헬스케어(0.75%), 스튜디오드래곤(0.39%), 제넥신(0.15%) 등은 올랐습니다.[MBN 온라인뉴스팀]< Copyright ⓒ MBN(www.mbn.co.kr) 무단전재 및 재배포 금지 >",/news/news_read.nhn?article_id=0001443180&office_id=057&mode=search&query=LG생활건강&page=2
,"[아시아경제 조유진 기자] LG생활건강(대표: 차석용)은 자연·발효 뷰티 브랜드 숨37°에서 강력한 수분과 풍부한 영양을 전하는 워터풀 인텐스 인리치드 앰플과 아이 세럼을 출시했다.이 제품은 귀한 배꽃을 띄워 빚어낸 이화곡 발효 성분을 바탕으로 한층 업그레이드된 어드밴스드 아쿠아 펌TM을 함유했다. 피부 수분 보유력을 높이는데 도움을 주고 피부 깊은 곳까지 수분이 잘 전달될 수 있도록 수분 길과 수분 맥을 케어하는 것이 특징이다.
4주 집중 프로그램인 워터풀 인텐스 인리치드 앰플은 메마르고 푸석해져 지쳐 보이는 피부에 수분, 영양, 탄력의 트리플 이펙트를 통해 빛나는 피부로 가꿔주는 제품이다. 물이 터지는 듯 풍부한 수분감은 물론, 영양감 넘치는 제형이 피부에 탄탄함을 채워주고, 생기 넘치는 피부톤으로 가꿔준다. 일주일에 1병씩, 4주 완성으로 하루치 사용량을 확인할 수 있는 눈금창이 있어 사용이 편리하다.워터풀 인텐스 아이 세럼은 풍부한 수분감이 강화된 보습 영양 성분이 함유돼 건조하고 지친 눈가 피부를 탱탱하고 매끈하게 가꿔준다. 특히 스페셜 어플리케이터를 적용해 눈가에 닿는 즉시 시원한 쿨링 효과를 경험할 수 있다.조유진 기자 tint@asiae.co.kr <ⓒ경제를 보는 눈, 세계를 보는 창 아시아경제 무단전재 배포금지>",/news/news_read.nhn?article_id=0004660383&office_id=277&mode=search&query=LG생활건강&page=2
,"[천안=뉴시스] 이종익 기자 = 충남 천안지역에 2024년까지 1조 7000억원 규모의 10개 산업단지가 조성된다.13일 천안시에 따르면 2024년 준공을 목표로 추진되는 산업단지 현황은 10개 산단에 총 526만3126㎡ 규모로 1조7000억원이 투자된다.화장품 제조 관련 시설을 건립할 'LG생활건강 퓨처 일반산단'은 구룡동 일원 38만6369㎡에 올해 준공 예정으로, 앞으로 화장품 제조뿐만 아니라 천연연료 재배단지와 친환경 테마파크 등이 조성될 예정이다.생명공학·동물자원·유전자 등 BT(바이오기술) 관련 업종을 비롯해 전자·영상 등 IT(정보기술) 업종을 유치할 '북부 BIT 산단'은 성환읍 복모리 일원 88만1236㎡에 2023년 준공 목표로 현재 토지 보상을 시행하고 있다.천안시가 민간개발에서 지난해 공영개발로 변경한 '천안 동부 바이오 일반산단' 조성(33만4108㎡) 사업은 국토부 승인을 거쳐 2021년까지 식료품업·섬유·화학물질·전자 부품 등의 업종 유치로 추진된다.국토부 공모사업으로 추진한 직산 도시첨단산단(33만3872㎡)도 승인을 받아 2023년을 준공을 목표로 추진 중이다.성남면과 수신면 일원에 조성한 제5 일반산단은 47만4817㎡를 확장하고, 성거 일반산단 30만2551㎡, 천안테크노파크 일반산단 91만3959㎡ 등은 관계기관 협의가 진행 중으로 산업단지 승인을 눈앞에 두고 있다.이밖에 풍세면 일원 지식기반·4차산업·신재생에너지 등 전략산업 유치기반을 조성할 제6 일반산단(97만3600㎡)을 비롯해 풍세 제2 일반산단(31만2114㎡), 천안에코벨리 일반산단(35만500㎡)은 국토교통부에 산업단지지정계획을 신청한 상태다.천안시 관계자는 ""10개 산단 조성이 완료되면 미래산업 기반 마련과 2만4000여 명 일자리 제공으로 지역경제 활성화 및 코로나19 확산에 따른 지역 경제침체 극복에 기여할 것""이라고 말했다. 007news@newsis.com<ⓒ 공감언론 뉴시스통신사. 무단전재-재배포 금지>",/news/news_read.nhn?article_id=0009812168&office_id=003&mode=search&query=LG생활건강&page=2
▶ '아는 척'하고 싶은 당신을 위한 [두유노우]▶ 한눈에 보는 [4·15총선 NEWS MAP],"[파이낸셜뉴스] 코스피가 외국인과 기관의 동반 매도에 약세를 보이고 있다.
 13일 오전 10시 13분 현재 코스피는 전 거래일보다 17.19포인트(0.92%) 내린 1843.51을 가리키고 있다.
 지수는 전 거래일보다 7.40포인트(0.40%) 내린 1853.30으로 출발해 하향곡선을 그리고 있다.
 유가증권시장에서는 기관이 2046억원, 외국인이 940억원어치를 순매도하고 있고 개인은 2979원어치 순매수하고 있다.
 시가총액 상위 10개 종목 가운데선 삼성전자(-1.42%)와 SK하이닉스(-2.505), 삼성바이오로직스(-0.36%), 네이버(-0.90%), LG화학(-2.31%), 현대차(-1.81%), LG생활건강(-1.48%), 삼성물산(-0.21%), 삼성SDI(-2.59%) 등 대부분이 약세다. 셀트리온(3.58%) 홀로 강세다.
 업종별로는 전기가스업(4.15%)과 철강금속(2.04%), 의약품(1,01%), 보험(0.92%) 등이 오르고 운수장비(-2.67%)와 통신업(-1.86%), 비금속광물(-1.78%), 전기전자(-1.66%) 등은 내림세다.
 같은 시각 코스닥지수는 전 거래일보다 4.27포인트(0.70%) 내린 606.99를 가리키고 있다.
 지수는 전 거래일보다 1.32포인트(0.22%) 내린 609.94로 출발해 하락세를 이어가고 있다.



 ※ 저작권자 ⓒ 파이낸셜뉴스. 무단 전재-재배포 금지",/news/news_read.nhn?article_id=0004407346&office_id=014&mode=search&query=LG생활건강&page=1
"삼성물산, 삼바 지분 40% 넘게 보유삼바 주가 폭등에 삼성SDI 밀어내고 시총 10위권 안착","[헤럴드경제=김유진 기자] 삼성바이오로직스 주가가 연일 급등세를 타면서, 삼성물산 주가까지 견인하고 있다. 시가총액 상위 10위 종목의 문턱에서 엎치락뒤치락 하던 삼성물산은 최근 10위권으로 안착하는 모습이다.지난 10일 삼성바이오로직스 주가는 전장대비 16.82% 상승한 55만9000원으로 마감했다. 13일 오전에는 57만원으로 상승 출발한 뒤 1% 안팎 하락폭을 기록하고 있다. 같은 시각 전장 상승폭이 상대적으로 작았던 SK하이닉스, NAVER, LG화학, 현대차, LG생활건강 등 종목들이 1~2% 하락폭을 기록하고 있는 것과 비교하면, 삼성바이오로직스는 전날 상승폭을 대부분 유지하는 모양새다.삼성바이오로직스의 주가 상승에 삼성물산도 덕을 봤다. 지난 10일 전장대비 5.96% 주가가 상승한 삼성물산은 13일 오전 9만5000으로 상승 출발했다. 증시 약세장에서 전장대비 0.5% 안팎으로 주가가 떨어지고 있지만, 하락폭은 시총상위 10개 종목 중 세손가락 안에 들 정도로 작다.삼성물산은 삼성전자와 더불어 삼성바이오로직스의 대주주다. 삼성물산이 보유한 삼성바이오로직스 지분은 43.4%로, 삼성전자가 보유한 지분 31.5%보다 많다. 이에 따라 삼성바이오로직스 주가 상승으로 인한 수혜는 삼성전자보다 시가총액은 더 작고 보유지분은 큰 삼성물산 쪽으로 집중됐다.삼성바이오로직스 주가 상승으로 인해 시총 구도에도 지각변동이 나타나고 있다. 삼성물산은 최근까지 10위를 놓고 경합을 벌이던 삼성SDI를 밀어냈다. 삼성바이오로직스의 흥행으로 시총 상위 10개 종목 안에 이름을 올린 삼성그룹 관련주는 삼성전자, 삼성전자 우선주, 삼성바이오로직스, 삼성물산4개가 됐다. 업계는 삼성바이오로직스 주가 상승으로 인해 삼성물산이 추가적인 수혜를 볼 것으로 점치고 있다.앞서 일부 증권사들은 지분가치 하락을 이유로 삼성물산 목표주가를 하향 조정했는데, 최근 보유지분 가치가 상승하면서 호재로 작용할 것이란 전망이다.삼성증권은 13일 주간 추천종목 10개에 삼성물산을 새로 편입했다. 신승진 삼성증권 연구원은 ""IT와 바이오 업계 대장주인 삼성전자와 삼성바이오로직스가 지분 가치 대비 저평가를 받고 있고, 최근 3개년 배당정책과 자사주 소각을 통해 주주 가치를 제고한 점을 고려했다""고 설명했다.kacew@heraldcorp.com
- Copyrights ⓒ 헤럴드경제 & heraldbiz.com, 무단 전재 및 재배포 금지 -",/news/news_read.nhn?article_id=0001661198&office_id=016&mode=search&query=LG생활건강&page=1
"中시장 소비심리 회복전망잇츠한불·토니모리 30%대 상승자동차, 엔터주도 상승 날개","[아시아경제 오주연 기자]신종 코로나바이러스감염증(코로나19) 진원지였던 중국에서 이달 들어 확진자 수가 감소세를 보이고 우한 봉쇄령이 해제되면서 중국 소비 관련주들이 급부상하고 있다. 다만 중국인들의 한국 입국과 직결된 면세점 등 업종보다는 중국 현지 내에서의 소비 증가로 수혜를 입을 수 있는 화장품, 자동차, 철강, 엔터테인먼트 등의 업종 중심으로 차별적인 상승이 이뤄지고 있다.13일 한국거래소에 따르면 지난 10일 기준 화장품업종은 전주대비 7.0% 상승했다. NH투자증권은 국내 화장품 업체들의 최대 시장인 중국에서 코로나19 확산세가 진정 국면에 진입했고, 중국시장의 소비심리가 회복될 것으로 전망돼 2분기 이후 실적 개선에 대한 긍정적 기대감으로 업종 지수가 상승했다고 분석했다. 특히 과도하게 주가가 하락한 중소형 업체들의 경우 저가매수가 유입됐다는 설명이다.화장품업종 중 이달 들어 주가가 가장 크게 오른 곳은 잇츠한불이다. 지난 1일 종가 기준 1만350원에서 이날 오전 9시30분 기준 1만4300원으로 38.2% 상승했다.토니모리는 같은 기간 8100원에서 1만700원으로 32.1% 올랐고, 한국화장품은 1만1750원에서 1만4800원으로 25.9% 상승했다. 화장품 대장주인 LG생활건강은 107만1000원에서 119만9000원으로 12.0% 뛰었다. 중국에서 코로나19 사태가 진정 국면으로 들어서면서 화장품 온라인 판매가 급증하는 등 소비가 점진적으로 회복되고 있기 때문으로 풀이된다. 특히 국내외 이동이 제한적인 상황에서 면세점 비중보다 현지 비중이 더 중요해졌다. 중국 소비가 정상화되면서 중국 소비 관련주에 대한 관심이 커지고 있지만 선별이 필요하다는 지적이다.조미진 NH투자증권 연구원은 ""중국의 소비 회복에 따라 LG생활건강은 2분기 이후 실적 개선이 기대되며, 코스맥스의 경우 중국법인의 빠른 회복과 독보적인 경쟁력이 주목된다""고 내다봤다.철강업종도 중국 경기 회복에 기대해 반등하고 있다. 이 중 포스코(POSCO)는 지난 10일 1조원 규모의 자기주식취득 신탁계약 체결을 결정했다고 공시해 주가가 급등했다. 포스코 주가는 지난 1일 15만5000원에서 이날 18만7000원으로 20.6% 올랐다. 현대제철 역시 같은 기간 1만6900원에서 2만200원으로 19.5% 상승했다.코로나19 사태가 지나고 나면 철강기업의 주가는 일정 부분 회복될 것이라는 게 증권가의 대체적인 전망이다. 그러나 현재 일시적인 수요절벽에 직면했고 이후로는 경기침체로 인한 수요부진이 올 수 있다는 사실은 간과할 수 없다는 지적이다.중국의 소비 회복에 그동안 추락했던 자동차업종도 고개를 들었다. 코로나19로 직격탄을 받았던 중국시장 내 수요 감소폭이 점차 축소되고 있는데다 향후 중국 정부의 수요 진작책도 기대돼 자동차 판매가 회복세를 보일 것이라는 관측이 제기돼서다. 현대차의 경우 이달 1일 8만5400원이었던 주가가 이날 9만8100원으로 14.9% 상승했다.올해 중국의 한한령(한류제한령) 해제 기대감에 들썩였던 엔터주도 코로나19로 동반 하락했다가 최근 다시 날개를 달았다. 에스엠은 이달 1일 2만350원에서 이날 2만5300원으로 24.3% 올랐고, 와이지엔터테인먼트는 같은 기간 2만3100원에서 2만9300원(26.8%)으로, JYP Ent.는 1만7350원에서 2만250원(16.7%)으로 각각 상승했다.박종대 하나금융투자 연구원은 ""코로나19 사태가 글로벌로 확산하고 있는 가운데 세계적으로 중국과 한국만 안정화되고 있어 차별적인 주가 모멘텀이 기대되고 있다""면서 ""그러나 코로나19에 대한 업체별 상황과 실적 영향 편차가 크기 때문에 세부적인 분석이 필요하다""고 말했다.오주연 기자 moon170@asiae.co.kr <ⓒ경제를 보는 눈, 세계를 보는 창 아시아경제 무단전재 배포금지>",/news/news_read.nhn?article_id=0004660524&office_id=277&mode=search&query=LG생활건강&page=1
,"1조7천억 투입…2만4천여 일자리 기대

(천안=연합뉴스) 이은중 기자 = 충남 천안에 2024년까지 10개 산업단지가 들어선다.

13일 시에 따르면 일자리 창출 등 지역경제 활성화를 위한 총 526만3천여㎡ 면적의 산업단지가 천안지역 곳곳에 조성된다.

 1조7천억원이 투입되며, 이를 통해 2만4천여 일자리가 창출될 전망이다.

현재 시공 중인 산업단지는 2곳이다.

LG생활건강퓨처 일반산업단지(면적 38만6천여㎡)가 오는 7월 구룡동에 부지조성 공사를 마무리 짓게 된다.

 이곳에는 화장품 제조 시설과 천연연료 재배단지, 친환경 테마파크가 조성된다.

 생명공학, 유전자 등 BT(바이오기술) 관련 업종과 전자, 영상 등 IT(정보기술) 업종을 유치할 성환읍 복모리 북부BIT산업단지(면적 88만1천여㎡)는 오는 2023년 준공을 목표로 현재 토지 보상이 진행 중이다.

나머지 8곳은 승인을 얻거나 사업자를 지정 중이다.

동면 송연리 동부바이오 일반산업단지(면적 33만4천여㎡)는 사업자 선정을 끝냈고, LH가 시행하는 직산 도시첨단산업단지(면적 33만3천여㎡)는 지난달 국토부 승인을 받았다.

제5일반산업단지(면적 47만4천여㎡)는 확장을 위해 현재 환경청과 협의 중이며, 성거일반산업단지(면적 30만2천여㎡)는 충남도 산업단지심의위원회로부터 조건부 승인을 받아 토지 보상을 진행할 예정이다.

천안테크노파크 일반산업단지(면적 91만3천여㎡)는 환경청과 환경영향평가를 협의 중으로 산업단지 승인을 눈앞에 두고 있다.

풍세면 용정리의 제6일반산업단지(면적 97만3천여㎡)와 제2일반산업단지 확장 사업(면적 31만2천여㎡), 동남면 수남리의 천안 에코벨리 일반산업단지(면적 35만여㎡)는 국토부에 산업단지 지정(계획)을 신청한 상태다.

시는 새롭게 조성될 10개 산단 관리를 통해 '기업 유치→일자리 창출→인구증가' 경제 선순환 구조를 만들어 지역경제 활성화를 꾀한다는 방침이다.

jung@yna.co.kr",/news/news_read.nhn?article_id=0011544159&office_id=001&mode=search&query=LG생활건강&page=1
"개인 '사자', 외국인·기관 '팔자'…대부분 업종 하락시총상위株 내림세 우위…셀트리온 강세","[이데일리 고준혁 기자] 코스피 지수가 1%대 하락 중이다. 외국인과 기관의 매도세가 짙어지면서 낙폭을 키우는 모습이다. 13일 마켓포인트에 따르면 이날 오후 1시 34분 코스피 지수는 전 거래일 대비 24.46포인트(1.31%) 내린 1835.69를 기록 중이다. 하락 출발했던 코스피 지수는 오전 11시께 거의 보합 수준까지 회복하는 듯 했지만, 다시 아래로 방향을 돌려 1835선까지 밀렸다. 수급을 보면 개인이 6202억원 사들이고 있다. 외국인과 기관은 각각 2723억원, 3431억원 팔아치우고 있다. 프로그램별로는 차익과 비차익을 합쳐 2898억원 매도 우위를 보이고 있다.업종별로 보면 대부분이 하락 중이다. 운송장비가 3%대 하락 중이다. 운수창고, 의료정밀, 종이·목재, 통신업, 비금속광물, 전기·전자, 증권, 유통업, 제조업, 섬유·의복은 내리고 있다. 반면 전기가스업 건설업, 보험, 철강·금속은 오르고 있다. 시가총액 상위종목은 내리는 종목이 더 많다. 대장주인 삼성전자(005930)는 1%대 내리고 있다. SK하이닉스(000660), 삼성바이오로직스(207940), LG화학(051910), 현대차(005380), LG생활건강(051900), 삼성물산(028260), 삼성SDI(006400)는 내리고 있다. 셀트리온(068270) 네이버(035420)는 오르는 중이다.고준혁 (kotaeng@edaily.co.kr)＜ⓒ종합 경제정보 미디어 이데일리 - 무단전재 & 재배포 금지＞",/news/news_read.nhn?article_id=0004618955&office_id=018&mode=search&query=LG생활건강&page=1
,"코스피가 외국인과 기관의 동반 매도에 밀려 급락 마감했다.13일 코스피는 전 거래일 대비 34.94포인트(1.88%) 내린 1825.76에 거래를 마쳤다.이날 지수는 7.40포인트(0.40%) 하락해 약보합권에서 출발했지만 장중 등락을 거듭하다 마감 30분 전부터 낙폭을 키웠다. 개인이 '사자' 기조를 이어갔지만 금융투자를 중심으로 하는 기관의 매도세에 외국인의 매도세가 더해져 지수의 급락을 부추겼다. 서상영 키움증권 연구원은 ""이번주 한국 증시는 국제유가 변동성 확대, 경제지표 부진, 기업실적 둔화라는 하락 요인과 코로나 확진자 정점 기대, 글로벌 각국 경제 재개 기대 등 상승 요인이 충돌하며 변동성이 확대되는 경향을 보일 것""이라면서 ""다만 상승 요인들은 지난주 이미 선반영이 됐다는 점을 감안 시 이번 주는 하락 요인에 더 민감한 반응을 보일 것으로 예상한다""고 내다봤다.이날 유가증권시장에서는 운송장비, 의료정밀, 종이목재, 운수창고, 증권, 비금속광물, 유통업, 전기전자, 통신업, 섬유의복, 제조업 등이 내렸다. 전기가스업, 철강금속은 소폭 상승했다.매매주체별로 외국인과 기관이 각각 2955억원, 4566억원 순매도했고 개인은 7587억원 순매수했다. 프로그램 매매는 3494억원 매도 우위로 집계됐다.시가총액 상위 종목들은 대체로 부진했다. SK하이닉스, 삼성바이오로직스, 삼성SDI, 현대모비스 등이 3%대 약세를 보였고 삼성전자, LG화학, 현대차, LG생활건강, 삼성물산 등이 1~2% 가량 떨어졌다.이날 유가증권시장에서는 180개 종목이 올랐고 694개 종목이 떨어졌다.코스닥은 전 거래일 대비 14.55포인트(2.38%) 내린 596.71에 거래를 마쳤다.[디지털뉴스국 김경택 기자] [ⓒ 매일경제 & mk.co.kr, 무단전재 및 재배포 금지]",/news/news_read.nhn?article_id=0004556223&office_id=009&mode=search&query=LG생활건강&page=1
,"손희연 기자 son90@mt.co.kr
<저작권자 ⓒ '성공을 꿈꾸는 사람들의 경제 뉴스' 머니S, 무단전재 및 재배포 금지>",/news/news_read.nhn?article_id=0000530621&office_id=417&mode=search&query=LG생활건강&page=1
,"[서울=뉴시스] 류병화 기자 = 코스피가 기관과 외국인의 매도세에 1.8% 하락했다. 지수는 1820선으로 내렸다. 13일 코스피지수는 전 거래일(1860.70)보다 34.94포인트(1.88%) 내린 1825.76에 마감했다. 지수는 전일 대비 0.40% 내린 1853.30으로 시작해 꾸준히 하락하며 장을 닫았다.유가증권시장에서 기관과 외국인은 각각 4577억원, 2955억원을 순매도한 반면 개인은 7600억원을 사들였다.업종별로는 전기가스업(2.33%), 철강금속(0.18%)을 제외하고 모두 내렸다. 운수장비(-3.63%), 의료정밀(-3.37%), 종이목재(-3%), 운수창고(-2.62%), 증권(-2.59%), 비금속광물(-2.57%), 유통업(-2.42%), 전기전자(-2.27%), 통신업(-2.15%), 섬유의복(-2.03%), 제조업(-2.03%) 등이 크게 하락했다.시가총액 상위 종목들은 셀트리온(2.86%)을 제외하고 모두 하락했다. 대장주 삼성전자는 전 거래일 대비 950원(1.93%) 하락한 4만8300원에 거래를 마쳤다.SK하이닉스(-3.21%), 삼성바이오로직스(-3.58%), 네이버(-0.30%), LG화학(-2.78%), 현대차(-1.91%), LG생활건강(-1.48%), 삼성물산(-2.12%) 등이 내렸다.노동길 NH투자증권 연구원은 ""뚜렷한 스타일을 보이지 않은 가운데 개별 종목의 이슈에 따라 등락을 거듭하고 있다""며 ""지수는 주요 긍정적 재료를 소진한 상황에서 밸류에이션 부담에 따라 상승 속도 둔화를 겪을 수 있다""고 전했다.코스닥지수는 전 거래일(611.26)보다 14.55포인트(2.38%) 내린 596.71에 마감했다. 지수는 0.22% 내린 609.84에 시작해 장중 낙폭을 점차 늘리며 장 마감했다.코스닥시장에서 개인은 홀로 2144억원어치를 사들였다. 반면 기관과 외국인은 각각 1106억원, 938억원어치를 순매도했다.코스닥 시총 상위 10개 종목은 셀트리온헬스케어(2.26%), 셀트리온제약(14.48%) 등을 제외하고 모두 내렸다. 에이치엘비(-0.51%), 펄어비스(-5.26%), CJ ENM(-4.92%), 케이엠더블유(-4.26%), 씨젠(-4.53%), 스튜디오드래곤(-2.58%), 헬릭스미스(-0.78%), SK머티리얼즈(-4.53%) 등이 하락했다. hwahwa@newsis.com<ⓒ 공감언론 뉴시스통신사. 무단전재-재배포 금지>",/news/news_read.nhn?article_id=0009813482&office_id=003&mode=search&query=LG생활건강&page=1
"코스피 1.88% 내린 1825.76, 코스닥 2.38% 내린 596.71달러/원 환율 9.1원 오른 1217.9원","(서울=뉴스1) 박응진 기자 = 13일 코스피는 2% 가까이 떨어지며 1820선으로 밀렸다. 코스닥은 2%대 하락률을 나타내며 600선을 내줬다. 달러/원 환율은 9.1원 뛰었다. 전 세계적으로 신종 코로나바이러스 감염증(코로나19) 사태가 진정되지 않으면서 시간외 뉴욕 증시 지수 선물이 1% 넘게 하락한 게 주된 요인이었다.
 이날 코스피는 전 거래일(10일)과 비교해 34.94포인트(1.88%) 내린 1825.76로 마감했다. 기관과 외국인이 각각 4577억원, 2955억원 순매도했고, 개인이 홀로 7599억원 순매수했다. 외국인은 28거래일 연속 순매도했다. 기관은 4거래일 연속 순매도, 개인은 5거래일 연속 순매수를 이었다.코스피 시가총액 상위 10개 종목 중 셀트리온(2.86%)만 상승했다. 나머지 종목들의 하락률은 삼성바이오로직스(-3.58%), SK하이닉스(-3.21%), LG화학(-2.78%), 삼성물산(-2.12%), 삼성전자(-1.93%), 현대차(-1.91%), LG생활건강(-1.48%), 삼성전자우(-0.95%), NAVER(-0.30%) 순으로 컸다.업종별로 보면 전기가스업(2.33%), 철강금속(0.18%) 등이 올랐고, 운수장비(-3.63%), 의료정밀(-3.37%), 종이목재(-3.00%), 운수창고(-2.62%) 등은 떨어졌다. 코스닥은 전 거래일 대비 14.55포인트(2.38%) 내린 596.71로 마감했다. 종가 기준 코스닥이 600선을 내준 것은 지난 6일(597.21) 이후 5거래일 만이다. 기관과 외국인이 각각 1106억원, 938억원 순매도했고, 개인이 홀로 2144억원 순매수했다. 코스닥 시가총액 상위 10개 종목 중 셀트리온제약(14.48%), 셀트리온헬스케어(2.26%)만 상승했다. 하락률은 펄어비스(-5.26%), CJ ENM(-4.92%), SK머티리얼즈(-4.53%), 씨젠(-4.53%), 케이엠더블유(-4.26%), 스튜디오드래곤(-2.58%), 헬릭스미스(-0.78%), 에이치엘비(-0.51%) 순으로 컸다. 업종별로는 유통(0.24%) 등이 올랐고, 반도체(-5.03%), IT H/W(-4.44%), IT 부품(-4.02%), 통신장비(-3.82%) 등이 내렸다.서울외환시장에서 달러/원 환율은 9.1원 오른 1217.9원으로 거래를 마쳤다. 이경민 대신증권 투자전략팀장은 ""코로나19 진정에 대한 기대가 있었는데, 지난 주말을 지나면서 미국 등지에서 아직 코로나19가 잡히지 않았고, 중국도 확진자 수가 증가세가 되는 등 코로나19에 대한 불안감이 반영됐다""고 분석했다.pej86@news1.kr© 뉴스1코리아(), 무단 전재 및 재배포 금지",/news/news_read.nhn?article_id=0004583697&office_id=421&mode=search&query=LG생활건강&page=1
,"외국인 '팔자' 행진 28일째 계속(서울=연합뉴스) 황재하 기자 = 13일 코스피가 하락 마감했다.

이날 코스피는 전 거래일보다 34.94포인트(1.88%) 내린 1,825.76으로 거래를 마쳤다.

지수는 전장보다 7.40포인트(0.40%) 내린 1,853.30에서 출발해 차츰 하락 폭을 키웠다.

유가증권시장에서는 기관이 4천577억원, 외국인이 2천954억원을 순매도했다. 개인은 7천599억원을 순매수했다.

이로써 외국인은 지난달 5일부터 28거래일 연속 코스피 '팔자' 행진을 이어갔다. 이 기간 외국인의 순매도액은 총 14조1천672억원에 달했다.

이경민 대신증권 연구원은 ""신종 코로나바이러스 감염증(코로나19) 여파로 4월 초 수출이 감소한 것으로 나타나 증시에 부정적인 요인으로 작용했다""며 ""경기 둔화 우려 속에 1분기 기업 실적발표 시즌과 미국 경제지표 발표를 앞둔 점도 투자심리에 부정적""이라고 설명했다.

관세청에 따르면 이달 1∼10일 수출액은 122억달러로 작년 동기보다 18.6%(28억달러) 감소한 것으로 나타났다.

시가총액 상위 종목은 삼성SDI(-3.59%), 삼성바이오로직스(-3.58%), SK하이닉스(-3.21%), LG화학(-2.78%), 삼성물산(-2.12%), 삼성전자(-1.93%), 현대차(-1.91%), LG생활건강(-1.48%), 네이버(-0.30%) 등 대부분 내렸다.

상위 10개 종목 가운데는 셀트리온(2.86%)만 상승했다.

업종별로는 운수·장비(-3.63%), 의료정밀(-3.37%), 종이·목재(-3.00%), 운수·창고(-2.62%), 증권(-2.59%), 비금속광물(-2.57%) 등 대부분이 약세였다.

강세를 보인 업종은 전기·가스업(2.33%), 철강·금속(0.18%)뿐이었다.

주가가 내린 종목은 694개에 달했고 오른 종목은 188개에 그쳤다. 보합은 23개 종목이었다.

프로그램 매매는 차익거래와 비차익거래 모두 매도 우위로, 전체적으로는 3천493억원의 순매도로 집계됐다.

유가증권시장의 거래량은 9억9천959만주, 거래대금은 9조4천76억원이었다.

코스닥지수는 전장보다 14.55포인트(2.38%) 내린 596.71로 마감했다.

지수는 전장보다 1.32포인트(0.22%) 내린 609.94로 개장해 장 후반 낙폭을 키웠다.

코스닥시장에서는 기관이 1천106억원, 외국인이 937억원을 순매도했다. 개인은 2천143억원을 순매수했다.

시총 상위 종목 중에는 펄어비스(-5.26%), CJ ENM(-4.92%), 씨젠(-4.53%), SK머티리얼즈(-4.53%), 케이엠더블유(-4.26%), 스튜디오드래곤(-2.58%), 헬릭스미스(-0.78%), 에이치엘비(-0.51%) 등이 내렸다.

셀트리온제약(14.48%)은 급등했고, 셀트리온헬스케어(2.26%)도 상승했다.

코스닥시장의 거래량은 19억4천359만주, 거래대금은 9조8천766억원 수준이었다.

서울 외환시장에서 원/달러 환율은 전 거래일보다 9.1원 오른 1,217.9원에 마감했다.

jaeh@yna.co.kr",/news/news_read.nhn?article_id=0011545187&office_id=001&mode=search&query=LG생활건강&page=1
"외국인·기관 동반 '매도'…의료정밀, 종이·목재↓시가총액 상위주 ‘내림세’…코오롱 관련주 강세","[이데일리 고준혁 기자] 13일 코스피 지수가 하락 마감했다. 주요국 정부가 신종 코로나 바이러스 감염증(코로나19) 사태 대응책으로 각종 경기부양책을 쏟아내 금융시장은 점차 안정되고 있지만, 실물 경제 위축에 따른 불안감이 여전하기 때문으로 풀이된다. 이날 코스피는 장중 외국인과 기관의 매수세가 짙어지면서 장 마감을 앞두고 하락폭을 키웠다. 마켓포인트에 따르면 코스피 지수는 전일 대비 34.94포인트(1.88%) 오른 1825.76에 마감했다. 이날 코스피는 초반엔 1%대 미만 하락으로 출발했으나 오후 12시 30분쯤을 기점으로 점차 하락 폭을 키워 2%대 가까이 내린 채 마감했다. 이는 코로나19 경기부양책으로 시장에서 패닉셀은 사라졌으나 실물경제 침체는 오랜 기간 해소되지 않을 거란 우려는 되레 부각되고 있기 때문으로 분석된다. 한국경제연구원은 이날 ‘주요 경제위기와 현재 위기의 차이점과 향후 전망 보고서’에서 “코로나19가 종식한 뒤에도 경제가 충격에서 회복되는 데에는 글로벌 금융위기보다 오랜 시간이 걸릴 수 있다”고 전망했다.수급주체별로 보면 개인이 7600억원 순매수했다. 외국인과 기관은 각각 2954억원, 4577억원 순매도했다. 프로그램별로 보면 차익과 비차익을 합쳐 3493억원 매도 우위를 보였다. 대부분의 업종이 하락 마감했다. 운송장비가 3.6%로 가장 많이 내렸다. 이어 의료정밀, 종이·목재, 운수창고, 증권, 비금속광물, 유통업, 전기·전자 등이 내렸다. 반면 전기가스업은 2.3% 올랐다. 철강·금속은 0.2% 올라 강보합권에 머물렀다. 시가총액 상위 10개 종목은 내림세를 보였다. 대장주인 삼성전자(005930)가 1.9% 내렸다. SK하이닉스(000660)와 삼성바이로직스, 네이버(035420), LG화학(051910), 현대차(005380), LG생활건강(051900), 삼성물산(028260), 삼성SDI(006400)는 하락 마감했다. 셀트리온(068270)은 2.9% 올라 강세를 보였다. 개별 종목별로는 코오롱그룹 관련주들이 강세를 보였다. 미국 현지법인인 코오롱티슈진은 이날 코오롱생명과학(102940)이 개발중인 유전자 치료제 인보사에 대해 미국식품의약국(FDA)이 임상3상 재개결정을 내렸다고 공시했다. 앞서 국내 식품의약품안전처는 인보사에 대한 품목허가를 취소한 바 있다. 이 때문에 이날 코오롱(002020)과 코오롱우(002025), 코오롱머티리얼(144620), 코오롱글로벌(003070), 코오롱글로벌우(003075), 코오롱인더우(120115), 코오롱플라스틱(138490)이 상한가를 맞고 코오롱인더(120110)는 16.3% 크게 올랐다. 이밖에 신송홀딩스(006880), 효성ITX(094280), YG PLUS(037270), 신세계건설(034300), 필룩스(033180), 동부제철(016380), 윌비스(008600), LS(006260)네트원스도 10% 이상 큰 폭으로 상승했다. 이날 거래량은 10억559백만4000주, 거래대금은 9조4229만9400만원으로 집계됐다. 상한가를 기록한 8개 종목을 포함해 총 180개 상장사가 상승했고 하한가 없이 총 694개 종목이 내렸다. 23개 종목은 보합권으로 마감했다.고준혁 (kotaeng@edaily.co.kr)＜ⓒ종합 경제정보 미디어 이데일리 - 무단전재 & 재배포 금지＞",/news/news_read.nhn?article_id=0004619107&office_id=018&mode=search&query=LG생활건강&page=1
,"오늘(13일) 코스피가 하락 마감했습니다.이날 코스피는 전 거래일보다 34.94포인트(1.88%) 내린 1,825.76으로 거래를 마쳤습니다.지수는 전장보다 7.40포인트(0.40%) 내린 1,853.30에서 출발해 차츰 하락 폭을 키웠습니다.유가증권시장에서는 기관이 4천577억원, 외국인이 2천954억원을 순매도했습니다. 개인은 7천599억원을 순매수했습니다.이로써 외국인은 지난달 5일부터 28거래일 연속 코스피 '팔자' 행진을 이어갔습니다. 이 기간 외국인의 순매도액은 총 14조1천672억원에 달했습니다.이경민 대신증권 연구원은 ""신종 코로나바이러스 감염증(코로나19) 여파로 4월 초 수출이 감소한 것으로 나타나 증시에 부정적인 요인으로 작용했다""며 ""경기 둔화 우려 속에 1분기 기업 실적발표 시즌과 미국 경제지표 발표를 앞둔 점도 투자심리에 부정적""이라고 설명했습니다.관세청에 따르면 이달 1∼10일 수출액은 122억달러로 작년 동기보다 18.6%(28억달러) 감소한 것으로 나타났습니다.시가총액 상위 종목은 삼성SDI(-3.59%), 삼성바이오로직스(-3.58%), SK하이닉스(-3.21%), LG화학(-2.78%), 삼성물산(-2.12%), 삼성전자(-1.93%), 현대차(-1.91%), LG생활건강(-1.48%), 네이버(-0.30%) 등 대부분 내렸습니다.상위 10개 종목 가운데는 셀트리온(2.86%)만 상승했습니다.업종별로는 운수·장비(-3.63%), 의료정밀(-3.37%), 종이·목재(-3.00%), 운수·창고(-2.62%), 증권(-2.59%), 비금속광물(-2.57%) 등 대부분이 약세였습니다.강세를 보인 업종은 전기·가스업(2.33%), 철강·금속(0.18%)뿐이었습니다.주가가 내린 종목은 694개에 달했고 오른 종목은 188개에 그쳤다. 보합은 23개 종목이었습니다.프로그램 매매는 차익거래와 비차익거래 모두 매도 우위로, 전체적으로는 3천493억원의 순매도로 집계됐습니다.유가증권시장의 거래량은 9억9천959만주, 거래대금은 9조4천76억원이었습니다.코스닥지수는 전장보다 14.55포인트(2.38%) 내린 596.71로 마감했습니다.지수는 전장보다 1.32포인트(0.22%) 내린 609.94로 개장해 장 후반 낙폭을 키웠습니다.코스닥시장에서는 기관이 1천106억원, 외국인이 937억원을 순매도했습니다. 개인은 2천143억원을 순매수했습니다.시총 상위 종목 중에는 펄어비스(-5.26%), CJ ENM(-4.92%), 씨젠(-4.53%), SK머티리얼즈(-4.53%), 케이엠더블유(-4.26%), 스튜디오드래곤(-2.58%), 헬릭스미스(-0.78%), 에이치엘비(-0.51%) 등이 내렸습니다.셀트리온제약(14.48%)은 급등했고, 셀트리온헬스케어(2.26%)도 상승했습니다.코스닥시장의 거래량은 19억4천359만주, 거래대금은 9조8천766억원 수준이었습니다.서울 외환시장에서 원/달러 환율은 전 거래일보다 9.1원 오른 1,217.9원에 마감했습니다.[MBN 온라인뉴스팀]< Copyright ⓒ MBN(www.mbn.co.kr) 무단전재 및 재배포 금지 >",/news/news_read.nhn?article_id=0001443420&office_id=057&mode=search&query=LG생활건강&page=1
▶ '아는 척'하고 싶은 당신을 위한 [두유노우]▶ 한눈에 보는 [4·15총선 NEWS MAP],"[파이낸셜뉴스] 코스피가 기관과 외국인의 순매도로 하락 마감했다.
 13일 코스피는 전 거래일보다 34.94포인트(1.88%) 내린 1825.76에 거래를 마쳤다. 지수는 전 거래일보다 7.40포인트(0.40%) 하락한 1853.30에 출발해 우하향 곡선을 그렸다.
 유가증권시장에서 기관과 외국인은 각각 4578억원, 2923억원 순매도했다. 개인은 7601억원 순매수했다.
 시가총액 상위 10개 종목 가운데 셀트리온(2.86%)만 올랐고 나머지는 모두 하락했다. 삼성전자(-1.93%)와 SK하이닉스(-3.21%), 삼성바이오로직스(-3.58%), 네이버(-0.30), LG화학(-2.78%), 현대차(-1.91%), LG생활건강(-1.48%), 삼성물산(-2.12%), 삼성SDI(-3.59%) 등은 내렸다.
 업종별로는 운송장비(-3.63%), 의료정밀(-3.37%), 종이목재(-3%), 운수창고(-2.62%), 증권(-2.59%), 비금속광물(-2.57%) 등 대부분 하락했고 전기가스업(2.33%)과 철강금속(0.18%)만 올랐다.
 코스닥지수는 전 거래일보다 14.55포인트(2.38%) 내린 596.71로 마감했다. 이날 지수는 1.32포인트(0.22%) 내린 609.94로 출발해 최저점으로 장을 마쳤다.
 코스닥시장에서도 기관과 외국인이 각각 1108억원, 938억원 순매도했고 개인은 2146억원 순매수했다.



 ※ 저작권자 ⓒ 파이낸셜뉴스. 무단 전재-재배포 금지",/news/news_read.nhn?article_id=0004407712&office_id=014&mode=search&query=LG생활건강&page=1
코스피 약세…1.88% 내린 1825.76 마감,"[더팩트ㅣ박경현 기자] 코스피지수가 OPEC+(OPEC과 10개 주요 산유국의 연대체)의 원유감산 합의에도 외인과 기관의 매도세에 상승세를 타지 못했다.13일 코스피는 전장 대비 34.94포인트(-1.88%)내린 1825.76에 장을 마쳤다. 코스피시장은 이날 개인 홀로 7601억 원을 사들인 반면 외국인과 기관은 각각 2923억 원, 4578억 원을 팔아치웠다.시가총액 상위 10개 종목은 대부분 하락했다. 삼성전자는 이날 1.93% 내려 4만8300원에 장을 마쳤다. 뒤를 이어 SK하이닉스(-3.21%), 삼성바이오로직스(-3.58%), 삼성전자우(-0.95%), NAVER(-0.30%), LG화학(-2.78%), 현대차(-1.91%), LG생활건강(-1.48%), 삼성물산(-2.12%)이 내렸고 셀트리온(+2.86%)은 오름세로 마감했다.이날 업종은 가스유틸리티, 창업투자, 전기유틸리티, 복합유틸리티, 철강이 1~3%가량 올랐다. 반면 우주항공과 국방, 생명과학도구 및 서비스, 통신장비, 디스플레이장비 및 부품, 항공화물운송과 물류가 4~5%가량 내렸다.코스닥 시장은 장 후반부로 갈수록 낙폭이 커졌다. 코스닥은 전일대비 14.55포인트(-2.38%)내린 596.71에 장을 마쳤다.코스닥에서도 개인이 매수포지션을 유지한 가운데 개인은 2146억 원을 사들인 반면 외국인과 기관은 각각 938억 원, 1108억 원을 순매도했다.이날 코스닥 시가총액별 상위종목 주가 역시 대부분 내렸다. 셀트리온 관련주인 셀트리온헬스케어(+2.26%), 셀트리온제약(+14.48%)만이 오른 가운데 에이치엘비(-0.51%), CJ ENM(-4.92%), 케이엠더블유(-4.26%), 씨젠(-4.53%), 스튜디오드래곤(-2.58%), 헬릭스미스(-0.78%), SK머티리얼즈(-4.53%)는 내리며 장을 마쳤다.pkh@tf.co.kr저작권자 ⓒ 특종에 강한 더팩트 & tf.co.kr 무단 전재 및 재배포 금지",/news/news_read.nhn?article_id=0000022677&office_id=629&mode=search&query=LG생활건강&page=1
,"코스피 지수가 2%가까이 하락하며 장을 마감했다.13일 코스피 지수는 전장대비 34.94포인트(1.88%) 하락한 1825.76에 거래를 마쳤다. 개인이 홀로 7598억원을 순매수한 가운데 외국인과 기관이 각각 2954억원, 4575억원을 동반 순매도했다.업종별 지수는 일부 업종을 제외한 대부분 업종이 하락했다. 음식료품(-0.09%)를 비롯해 섬유·의복(-2.03%), 종이·목재(-3%), 화학(-1.99%), 의약품(-0.98%), 비금속광물(-2.57%), 기계(-1.65%), 전기·전자(-2.27%), 의료정밀(-3.37%), 운송장비(-3.63%) 등 줄줄이 약세로 마감했다.시총 상위종목별로도 셀트리온(2.86%)을 제외한 대부분 종목들이 하락했다. 삼성전자(-1.93%)를 비롯해 sk하이닉스(-3.21%), 삼성바이오로직스(-3.58%), 네이버(-0.30%), LG화학(-2.78%), 현대차(-1.91%), LG생활건강(-1.48%) 등이 하락세로 거래를 마쳤다.코스닥 지수는 전장대비 14.55포인트(2.38%) 하락한 596.71에 거래를 마쳤다.데일리안 이미경 기자 (esit917@dailian.co.kr)ⓒ (주)데일리안 - 무단전재, 변형, 무단배포 금지",/news/news_read.nhn?article_id=0002395776&office_id=119&mode=search&query=LG생활건강&page=1
코스피 1.88%↓ 코스닥 2.38%↓외국인 28거래일째 순매도업종별 희비 갈려,"[한국경제TV 박해린 기자]외국인이 국내 증시에서 28거래일째 순매도세를 이어가면서 국내 증시가 고전을 면치 못하고 있다. 미국과 유럽의 사망자 수가 추가로 늘어난 가운데 1분기 실적발표를 앞두고 해외 주가지수 선물이 약세를 벗어나지 못한 영향을 받았다.13일 코스피는 전 거래일과 비교해 34.94포인트(1.88%) 내린 1,825.76에 거래를 마쳤다.이날 유가증권시장에서 외국인과 기관은 각각 2,954억원, 4,565억원어치 주식을 팔아치웠다.개인은 홀로 7,586억원 매수했지만 지수 하락을 방어하기엔 역부족이었다.코스피 시가총액 상위 종목도 대부분 하락 마감했다.시총 상위 10개 종목 중 셀트리온만 2.86% 상승했고, 삼성전자(-1.93%)와 SK하이닉스(-3.21%), 삼성바이오로직스(-3.58%), NAVER(-0.30%), LG화학(-2.78%), 현대차(-1.91%), LG생활건강(-1.48%), 삼성물산(-2.12%), 삼성SDI(-3.59%)는 내렸다.코스닥시장은 개별 이슈에 따라 희비가 크게 갈렸다.이날 코스닥지수는 전 거래일보다 14.55포인트(2.38%) 내린 596.71에 장을 마쳤다.유가증권시장과 마찬가지로 개인이 2,144억원어치 주식을 사들이며 지수 하락을 방어했지만, 외국인(938억원)과 기관(1,106억원)의 매도공세를 막아내기엔 역부족이었다.종목별로는 코스닥 대장주인 셀트리온헬스케어와 셀트리온제약의 상승세가 두드러졌다.셀트리온이 이날 코로나19 항체치료제의 최종 후보군을 확보했다고 밝힌면서 치료제 개발 기대감이 높아진 데 따른 것이다.13일 셀트리온 헬스케어는 2.26% 올랐고, 셀트리온제약은 14.48% 상승 마감했다.골관절염 유전자치료제 '인보사케이주(인보사)'의 미국 내 임상시험이 재개된다는 소식에 코오롱생명과학의 주가도 폭등했다.코오롱생명과학은 이날 가격 제한폭(29.95%)까지 오른 26,900원에 거래를 마쳤다.반면, 에이치엘비(-0.51%), 펄어비스(-5.26%), CJ ENM(-4.92%), 케이엠더블유(-4.26%), 씨젠(-4.53%) 등은 하락했다.노동길 NH투자증권 연구원은 ""지수는 주요 긍정적 재료를 소진한 상황에 밸류에이션 부담을 느끼고 있다""며 ""국내 증시는 인덱스보다 종목별 이슈에 접근하는 양상을 보이고 있다""고 분석했다.원/달러 환율은 소폭 상승했다. 이날 서울 외환시장에서 원/달러 환율은 전 거래일보다 9.1원 오른 달러당 1,217.9원에 마감했다.박해린기자 hlpark@wowtv.co.krⓒ 한국경제TV, 무단 전재 및 재배포 금지",/news/news_read.nhn?article_id=0000863873&office_id=215&mode=search&query=LG생활건강&page=1
"기관, 삼성전자 1410억 원·하이닉스 828억 원 '팔자'","[더팩트ㅣ박경현 기자] 13일 코스피는 외인과 기관 매도가 장 후반으로 갈수록 커지며 하락세를 보였다. 이날 개인 홀로 7601억 원을 사들인 반면 외국인과 기관은 각각 2923억 원, 4578억 원을 팔아치웠다.외국인투자자는 이날 삼성바이오로직스에 627억 원을 순매도했다. 또한 SK하이닉스에 332억 원, KB금융 171억 원, 삼성전자 170억 원 순으로 팔아치웠다.반면 현대차는 161억 원, 셀트리온 128억 원, NAVER 85억 원, 남선알미늄 68억 원을 순매수했다.코스닥시장에서는 셀트리온제약(69억 원), 코미팜(51억 원), 바이오니아(30억 원)을 사들인 반면 에이치엘비(76억 원), 셀트리온헬스케어(68억 원), 스튜디오드래곤(60억 원), 헬릭스미스(47억 원)을 팔아치웠다.이날 기관은 삼성전자에 1410억 원을 순매도 했다. 이어 SK하이닉스도 1001억 원을 팔아치우며 매도세를 높였다. 뒤를 이어 코오롱인더는 259억 원을 매도했다.반면 삼성바이오로직스에 72억 원, 현대건설에 68억 원을 순매수했다.이에 시가총액 상위 10개 종목이 대부분 하락했다. 특히 삼성전자와 SK하이닉스를 포함한 반도체 및 장비, 부품주가 동반 약세를 보였다.삼성전자는 이날 1.93% 내려 4만8300원에 장을 마쳤다. 뒤를 이어 SK하이닉스(-3.21%), 삼성바이오로직스(-3.58%), 삼성전자우(-0.95%), NAVER(-0.30%), LG화학(-2.78%), 현대차(-1.91%), LG생활건강(-1.48%), 삼성물산(-2.12%)이 내렸고 셀트리온(+2.86%)은 상승하며 마감했다.pkh@tf.co.kr저작권자 ⓒ 특종에 강한 더팩트 & tf.co.kr 무단 전재 및 재배포 금지",/news/news_read.nhn?article_id=0000022688&office_id=629&mode=search&query=LG생활건강&page=1
반등장 승자는 낙폭과대주60% 이상 하락했던 한화생명SK이노 등 60~80% 반등낙폭 적었던 넷마블·SK텔 등은한자릿수 상승하는데 그쳐,"개인투자자는 올 들어 삼성전자를 8조원어치 넘게 순매수했다. 올초 주당 6만2400원까지 올랐던 만큼 4만~5만원대에서 사면 손쉽게 수익을 낼 수 있으리라 판단했다. 하지만 삼성전자는 ‘개미들’의 기대만큼 반등하지 못하고 있다. 그사이 한화생명, SK이노베이션 등 종목은 60~80%씩 반등했다. ‘골이 깊은 만큼 산이 높다’는 말이 이번 반등장에서 되풀이된 셈이다. 하지만 전문가들은 낙폭 과대주의 반등이 마무리된 뒤에는 다시 삼성전자 등 실적 개선주에 매수세가 몰릴 것으로 보고 있다. ‘삼성전자의 배신’을 말하기엔 이르다는 얘기다.국내 증시 반등은 지난달 19일 코스피지수가 1457.64로 바닥을 찍은 뒤 시작됐다. 이후 코스피지수는 저점 대비 25.3% 올랐다. 하지만 모든 종목이 크게 반등하진 못했다. 동학개미라 불리는 개인투자자가 많이 산 종목들이 특히 부진했다. 삼성전자는 이 기간 12.5% 반등하는 데 그쳤다. 개인들이 올 들어 1조원어치 순매수한 SK하이닉스도 18.0%로 기대에 못 미쳤다. 이 외에 한온시스템(-3.4%) 넷마블(4.7%) LG생활건강(9.1%) SK텔레콤(9.8%) 이마트(9.9%) 네이버(15.3%) 카카오(17.5%) 등도 반등이 시원치 않았다.반면 한화생명은 지난달 19일 후 반등장에서 87.6% 올라 코스피100지수에 편입된 대형주 가운데 가장 높은 상승률을 기록했다. SK이노베이션(68.1%) SK(63.6%) 두산밥캣(62.0%) 한국가스공사(61.5%) 삼성엔지니어링(61.2%) 등도 큰 폭으로 올랐다.전문가들은 ‘시장의 비관’이 줄면서 그동안 많이 떨어졌던 종목을 중심으로 강한 반등이 나오고 있다고 분석했다. 이진우 메리츠증권 연구원은 “미국 중앙은행(Fed)이 부실채권까지 사들이겠다고 하는 등 세계 각국이 기업 연쇄 도산을 막겠다는 의지를 보이면서 낙폭 과대주에 저가 매수세가 유입됐다”고 설명했다.최근 많이 오른 종목을 보면 대부분 그동안 최대 60% 이상 떨어진 종목들이다. 한화생명은 올 들어 지난달 19일까지 60.3% 하락했다. SK이노베이션(-61.8%) SK(-59.2%) 두산밥캣(-60.1%) 삼성엔지니어링(-63.2%) 등도 투자자 사이에서 ‘회사가 망하는 것이냐’는 말이 나올 정도로 떨어졌다.반면 한온시스템(-18.4%) 넷마블(-1.8%) LG생활건강(-13.0%) 오리온(-3.8%) 삼성전자(-23.0%) 네이버(-22.8%) 등은 상대적으로 낙폭이 크지 않아 반등폭도 작다는 설명이다. 한 운용사 펀드매니저는 “삼성전자는 코로나19 이전 외국인이 많이 들고 있던 종목”이라며 “외국인이 반등장에서도 계속 팔아 오르기 쉽지 않았다”고 말했다.낙폭 과대주가 올라 ‘키 맞추기’가 끝난 뒤에는 다시 재무가 튼튼하고 실적이 개선될 종목 중심의 장세가 펼쳐질 것이란 전망이 많다. 윤지호 이베스트투자증권 리서치센터장은 “코로나19에 따른 실물경제 충격이 본격화되고 있어 코스피지수가 지금까지처럼 빠르게 오르긴 힘들다”며 “이제는 숲이 아니라 나무를 봐야 할 시기”라고 말했다. 길게 보고 투자할 종목을 찾아야 한다는 얘기다.전문가들 사이에서도 삼성전자는 첫손에 꼽힌다. 이재만 하나금융투자 연구원은 “삼성전자 분기 이익이 적자가 아니라면 지금 주가 수준은 과도하다”며 “외국인 매도세가 진정되고 나면 반등폭이 클 수 있다”고 말했다. 금융정보업체 에프앤가이드에 따르면 삼성전자의 올해 영업이익 전망치는 34조4612억원으로 작년보다 24.1% 늘어날 것으로 예상된다.SK하이닉스(147.5%) 삼성SDI(59.6%) 네이버(36.3%) 등도 올해 이익 증가폭이 클 것으로 전망된다.유승민 삼성증권 투자전략팀장은 “투자자들의 위험 회피 성향이 누그러지면서 코로나19 취약 업종의 반등이 강하게 나타났지만 아직 사태가 끝난 게 아닌 만큼 다시 충격받을 가능성이 있다”며 “코로나19 영향이 덜한 종목인 삼성전자와 삼성바이오로직스, 현금 흐름이 탄탄한 KT&G와 고려아연, 비대면 확대에 혜택을 받을 수 있는 네이버와 엔씨소프트 등이 유망해 보인다”고 말했다.임근호 기자 eigen@hankyung.com▶ ▶
 ▶
ⓒ 한국경제 & , 무단전재 및 재배포 금지",/news/news_read.nhn?article_id=0004323611&office_id=015&mode=search&query=LG생활건강&page=1
어드밴스드 아쿠아 펌 함유워터-풀 인텐스 인리치드 앰풀·아이 세럼,"[서울=뉴시스] 김정환 기자 = ""피부의 차원이 달라집니다.""LG생활건강(대표 차석용)의 자연·발효 뷰티 브랜드 '숨37°'가 강력한 수분과 풍부한 영양을 전하는 '워터-풀 인텐스' 라인의 인리치드 앰풀, 아이 세럼 등을 출시한다고 13일 밝혔다.
워터-풀 인텐스는 귀한 배꽃을 띄워 빚어낸 '이화곡' 발효 성분을 바탕으로 한층 업그레이드한 '어드밴스드 아쿠아 펌™'을 함유한다. 피부 수분 보유력을 높이고, 피부 깊은 곳까지 수분이 잘 도달하도록 길과 맥을 케어하는 것이 특징이다. 메마르고 푸석한 피부를 곱고, 윤기 나며 촉촉하게 만든다. '4주 집중 프로그램'인 '워터-풀 인텐스 인리치드 앰풀'은 메마르고 푸석해져 지쳐 보이는 피부를 수분, 영양, 탄력 등 트리플 이펙트를 통해 빛나는 피부로 가꿔주는 수분 앰풀이다. 물이 터지는 듯 풍부한 수분감은 물론 영양감 넘치는 제형이 피부에 탄탄함을 채우고, 생기 넘치는 톤으로 가꾼다. 일주일에 한 병씩 4주 완성 프로그램이다. 하루 사용량을 확인할 수 있는 눈금 창이 마련돼 편리하다.얼굴 피부 중 가장 얇고 연약한 눈가 피부는 자외선이 강해지는 봄, 여름철 약해지기 쉽다. '워터-풀 인텐스 아이 세럼'은 강화한 보습 영양 성분을 함유해 건조하고 지친 눈가 피부를 탱탱하고 매끈하게 가꾼다. 특히 스페셜 애플리케이터를 적용해 눈가에 닿는 즉시 쿨링 효과를 낸다. 워터-풀 인텐스 인리치드 앰풀 개당 15㎖, 4개입 18만원대 워터-풀 인텐스 아이 세럼 개당 15㎖, 1개입 49만5000원대. ace@newsis.com<ⓒ 공감언론 뉴시스통신사. 무단전재-재배포 금지>",/news/news_read.nhn?article_id=0009813844&office_id=003&mode=search&query=LG생활건강&page=1
뉴스카페,"“일을 제일 많이 하는 직원이 누구냐고요? 알(R) 파트장을 따라갈 사람이 있을까요.”지난 2월부터 LG생활건강에서 업무를 시작한 알 파트장은 부서 내 누구보다 바쁜 직원이다. 데이터 입력과 조회는 물론 엑셀 작업도 도맡아 처리한다. 동료 직원이 요청한 자료를 찾아내 이메일로 보내는 것도 알 파트장 업무다.알 파트장은 사람이 아니라 로봇이다. 실체가 없는 소프트웨어지만 정식으로 인사 등록까지 마친 상태다. LG생활건강 사내 전산망에서 인명 검색을 누르면 알 파트장 이름을 찾을 수 있다. LG생활건강에서 활약 중인 알 파트장은 모두 여덟 대다. 영업, 회계, 마케팅 등을 담당하는 부서에 나눠 배치돼 있다. 알 파트장이 수행하는 업무는 249개이며 업무 성공률은 95%에 이른다.LG그룹은 알 파트장과 같은 RPA (robotic process automation) 소프트웨어를 적극 활용하고 있다. 전자와 화학, 유플러스, CNS 등 12개 계열사가 단순 업무를 대신해 주는 RPA를 도입했다. 직원 업무 부담을 줄여줘야 창의적인 업무 처리가 가능하다는 판단에서다.알 파트장을 비롯한 LG그룹의 RPA는 점점 더 똑똑해지고 있다. 최근엔 신종 코로나바이러스 감염증(코로나19) 대응에도 RPA가 쓰이고 있다. LG CNS가 지난 2월 말부터 시작한 코로나19 일일 자가진단이 대표적인 사례다. RPA가 매일 오전 9시 전 임직원에게 자가진단 페이지에 접속할 수 있는 URL 문자를 발송하는 게 첫 단계다. 임직원들이 확진 지역 방문 여부, 자신이 겪고 있는 증상 등을 입력하면 이를 분석하고 그 결과를 담당 부서에 알린다.송형석 기자 click@hankyung.com▶ ▶
 ▶
ⓒ 한국경제 & , 무단전재 및 재배포 금지",/news/news_read.nhn?article_id=0004323703&office_id=015&mode=search&query=LG생활건강&page=1
