head,text,url
"지친 피부, 청정 숲의 기운으로 생기 회복생명력 담은 ‘미라클 포레스트’ 라인 4종","비욘드 미라클 포레스트. (사진=LG생활건강)[이데일리 이윤화 기자] LG생활건강은 스킨 릴리프 뷰티 브랜드 ‘비욘드’에서 청정 숲의 강인한 생명력을 담아 지친 피부에 휴식과 영양감을 선사하는 ‘미라클 포레스트’ 라인 4종(토너·에멀젼·크림·마스크)을 신규 출시했다고 15일 밝혔다. 현대인들의 피부는 다양한 외부 환경으로 인한 스트레스에 의해 지쳐간다. 반복적이고 지속적인 피부 스트레스는 칙칙한 안색, 유수분 밸런스 붕괴, 거친 피부결, 피부 탄력 감소 등의 징후들을 만들어낸다.비욘드 미라클 포레스트는 유기적으로 에너지를 주고 받으며 생명력을 키워가고 공생하는 숲의 에너지, ‘포레스트 에너지 콤플렉스™’를 담았으며 지친 피부의 주요 징후(톤·유수분 밸런스·결·탄력)를 종합적으로 케어 해주는 스킨케어 라인이다. 툰드라 지대의 퇴적물에서 추출한 ‘토탄’, 이탈리아 참나무 숲에서 자생하는 진귀한 ‘화이트 트러플’, 프랑스 남부 해안의 강한 해풍과 자외선을 견디며 자란 ‘해송’ 추출물을 담은 처방이 피부가 숨쉬듯 기적과도 같은 휴식을 선사한다.대표 제품인 ‘미라클 포레스트 컨센트레이트 크림’은 풍부한 영양감을 가진 동시에 끈적임이나 답답함 없는 소프트한 제형으로 피부에 편안하게 흡수된다. 실리콘 오일과 11가지 화학 성분을 무첨가했으며, 건강한 피부 장벽을 위해 우리 피부 구조와 유사한 비율로 설계된 세라마이드 복합체인 ‘세라-레이어 콤플렉스™’를 함유한 포뮬러가 피부 보습 장벽을 케어해 피부에 채워진 숲의 에너지를 지켜준다. 인체 적용 테스트를 통해 피부 안색과 결 개선, 24시간 보습 지속 효과가 검증됐고 주름 개선 기능성 제품으로 토탈 솔루션을 제공하는 것이 특징이다. 비욘드 브랜드 담당자는 “미라클 포레스트 라인에는 전세계 곳곳의 청정 숲에서 찾은 강력한 ’숲의 생명력’을 담았다”며 “환절기 일교차, 장시간 마스크 착용 등 각종 외부 환경 요인으로 지친 피부에 미라클 포레스트 라인의 제품들로 휴식을 선사할 수 있기를 희망한다”고 말했다.한편, 미라클 포레스트 라인 4종은 네이처컬렉션, 대형마트 입점 비욘드 매장 등에서 만나볼 수 있다.이윤화 (akfdl34@edaily.co.kr) | ＜ⓒ종합 경제정보 미디어 이데일리 - 무단전재 & 재배포 금지＞",/news/news_read.nhn?article_id=0004597447&office_id=018&mode=search&query=LG생활건강&page=1
"피부 징후 종합 케어…피부 결 개선, 24시간 보습 지속 검증","(서울=뉴스1) 강성규 기자 = LG생활건강의 스킨 릴리프 뷰티 브랜드 '비욘드'는 청정 숲의 강인한 생명력을 담아 지친 피부에 기적 같은 휴식과 영양감을 선사하는 '미라클 포레스트' 라인 4종을 신규출시했다고 15일 밝혔다.비욘드 미라클 포레스트는 지친 피부의 주요 징후(톤·유수분 밸런스·결·탄력)를 종합적으로 케어 해주는 스킨케어 라인이다. 유기적으로 에너지를 주고 받으며 공생하는 숲의 에너지 '포레스트 에너지 콤플렉스™'를 담았다. 툰드라 지대의 퇴적물에서 추출한 '토탄', 이탈리아 참나무 숲에서 자생하는 진귀한 '화이트 트러플', 프랑스 남부 해안의 강한 해풍과 자외선을 견디며 자란 '해송' 추출물을 담은 처방이 피부가 숨쉬듯 기적과도 같은 휴식을 선사한다. 대표 제품인 '미라클 포레스트 컨센트레이트 크림'은 풍부한 영양감을 가진 동시에 끈적임이나 답답함 없는 소프트한 제형으로 피부에 편안하게 흡수된다. 특히 실리콘 오일과 11가지 화학 성분을 첨가하지 않았다. 또 인체 적용 테스트를 통해 피부 안색과 결 개선, 24시간 보습 지속 효과가 검증됐고 주름 개선 기능성 제품으로 토탈 솔루션을 제공하는 것이 특징이다.비욘드 브랜드 담당자는 ""미라클 포레스트 라인에는 전세계 곳곳의 청정 숲에서 찾은 강력한 '숲의 생명력'을 담았다""며 ""환절기 일교차, 장시간 마스크 착용 등 각종 외부 환경 요인으로 지친 피부에 미라클 포레스트 라인의 제품들로 휴식을 선사할 수 있기를 희망한다""고 말했다.sgkk@news1.kr© 뉴스1코리아(), 무단 전재 및 재배포 금지",/news/news_read.nhn?article_id=0004522589&office_id=421&mode=search&query=LG생활건강&page=1
,"[머니투데이 오정은 기자]
15일 LG생활건강 브랜드 ‘비욘드’는 청정 숲의 강인한 생명력을 담아 지친 피부에 기적 같은 휴식과 영양감을 선사하는 ‘미라클 포레스트’ 라인 4종(토너, 로션, 크림, 마스크)을 신규 출시했다. 비욘드 미라클 포레스트는 유기적으로 에너지를 주고 받으며 생명력을 키워가고 공생하는 숲의 에너지, ‘포레스트 에너지 콤플렉스™’를 담았다. 지친 피부의 주요 징후(톤/유수분 밸런스/결/탄력)를 종합적으로 케어 해주는 스킨케어 라인이다. 툰드라 지대의 퇴적물에서 추출한 ‘토탄’, 이탈리아 참나무 숲에서 자생하는 진귀한 ‘화이트 트러플’, 프랑스 남부 해안의 강한 해풍과 자외선을 견디며 자란 ‘해송’ 추출물을 담은 처방이 피부가 숨쉬는 것 같은 휴식을 선사한다. 대표 제품인 ‘미라클 포레스트 컨센트레이트 크림’은 풍부한 영양감을 가진 동시에 끈적임이나 답답함 없는 소프트한 제형으로 피부에 편안하게 흡수된다. 실리콘 오일과 11가지 화학 성분을 무첨가했으며 건강한 피부 장벽을 위해 우리 피부 구조와 유사한 비율로 설계된 세라마이드 복합체인 ‘세라-레이어 콤플렉스™’를 함유한 포뮬러가 피부 보습 장벽을 케어해 피부에 채워진 숲의 에너지를 지켜준다.
비욘드 브랜드 담당자는 “전세계 곳곳의 청정 숲에서 찾은 강력한 ’숲의 생명력’을 담았다”며 “환절기 일교차, 장시간 마스크 착용 등 각종 외부 환경 요인으로 지친 피부에 휴식을 선사할 것""이라고 말했다. 미라클 포레스트 라인 4종은 네이처컬렉션, 대형마트 입점 비욘드 매장 등에서 만나볼 수 있다.오정은 기자 agentlittle@mt.co.kr
<저작권자 ⓒ '돈이 보이는 리얼타임 뉴스' 머니투데이, 무단전재 및 재배포 금지>",/news/news_read.nhn?article_id=0004376049&office_id=008&mode=search&query=LG생활건강&page=1
"삼성 ""가능한한 전자투표"" 당부LG·SK 핵심 계열사도 금주 개최","이번주에는 삼성전자 현대자동차 SK하이닉스 LG화학 등 국내 4대 그룹 주요 계열사들이 정기 주주총회를 연다. 15일 한국예탁결제원에 따르면 16일 샘표식품 국동 등을시작으로 314개 회사가 주총을 개최한다. 기업인수목적회사(스팩) 등을 제외한 정기 주총 개최 유가증권시장·코스닥 상장사는 약 290개다.18일에는 국내 시가총액 1위 삼성전자와 삼성SDS 삼성전기 삼성SDI 현대모비스 신세계푸드 등의 주총이 열릴 예정이다. 삼성전자 의안은 재무제표 승인과 사내이사 선임, 이사보수 한도 승인 안건이다. 특히 이번 삼성전자 주총은 사상 최초로 회사와 무관한 건물인 수원컨벤션센터에서 개최돼 관심이 집중되고 있다.삼성전자는 올해 주총에서 처음으로 전자투표제를 도입하기도 했다. 이와 관련해 삼성전자 측은 홈페이지 안내를 통해 ""이번 정기 주총에 주주님들의 건강·안전을 위해 가능하시면 전자투표로 참여해주시길 부탁 드린다""고 밝혔다.19일에는 현대자동차 현대건설 현대글로비스 현대차증권 삼성생명 삼성카드 에스원 금호에이치티 오리온홀딩스 오리온 호텔신라 동화약품 화신 제일기획 한화손해보험 효성중공업 등이 주총을 열 계획이다. 코스닥 기업 중에선 고려제약과 휴온스 등이 이날을 선택했다. 20일은 주총 집중일로 많은 회사들의 주총 일정이 계획된 날이다. 국내 시총 2위 SK하이닉스를 필두로 삼성증권 삼성중공업 삼성화재해상보험 효성 효성ITX 농심 대원제약 만도 풍산 일동제약 삼진제약 한국화장품 해태제과식품 광동제약 등이 대표적이다.LG화학 LG이노텍 LG생활건강 LG디스플레이 LG유플러스 등 LG그룹 계열사들 주총도 이날 열린다.이 밖에 KB금융 종근당홀딩스 종근당 대신증권 하나금융지주 아모레퍼시픽 GS리테일 하이트진로 한국금융지주 롯데손해보험 등도 있다.[우제윤 기자 / 신유경 기자] [ⓒ 매일경제 & mk.co.kr, 무단전재 및 재배포 금지]",/news/news_read.nhn?article_id=0004536760&office_id=009&mode=search&query=LG생활건강&page=1
