head,text,url
,"‘코로나19’ 극복을 위해 기업마다 다양한 지원책을 내놓고 있다.홈 인테리어 전문기업 한샘은 코로나19로 대구·경북지역에 시공 협력기사들로 구성된 ‘한샘 긴급물류지원단’을 편성하고 한 달 동안 구호물품 수송 지원에 나선다고 10일 밝혔다. ‘대구스타디움’을 비롯해 경북 포항, 문경 등지에 모인 마스크, 방역복, 손 소독제, 헤어캡 등 의료용품과 도시락, 생수 등 구호물품을 지역 내 병원, 보건소, 생활치료센터 등으로 긴급 수송한다.에이스침대는 전국 240개 대리점 경영주 매장 임대료와 직원 월급 일부를 코로나19 사태가 끝나고 경영이 정상화될 때까지 지원해주기로 했다.LG생활건강은 임대료에 부담을 느끼는 화장품 가맹점주들에게 이달 임대료 50%를 지원하기로 했다. 네이처컬렉션, 더페이스샵 등 약 500개 매장 운영자들이 지원 대상이다. LF는 코로나19 확산 방지와 재난 구호를 위해 고생하는 대구·경북 의사회 소속 의료진에게 5억원 상당의 기능성 티셔츠 1만장을 기부하기로 했다.문수정 기자GoodNews paper ⓒ , 무단전재 및 재배포금지",/news/news_read.nhn?article_id=0001297744&office_id=005&mode=search&query=LG생활건강&page=2
,"[머니투데이 오정은 기자] [LG생활건강, 논란의 향기캡슐 배제한 '샤프란 펭수 에디션'으로 必환경 경각심 불러] '펭수'를 모델로 내세운 LG생활건강의 샤프란이 섬유유연제 시장 1위 탈환에 나선다. 미세플라스틱인 향기캡슐을 넣지 않은 섬유유연제로, 친환경을 넘어 필(必)환경 제품으로 무장해 시장 공략에 나섰다. 11일 시장조사기관 닐슨코리아에 따르면 2018년 11월 기준 다우니는 국내 섬유유연제 시장 점유율 39.6%로 1위로 올라섰다. LG생활건강의 샤프란은 2011년, 32년간 1위를 지킨 피죤을 제치고 7년간 섬유유연제 시장을 석권했으나 '고농축 섬유유연제'를 앞세운 P&G의 다우니에 밀려 선두를 내줬다. 국내 섬유유연제 시장은 P&G와 LG생활건강을 비롯해 피죤, 애경, 옥시 등이 치열한 경쟁을 벌이고 있다. 섬유유연제에 첨가된 '향기캡슐'을 둘러싼 환경오염 논란에도 불구하고 다우니는 국내 시장 1위를 지키고 있다. 향기캡슐은 향을 캡슐로 감싸 강한 향을 오래 보존하는 물질로, 이 캡슐이 미세플라스틱이냐를 두고 논란이 계속되고 있다.
지난해 11월 환경부는 2021년부터 미세플라스틱이 함유된 세탁세제와 섬유유연제 제조를 금지했다. 세탁세제와 섬유유연제에는 미세플라스틱의 한 종류인 마이크로비즈(물에 녹지 않는 5mm 이하의 고체 플라스틱)가 들어가는데 이를 금지한 것이다. 다만 P&G의 다우니 등에 첨가되는 향기캡슐은 유럽연합이 2026년까지 대체제 마련을 권고하면서 유예기간을 연장해, 환경부도 향기캡슐은 예외로 했다. 국내에서는 LG생활건강이 일찍부터 섬유유연제 전 제품에서 향기캡슐을 제외했다. 애경산업도 향기캡슐을 쓰지 않는다. 2월 출시된 LG생활건강이 '펭수'와 협업한 신제품 '샤프란 아우라 펭수 에디션’도 향기캡슐을 넣지 않은 친환경 제품이다. LG생활건강 샤프란 관계자는 ""향기 캡슐은 그 자체로 미세 플라스틱으로 생태계에 직접적인 영향을 미친다""며 ""LG생활건강은 2018년 8월부터 모든 섬유유연제에서 향기캡슐을 배제했다""고 설명했다. 향후 EBS 크리에이터 펭수와 협업해 바다 속 친구들을 지키기 위한 해양보호와 사회공헌 활동도 함께 전개할 예정이다. 향기캡슐을 함유했는데도 다우니가 국내 시장에서 부동의 1위를 지킨 이유는 '강한 향' 덕분이다. 최근 3년간 국내 섬유유연제 시장은 소량만 사용해도 되는 고농축의 오래 지속되는 향기캡슐 제품이 지배했다. 게다가 지난해는 BTS(방탄소년단) 정국이 '다우니 어도러블'을 사용한다고 밝히면서 BTS 협업 제품을 출시해 인기가 높아졌다. 향기캡슐 덕분에 다우니는 오래 지속되는 향을 유지할 수 있는 섬유유연제로 유명하다. 미세 플라스틱 논란에 대해 P&G 측은 ""다우니 섬유유연제 속 멜라민수지는 미세플라스틱과 동일한 성분으로 규정할 수 없으며 미세 플라스틱이 소비자 건강에 유해하다는 증거는 확정되지 않은 사안""이라며 ""향기캡슐은 식품의약품안전처가 규정한 전통적인 미세플라스틱과 다르며, 미세플라스틱으로 분류되지 않는다""고 해명했다. 또 ""향기캡슐의 막을 구성하는 물질은 하수 폐수처리 시스템을 거치는 과정에서 걸러져, 해양으로 흘러 들어간다는 주장은 잘못됐다""고 설명했다. 정재학 한국분석과학연구소 소장은 ""유럽연합(EU)에서 2026년까지 향기캡슐 규제를 유예하면서 환경부도 향기캡슐은 예외로 할 수밖에 없었다""며 ""미세플라스틱이 바다로 흘러 들어가면 어패류가 이를 섭취하고, 미세플라스틱을 먹은 어패류가 결국 밥상으로 올라올 수 있기 때문에 제품에 첨가하면 안되는 것""이라고 말했다. 환경오염에 대한 경각심이 높아지며 패션·뷰티업계는 이미 친환경 트렌드가 대세가 됐다. 섬유유연제를 비롯한 생활용품 시장까지 친환경을 넘어 필환경 트렌드가 이어지는 중이다. 오정은 기자 agentlittle@mt.co.kr
<저작권자 ⓒ '돈이 보이는 리얼타임 뉴스' 머니투데이, 무단전재 및 재배포 금지>",/news/news_read.nhn?article_id=0004373331&office_id=008&mode=search&query=LG생활건강&page=2
"외국인, 삼성전자·SK하이닉스 가장 많이 팔아기관 한국전력 팔고, 삼성전자·카카오 샀다","[서울=뉴시스] 강수윤 기자 = 외국인들이 유가증권시장(코스피)에서 4거래일 연속 '팔자' 행렬을 이어가는 가운데 삼성전기와 한진칼 주식은 사들인 것으로 나타났다. 11일 한국증권거래소에 따르면 전날 코스피는 8.16포인트(0.42%) 오른 1962.93에 거래를 마쳤다. 유가증권시장에서 외국인은 9851억원 순매도하며 4거래일 연속 '팔자' 행진을 이어갔다. 반면 개인과 기관은 각각 3091억원, 6105억원을 순매수했다. 외국인이 가장 많이 내다 판 종목은 반도체 대장주인 삼성전자(3489억원)와 SK하이닉스(9463억원)였다. 다음으로 삼성전자우(8068억원), 현대차(659억원), 삼성SDI(594억원), LG화학(508억원), SK이노베이션(322억원), SK(188억원), 현대모비스(177억원), 엔씨소프트(150억원) 등의 순으로 팔아치웠다. 반면 외국인이 가장 많이 사들인 종목은 삼성전기와 한진칼로 각각 243억원, 209억원 어치를 순매수한 것으로 나타났다.이어 셀트리온(192억원), LG전자(99억원), 삼성중공업(88억원), 호텔신라(55억원), 현대미포조선(35억원), 한온시스템(34억원), 남선알미늄(31억원), 휠라홀딩스(31억원) 등이 뒤를 이었다. 기관은 이날 삼성전자(2109억원)와 SK하이닉스(743억원), 카카오(340억원), 삼성SDI(190억원), 셀트리온(184억원), NAVER(155억원),
LG생활건강(154억원) 등의 순으로 순매수했다. 반면 한국전력(137억원), 현대공업지주(69억원), 한국조선해양(48억원), 삼성중공업(45억원) 등을 팔아치웠다. shoon@newsis.com<ⓒ 공감언론 뉴시스통신사. 무단전재-재배포 금지>",/news/news_read.nhn?article_id=0009749667&office_id=003&mode=search&query=LG생활건강&page=2
"시장심리 워스트5, LG생활건강·S-Oil·두산중공업·한화·현대상선","[서울=뉴시스] 류병화 기자 = 11일 빅데이터 시장심리지수(MSI)가 가장 높은 '톱5'에 LG전자·SK하이닉스·부광약품·KT·효성이 선정됐다.이는 뉴시스와 코스콤이 주요 상장기업 250곳에 대해 공동 분석해 산출해 낸 빅데이터 MSI(http://m.newsis.com/stock.html, 모바일 전용)로 전 거래일 오후 4시부터 이날 오전 8시까지 데이터를 취합한 결과다.LG전자 시장심리지수는 전 거래일 대비 3단계 오른 7단계 '매우 좋음'을 나타냈다. 관련 키워드로는 스마트폰, 행사, 마케팅, 유튜브, 채널, 온라인, 에어컨, 갤럭시, 모델, 사태, 최대, 구매 등이 뽑혔다.SK하이닉스 시장심리지수는 전 거래일 대비 6단계 오른 7단계로 집계됐다. 연관 키워드로는 반도체, 패키지, 협력사, 테스트, 주주, 투자자, 생산, 금지, 공정, 폭락, 국제유가 등이 꼽혔다.부광약품 시장심리지수는 7단계 '매우 좋음'으로 전 거래일 대비 6단계 올랐다. 온라인에서는 치료제, 개발, 바이러스, 백신, 코로나, 클레부, 시험, 치료, 억제, 효과, 주주 등이 주로 검색됐다.KT의 MSI지수는 전 거래일보다 1단계 오른 7단계를 나타냈다. 핵심 키워드로는 서비스, 데이터, 케이뱅크, 갤럭시, 마스크, 색상, 제공, 버즈, 콜센터, 개발 등이 선정됐다.효성 MSI지수는 7단계 '매우 좋음'으로 전 거래일 대비 3단계 올랐다. 주요 키워드로는 배당, 거래이력, 자사주, 주주, 의류, 결산배당, 지급, 분기배당, 전자투표제, 갭차트, 지도 등이 꼽혔다.시장심리가 낮은 '워스트5'에는 LG생활건강·S-Oil·두산중공업·한화·현대상선이 꼽혔다.
LG생활건강 시장심리지수는 전 거래일과 같은 1단계 '매우 나쁨'을 기록했다. 관련 키워드로는 화장품, 가맹점, 네이처컬렉션, 지원, 월세, 가맹점주, 더페이스샵, 삼성SDI, 금지, 피부, 확산 등이 꼽혔다.S-Oil 시장심리지수는 1단계로 전 거래일과 같았다. 연관 키워드로는 유가, 정유사, 가동률, 수요, 국제유가, 정유, 원유, 자동차, 화학, 정유업계 등이 뽑혔다. 두산중공업 시장심리지수는 전 거래일 대비 3단계 내린 1단계를 나타냈다. 온라인에서는 주주, 의류, 원전, 건자재, 희망퇴직, 총회, 화학, 구조조정, 자동차, 국민연금, 사외이사 등이 주로 검색됐다.한화 MSI지수는 1단계로 전 거래일과 같았다. 핵심 키워드로는 콜센터, 직원, 확진자, 주주, 생산, 공장, 확산, 유가, 케이뱅크, 금리, 사태, 보험사 등이 선정됐다.현대상선 MSI지수는 전 거래일 대비 1단계 내린 1단계 '매우 나쁨'을 기록했다. 키워드로 흥아해운, 사외이사, 경영, 워크아웃, 장금상선, 사태, 컨테이너선, 시황, 주력, 신청 등이 뽑혔다.MSI는 총 7단계로 나뉜다. 1단계 '매우 나쁨', 2단계 '나쁨', 3단계 '약간 나쁨', 4단계 '보통', 5단계 '약간 좋음', 6단계 '좋음', 7단계 '매우 좋음' 등으로 분류된다.MSI 레벨이 가장 낮은 수준인 1단계에서 가장 높은 수준인 7단계 쪽으로 바뀌면 해당 종목에 대해 온라인상에서의 반응이 부정에서 긍정으로 바뀌고 있다는 뜻으로 풀이할 수 있다.한편 2017년 8월1일부터 선보인 빅데이터 MSI 모바일 전용 버전은 구글플레이 또는 애플 앱스토어에서 '뉴시스' 앱을 내려받거나 뉴시스 모바일 홈페이지(m.newsis.com)에 접속한 뒤 메인화면의 '빅데이터 MSI'를 클릭해 이용하면 된다.※ 빅데이터MSI는 투자 참고용이며, 투자 결과에 책임을 지지 않습니다. 주식시장에서는 다양한 국내외 변수가 존재하기 때문에 한 지표로만 판단하면 뜻하지 않은 결과를 초래할 수 있습니다. hwahwa@newsis.com<ⓒ 공감언론 뉴시스통신사. 무단전재-재배포 금지>",/news/news_read.nhn?article_id=0009749778&office_id=003&mode=search&query=LG생활건강&page=2
,"코스피지수가 보합권에서 등락하고 있다. 미국 등 주요국의 경기부양 기대감과 신종 코로나바이러스 감염증(코로나19)에 대한 우려가 힘 겨루기 중이다. 11일 오전 9시13분 현재 코스피지수 전날보다 3.48포인트(0.18%) 오른 1966.41에 거래되고 있다.
간밤 미국 증시가 코로나19에 맞선 경기부양책 기대로 폭등하면서 코스피지수도 상승 출발했다. 미국 증시에서 주요 3대 지수는 5% 가까이 올랐다. 전날 미국 증시는 코로나19 확산에 대한 공포로 7% 폭락했었다. 도널드 트럼프 미 대통령은 급여세 인하 등 코로나19 관련 재정 정책을 발표하겠다고 말했다. 일본 정부도 약 150억달러의 금융지원과 40억달러 규모의 직접 지출을 포함한 부양책을 내놨다. 여기에 '유가전쟁' 우려로 폭락했던 국제유가가 10일(현지시간) 10% 안팎으로 반등했다는 소식이 투자심리에 긍정적으로 작용했다. 그러나 코로나19 우려가 여전해 코스피는 보합권에 머물고 있다. 서상영 키움증권 연구원은 ""미국 정부가 적극적인 경기부양 대응에 나선 점은 국내 증시에 긍정적인 영향을 줄 것""이라며 ""국제유가가 10% 급등하고, 원화 강세로 외국인 수급에 안정을 줄 수 있다는 점도 우호적""이라고 말했다.개인이 홀로 1971억원 순매수 중이다. 외국인과 기관은 각각 893억원과 1202억원의 매도 우위다. 업종별로 섬유의복 종이목재 화학 의약품 비금속광물 철강금속 기계 운수장비 건설업 등이 오르고 있다. 음식료업 전기전자 의료정밀 유통업은 하락중이고 전기가스업은 2% 약세다.시가총액 상위 종목은 혼조세다. 삼성전자우 삼성바이오로직스 삼성SDI가 1~2% 오르고 있다. 네이버 LG화학 현대차 삼성물산 현대모비스 포스코 등도 상승세다. 반면 삼성전자는 소폭 하락 중이다. SK하이닉스 셀트리온 LG생활건강 등도 하락 중이다.같은시간 코스닥지수도 오름세다. 전날보다 1.61포인트(0.26%) 상승한 621.58에 거래되고 있다.개인이 610억원 매수 우위다. 외국인 기관은 각각 338억원 260억원 매도 우위다.셀트리온헬스케어가 상승 중이고 메디톡스는 2% 넘게 오르고 있다. 씨젠은 10% 급등 중이다.서울 외환시장에서 원·달러 환율은 하락 중이다. 오전 9시12분 현재 원·달러 환율은 전날보다 6.5원 내린 1186.7원에 거래 중이다.채선희 한경닷컴 기자 csun00@hankyung.com▶ ▶
 ▶
ⓒ 한국경제 & , 무단전재 및 재배포 금지",/news/news_read.nhn?article_id=0004304517&office_id=015&mode=search&query=LG생활건강&page=2
,"코스피가 외국인과 기관의 매도세에 밀려 혼조세다.11일 오전9시 6분 현재 코스피는 전일대비 3.02포인트(0.15%) 하락한 1959.91을 기록 중이다.이날 지수는 개장 직후 외국인과 기관의 동반 '팔자'에 하락세로 돌아서면서 약세를 보였다. 개인 투자자가 5거래일 연속 순매수 동향을 보이며 이들의 물량을 받아내고 있어 장 초반 1960선을 오가며 등락은 반복하고 있다.지난 9일 코스피는 신종 코로나바이러스 감염증(코로나19) 확산 공포와 더불어 국제유가가 급락하면서 4% 이상 떨어져 '블랙 먼데이'를 기록했다. 당일 외국인은 1조3000억원이 넘는 사상 최대 규모의 물량을 던지면서 지수를 끌어내렸다. 그러나 전일에는 외국인 대량 매도에도 기관과 개인이 물량을 받아내면서 반등에 소폭 성공해 1960선을 회복했으나 외국인 매도 물량이 쏟아지면서 좀처럼 상승 곡선을 이루지 못하는 분위기다.간밤 뉴욕증시 주요 지수는 신종 코로나바이러스 감염증(코로나19)에 대응한 미국의 재정 부양책에 대한 기대 등으로 크게 올랐다. 시장은 코로나19 확산 상황과 미국 등 각국 정부의 대응책, 국제유가 동향 등에 촉각을 기울였다. 이탈리아는 코로나19 확진자가 계속 증가하자 전 국민의 이동을 제한하는 초강력 조치를 내놨다. 유럽에서 이탈리아와 같은 조치가 확대될 수 있다는 우려도 자극했다.한편, 도널드 트럼프 미국 대통령은 전일 기자회견에서 급여세 인하 등 코로나19에 대응한 재정 정책을 이날 발표하겠다고 예고했다. 올해 남은 기간 급여세를 0%로 낮추는 방안을 제안했다고 보도했다. 부양책의 규모 및 시기에 대한 불확실성에 따라 증시는 큰 변동성을 보였다.다우지수는 장 초반 950포인트 가량 올랐던 데서 한때 160포인트 이상 하락으로 급전 직하했다. 장 후반에는 대규모 부양 기대가 재부상하면서 급반등했다. 장중 변동 폭은 1300포인트를 초과했다. 여기에 국제 유가가 전일 폭락 이후 반등에 성공한 점도 주가 상승을 거들었다.하인환 메리츠종금증권 연구원은 ""코로나19 문제는 이제 중국과 한국보다 유럽과 미국에서 더 심각한 상황이 됐다""면서 ""트럼프 대통령이 급여세 면제를 제안했다는 소식에 미국 증시는 5% 가까이 반등했지만 이탈리아에서는 부양책의 일환으로 채무상환을 유예해주는 조치에도 오히려 은행 부실에 대한 문제가 재부각되는 계기가 되면 증시는 3% 넘는 낙폭해 향후 글로벌 증시는 각종 부양책들에 의해 일부 '반등'할 수 있겠으나 코로나19 문제로 인해 수면 위로 드러난 문제들로 변동성은 나타날 것""이라고 분석했다.대표적으로 유가 급락에 따른 셰일업체들의 부실 우려나 이탈리아 은행 부실 문제 등이다.이날 유가증권시장에서는 업종별로 운송장비, 섬유·의복, 의약품, 은행, 철강·금속, 금융업 등을 오르고 있고 통신업, 전기·전자, 의료정밀 등은 떨어지고 있다.매매주체별로 개인이 1857억원 순매수하는 반면, 외국인과 기관은 각각 893, 1202억원 순매도 중이다. 프로그램 매매는 238억원 매도 우위다.시가총액 상위 종목들은 흐름이 엇갈린다. 삼성전자, SK하이닉스, 셀트리온, LG생활건강은 하락하는 동안 삼성바이오로직스, NAVER, LG화학, 현대차, 삼성SDI, 삼성물산 등은 오름세다.이날 유가증권시장에서는 526개 종목이 오르고 있고 253개 종목이 내리고 있다.코스닥은 전일 대비 1.14포인트(0.18%) 오른 621.11을 기록 중이다. [디지털뉴스국 김규리 기자] [ⓒ 매일경제 & mk.co.kr, 무단전재 및 재배포 금지]",/news/news_read.nhn?article_id=0004534098&office_id=009&mode=search&query=LG생활건강&page=2
,"(서울=연합뉴스) 김기훈 기자 = 코스피가 11일 보합권에서 소폭의 등락을 거듭하는 혼조세로 출발했다.

이날 오전 9시 20분 현재 코스피는 전 거래일보다 3.79포인트(0.19%) 오른 1,966.72를 가리켰다.

지수는 전장보다 2.74포인트(0.14%) 오른 1,965.67에서 출발한 뒤 보합권에서 상승과 하락을 반복하며 방향을 모색하고 있다.

유가증권시장에서는 개인이 2천132억원어치를 순매수했다. 외국인과 기관은 각각 958억원, 1천300억원을 순매도했다.

신종코로나 바이러스 감염증(코로나19)의 확산 공포는 여전하지만, 간밤 뉴욕증시의 주요 지수는 미국의 경기부양책에 대한 기대감으로 큰 폭 상승했다.

다우존스30 산업평균지수(4.89%), 스탠더드앤드푸어스(S&P)500 지수(4.94%), 나스닥 지수(4.95%) 모두 급등했다.

서상영 키움증권 연구원은 ""미국 정부가 3천억달러에 달하는 급여세를 인하하는 방안을 검토하는 등 적극적인 대응에 나섰단 소식이 전해진 점은 국내 증시에 긍정적인 영향을 줄 것""이라며 ""국제유가가 반등하고 감산 협상 재개 기대가 높아진 점도 우호적""이라고 평가했다.

시가총액 상위 종목 가운데 삼성전자(-1.10%), SK하이닉스(-1.35%), LG화학(-0.27%), 셀트리온(-1.10%), 삼성물산(-0.48%), LG생활건강(-0.40%) 등이 내렸다.

삼성바이오로직스(2.02%), 네이버(0.29%), 삼성SDI(1.70%) 등은 올랐다.

업종별로는 전기가스업(-1.73%), 전기·전자(-0.37%), 통신업(-0.30%) 등이 약세를 보이고 섬유·의복(2.05%), 운송장비(0.91%), 보험(1.17%) 등이 강세다.

같은 시각 코스닥지수는 전장보다 1.42포인트(0.23%) 오른 621.39를 나타냈다.

지수는 전장보다 1.15포인트(0.19%) 오른 621.12로 개장한 뒤 620선 부근에서 오르내리고 있다.

코스닥시장에서는 개인이 717억원을 순매수하고 외국인과 기관은 423억원, 282억원을 각각 순매도했다.

시총 상위주 중에는 셀트리온헬스케어(-0.29%), 에이치엘비(-1.37%), CJ ENM(-1.20%), 펄어비스(-1.65%), 스튜디오드래곤(-1.18%), 에코프로비엠(-2.19%), SK머티리얼즈(-0.91%) 원익IPS(-0.31%) 등은 내렸다.

케이엠더블유(0.59%), 씨젠(10.79%) 등은 올랐다.

kihun@yna.co.kr",/news/news_read.nhn?article_id=0011463677&office_id=001&mode=search&query=LG생활건강&page=2
시가총액 상위주 대차거래 집중삼성전자 공매도도 크게 늘어,"[헤럴드경제=강승연 기자] 신종 코로나바이러스(코로나19)발 하락장 속에서 코스피 대장주 삼성전자에 대한 외국인의 대차거래가 집중된 것으로 나타났다. 공매도 선행지표인 대차거래가 늘면서 삼성전자의 시가총액은 최근 16거래일 만에 31조원이 증발했다.11일 한국예탁결제원에 따르면 31번 환자를 시작으로 대구·경북지역 코로나19 확산세가 본격화된 지난달 18일부터 이달 10일까지 삼성전자 주식에 대한 외국인의 대차거래는 3426만주, 1조9498억원으로 집계됐다. 수량, 금액 모두 기간 중 1위다.이어 SK하이닉스(7781억원), LG화학(5511억원), 셀트리온(4095억원), 삼성SDI(3088억원), 신한지주(2912억원), LG생활건강(2860억원), 삼성바이오로직스(2601억원), KB금융(2154억원), 현대자동차2우(2103억원) 등 시가총액 상위주들에 대한 대차거래가 많이 이뤄졌다.대차거래는 기관 등에 수수료를 내고 주식을 빌리는 것으로, 보통 주식을 빌려 공매도를 하기 때문에 공매도의 선행지표로 통한다. 실제 같은 기간 삼성전자의 공매도량은 2166만주로 코스피 상장사 가운데 가장 많았다.삼성전자에 대한 대차거래와 공매도가 증가한 것은 그만큼 주가 하락에 베팅한 외국인 투자자가 늘었다는 의미다. 특히 대구·경북 중심으로 코로나19의 지역사회 감염 확산 기미가 보이면서 이런 관측에 무게가 실렸다.외국인은 삼성전자 ‘팔자’에도 나섰다. 금융정보업체 에프앤가이드에 따르면 2월 18일~3월 10일 외국인이 가장 많이 순매도한 종목은 삼성전자(-3조4357억원)였다.외국인의 대차거래·순매도 러시로 지난달 18일 6만800원으로 시작한 삼성전자 주가는 10일 5만4600원으로 고꾸라졌다. 시가총액은 356조9930억원에서 325조9501억원으로 31조원(8.70%)이 날아갔다.spa@heraldcorp.com
- Copyrights ⓒ 헤럴드경제 & heraldbiz.com, 무단 전재 및 재배포 금지 -",/news/news_read.nhn?article_id=0001646809&office_id=016&mode=search&query=LG생활건강&page=1
,"[아시아경제 조유진 기자] LG생활건강(대표 차석용)이 꽃들이 아름답게 만개한 궁중의 봄 풍경인 '로얄 블루밍 모먼트'를 디자인에 담아낸 ‘후 공진향:설 미백 수분광 쿠션 스페셜 에디션’을 출시했다.이번 에디션은 완연한 봄날 궁중에서 왕후의 시선과 발길이 머무는 곳마다 봄 꽃이 만개해 흩날리는 풍경을 아름다운 패키지 디자인으로 완성했다.
 설 미백 수분광 쿠션은 탁월한 밀착력과 매끈한 커버력으로 화사함과 생기를 더해주는 제품으로, 쿠션을 두드릴수록 촉촉함을 더해줘 미백 수분광 피부를 완성해준다.블루밍 로즈 컬러의 ‘후 공진향:미 크림 블러셔’도 함께 증정한다. 설 미백 수분광 쿠션으로 표현한 수분 광채 피부에 크림 블러셔를 번지듯이 가볍게 발라주면 꽃이 피어나듯 화사한 봄빛 메이크업 룩을 연출할 수 있다.조유진 기자 tint@asiae.co.kr <ⓒ경제를 보는 눈, 세계를 보는 창 아시아경제 무단전재 배포금지>",/news/news_read.nhn?article_id=0004640515&office_id=277&mode=search&query=LG생활건강&page=1
"왕궁의 봄 풍경, 패키지에 담아미백 수분광 피부 완성","[서울=뉴시스] 김정환 기자 = ""왕궁의 봄날처럼 촉촉하게 빛나는 수분 광채 메이크업을 만끽하세요.""LG생활건강(대표 차석용)이 꽃들이 아름답게 만개한 궁중의 봄 풍경인 '로열 블루밍 모먼트'(Royal Blooming Moment)를 디자인에 담아낸 '후 공진향:설 미백 수분광 쿠션 스페셜 에디션'을 출시한다고 11일 밝혔다. 후 공진향:설 미백 수분광 쿠션 스페셜 에디션은 완연한 봄날 궁중에서 왕후의 시선과 발길이 머무는 곳마다 만개한 봄꽃이 따뜻한 봄바람에 흩날리는 풍경을 패키지 상단에 아름답고 입체적으로 연출했다. 패키지만으로 생기 가득한 궁중의 봄날을 한껏 느끼기에 충분하다. 이 제품은 탁월한 밀착력과 매끈한 커버력으로 화사함과 생기를 더한다. 쿠션을 두드릴수록 촉촉함을 더해 미백 수분광 피부를 완성한다. 블루밍 로즈 컬러의 '후 공진향:미 크림 블러셔'를 함께 증정한다. 후 공진향:설 미백 수분광 쿠션으로 표현한 수분 광채 피부에 크림 블러셔를 가볍게 번지듯이 발라주면 꽃이 피어나듯 화사한 봄빛 메이크업 룩을 연출할 수 있다. 후 마케팅 담당자는 ""이번 스페셜 에디션은 왕후의 생기로운 아름다움을 닮은 한 폭의 봄 수채화를 떠올리게 하는 디자인이 특징이다""며 ""제품을 담은 상자에도 만개한 봄꽃이 흩날리는 모습을 표현해 소중한 사람에게 선물한다면 기분까지 설레는 봄을 전할 수 있을 것이다""고 자신했다.후 공진향:설 미백 수분광 쿠션 15g 본품과 15g 리필, 후 공진향:미 크림 블러셔 블루밍 로즈 등으로 구성한다. 6만원대. ace@newsis.com<ⓒ 공감언론 뉴시스통신사. 무단전재-재배포 금지>",/news/news_read.nhn?article_id=0009750146&office_id=003&mode=search&query=LG생활건강&page=1
,"코스피지수가 신종 코로나바이러스 감염증(코로나19) 확진자수 증가와 함께 낙폭을 확대했다.11일 코스피지수는 오전 10시44분 현재 전날보다 25.05포인트(1.28%) 내린 1937.88에 거래되고 있다. 국내 코로나19 확진자가 200명 넘게 추가됐다는 소식이 전해지면서 투자심리가 위축됐다. 중앙방역대책본부에 따르면 어제(10일) 0시부터 오늘(11일) 0시 사이 하루 동안 코로나19 국내 확진자가 242명 늘었다. 전날 100명대보다 증가했다. 이로써 국내 누적 확진자수는 총 7755명이다.소식이 전해진 후 지수는 장중 1935.80까지 저점을 낮췄다. 외국인 기관이 동반 팔자를 외치며 지수 하락을 이끌고 있다. 각각 2803억원 2728억원 매도 우위다. 개인은 홀로 5215억원 매수 우위다.시가총액 상위 종목은 혼조세다. 삼성전자가 2% 넘게 하락 중이고 SK하이닉스 셀트리온이 1~2% 내림세다. 삼성전자우 네이버 LG화학 LG생활건강 SK텔레콤 등도 내림세다. 반면 포스코 신한지주는 2% 넘게 상승 중이다.코스닥지수도 내림세다. 전날보다 13.53포인트(2.18%) 하락한 606.44에 거래 중이다.외국인 기관이 각각 1663억원 382억원 순매도 중이다. 개인은 2096억원 순매수 중이다.시총 상위 종목 대부분이 하락 중이다. 셀트리온헬스케어 에이치엘비 에코프로비엠 휴젤 솔브레인 헬릭스미스 등이 2~3% 내림세다. 케이엠더블유 씨젠은 1% 안팎으로 오르고 있다.서울 외환시장에서 원·달러 환율은 하락세다. 10시33분 현재 전날보다 0.7원 내린 1192.5원에 거래되고 있다. 채선희 한경닷컴 기자 csun00@hankyung.com▶ ▶
 ▶
ⓒ 한국경제 & , 무단전재 및 재배포 금지",/news/news_read.nhn?article_id=0004304623&office_id=015&mode=search&query=LG생활건강&page=1
,"[머니투데이 오정은 기자]
LG생활건강은 11일 꽃이 아름답게 만개한 궁중의 봄 풍경인 ‘Royal Blooming Moment(로얄 블루밍 모먼트)’를 디자인에 담아낸 ‘후 공진향:설 미백 수분광 쿠션 스페셜 에디션’을 출시했다. ‘후 공진향:설 미백 수분광 쿠션 스페셜 에디션’은 완연한 봄날 궁중에서 왕후의 시선과 발길이 머무는 곳마다 봄 꽃이 만개해 흩날리는 풍경을 아름다운 패키지 디자인으로 완성한 특별 에디션이다. 따뜻한 봄 바람에 흩날린 꽃의 향연을 패키지 상단에 입체감 있게 연출해 생기 가득한 궁중의 봄날을 한껏 느낄 수 있다. 촉촉하게 빛나는 수분 광채 메이크업을 선사하는 ‘후 공진향:설 미백 수분광 쿠션’은 탁월한 밀착력과 매끈한 커버력으로 화사함과 생기를 더해준다. 쿠션을 두드릴수록 촉촉함을 더해줘 미백 수분광 피부를 완성해준다.
이번 스페셜 에디션은 블루밍 로즈 컬러의 ‘후 공진향:미 크림 블러셔’도 함께 증정한다. ‘후 공진향:설 미백 수분광 쿠션’으로 표현한 수분 광채 피부에 크림 블러셔를 번지듯이 가볍게 발라주면 꽃이 피어나듯 화사한 봄빛 메이크업 룩이 연출된다. 가격은 6만원대다.
후 마케팅 담당자는 “이번 스페셜 에디션은 왕후의 생기로운 아름다움을 닮은 한 폭의 봄 수채화를 떠올리게 하는 디자인”이라며 “제품을 담은 상자에도 만개한 봄꽃이 흩날리는 모습을 표현해 설레는 봄을 전하는 특별한 선물이 될 것”이라고 말했다. 오정은 기자 agentlittle@mt.co.kr
<저작권자 ⓒ '돈이 보이는 리얼타임 뉴스' 머니투데이, 무단전재 및 재배포 금지>",/news/news_read.nhn?article_id=0004373662&office_id=008&mode=search&query=LG생활건강&page=1
,"신종 코로나바이러스 감염증(코로나19) 사태가 또다시 대규모 확산으로 번질 조짐이 보이면서 증시도 요동치고 있다. 상승 출발했던 코스피는 1930선으로 주저 앉았다.11일 오전 11시 13분 현재 코스피는 전일대비 28.69(1.46%) 하락한 1934.24를 기록 중이다.이날 2.74포인트 오른 1965.67에 출발한 지수는 개인 투자자가 5거래일 연속 순매수 동향을 보이며 장 초반 1960선에서 혼조세를 보였으나 이후 외국인과 기관이 대량으로 물량을 쏟아내면서 1930선으로 밀렸다. 이날 대구·경북을 비롯해 수도권 일대에서도 코로나19 국내 확진자 수가 급증하면서 투자 심리가 크게 위축한 것으로 보인다.중앙방역대책본부는 0시 기준 코로나19 확진자가 전날(10일) 0시에 비해 242명 증가했다고 발표했다. 신규 확진자 242명 가운데 149명은 대구·경북에서 나왔다. 대구 131명, 경북 18명이다. 서울 구로구 콜센터 집단감염 영향으로 서울 지역 신규 확진자는 52명으로 집계됐다. 경기와 인천은 각각 12명이다. 서울과 경기는 누적 확진자가 각각 193명과 175명으로 200명에 접근하고 있다. 국내 누적 확진자수는 총 7755명이다.매매주체별로 개인이 6490억원 순매수하고 있지만 역부족해 보인다. 외국인과 기관은 각각 3956억원, 2911억원 순매도 중이다. 외국인은 이날까지 5거래일 연속 매도세를 보이면서 3조5000억원 가까이 팔아치웠다.시가총액 상위 종목들도 일제히 약세다. 삼성바이오로직스가 소폭 오른 것을 제외하면 삼성전자, SK하이닉스, LG화학, 셀트리온, 삼성SDI, 삼성물산, LG생활건강 등이 줄줄이 떨어지고 있다.코스닥 또한 전일 대비 14.17포인트(0.29%) 하락한 605.80을 기록 중이다. [디지털뉴스국 김규리 기자] [ⓒ 매일경제 & mk.co.kr, 무단전재 및 재배포 금지]",/news/news_read.nhn?article_id=0004534251&office_id=009&mode=search&query=LG생활건강&page=1
시총 31조 증발…공매도 급증,"신종 코로나바이러스(코로나19)발 하락장 속에서 코스피 대장주 삼성전자에 대한 외국인의 대차거래가 집중된 것으로 나타났다. 공매도 선행지표인 대차거래가 늘면서 삼성전자의 시가총액은 최근 16거래일 만에 31조원이 증발했다.11일 한국예탁결제원에 따르면 31번 환자를 시작으로 대구·경북지역 코로나19 확산세가 본격화된 지난달 18일부터 이달 10일까지 삼성전자 주식에 대한 외국인의 대차거래는 3426만주, 1조9498억원으로 집계됐다. 수량, 금액 모두 기간 중 1위다.이어 SK하이닉스(7781억원), LG화학(5511억원), 셀트리온(4095억원), 삼성SDI(3088억원), 신한지주(2912억원), LG생활건강(2860억원), 삼성바이오로직스(2601억원), KB금융(2154억원), 현대자동차2우(2103억원) 등 시가총액 상위주들에 대한 대차거래가 많이 이뤄졌다.대차거래는 기관 등에 수수료를 내고 주식을 빌리는 것으로, 보통 주식을 빌려 공매도를 하기 때문에 공매도의 선행지표로 통한다. 실제 같은 기간 삼성전자의 공매도량은 2166만주로 코스피 상장사 가운데 가장 많았다.삼성전자에 대한 대차거래와 공매도가 증가한 것은 그만큼 주가 하락에 베팅한 외국인 투자자가 늘었다는 의미다. 특히 대구·경북 중심으로 코로나19의 지역사회 감염 확산 기미가 보이면서 이런 관측에 무게가 실렸다.외국인은 삼성전자 ‘팔자’에도 나섰다. 금융정보업체 에프앤가이드에 따르면 2월 18일~3월 10일 외국인이 가장 많이 순매도한 종목은 삼성전자(-3조4357억원)였다.외국인의 대차거래·순매도 러시로 지난달 18일 6만800원으로 시작한 삼성전자 주가는 10일 5만4600원으로 고꾸라졌다. 시가총액은 356조9930억원에서 325조9501억원으로 31조원(8.70%)이 날아갔다.강승연 기자
- Copyrights ⓒ 헤럴드경제 & heraldbiz.com, 무단 전재 및 재배포 금지 -",/news/news_read.nhn?article_id=0001647066&office_id=016&mode=search&query=LG생활건강&page=1
,"LG생활건강(대표: 차석용)이 꽃들이 아름답게 만개한 궁중의 봄 풍경인 'Royal Blooming Moment(로얄 블루밍 모먼트)'를 디자인에 담아낸 '후 공진향:설 미백 수분광 쿠션 스페셜 에디션'을 출시했다.'후 공진향:설 미백 수분광 쿠션 스페셜 에디션'은 완연한 봄날 궁중에서 왕후의 시선과 발길이 머무는 곳마다 봄 꽃이 만개해 흩날리는 풍경을 아름다운 패키지 디자인으로 완성한 특별 에디션이다. 따뜻한 봄 바람에 흩날린 꽃의 향연을 패키지 상단에 입체감 있게 연출해 생기 가득한 궁중의 봄날을 한껏 느껴볼 수 있도록 했다.이번 스페셜 에디션은 블루밍 로즈 컬러의 '후 공진향:미 크림 블러셔'도 함께 증정한다후 마케팅 담당자는 ""이번 스페셜 에디션은 왕후의 생기로운 아름다움을 닮은 한 폭의 봄의 수채화를 떠올리게 하는 디자인이 특징""이라며, ""제품을 담은 상자에도 만개한 봄꽃이 흩날리는 모습을 표현해 소중한 사람에게 기분까지 설레는 봄을 전하는 특별한 선물이 될 것""이라고 말했다.전상희 기자 nowater@sportschosun.com- Copyrightsⓒ , 무단 전재 및 재배포 금지",/news/news_read.nhn?article_id=0003540707&office_id=076&mode=search&query=LG생활건강&page=1
"코스닥 600선 무너져, 바이오주 급락","코스피지수가 2% 넘게 하락하며 장중 1920선이 붕괴됐다. 신종 코로나바이러스 감염증(코로나19) 확산에 대한 공포가 다시 투자심리를 짓누르는 모습이다.11일 코스피지수는 오후 2시10분 현재 전날보다 51.57포인트(2.63%) 내린 1911.36을 기록 중이다. 지수가 장중 1920선이 무너진 건 지난해 8월26일 이후 7개월여 만이다.이날 지수는 미국 증시 급등에 상승 출발했다. 그러나 코로나19 확산세에 대한 우려가 다시 커지면서 지수는 장중 하락 전환 후 빠르게 낙폭을 키웠다. 국내에서는 코로나19 확진자 수가 하루 사이 200명 넘게 증가하면서 확산세가 좀처럼 줄어들 기미가 보이지 않고 있다. 중앙방역대책본부에 따르면 어제(10일) 0시부터 오늘(11일) 0시 사이 하루 동안 코로나19 국내 확진자가 242명 늘었다. 이로써 국내 누적 확진자 수는 총 7755명이다. 신한금융투자는 ""수도권 지역을 중심으로 코로나19 집단 감염 우려가 제기된 점이 증시에 악재로 작용했다""며 ""외국인 수급 악화가 지속되고 대형 반도체주가 약세를 나타내는 점이 지수 낙폭을 키웠다""고 진단했다. 외국인 기관이 각각 5849억원 3296억원 순매도 중이다. 개인은 홀로 8628억원 순매수 중이다.업종별로 기계 전기전자 의료정밀 전기가스업은 3%대 약세다. 섬유의복 종이목재 화학 의약품 비금속광물 유통업 건설업 등도 1~2% 하락세다.시가총액 상위 종목은 대부분 내림세다. 대장주 삼성전자는 3% 넘게 떨어지며 5만2000원대서 거래 중이다. SK하이닉스도 3%대 약세다. 네이버 LG화학 셀트리온 삼성물산 LG생활건강 등도 1~2% 하락 중이다.코스닥지수는 600선이 무너졌다. 같은시간 지수는 전날보다 25.55포인트(4.12%) 내린 594.42에 거래되고 있다. 지수가 600선이 붕괴된 건 지난해 8월29일 이후 7개월여 만이다.외국인 기관이 각각 2677억원 440억원 매도 우위다. 개인은 3166억원 매수 우위다.셀트리온헬스케어 에이치엘비 펄어비스 휴젤 솔브레인 파라다이스 등이 2~3% 하락세다. CJ ENM 에코프로비엠은 4% 하락 중이고 헬릭스미스는 7% 급락세다.특히 내달 예정된 미국 암학회(AACR)가 코로나19 여파로 연기됐다는 소식에 참가 예정 바이오기업 주가는 급락세다. 제넥신 오스코텍 에이비엘바이오가 14%~16% 넘게 하락 중이다.서울 외환시장에서 원·달러 환율은 상승세다. 오후1시45분 현재 원·달러 환율은 전날보다 1.1원 오른 1194.2원에 거래중이다.채선희 한경닷컴 기자 csun00@hankyung.com▶ ▶
 ▶
ⓒ 한국경제 & , 무단전재 및 재배포 금지",/news/news_read.nhn?article_id=0004304761&office_id=015&mode=search&query=LG생활건강&page=1
미국암학회 연기 소식에 바이오주 급락,"신종 코로나바이러스 감염증(코로나19) 공포가 증시를 집어삼켰다. 코스피지수는 7개월 만에 장중 1900선이 무너졌고 중소형주 중심의 코스닥지수는 600선이 깨졌다. 11일 오후 2시52분 현재 코스피지수는 전날보다 60.11포인트(3.06%) 내린 1902.82에 거래되고 있다.이날 코스피지수는 간밤 미국 증시 급등에 상승 출발했다. 지수는 1960선을 탈환하는 듯 했으나 하락 전환 후 빠르게 낙폭을 확대, 장중 1898.27까지 저점을 낮췄다. 지수가 장중 1900선이 무너진 건 2019년 8월6일 이후 7개월 만이다.국내 코로나19 확진자 수 증가세가 이어지는 데다 미국, 영국 등 주요국에서 코로나19 확산으로 비상이 걸린 점이 투자심리를 위축시켰다.국내 코로나19 확진자 수는 하루 사이 200명 넘게 증가했다. 특히 수도권을 중심으로 집단 감염 우려가 커지고 있다. 영국에서는 보건부 차관이 코로나19 확진 판정을 받았으며, 미국 대통령 선거 일정에도 차질이 빚어졌다. 민주당 대통령 경선에서 경합 중인 조 바이든 후보와 버니 샌더스 후보 측은 나란히 대규모 유세를 취소했다.외국인 기관이 각각 6900억원 4030억원 순매도 중이다. 개인은 홀로 1조204억원 순매수 중이다.업종별로는 섬유의복 종이목재 의약품 기계 전기전자 의료정밀 전기가스업이 3~4% 약세다.시가총액 상위 종목 대부분이 울상이다. 대장주 삼성전자는 4% 넘게 하락 중이다. SK하이닉스 셀트리온도 4% 안팎 내림세다. 삼성전자우 삼성바이오로직스 LG화학 셀트리온 LG생활건강이 2~3%약세다.코스닥지수도 7개월만에 600선이 무너졌다. 같은시간 전날보다 25.48포인트(4.11%) 하락한 594.49에 거래 중이다.외국인 기관이 각각 2688억원 456억원 매도 우위다. 개인은 3169억원 매수 우위다.셀트리온헬스케어가 3% 가까이 내림세다. 에이치엘비 CJ ENM 펄어비스 에코프로비엠이 4~5% 하락 중이다. 헬릭스미스는 8% 급락세다.내달 예정된 미국 암학회(AACR)가 코로나19 여파로 연기됐다는 소식에 참가 예정 바이오기업 주가는 급락세다. 제넥신 오스코텍 에이비엘바이오가 13%~15% 넘게 하락 중이다.서울 외환시장에서 오후 2시47분 현재 원·달러 환율은 전날보다 3.6원 오른 1196.8원에 거래되고 있다. 채선희 한경닷컴 기자 csun00@hankyung.com▶ ▶
 ▶
ⓒ 한국경제 & , 무단전재 및 재배포 금지",/news/news_read.nhn?article_id=0004304797&office_id=015&mode=search&query=LG생활건강&page=1
코스닥도 하락해 595.61 기록,"[서울경제] 코스피가 11일 장 중 1,900선이 무너진 끝에 1,908선으로 마감했다. 코스닥지수도 600선 아래로 내려갔다. 이날 코스피는 2.78%(54.66포인트) 내린 1,908.27으로 장을 마쳤다. 유가증권시장에서 외국인은 6,999억원, 기관은 4,657억원 규모를 각각 순매도했다. 오후 한 때 3.29%까지 하락폭이 커지면서 1,898.27로 올해 최저치를 기록했다. 시가총액 상위 10위권 종목은 (-4.58%), (-4.04%)를 비롯해 (-2.42%), (-1.16%), (-2.28%), (-3.31%), (-1.96%), (-1.53%), 삼성물산(-2.40%), (-2.95%)까지 모두 하락했다.
개인은 1조 828억원 규모를 사들였다. 올해 들어 지난 9일 1조 2,000억원대에 이어 두 번째로 많은 규모다. 코스닥지수는 3.93%(24.36포인트) 내린 595.61으로 마감했다. 코스닥시장에서 외국인은 2,606억원, 기관은 625억원 규모를 각각 순매도했다. 개인은 3,239억원 규모를 순매수했다. /박경훈기자 socool@sedaily.com저작권자 ⓒ 서울경제, 무단 전재 및 재배포 금지",/news/news_read.nhn?article_id=0003708097&office_id=011&mode=search&query=LG생활건강&page=1
"코스피 3% 가까이 하락코스피 1,900선 위태외국인 7천억원 투매코스닥 4% 급락","[한국경제TV 신재근 기자]코스피가 11일 크게 하락했다.이날 코스피는 전 거래일 대비 54.66포인트(-2.78%) 내린 1,908.27에 거래를 마쳤다.지수는 간밤 미국 증시 호조에도 효과를 누리지 못했다.코스피는 장중 지난해 8월 6일 이후 약 7개월 만에 1,900선이 깨지기도 했다.김용구 하나금융투자 연구원은 ""코로나19 확산 공포와 국제유가 불확실성 확대가 안전자산 선호를 키우고 있다""고 말했다.김 연구원은 이어 ""각국 중앙은행의 정책 공조가 역설적으로 투자자들에게 공포를 주고 있다""고 분석했다.각국 중앙은행의 적극적인 경기 부양책에도 정책 효과에 대한 불확실성이 커지고 있는 것이다.외국인은 이날도 코스피에서 7,002억원을 순매도하며 대규모 물량을 출회했다.외국인이 최근 5거래일 동안 팔아치운 금액만 4조원 가까이 된다.기관 역시 금융투자(-3,464억원)에서 매물이 나오며 4,646억원 매도우위를 보였다.반면 개인(1조819억원)은 1조원 넘게 순매수하며 저가 매수에 대한 기대를 이어갔다.업종별로는 은행(0.07%)을 제외하고 모든 업종이 하락 마감했다.특히 전기·전자(-4.30%)와 전기가스(-4.40%), 의료정밀(-4.60%) 업종의 낙폭이 컸다.코스피 시가총액 상위 종목은 모두 하락했다.코스피 양대 축인 삼성전자(-4.58%)와 SK하이닉스(-4.04%)가 4% 넘게 하락했고, 삼성바이오로직스(-2.42%)와 NAVER(-1.16%), LG화학(-2.28%), 셀트리온(-3.31%), 현대차(-1.96%), 삼성SDI(-1.53%), 삼성물산(-2.40%), LG생활건강(-2.95%)도 내렸다.코스닥은 4% 가까이 하락하며 600선이 깨졌다.이날 코스닥지수는 전장보다 24.36포인트(-3.93%) 내린 595.61에 거래를 마쳤다.종가 기준으로 지수가 600선을 하회한 것은 지난해 8월 29일(599.57) 이후 약 7개월 만이다.코스피와 마찬가지로 외국인(-2,606억원)과 기관(-625억원)에서 매도 물량이 출회되며 지수가 하방 압력을 받았다.외국인은 특히 제조(-1,316억원)와 IT(-889억원), 제약(-595억원) 업종을 중심으로 팔아치웠다.반면, 개인(3,239억원)은 3천억원 넘게 매수에 나섰다.업종별로는 상승 마감한 업종이 전무했다.반도체(-4.04%)와 제조(-4.08%) 업종의 낙폭이 컸다.코스닥 시총 상위 종목에선 씨젠(7.86%)을 제외하고 모두 하락했다.셀트리온헬스케어(-3.08%)와 에이치엘비(-5.14%), CJ ENM(-5.38%), 펄어비스(-3.64%), 에코프로비엠(-4.62%), SK머티리얼즈(-3.23%), 원익IPS(-4.07%)가 약세를 보인 가운데 스튜디오드래곤(-2.88%)와 케이엠더블유(-1.98%)도 내렸다.증시 하락에도 원/달러 환율은 소폭 떨어졌다.이날 서울 외환시장에서 미국 달러화에 대한 원화 환율은 전날보다 0.2원 내린 달러당 1,193원에 종가가 결정됐다.신재근기자 jkluv@wowtv.co.krⓒ 한국경제TV, 무단 전재 및 재배포 금지",/news/news_read.nhn?article_id=0000854687&office_id=215&mode=search&query=LG생활건강&page=1
"국내 확진자 수 다시 증가, 투자심리 위축코스닥, 7개월만에 600선 무너져","코스피지수가 7개월 만에 장중 1900선이 무너졌다. 코스닥지수도 600선이 깨졌다. 신종 코로나바이러스 감염증(코로나19) 확산세가 이어지고 도널드 트럼프 미국 대통령의 경제대책 브리핑 불참으로 건강 우려가 고조된 점이 투자심리를 짓눌렀다.11일 코스피지수는 전날보다 54.66포인트(2.78%) 내린 1908.27에 거래를 마쳤다. 간밤 미국 증시가 급등하며 투자심리가 살아나는 듯했으나, 국내 코로나19 확진자수 증가세가 다시 확대되고 미국 영국 등 주요국이 코로나19로 비상이 걸리면서 투자심리가 위축됐다. 특히 트럼프 대통령이 코로나19 관련 경제대책 브리핑에 모습을 드러내지 않은 점은 투자심리를 더 얼어붙게 만들었다.
전날 브리핑 참석을 약속했지만 무슨 이유에서인지 '노쇼'(no show·약속을 해놓고 나오지 않는 것)한 것이다. 이를 두고 트럼프 대통령이 코로나 19에 감염된 것이 아니냐는 논란이 일었다.여기에 트럼프 대통령이 추진하는 급여세 인하 등 경기부양정책도 현실적으로 쉽지 않다는 분석이 나오면서 미국의 3대 지수 선물은 장 마감 이후 시간외 거래에서 2% 넘게 하락하고 있다. 국내외 악재가 겹치며 코스피 지수는 장중 낙폭을 확대 1898.27까지 저점을 낮췄다. 코스피지수가 장중 1900선 밑으로 내려간 건 2019년 8월6일 이후 7개월 만이다.외국인 기관이 팔자를 외치며 지수 하락을 이끌었다. 각각 7002억원 4646억원 매도 우위였다. 반면 개인은 1조원 넘게 주식을 쓸어담았다. 1조819억원 매수 우위를 나타냈다. 업종별로는 종이목재 의약품 기계 전기전자 의료정밀 전기가스업 등이 3~4% 약세였다.시가총액 상위 종목도 파랗게 질렸다. 삼성전자는 4% 넘게 빠지며 5만2100원에 장을 마쳤다. 삼성전자와 함께 반도체주 쌍두마차인 SK하이닉스도 4% 약세였다. 삼성전자우 삼성바이오로직스 LG화학 셀트리온 삼성물산 LG생활건강이 2~3% 하락했다.코스닥지수는 7개월 만에 600선이 붕괴됐다. 전날보다 24.36포인트(3.93%) 내린 595.61에 마감했다. 외국인 기관이 각각 2607억원 625억원 순매도했다. 개인은 3240억원 순매수했다.셀트리온헬스케어가 3%대 약세였고 에이치엘비 CJ ENM 에코프로비엠 원익IPS 휴젤 솔브레인이 4~5% 하락했다. 헬릭스미스는 8% 급락했다. 반면 씨젠은 8% 가까이 올랐다.내달 예정된 미국 암학회(AACR)가 코로나19 여파로 연기됐다는 소식에 참가 예정 바이오기업 주가는 급락했다. 제넥신 오스코텍 에이비엘바이오는 14~16% 떨어졌다.서울 외환시장에서 원·달러 환율은 전날보다 0.2원 내린 1193.0원에 장을 마쳤다.채선희 한경닷컴 기자 csun00@hankyung.com▶ ▶
 ▶
ⓒ 한국경제 & , 무단전재 및 재배포 금지",/news/news_read.nhn?article_id=0004304862&office_id=015&mode=search&query=LG생활건강&page=1
,"[머니투데이 오정은 기자] [에이블씨엔씨, 女 사외이사 2명 선임...3월 선임되는 조정열 대표도 여성] 뷰티업계가 2020년 주주총회에서 어려운 경영 환경을 돌파하기 위해 빅데이터·M&A(인수합병)·심리학 등 각 분야의 전문가를 사외이사로 영입하며 이사회를 보강하고 나섰다. 로드숍 '미샤'로 유명한 에이블씨엔씨는 대표이사를 비롯해 여성 등기임원을 3명으로 늘려 뷰티업계의 주목을 받고 있다. 11일 금융감독원에 따르면 아모레퍼시픽은 오는 20일 주주총회에서 차상균 서울대학교 데이터사이언스 대학원 교수 및 원장을 사외이사로 선임한다. 차 교수는 전기정보공학부 교수 출신의 빅데이터 전문가로 IT 및 디지털, AI(인공지능), 사물인터넷 전문가다. 아모레퍼시픽 측은 ""자사가 필요로 하는 다양한 기술 디지털 전략 수립에 큰 역할을 해줄 수 있는 후보자""라고 선임 사유를 밝혔다. 지난해 아모레퍼시픽은 디지털 채널 강화를 위해 이휘성 미국 IBM 전 부사장을 신규 사외이사로 영입한 데 이어 IT 전문인력을 추가로 보강한 것이다. 2020년 3월 현재 '코로나19'(COVID-19) 확산으로 오프라인 영업 환경이 더욱 악화되면서 디지털 채널과 관련 영업은 더 중요해진 상태다. LG생활건강은 20일 예정 주총에서 사외이사로 김재욱 고려대 경영대학장 겸 경영전문대학원장과 김기영 법무법인 율촌 변호사를 선임한다. 김 교수는 2017년부터 LG생건의 사외이사(감사위원)로 이번이 재선임이며 김기영 변호사는 신규 선임이다. 김기영 변호사는 M&A 및 기업 구조조정·공정거래법 전문가로 알려져 있다. LG생활건강은 2017년부터 2019년까지 율촌과 법률 자문계약을 맺은 적이 있지만 김기영 후보가 소송 및 자문을 담당하지는 않았다. 지난해 6월 LG생활건강은 쿠팡을 유통업법과 공정거래법 위반 혐의로 공정거래위원회에 신고하면서 법률 분쟁을 겪어, M&A와 공정거래법에 모두 밝은 김 변호사가 사외이사 후보에 올랐다.
에이블씨엔씨는 3명의 사외이사(겸 감사위원)를 신규 선임한다. 전규안 숭실대학교 학사부총장과 곽금주 서울대 심리학과 교수, 정성희 서울대학교 다양성위원회 위원이 사외이사 후보다. 에이블씨엔씨는 전규안·정성희 후보자는 각각 공인회계사·기자 출신으로 재무·언론전문가로서 감사위원 역할에 적합하다고 밝혔고 곽금주 교수는 심리학 전문가로 마케팅과 대외홍보 전략에 필요한 의사결정에 전문성을 더해줄 수 있다고 추천 사유를 밝혔다. 여성이 주 고객인 뷰티업계지만 이사진에서 여성 비율은 아직 높지 않다. 7월부터 시행 예정인 개정 자본시장법에 따르면 자산규모 2조원 이상 상장사 이사회에는 여성 1명 이상이 참여해야 한다. 아모레퍼시픽은 여성 등기임원이 1명, LG생활건강은 0명이다. 7월 시행 자본시장법에 따르면 규정을 충족하지 못할 경우 시행일로부터 2년 이내 여성 임원을 선임해야 한다. 다만 위반시 처벌받지는 않는다.에이블씨엔씨는 자산규모가 2조원 미만이지만 이번에 여성 사외이사 2명을 추가했다. 또 에이블씨엔씨는 3월 이사회에서 조정열 전 한독 대표를 신임 대표이사로 선임하면서 여성 등기임원이 3명이 된다. 한편 자산규모 2조원 이상인 아모레퍼시픽과 LG생활건강은 상법상 사외이사를 3명 이상 이사회 총수의 과반수로 둬야 한다. 아모레퍼시픽은 사내이사 3명에 사외이사가 5명으로 사외이사 비중이 사내이사보다 더 높다. LG생활건강 이사회도 사내이사 2명, 기타비상무이사 1명, 사외이사 4명으로 사외이사 비중이 더 높다. 오정은 기자 agentlittle@mt.co.kr
<저작권자 ⓒ '돈이 보이는 리얼타임 뉴스' 머니투데이, 무단전재 및 재배포 금지>",/news/news_read.nhn?article_id=0004373938&office_id=008&mode=search&query=LG생활건강&page=1
,"코스피가 4년 만에 장중 1900선이 무너지면서 '패닉장'을 연출했다.11일 코스피는 전일대비 54.66포인트(2.78%) 하락한 1908.27에 장을 마쳤다. 이날 2.74포인트 오른 1965.67에 출발했으나 외국인과 기관의 대량 매도에 급락하던 지수는 오후 들어 낙폭을 확대하며 결국 심리 저지선인 1900선을 내줬다. 장중 한때 1898.27까지 떨어졌다. 종가 기준 코스피 1900선 밑으로 떨어진 것은 지난 2016년 2월 17일(1883.94포인트)이 마지막이다. 장중에는 지난해 8월 29일 이른바 '바이오 쇼크'로 장중 한때 1891.81까지 떨어지기도 했으나 이후 소폭 반등해 1910선에서 장을 마감한 바 있다. 코스닥 시장 또한 4% 넘게 하락하면서 592.61에 머물며 600선이 무너졌다. 개인이 1조원 넘게 물량을 사들였으나 외국인과 기관의 대량 매도에 밀려 지수 하락을 막지 못했다. 이에 따라 유가증권시장 시가총액은 36조 5849억원 감소, 코스닥시장은 8조 8464억원 감소했다.코스피 급락은 코로나19 공포 영향 탓이다. 코로나19 확진자수가 둔화되면 사태가 진정될 것으로 전망했으나 이날 이날 대구·경북을 비롯해 수도권 일대에서도 코로나19 국내 확진자 수가 급증하면서 투자 심리가 크게 위축한 것으로 보인다.중앙방역대책본부는 0시 기준 코로나19 확진자가 전날(10일) 0시에 비해 242명 증가했다고 발표했다. 신규 확진자 242명 가운데 149명은 대구·경북에서 나왔다. 서울 구로구 콜센터 집단감염 영향으로 서울 지역 신규 확진자는 52명으로 집계됐다. 경기와 인천은 각각 12명이다. 서울과 경기는 누적 확진자가 각각 193명과 175명으로 200명에 접근하고 있다. 국내 누적 확진자수는 총 7755명이다.한대훈 SK증권 연구원은 ""지금까지 지수 하단으로 생각했던 1900선의 하향 이탈 가능성과 일부 부실기업들의 도산 가능성까지 모두 열어둬야 하는 최악의 상황""이라며 ""코로나19의 확산에 따른 경기 둔화 가능성이 여전한 가운데 석유수출국기구(OPEC)의 감산 실패에 따른 유가 급락과 에너지 기업들의 부실 리스크, 여전히 진정되지 않는 미국의 금리가 동시다발적으로 증시에 악영향을 미치고 있다""고 설명했다.하인환 메리츠종금증권 연구원은 ""코로나19 문제는 이제 중국과 한국보다 유럽과 미국에서 더 심각한 상황이 됐다""면서 ""트럼프 대통령이 급여세 면제를 제안했다는 소식에 미국 증시는 5% 가까이 반등했지만 이탈리아에서는 부양책의 일환으로 채무상환을 유예해주는 조치에도 오히려 은행 부실에 대한 문제가 재부각되는 계기가 되면 증시는 3% 넘는 낙폭해 향후 글로벌 증시는 각종 부양책들에 의해 일부 '반등'할 수 있겠으나 코로나19 문제로 인해 수면 위로 드러난 문제들로 변동성은 나타날 것""이라고 분석했다.대표적으로 유가 급락에 따른 셰일업체들의 부실 우려나 이탈리아 은행 부실 문제 등이다.이날 유가증권시장에서는 업종별로 의료정밀이 4% 이상 떨어졌고 전기·가스업, 기계, 종이·목재, 제조업, 의약품 등 줄줄이 하락했다.매매주체별로 개인이 1조 818억원 순매수했으나 외국인과 기관은 각각 7002억원, 4646억원 순매도했다. 프로그램 매매는 2883억원 매도 우위를 나타냈다.시가총액 상위 종목들은 일제히 하락했다. 삼성전자와 SK하이닉스가 4% 넘게 떨어지며 흔들렸고 이어 삼성바이오로직스, NAVER, LG화학, 셀트리온, 현대차, 삼성SDI, 삼성물산, LG생활건강, 현대모비스 등이 약세였다.이날 유가증권시장에서는 81개 종목이 올랐고 800개 종목이 감소했다.코스닥은 전일 대비 24.36포인트(0.3.93%) 하락한 595.61에 마감했다.[디지털뉴스국 김규리 기자] [ⓒ 매일경제 & mk.co.kr, 무단전재 및 재배포 금지]",/news/news_read.nhn?article_id=0004534526&office_id=009&mode=search&query=LG생활건강&page=1
,"외국인·기관 1조원 이상 '팔자'…코스닥 600선 무너져 (서울=연합뉴스) 김기훈 기자 = 11일 국내 증시에서 코스피가 또다시 급락해 장중 한때 1,900선이 무너졌다. 코스닥 지수도 600선이 무너진 채 마감했다.

이날 코스피는 전 거래일보다 54.66포인트(2.78%) 내린 1,908.27에 거래를 마쳤다.

이는 종가 기준으로 2016년 2월 17일(1,883.94) 이후 약 4년여만에 가장 낮은 수준이다.

지수는 전장보다 2.74포인트(0.14%) 오른 1,965.67에서 출발한 뒤 개장 초반 보합권에서 상승과 하락을 반복하다 오후 들어 낙폭을 키웠다.

 오후 한때 낙폭이 3%를 넘어서면서 1,900선이 무너지기도 했다.

코스피가 장중 1,900선 아래로 내려간 것은 지난해 8월 6일(장중 1,891.81) 이후 약 7개월 만이다.

이날 하루 유가증권시장에서는 시가총액 36조5천849억원이 감소했다.

유가증권시장에서는 외국인이 7천2억원, 기관이 4천646억원을 순매도했다. 개인은 1조819억원을 순매수했다.

유가증권시장에서 외국인은 5거래일 동안 3조7천114억원을 순매도했다. 개인은 같은 기간 3조7천871억원을 순매수했다.

간밤에 뉴욕증시에서 주요 지수는 미국의 경기부양책에 대한 기대감으로 큰 폭 상승했지만, 국내 증시는 이와 반대 방향으로 움직였다

서상영 키움증권 연구원은 ""미국과 유럽 위주로 코로나19 확진자 수가 급증하고 있어 경기 둔화 우려가 주가 상승의 발목을 잡고 있다""며 ""도널드 트럼프 대통령이 제안한 급여세 면제 정책의 의회 통과가 쉽지 않다는 전망이 나온 것도 부정적인 영향을 미쳤다""고 분석했다.

이어 그는 ""경기 부양책과 경기둔화 우려가 충돌하며 주식시장에서는 방향성 없는 모습이 이어질 것으로 보인다""고 전망했다.

이영곤 하나금융투자 연구원은 ""트럼프 대통령이 내놓은 대책이 현 상황을 되돌리기는 역부족이고 미국 증시에서 주가가 더 하락할 수 있다는 인식이 확산하고 있다""고 진단했다.

시가총액 상위 10위권 종목은 모두 하락 마감했다.

삼성전자(-4.58%), SK하이닉스(-4.04%), 삼성바이오로직스(-2.42%), 네이버(-1.16%), LG화학(-2.28%), 셀트리온(-3.31%), 현대차(-1.96%), 삼성SDI(-1.53%), 삼성물산(-2.40%), LG생활건강(-2.95%) 등이 내렸다.

업종별로는 의료정밀(-4.60%), 전기가스업(-4.40%), 전기·전자(-4.30%) 등 대부분 업종이 약세였다.

주가가 오른 종목은 83개, 내린 종목은 801개였다. 보합은 24개 종목이었다.

프로그램 매매는 차익거래와 비차익거래 모두 매도 우위로 전체적으로는 2천883원의 순매도로 집계됐다.

유가증권시장의 거래량은 6억2천604만주, 거래대금은 8조365억원이었다.

코스닥지수는 전장보다 24.36포인트(3.93%) 내린 595.61로 마감했다.

코스닥지수가 600선 밑으로 하락한 것은 지난해 8월 29일(599.57) 이후 6개월여만이다.

이로써 코스닥시장에서는 이날 하루 시총이 8조8천464억원 감소했다.

지수는 전장보다 1.15포인트(0.19%) 오른 621.12로 개장한 뒤 우하향 곡선을 그렸다.

코스닥시장에서는 개인이 3천240억원을 순매수하고 외국인과 기관이 각각 2천606억원, 625억원을 순매도했다.

이날 코스닥시장에서의 외국인 순매도액은 2018년 2월 2일(2천865억원) 이후 최대 수준이다.

시총 상위주 중에는 씨젠(7.86%)만 올랐다.

셀트리온헬스케어(-3.08%), 에이치엘비(-5.14%), CJ ENM(-5.38%), 펄어비스(-3.64%), 스튜디오드래곤(-2.88%), 케이엠더블유(-1.98%), 에코프로비엠(-4.62%), SK머티리얼즈(-3.23%), 원익IPS(-4.07%) 등은 내렸다.

코스닥시장의 거래량은 14억9천798만주, 거래대금은 8조1천612억원 수준이었다.

서울 외환시장에서 원/달러 환율은 전날보다 달러당 0.2원 내린 1,193.0원에 마감했다.

kihun@yna.co.kr",/news/news_read.nhn?article_id=0011465725&office_id=001&mode=search&query=LG생활건강&page=1
,"이날 코스피는 전 거래일보다 54.66포인트(2.78%) 내린 1908.27에 거래를 마쳤다. 오후 한때 낙폭이 3%를 넘어서머 1900선도 무너졌다. 외국인과 기관이 쌍끌이 매도했다. 외국인은 7002억원, 기관은 4646억원을 순매도했다. 개인만이 9일 매도량은 하루 동안 1조3125억원이었는데 이는 2010년 11월 11일 1조3094억원 이후 최대 규모 순매도다.전날밤 뉴욕증시 뉴욕지수가 경기부양책에 대한 기대감으로 5% 가까이 상승했지만 국내 증시는 정반대로 움직였다. 시가총액 상위 10위권 종목도 모두 하락 마감했다. 주가가 오른 종목은 83개, 내린 종목은 801개였다.삼성전자(-4.58%), SK하이닉스(-4.04%), 삼성바이오로직스(-2.42%), 네이버(-1.16%), LG화학(-2.28%), 셀트리온(-3.31%), 현대차(-1.96%), 삼성SDI(-1.53%), 삼성물산(-2.40%), LG생활건강(-2.95%) 등이 내렸다.코스닥지수는 전장보다 24.36포인트(3.93%) 내린 595.61로 마감했다. 김동우 기자 love@kmib.co.krGoodNews paper ⓒ , 무단전재 및 재배포금지",/news/news_read.nhn?article_id=0001298050&office_id=005&mode=search&query=LG생활건강&page=1
,"손희연 기자 son90@mt.co.kr
<저작권자 ⓒ '성공을 꿈꾸는 사람들의 경제 뉴스' 머니S, 무단전재 및 재배포 금지>",/news/news_read.nhn?article_id=0000516551&office_id=417&mode=search&query=LG생활건강&page=1
,"[디지털타임스 이미정 기자] 국내 증시가 외국인과 기관 매도 공세에 또다시 급락해 1900선에 장을 마쳤다. 코스닥 지수도 600선이 무너진 채 마감했다.이는 종가 기준으로 2016년 2월 17일(1883.94) 이후 약 4년여만에 가장 낮은 수준이다.이날 코스피는 전날보다 2.74포인트(0.14%) 오른 1965.67에서 출발한 뒤 개장 초반 보합권에서 상승과 하락을 반복하다 오후 들어 낙폭을 키웠다. 오후 한때 낙폭이 3%를 넘어서면서 1900선이 무너지기도 했다.코스피가 장중 1900선 아래로 내려간 것은 지난해 8월 6일(장중 1891.81) 이후 약 7개월 만이다. 이날 하루 유가증권시장에서는 시가총액 36조5849억원이 증발했다. 유가증권시장에서는 외국인이 7002억원, 기관이 4646억원을 순매도했다. 개인은 1조819억원을 순매수했다. 외국인은 5거래일 동안 3조7114억원을 순매도했다. 개인은 같은 기간 3조7871억원을 순매수했다.서상영 키움증권 연구원은 ""미국과 유럽 위주로 코로나19 확진자 수가 급증하고 있어 경기 둔화 우려가 주가 상승의 발목을 잡고 있다""며 ""도널드 트럼프 대통령이 제안한 급여세 면제 정책의 의회 통과가 쉽지 않다는 전망이 나온 것도 부정적인 영향을 미쳤다""고 분석했다.시가총액 상위 10위권 종목은 모두 하락 마감했다. 삼성전자(-4.58%), SK하이닉스(-4.04%), 삼성바이오로직스(-2.42%), 네이버(-1.16%), LG화학(-2.28%), 셀트리온(-3.31%), 현대차(-1.96%), 삼성SDI(-1.53%), 삼성물산(-2.40%), LG생활건강(-2.95%) 등이 내렸다.업종별로는 의료정밀(-4.60%), 전기가스업(-4.40%), 전기·전자(-4.30%) 등 대부분 업종이 약세였다. 주가가 오른 종목은 83개, 내린 종목은 801개였다. 보합은 24개 종목이었다. 프로그램 매매는 차익거래와 비차익거래 모두 매도 우위로 전체적으로는 2883원의 순매도로 집계됐다.코스닥지수는 전 거래일 대비 24.36포인트(3.93%) 내린 595.61로 장을 마쳤다. 코스닥지수가 600선 밑으로 하락한 것은 지난해 8월 29일(599.57) 이후 6개월여만이다. 코스닥시장에서는 이날 하루 시총이 8조8464억원 감소했다.코스닥시장에서는 개인이 3240억원을 순매수하고 외국인과 기관이 각각 2606억원, 625억원을 순매도했다. 이날 코스닥시장에서의 외국인 순매도액은 2018년 2월 2일(2865억원) 이후 최대 수준이다.시가총액 상위주 중에는 씨젠(7.86%)을 제외한 대부분 종목이 하락했다. 셀트리온헬스케어(-3.08%), 에이치엘비(-5.14%), CJ ENM(-5.38%), 펄어비스(-3.64%), 스튜디오드래곤(-2.88%), 케이엠더블유(-1.98%), 에코프로비엠(-4.62%), SK머티리얼즈 등은 내렸다. 코스닥시장의 거래량은 14억9798만주, 거래대금은 8조1612억원 수준이었다.원·달러 환율은 전날보다 달러당 0.2원 내린 1193.0원에 마감했다. 이미정기자 lmj0919@dt.co.kr 디지털타임스
/",/news/news_read.nhn?article_id=0002588323&office_id=029&mode=search&query=LG생활건강&page=1
,"LG생활건강은 '로얄 블루밍 모먼트(Royal Blooming Moment)'를 디자인에 담아낸 '후 공진향:설 미백 수분광 쿠션 스페셜 에디션'을 11일 출시했다. 이 제품은 봄 꽃이 만개해 흩날리는 풍경을 패키지 디자인으로 완성했다. LG생활건강은 ""후 공진향:설 미백 수분광 쿠션은 탁월한 밀착력과 매끈한 커버력으로 화사함과 생기를 더해주는 제품""이라며 ""쿠션을 두드릴수록 촉촉함을 더해줘 미백 수분광 피부를 완성해준다""고 설명했다. 이번 스페셜 에디션은 블루밍 로즈 컬러의 후 공진향:미 크림 블러셔도 함께 증정한다.조혜승 기자 chohs1021@womennews.co.kr<Copyright ⓒ 여성신문. 무단전재 및 재배포 금지>",/news/news_read.nhn?article_id=0000077231&office_id=310&mode=search&query=LG생활건강&page=1
