head,text,url
"‘유어브랜드’에서 가장 먼저 제품을 출시하는 인플루언서들. 왼쪽부터 린지, 소유, 여니엘.(사진=롯데쇼핑)◇유통·제조사, 브랜드 아닌 유튜버와 콜래보 제품 선봬","[이데일리 이윤화 기자] 지난해 화장품 온라인 쇼핑 거래액은 12조2986억원으로, 2018년(9조8404억원) 대비 25% 성장했다. 화장품 업계에도 온라인 유통 바람이 불고 있는 셈이다. 온라인 화장품 시장 성장에 가장 크게 기여한 것은 화장품 업계 ‘큰 손’으로 떠오른 인플루언서들이다. 24일 관련 업계에 따르면 화장품 시장이 LG생활건강·아모레 등 1세대 기업형에서 티르티르·롬앤 등 ‘4세대’ 개인 뷰티 브랜드로 다양화하면서 인플루언서들의 영향력이 커지고 있다. 업계에서는 화장품 시장을 LG생활건강·아모레 등을 1세대로, 네이처리퍼블릭·더페이스샵·미샤 등 중저가 화장품 브랜드를 2세대로 분류한다. 이후 닥터자르트나 아이소이 등 헬스앤뷰티(H&B) 성장과 K뷰티 인기에 따라 성장한 브랜드들을 3세대 비즈니스 형태로 본다. 마지막으로 페이스북·인스타그램 등 소셜네트워크서비스(SNS)를 통해 일반 대중에게 영향력을 미치는 인플루언서들이 이끄는 화장품 시장이 바로 4세대로 구분된다.
온라인 화장품 거래가 12조원을 돌파하게 된 비결은 인플루언서들의 생생한 체험기에 있다. 과거에는 소비자가 직접 화장품 매장에 가서 발색력 등을 확인해야 했지만, 이제는 고화질 카메라로 촬영된 유튜버들의 영상만으로도 어떤 제품이 좋은지, 어떻게 메이크업을 해야 하는지까지 알 수 있는 세상이 됐다. 또한 기초제품의 경우 자신에게 맞는 브랜드나 제품을 반복 구매하는 경향이 높은 특성으로 온라인 판매와 유통에 적합하다. 특히 뷰티 인플루언서들은 ‘영상 세대’로도 불리는 M·Z세대에게 큰 영향을 미친다는 점에서 젊은 층을 중심으로 한 홍보·마케팅 효과도 확실하다. 이들은 과거 화장품 리뷰를 통한 광고 매개체에서 직접 자신의 이름을 단 제품을 만들고 판매하는 하나의 ‘브랜드’가 됐다. 이에 유통가에서는 대형 브랜드 대신 유명 유튜버들과 손을 잡고 있다. 롯데쇼핑은 최근 패션모델 ‘소유’, 뷰티크리에이터 ‘린지’, 주얼리 디자이너 ‘여니엘’ 등 인플루언서들과 손잡고 매달 새로운 화장품을 선보이는 ‘유어브랜드’를 론칭했다.유어브랜드는 트렌드 리더로서 영향력이 더 커지고 있는 인플루언서들이 자신의 브랜드를 론칭할 수 있는 뷰티 플랫폼이다. 유어브랜드는 마케팅 플랫폼 운영사인 ‘아이엠피랩’과 화장품 개발 및 브랜딩 전문 ‘인핸스비’, 유명 화장품 제조 생산 회사인 ‘코스맥스’가 손을 잡고 1년여의 준비 끝에 탄생했다. 유통은 국내 최대 유통기업인 롯데백화점이 전담한다. 업계 최고의 전문가와 셀럽들이 직접 디렉션한다는 특징이 있다. 국내 대표 화장품 제조업자 브랜드 개발·생산(OBM) 업체인 한국콜마와 코스맥스는 소셜미디어팀 등 화장품 사업을 시작하려는 1인 사업자들을 위해 브랜드 기획 단계부터 지원해주는 전담팀도 마련해 운영하고 있다. 맥이 한국 대표 뷰티 크리에이터 ‘라뮤끄’와 선보인 리미티드 에디션.(사진=맥)화장품 시장 선점을 위해 인플루언서와의 협업을 넓히는 곳은 제조사나 유통가뿐만이 아니다. 최근 네이버는 패션·뷰티 제품군을 중심으로 쇼핑 플랫폼으로서의 역할을 강화하면서 이용자가 키워드챌린지에 등록된 단어를 검색하면 이와 관련한 인플루언서 콘텐츠를 상단에 보이도록 하는 시스템을 갖췄다. 유튜브와의 차별화를 꾀해야 하는 네이버는 전자상거래(이커머스) 시장 확대에 있어 사회관계망서비스(SNS)의 영향력이 점차 커짐에 따라 지난해 말 인플루언서 검색과 키워드챌린지 베타서비스를 시작했다. 창작자들이 가장 많이 활동하고 있는 2개 카테고리인 여행과 뷰티 분야의 200개 키워드(런던 여행, 제주도 여행, 아이라이너 등)로 베타서비스를 시작했고, 그 범위를 넓혀가는 중이다.글로벌 화장품 브랜드들도 각 국가에 맞춰 인기 인플루언서 모시기에 여념이 없다. 콜래보 제품 하나를 출시하더라도 원재료부터 패키지 디자인까지 인플루언서의 특성을 강화하고 있다. 글로벌 메이크업 브랜드 맥(M·A·C)이 글로벌 시장에서 영향력 있는 뷰티 인플루언서들과 함께 그들의 스타일과 개성을 담은 메이크업 제품을 소개하는 맥의 리미티드 컬렉션인 ‘맥 메이커(M·A·C Maker)’가 대표적이다. 한국 시장에서는 최근 뷰티 크리에이터 ‘라뮤끄’와 손잡고
한정판 상품인 ‘맥 라뮤끄 립스틱’을 출시했다. 라뮤끄는 한국을 대표해 직접 맥 뉴욕 본사를 방문, 원하는 컬러와 패키지까지 모든 과정에 참여했다. 맥 메이커 3.0 맥 라뮤끄 립스틱은 K뷰티 트렌드를 담은 로지 핑크 컬러에 무광의 질감으로 골드 패키지에 담겨 출시됐다. 로지 핑크는 맥의 베스트 컬러인 ‘카인다섹시’와 ‘칠리’를 절묘하게 섞은 듯한 컬러로, 한국 여성에게 특히 인기 있는 색상이다. 이윤화 (akfdl34@edaily.co.kr)＜ⓒ종합 경제정보 미디어 이데일리 - 무단전재 & 재배포 금지＞",/news/news_read.nhn?article_id=0004604832&office_id=018&mode=search&query=LG생활건강&page=2
"시장심리 워스트5, 한국전력·한국금융지주·현대모비스·조광피혁·무학","[서울=뉴시스] 김제이 기자 = 25일 빅데이터 시장심리지수(MSI)가 가장 높은 '톱5'에 셀트리온·한화·CJ·신세계·LG생활건강이 선정됐다.이는 뉴시스와 코스콤이 주요 상장기업 250곳에 대해 공동 분석해 산출해 낸 빅데이터 MSI(http://m.newsis.com/stock.html, 모바일 전용)로 전 거래일 오후 4시부터 이날 오전 8시까지 데이터를 취합한 결과다.셀트리온의 시장심리지수는 전 거래일과 같은 7단계 '매우 좋음'을 나타냈다. 관련 키워드로는 치료제, 개발, 항체, 셀트리온제약, 셀트리온헬스케어, 임상, 코로나, 등락률 등이 뽑혔다.한화의 시장심리지수는 전 거래일보다 1단계 오른 7단계로 집계됐다. 연관 키워드로는 규제, 한화솔루션, 개발, 미래, 태양광, 사내이사, 기술, 회사채 등이 꼽혔다.CJ의 시장심리지수는 7단계 '매우 좋음'으로 전 거래일과 같았다. 온라인에서는 상품, 최대, 구매후기보기, 상품정보보기, 적립, 규제, 무료배송, 매장 등이 주로 검색됐다.신세계의 MSI지수는 전 거래일 대비 1단계 상승한 7단계를 나타냈다. 핵심 키워드로는 규제, 온라인, 고객, 점포, 매장, 기술, 경제, 개발 등이 선정됐다.LG생활건강의 MSI지수는 7단계 '매우 좋음'으로 전 거래일과 같았다. 주요 키워드로는 등락률, 개발, 자체, 화장품, 연준, 증권플러스, 조선비즈, 연관 등이 꼽혔다.시장심리가 낮은 '워스트5'에는 한국전력·한국금융지주·현대모비스·조광피혁·무학이 꼽혔다.한국전력의 시장심리지수는 전 거래일 대비 6단계 내린 1단계 '매우 나쁨'을 기록했다. 관련 키워드로는 한전, 전기요금, 유예, 면제, 전기료, 손실, 사태, 적자 등이 꼽혔다.한국금융지주의 시장심리지수는 1단계로 전 거래일과 동일했다. 연관 키워드로는 자사주, 매입, 임원, 급여, 사장, 반납, 어치, 위기 등이 뽑혔다.현대모비스의 시장심리지수는 전 거래일과 같은 1단계를 나타냈다. 온라인에서는 수석, 매입, 현대차그룹, 자사주, 의지, 임원, 사태, 책임경영 등이 주로 검색됐다.조광피혁의 MSI지수는 1단계로 전 거래일과 같은 수준을 나타냈다. 핵심 키워드로는 덕성, 대원화성, 개발, 등락률, 증권플러스, 조선비즈, 자체, 동성화학 등이 선정됐다.무학의 MSI지수는 전 거래일보다 3단계 내린 1단계 '매우 나쁨'을 기록했다. 키워드로 소주, 주류, 맥주, 규제, 테마, 주류시장, 주력, 제조 등이 뽑혔다.MSI는 총 7단계로 나뉜다. 1단계 '매우 나쁨', 2단계 '나쁨', 3단계 '약간 나쁨', 4단계 '보통', 5단계 '약간 좋음', 6단계 '좋음', 7단계 '매우 좋음' 등으로 분류된다.MSI 레벨이 가장 낮은 수준인 1단계에서 가장 높은 수준인 7단계 쪽으로 바뀌면 해당 종목에 대해 온라인상에서의 반응이 부정에서 긍정으로 바뀌고 있다는 뜻으로 풀이할 수 있다.한편 2017년 8월1일부터 선보인 빅데이터 MSI 모바일 전용 버전은 구글플레이 또는 애플 앱스토어에서 '뉴시스' 앱을 내려받거나 뉴시스 모바일 홈페이지(m.newsis.com)에 접속한 뒤 메인화면의 '빅데이터 MSI'를 클릭해 이용하면 된다.※ 빅데이터MSI는 투자 참고용이며, 투자 결과에 책임을 지지 않습니다. 주식시장에서는 다양한 국내외 변수가 존재하기 때문에 한 지표로만 판단하면 뜻하지 않은 결과를 초래할 수 있습니다. jey@newsis.com<ⓒ 공감언론 뉴시스통신사. 무단전재-재배포 금지>",/news/news_read.nhn?article_id=0009775490&office_id=003&mode=search&query=LG생활건강&page=2
▶ 네이버 홈에서 [한국경제TV] 채널 구독하기 [생방송보기]▶ 대한민국 재테크 총집결! - [증권 / 주식상담 / 부동산],"[한국경제TV 신재근 기자]코스피 시가총액 상위 종목이 연이틀 강세다.25일 오전 9시 3분 현재 삼성전자는 전 거래일 대비 2,200원(4.69%) 오른 4만9,150원에 거래되고 있다.같은 시각 SK하이닉스(4.96%)와 삼성바이오로직스(3.26%), NAVER(4.17%), 셀트리온(3.26%), LG화학(7.64%), 삼성SDI(7.51%), LG생활건강(0.87%), 현대차(8.56%), 삼성물산(3.46%)도 비슷한 흐름이다.특히 SK하이닉스의 경우, 외국계 증권사 창구를 통해 매수세가 유입되고 있다.각국 정부의 대규모 재정 부양책이 그동안 급속도로 치솟았던 공포심리를 일부 완화시키는 것으로 보인다.신재근기자 jkluv@wowtv.co.krⓒ 한국경제TV, 무단 전재 및 재배포 금지",/news/news_read.nhn?article_id=0000858928&office_id=215&mode=search&query=LG생활건강&page=2
,"[이데일리 박종오 기자] 코스피(유가증권시장) 지수가 25일 장 시작과 동시에 4% 넘게 오르며 1700선 턱밑까지 밀고 올라갔다. 미국 중앙은행의 무제한 양적완화와 금융 지원, 한국 정부의 100조원 규모 금융시장 안정 대책 등이 쏟아지며 시장 불안이 완화한 것으로 분석된다. 25일 마켓포인트에 따르면 이날 오전 9시 13분 현재 코스피 지수는 전 거래일 종가보다 4.28% 오른 1678.81을 기록하고 있다. 미국과 한국 등이 코로나19 대응을 위한 고강도 경제·금융대책을 발표하고 간밤 미국 다우지수, 유럽 스톡스600 지수 등 글로벌 증시도 일제히 큰 폭으로 반등하면서 투자 심리가 개선된 분위기다. 이날 코스피 시장에서 개인은 주식 3552억원어치를 사들이고 있다. 반면 기관과 외국인은 각각 3022억원, 531억원가량을 팔아치우고 있다. 특히 연기금 등이 1044억원 규모를 순매도 중이다. 업종별로 모든 업종의 주가가 오른다. 운수·창고가 6.92% 상승해 오름폭이 가장 크다. 운수·장비(7%), 은행(5.96%), 증권(5.87%), 철강·금속(4.99%) 등도 5% 안팎의 상승세를 보이고 있다. 시가총액 상위 10개 종목 중 LG생활건강(051900)(-0.44%)을 제외한 9개가 오름세다. 대장주인 삼성전자(005930)는 전일보다 4.37% 오른 4만9000원에 거래되고 있다. SK하이닉스(000660)(4.32%), 삼성바이오로직스(207940)(2%), NAVER(035420)(2.56), 셀트리온(068270)(0.54%) 등도 줄줄이 주가가 오른다.박종오 (pjo22@edaily.co.kr)＜ⓒ종합 경제정보 미디어 이데일리 - 무단전재 & 재배포 금지＞",/news/news_read.nhn?article_id=0004605090&office_id=018&mode=search&query=LG생활건강&page=2
LG생활건강 나홀로 하락,"[아이뉴스24 한수연 기자] 코스피가 정부의 금융시장 안정화 대책에 반등한 가운데 시가총액 상위종목도 대부분 강세를 보이고 있다.25일 오전 9시10분 현재 유가증권시장에서 LG화학은 전 거래일 대비 7.64%(2만2천원) 오른 31만원에 거래되고 있다. 삼성SDI와 현대차도 각각 6.90%, 7.09% 오름세다.삼성전자(4.69%)와 SK하이닉스(4.83%), 삼성물산(3.23%) 등은 3~4%대 강세를 나타내고 있다. 이 외에도 삼성바이오로직스(1.68%), NAVER(1.92%), 셀트리온(1.09%) 등이 일제히 상승 중이다.반면 LG생활건강은 전 거래일 대비 0.35%(4천원) 빠진 114만원에 거래되고 있다.한편 이날 코스피는 전 거래일 대비 3.62%(58.22포인트) 급등한 1668.19에 장을 시작했다. papyrus@inews24.com [ⓒ 아이뉴스24 무단전재 및 재배포 금지]",/news/news_read.nhn?article_id=0000531168&office_id=031&mode=search&query=LG생활건강&page=2
,"코스닥은 장중 500선 회복(서울=연합뉴스) 황재하 기자 = 코스피가 25일도 전날에 이어 급등세로 출발했다.

이날 오전 9시 15분 현재 코스피는 전 거래일보다 64.16포인트(3.99%) 오른 1,674.13을 가리켰다.

지수는 58.22포인트(3.62%) 오른 1,668.19로 출발해 상승세를 이어가고 있다. 장중 한때는 최대 88.05포인트(5.47%) 오른 1,698.02를 기록했다.

유가증권시장에서는 개인이 3천811억원어치를 순매수하며 지수 상승을 이끌고 있다.

전날까지 14거래일 연속 순매도한 외국인은 이날도 424억원을 순매도하고 있고, 기관도 3천385억원을 순매도했다.

간밤 뉴욕증시에서는 다우존스30 산업평균지수(11.37%), 스탠더드앤드푸어스(S&P)500 지수(9.38%), 나스닥 지수 (8.12%)가 일제히 폭등했다.

이는 미국 스티븐 므누신 재무장관과 낸시 펠로시 하원의장(민주당) 등이 미국 정부가 추진 중인 대규모 부양책의 의회 합의가 임박했다는 발언을 내놓은 영향으로 풀이된다.

서상영 키움증권 연구원은 ""미국 재정 지출 합의가 임박했다는 기대가 나오면서 위험자산 선호 심리가 높아진 것으로 보인다""고 설명했다.

이어 ""아시아 시장에서 코로나19 확산 우려가 완화되며 공급망 정상화 가능성이 커진 점도 한국 증시에 긍정적""이라며 ""중국 확진자 증가세가 완만해지면서 중국 내 소비가 증가하고 있다는 언론 보도가 나오는 등 주변 환경이 우호적""이라고 설명했다.

시가총액 상위 종목은 LG화학(9.38%), 삼성SDI(9.13%), 현대차(8.02%), 삼성전자(5.22%), SK하이닉스(4.96%), 삼성물산(4.66%), NAVER(3.53%), 삼성바이오로직스(2.42%), 셀트리온(1.63%), LG생활건강(0.79%) 등 10위 이내 모든 종목이 올랐다.

업종별로도 운수·장비(8.71%), 은행(7.42%), 운수·창고(7.31%), 증권(6.66%), 철강·금속(6.25%), 의료정밀(6.09%), 전기·전자(5.78%) 등 모든 업종이 강세다.

같은 시각 코스닥지수는 전 거래일보다 16.56포인트(3.45%) 오른 496.96을 나타냈다.

지수는 15.92포인트(3.31%) 오른 496.32로 개장해 강세를 이어가고 있다. 장중 한때는 23.25포인트(4.84%) 오른 503.65까지 올라 지난 19일(장중 최고가 502.12) 이후 처음 장중 500선을 회복했다.

코스닥시장에서는 개인이 762억원어치를 순매수했다. 외국인은 373억원, 기관은 406억원을 순매도했다.

시총 상위 종목은 셀트리온제약(21.12%), 씨젠(20.35%)이 급등했고, CJ ENM(6.48%), 휴젤(3.88%), SK머티리얼즈(3.53%), 케이엠더블유(2.97%), 펄어비스(1.99%), 셀트리온헬스케어(1.91%), 스튜디오드래곤(1.64%), 에이치엘비(1.52%) 등도 올랐다.

jaeh@yna.co.kr",/news/news_read.nhn?article_id=0011496823&office_id=001&mode=search&query=LG생활건강&page=2
▶ 헉! 소리나는 스!토리 뉴스 [헉스]▶ '아는 척'하고 싶은 당신을 위한 [두유노우]▶ 한눈에 보는 [4·15총선 NEWS MAP],"[파이낸셜뉴스] 코스피가 장 초반 3%대 강세를 나타내고 있다.
 25일 오전 9시 23분 현재 코스피지수는 전일대비 3.92%(63.13)포인트 오른 1673.10을 기록하고 있다. 지수는 전장대비 3.62% 오른 1668.19에 개장해 강세 흐름을 나타내고 있다.
 미국 뉴욕증시가 정부의 대규모 부양책 법안 처리 기대감에 폭등한 영향이다. 24일(현지시간) 뉴욕증권거래소(NYSE)에서 다우존스 30 산업평균지수는 전장보다 2112.98포인트(11.37%) 폭등한 2만0704.91에 거래를 마쳤다. 스탠더드앤드푸어스(S&P) 500 지수는 전장보다 209.93포인트(9.38%) 뛴 2447.33에, 기술주 중심의 나스닥도 557.18포인트(8.12%) 폭등한 7417.86에 장을 마감했다.
 다우지수는 1933년 약 87년 만에 이후 최대 상승률을 기록했다.
 미국 중앙은행인 연방준비제도(Fed·연준)의 무제한 양적완화에 이어 의회에서 2조 달러 규모의 경기부양책 합의 가능성이 높아지며 증시가 큰 폭 반등했다.
 이 시각 현재 코스피시장에서 개인은 4471억원을 순매수 하고 있다. 외국인과 기관은 각각 368억원, 3840억원을 순매도 하고 있다.
 전 업종이 상승하고 있다. 시가총액 상위종목은 셀트리온, LG생활건강을 제외한 대부분 종목이 강세를 나타내고 있다. 삼성전자, SK하이닉스는 각각 3.73%, 3.56% 오르고 있다. LG화학, 삼성SDI는, 현대차는 6%대, 현대모비스는 12%대 급등하고 있다.
 같은 시각 코스닥지수는 전일대비 16.94포인트(3.53%) 오른 497.34를 기록하고 있다. 코스닥시장에서 개인은 833억원을 순매수 하는 반면 외국인과 기관은 각각 362억원, 500억원을 순매도 하고 있다.
 한편, 이날 서울 외환시장에서 원·달러환율은 전 거래일(1249.6원)보다 13.9원 내린 1235.7원에 출발했다.



 ※ 저작권자 ⓒ 파이낸셜뉴스. 무단 전재-재배포 금지",/news/news_read.nhn?article_id=0004395997&office_id=014&mode=search&query=LG생활건강&page=2
"개인 홀로 '사자', 외국인·기관 동반 순매도","미국 다우지수가 87년만에 11% 이상의 상승률을 기록하면서 코스피도 장초반 4% 가까이 상승세를 기록중이다.25일 오전 9시 26분 현재 코스피 지수는 전장대비 65.76포인트(4.08%) 상승한 1675.73을 기록중이다. 외국인과 기관이 각각 421억원, 4041억원을 순매도하고 있고 개인이 4593억원어치를 쓸어담았다.시가총액 상위종목들은 혼조세다. 삼성전자(3.62%)와 SK하이닉스(3.68%), 삼성바이오로직스(1.16%), 네이버(1.92%), LG화학(6.77%), 삼성SDI(6.09%), 현대차(6.95%) 등 상승세를 기록한 반면 셀트리온(-0.54%), LG생활건강(-0.87%)은 하락세다.코스닥 지수는 전장대비 17.04포인트(3.55%) 상승한 497.51을 기록중이다.24일(현지시간) 뉴욕증시에서 다우존스30 산업평균지수는 2112.98포인트(11.37%) 오른 2만704.91에 거래를 마쳤다. 다우지수는 1933년 3월 15일에는 15% 이상 치솟으면서 역대 최고 상승률을 기록한 바 있다.스탠더드앤드푸어스(S&P)500지수는 209.93포인트(9.38%) 상승한 2447.33에 마감했다. 기술주 중심의 나스닥지수는 557.18포인트(8.12%) 오른 7417.86에 마쳤다.데일리안 이미경 기자 (esit917@dailian.co.kr)ⓒ (주)데일리안 - 무단전재, 변형, 무단배포 금지",/news/news_read.nhn?article_id=0002391229&office_id=119&mode=search&query=LG생활건강&page=2
,"(서울=뉴스1) 양새롬 기자,전민 기자 = 25일 급등세로 출발한 코스피가 장초반 상승폭을 다소 줄이고 있다. 간밤 미국 증시가 대규모 경기부양책 기대감으로 폭등하면서 위험자산 투자심리에 큰 호재로 작용하고 있지만 시간외 뉴욕 증시 지수 선물이 약보합세로 돌아서면서 영향을 받는 모습이다. 코스피 지수는 이날 장초반 5% 넘게 급등하며 1700선에 다가서기도 했으나 오전 9시31분 기준 전일대비 61.77p(3.84%) 상승한 1672.74를 가리키고 있다. 시가총액 기준 상위 10개 종목 중에선 LG생활건강(-0.70%)을 제외한 나머지가 모두 오름세를 보이고 있다. 장초반 500선을 돌파했던 코스닥 지수의 상승폭도 줄었다. 전일대비 17.19p(3.59%) 상승한 497.59를 기록하고 있다. 코스닥 시가총액 기준 상위 10개 종목도 대부분 오름세를 보이고 있다.서울외환시장에서 달러/원 환율은 14.9원 급락한 1234.7원에 거래 중이다. 13.9원 내린 1235.7원로 출발해 하락 폭을 키우고 있다.flyhighrom@news1.kr© 뉴스1코리아(), 무단 전재 및 재배포 금지",/news/news_read.nhn?article_id=0004542055&office_id=421&mode=search&query=LG생활건강&page=2
,"코스피가 오늘(25일)도 전날에 이어 급등세로 출발했습니다.이날 오전 9시 15분 기준 코스피는 전 거래일보다 64.16포인트(3.99%) 오른 1,674.13을 가리켰습니다.지수는 58.22포인트(3.62%) 오른 1,668.19로 출발해 상승세를 이어가고 있습니다. 장중 한때는 최대 88.05포인트(5.47%) 오른 1,698.02를 기록했습니다.유가증권시장에서는 개인이 3천811억 원어치를 순매수하며 지수 상승을 이끌고 있습니다.전날까지 14거래일 연속 순매도한 외국인은 이날도 424억 원을 순매도하고 있고, 기관도 3천385억 원을 순매도했습니다.간밤 뉴욕증시에서는 다우존스30 산업평균지수(11.37%), 스탠더드앤드푸어스(S&P)500 지수(9.38%), 나스닥 지수 (8.12%)가 일제히 폭등했습니다.이는 미국 스티븐 므누신 재무장관과 낸시 펠로시 하원의장(민주당) 등이 미국 정부가 추진 중인 대규모 부양책의 의회 합의가 임박했다는 발언을 내놓은 영향으로 풀이됩니다.서상영 키움증권 연구원은 ""미국 재정 지출 합의가 임박했다는 기대가 나오면서 위험자산 선호 심리가 높아진 것으로 보인다""고 설명했습니다.이어 ""아시아 시장에서 코로나19 확산 우려가 완화되며 공급망 정상화 가능성이 커진 점도 한국 증시에 긍정적""이라며 ""중국 확진자 증가세가 완만해지면서 중국 내 소비가 증가하고 있다는 언론 보도가 나오는 등 주변 환경이 우호적""이라고 설명했습니다.시가총액 상위 종목은 LG화학(9.38%), 삼성SDI(9.13%), 현대차(8.02%), 삼성전자(5.22%), SK하이닉스(4.96%), 삼성물산(4.66%), NAVER(3.53%), 삼성바이오로직스(2.42%), 셀트리온(1.63%), LG생활건강(0.79%) 등 10위 이내 모든 종목이 올랐습니다.업종별로도 운수·장비(8.71%), 은행(7.42%), 운수·창고(7.31%), 증권(6.66%), 철강·금속(6.25%), 의료정밀(6.09%), 전기·전자(5.78%) 등 모든 업종이 강세입니다.같은 시각 코스닥지수는 전 거래일보다 16.56포인트(3.45%) 오른 496.96을 나타냈습니다.지수는 15.92포인트(3.31%) 오른 496.32로 개장해 강세를 이어가고 있습니다. 장중 한때는 23.25포인트(4.84%) 오른 503.65까지 올라 지난 19일(장중 최고가 502.12) 이후 처음 장중 500선을 회복했습니다.코스닥시장에서는 개인이 762억 원어치를 순매수했습니다. 외국인은 373억 원, 기관은 406억 원을 순매도했습니다.시총 상위 종목은 셀트리온제약(21.12%), 씨젠(20.35%)이 급등했고, CJ ENM(6.48%), 휴젤(3.88%), SK머티리얼즈(3.53%), 케이엠더블유(2.97%), 펄어비스(1.99%), 셀트리온헬스케어(1.91%), 스튜디오드래곤(1.64%), 에이치엘비(1.52%) 등도 올랐습니다.[MBN 온라인뉴스팀]< Copyright ⓒ MBN(www.mbn.co.kr) 무단전재 및 재배포 금지 >",/news/news_read.nhn?article_id=0001436180&office_id=057&mode=search&query=LG생활건강&page=2
,"[서울=뉴시스] 김제이 기자 = 코스피와 코스닥이 나란히 동반 상승 개장에 성공했다. 코스피 지수는 장 시작 개인 투자자와 외국인 투자자의 동반 매수세에 3%대 상승 개장하며, 1700선 재진입에 대한 기대감을 높이고 있다.25일 코스피지수는 전 거래일(1609.97)보다 58.22포인트(3.62%) 오른 1668.19에 출발한 뒤 상승 폭을 키우고 있다. 9시12분 기준 코스피 지수는 전날보다 70.16포인트(4.36%) 오른 1680.13을 기록 중이다.같은 시각 유가증권시장에서 개인 투자자는 3498억원을 순매수 중이다. 반면, 외국인 투자자와 기관 투자자는 각각 349억원과 3149억원을 순매도 중이다.코스피 업종은 이날 모두 오름세를 기록하고 있다. 운송장비, 운수창고는 7%대 이상 오르고 있다. 이 밖에도 은행, 증권, 철강금속, 금융업, 화학, 전기전자, 제조업, 비금속광물, 건설업, 의료정밀, 보험도 6~4%대로 상승 중이다. 나머지 업종도 2~3%로 오름세다.시가총액 상위 10개 종목들 가운데서는 LG생활건강만이 전 거래일 대비5000원(0.44%) 내린 113만9000원을 나타내고 있다. 나머지 종목들은 모두 오른세다. 특히 LG화학은 전 거래일 대비 2만2000원(7.35%) 오르며 가장 높은 상승세를 나타냈다. 대장주 삼성전자는 4.37% 오르며 4만9000원에 거래되고 있어 5만원대 재진입이 기대된다.나머지 종목들은 오름 순으로 현대차(7.35%), 삼성SDI(6.09%), SK하이닉스(4.45%), 삼성물산(3.23%), 네이버(2.56%), 삼성바이오로직스(2.10%), 셀트리온(1.36%)가 오르는 중이다.이날 코스닥 지수는 전 거래일(480.40)보다 15.92포인트(3.31%) 오른 496.32에 출발해 9시12분 기준 전 거래일 대비 17.65(3.67%) 오른 498.05를 나타내고 있다. 지수는 장 초반 503선까지 오르며 500선 터치에 성공했다.이 시각 코스닥시장에서 개인 투자자는 650억원을 순매수하고 있으며, 외국인과 기관 투자자는 각각 287억원, 378억원을 팔아치우는 중이다.시가총액 상위 10개 종목 가운데에서는 모두 상승세를 띠고 있다. 특히 셀트리온제약이 17%대로 오르며 가장 많이 오르는 중이다. 나머지 종목은 오름순대로 씨젠(16.67%), CJ ENM(5.71%), SK머티리얼즈(3.90%), 휴젤(2.60%), 케이엠더블유(1.78%), 에이치엘비(1.28%), 셀트리온헬스케어(1.03%), 펄어비스(0.72%), 스튜디오드래곤(0.38%)가 오르는 중이다.서상영 키움증권 연구원은 ""마이크로소프트 대표가 언급했듯 아시아 시장에서 코로나19 우려가 완화되며 공급망의 정상화 가능성이 높아진 점이 국내증시에 긍정적인 영향을 줄 것으로 전망한다""며 ""특히 중국 내 코로나 19 확진자가 완만해 지는 경향을 보이자 중국 내 소비가 폭발적으로 증가하고 있다는 보도가 나오는 등 주변 환경 또한 우호적이다""고 분석했다.그는 ""물론 전일 국내증시가 급등한 점을 감안 잠시 매물 출회를 배제할 수 없으나, 그동안 하락에서 벗어나 상승 기대를 높이는 요인들이 지속적으로 나오고 있어 상승세는 이어갈 수 있을 것""이라며 ""특히, 전날 정부의 금융안정 대책을 통해 기업들의 신용리스크가 완화된 점이 긍정적이다""고 평가했다. jey@newsis.com<ⓒ 공감언론 뉴시스통신사. 무단전재-재배포 금지>",/news/news_read.nhn?article_id=0009775749&office_id=003&mode=search&query=LG생활건강&page=2
화장품 가맹점주 64% 코로나 이후 매출 40%이상 급감일부 점주 폐업했거나 고려…온라인 수익 창출도 어려워네이처리퍼블릭 명동월드점 5억원 월 매출이 5000만원…10분의 1토막화장품 본사 가맹점주 지원 나섰지만…어렵긴 마찬가지,"[헤럴드경제=박로명 기자] “여태까지 간신히 버텨왔는데 이제는 정말 장사를 접어야하나 싶어요.”24일 오후 4시 서울 강남구의 아리따움 매장. 계산대 뒤에 앉은 가맹점주 유모(60) 씨는 무기력한 목소리로 “수년째 매장을 운영했지만 이보다 더 어려운 때는 없었다”고 토로했다. 유 씨에 따르면 ‘장사가 잘 되던 시절’에는 직원 3명을 두고도 월 순이익 400~500만원을 냈다. 그러나 화장품 시장의 경쟁이 심화되면서 매출이 줄었고, 엎친 데 덮친 격으로 신종 코로나바이러스 감염증(코로나19)까지 확산되면서 벼랑 끝에 내몰렸다. 유 씨는 “그나마 꾸준히 내던 매출도 이제는 0원”이라며 “직원까지 줄이고 혼자 매장을 보고 있지만 임대료를 떼면 남는 게 없다”고 말했다.국내 화장품 로드숍들이 코로나19 사태로 고사 위기에 놓였다. 이미 화장품 업계 출혈경쟁과 온라인 쇼핑몰 증가, 소비자 트렌드 변화 등으로 경쟁력을 잃은 상황에서 코로나19라는 악재까지 겹쳐 매출이 급감한 것이다. 일각에서는 코로나19가 본격적인 화장품 로드숍 줄폐업의 시발탄이 될 수도 있다고 보고 있다.▶화장품 점주 64% “매출 40% 이상 줄어…폐업도 고려”=25일 헤럴드경제가 전국가맹점주협의회(이하 전가협)로부터 입수한 자료에 따르면 코로나19로 화장품 로드숍들은 직격탄을 맞은 것으로 나타났다. 전가협이 지난 9일부터 13일까지 전국 310명의 화장품 가맹점주를 대상으로 ‘코로나19 이후 매출 변동’을 조사한 결과 전체 응답자의 48.4%가 ‘매출이 51% 이상 감소했다’고 답변했다. 이어 매출 감소율에 따라 41~50%가 16.1%, 31~40%가 21%, 21~30%가 9.7%, 11~20%가 4.8%인 것으로 집계됐다.코로나19 여파로 일부 화장품 가맹점주들은 폐업을 했거나 고려하고 있는 것으로 나타났다. 이들은 코로나19에 따른 대응(복수응답)으로 영업시간 축소(89.9%), 인원감축(45.9%), 대출로 운영자금 확보(31.6%), 휴업·폐업(8.7%) 등을 꼽았다. 앞으로의 대응 예정 조치(복수응답)로는 영업시간 축소(57.7%), 인원감축(53.8%), 대출로 운영자금 확보(42,3%), 휴업·폐업(19.2%)이라고 응답했다.▶온라인이 대안?…화장품 점주 “출구가 없다”=코로나19 이후 자영업자들은 ‘살길 찾기’에 분주하다. 손님이 끊긴 식음료 매장들은 배달 어플리케이션(앱)에 가입하고 리빙·패션 매장들은 온라인을 강화하는 방식으로 활로를 모색하고 있다. 그러나 화장품 가맹점주들에게는 죽어가는 오프라인 매장을 살리는 것밖에 선택지가 없다.화장품 가맹점주들은 다른 자영업자들과 달리 매장 화장품을 직접 온라인에 판매할 수 없다. 화장품 본사가 이미 온라인 쇼핑몰에 입점해있거나, 중간 유통업자를 거쳐 거래하고 있기 때문이다. 화장품 본사가 운영하는 직영몰도 있지만 온라인 판매 수익을 가맹점과 나누는 업체는 이니스프리 등 소수다. 가맹점주들은 이러한 수익조차 크지 않아 오프라인 매출 감소분을 만회하기 어렵다고 지적한다.전혁구 전국화장품가맹점연합회 회장은 “대다수 화장품은 쿠팡·11번가·G마켓 등 온라인몰에서 할인된 가격에 거래된다”며 “본사 직영몰의 매출은 갈수록 쪼그라드는 추세라 수익이 낮은편”이라고 말했다. 이어 “오프라인 매장은 손님이 끊기고 온라인은 막혀 방법이 없다”며 “화장품 가맹점주들은 고사 직전”이라고 강조했다.▶본사 지원 나서지만…점주들 “여전히 어려워”=화장품 본사들은 코로나19로 어려움을 겪는 점주들을 돕기 위해 적극적으로 나서고 있다. LG생활건강은 더페이스샵·네이처컬렉션 가맹점에게 3월 월세의 50%를 지원하기로 했다. 아모레퍼시픽은 아리따움·이니스프리·에뛰드 가맹점을 대상으로 기존에 판매했던 상품을 되사는 ‘환입’을 10배 확대하기로 했다. 에이블씨엔씨는 미샤 가맹점에게 100만원 상당 제품과 위생용품을 무상지원하고 있다. 네이처리퍼블릭도 매장 직원들에게 손소독제를 무상지급하고 있다. 토니모리는 인건비·상품 등 총 8억원을 지원했다.이처럼 화장품 기업들은 다양한 방안을 내놓고 있지만, 점주들은 본사나 정부 차원의 추가 지원이 필요하다고 강조한다. 전가협의 설문조사에 따르면 가맹점주들이 본사로부터 받은 지원(복수선택)으로 마스크·손소독제 지급(78%)을 가장 많이 선택했다. 그러나 가맹점주들이 실제로 필요로 하는 지원 방안(복수선택)은 가맹금 감면(45.2%)이었다.화장품 가맹점주들이 정부에게 바라는 지원(복수응답)으로는 매출 하락으로 인한 손실분 현금지원(77.4%)이 가장 많았다. 이어 부가가치세 감면(62.6%), 고용된 노동자의 4대 보험료 지원 등 임금 보전(39.4%), 확진자 동선에 따른 매출 손실 지원(23.9%)이 뒤를 이었다.▶본사도 매출 30% 이상 급감…인력·비용 감축=화장품 본사도 어렵긴 마찬가지다. 업계에 따르면 코로나19 이후 화장품 본사 매출은 30% 이상 줄었다. 특히 명동·홍대·강남 등 주요 상권에 포진해있는 직영점의 매출도 급감했다. 대표적으로 월 매출이 5억원에 이르던 네이처리퍼블릭 명동월드점은 3월 들어 월 매출이 5000만원 이하로 떨어졌다. 강남 사거리에 위치한 다수 화장품 직영점 직원들도 “코로나19 이후 매출이 최대 50% 줄었다”며 “직장인 유동인구가 많은 강남도 퇴근 시간 이후에는 텅 비어있다”고 말했다.화장품 본사들은 코로나19 사태가 장기화되자 이달부터 인력과 비용 감축에 나섰다. A화장품 본사는 직영점의 직원을 3분의 2수준으로 줄이고, 본사 직원들에게 연차 사용을 독려하고 있다. B화장품 본사는 4월부터 본사 직원들에게 월급의 70%를 지급하는 유급휴가를 고려하고 있는 것으로 알려졌다.화장품 본사 관계자는 “본사 매출이 30~50% 가까이 줄면서 이달부터 본격적으로 인력과 비용을 줄이기 시작했다”면서 “코로나19가 잠잠해지길 바라고 있지만 기약이 없어 암담하다”고 말했다.dodo@heraldcorp.com
- Copyrights ⓒ 헤럴드경제 & heraldbiz.com, 무단 전재 및 재배포 금지 -",/news/news_read.nhn?article_id=0001653149&office_id=016&mode=search&query=LG생활건강&page=1
셀트리온·LG생건 5·7위로 상승…업황부진 우려에 현대모비스 10위권밖 밀려,"[아시아경제 송화정 기자]신종 코로나바이러스감염증(코로나19) 확산이 시가총액 상위주에도 변화를 몰고 왔다. 코로나19로 업황 부진이 우려되는 종목은 시총 순위가 하락한 반면 코로나19의 수혜가 예상되는 종목은 순위가 뛰었다.25일 한국거래소에 따르면 지난달 말에 비해 유가증권시장 시총 10위 종목 중 현대차와 현대모비스의 순위가 눈에 띄에 떨어진 반면 셀트리온과 LG생활건강은 약진했다.코로나19로 수요 부진 우려가 확대되면서 자동차주의 주가가 큰 폭으로 하락하며 시총도 크게 줄었다. 지난달 말 6위였던 현대차는 9위로 떨어졌고 9위였던 현대모비스는 10위권 밖으로 밀려났다. 현대차는 이달 들어 전일까지 주가가 35% 가까이 하락했다. 같은 기간 시총은 약 8조6000억원이 증발했다. 현대모비스는 이 기간 31% 주가가 하락했으며 시총은 5조7000억원이 감소했다.조수홍 NH투자증권 연구원은 ""코로나19 영향에 따른 생산ㆍ소비 충격, 국제 유가 급락 및 신흥국 통화 약세 등으로 글로벌 자동차 수요 불확실성이 확대됐다""면서 ""이에 따라 올해 현대차그룹 글로벌 판매는 전년 대비 2.0% 감소한 697만대로 2012년 이후 최저 수준을 기록할 것""이라고 전망했다.반면 코로나19 치료제 개발 소식에 최근 주가가 큰 폭으로 오른 셀트리온의 순위는 지난달 말에 비해 두 계단 상승한 5위로 올라섰다. 셀트리온의 주가는 이달 들어 8.24% 상승했고 시총은 약 1조8000억원 불었다. LG생활건강도 지난달 말 11위에서 7위로 올라섰다. LG생활건강은 이달 들어 주가가 6.31% 하락하며 시총도 1조2026억원 줄었으나 앞 순위 종목들의 주가 하락폭이 더 커 순위가 상승했다. 엔씨소프트의 약진도 눈에 띈다. 지난달 말 18위였던 엔씨소프트는 전일 종가 기준 11위로 올라서며 10위권 진입을 눈 앞에 뒀다.코스닥에서도 시총 순위에 변화가 있었다. 코로나19의 직격탄을 맞은 CJ ENM이 3위에서 6위로 떨어진 반면 셀트리온제약은 15위에서 7위로 여덟 계단이나 뛰어올랐다. 스튜디오드래곤은 5위에서 3위로 올라서며 콘텐츠 대장주 자리를 꿰찼다.CJ ENM은 코로나19로 영화산업이 직격탄을 맞은 데다 콘서트 등 활동이 막히면서 음악 부문도 부진할 것으로 예상돼 이달 들어 주가가 27.6% 하락했다. DB금융투자는 CJ ENM의 1분기 실적을 매출액 전년 동기 대비 3.5% 감소한 8302억원, 영업이익은 30.6% 줄어든 549억원을 기록, 컨센서스를 하회할 것으로 전망했다. 신은정 DB금융투자 연구원은 ""영화에서는 1월 백두산 및 기생충 해외 상영에도 불구하고 코로나19 직격탄을 맞으며 20억원 규모의 적자가 예상되며 음악 부문도 콘서트 등 활동이 불가한 상황으로 영업적자가 예상된다""면서 ""상반기 미디어, 영화, 음악 부문 부진에 따라 올해 전체 영업이익을 기존 추정치 대비 14.4% 하향 조정했다""고 말했다.스튜디오드래곤은 오히려 코로나19로 영업환경이 개선될 것이란 분석이다. 박정엽 미래에셋대우 연구원은 ""기존에 장기적으로 기대했던 글로벌 고객사에 대한 콘텐츠 판매 확대가 전염병 사태를 거치면서 속도가 빨라질 전망""이라며 ""코로나19 이후에 영업환경이 오히려 개선될 것""이라고 전했다.송화정 기자 pancake@asiae.co.kr <ⓒ경제를 보는 눈, 세계를 보는 창 아시아경제 무단전재 배포금지>",/news/news_read.nhn?article_id=0004649145&office_id=277&mode=search&query=LG생활건강&page=1
,"(서울=뉴스1) 배지윤 기자 = LG생활건강이 입술에 선명한 색상이 부드럽고 촉촉하게 밀착돼 매끄러운 볼륨립을 연출하는 '비디보브(VDIVOV) 립컷 새틴 리퀴드 루즈'를 출시했다고 25일 밝혔다.이 제품은 마치 립스틱이 녹아 든 듯한 '틴티드 플루이드' 텍스처(질감)가 특징이다. 입술의 굴곡을 채워주며 부드럽게 발린 뒤 립스틱처럼 밀착돼 선명한 색상을 선사한다.또한 '새틴-글로시 오일 콤플렉스'를 함유해 입술 위에 은은하고 매끄러운 광택을 선사해 고급스러운 느낌의 립 메이크업을 연출할 수 있다. '스쿠알란' 등 보습 성분도 함유해 입술에 오랜 시간 촉촉한 보습을 유지시키면서 립 색상은 선명하게 연출하는 것이 특징이다.
신제품은 대표 색상인 라스트 코랄·빈티지 로즈를 포함해 스칼렛 레드·플럼 로즈·메이플 오렌지·브릭 오렌지·번트 베이지 등 7가지 색상으로 출시된다.비디보브 브랜드 담당자는 ""올해는 탱글하고 가벼운 광택감으로 입술을 도톰하고 입체적으로 표현해 주는 립 메이크업이 유행할 예정""이라며 ""립컷 새틴 리퀴드 루즈는 이런 트렌드를 반영해 특유의 부드럽고 촉촉한 새틴 같은 제형이 매끄러운 볼륨립을 연출해준다""고 말했다.jiyounbae@news1.kr© 뉴스1코리아(), 무단 전재 및 재배포 금지",/news/news_read.nhn?article_id=0004542608&office_id=421&mode=search&query=LG생활건강&page=1
-가맹점 64% 매출 40%이상 급감-네이처리퍼블릭 명동점 10분의 1로일부 점주 이미 폐업했거나 고려중-온라인 판매 수익 창출도 불가능-본사 지원 나섰지만 여전히 어려워,"[헤럴드경제=박로명 기자] “여태까지 간신히 버텨왔는데 이제는 정말 장사를 접어야하나 싶어요.”24일 오후 4시 서울 강남구의 아리따움 매장. 계산대 뒤에 앉은 가맹점주 유모(60) 씨는 무기력한 목소리로 “수년째 매장을 운영했지만 이보다 더 어려운 때는 없었다”고 토로했다. 유 씨에 따르면 ‘장사가 잘 되던 시절’에는 직원 3명을 두고도 월 순이익 400~500만원을 냈다. 그러나 화장품 시장의 경쟁이 심화되면서 매출이 줄었고, 엎친 데 덮친 격으로 신종 코로나바이러스 감염증(코로나19)까지 확산되면서 벼랑 끝에 내몰렸다. 유 씨는 “그나마 꾸준히 내던 매출도 이제는 0원”이라며 “직원까지 줄이고 혼자 매장을 보고 있지만 임대료를 떼면 남는 게 없다”고 말했다.국내 화장품 로드숍들이 코로나19 사태로 고사 위기에 놓였다. 이미 화장품 업계 출혈경쟁과 온라인 쇼핑몰 증가, 소비자 트렌드 변화 등으로 경쟁력을 잃은 상황에서 코로나19라는 악재까지 겹쳐 매출이 급감한 것이다. 일각에서는 코로나19가 본격적인 화장품 로드숍 줄폐업의 시발탄이 될 수도 있다고 보고 있다.▶화장품 점주 64% “매출 40% 이상 줄어…폐업도 고려”=25일 헤럴드경제가 전국가맹점주협의회(이하 전가협)로부터 입수한 자료에 따르면 코로나19로 화장품 로드숍들은 직격탄을 맞은 것으로 나타났다. 전가협이 지난 9일부터 13일까지 전국 310명의 화장품 가맹점주를 대상으로 ‘코로나19 이후 매출 변동’을 조사한 결과 전체 응답자의 48.4%가 ‘매출이 51% 이상 감소했다’고 답변했다. 이어 매출 감소율에 따라 41~50%가 16.1%, 31~40%가 21%, 21~30%가 9.7%, 11~20%가 4.8%인 것으로 집계됐다.코로나19 여파로 일부 화장품 가맹점주들은 폐업을 했거나 고려하고 있는 것으로 나타났다. 이들은 코로나19에 따른 대응(복수응답)으로 영업시간 축소(89.9%), 인원감축(45.9%), 대출로 운영자금 확보(31.6%), 휴업·폐업(8.7%) 등을 꼽았다. 앞으로의 대응 예정 조치(복수응답)로는 영업시간 축소(57.7%), 인원감축(53.8%), 대출로 운영자금 확보(42,3%), 휴업·폐업(19.2%)이라고 응답했다.▶온라인이 대안?…화장품 점주 “출구가 없다”=코로나19 이후 자영업자들은 ‘살길 찾기’에 분주하다. 손님이 끊긴 식음료 매장들은 배달 어플리케이션(앱)에 가입하고 리빙·패션 매장들은 온라인을 강화하는 방식으로 활로를 모색하고 있다. 그러나 화장품 가맹점주들에게는 죽어가는 오프라인 매장을 살리는 것밖에 선택지가 없다.화장품 가맹점주들은 다른 자영업자들과 달리 매장 화장품을 직접 온라인에 판매할 수 없다. 화장품 본사가 이미 온라인 쇼핑몰에 입점해있거나, 중간 유통업자를 거쳐 거래하고 있기 때문이다. 화장품 본사가 운영하는 직영몰도 있지만 온라인 판매 수익을 가맹점과 나누는 업체는 이니스프리 등 소수다. 가맹점주들은 이러한 수익조차 크지 않아 오프라인 매출 감소분을 만회하기 어렵다고 지적한다.전혁구 전국화장품가맹점연합회 회장은 “대다수 화장품은 쿠팡·11번가·G마켓 등 온라인몰에서 할인된 가격에 거래된다”며 “본사 직영몰의 매출은 갈수록 쪼그라드는 추세라 수익이 낮은편”이라고 말했다. 이어 “오프라인 매장은 손님이 끊기고 온라인은 막혀 방법이 없다”며 “화장품 가맹점주들은 고사 직전”이라고 강조했다.▶본사 지원 나서지만…점주들 “여전히 어려워”=화장품 본사들은 코로나19로 어려움을 겪는 점주들을 돕기 위해 적극적으로 나서고 있다. LG생활건강은 더페이스샵·네이처컬렉션 가맹점에게 3월 월세의 50%를 지원하기로 했다. 아모레퍼시픽은 아리따움·이니스프리·에뛰드 가맹점을 대상으로 기존에 판매했던 상품을 되사는 ‘환입’을 10배 확대하기로 했다. 에이블씨엔씨는 미샤 가맹점에게 100만원 상당 제품과 위생용품을 무상지원하고 있다. 네이처리퍼블릭도 매장 직원들에게 손소독제를 무상지급하고 있다. 토니모리는 인건비·상품 등 총 8억원을 지원했다.이처럼 화장품 기업들은 다양한 방안을 내놓고 있지만, 점주들은 본사나 정부 차원의 추가 지원이 필요하다고 강조한다. 전가협의 설문조사에 따르면 가맹점주들이 본사로부터 받은 지원(복수선택)으로 마스크·손소독제 지급(78%)을 가장 많이 선택했다. 그러나 가맹점주들이 실제로 필요로 하는 지원 방안(복수선택)은 가맹금 감면(45.2%)이었다.화장품 가맹점주들이 정부에게 바라는 지원(복수응답)으로는 매출 하락으로 인한 손실분 현금지원(77.4%)이 가장 많았다. 이어 부가가치세 감면(62.6%), 고용된 노동자의 4대 보험료 지원 등 임금 보전(39.4%), 확진자 동선에 따른 매출 손실 지원(23.9%)이 뒤를 이었다.▶본사도 매출 30% 이상 급감…인력·비용 감축=화장품 본사도 어렵긴 마찬가지다. 업계에 따르면 코로나19 이후 화장품 본사 매출은 30% 이상 줄었다. 특히 명동·홍대·강남 등 주요 상권에 포진해있는 직영점의 매출도 급감했다. 대표적으로 월 매출이 5억원에 이르던 네이처리퍼블릭 명동월드점은 3월 들어 월 매출이 5000만원 이하로 떨어졌다. 강남 사거리에 위치한 다수 화장품 직영점 직원들도 “코로나19 이후 매출이 최대 50% 줄었다”며 “직장인 유동인구가 많은 강남도 퇴근 시간 이후에는 텅 비어있다”고 말했다.화장품 본사들은 코로나19 사태가 장기화되자 이달부터 인력과 비용 감축에 나섰다. A화장품 본사는 직영점의 직원을 3분의 2수준으로 줄이고, 본사 직원들에게 연차 사용을 독려하고 있다. B화장품 본사는 4월부터 본사 직원들에게 월급의 70%를 지급하는 유급휴가를 고려하고 있는 것으로 알려졌다.화장품 본사 관계자는 “본사 매출이 30~50% 가까이 줄면서 이달부터 본격적으로 인력과 비용을 줄이기 시작했다”면서 “코로나19가 잠잠해지길 바라고 있지만 기약이 없어 암담하다”고 말했다.dodo@heraldcorp.com
- Copyrights ⓒ 헤럴드경제 & heraldbiz.com, 무단 전재 및 재배포 금지 -",/news/news_read.nhn?article_id=0001653395&office_id=016&mode=search&query=LG생활건강&page=1
,"[이데일리 박종오 기자] 코스피(유가증권시장) 지수가 이틀 연속 5% 넘게 오르며 1700선을 돌파했다. 9일만에 다시 1700선을 밟은 것이다. 한국과 미국이 금융 안정 대책을 쏟아내고 미 정부와 의회가 대규모 재정 정책 추진에도 합의하며 투자 심리가 개선된 영향이다.
25일 마켓포인트에 따르면 이날 코스피 지수는 전 거래일 종가보다 5.89%(94.79포인트) 오른 1704.76에 장을 마쳤다. 1700을 탈환한 것은 지난 16일(종가 기준 1714.86) 이후 아흐레 만이다. 이날 코스피는 간밤 미국과 유럽 증시 반등에 힘입어 상승 출발했다. 오후 중 미국 정부와 의회의 최대 2조 달러 규모 경기 부양 법안 합의 소식이 전해지며 장 마감을 앞두고 오름폭이 확대됐다. 시장을 견인한 것은 개인 투자자다. 주식 4500억원어치를 순매수했다. 반면 외국인과 기관은 각각 3360억원, 1044억원가량을 팔아치웠다. 기관 중에는 금융투자가 580억원을 순매도했다. 투신(84억원), 보험(74억원), 기타금융(71억원) 은행(17억원) 등은 주식을 사들였다. 업종별로 모든 업종 주가가 올랐다. 정부 지원으로 유동성 위기 우려를 덜어낸 증권이 14.56% 뛰어 상승 폭이 가장 컸다. 운수 장비도 12.51% 올랐다. 보험(11.58%), 금융업(11.28%), 은행(10.29%) 등 금융 업권이 일제히 10% 넘게 상승했다. 시가총액 상위 10개 종목 중 6개가 올랐다. 대장주인 삼성전자(005930)는 전날보다 3.62% 상승한 4만8650원에 마감했다. SK하이닉스(000660)(7.37%), LG화학(051910)(6.77%), 현대차(005380)(12.97%), 삼성SDI(006400)(4.46%) 등도 강세를 보였다. 반면 삼성바이오로직스(207940)(-0.21%), 셀트리온(068270)(-0.54%), LG생활건강(051900)(-2.1%) 등은 소폭 약세였다. 개별 종목별로 보면 한국특수형강(007280)(30%), 흥국화재(000540)2 우선주B(29.97%), 덕성(004830) 우선주(29.92%), 진에어(272450)(29.9%), 한화생명(088350)(29.84%), 금호에이치티(214330)(29.8%), 휠라홀딩스(081660)(29.74%) 등이 가격 상승 제한 폭까지 오르며 상한가를 기록했다. 그러나 JW중외제약(001060)2 우선주B(-8.62%), 신화실업(001770)(-8.06%) 등은 주가가 큰 폭으로 빠졌다. 이날 코스피 시장 거래량은 8억5211만여 주, 거래 대금은 12조4313억원이었다. 상한가 6개를 포함한 866개 종목이 올랐고, 하한가 없이 33개가 내렸다. 6개 종목은 보합권(0%)에 머물렀다. 자료=신한금융투자지난 17일 서울 영등포구 여의도동 KB국민은행 딜링룸에서 딜러들이 업무를 보고 있다. (사진=뉴시스)박종오 (pjo22@edaily.co.kr)＜ⓒ종합 경제정보 미디어 이데일리 - 무단전재 & 재배포 금지＞",/news/news_read.nhn?article_id=0004605633&office_id=018&mode=search&query=LG생활건강&page=1
,"[아시아경제 구은모 기자] 각국의 경기 부양을 위한 정책적 대응이 본격화되면서 코스피가 이틀 연속 강한 반등을 이어가며 1700선을 회복했다. 코스닥 지수 역시 전날의 상승세를 이어가며 500선에 복귀했다.25일 코스피는 전일 대비 94.79포인트(5.89%) 상승한 1704.76으로 마감했다. 이날 상승 출발한 코스피는 장중 꾸준히 상승폭을 키워나갔고, 장 마감 직전 상승폭을 확대해 1700선을 회복하며 장을 마감했다.거래 주체별 매매 동향을 보면 전날 14거래일 만에 매도로 돌아섰던 개인 투자자가 하루 만에 다시 매수로 전환하며 지수 상승을 이끌었다. 이날 개인은 4519억원 순매수한 반면 외국인 투자가는 3360억원 순매도하며 매도세를 이어갔다. 기관 투자자도 1053억원 순매도했다.업종별로는 증권(14.56%), 운송장비(12.51%), 보험(11.58%), 금융업(11.28%) 등이 올랐다.시가총액 상위 종목들 중에선 현대모비스(17.30%), 현대차(12.97%), POSCO(10.65%) 등이 두 자리 수 상승률을 기록했고, 삼성물산(7.53%), SK하이닉스(7.37%), LG화학(6.77%) 등도 크게 올랐다. 반면LG생활건강(-2.10%), 셀트리온(-0.54%), 삼성바이오로직스(-0.21%) 등은 하락했다.이날 코스피 시장에서는 상한가를 기록한 6종목을 포함해 872종목이 올랐고, 하한가 종목 없이 33종목은 내렸다. 6종목은 보합을 기록했다.코스닥 지수도 장 막판 힘을 내며 500선을 회복했다. 이날 상승 출발한 코스닥 지수는 장중 4% 안팎의 상승률을 유지하다 장 후반 상승폭을 확대하며 전 거래일 대비 25.28포인트(5.26%) 오른 505.68로 마감했다.거래 주체별 매매 동향을 보면 개인과 기관 투자자가 각각 844억원, 22억원 순매수하며 지수를 끌어올렸다. 반면 외국인 투자가는 858억원 순매도했다.대부분의 업종이 올랐다. 기계,장비(8.57%), 출판,매체복제(7.85%), 금속(7.67%), 의료,정밀기기(7.16%) 등이 올랐다.시가총액 상위 종목들 중에서는 씨젠(29.94%)이 급등했고, CJ ENM(9.22%), 셀트리온제약(5.24%), 제넥신(4.86%), 에이치엘비(3.96%), 코미팜(3.65%) 등도 상승했다. 반면 스튜디오드래곤(-2.14%), 셀트리온헬스케어(-1.47%) 등은 하락했다.이날 코스닥시장에서는 상한가를 기록한 23종목을 포함해 1273종목이 올랐고, 하한가 종목 없이 52종목은 내렸다. 종목은 30보합을 기록했다.구은모 기자 gooeunmo@asiae.co.kr <ⓒ경제를 보는 눈, 세계를 보는 창 아시아경제 무단전재 배포금지>",/news/news_read.nhn?article_id=0004649457&office_id=277&mode=search&query=LG생활건강&page=1
외국인 15일째 매도행진…코스닥도 5% 넘게 올라,"[아이뉴스24 류은혁 기자] 코스피가 이틀 연속 반등하면서 1700선을 회복했다. 전날 코로나19로 위기에 처한 기업들을 위해 정부가 100조원 규모의 금융지원에 나서기로 하면서 증시에 호재로 작용했다.25일 코스피지수는 전 거래일 대비 94.79포인트(5.89%) 오른 1704.76에 마감했다. 개인이 4천537억원 순매수한 반면 외국인과 기관이 각각 3천331억원, 1천53억원 순매도했다.이날 시가총액 상위 10종목은 혼조세를 보였다. 삼성전자가 3.62%, SK하이닉스가 7.37%, 삼성전자우 5.87% 등의 상승률을 보인 반면 삼성바이오로직스(-0.21%), 셀트리온(-0.54%), LG생활건강(-2.10%)은 하락했다.업종별로는 모두 상승했다. 생명보험(18.00%), 석유와 가스(17.33%), 생명과학도구 및 서비스(16.93%) 업종이 올랐다. 이날 상한가 종목은 한화생명, 진에어 등 6개였고, 하한가 종목은 없었다.코스닥지수는 전 거래일 대비 25.28포인트(5.26%) 상승한 505.68에 장을 끝냈다. 개인과 기관이 각각 839억원, 23억원 순매수한 반면 외국인 843억원 순매도했다.시가총액 상위 10종목 중 셀트리온헬스케어(-1.47%), 스튜디오드래곤(-2.14%)을 제외하고 모두 올랐다. 씨젠 29.94%, 에이치엘비 3.96%, 펄어비스 1.93% 등의 상승률을 보였다.이날 상한가 종목은 씨젠, EDGC, 수젠텍 등 23종목이었고 하한가 종목은 없었다.한편 이날 서울외환시장에서 원/달러 환율은 전 거래일 대비 19.7원 내린 1229.9원에 마감됐다. ehryu@inews24.com [ⓒ 아이뉴스24 무단전재 및 재배포 금지]",/news/news_read.nhn?article_id=0000531302&office_id=031&mode=search&query=LG생활건강&page=1
,"[서울=뉴시스] 김제이 기자 = 코스피가 5%가 넘게 오르며 2거래일 연속 상승했다. 연이은 급등세에 코스피지수는 1700선 탈환에 성공했다. 코스닥도 5%대로 상승하며 500선에 재진입했다.25일 코스피지수는 전 거래일(1609.97)보다 58.22포인트(3.62%) 오른 1668.19에 출발했다. 이후 지수는 상승구간을 횡보하며 장 중 1707까지 오르다 94.79포인트(5.89%) 오른 1704.76에 마감했다. 2거래일 연속 상승마감에 성공하며 이 기간 코스피 지수는 200포인트 넘게 상승했다.유가증권시장에서 개인 투자자들은 또 다시 코스피를 사들이며 상승을 이끌었다. 이날 개인은 7206억원을 순매수했다. 외국인과 기관은 각각 2879억원, 4238억원을 팔아치웠다. 프로그램 매매는 4557억원 매도우위를 기록했다.이날 모든 업종은 상승세로 마감했다. 특히 증권업은 14% 넘게 오르며 강세를 보였다. 운송장비, 보험, 금융업, 은행도 12~10%대로 상승했다. 철강금속, 건설업, 운수창고, 화학, 유통업, 의료정밀, 기계, 비금속광물, 섬유의복, 음식료품, 제조업 등도 5~10% 사이로 상승세를 보였다.시가총액 상위 10개 종목들은 희비가 교차했다. 이날 LG생활건강, 셀트리온, 삼성바이오로직스는 내림세로 마감했으며, 네이버는 전날과 같은 가격으로 거래를 마쳤다. 반면 나머지 종목들은 모두 올랐다. 현대차는 13% 가까이 올랐으며, 삼성물산(7.53%), SK하이닉스(7.37%), LG화학(6.77%), 삼성SDI(4.46%), 삼성전자(3.62%)도 상승마감했다.이날 코스닥지수는 전 거래일(480.40)보다 25.28포인트(5.26%) 오른 505.68에 마감했다. 지수는 전날보다 15.92포인트(3.31%) 오른 496.32에 출발해 상승 폭을 넓히며 500선 탈환에 성공했다.코스닥시장에서 개인과 기관은 각각 844억원, 16억원을 사들였다. 외국인은 홀로 858억원을 순매도했다.시총 상위 종목들 가운데에서는 씨젠이 30% 가까이 오르며 상한가로 마감했다. CJ ENM(9.22%), 셀트리온제약(5.24%), 에이치엘비(3.96%), 휴젤(3.12%), SK머티리얼즈(2.85%), 케이엠더블유(1.78%), 펄어비스(1.39%)가 상승했다.이날 스튜디오드래곤(-2.14%), 셀트리온헬스케어(-1.47%)만 하락세로 거래를 마쳤다.지난밤 뉴욕증시는 미국 정부의 경기부양책 기대에 급반등에 성공했다.24일(현지 시각) 뉴욕증권거래소(NYSE)에서 다우존스30 산업평균지수는 전장보다 2112.98포인트(11.37%) 급등한 2만704.91에 거래를 마쳤다. 다우지수가 11% 이상 치솟은 것은 지난 1933년 이후 처음이다.스탠더드앤드푸어스(S&P) 500지수는 209.93포인트(9.38%) 상승한 2447.33에 마감했다. 기술주 중심의 나스닥지수도 557.18포인트(8.12%) 오른 7417.86에 마쳤다. jey@newsis.com<ⓒ 공감언론 뉴시스통신사. 무단전재-재배포 금지>",/news/news_read.nhn?article_id=0009777307&office_id=003&mode=search&query=LG생활건강&page=1
,"외국인 순매도 15일째…총 10.2조원코스닥 5.3% 급등해 6일만에 500선 회복(서울=연합뉴스) 황재하 기자 = 25일 코스피가 급등해 1,700선을 회복했다.

이날 코스피는 전 거래일보다 94.79포인트(5.89%) 오른 1,704.76으로 마감했다. 코스피 종가가 1,700선을 넘은 것은 지난 16일(종가 1,714.86) 이후 7거래일 만에 처음이다.

지수는 전장보다 58.22포인트(3.62%) 오른 1,668.19로 출발해 상승 폭을 키웠다.

이경민 대신증권 연구원은 ""미국 경기부양책이 의회를 통과할 것이라는 기대감, 증권시장안정펀드를 비롯한 한국 정부의 100조원 규모 부양책 등이 지수 상승 요인으로 작용했다""고 설명했다.

이어 ""도널드 트럼프 미국 행정부가 90일 동안 세계에서 들어오는 수입품에 대해 관세 부과 유예를 검토한다는 소식도 증시에 긍정적""이라고 덧붙였다.

외국인 투자자는 이날도 유가증권시장에서 3천359억원어치를 팔아치우며 15거래일 연속 순매도 행진을 이어갔다. 15일 동안 외국인의 누적 순매도액은 10조2천133억원에 달했다.

기관도 1천42억원어치를 순매도했으나 개인은 4천499억원어치를 순매수하며 지수 상승을 이끌었다.

주가가 오른 종목은 872개에 달했고 내린 종목은 33개에 그쳤다. 30개 종목은 보합으로 마감했다.

시가총액 상위 종목 가운데 현대차(12.97%)의 상승 폭이 가장 컸고, 삼성물산(7.53%), SK하이닉스(7.37%), LG화학(6.77%), 삼성SDI(4.46%), 삼성전자(3.62%) 등도 올랐다.

LG생활건강(-2.10%), 셀트리온(-0.54%), 삼성바이오로직스(-0.21%)는 내렸고 네이버는 보합으로 마감했다.

업종별로는 증권(14.56%), 운수·장비(12.51%), 보험(11.58%), 금융업(11.28%), 은행(10.29%), 철강·금속(9.26%) 등이 크게 올랐고, 나머지 업종들도 모두 강세였다.

유가증권시장의 거래량은 8억3천만주, 거래대금은 12조3천936억원이었다.

프로그램 매매는 차익 거래와 비차익 거래 모두 매도 우위로 전체적으로는 4천557억원의 순매도로 집계됐다.

코스닥지수는 전 거래일보다 25.28포인트(5.26%) 급등한 505.68로 종료했다. 코스닥지수가 500선을 넘은 것은 지난 17일(종가 514.73) 이후 6거래일 만이다.

지수는 15.92포인트(3.31%) 오른 496.32로 개장해 급등세를 이어갔다.

코스닥시장에서는 개인이 844억원, 기관이 17억원을 순매수했다. 외국인은 857억원을 순매도했다.

시총 상위 종목 가운데는 씨젠(29.94%)이 상한가로 마감했고, CJ ENM(9.22%), 셀트리온제약(5.24%), 에이치엘비(3.96%), 휴젤(3.12%), SK머티리얼즈(2.85%), 케이엠더블유(1.78%), 펄어비스(1.39%) 등도 올랐다.

스튜디오드래곤(-2.14%), 셀트리온헬스케어(-1.47%)는 내렸다.

코스닥시장의 거래량은 약 13억8천만주, 거래대금은 9조4천472억원이었다.

코넥스시장에서는 43만주가 거래됐고 거래대금은 31억원가량이었다.

jaeh@yna.co.kr",/news/news_read.nhn?article_id=0011498708&office_id=001&mode=search&query=LG생활건강&page=1
,"손희연 기자 son90@mt.co.kr
<저작권자 ⓒ '성공을 꿈꾸는 사람들의 경제 뉴스' 머니S, 무단전재 및 재배포 금지>",/news/news_read.nhn?article_id=0000522544&office_id=417&mode=search&query=LG생활건강&page=1
"코스피, 94.79p(5.89%)↑ 1704.76…코스닥, 25.28p(5.26%)↑ 505.68달러/원 환율, 19.7원 내린 1229.9원","(서울=뉴스1) 양새롬 기자 = 25일 코스피 지수가 약 6% 급등해 1700선을 넘어서며 마감했다. 종가 기준 1700선을 회복한 것은 지난 16일 이후 7거래일만이다. 코스닥 지수도 5% 올라 500선에 올라섰다. 달러/원 환율은 19원 가량 급락했다.(원화 강세)미국 정부의 대규모 경기부양책 의회 통과가 임박했다는 기대감에 간밤 미국 증시가 폭등하면서 국내 증시도 이틀 연속 상승세를 탄 것으로 풀이된다. 정부가 코로나19 사태로 인한 돈가뭄에 100조원을 투입하기로 한 것도 호재로 작용하고 있다.
이날 코스피 지수는 전일대비 94.79포인트(5.89%) 급등한 1704.76로 마감했다. 코스피 시장에서 개인은 홀로 4488억원 순매수했고, 외국인과 기관은 각각 3328억원, 1033억원 순매도했다. 시가총액 상위 종목 중 삼성전자(3.62%), SK하이닉스(7.37%), 삼성전자우(5.87%), LG화학(6.77%), 현대차(12.97%), 삼성SDI(4.46%) 등이 올랐다. 삼성전자는 장중 4만9600원까지 오르며 5만원 재진입을 시도하기도 했다.
삼성바이오로직스(-0.21%), 셀트리온(-0.54%), LG생활건강(-2.10%)은 내렸고 네이버는 보합 마감했다.코스닥 지수도 전일 대비 25.28포인트(5.26%) 오른 505.68로 마쳤다. 시총 상위 종목 중에선 문재인 대통령이 이날 사업잘 찾은 씨젠(29.94%)이 상한가에 올랐다. 이외에 에이치엘비(3.96%), 펄어비스(1.39%), CJ ENM(9.22%), 셀트리온제약(5.24%), 케이엠더블유(1.78%), 휴젤(3.12%), SK머티리얼즈(2.85%)가 올랐고, 셀트리온헬스케어(-1.47%), 스튜디온드래곤(-2.14%)가 내렸다. 노동길 NH투자증권 연구원은 ""주식시장, 채권시장, 단기 금융시장이 안정세에 접어들고 있다""면서도 ""외국인 순매도는 지속중이다. 외국인 순매수 전환이 아직까지 요원한 상황에서 변동성 감소 여부를 지켜볼 필요가 있다""고 분석했다. 서울외환시장에서 달러/원 환율은 전날보다 19.7원 내린 1229.9원으로 거래를 마쳤다.flyhighrom@news1.kr© 뉴스1코리아(), 무단 전재 및 재배포 금지",/news/news_read.nhn?article_id=0004543720&office_id=421&mode=search&query=LG생활건강&page=1
"개인 홀로 '사자', 외국인과 기관 동반 순매도","코스피 지수가 7거래일만에 1700에서 거래를 마쳤다. 외국인은 15거래일 연속 팔자세를 유지하고 있는데 개인은 순매수 행진을 이어갔다.25일 코스피 지수는 전장대비 94.79포인트(5.89%) 상승한 1704.76에 거래를 마쳤다. 개인이 홀로 4496억원을 순매수한 가운데 외국인과 기관이 각각 3359억원 1041억원을 동반 순매도 했다.업종별 지수등락에 따르면 음식료품(5.59%), 섬유·의복(5.82%), 종이·목재(4.45%), 화학(7.27%), 의약품(0.88%), 비금속광물(5.83%), 철강·금속(9.26%), 기계(6%), 전기·전자(4.45%), 의료정밀(6.96%), 운송장비(12.51%) 등 줄줄이 상승세로 장을 마쳤다.시가총액 상위종목들은 등락이 엇갈렸다. 삼성전자가 3.62% 오른 4만8650원에 거래를 마쳤고, SK하이닉스(7.37%), LG화학(6.77%), 현대차(12.97%), 삼성SDI(4.46%), 삼성물산(7.53%), 현대모비스(17.30%) 등이 급등세를 보였다. 이 가운데 삼성바이오로직스(-0.21%), 셀트리온(-0.54%), LG생활건강(-2.10%) 등이 하락했다.코스닥 지수는 전장대비 25.28포인트(5.26%) 상승한 505.68에서 거래를 마쳤다.전날 대통령이 주관한 2차 비상경제회의에서 기업구호긴급자금으로 100조원을 투입한다는 소식이 주가 급등에 영향을 미친 것으로 풀이된다. 정부는 채권안정펀드로 20조원을 늘려 회사채를 매입하고 증권안정펀드로는 10조7000억원을 조성한다는 계획이다.김동영 삼성증권 연구원은 ""실물 경기침체, 경기부양책 등 여러가지 변수가 혼재해 있는 현재 상황에서 증시 저점을 논하기에는 아직 이른감이 있다""며 ""다만 2008년 글로벌 금융위기 사례를 감안해 증시 바닥을 가늠해볼 수 있을 것""이라고 말했다.데일리안 이미경 기자 (esit917@dailian.co.kr)ⓒ (주)데일리안 - 무단전재, 변형, 무단배포 금지",/news/news_read.nhn?article_id=0002391397&office_id=119&mode=search&query=LG생활건강&page=1
"코스피, 전장 대비 5.89% 오른 1704.76에 마감","[더팩트ㅣ박경현 기자] 코스피·코스닥 시장이 각각 5%가량 상승하며 장을 마쳤다. 금융당국의 대규모 금융 안정 자금 투입 및 긴급 정책 등이 투심에 영향을 준 것으로 보인다.25일 코스피는 1670선에서 급등장으로 시작해 내내 상승장을 유지하다 전장 대비 94.79포인트(+5.89%)오른 1704.76에 마감했다.이날도 개인 홀로 매수세를 이어갔다. 개인은 4499억 원을 사들인 반면 외국인과 기관은 각각 3328억 원, 1043억 원을 매도했다.시가총액별 시세에서는 삼성바이오로직스(-0.21%), 셀트리온(-0.54%), LG생활건강(-2.10%)이 내렸다. 반면 삼성전자는 3.62% 올라 4만8000원 선까지 주가가 상승했고 뒤를 이어 SK하이닉스(+7.37%), 삼성전자우(+5.87%), LG화학(+6.77%), 현대차(+12.97%), 삼성SDI(+4.46%)가 올랐다. NAVER는 보합세로 마감했다.이날 업종은 생명보험(+18.00%), 석유와 가스(+17.33%), 생명과학도구 및 서비스(+16.93%), 증권(+15.79%)등이 크게 오르는 등 전 업종이 상승했다. 뒤이어 광고, 우주항공과 국방, 항공사, 자동차부품, 자동차 업종이 11~14%가량 올랐다.코스닥 시장 역시 상승장으로 시작해 장중 강세를 유지했다. 이날 코스닥은 전 거래일 대비 25.28포인트(+5.26%)상승한 505.68에 거래를 마감했다.이날 코스닥시장 시가총액별 상위종목에서는 씨젠이 29.94%로 크게 오르며 상위 3위로 올라섰다. 뒤이어 에이치엘비(+3.96%), CJ ENM(+9.22%), 셀트리온제약(+5.24%), 케이엠더블유(+1.78%), 휴젤(+3.12%), SK머티리얼즈(+2.85)가 올랐고, 셀트리온헬스케어(-1.47%), 스튜디오드래곤(-2.14%)은 하락했다.pkh@tf.co.kr저작권자 ⓒ 특종에 강한 더팩트 & tf.co.kr 무단 전재 및 재배포 금지",/news/news_read.nhn?article_id=0000020151&office_id=629&mode=search&query=LG생활건강&page=1
,"[서울=뉴시스] 김제이 기자 = 코스피가 5%가 넘게 오르며 2거래일 연속으로 급등했다. 연이은 급등세에 코스피지수는 1700선 탈환에 성공했다. 코스닥도 5%대로 상승하며 500선에 올라섰다. 25일 코스피지수는 전 거래일(1609.97)보다 58.22포인트(3.62%) 오른 1668.19에 출발했다. 이후 지수는 상승구간을 횡보하며 장 중 1707까지 오르다 94.79포인트(5.89%) 오른 1704.76에 마감했다. 2거래일 연속 상승마감에 성공하며 이 기간 코스피 지수는 200포인트 넘게 상승했다.이날 코스피의 상승은 미국 정부의 부양정책 통과와 숏커버링(공매도한 주식을 갚기 위해 다시 매수하는 것)이 주요하게 작용했다는 분석이다.이원 부국증권 연구원은 ""이날 오후 2시 넘어서 미국 행정부가 경제 부양책에 합의했다는 소식이 알려지면서 미 선물지수와 함께 증시가 상승하면서 오름 폭을 더욱 키웠다""며 ""증시 내부적으로는 숏커버링이 이뤄지면서 전체적인 상승세에 힘을 보탠 것으로 보인다""고 분석했다.전날 금융위원회에서 발표한 비상경제대책 등의 효과로 투자심리도 이전보다는 많이 개선됐다고 이 연구원은 언급했다. 그러면서도 그는 ""아직까지 시장에는 코로나19와 연준의 강력한 경제 부양책의 실효성에 대한 의문 등 많은 리스크가 존재한다""면서 ""최근의 상승 추세는 단기적인 반등으로 봐야지 상승추세에 들어서는 것으로 보기에는 이르다""고 진단했다.유가증권시장에서 개인 투자자들은 또 다시 코스피를 사들이며 상승을 이끌었다. 이날 개인은 7206억원을 순매수했다. 외국인과 기관은 각각 2879억원, 4238억원을 팔아치웠다. 프로그램 매매는 4557억원 매도우위를 기록했다.이날 모든 업종은 상승세로 마감했다. 특히 증권업은 14% 넘게 오르며 강세를 보였다. 운송장비, 보험, 금융업, 은행도 12~10%대로 상승했다. 철강금속, 건설업, 운수창고, 화학, 유통업, 의료정밀, 기계, 비금속광물, 섬유의복, 음식료품, 제조업 등도 5~10% 사이로 상승세를 보였다.시가총액 상위 10개 종목들은 희비가 교차했다. 이날 LG생활건강, 셀트리온, 삼성바이오로직스는 내림세로 마감했으며, 네이버는 전날과 같은 가격으로 거래를 마쳤다. 반면 나머지 종목들은 모두 올랐다. 현대차는 13% 가까이 올랐으며, 삼성물산(7.53%), SK하이닉스(7.37%), LG화학(6.77%), 삼성SDI(4.46%), 삼성전자(3.62%)도 상승마감했다.이날 코스닥지수는 전 거래일(480.40)보다 25.28포인트(5.26%) 오른 505.68에 마감했다. 지수는 전날보다 15.92포인트(3.31%) 오른 496.32에 출발해 상승 폭을 넓히며 500선 탈환에 성공했다.코스닥시장에서 개인과 기관은 각각 844억원, 16억원을 사들였다. 외국인은 홀로 858억원을 순매도했다.시총 상위 종목들 가운데에서는 씨젠이 30% 가까이 오르며 상한가로 마감했다. CJ ENM(9.22%), 셀트리온제약(5.24%), 에이치엘비(3.96%), 휴젤(3.12%), SK머티리얼즈(2.85%), 케이엠더블유(1.78%), 펄어비스(1.39%)가 상승했다.이날 스튜디오드래곤(-2.14%), 셀트리온헬스케어(-1.47%)만 하락세로 거래를 마쳤다.지난밤 뉴욕증시는 미국 정부의 경기부양책 기대에 급반등에 성공했다.24일(현지 시각) 뉴욕증권거래소(NYSE)에서 다우존스30 산업평균지수는 전장보다 2112.98포인트(11.37%) 급등한 2만704.91에 거래를 마쳤다. 다우지수가 11% 이상 치솟은 것은 지난 1933년 이후 처음이다.스탠더드앤드푸어스(S&P) 500지수는 209.93포인트(9.38%) 상승한 2447.33에 마감했다. 기술주 중심의 나스닥지수도 557.18포인트(8.12%) 오른 7417.86에 마쳤다. jey@newsis.com<ⓒ 공감언론 뉴시스통신사. 무단전재-재배포 금지>",/news/news_read.nhn?article_id=0009777448&office_id=003&mode=search&query=LG생활건강&page=1
"다우니 견제 나선 애경·피죤, 제품군 강화 총력…매출 증대 효과 톡톡","[아이뉴스24 장유미, 이현석 기자] 최근 '고농축' 섬유유연제의 인기가 갈수록 높아지자 업체들의 제품 출시 경쟁이 치열해지고 있다.25일 업계에 따르면 2010년 초반에는 국내 고농축 제품에 대한 소비자들의 인지도가 낮은 탓에 전체 섬유유연제 시장에서 고농축 제품 매출 비중이 1.5%에 불과했지만, 2012년 '다우니'의 등장과 함께 15.4%까지 증가했고 2018년 말에는 54.3%로 급격히 늘었다.특히 '다우니'는 국내에 생소했던 고농축 섬유유연제 시장을 처음 개척한 브랜드로 2012년 출시 후 3년 동안은 점유율 1위를 유지했다. 그러나 LG생활건강이 '샤프란 5배 농축', '샤프란 10배 농축'으로 대대적인 마케팅에 나서면서 한동안 시장 2위로 밀려났다. 이후 '다우니'는 다양한 '향' 마케팅을 꾸준히 펼쳐 2018년 말 점유율 39.6%로 다시 1위를 차지했다.이처럼 고농축 섬유유연제 시장이 점차 커지고, 경쟁이 활발해지면서 애경, 피죤 등 경쟁사들도 관련 제품 개발에 열을 올리고 있다.2005년 '섬유린스'라는 콘셉트로 '아이린'을 출시했다 단종시켰던 애경산업은 최근 섬유유연제 시장이 각광받자 지난해 1월 '아이린'을 재론칭했다. 또 같은 해 2월에는 고농축 섬유유연제 브랜드 '르샤트라 1802'를 새롭게 선보였다.특히 '르샤트라 1802'의 인기 덕분에 애경산업은 지난해 섬유유연제 전체 매출이 내부 매출 기준 2018년 대비 370% 성장했다. 이 제품은 지난해 3분기 기준 전분기 대비 23%의 매출 성장을 기록했으며, 4분기에도 3분기 대비 20% 성장을 이어갔다.애경산업 관계자는 ""르샤트라 1802가 인기를 얻은 것은 내추럴하고 은은한 '향' 때문""이라며 ""개발 단계부터 미세플라스틱 사용을 배제하고 인공색소, 파라벤 6종 등 유해 성분도 사용하지 않은 '필환경 제품'으로 기획된 것도 주효했다""고 말했다.피죤은 2016년부터 '고농축'과 '향' 두 가지 모두 강화한 '고농축 피죤 리치퍼퓸'으로 반격에 나섰다. 이 제품은 향수보다 진하고 오래가는 풍성한 향기를 느낄 수 있는 제품으로, 오리지널 3종에 이어 2017년에는 유연제 성분과 향 성분을 최대 3배 강화한 '시그니처' 4종까지 출시됐다.이달에는 42년 핵심 노하우를 집약한 고농축 섬유유연제 '고농축 피죤 보타닉'을 새롭게 선보였다. 이 제품은 고농축으로 섬유유연 효과를 높였으며, 꽃과 식물·과일로부터 유래된 자연의 향을 그대로 담아 만들어졌다.피죤 관계자는 ""고농축으로 극대화된 최적의 섬유유연 효과와 자연 그대로의 향이 선사하는 정서적 안정감까지 더해 '고농축도 피죤이 만들면 다르다'는 자신감을 갖고 개발했다""며 ""자연 친화적인 피죤의 제품 철학을 반영한 고농축 섬유유연제 포트폴리오 강화에 적극 나서는 한편, 종합생활용품 부문 선도기업으로서의 면모를 갖추기 위해 다양한 혁신제품을 꾸준히 선보일 계획""이라고 말했다. sweet@inews24.com,
tryon@inews24.com [ⓒ 아이뉴스24 무단전재 및 재배포 금지]",/news/news_read.nhn?article_id=0000531327&office_id=031&mode=search&query=LG생활건강&page=1
,"25일 코스피가 급등해 1700선을 회복했다. 이날 코스피는 전 거래일보다 94.79포인트(5.89%) 오른 1704.76으로 마감했다.코스피 종가가 1700선을 넘은 것은 지난 16일(종가 1,714.86) 이후 7거래일 만에 처음이다. 지수는 전장보다 58.22포인트(3.62%) 오른 1668.19로 출발해 상승 폭을 키웠다. 이어 ""도널드 트럼프 미국 행정부가 90일 동안 세계에서 들어오는 수입품에 대해 관세 부과 유예를 검토한다는 소식도 증시에 긍정적""이라고 덧붙였다.외국인 투자자는 이날도 유가증권시장에서 3359억 원어치를 팔아치우며 15거래일 연속 순매도 행진을 이어갔다. 15일 동안 외국인의 누적 순매도액은 10조 2133억 원에 달했다.기관도 1042억 원어치를 순매도했으나 개인은 4499억 원어치를 순매수하며 지수 상승을 이끌었다. 주가가 오른 종목은 872개에 달했고 내린 종목은 33개에 그쳤다. 30개 종목은 보합으로 마감했다.시가총액 상위 종목 가운데 현대차(12.97%)의 상승 폭이 가장 컸고, 삼성물산(7.53%), SK하이닉스(7.37%), LG화학(6.77%), 삼성SDI(4.46%), 삼성전자(3.62%) 등도 올랐다.LG생활건강(-2.10%), 셀트리온(-0.54%), 삼성바이오로직스(-0.21%)는 내렸고 네이버는 보합으로 마감했다.업종별로는 증권(14.56%), 운수·장비(12.51%), 보험(11.58%), 금융업(11.28%), 은행(10.29%), 철강·금속(9.26%) 등이 크게 올랐고, 나머지 업종들도 모두 강세였다.유가증권시장의 거래량은 8억 3000만 주, 거래대금은 12조 3936억 원이었다. 프로그램 매매는 차익 거래와 비차익 거래 모두 매도 우위로 전체적으로는 4557억 원의 순매도로 집계됐다.코스닥지수는 전 거래일보다 25.28포인트(5.26%) 급등한 505.68로 종료했다. 코스닥지수가 500선을 넘은 것은 지난 17일(종가 514.73) 이후 6거래일 만이다. 지수는 15.92포인트(3.31%) 오른 496.32로 개장해 급등세를 이어갔다. 코스닥시장에서는 개인이 844억 원, 기관이 17억 원을 순매수했다. 외국인은 857억 원을 순매도했다.시총 상위 종목 가운데는 씨젠(29.94%)이 상한가로 마감했고, CJ ENM(9.22%), 셀트리온제약(5.24%), 에이치엘비(3.96%), 휴젤(3.12%), SK머티리얼즈(2.85%), 케이엠더블유(1.78%), 펄어비스(1.39%) 등도 올랐다. 스튜디오드래곤(-2.14%), 셀트리온헬스케어(-1.47%)는 내렸다.코스닥시장의 거래량은 약 13억 8000만 주, 거래대금은 9조 4472억 원이었다. 코넥스시장에서는 43만 주가 거래됐고 거래대금은 31억 원가량이었다.박지훈 기자 lionking@busan.com",/news/news_read.nhn?article_id=0000991426&office_id=082&mode=search&query=LG생활건강&page=1
,"외국인 투자자는 25일 거래소에서 삼성전자, KODEX 200, LG생활건강 등을 중점적으로 매도한 것으로 나타났다.외국인 투자자의 순매도 상위 20개 종목은 삼성전자, KODEX 200, LG생활건강, SK텔레콤, 현대모비스, 하나금융지주, 기아차, NAVER, 카카오, 현대차2우B등이다.이중에 금융업 업종에 속한 종목이 6개 포함되어 있다.삼성전자, KODEX 200, SK텔레콤 등은 전일 대비 주가가 상승했고, LG생활건강, 삼성바이오로직스 등은 주가가 하락했다.한경로보뉴스이 기사는 한국경제신문과 금융 AI 전문기업 씽크풀이 공동 개발한 기사 자동생성 알고리즘에 의해 실시간으로 작성된 것입니다.▶ ▶
 ▶
ⓒ 한국경제 & , 무단전재 및 재배포 금지",/news/news_read.nhn?article_id=0004313327&office_id=015&mode=search&query=LG생활건강&page=1
,"기관 투자자는 25일 거래소에서 KODEX 레버리지, KODEX 200, KODEX 코스닥150 레버리지 등을 중점적으로 사들인 것으로 나타났다.기관 투자자의 순매수 상위 20개 종목은 KODEX 레버리지, KODEX 200, KODEX 코스닥150 레버리지, 하나금융지주, 기아차, 신한지주, 현대차2우B, 제일기획, SK하이닉스, 미래에셋대우등이다.이중에 금융업 업종에 속한 종목이 6개 포함되어 있다.KODEX 레버리지, KODEX 200, KODEX 코스닥150 레버리지 등은 전일 대비 주가가 상승했고, LG생활건강, 한진, KODEX 미국달러선물레버리지 등은 주가가 하락했다.한경로보뉴스이 기사는 한국경제신문과 금융 AI 전문기업 씽크풀이 공동 개발한 기사 자동생성 알고리즘에 의해 실시간으로 작성된 것입니다.▶ ▶
 ▶
ⓒ 한국경제 & , 무단전재 및 재배포 금지",/news/news_read.nhn?article_id=0004313326&office_id=015&mode=search&query=LG생활건강&page=1
,"코스피·코스닥 각각 5% 넘게 올라 1,700, 500선 회복 외국인은 15일째 순매도…코스피 누적 순매도 10조 넘어 (서울=연합뉴스) 황재하 기자 = 25일 코스피가 급등해 1,700선을 회복했다.

이날 코스피는 전 거래일보다 94.79포인트(5.89%) 오른 1,704.76으로 마감했다. 코스피 종가가 1,700선을 넘은 것은 지난 16일(종가 1,714.86) 이후 7거래일 만에 처음이다.

지수는 전장보다 58.22포인트(3.62%) 오른 1,668.19로 출발해 상승 폭을 키웠다.

이날 유가증권시장과 코스닥시장의 총 거래대금은 22조2천989억원으로 1996년 코스닥시장이 개장한 이래 최대를 기록했다.

양대 시장의 거래대금은 최근 증시 변동성이 커진 영향을 받아 지난 13일에도 21조5천290억원을 기록한 바 있다.

이경민 대신증권 연구원은 ""미국 경기부양책이 의회를 통과할 것이라는 기대감, 증권시장안정펀드를 비롯한 한국 정부의 100조원 규모 부양책 등이 지수 상승 요인으로 작용했다""고 설명했다.

이어 ""도널드 트럼프 미국 행정부가 90일 동안 세계에서 들어오는 수입품에 대해 관세 부과 유예를 검토한다는 소식도 증시에 긍정적""이라고 덧붙였다.

외국인 투자자는 이날도 유가증권시장에서 3천359억원어치를 팔아치우며 15거래일 연속 순매도 행진을 이어갔다. 15일 동안 외국인의 누적 순매도액은 10조2천133억원에 달했다.

기관도 1천42억원어치를 순매도했으나 개인은 4천499억원어치를 순매수하며 지수 상승을 이끌었다.

주가가 오른 종목은 872개에 달했고 내린 종목은 33개에 그쳤다. 30개 종목은 보합으로 마감했다.

시가총액 상위 종목 가운데 현대차(12.97%)의 상승 폭이 가장 컸고, 삼성물산(7.53%), SK하이닉스(7.37%), LG화학(6.77%), 삼성SDI(4.46%), 삼성전자(3.62%) 등도 올랐다.

LG생활건강(-2.10%), 셀트리온(-0.54%), 삼성바이오로직스(-0.21%)는 내렸고 네이버는 보합으로 마감했다.

업종별로는 증권(14.56%), 운수·장비(12.51%), 보험(11.58%), 금융업(11.28%), 은행(10.29%), 철강·금속(9.26%) 등이 크게 올랐고, 나머지 업종들도 모두 강세였다.

유가증권시장의 거래량은 8억5천만주, 거래대금은 12조6천123억원이었다.

프로그램 매매는 차익 거래와 비차익 거래 모두 매도 우위로 전체적으로는 4천557억원의 순매도로 집계됐다.

코스닥지수는 전 거래일보다 25.28포인트(5.26%) 급등한 505.68로 종료했다. 코스닥지수가 500선을 넘은 것은 지난 17일(종가 514.73) 이후 6거래일 만이다.

지수는 15.92포인트(3.31%) 오른 496.32로 개장해 급등세를 이어갔다.

코스닥시장에서는 개인이 844억원, 기관이 17억원을 순매수했다. 외국인은 857억원을 순매도했다.

시총 상위 종목 가운데는 씨젠(29.94%)이 상한가로 마감했고, CJ ENM(9.22%), 셀트리온제약(5.24%), 에이치엘비(3.96%), 휴젤(3.12%), SK머티리얼즈(2.85%), 케이엠더블유(1.78%), 펄어비스(1.39%) 등도 올랐다.

스튜디오드래곤(-2.14%), 셀트리온헬스케어(-1.47%)는 내렸다.

코스닥시장의 거래량은 약 14억1천만주, 거래대금은 9조6천866억원이었다.

코넥스시장에서는 43만주가 거래됐고 거래대금은 31억원가량이었다.

jaeh@yna.co.kr",/news/news_read.nhn?article_id=0011499170&office_id=001&mode=search&query=LG생활건강&page=1
"외국인, SK하이닉스 781억 여원, 셀트리온 282억여 원 '매수'","[더팩트ㅣ박경현 기자] 국내 증시가 5%대 강세로 마감한 가운데 유가증권시장에서 개인은 매수, 외인과 기관은 매도 포지션으로 장을 마쳤다.25일 개인은 4499억 원을 사들인 반면 외국인과 기관은 각각 3328억 원, 1043억 원을 매도했다.이날 코스피 시장 대표주자인 SK하이닉스가 7%대 큰 폭으로 오르며 장을 마친 가운데 외국인은 이날 SK하이닉스 781억 여원, 셀트리온 282억여 원, SK이노베이션 265억 여원을 사들였다. 반면 삼성전자 1332억 여원, LG생활건강 368억 여원을 팔았다.코스닥 시장에서는 다나와(73억 원), 펄어비스(54억 원), 씨젠(44억 원)을 순매수하고 메디톡스(72억 원), 원익IPS(65억 원), 네페스(61억 원)를 순매도했다.기관은 코스피 시장에서 하나금융지주에 204억 여원, 기아차에 121억 여원, 신한지주 113억 여원을 사들인 반면 삼성전자 861억 여원, 셀트리온 292억 여원, 카카오는 254억여 원을 팔았다.pkh@tf.co.kr저작권자 ⓒ 특종에 강한 더팩트 & tf.co.kr 무단 전재 및 재배포 금지",/news/news_read.nhn?article_id=0000020171&office_id=629&mode=search&query=LG생활건강&page=1
