head,text,url
일상이 된 마스크…구취에 예민해져집콕에 머리는 덜 감아…샴푸 매출↓,"[서울=뉴시스] 이예슬 기자 = #회사원 이모(34)씨는 최근 온라인 커머스에서 액체 형태의 구강청결제를 구매했다. 그 전까지는 사 본 적이 없었는데, 마스크 사용이 일상화되면서 스스로 구취에 예민해졌기 때문이다.신종 코로나바이러스 감염증(코로나19)이 생활용품 판매에도 영향을 미치고 있다. 치약이나 샴푸 등 생활용품은 일상 생활에서 숨쉬듯 소비되는 품목이기 때문에 매출 등락이 크지 않은 편이지만, 소비자들의 생활패턴이 바뀌면서 유의미한 매출 데이터가 도출되고 있다.5일 이베이코리아에 따르면 온라인 쇼핑사이트 G마켓에서 최근 한 달(3월3일~4월2일) 동안 구강 및 헤어 품목의 판매 신장률을 분석한 결과 구강청결제는 전년 동기 대비 29% 더 팔린 것으로 나타났다. 치실과 치간칫솔의 매출은 34%, 치약은 20% 증가해 전체적으로 구강케어 카테고리가 상승세를 보였다. 옥션에서도 구강청결제(2%), 치실/치간칫솔(22%), 치약(14%)이 대체적으로 잘 팔렸다.전반적으로 위생에 대한 관심이 많아지면서 입 속 세균 억제 효과가 있는 구강청결제에 관심이 쏠린 것으로 해석된다. 여기에 더해 외출을 할 때는 물론 사무실 안에서 업무를 보더라도 마스크 착용을 권장하는 회사가 늘면서 코를 하루 종일 마스크 안에 가둬 둬야 하는 현실적 문제도 작용한 것이다.반대로 평소보다 덜 팔린 생활용품 카테고리도 있었다. 샴푸와 린스 등 헤어케어다. G마켓에선 전년보다 4%, 옥션에선 6% 덜 팔렸다. 재택근무나 개학연기 등으로 집 밖을 나가지 않는 날이 많아지면서, 매일 감던 머리를 이틀에 한 번, 사흘에 한 번 감는 생활 패턴 때문에 샴푸를 사는 주기가 길어진 것으로 보인다.코로나19 사태가 장기화되면서 뷰티와 생활용품을 동시에 취급하는 기업들은 희비가 갈리고 있다. 소비자들이 마스크 속에 얼굴을 감추면서 색조화장품 매출은 급감했다. 뷰티업계는 중국 의존도가 높다는 점도 큰 타격이다. 반면 생활용품은 외부환경에 영향을 덜 받는 분야다.배송이 KTB증권 연구원은 ""애경산업은 LG생활건강, 아모레퍼시픽과 비교해 생활용품 매출 비중이 높아 코로나19 타격을 상대적으로 방어했을 것""이라며 ""어려울 때 빛을 발하는 사업 모델""이라고 분석했다. ashley85@newsis.com<ⓒ 공감언론 뉴시스통신사. 무단전재-재배포 금지>",/news/news_read.nhn?article_id=0009796271&office_id=003&mode=search&query=LG생활건강&page=1
,"삼성물산 2.6억 삼성전자 1.8억 현대차 1.3억…이사회 1회당 1천만 이상 24곳
(서울=연합뉴스) 박상돈 기자 = 재벌 기업 상장사 10곳 중 7곳 정도는 사외이사 연봉이 5천만원이 넘는 것으로 나타났다.

심지어 억대 연봉을 받는 상장사도 3곳 있었다.

 산술적으로만 따지면 이사회 1회당 1천만원 이상 받는 상장사가 20곳이 넘었다.

 5일 금융감독원 전자공시시스템에 따르면 지난해 10대 그룹 산하 상장사 102곳의 사외이사 1인당 평균 연봉이 5천만원 이상인 곳이 71곳에 달했다.

사외이사 전원이 감사위원인 상장사는 감사위원을 기준으로 삼았다.

사외이사 1인당 보수가 가장 많은 상장사는 삼성물산으로 2억5천900만원이었다. 또 삼성전자(1억7천600만원)와 현대차(1억3천100만원)도 1억원을 넘었다.

 그다음으로 현대모비스(9천800만원), 삼성전기(9천만원), SK하이닉스(8천600만원), 기아차·LG전자·SK텔레콤·SK이노베이션·삼성SDI(각 8천400만원), 한화에어로스페이스(8천200만원), LG·삼성바이오로직스(각 8천100만원) 등 순이었다.

상장사 중 사외이사 보수가 1천만원 이하인 곳은 2곳이었다.

 사외이사 보수를 단순히 이사회 횟수와 비교할 경우에는 1회 참석당 1천만원 이상 받는 곳이 24곳에 달했다.

삼성물산의 경우 지난해 이사회가 7차례 열린 것을 고려하면 1회당 보수가 3천700만원꼴인 셈이다.

 삼성전자는 2천500만원, 현대차는 1천500만원이다.

LG는 사외이사 1인당 보수가 8천100만원이지만 이사회가 6차례로 적게 열려 1회당 보수는 1천400만원 수준이고 호텔신라도 사외이사 1인당 보수가 7천900만원이지만 이사회가 6차례 열려 1회당 보수는 1천300만원으로 높았다.

 또 에스원과 삼성전기가 1천300만원, 기아차·LG전자·삼성SDI가 1천200만원 수준이다.

아울러 제일기획·LG생활건강·현대모비스·이노션(각 1천100만원), LG하우시스·GS·현대위아·삼성화재·현대제철·현대글로비스·삼성바이오로직스·삼성카드·롯데푸드(각 1천만원)도 높은 편이다.

사외이사 중 감사위원을 겸임하는 경우가 있는데 겸임 사외이사와 비겸임 사외이사의 보수는 대체로 비슷하지만 일부는 격차가 컸다.

삼성물산의 경우 비겸임 사외이사 2명은 1인당 보수가 2억5천900만원이지만 겸임 사외이사 3명은 1인당 7천800만원을 받아 격차가 1억8천100만원에 달했다.

삼성전자도 비겸임 사외이사 3명과 겸임 사외이사 3명이 각각 1억7천600만원, 1억2천600만원을 받아 5천만원 차이가 났다.

현대차는 비겸임 사외이사 1명이 1억3천100만원, 겸임 사외이사 5명이 9천200만원으로 격차가 3천900만원이었다.

kaka@yna.co.kr",/news/news_read.nhn?article_id=0011523347&office_id=001&mode=search&query=LG생활건강&page=1
반려동물 양육 인구 1500만명… 온라인서 관련 용품 판매 급증,"신종 코로나바이러스 감염증(코로나 19) 여파로 ‘사회적 거리두기’에 따른 언택트(비대면) 수요가 확산하는 가운데 유통업체들이 반려동물 시장 공략에 팔을 걷어붙이고 있다. 한국농촌경제연구원 등에 따르면 지난해 기준 국내 반려동물 양육 가구는 전체 가구의 26.4%, 인구로는 1500만명에 달하는 것으로 추산된다. 4가구 중 1가구가 반려동물을 기르는 셈이다.관련 상품의 수요도 증가하고 있다. 시장 조사 기업 유로모니터 인터내셔널에 따르면 한국은 지난해 펫케어(반려동물 돌봄) 소비국 15위에 올랐다. 같은 기간 반려동물을 기르는 사람들이 사료·간식·반려동물 용품 등에 쓴 전체 금액은 1조8000억원에 달한다. 반려동물 산업 규모는 올해 3조4000억원에서 2026년 5조7000억원까지 성장할 것으로 전망된다. 최근에는 코로나 여파로 반려동물 관련 박람회 등 각종 오프라인 행사가 연기되거나 취소되며 온라인에서 관련 상품 수요가 급증하고 있다. 업계에 따르면 당초 지난 2월 21일과 28일 열릴 예정이었던 ‘수원펫쇼’와 ‘코리아펫쇼’는 각각 이달 10일로 일정을 미뤘다. 그러나 코로나 사태가 지속되며 ‘수원펫쇼’는 11월 27일, 코리아펫쇼는 9월 4일로 개최 일정을 재연기했다. 이외에 ‘펫케어페스티벌’, ‘2020 궁디팡팡 캣페스타 BUSAN’ 등도 개최 일정이 미뤄진 상태다.이런 상황에서 지난 2월 25일부터 3월 26일까지 이베이코리아가 운영하는 오픈마켓 G9의 반려동물용품 상품 판매량은 지난해 동기 대비 236% 급증했다. 특히 위생용품(368%)과 사료(강아지148%, 고양이334%), 간식(강아지357%, 고양이96%) 판매량이 크게 늘었다. 또 반려견들의 셀프 미용을 하려는 사람들의 수요 증가세에 강아지 미용용품 판매량도 336% 증가했다.유통업체들은 분주히 펫펨족 공략에 나서고 있다. 오픈마켓 인터파크와 G9는 오프라인 반려동물 박람회를 대신할 온라인 박람회를 진행 중이다.G9는 사료, 간식 등을 정가 대비 최대 13% 할인 판매하는 ‘LG생활건강 시리우스윌 랜선 펫박람회’를 이달 12일까지 진행한다. 대표상품으로 ‘시리우스 윌 전제품 특가할인 모음전’, ‘시리우스 윌 풍미모락 애견사료(50g*2*2팩)+언더텐(100g*2*2팩)+스테이크 스틱(22g*2종)’ 등을 선보인다. 행사 기간 동안 전 회원에게 20% 할인쿠폰을 증정하며, 해당 쿠폰은 ID당 매일 1회씩 다운로드 받을 수 있다.G9관계자는 ""최근 사회적 분위기와 맞물리면서 실내용품이나 펫전용식품, 이미용제품 등 전체적으로 크게 신장하고 있다""며 ""이번 행사는 오프라인 박람회 참여가 어려운 반려인들을 위해 사료, 간식, 영양제 등 다양한 상품을 한 자리에서 모아볼 수 있도록 했다""고 말했다.인터파크는 3일까지 ‘제1회 인터파크펫 온라인박람회’를 열었다. 웰니스, 나우, 이나바, 내추럴코어 등 32개 주요 브랜드가 참여해 총 1000여 종의 반려동물 용품을 선보였다. 강아지와 고양이 전용제품을 따로 모은 ‘댕댕이관’, ‘냥냥이관’을 비롯해 최대 70% 할인 판매하는 ‘창고대방출’ 코너와 지위픽∙필루∙릴리스키친 등 평소에 할인 행사를 잘 접하지 못하는 프리미엄급 브랜드들을 저렴하게 구매할 수 있는 ‘브랜드관’을 운영했다. 롯데홈쇼핑은 4월 반려동물 전용 살균 가전, 공기청정기 등 위생 상품 판매를 확대하기로 했다. 프리미엄 사료·간식 등 식품 판매도 강화한다. 펫 가전기업 아베크의 ‘펫 살균케어룸’을 물량이 확보되는 대로 방송을 진행할 예정이다. 이 제품은 지난달 18일 새벽 1시 방송에서 주문건수 약 500건을 달성해 기존 동일 시간대 평균 주문수량보다 30% 이상 높은 수치를 기록했다.
반려동물 전문관 코코야에서는 제주도·나주 등 국내산 천연 재료로 만든 자연식 사료를 비롯해 뉴질랜드 천연 냉장 사료 등 해외 프리미엄 식품 브랜드를 선보인다. 이와 함께 모바일 생방송 ‘펫스타와 함께하는 쇼킹호스트’도 확대 편성하고 반려동물 운동 기구, 유산균, 정수기 등 이색 상품을 판매한다.이 운영하는 편의점 GS25는 현대해상과 손잡고 반려동물 보험 상품인 ‘무배당 하이펫 애견보험’을 단독 출시했다. 이 보험은 치료비 보장 중심의 기존 보험 상품과 달리 배상책임 보장과 장례비 보장이 특화된 상품이다. 보장 범위는 반려견이 타인의 신체나 반려동물에게 손해를 입힐 경우 최대 500만원 한도 내 지원, 반려견 사망 시 장례비 15만원 지급이다. 전국 GS25 매장을 방문해 가입할 수 있다.[이선목 기자 letswin@chosunbiz.com]	[]	[] 	chosunbiz.com",/news/news_read.nhn?article_id=0000504224&office_id=366&mode=search&query=LG생활건강&page=1
,"코로나19 확산 여파로 국내 화장품 업계가 침체에 빠진 가운데 손 소독제 등 위생용품이 화장품 업계의 새로운 '효자 상품'으로 떠오르고 있다. 이에 따라 국내 화장품 업체들은 봄 맞이 신상품을 출시하는 대신 다양한 종류의 위생용품들을 선보이는 데 열을 올리고 있다.업계에서는 개인 위생에 대한 관심이 커지면서 코로나19가 잠잠해진 후에도 손 소독제를 비롯한 생활위생 시장이 커질 것으로 보고 있다. 지난달 29일 관련 업계에 따르면 생활뷰티기업 애경산업이 올해 1월 말 출시한 손 소독제와 손 소독티슈는 코로나19의 국내 확산 기점인 설 연휴를 전후해 매출이 각각 24배, 33배 급증했다. 애경산업 관계자는 ""코로나19가 장기화되면서 생산량을 늘렸지만, 워낙 수요가 많은 탓에 따라잡기 힘들 정도""라며 ""원부자재가 확보되는 대로 생산에 투입하고 있다""고 전했다.화장품 대기업 아모레퍼시픽도 뒤늦게 손 소독제 시장에 뛰어들며 올 상반기 안에 손 소독제 브랜드 출시를 앞두고 있다.아모레퍼시픽 관계자는 ""코로나19 이후 위생용품에 대한 수요가 늘어나면서 손 소독제도 생산해 판매하기로 결정했다""며 ""이르면 다음달, 늦어도 상반기 중에는 기존 브랜드 이름을 달고 출시될 것""이라고 설명했다아모레퍼시픽의 브랜드 해피바스의 손 세정제는 설 연휴를 전후해 매출이 900% 급증하는 등 '품절' 사태를 일으키기도 했다.업체들의 요청이 잇따르면서 한국콜마도 손 소독제 생산량을 최대치로 늘린 것으로 나타났다. 한국콜마 관계자는 ""손소독제는 의약외품으로 제약공장에서만 생산해왔으나 코로나19로 몰려드는 주문량을 채우기 위해 잠자고 있던 의약외품 생산 허가를 화장품 공장에서도 재개했다""며 ""코로나19로 위생관념이 철저해지면서 코로나19가 잠잠해지더라도 생활위생 시장은 커질 전망""이라고 말했다.이밖에 LG생활건강이 판매하는 손 소독제 'ABY 핸드 새니타이저 겔'과 '피지핸드 새니타이저 겔' 역시 코로나19 확산 후 판매량이 증가한 것으로 알려졌다. 국내 대표적인 로드샵 브랜드로 꼽히는 더 페이스샵, 에뛰드 하우스, 토니모리, 미샤 등도 모두 손소독제 판매에 열을 올리고 있다. 대다수의 로드샵 브랜드들이 코로나19 이후 손 소독제 제품들을 선보였으며 출시 후 이 제품들은 각 브랜드의 인기 상품으로 자리잡았다.올리브영에서도 올들어 처음 손소독제를 입점시켰다. 지난 달부터 일부 매장에서 판매를 시작한데 이어, 이달 올리브영 전 매장에서 판매 중인데 입점 초기보다 매출이 23% 신장한 것으로 집계됐다.이와 함께 그간 방송에서 손소독제를 거의 판매하지 않았던 홈쇼핑도 '손 소독제 열풍'에 가세했다. 롯데홈쇼핑은 지난 5일부터 매일 1회 이상 손 소독제를 편성하고 있다. 이중 화장품 브랜드 제이엠솔루션의 손소독제는 지난달 25일 론칭 방송에서 10분 동안 주문수량 1만2000세트, 주문금액 6억3000만원을 달성한 바 있다. 업계 관계자는 ""코로나19가 확산됨에 따라 화장품을 주력으로 생산하던 기업들이 손 소독제 등 위생용품 출시에 눈을 돌리게 됐다""며 ""외출을 자제하는 사람들이 늘고 집 밖을 나설 때에도 마스크 착용이 일상화되면서 색조 화장품 제품 매출은 감소했으나, 개인 위생용품의 판매량이 늘어나면서 이 제품들이 화장품 업체들의 구원투수 역할을 하고 있다""고 설명했다.아울러 ""앞으로 봄철 미세먼지와 황사 등의 영향으로 개인 위생 관리에 대한 관심이 증가함에 따라 화장품 업체들도 위생제품 라인업을 꾸준히 확대해 나갈 것""이라고 말했다.이미선 기자 already@sportschosun.com- Copyrightsⓒ , 무단 전재 및 재배포 금지",/news/news_read.nhn?article_id=0003550758&office_id=076&mode=search&query=LG생활건강&page=1
,"대기업 사외이사들이 지난해에도 반대표를 행사한 경우가 드물어 여전히 오너 일가의 뜻에 따라 움직이는 ‘거수기’에서 벗어나지 못하고 있다는 비판을 받고 있다. 5일 금융감독원 전자공시시스템에 따르면 지난해 10대 그룹 계열 상장사 102개사가 이사회에 상정한 2600여개 안건 중 부결된 안건은 2건에 그쳤다.부결된 2건은 한화와 한진그룹 이사회에서 나왔다. 한화가 지난해 12월 이사회에 상정한 ‘계열금융사와의 거래한도 승인의 건’은 사외이사 5명과 사내이사 1명의 반대로 부결됐다. 사내이사 2명은 찬성했었다. 한화는 ""거래 한도금액이 과다하다는 다수 이사의 의견을 근거로 부결됐고 계열금융사와의 거래한도 수정안 승인의 건으로 재부의돼 승인됐다""고 설명했다.한진의 경우 지난해 3월 초 열린 이사회에 상정된 ‘주주제안 안건 상정 여부의 건’에 대해 사내이사 2명과 사외이사 2명 모두 반대해 부결됐다.삼성그룹은 삼성전자를 비롯한 16개 계열 상장사의 사외이사가 57명에 달했으나 이사회에서 반대표를 행사한 사외이사는 아무도 없었다. 현대차그룹 산하 12개 상장사 사외이사 50명도 반대표를 던지지 않았다. SK그룹(59명), LG그룹(42명), 신세계그룹(23명), GS그룹(22명), 현대중공업그룹(19명)에서도 사외이사가 이사회에서 반대표를 행사한 경우가 발생하지 않았다. 사외이사 제도는 1997년 국제통화기금(IMF) 외환위기 이후 기업 경영의 투명성을 제고하고 대주주와 경영진의 전횡을 막기 위해 도입됐으나 오히려 경영진의 결정을 지지하는 ‘방패막’으로 활용돼 취지가 퇴색됐다는 지적이 나오고 있다. 그럼에도 대기업 사외이사 중에서는 억대 연봉을 받는 경우가 적지 않다. 10대 그룹 계열 상장사 102개사 중 17명의 사외이사가 1억원이 넘는 연봉을 받는 것으로 나타났다. 이 중 사외이사 연봉이 가장 높은 곳은 삼성물산으로 5명이 각각 2억5900만원을 받았다. 삼성전자는 6명의 사외이사에게 각각 1억7600만원, 현대차는 6명의 사외이사에게 1억3100만원을 줬다.사외이사 연봉이 5000만원이 넘는 기업은 102개사 중 71개사에 달했다. 삼성전기(9000만원), SK하이닉스(8600만원), 기아차(8400만원), LG전자(8400만원) 등의 순으로 높았다. 사외이사 보수를 이사회 참석 횟수로 계산할 경우 1회당 1000만원 이상 받는 기업은 24개사에 달했다. 삼성물산은 지난해 이사회가 7차례 열려 1회당 사외이사 보수는 3700만원에 달한다. 삼성전자는 2500만원, 현대차는 1500만원이다.LG는(1400만원), 호텔신라·에스원·삼성전기(1300만원), 기아차·LG전자·삼성SDI(1200만원), 제일기획·LG생활건강·현대모비스·이노션(1100만원), LG하우시스·GS·현대위아·삼성화재·현대제철·현대글로비스·삼성바이오로직스·삼성카드·롯데푸드(1000만원) 순이었다. [이경민 기자 sea_through@chosunbiz.com]	[]	[] 	chosunbiz.com",/news/news_read.nhn?article_id=0000504248&office_id=366&mode=search&query=LG생활건강&page=1
,"[디지털타임스 차현정 기자] 재벌 기업 상장사 10곳 중 7곳의 사외이사가 5000만원 넘는 연봉을 받아간 것으로 나타났다. 억대를 수령하는 곳도 3곳에 달했으며 이사회 한 번 참석에 1000만원 이상 받는 상장사는 20곳이 넘었다. 5일 금융감독원 전자공시시스템에 따르면 지난해 10대 그룹 산하 상장사 102곳의 사외이사 1인당 평균 연봉이 5000만원 이상인 곳이 71곳에 달했다.사외이사 전원이 감사위원인 상장사는 감사위원을 기준으로 삼았다.사외이사 1인당 보수가 가장 많은 상장사는 삼성물산으로 2억5900만원이었다. 또 삼성전자(1억7600만원)와 현대차(1억3100만원)도 1억원을 넘었다. 현대모비스(9800만원)와 삼성전기(9000만원), SK하이닉스(8600만원), 기아차·LG전자·SK텔레콤·SK이노베이션·삼성SDI(각 8400만원), 한화에어로스페이스(8200만원), LG·삼성바이오로직스(각 8100만원) 등 순이었다.상장사 중 사외이사 보수가 1000만원 이하인 곳은 2곳이었다. 사외이사 보수를 단순히 이사회 횟수와 비교할 경우에는 1회 참석당 1000만원 이상 받는 곳이 24곳에 달했다.삼성물산의 경우 지난해 이사회가 7차례 열린 것을 고려하면 1회당 보수가 3700만원꼴인 셈이다. 삼성전자는 2500만원, 현대차는 1500만원이다.LG는 사외이사 1인당 보수가 8100만원이지만 이사회가 6차례로 적게 열려 1회당 보수는 1400만원 수준이고 호텔신라도 사외이사 1인당 보수가 7900만원이지만 이사회가 6차례 열려 1회당 보수는 1300만원으로 높았다. 에스원과 삼성전기가 1300만원, 기아차·LG전자·삼성SDI가 1200만원 수준이다.아울러 제일기획·LG생활건강·현대모비스·이노션(각 1100만원), LG하우시스·GS·현대위아·삼성화재·현대제철·현대글로비스·삼성바이오로직스·삼성카드·롯데푸드(각 1000만원)도 높은 편이다.사외이사 중 감사위원을 겸임하는 경우가 있는데 겸임 사외이사와 비겸임 사외이사의 보수는 대체로 비슷하지만 일부는 격차가 컸다.삼성물산의 경우 비겸임 사외이사 2명은 1인당 보수가 2억5900만원이지만 겸임 사외이사 3명은 1인당 7800만원을 받아 격차가 1억8100만원에 달했다.삼성전자도 비겸임 사외이사 3명과 겸임 사외이사 3명이 각각 1억7600만원, 1억2600만원을 받아 5000만원 차이가 났다.현대차는 비겸임 사외이사 1명이 1억3100만원, 겸임 사외이사 5명이 9200만원으로 격차가 3900만원이었다.차현정기자 hjcha@dt.co.kr 디지털타임스
/",/news/news_read.nhn?article_id=0002592119&office_id=029&mode=search&query=LG생활건강&page=1
생활 패턴·사용 상황에 따라 사용가능한 맞춤형 선케어 제안초미세먼지·블루라이트 차단 등 ‘라이프스타일 맞춤 선케어’,"라이프 스타일 맞춤 선케어 콘셉트로 리뉴얼 출시한 선케어 제품. (사진=LG생활건강)[이데일리 이윤화 기자] 더페이스샵은 대표 선케어 라인 ‘내추럴 선 에코’를 생활 패턴이나 사용 상황에 따라 맞춤형 선케어를 제안하는 ‘라이프스타일 맞춤 선케어’ 콘셉트로 리뉴얼 출시했다고 5일 밝혔다. 이번 리뉴얼로 내추럴 선 에코 라인은 사용자의 피부 타입은 물론 활동 범위, 자외선에 노출되는 환경까지 고려해 세분화 한 제품 라인업을 갖추게 됐다. 패키지 디자인은 각 제품이 지닌 특장점을 직관적으로 알 수 있는 포인트 컬러의 활용으로 심플함을 더했다.내추럴 선 에코 라인의 대표 선크림인 ‘내추럴 선 에코 슈퍼 퍼펙트 선크림 EX’는 미세먼지, 전자기기 블루라이트 등 도시의 일상생활에서 자주 접하게 되는 외부 환경에 의한 피부 고민을 케어하는 ‘도시형 선케어’ 제품이다. SPF50+ PA++++의 자외선 차단 기능성과 함께 PM2.5 이하의 대체 초미세먼지 흡착 방지, 블루라이트 차단 기능을 갖췄다. 가벼운 톤 업 기능으로 피부 결점을 자연스럽게 감춰 마스크를 쓸 때와 같이 메이크업을 생략하고 싶은 경우에도 유용하다.또 다른 대표 품목인 ‘내추럴 선 에코 슈퍼 액티브 선크림’은 야외 운동, 캠핑, 페스티벌, 워터 스포츠 등 각종 액티비티에 최적화된 ‘아웃도어 특화 선케어’ 제품이다. SPF50+ PA++++의 자외선 차단 기능성에 워터프루프와 액티비티 스웨트프루프 기능으로 액티비티 활동 중 흘리는 땀과 물에도 잘 지워지지 않으며, 땀에 녹은 선크림이 눈에 들어가도 자극이 적다. 미세먼지 차단 효과로 미세먼지에도 대비할 수 있어 액티비티 맞춤 토탈 선케어를 선사한다. 실리콘 케이스(별도 구매)를 끼우면 어디에나 쉽게 걸 수 있고 휴대가 용이해 야외 활동 시 간편한 선케어가 가능하다.그 밖에 촉촉한 마무리와 쿨링 효과로 폭염을 대비하는 ‘내추럴 선 에코 슈퍼 아쿠아 선크림’, 수분부족지성 피부에 맞춰 마무리가 산뜻한 ‘내추럴 선 에코 피지잡는 수분 선’, 매끈한 모공 커버로 보송보송한 피부를 연출해주는 ‘내추럴 선 에코 피지잡는 선 프라이머’, 유분 케어와 손쉬운 수정이 가능한 ‘내추럴 선 에코 피지잡는 선 파우더’ 등 주요 품목이 리뉴얼 되거나 신규 출시돼 내추럴 선 에코 라인은 총 6가지 품목으로 운영된다. 라이프스타일 맞춤 선케어 콘셉트에 맞춰 미세먼지가 심해지는 4월에는 기획 제품으로 초미세먼지 흡착방지 인체적용시험을 완료한 ‘내추럴 선 에코 슈퍼 퍼펙트 선크림 EX’와 초미세먼지 세정 인체적용시험[vii]을 완료한 ‘제주화산토 안티더스트 모공 클렌징폼’을 한데 모아 ‘미세먼지 안심 듀오 세트’로 구성, 할인된 가격에 한정 출시하고 프로모션도 진행 예정이다.한편, 리뉴얼 된 더페이스샵의 내추럴 선 에코 라인과 한정 기획 제품은 전국 네이처컬렉션 및 더페이스샵 매장에서 만나볼 수 있다.이윤화 (akfdl34@edaily.co.kr)＜ⓒ종합 경제정보 미디어 이데일리 - 무단전재 & 재배포 금지＞",/news/news_read.nhn?article_id=0004613030&office_id=018&mode=search&query=LG생활건강&page=1
"""LG생건, 현지법인 고성장·온라인 비중↑""선물하기→웹툰, 카카오 언택트 주도주""","[이데일리 김윤지 기자] 이번 주(6~10일) 증권사 추천주(株)에는 폭락장에도 올해 실적에 대한 기대감이 높은 종목들이 이름을 올렸다. 특히 정부의 적극적인 부양책 등을 바탕으로 소비 진작 기대감이 이어지는 중국 관련주가 여기에 포함됐다. 5일 하나금융투자는 LG생활건강(051900)을 추천 종목으로 제시했다. 하나금융투자는 “중국 소비 수요 회복에 대한 수혜 기대와 중국 현지법인의 고성장 및 온라인 매출 비중 확대가 이유”라면서 “사드보복조치 때 전향적인 영업전략으로 사업규모를 한단계 레벨업 했던 회사의 유연한 경영전략이 또 한번 빛을 발휘할 수 있을 지 주목할 필요가 있다”고 설명했다. 유안타증권은 코스맥스(192820)를 꼽았다. 중국 사업 비중이 크고, 국내 사업도 중국 브랜드 인지도가 높은 바이어들이 주로 포진돼 있기 때문이다. 유안타증권은 “중국, 국내의 생산시설 희소성이 부각되고, 2020년 글로벌향 수주 확대가 본격화될 것”이라면서 “손세정제 수주 증가는 덤”이라고 분석했다. 유가 하락으로 인한 낙폭 과대주도 있었다. 하나금융투자는 금호석유(011780)에 대해 “의료용 장갑의 원료인 NB라텍스 등이 마진 반등에 성공한 반면 주가는 저평가 상태”라면서 “지난해 증설도 긍정적인 요소”라고 봤다. 즉 단순 유가 하락이 아닌 구조적 변화에 따라 석유화학 업체의 원가 및 실적이 개선될 것이란 기대였다. ‘사회적 거리두기’ 등으로 인한 언택트(Untact)주도 관심 대상이었다. 유안타증권은 엔씨소프트(036570)와 카카오(035720)를 추천했다. 유안타증권은 “리니지2M 흥행 및 초기 높은 매출 지속으로 실적이 개선되면서 시장기대치를 상회할 것”이라고 내다봤다. 리니지2M 해외 출시 및 신작 출시 흥행에 대한 기대도 이유였다. 카카오에 대해선 사용자 4000만명의 메가트래픽을 활용한 카카오톡 광고의 고성장에 주목했다. 유안타증권은 커머스(선물하기), 웹툰, 게임, 모바일 금융 등에 따라 카카오가 언택트 주도주 역할을 할 것이라고 봤다. SK증권은 실적 개선 기대주로 SK케미칼(285130)과 SK디앤디(210980)를 꼽았다. SK케미칼은 “사노피와 공동 개발 중인 폐렴구균 백신이 글로벌 임상 2상 진입을 위한 임상 시험 계획(IND) 제출했다”면서 “기존 프리베나 백신보다 효능이 좋아 출시 이후 빠른 시장 점유율 확보 예상된다”고 전망했다. 그러면서 “코로나19 백신 개발에 돌입해 장기적인 주가 우상향이 가능하다”고 봤다. SK디앤디(210980)도 있었다. SK증권은 “성수동 소재 지식산업센터인 성수 SK V1 등 비롯해 저동, 판교 호텔 등이 매출 인식될 예정”이라면서 “에너지저장장치(ESS) 부문의 경우 화재 이슈가 불거졌던 지난해 대비 올해 가동률 상승 및 이익률 50% 수준의 상향이 기대된다”고 설명했다.김윤지 (jay3@edaily.co.kr)＜ⓒ종합 경제정보 미디어 이데일리 - 무단전재 & 재배포 금지＞",/news/news_read.nhn?article_id=0004613044&office_id=018&mode=search&query=LG생활건강&page=1
▶ 헉! 소리나는 스!토리 뉴스 [헉스]▶ '아는 척'하고 싶은 당신을 위한 [두유노우]▶ 한눈에 보는 [4·15총선 NEWS MAP],"이번주 국내 증시는 코로나19 확산 여부에 따라 등락하는 시장 상황이 이어질 전망이다. 다만 3월과 같은 큰 폭의 변동성이 재현될 가능성은 높지 않다. 5일 증권업계는 이번주 코스피 예상밴드를 1660~1770으로 제시했다.
 ■삼성전자 7일 실적 발표
 시장의 관심은 오는 7일로 예정된 삼성전자의 올해 1·4분기 실적 가이던스에 집중될 예정이다. 금융정보업체 에프앤가이드에 따르면 삼성전자의 분기별 영업이익 추정치는 1·4분기 6조3000억원, 2·4분기 8조1000억원, 3·4분기 11조3000억원, 4·4분기 11조9000억원이다.
 주목할 점은 삼성전자의 실적 추정치 하향 조정이 이뤄지고 있다는 것이다. 1·4분기는 평균 추정치 대비 최저 조정가가 5조6800억원까지 하락했다. 증시 전문가들은 중국 스마트폰 출하량 급감 등을 감안해 스마트폰(IM)사업부문과 디스플레이부문의 변동성이 클 것으로 내다봤다.
 김병연 NH투자증권 연구원은 ""평균 추정치인 6조3000억원을 하회하더라도 최저 추정치인 5조6000억원 이상의 실적을 발표하는 지가 중요하다""며 ""코로나19 영향이 이제 반영되기 시작했다는 점에서 1·4분기뿐만 아니라 2·4분기, 3·4분기 실적에도 영향을 받을 가능성이 있어 순이익 증가는 보수적 접근이 필요하다""고 말했다.
 국내 증시에서 외국인이 강한 매도세를 보이고 있다는 점은 부담 요인이다. 개인 자금의 꾸준한 유입이 지수 반등을 견인하고 있다. 부동산시장 규제로 개인자금의 투자처가 마땅하지 않은 상황에서 지수 급락으로 기대 수익률이 크게 상승한 점이 작용한 것으로 판단된다.
 윤영교 케이프투자증권 연구원은 ""외국인 자금이 재유입되기 위해서는 원·달러 환율이 안정적으로 하락할 것이라는 전망이 전제돼야 하지만 이 역시 코로나19 확산세 둔화 여부에 달린 상황""이라며 ""4월 이전 치료제 개발 성공 여부에 따라 시장 방향성이 엇갈릴 것""이라고 분석했다.
 석유수출국기구(OPEC)와 비OPEC 회원국간의 협의체인 OPEC+ 긴급회의가 9일로 연기된 가운데 유가 폭락을 막기 위한 산유량 감산이 성사될지 귀추가 주목된다. 협상의 열쇠를 쥔 러시아와 사우디아라비아는 합의 결렬의 책임을 서로에게 돌리는 등 공방을 이어가고 있다. 심혜진 삼성증권 연구원은 ""현 수준의 유가는 모두에게 불리하고, 글로벌 금융시장의 불안을 야기하고 있다는 점을 기반으로 논의가 진행되겠지만 변동성은 여전히 높을 것""이라고 말했다.
 ■실적 성장주 주목
 증권사들은 시장 변동성이 확대되는 가운데 1·4분기 양호한 실적 성장이 예상되는 기업과 저평가 매력이 돋보이는 우량주에 투자할 것을 조언했다.
 하나금융투자는 LG생활건강, 금호석유를 추천종목으로 꼽았다. LG생활건강은 중국 소비 수요 회복에 따른 수혜가 기대된다. 중국 현지법인의 고성장과 온라인 매출 비중 확대도 주목할 만하다. 금호석유는 라텍스(NB Latex), 스티렌부타디엔고무(SBR), 아크릴로나이트릴부타디엔스티렌(ABS), 비스페놀A(BPA)·페놀 모두 마진 반등에 성공한 반면, 주가는 저평가 상태다. 주력제품의 글로벌 신규증설 부담이 적다는 점도 투자요인으로 꼽힌다.
 SK증권은 SK케미칼과 SK디앤디를 추천주로 제시했다. SK케미칼은 올해 1·4분기 양호한 성장세가 예상되는 가운데 사노피와 공동개발 중인 폐렴구균백신이 글로벌 임상2상 진입을 위한 임상시험계획(IND)을 제출했다. 기존 '프리베나' 백신보다 효능이 좋아 출시 이후 빠른 시장 점유율 확보가 예상된다. SK디앤디는 올해 매출액이 전년 대비 2배 이상 성장할 것으로 전망된다.



 ※ 저작권자 ⓒ 파이낸셜뉴스. 무단 전재-재배포 금지",/news/news_read.nhn?article_id=0004402846&office_id=014&mode=search&query=LG생활건강&page=1
상장사 합병 전년 대비 60%↑코로나 사태 장기화 전망에비핵심 부문 정리해 현금 확보,"상장사들이 비슷한 업종의 기업을 합병하는 사례가 최근 잇따르고 있다. 한편에서는 핵심사업이 아니거나 부실한 계열사 또는 사업부를 매각하는 움직임도 뚜렷하다. 신종 코로나바이러스 감염증(코로나19) 사태로 경영환경이 악화하자 기업들이 규모의 경제를 실현하거나 중복사업을 정리하는 등의 방식으로 체질 개선에 나섰다는 분석이다. 그동안 손대기 어려웠던 사업을 떼내고 본업으로 돌아가는 ‘선택과 집중’ 전략을 취하는 기업도 눈에 띈다. 이 과정에서 주가가 크게 출렁이는 경우가 많아 투자자들의 주의가 필요하다는 지적이다.금융감독원 전자공시에 따르면 코로나19가 국내에서 본격적으로 확산한 지난 2월부터 이달 5일까지 2개월여 사이에 총 13건의 상장사(유가증권시장 및 코스닥) 합병이 결정됐다. 지난해 같은 기간의 8건에 비해 63% 증가한 수치다. 특히 지난해의 경우 모두 상장사가 비상장사를 합친 사례였지만 올해는 4건이 동일 기업집단 내에서 기존 상장사끼리 합병을 택한 것이 눈에 띈다.지난 1일 합병을 전격 발표한 인터파크홀딩스와 인터파크를 비롯해 대림그룹 계열사인 삼호와 고려개발, 해성산업과 한국제지, 삼광글라스와 이테크건설 등이 대표적인 사례다. 인터파크는 규제가 많이 따라붙는 지주사 체제를 포기하고 본업인 전자상거래에 적극 투자하기 위해 합병을 결정했다. 대림그룹은 건설 계열사인 삼호와 고려개발을 합병해 대림건설로 재탄생시켰다. 삼호는 시공능력평가 30위의 건설사로 주택분야에 강점이 있다. 고려개발은 시공능력평가 54위로 고속도로, 고속철도, 교량, 항만 등 토목사업이 주력 분야다. 대림 측은 “두 회사의 전문성을 유기적으로 결합해 디벨로퍼 사업 부문의 대형 건설사로 재도약할 계획”이라고 했다.해성산업이 한국제지를 흡수합병한 것은 코스닥 기업이 유가증권 상장사를 가져가는 흔치 않은 사례다. 두 회사 모두 부동산 갑부로 유명한 단재완 회장이 이끄는 해성그룹 계열이다. 그룹 모회사격인 해성산업 중심으로 지배구조를 단순화해 경쟁력을 키우겠다는 의도로 풀이된다. 이 외에도 SM엔터테인먼트 계열 연예기획사 겸 여행사인 SM C&C의 여행알선 업체 호텔트리스 합병, LG헬로비전의 경남 케이블TV 업체인 하나방송 합병 등이 최근 2개월 새 이뤄졌다. 이들 합병 대부분은 코로나19로 주가가 급락하고, 산업의 판 자체가 흔들리는 상황을 사업구조 개편의 계기로 활용한 사례로 평가된다.합병 발표로 주가는 크게 요동쳤다. 투자사업 부문이 삼광글라스에 흡수되는 이테크건설은 공시 후 141.66% 급등했다. 인터파크홀딩스(30.18%) 삼호(35.16%) 등도 강세였다. 반면 LG헬로비전(-27.99%) LG생활건강(-14.15%) 고려개발(-13.69%) 등은 합병 발표가 주가에 악재로 작용했다.구조 개편에 가장 활발히 나서고 있는 곳은 한솔그룹이다. 한솔은 주력 사업인 제지(한솔제지), 화학(한솔케미칼), 휴대폰부품(한솔테크닉스), 물류(한솔로지스틱스) 등을 제외한 사업을 점진적으로 정리하고 있다. 지난해엔 골프·스키 리조트인 오크밸리 경영권을 HDC현대산업개발에 넘겼고, 올 3월엔 산업용 도료 회사인 한솔씨앤피와 스마트카드 업체인 한솔시큐어도 매각했다.현대백화점그룹은 최근 현대HCN의 방송(SO)·통신 사업 부문 매각을 공식화했다. 유료방송시장이 케이블TV에서 인터넷TV(IPTV) 중심으로 판이 바뀌고, 넷플릭스·유튜브 등 뉴 미디어로 확장되는 상황에서 점유율 4%대로 업계 6위 수준인 케이블TV 사업을 유지할 이유가 없다는 판단에서다.황정환/김채연 기자 jung@hankyung.com▶ ▶
 ▶
ⓒ 한국경제 & , 무단전재 및 재배포 금지",/news/news_read.nhn?article_id=0004318849&office_id=015&mode=search&query=LG생활건강&page=1
,"[서울경제] 신종 코로나바이러스 감염증(코로나19)·폐렴 구균 백신 개발로 주목 받고 있는 이 이번 주 추천주로 제시됐다. 은 5일 SK케미칼과 를 추천했다. SK케미칼은 글로벌 제약기업 사노피 파스퇴르와 폐렴구균 백신을 공동 개발 중이며 미국에서 임상 2상 진입을 위한 시험 계획을 미국 식품의약국(FDA)에 최근 제출했다. 코로나19 백신은 자회사 SK바이오사이언스를 통해 개발 중이다. SK디앤디에 대해서는 부동산개발·에너지저장장치(ESS) 사업 등에 힘입어 올해 매출액이 2019년보다 2배 이상 증가하는 높은 성장세를 이룰 것으로 전망했다. 서울 성동구 성수동의 지식산업센터를 비롯해 서울 중구 저동 및 경기도 판교 호텔 관련 매출이 올해 반영되고, ESS 부문은 화재 사고 문제가 잇달아 발생했던 지난해보다 올해 가동률·이익률이 상승한다는 이유에서다. 하나금융투자는 과 화학에 주목할 만하다고 분석했다. LG생활건강에 대해서는 “중국의 소비 회복과 함께 현지 법인 실적의 고성장과 온라인 매출 비중 확대가 기대된다”고 평가했다. 금호석유화학은 NB 라텍스, SBR, ABS 등 주요 생산 제품의 이익이 반등한 반면 아직 주가는 저평가 상태에 있고 주요 제품 생산 설비의 신·증설 부담이 적다는 점을 긍정적인 요인으로 꼽았다. 유안타증권은 지난해 말 출시한 신작 게임 ‘리니지2M’ 흥행으로 실적 개선 기대가 높아진 와 톡 광고의 고성장이 예상되는 카카오, 대표적인 화장품 제조업자개발생산(ODM) 기업 를 추천했다. 카카오는 카카오톡 광고 외에도 모빌리티, 카카오페이(증권), 카카오뱅크(은행) 등 여러 자회사 실적 개선이 기대된다고 평가했다. 코스맥스에 대해서는 코로나19 여파로 세계 각지에서 생산시설 가동에 차질이 빚어지고 있는 가운데 가동이 재개되고 있는 중국 생산시설과 국내 생산시설의 희소성이 부각되면서 해외 수주가 본격화될 것으로 내다봤다. /박경훈기자 socool@sedaily.com저작권자 ⓒ 서울경제, 무단 전재 및 재배포 금지",/news/news_read.nhn?article_id=0003719804&office_id=011&mode=search&query=LG생활건강&page=1
작년 고농축 제품 비중 ‘60%’다우니 출시 후 8년간 급성장향 지속성 우수·무게도 가벼워애경·LG생건 ‘필환경’ 경쟁피죤은 42년 노하우 집약해,"세제 시장에도 프리미엄 열풍이 거세다. 가루세제에서 액체세제로 트렌드가 급변한 데 이어 섬유유연제도 소량 사용 가능한 고농축 섬유유연제가 대세로 자리잡았다.
 5일 시장조사업체 닐슨에 따르면 지난해 섬유유연제 시장에서 고농축 섬유유연제의 비중이 60%로 2018년 47%에서 급격히 늘면서 일반 섬유유연제를 넘어섰다. 2018년까지만 해도 일반 섬유유연제 비중이 53%, 고농축 섬유유연제는 47%였으나 2019년에는 고농축이 60%를 차지하며 섬유유연제 시장의 주연으로 떠올랐다.
 이로써 2012년 피앤지가 다우니를 출시하면서 생성된 고농축 섬유유연제 시장이 8년간 급성장하면서 생활용품 업계를 주도하게 됐다.
 LG생활건강은 올들어 고농축 섬유유연제의 매출액이 일반 섬유유연제를 넘어섰다고 밝혔다. 애경산업에서도 지난해 전체 섬유유연제 매출 가운데 고농축이 차지하는 비중이 60%로 일반 섬유유연제를 넘어섰다. 국내 고농축 섬유유연제 시장이 커지자 독일 헨켈에서도 고농축 섬유유연제 '버넬'을 2015년 선보였다. 버넬은 출시 이후 4년만에 매출이 2배로 급성장했다.
 고농축 섬유유연제의 인기 요인은 일반 섬유유연제에 비해 향 지속성이 우수하고 다양한 향을 즐길 수 있기 때문인 것으로 분석된다. 또 일반 섬유유연제의 경우 대개 3ℓ가 넘지만 고농축 세제는 1ℓ 정도로 무게가 가볍다는 점도 소비자들이 선호하는 이유다.
 애경산업 중앙연구소 관계자는 ""고농축 섬유유연제는 일반 섬유유연제에 비해 3분의 1정도만 넣어도 동일한 효과를 누릴 수 있다""며 ""최근 미세먼지 등 환경문제로 인해 실내에서 빨래를 건조하는 가구가 증가하면서 꿉꿉한 냄새 등을 없애기 위해 '향'의 중요성이 커진 것도 고농축 섬유유연제 인기 요인으로 분석된다""고 말했다.
 최근에는 이같은 기능성에 더해 미세플라스틱 배제 등 '필환경' 시대에 맞는 제품 출시 경쟁으로도 이어지고 있다. 애경의 르샤트라 1802는 개발 단계부터 미세플라스틱의 사용을 배제했을 뿐만 아니라 인공색소, 파라벤 6종 등도 모두 배제했다. LG생활건강도 2018년 8월부터 모든 섬유유연제 제품에 향기캡슐을 배제했다. 대표 제품인 샤프란 아우라 프레시 딜라이트는 향기캡슐을 넣지 않고도 은은한 향이 오래 유지되도록 개발한 고농축 섬유유연제다.
 피죤은 42년 핵심 노하우를 집약한 고농축 섬유유연제 '고농축 피죤 보타닉'을 최근 새롭게 선보였다. 고농축으로 섬유유연 효과를 높였으며, 꽃과 식물·과일로부터 유래된 자연의 향을 그대로 담아 만들어졌다. 피죤 관계자는 ""자연 친화적인 피죤의 제품 철학을 반영한 고농축 섬유유연제 포트폴리오 강화에 적극 나서는 한편, 종합생활용품 부문 선도기업으로서의 면모를 갖추기 위해 다양한 혁신제품을 꾸준히 선보일 계획""이라고 말했다.


 ※ 저작권자 ⓒ 파이낸셜뉴스. 무단 전재-재배포 금지",/news/news_read.nhn?article_id=0004402917&office_id=014&mode=search&query=LG생활건강&page=1
