head,text,url
,"◆ 코로나 극복 상생 ◆
LG는 지주회사 ㈜LG 및 계열사 CSR팀으로 상시지원TF(태스크포스)를 구성해 운영하며, 코로나19로 우리 사회가 겪고 있는 어려움을 나누고 함께 이겨내기 위한 지원 방안을 마련해 총력 실행하고 있다. 최근 LG전자, LG화학, LG이노텍, LG상사 등 LG그룹 4개사는 지난달 인도네시아 정부에 5만회 검사 분량의 코로나19 진단키트를 기부키로 하고, 지난 6일 인도네시아 정부에 전달 완료했다. 이번 기부는 코로나19 확산으로 진단키트가 부족한 인도네시아 정부의 지원 요청으로 현지에 진출한 LG는 인도네시아 병원들이 기존에 보유한 기계 4종으로 분석 가능한 한국산 PCR 키트를 찾아낸 뒤 5만회 분량을 항공기를 이용해 자카르타로 보냈다.LG는 대구·경북 지역 의료 현장을 중점 지원하고 있다. 먼저 LG는 대구·경북 지역 병상 부족 사태 해결에 힘을 보태기 위해 550실 규모의 경북 지역 기숙사와 연수원 등을 생활치료센터로 제공했다. 이와 함께 LG는 최일선에서 대구·경북 지역 의료진을 위해
의료용 방호복 1만벌과 방호용 고글 2000개, 의료용 마스크 10만장 등을 대구·경북 지역 의료진에게 지원했다.LG는 코로나19로 어려움을 겪고 있는 우리 국민과 지역사회의 피해 회복에도 최선을 다하고 있다. LG는 지난달 26일 코로나19 확산 방지 및 피해 지원을 위해 50억원을 사회복지공동모금회에 기탁했다. 성금은 확진자 지원, 지역사회 감염 확산 예방을 위한 방역 물품 지원과 함께 피해가 큰 대구·경북 지역을 중심으로 재난 취약계층과 경제활동 위축으로 피해를 본 저소득층 지원 등에 사용될 예정이다. 이와는 별도로 LG생할건강은 같은 날 10억원 상당의 핸드워시 제품을 현물 지원했다. 특히 LG는 협력사 자금 지원 및 가맹점 월세 지원 등 폭넓은 상생 지원을 통해 코로나19로 인한 피해 회복에도 최선을 다하고 있다. LG전자는 자금 운영에 어려움을 겪는 협력사들이 안정적으로 운영될 수 있도록 협력사 대상 무이자 대출 규모를 당초 400억원에서 550억원으로 확대했으며, 자금 지원 일정도 4개월을 앞당겨 지난 2월에 진행했다. 또 코로나19 영향으로 해외에 있는 협력사가 국내로 돌아오거나 국내 생산을 확대할 경우 생산성 향상을 위해 컨설팅, 무이자 자금 등을 지원하고 구매 물량을 보장키로 했다.LG이노텍은 코로나19로 어려움을 겪는 중소 협력사들을 위해 총 1500억원 규모의 상생 금융 지원에 나섰다. 먼저 협력회사 자금 지원을 위해 운용 중인 630억원 규모의 동반성장펀드를 협력사들이 긴급히 활용할 수 있도록 4월부터 조기 집행하고, 거래 규모, 신용도 등의 심사 기준을 완화하고, 자금 지급 절차도 간소화할 예정이다. 이와 함께 4월부터 2개월간 협력사에 약 850억원 규모의 납품 대금과 금형비도 조기 지급할 계획이다.LG생활건강은 코로나19 확산으로 운영에 어려움을 겪는 화장품 가맹점들의 3월 한 달치 월세의 50%를 본사에서 지원키로 했다. 지원 대상은 LG생활건강이 운영 중인 화장품 가맹점인 전국 네이처컬렉션, 더페이스샵 매장 등 약 500곳이다. LG유플러스는 코로나19로 어려움을 겪고 있는 중소 협력회사와 소상공인 등을 위해 850억원 규모의 상생 지원책을 마련해 긴급 시행하고 있다.[기획취재팀 = 이호승 기자 / 김기정 기자 / 김태성 기자 / 임영신 기자 / 원호섭 기자 / 전경운 기자 / 이종혁 기자 / 황순민 기자 / 박대의 기자 / 박윤구 기자 / 심희진 기자 / 임형준 기자 / 최근도 기자] [ⓒ 매일경제 & mk.co.kr, 무단전재 및 재배포 금지]",/news/news_read.nhn?article_id=0004566004&office_id=009&mode=search&query=LG생활건강&page=2
코로나에 똘똘 뭉친 기업들삼성·현대차·SK·LG 등협력사 비용·컨설팅 지원지역사회 코로나 극복 위해연수원 치료센터로 제공하고임대료 인하 운동 동참하기도,"코로나19가 전 세계로 확산하면서 세계 경제가 큰 타격을 입고 있다. 이번 사태가 최근의 경제위기와 다른 점은 전염병으로 인간의 활동이 급격하게 위축되면서 실물경제가 붕괴 위기에 직면했다는 것이다.무엇보다 코로나19로 인적·물적 이동이 제한되면서 글로벌 교역량 감소가 심각하다. 세계무역기구(WTO)는 최근 올해 세계 무역 규모가 전년 대비 13%에서 최악의 경우 32%까지 줄어들 수 있다고 경고했다. 한국, 중국 등이 속한 아시아 지역도 전년 대비 13.5%에서 최대 36.2%까지 교역량이 감소할 수 있다는 분석이다. 교역 위축은 무엇보다 수출 중심인 한국 경제에는 더욱 치명적인 영향을 미칠 수 있다.그러나 국내 기업들은 코로나19 이후 위기를 기회로 만들기 위해 대기업과 중소기업 간 상생 협력을 통해 제조 경쟁력을 유지하는 데 총력을 기울이고 있다. 또한 코로나19의 조기 극복을 위해 성금 기부, 마스크 등 의료용품 지원, 연수원 치료센터 제공 등 지원을 아끼지 않고 있다.한 기업 관계자는 ""대기업과 협력회사들은 하나의 제조 생태계를 구성하고 있기 때문에 한 번 무너지면 이전의 경쟁력을 회복하는 데 막대한 시간과 비용이 소모된다""며 ""현재의 경쟁력을 최대한 유지하면 코로나19 사태 이후 우리나라 산업은 한 단계 더 도약할 수 있을 것""이라고 설명했다. 삼성은 조업 중단과 부품 조달로 애로를 겪고 있는 협력회사의 경영 안정을 위해 2조6000억원 규모의 자금 지원을 진행하고 있다. 협력회사의 물류 비용 지원, 부품 구매처 다변화 및 컨설팅도 지원한다. 또한 삼성은 내수 위축으로 힘든 시기를 보내고 있는 화훼 농가와 전통시장의 부담을 덜어주기 위해 구입한 300억원 규모의 온누리 상품권을 각 사업장 내 협력사에 지급해 내수 진작에 힘을 보태고, '꽃 소비 늘리기'에 적극 동참해 화훼 농가를 지원하고 있다. 특히 삼성전자는 국내 마스크 제조기업 3곳에 제조 전문가를 파견해 공정 개선을 돕고 생산성을 향상시켜 국내 마스크 부족 사태 해결에 일조했다. 삼성은 최근 전남 장성에 있는 화진산업에 스마트 공장 전문가를 투입해 생산라인 재배치, 병목 공정 해소 등을 통해 마스크 생산량을 하루 4만장에서 10만장으로 늘린 바 있다. 이와 함께 해외에서 조달한 마스크 33만4000여 장을 기부했다. 이재용 삼성전자 부회장은 최근 ""국민의 성원으로 성장한 삼성은 마땅히 우리 사회와 같이 나누고 함께해야 한다""며 코로나19 극복을 위한 지원 의지를 드러냈다.
SK그룹은 코로나19로 어려움을 겪는 중소 협력사에 대한 납품 대금 지급 횟수를 확대하고 있다. SK하이닉스는 5월부터 월 6000억원 규모의 납품 대금 지급을 월 3회에서 4회로 확대하기로 했다. 대금 지급 주기가 약 10일에서 7일로 단축되면 2·3차 협력사의 자금 운용에도 도움이 될 것으로 기대된다.SK텔레콤은 지난 3월 전국 유통망·네트워크 협력사를 위해 1130억원 규모의 종합 상생 방안을 마련했다. 판매 감소로 어려움을 겪는 전국 750개 대리점을 위해 인센티브를 조기 지급하고, 유통망의 원활한 운영을 돕기 위해 운영비 40억원을 추가 지원했다. 또한 확진자가 다수 발생한 대구·경북 지역은 휴대폰 매입 대금(약 400억원) 결제 기한을 1개월 연장했다.SK그룹은 코로나19 피해 지원을 위해 성금 50억원을 기부하고, SK실트론은 대구·경북 지역에 마스크 10만장과 손세정제 2만5000개 등 4억원 상당의 현물을 지원하기도 했다.코로나19로 특히 어려움이 컸던 자동차 업계에서도 상생 노력은 빛을 발했다. 현대자동차그룹은 경영에 어려움을 겪는 중소 부품 협력사들을 위해 무이자 자금 지원, 대금 조기 결제 등 1조원 규모의 자금을 지원했다. 현대차그룹은 중소 협력사들이 코로나19로 인한 글로벌 자동차 시장 침체 영향을 최소화하고 안정적인 경영 활동을 할 수 있도록 하기 위해 그룹에 부품을 공급하는 국내 350여 개 협력사에 이 같은 혜택을 제공했다. 현대차그룹은 자금 지원을 받은 1차 협력사들이 2·3차 협력사의 납품 대금도 조기 지급할 수 있도록 유도해 지원 효과를 극대화하고 있다. 또한 현대·기아차는 정비 서비스 협력사의 어려움을 함께 극복하기 위해 블루핸즈와 오토큐 가맹금을 3개월간 감면한다.LG그룹은 협력사 자금 지원과 가맹점 임대료 지원 등 상생을 통해 코로나19 피해를 최소화하고 있다. LG전자는 지금 운영에 어려움을 겪는 협력사들의 안정적 경영을 위해 550억원 규모의 무이자 대출 프로그램을 지난 2월 조기에 실시했다. 또한 코로나19로 해외에 있는 협력사가 국내로 돌아오거나 국내 생산을 확대할 경우 생산성 향상 컨설팅, 무이자 자금 등을 지원하고 구매 물량을 보장하기로 했다.LG이노텍은 중소 협력사를 위해 1500억원 규모의 상생 금융 지원에 나섰다. 먼저 협력회사 자금 지원을 위해 630억원 규모의 동반성장펀드를 협력사들이 긴급 사용할 수 있도록 4월부터 조기 집행에 나서고 있으며 850억원 규모의 납품 대금과 금형비를 조기 지급한다. LG생활건강은 화장품 가맹점의 3월 임대료 50%를 본사에서 부담하기로 했다. LG생활건강이 운영 중인 네이처컬렉션, 더페이스샵 등 500개 가맹점 매장이 지원 대상이다. LG유플러스는 중소 협력사의 모든 구매 및 공사 대금 정산을 월 4회로 늘려 진행하고 있다.포스코는 지역사회의 코로나19 피해 최소화를 위해 소상공인과 자영업자 임대료 인하 운동에 동참하고 있다. 포스코는 포항과 광양 지역의 복지시설 및 상업시설 내 임대 매장 135곳에 대해 임대료를 인하했다. 지난 2월부터 6개월간 임대료 인하를 단행하고, 포항 지역 임차인과 광양 지역 임차인에게 각각 80%와 50% 임대료 인하 혜택을 제공한다.[기획취재팀 = 이호승 기자 / 김기정 기자 / 김태성 기자 / 임영신 기자 / 원호섭 기자 / 전경운 기자 / 이종혁 기자 / 황순민 기자 / 박대의 기자 / 박윤구 기자 / 심희진 기자 / 임형준 기자 / 최근도 기자] [ⓒ 매일경제 & mk.co.kr, 무단전재 및 재배포 금지]",/news/news_read.nhn?article_id=0004566020&office_id=009&mode=search&query=LG생활건강&page=2
,"LG생건·한샘·리바트 등, 위생강화·재택근무·언택트 소비 덕 '톡톡'(서울=연합뉴스) 김보경 윤지현 기자 = 신종 코로나바이러스 감염증(코로나19) 확산으로 국내 산업 전반이 침체에 빠진 가운데 소비패턴 변화로 수혜를 본 기업들도 나오고 있다.

생활용품과 홈인테리어 전문업체가 대표적으로, 이들 업체는 올해 1분기 두드러진 실적으로 다른 업계의 부러움을 사고 있다.

29일 관련 업계에 따르면 생활용품에선 LG생활건강이 역대 최대 실적을 갈아치우며 주목을 받고 있다.

2005년 차석용 부회장 취임 후 매년 계속됐던 신기록 행진이 올해는 코로나19로 마침표를 찍을 것이란 전망이 주를 이뤘지만, 1분기 예상 밖 '어닝 서프라이즈'를 기록한 것이다.

성장률은 매출 1.2%, 영업이익 3.6%로 크지 않았지만, 업계 안팎에선 이 정도면 선방한 수준을 넘어 성공적이라는 평가까지 나온다.

생활용품 사업 매출(4천793억원)과 영업이익(653억원)이 각각 19.4%, 50.7%의 높은 성장률을 기록하면서 전사 실적을 견인했다.

코로나19로 개인위생에 대한 관심이 높아지면서 손 소독제, 손 세정제 등 위생용품에 대한 수요가 급증했기 때문이다. 생활용품은 화장품과 달리 온라인 판매 비중이 커 코로나19에 따른 비대면 소비의 수혜도 봤다.

올해 초 위생용품을 출시하며 포트폴리오 다변화에 나선 애경산업도 실적에 대한 기대감이 커지고 있다.

 실제 애경산업이 1월 말 출시한 위생용품 브랜드 '랩신'의 손 소독제와 손 소독티슈는 코로나19 국내 확산 기점인 설 연휴를 전후해 일평균 매출이 각각 25배, 37배 급증했다.

재택근무로 집에 머무는 시간이 길어지며 홈인테리어에 대한 관심도 증가하면서 인테리어업체도 특수를 맞았다.

한샘은 올해 1분기 매출이 4천935억원으로 전년 동기 대비 11.5% 늘었다.

영업이익은 9.2% 감소했지만, 이는 코로나19 극복을 위한 사회공헌과 대리점 임대료 감면, 방역 지원 등에 따른 것이라 시장에선 선방했다는 평가가 나온다.

특히 가구부터 건자재까지 집 전체 리모델링 공사를 한 번에 해결할 수 있는 리하우스 사업이 호실적을 견인했다.

현대리바트도 언택트 소비와 재택근무가 가구 부문의 온라인 매출 증가로 이어지는 소비 패턴의 변화로 올해 1분기 온라인 사업부 매출이 전년 대비 25.8% 증가할 것으로 예상된다.

코로나19 확산으로 해외여행이 사실상 막히면서 수요가 몰린 국내 여행으로 수혜를 본 기업도 있다.

여가 플랫폼 야놀자는 올해 1분기 국내 숙소 예약이 전년 동기 대비 128% 증가했고, 레저 예약도 144% 늘었다고 밝혔다.

야놀자는 지난해 매출 3천억원 중 국내 매출이 2천700억원에 달할 정도로 국내 비중이 크다.

업계 관계자는 ""코로나19에 따른 소비환경 변화로 일단 1분기 실적은 선방했지만 코로나19 사태가 장기화할 가능성이 있어 안심해선 안 된다""라고 밝혔다.

 vivid@yna.co.kr, yjh@yna.co.kr",/news/news_read.nhn?article_id=0011578166&office_id=001&mode=search&query=LG생활건강&page=2
,"[머니투데이 한정수 기자] NH투자증권은 29일 화장품 용기 제조업체 연우에 대해 코로나19(COVID-19)로 인해 실적 불확실성이 확대되고 있다고 지적했다. 투자의견은 '매수'에서 '보유'로, 목표주가는 3만2000원에서 2만2000원으로 하향 조정했다. 조미진 NH투자증권 연구원은 ""고객사 다각화 및 비용 축소에 따른 실적 개선을 기대했으나 북미와 유럽 지역까지 확대된 코로나19 영향으로 하반기까지 실적 불확실성이 존재할 전망""이라며 ""재평가 요소로 기대했던 중국 생산 법인도 아직 가시적 성과를 보여주지 못하고 있는 상황으로 올해 실적 개선은 제한적일 것""이라고 설명했다. 국내외 실적이 회복되고 중국 신공장 매출이 본격적으로 증가할 때 의미있는 주가 반등이 가능할 것이라는 분석이 나온다. 조 연구원은 ""아모레퍼시픽, LG생활건강 등 주요 고객사들의 매출 회복, 북미 및 유럽 지역 코로나19 완화에 따른 실적 안정화, 중국 신공장 매출 증가 등 추가적 성장 동력 확보가 필요하다""고 강조했다. 올해 1분기 연우의 매출액은 614억원, 영업이익은 22억원으로 지난해 같은 기간에 비해 각각 8.7%, 33.4% 줄어들 전망이다. 조 연구원은 ""인력이 전년 대비 소폭 축소됐으나 매출 감소에 따른 고정비 부담 확대로 영업이익률이 하락할 것으로 예상된다""고 밝혔다. 한정수 기자 jeongsuhan@mt.co.kr
<저작권자 ⓒ '돈이 보이는 리얼타임 뉴스' 머니투데이, 무단전재 및 재배포 금지>",/news/news_read.nhn?article_id=0004401803&office_id=008&mode=search&query=LG생활건강&page=2
"투자의견 매수→보유, 목표가 2만2천원으로 하향","[아이뉴스24 류은혁 기자] NH투자증권은 29일 연우에 대해 코로나19로 화장품 용기 사업 부분의 실적 불확실성이 확대되고 있다면서 투자의견은 '매수'에서 '보유'로, 목표주가는 3만2천원에서 2만2천원으로 31.2% 하향 조정했다.조미진 NH투자증권 연구원은 ""북미와 유럽 지역까지 확대된 코로나19 영향으로 하반기까지 실적 불확실성이 존재할 전망""이라며 ""재평가 요소로 기대했던 중국 생산 법인도 아직 가시적 성과를 보여주지 못하고 있는 상황으로 올해 실적 개선은 제한적일 것""이라고 설명했다.국내외 실적이 회복되고 중국 신공장 매출이 본격적으로 증가할 때 의미있는 주가 반등이 가능할 것이라는 분석이 나온다.조 연구원은 ""아모레퍼시픽, LG생활건강 등 주요 고객사들의 매출 회복, 북미·유럽 지역 코로나19 완화에 따른 실적 안정화, 중국 신공장 매출 증가 등 추가적 성장 동력 확보가 필요하다""고 강조했다.올해 1분기 연우의 매출액은 614억원, 영업이익은 22억원으로 지난해 같은 기간에 비해 각각 8.7%, 33.4% 줄어들 전망이다. 그는 ""인력이 전년 대비 소폭 축소됐으나 매출 감소에 따른 고정비 부담 확대로 영업이익률이 하락할 것으로 예상된다""고 밝혔다. ehryu@inews24.com [ⓒ 아이뉴스24 무단전재 및 재배포 금지]",/news/news_read.nhn?article_id=0000536313&office_id=031&mode=search&query=LG생활건강&page=2
,"NH투자증권은 29일 연우에 대해 신종 코로나바이러스 감염증(코로나19) 사태로 실적 불확실성이 확대됐다며 투자의견을 '보유', 목표주가는 기존 3만2000원에서 2만2000원으로 각각 하향했다.연우의 1분기 연결기준 예상 매출액은 614억원, 영업이익은 전년대비 33.4% 줄어든 22억원을 기록할 것으로 보인다. 같은 기간 국내와 해외 수출은 각각 10.0%, 7.2% 감소할 것으로 예측된다.조미진 NH투자증권 연구원은 ""고객사 다각화와 비용 축소에 따른 실적 개선을 기대했으나 북미와 유럽 지역까지 확대된 코로나19 영향으로 하반기까지 실적 불확실성이 존재한다""며 ""밸류에이션 리레이팅 요소로 기대했던 중국 생산 법인도 아직 가시적인 성과를 보여주지 못하고 있는 상황에서 올해 실적 개선도 제한적일 것""이라고 분석했다.조 연구원은 이어 ""의미 있는 주가 반등을 위해서는 국내외 실적이 회복되고 중국 신공장 매출이 본격적으로 증가해야 한다""고 지적했다.이익 상승을 위해서는 외형 성장세 회복이 시급하다고 봤다. 그는 ""아모레퍼시픽, LG생활건강, 코스맥스, 한국콜마 등 주요 고객사들의 매출 회복과 동시에 북미, 유럽 지역 코로나19 완화에 따른 실적 안정화가 필수""라면서 ""이외에도 중국 신공장 매출 증가 등 추가적 성장 동력 확보가 필요하다""고 강조했다.[디지털뉴스국 김규리 기자] [ⓒ 매일경제 & mk.co.kr, 무단전재 및 재배포 금지]",/news/news_read.nhn?article_id=0004566098&office_id=009&mode=search&query=LG생활건강&page=2
,"코스피가 연휴를 앞두고 관망심리가 강화되며 1930선 보합권에서 출발하고 있다. 29일 오전 9시 3분 현재 코스피는 전일 대비 7.33포인트(0.38%) 오른 1941.42를 기록하고 있다.이날 2.80포인트(0.14%) 상승 출발한 지수는 장 초반 1930포인트 부근을 맴돌며 방향성을 탐색 중이다. 간밤 뉴욕증시는 섣부른 경제 재개에 대한 우려가 부각되며 하락했다. 미국의 다수 주에서 경제 부분 재개가 시작되면서, 경제가 마비 상태에서 깨어날 수 있다는 기대가 부상했다. 뉴욕과 캘리포니아 등 경제 활동 재개에 신중한 태도를 유지하던 주들도 재가동 계획을 내놓는 중이다.다만 뉴욕시 등 신종 코로나바이러스 감염증(코로나19) 상황이 엄중한 지역의 경제재개는 시간이 더 걸릴 것으로 예상된다.서상영 키움증권 연구원은 ""지속되는 경제 재개에 대한 기대 및 양호한 기업들의 실적에 힘입어 상승 출발했으나 경제 재개가 섣불리 진행되면 코로나 사망자가 크게 증가할 수 있다는 분석이 재기되며 하락 전환하기도 했다""면서 ""더 나아가 셧다운이 완화된다고 해도 시장 참여자들이 기대하고 있는 것과 달리 경기 회복은 장기적인 시간이 필요하다는 점도 영향을 미쳤다""고 설명했다.서 연구원은 또 ""한국 증시는 연휴 동안 있을 미국 대형 기술주들의 실적 발표, 연방공개시장위원회(FOMC), 유럽중앙은행(ECB) 통화정책 회의 등에 대한 불확실성이 부각되며 적극적인 대응보다는 시장에서 한발 물러서 관망하는 경향을 보이거나 일부 매물을 내놓을 것으로 판단한다""고 말했다.이날 유가증권시장에서는 업종별로 은행, 화학, 철강금속, 금융업, 전기가스업 등이 오르고 있고 전기전자, 의료정밀, 섬유의복 등은 내리고 있다.매매주체별로 외국인과 개인이 각각 10억원, 16억원 순매도 중이고 기관은 34억원 순매수하고 있다. 프로그램 매매는 13억원 매수 우위다.시가총액 상위 종목들은 대체로 양호하다. 삼성바이오로직스, NAVER, 셀트리온, LG화학, LG생활건강 등이 오르고 있다.이날 유가증권시장에서는 502개 종목이 오르고 있고 218개 종목이 내리고 있다.코스닥은 전일 대비 2.79포인트(0.43%) 오른 647.72를 기록 중이다.[디지털뉴스국 김경택 기자] [ⓒ 매일경제 & mk.co.kr, 무단전재 및 재배포 금지]",/news/news_read.nhn?article_id=0004566156&office_id=009&mode=search&query=LG생활건강&page=2
,"[머니투데이 정인지 기자] 코스피지수가 최근 3거래일 연속 상승 출발하고 있다. 다만 매수세가 약해 강보합권에서 움직이고 있다. 코스닥지수는 이날 상승 출발했으나 장중 반락했다. 29일 오전 9시 14분 현재 코스피지수는 전날보다 1.43포인트(0.07%) 오른 1935.52를 기록 중이다.개인은 118억원, 외국인은 6억원 순매수 중이고 기관은 118억원 매도하고 있다. 업종별로는 은행, 금융업이 연일 상승세다. 기업은행, 메리츠화재, 흥국화재우, 삼성화재우는 1~2% 상승 중이다. 화학, 철강금속, 운수창고, 서비스업, 통신업 등도 상승세를 보이고 있다. 전기전자, 섬유의복만 소폭 하락세다. 시가 총액 10위 주들은 등락이 엇갈리고 있다. 삼성전자, 현대차, 삼성바이오로직스는 소폭 약세다. LG화학, LG생활건강은 1% 이상 상승하고 있다. 코스닥지수는 전 거래일 대비 0.13포인트(0.02%) 내린 644.8을 나타내고 있다. 개인이 243억원을 순매수 중이다. 외국인과 기관은 각각 185억원, 54억원 순매도세다.시가총액 상위 종목들은 대부분 상승세를 보이고 있다. CJ ENM이 3.22%, 씨젠이 0.97%, SK머티리얼즈가 0.88% 오르고 있다. 정인지 기자 injee@mt.co.kr
<저작권자 ⓒ '돈이 보이는 리얼타임 뉴스' 머니투데이, 무단전재 및 재배포 금지>",/news/news_read.nhn?article_id=0004401856&office_id=008&mode=search&query=LG생활건강&page=2
,"손희연 기자 son90@mt.co.kr
<저작권자 ⓒ '성공을 꿈꾸는 사람들의 경제 뉴스' 머니S, 무단전재 및 재배포 금지>",/news/news_read.nhn?article_id=0000537025&office_id=417&mode=search&query=LG생활건강&page=2
,"(서울=연합뉴스) 김기훈 기자 = 코스피가 29일 상승세로 출발했다.

이날 오전 9시 19분 현재 코스피는 전 거래일보다 8.33포인트(0.43%) 오른 1,942.42를 가리켰다.

지수는 전장보다 2.80포인트(0.14%) 오른 1,936.89에서 출발해 강세 흐름을 보이고 있다.

유가증권시장에서는 개인이 149억원어치를 순매수했다. 외국인은 17억원, 기관은 126억원을 순매도했다.

간밤 뉴욕증시에서 주요 지수는 실적 발표를 앞두고 주요 기술기업 주가가 약세를 보인 영향으로 하락했다.

다우존스30 산업평균지수(-0.13%), 스탠더드앤드푸어스(S&P)500 지수(-0.52%), 나스닥 지수(-1.40%) 등은 모두 하락 마감했다.

서상영 키움증권 연구원은 ""연휴 동안 있을 미국 대형 기술주들의 실적 발표, 연방공개시장위원회(FOMC)나 유럽중앙은행(ECB) 통화 정책 회의 등에 대한 불확실성이 부각되며 투자자들은 시장을 관망하거나 일부 매물을 내놓을 것으로 보인다""며 ""국제유가의 변동성 확대 또한 부담으로 작용할 것""이라고 전망했다.

시가총액 상위 종목 가운데 네이버(0.25%), 셀트리온(0.24%), LG화학(1.66%), LG생활건강(1.82%), 삼성물산(0.49%), 삼성SDI(1.25%) 등이 올랐다.

삼성전자(-0.70%), SK하이닉스(-0.24%), 삼성바이오로직스(-0.34%), 현대차(-0.43%) 등은 내렸다.

업종별로는 은행(1.37%), 화학(0.96%), 철강·금속(0.83%) 등이 강세를 보이고 전기·전자(-0.40%), 섬유·의복(-0.16%) 등이 약세다.

같은 시각 코스닥지수는 전장보다 1.61포인트(0.25%) 오른 646.54를 나타냈다.

지수는 전장보다 1.40포인트(0.22%) 오른 646.33으로 개장해 하락 전환했다가 다시 상승 흐름을 보이고 있다.

코스닥시장에서는 개인이 223억원을 순매수했다. 외국인과 기관은 각각 172억원, 54억원을 순매도했다.

시총 상위주 중에는 셀트리온헬스케어(0.24%), 에이치엘비(0.10%), CJ ENM(3.38%), 씨젠(0.97%), 스튜디오드래곤(0.26%), 휴젤(0.44%), SK머티리얼즈(0.88%) 등은 올랐다.

펄어비스(-0.70%), 셀트리온제약(-0.56%) 등은 내렸다.

kihun@yna.co.kr",/news/news_read.nhn?article_id=0011578506&office_id=001&mode=search&query=LG생활건강&page=2
,"[아시아경제 금보령 기자] 29일 장 초반 코스피가 소폭 상승세를 나타냈다.이날 오전 9시20분 기준 코스피는 전장 대비 9.25포인트(0.48%) 오른 1943.34를 기록했다.코스피는 전거래일과 비교해 2.80포인트(0.14%) 상승한 1936.89로 개장해 오름세를 이어갔다.유가증권시장에서 개인은 306억원어치를 순매도했다. 반면 외국인과 기관은 각각 297억원, 9억원을 순매수했다.업종별로 화학(1.44%), 철강·금속(1.3%), 운송장비(1.17%) 등은 올랐고, 의약품(0.22%), 전기가스업(0.31%) 등은 내렸다.시가총액 상위 10개 기업 가운데 SK하이닉스(0.36%), LG화학(1.79%), LG생활건강(1.39%) 등은 상승했고,삼성전자(0.3%), 삼성바이오로직스(0.51%), 셀트리온(0.24%) 등은 하락했다.서상영 키움증권 연구원은 ""한국 증시는 종목별 차별화가 진행되는 과정 속 연휴에 있을 여러 주요 이슈에 대한 불확실성 여파로 매물 출회 가능성이 높다""고 설명했다.같은 시각 코스닥지수도 전거래일 대비 2.25포인트(0.35%) 상승한 647.18이었다.코스닥은 전장과 비교해 1.40포인트(0.22%) 오른 646.33으로 출발했다.코스닥시장에서는 개인이 273억원을 순매수했고, 외국인과 기관은 각각 166억원, 105억원을 순매도했다.업종을 나눠서 보면 금융(1.16%), 금속(1.12%) 등은 상승했고, 인터넷(0.84%) 등은 하락했다.시총 상위 기업 중 CJ ENM(3.46%), 스튜디오드래곤(0.13%) 등은 올랐으나 셀트리온헬스케어(0.59%), 에이치엘비(0.1%), 펄어비스(1.26%) 등은 내렸다.금보령 기자 gold@asiae.co.kr <ⓒ경제를 보는 눈, 세계를 보는 창 아시아경제 무단전재 배포금지>",/news/news_read.nhn?article_id=0004669991&office_id=277&mode=search&query=LG생활건강&page=2
"최교준 장인과 조우 '입사'로 완성…""화장품 넘어선 걸작""","(서울=뉴스1) 강성규 기자 = LG생활건강은 왕실의 아름다운 궁중예술로 전세계 국빈들에게 궁중의 미(美)를 전파하고 있는 '후'의 시그니처 작품 '환유 국빈세트'를 선보인다고 29일 밝혔다.환유 국빈세트는 그동안 고귀한 궁중예술을 담아 화장품을 넘어 하나의 걸작으로 평가받았다. 올해는 정교함과 화려함의 극치로 불리는 궁중 금속공예 기법, '입사(入絲)'로 완성돼 역대 최고의 가치를 자랑한다.제품은 서울시 무형문화재 제36호 입사장 최교준 장인과의 고귀한 예술적 조우를 통해 만들어졌다. 가느다란 실처럼 뽑아낸 금실과 은실을 금속 표면에 9만번 이상의 두드림질로 새겨 넣었고, 고귀한 봉황의 모습을 마치 수를 놓은 듯 정교하고 아름답게 표현한 것이 특징이다.시간이 지나도 변치 않는다는 최고급 목재 중 하나인 '흑단목'을 전통 짜맞춤 방식으로 제작해 견고한 함 형태로 완성했다. 아름다운 피부로 완성하는 고품격 환유 라인의 세 가지 제품인 환유고, 환유진액, 환유동안고가 담겨 있다.후 환유 라인은 5월에서 9월 사이에만 얻을 수 있는 잎부터 뿌리까지의 산삼의 완전체인 산삼전초를 담았으며, 70여가지 한방성분을 한방원리에 따라 배합해 효능을 극대화한 후의 럭셔리 라인이다.후 마케팅 담당자는 ""후는 2015년과 2016년 천 년의 빛을 지닌 나전칠기 예술로 국빈세트를 선보였다""며 ""2018년 화각장의 화각공예, 2019년 화각장과 두석장 두 명장의 협업으로 완성된 국빈세트, 올해 입사장의 명작까지 궁중문화의 맥과 국빈세트의 가치를 이어가고 있다""고 말했다.sgkk@news1.kr© 뉴스1코리아(), 무단 전재 및 재배포 금지",/news/news_read.nhn?article_id=0004612855&office_id=421&mode=search&query=LG생활건강&page=2
,"(서울=뉴스1) 권혜정 기자 = 29일 코스피지수가 1950선을 탈환하며 3거래일 연속 상승세를 보이고 있다. 시간 외 뉴욕 증시 지수 선물이 소폭 반등한데 따른 영향으로 풀이된다.코스피 지수는 29일 오전 10시18분 기준 전일 대비 18.52p(0.96%) 오른 1952.61에 거래되고 있다. 외국인과 기관이 각각 762억원, 868억원을 순매수 중인 가운데 개인은 1639억원을 순매도 중이다. 시가총액 상위 10개 종목도 대부분 상승세다. 1분기 실적 호조를 보인 삼성전자는 전일 대비 200원(0.40%) 오른 5만300원에 거래 중이다. 삼성물산도 전일 대비 4000원(3.90%) 오른 10만6500원에 거래되고 있다. 이밖에 LG화학(3.71%), SK하이닉스(1.08%), LG생활건강(1.02%) 등이 상승세를 보이고 있다. 코스닥 지수는 전일 대비 2.83p(0.44%)오른 647.76을 가리키고 있다. 시총 상위 10개 종목 중 CJENM(3.70%), SK머티리얼즈(2.27%), 스튜디오드래곤(0.26%) 등으로 상승폭이 크다. 서울외환시장에서 달러/원 환율은 전일대비 2.0원 내린 1217.5원을 기록 중이다.jung9079@news1.kr© 뉴스1코리아(), 무단 전재 및 재배포 금지",/news/news_read.nhn?article_id=0004612945&office_id=421&mode=search&query=LG생활건강&page=2
▶ 헉! 소리나는 [헉스] ▶ '너 그거 아니?' [두유노우]▶ 지금 파이낸셜뉴스 채널 구독하고 경품 GET!,"LG생활건강이 왕실의 아름다운 궁중예술로 전세계 국빈들에게 궁중의 미(美)를 전파하고 있는 ‘후’의 시그니처 작품 ‘환유 국빈세트’를 선보인다.
 고귀한 궁중예술을 담아 화장품을 넘어 하나의 걸작으로 평가받는 ‘환유 국빈세트’는 올해 정교함과 화려함의 극치로 불리는 궁중 금속공예 기법, ‘입사(入絲)’로 완성됐으며, 역대 최고의 가치를 자랑한다.
 서울시 무형문화재 제36호 입사장 최교준 장인과의 고귀한 예술적 조우를 통해 선보인 ‘환유 국빈세트’는 가느다란 실처럼 뽑아낸 금실과 은실을 금속 표면에 9만번 이상의 두드림질로 새겨 넣어 상서롭고, 고귀한 봉황의 모습을 마치 수를 놓은 듯 정교하고 아름답게 표현한 것이 특징이다.
 또한 시간이 지나도 변치 않는다는 최고급 목재 중 하나인 ‘흑단목’을 전통 짜맞춤 방식으로 제작해 견고한 함 형태로 완성했으며, 아름다운 피부로 완성하는 고품격 ‘환유’ 라인의 세 가지 제품인 환유고, 환유진액, 환유동안고가 담겨 있다.
 한편, ‘후’는 궁중예술 입사로 탄생한 환유 국빈세트에서 영감을 받은 ‘환유고 스페셜 에디션’을 오는 5월 출시한다. 차가운 금속위에 꽃피운 아름다운 궁중예술 ‘입사’의 감동을 환유고 스페셜 에디션으로 느껴볼 수 있다.


 ※ 저작권자 ⓒ 파이낸셜뉴스. 무단 전재-재배포 금지",/news/news_read.nhn?article_id=0004416688&office_id=014&mode=search&query=LG생활건강&page=2
,"‘코로나 19’ 확산으로 인한 소비 위축으로 유통업계의 피해가 확산되고 있다.산업통상자원부가 지난달 발표한 ‘2월 주요 유통업체 매출 동향’에 따르면 오프라인 유통업체 13개사·온라인 유통업체 13개사의 오프라인 부분 매출은 7.5% 감소했다. 다만 주목할 점은 같은 조사에서 온라인 부분의 경우, 34.3%나 매출이 폭증했다는 사실이다.코로나 19 사태는 소비자의 구매 행태를 오프라인에서 온라인으로 바꿔놨다. 직접 대면하지 않고 물건을 구매하는 ‘언택트’ 소비 트렌드가 본격화 되면서, 특히 소비자와의 접촉을 바탕으로 하는 유통업계는 저마다의 생존법으로 난국을 헤쳐나가는 모습이다.■단골 손님 먼저…자사몰 강화 통한 충성 고객 확대자사 제품들을 한 곳에 모아놓고 브랜드 철학과 정체성을 맘껏 드러내면서 충성 고객을 확보하는, 일석 이조의 자사몰. 이제까지 대형 온라인 쇼핑몰 등에 밀려 제 빛을 보지 못 했던 자사몰이 확대되고 있다. 단골 고객들을 위한 다양한 이벤트를 마련하고, 가장 먼저 신제품을 소개하는 등 충성고객들을 위한 혜택을 강화하면서 이를 ‘수수료 없는’ 매출 확대로 잇는 효과를 볼 수 있기 때문이다.신세계인터내셔날은 지난 달 자사몰 ‘에스아이빌리지’를 국내 대표 럭셔리 플랫폼으로 키우겠다고 선언했다. 패션·뷰티·리빙 브랜드 자사 브랜드 180여개를 동시에 입점시켰고, 여기에 필립플레인과 주세페 자노티 등 5개의 명품 브랜드를 더하면서 더욱 주목을 받고 있다. 자체 온라인 편집숍 ‘셀렉트 449’를 통해 최근 떠오르고 있는 해외 및 국내 디자이너 브랜드를 소개하는 창구의 역할도 더했다.MBX는 최근 기존의 화장품 이커머스 플랫폼 ‘미미박스’를 자사몰인 ‘MBX몰’로 변경했다. 소비자와의 활발한 소통을 꾀하는 ‘온라인 플래그십 스토어’로 활용한다는 계획. 기존에 많은 사랑은 받아온 ‘아임미미’를 비롯해 ‘포니이펙트’, ‘누니’ 등이 입점해있고. 다음 달에는 ‘카자’, ‘아이듀케어’ 등 신구 브랜드 역시 자사몰을 통해 론칭할 예정이다. 특히 카자의 경우 세계 최대 뷰티 유통 기업 세포라와의 공동 개발로 크게 화제가 된 바 있다.■타 브랜드도 OK…자사몰은 종합쇼핑몰로자사몰을 확장해 운영하는 브랜드도 생겨나고 있다. 타 브랜드 제품을 입점시켜 시너지 효과를 얻는 종합몰의 형태. 다양한 제품들의 집약 효과를 노리는 것으로, 자사 제품과 타사 제품에 대해 동시에 관심이 있는 고객층이 타깃이다.KGC인삼공사는 건강기능식품 전문 온라인몰 ‘정(正)몰’을 개방형 온라인 쇼핑몰로 리뉴얼한 뒤 해외 건강기능식품, 건강식품, 농산품 등 타사 상품을 함께 판매하고 있다. 식품의약품안전처에서 안전성과 효능을 인증받은 제품들을 대상으로 고객의 선택지를 확대한 것으로, 특히 해외 직구 건강기능식품으로 유명한 ‘솔가’, ‘네이처’, ‘얼라이브’ 등 경쟁사로 비쳐질 수 있는 브랜드들 역시 정몰에서 구매가 가능케 했다.아모레퍼시픽 역시 자사 몰에 타 브랜드의 화장품을 입점시켰고, 패션기업 신원은 오는 5월 자사몰인 신원몰을 ‘쇼윈도’로 변경하고 종합 패션 쇼핑몰로 리뉴얼하겠다는 계획을 밝혔다.■어차피 안 팔리는 오프라인…온라인 전용 브랜드의 등장온라인 전용 브랜드 및 제품도 등장하고 있다. 유통단계를 줄일 수 있어 가격 경쟁에서 유리한 것은 물론, 마케팅 비용 역시 크게 줄일 수 있는 장점. 최근에는 기존 브랜드를 온라인 전용으로 변경하는 경우도 늘고 있다.형지I&C는 지난 달 프렌치 컨템포러리 여성 브랜드 ‘본이’를 론칭했다. 온라인 전용 브랜드로, 기존 남성브랜드 ‘본’을 여성 카테고리로 확장한 형태다. 불확실성이 증가하는 패션 시장 환경에서 원활히 대응하겠다는 전략이다.LG생활건강 역시 얼마 전 국내 유명 안무팀 ‘원밀리언댄스스튜디오’와 함께 온라인 전용 화장품 브랜드 ‘밀리언뷰티’를 론칭했다. 획일화된 아름다움을 거부하고 자신만의 삶을 즐긴다는 콘셉트 아래 제품 기획 단계부터 원밀리언과 협의한 것으로, 립스틱, 아이섀도우, 미스트, 수분 크림 등 제품군 역시 오프라인 브랜드 못 지 않게 다양하다.이충진 기자 hot@kyunghyang.com▶ ▶ ©스포츠경향(), 무단전재 및 재배포 금지",/news/news_read.nhn?article_id=0000669240&office_id=144&mode=search&query=LG생활건강&page=2
,"[아시아경제 조유진 기자]LG생활건강(대표 차석용)이 왕실의 궁중의 미를 전파하고 있는 후의 시그니처 작품 ‘환유 국빈세트’를 선보인다.서울시 무형문화재 제36호 입사장 최교준 장인과의 고귀한 예술적 조우를 통해 선보인 환유 국빈세트는 가느다란 실처럼 뽑아낸 금실과 은실을 금속 표면에 9만번 이상의 두드림질로 새겨 넣어 상서롭고 고귀한 봉황의 모습을 마치 수를 놓은 듯 정교하고 아름답게 표현한 것이 특징이다.시간이 지나도 변치 않는다는 최고급 목재 중 하나인 ‘흑단목’을 전통 짜맞춤 방식으로 제작해 견고한 함 형태로 완성했으며, 아름다운 피부로 완성하는 고품격 환유 라인의 세 가지 제품인 환유고, 환유진액, 환유동안고가 담겨 있다.후 환유 라인은 5월에서 9월 사이에만 얻을 수 있는 잎부터 뿌리까지의 산삼의 완전체인 산삼전초를 담았으며, 70여가지 한방성분을 한방원리에 따라 배합해 효능을 극대화했다. 후는 궁중예술 입사로 탄생한 환유 국빈세트에서 영감을 받은 ‘환유고 스페셜 에디션’을 오는 5월 출시한다. 차가운 금속위에 꽃피운 아름다운 궁중예술 ‘입사’의 감동을 환유고 스페셜 에디션으로 느껴볼 수 있다.후 마케팅 담당자는 “후는 2015년과 2016년 천년의 빛을 지닌 나전칠기 예술로 국빈세트를 선보였으며 2018년 화각장의 화각공예, 2019년 화각장과 두석장 두 명장의 협업으로 완성된 국빈세트, 올해 입사장의 명작까지 궁중문화의 맥과 국빈세트의 가치를 이어가고 있다”며 “환유라인의 고귀한 가치와 궁중문화의 아름다움을 향후 국빈세트 출시를 통해 지속적으로 선보일 예정”이라고 말했다.조유진 기자 tint@asiae.co.kr <ⓒ경제를 보는 눈, 세계를 보는 창 아시아경제 무단전재 배포금지>",/news/news_read.nhn?article_id=0004670217&office_id=277&mode=search&query=LG생활건강&page=2
"경제 중대본, 10대 산업 규제혁신 방안 발표","정부가 코로나 바이러스 감염증(코로나19)에 따른 경제 위기 극복과 활성화 방안 마련을 위해 ‘10대 산업분야 규제혁신’에 나선다. 코로나19를 계기로 가속화될 ‘디지털 경제’와 ‘비대면(Untact) 경제’에 대한 규제 체계를 재설계하는 게 중심이 될 전망이다.비상경제 중앙대책본부(경제 중대본)는 29일 오전 정부서울청사에서 열린 제1차 경제 중대본 회의에서 이같은 내용을 논의했다고 밝혔다. 규제 혁신 대상으로 선정된 10대 산업분야는 ▲데이터·인공지능(AI) ▲미래차·모빌리티 ▲의료신기술 ▲헬스케어 ▲핀테크 ▲기술창업 ▲산업단지 ▲자원순환 ▲관광 ▲전자상거래·물류 등이다.중대본 관계자는 ""기업 현장에서 신사업 모델 창출과 산업의 지속성장 등을 가로막는 규제에 대한 혁신을 요구하는 목소리가 컸다""며 ""과감한 핵심규제 혁파를 통해 신사업·일자리 창출, 민간투자 활성화 등 가시적인 성과를 창출하는데 집중하겠다""고 했다.10대 산업 규제혁신 방안은 총 65개 과제로 추진한다. 우선 금융·결제·핀테크 분야의 규제 혁신이 눈에 띈다. 정부는 체크카드나 모바일 결제 등 저비용 결제수단을 이용해 거래할 때, 신용카드로 결제할때보다 혜택을 줄 수 있도록 법개정을 추진한다. 그동안 신용카드외 저비용 결제수단을 이용해도 할인과 같은 혜택을 줄수 없었다. 이를 위해 산업통상자원부는 7월까지 여신전문금융업법 개정안을 마련하고, 연내 개정안을 국회에 제출한다는 계획이다. 정부는 자영업자와 소상공인의 카드 수수료 부담을 덜고, 핀테크 업체 등의 신규 결제 서비스 진출에 도움을 줄 것으로 기대하고 있다.또 정부는 국민들의 해외주식 투자 기회 확대와 포트폴리오 다변화를 위해 국내외 주식을 소수점 단위로 쪼개서 거래할 수 있는 방안도 추진한다. 예를 들어 이날 종가 기준 138만6000원인 LG생활건강 주식을 거래할 때 1주가 아닌, 0.1주(13만8600원)만 사거나 팔 수 있다는 얘기다. 그동안 자본시장법상 구분예탁 및 계좌구분개설 의무 등으로 인해 소수점 단위의 주식 매매는 불가능했다.정부는 핀테크 기업의 금융업 진출 진입장벽도 대폭 낮추기로 했다. 기존에는 핀테크 업체의 서비스가 금융규제 샌드박스 테스트를 통과하더라도, 테스트 기간이 종료되면 서비스를 중단해야 했다. 하지만 앞으로는 임시허가·특례기간 연장 등 혁신금융 서비스가 지속될 수 있도록 기반을 마련하기로 했다. 규제 샌드박스는 기존 규제를 적용하지 않고 새로운 상품과 서비스를 선보일 수 있도록 하는 제도다.또 핀테크 기업의 성장을 촉진하기 위해, 그동안 금융·보험업에 대한 투자를 금지했던 신기술금융회사의 핀테크 기업 투자를 허용할 방침이다. 이 밖에 신용카드사의 빅데이터 활용 사업도 허용할 방침이다. 그동안 신용카드사가 업무와 관련해 취득한 정보를 활용해 빅데이터 사업을 신고 없이 할 수 있는지가 불명확했다. 정부는 빅데이터를 가명·익명 조치 후 자문 서비스에 활용하는 업무 등을 신고 없이 할 수 있도록 명확히 규정할 방침이다.데이터·AI 분야에서는 인재 양성과 산학 간 기술이전 활성화 등을 위해 대학 교수의 AI 기업 겸직을 허용할 방침이다. 그동안 국립·사립대 교원은 영리업무·겸직이 원칙적으로 금지됐다.정부는 미래차 확산을 위한 수소 버스 보급 확대를 추진한다. 현재 수소버스는 기존 버스에 비해 경제성이 낮아, 전국적으로 13대 보급에 그쳤다. 정부는 2022년까지 수소 버스 2000대를 도입하겠다는 목표다. 수소연료 충전시설 확대를 위해서 공원 체육시설 내 수소충전소 구축을 허용하도록 법 개정에도 나선다.의료 신기술 분야도 혁신 대상으로 꼽혔다. 정부는 의료데이터 활용 확대와 폐지방 재활용 허용, 가상현실(VR)·증강현실(AR) 의료기기 품목 신설, 혁신 의료기기 우선심사 제도 도입 등을 우선 검토할 방침이다.이 밖에 정부는 구미 국가산업단지 입지규제를 완화해 입주 업종을 확대한다. 완성차·부품 등 자동차 관련 기업만 입주가 가능했던 대구 국가산단에 대해서도 업종 규제를 완화해, 이륜자동차 제조업도 입주하도록 했다. 창원 국가산단에 대해선 관리 기본계획을 변경해 액화 수소 제조업을 허용한다.또 도심지역 관광 활성화를 위해 안전·의무사항 준수 등을 전제로 도심지역 내국인 대상 숙박 제공을 허용할 방침이다. 산림관광 활성화를 위해 산지 활용 규제 특례가 가능하도록 산림휴양관광진흥구역법(가칭) 제정을 추진한다.중대본 관계자는 ""이번 규제혁신 10대 산업분야는 재계 등 민간 주도로 선정됐고, 이를 위해 경제단체, 업종별 협단체, 연구기관 등 여러 차례 간담회로 다양한 의견을 수렴했다""며 ""영향력, 성과창출, 피규제자의 과정 참여 등 3가지 원칙을 바탕으로 규제들을 원점에서 검토하겠다""고 했다.[박성우 기자 foxpsw@chosunbiz.com]	[]	[] 	chosunbiz.com",/news/news_read.nhn?article_id=0000517434&office_id=366&mode=search&query=LG생활건강&page=2
,"[서울경제] 외국인과 기관이 국내 증시를 쌍끌이 하고 있다. 이들의 매수세에 힘입어 이날 코스피 지수는 1%에 가까운 상승률을 보이고 있다. 29일 오후 1시 19분 현재 코스피 지수는 전장보다 17.12포인트(0.89%) 오른 1,951.21을 기록 중이다. 이날 코스피 지수는 전 거래일 대비 2.80포인트(0.14%) 오른 1,936.89로 출발했다.유가증권시장에서는 외국인과 기관이 각각 1,367억원과 2,641억원을 순매수했다. 특히 연기금은 이날 1,145억원 넘게 사들이며 3일 연속 순매수를 이어갔다. 연휴를 앞두고 개인투자자는 4,026억원을 팔아 치웠다.시가총액 상위 종목은 대부분 상승세다. SK하이닉스(1.20%), 네이버(0.51%), 셀트리온(0.24%), LG화학(2.62%), LG생활건강(1.09%), 삼성물산(4.39%) 등이 상승세다. 반면 삼성전자와 SK텔레콤은 전 거래일 대비 보합 거래 중이다. 삼성바이오로직스(-0.85%)는 하락세다.같은 시간 코스닥 지수는 전장보다 1.85포인트(0.29%) 오른 646.78을 기록했다. 이날 코스닥 지수는 전 거래일 대비 1.40포인트(0.22%) 오른 646.33으로 출발했다. 코스닥 시장에서는 개인이 올로 441억원을 순매수 중이다. 반면 외국인과 기관은 각각 280억원과 148억원을 순매도했다.시가총액 상위 종목 중에서는 CJ ENM(3.86%), 씨젠(1.62%), 스튜디오드래곤(0.13%), SK머티리얼즈(1.95%)가 강세다./신한나기자 hanna@sedaily.com저작권자 ⓒ 서울경제, 무단 전재 및 재배포 금지",/news/news_read.nhn?article_id=0003731482&office_id=011&mode=search&query=LG생활건강&page=1
"LG생건, 1분기 사상 최대 영업익 기록… 아모레퍼시픽그룹은 3분의 1토막","화장품 업계의 ‘코로나 성적표’가 공개됐다. 신종 코로나바이러스 감염증(코로나19)의 여파에도 은 1분기 사상 최대 매출과 영업이익을 기록한 반면, 은 영업이익의 3분의 1이 감소했다.아모레퍼시픽그룹은 올해 1분기 매출이 1조2793억원, 영업이익은 679억원으로 전년 동기 대비 각각 22.1%, 66.8% 줄었다. 같은 기간 당기순이익도 41.9% 감소한 948억원을 기록했다. 반면 LG생활건강은 올해 1분기 매출이 전년 동기 대비 1.2% 증가한 1조8964억원, 영업이익은 3.6% 늘어난 3337억원을 달성해 성장세를 이어갔다.성적을 가른 것은 생활용품이었다. 코로나19로 양사 모두 화장품 매출이 줄었지만, LG생활건강은 생활용품과 음료사업 부문의 활약으로 부진을 완화했다. 하지만 화장품 사업이 전체의 90%를 차지하는 아모레퍼시픽은 매출 방어에 실패했다. LG생활건강의 1분기 생활용품 사업 매출은 전년 동기 대비 19.4% 증가한 4793억원으로 집계됐다. 영업이익은 50.7% 늘어난 653억을 기록했다. 코로나19 발발 이후 손 소독제, 세정제, 물티슈 등의 위생용품 수요가 증가하고 온라인과 소형 슈퍼의 이용률이 증가한 데 따른 결과로 해석된다. 음료 사업도 호조를 보였다. 코카콜라·스프라이트·파워에이드등 음료 사업 매출과 영업이익은 각각 5%, 43.9% 증가했다. 화장품 매출 부진에도 중국에서 인기가 높은 럭셔리 브랜드인 '숨'과 '오휘'는 전년대비 매출액이 각각 13%, 52% 증가하며 견고한 수요를 입증했다. 은 국내 사업 매출액과 영업이익이 각각 19%, 33% 감소했다. 해외 사업은 매출액이 28% 감소했고 영업이익은 적자 전환했다. 코로나19로 마진이 높은 면세점 매출과 백화점, 로드숍 등의 오프라인 채널 매출이 급감하고 중국에 진출한 오프라인 매장들도 임시휴점한 데 따른 결과다. 언택트(비대면) 소비 증가로 국내 온라인 매출이 80% 이상 늘었지만, 실적 부진을막기엔 역부족이었다. 코로나19 사태를 계기로 아모레퍼시픽은 체질개선에 나설 예정이다. 아모레퍼시픽 관계자는 ""해외 시장에서 채널 포트폴리오를 다변화하고 맞춤형 화장품 기술개발과 국내외 디지털화를 통해 실적 개선을 노릴 것""이라고 설명했다. 1분기 실적방어에 성공한 LG생활건강 역시 2분기 전망을 낙관하지 않는다. 코로나19의 여파가 잠잠해져 국내 매출이 개선될 순 있으나, 여전히 입출국을 제한한 나라가 많아 면세점 매출의 회복이 어려울 것으로 보이기 때문이다. LG생활건강 관계자는 ""2분기 사업환경도 어려울 것으로 보여 화장품·생활용품·음료 사업부로 이뤄진 포트폴리오를 바탕으로 대응할 것""이라고 밝혔다. [민서연 기자 minsy@chosunbiz.com]	[]	[] 	chosunbiz.com",/news/news_read.nhn?article_id=0000517611&office_id=366&mode=search&query=LG생활건강&page=1
"로켓프레시 당일배송 스타트주문액 1만5,000원만 넘으면 돼SSG닷컴·롯데온 등 유통공룡도물류센터 확충 등 '당일'에 사활네이버도 24시간내 배송 뛰어들어","[서울경제] ‘새벽배송도 늦다. 이제는 당일배송.’신종 코로나바이러스 감염증(코로나19) 여파로 신선식품에 대한 비대면 소비 수요가 급증하면서 총알 배송 경쟁에 다시 불이 붙고 있다. 유통 대기업 롯데가 온라인몰 ‘롯데온’을 공식 론칭하며 온라인 장보기 시장에 출사표를 던지자 쿠팡이 곧바로 최대 강점인 빠른 배송으로 맞불을 놓은 것. 온라인 쇼핑의 핵심인 ‘배송’을 강화해 경쟁자들을 따돌리겠다는 전략이다. 이에 롯데와 신세계 등 유통 대기업은 물론 네이버까지 물류 강화에 나서며 온라인 배송 전쟁이 격화하고 있다.◇신선식품 당일배송 나선 쿠팡=배송 경쟁이 가장 치열한 영역은 신선식품 장보기 시장이다. 쿠팡은 오전 10시 전에 신선식품을 주문하면 당일 오후 6시까지 배송해주는 ‘로켓프레시 당일배송’ 서비스를 시작한다고 29일 밝혔다. 당일배송 서비스는 쿠팡 멤버십 프로그램인 로켓와우클럽 회원에게만 제공되며 최소 주문금액은 1만5,000원이다. 대형마트 온라인몰이나 경쟁 이커머스 업체들이 최소 3만~4만원 이상 주문해야 배달을 해주는 점을 고려하면, 최소 주문금액이 경쟁사의 절반 이하 수준이다.쿠팡이 전국 단위의 단일배송 서비스를 할 수 있는 것은 축구장 14개 면적에 달하는 물류 인프라와 전국 168곳의 로켓배송센터를 보유하고 있는 덕분이다. 쿠팡에 따르면 로켓배송센터에서 10분 배송 거리 내에 거주하는 ‘로켓배송 생활권’ 소비자는 3,400만명 규모다. ◇쿠팡 잡아라···신세계·롯데 물류 강화=쿠팡이 빠른 배송으로 주도하고 있는 온라인 시장 공략을 위해 롯데와 신세계 등 오프라인 유통 공룡들도 물류센터 강화에 나서고 있다. 신세계의 온라인몰 SSG닷컴은 현재 신규 물류센터 설립을 위해 경기권에서 부지를 물색 중이다. 서울과 수도권 곳곳까지 새벽배송 가능 지역을 확대하려면 근교보다 경기권 내 물류센터 확보가 시급하기 때문이다.롯데는 오프라인 점포를 물류 거점으로 활용하는 풀필먼트 전략을 가속화한다. 풀필먼트는 고객이 상품을 주문하면 입고와 재고관리, 분류, 배송 등 전 과정을 일괄적으로 처리하는 시스템이다. 이를 통해 온라인몰 ‘롯데온’에서 주문하면 1시간 만에 주문한 물품을 배송하는 바로배송 서비스를 확대해나갈 계획이다. 현재 롯데마트 중계점 등에서 이용 가능하다.◇네이버도 ‘빠른 배송’ 나서=오프라인 유통업체뿐만 아니라 기존 이커머스와 네이버까지 온라인 소비시장 공략을 위해 ‘더욱 빠른 배송’에 적극 투자하고 있다. 최근 네이버는 쇼핑 플랫폼에 입점한 판매자들이 쿠팡처럼 물건을 빠르게 배송할 수 있도록 ‘당일 배송’ 체계를 구축했다. 네이버쇼핑 ‘브랜드 스토어’에 입점한 LG생활건강이 오후 11시30분까지 상품을 주문하면 24시간 이내 배송 서비스를 제공하는 것이 그 예다. 네이버는 물류 협력사도 늘리고 있다. 지난달에만 위킵, 두손컴퍼니 등 풀필먼트 기업에 100억원이 넘게 투자했다.쿠팡처럼 대규모 물류 시스템을 보유하지 못한 이커머스들은 빠른 배송을 위해 대형마트와 슈퍼를 입점시키는 방식으로 대응하고 있다.
11번가는 당일 배송이 가능한 ‘오늘 장보기’ 전문관에 이마트몰을 입점시키며 상품 수를 기존 4만개에서 7만5,000개로 확대했다. 위메프도 GS프레시와 손잡고 ‘마트 당일 배송관’을 오픈해 1만2,000개의 생필품을 당일 배송한다. 업계의 한 관계자는 “코로나19를 계기로 소비시장의 주도권이 온라인으로 완전히 넘어왔다”며 “유통업체뿐만 아니라 제조업체들도 물류센터 제휴를 맺는 등 배송 전쟁이 격화되고 있다”고 말했다. /박민주기자 parkmj@sedaily.com저작권자 ⓒ 서울경제, 무단 전재 및 재배포 금지",/news/news_read.nhn?article_id=0003731542&office_id=011&mode=search&query=LG생활건강&page=1
,"코스피가 연휴를 앞두고 상승 마감했다. 외국인과 기관이 동반 '사자'로 나서면서 지수를 밀어올렸다.29일 코스피는 전일 대비 13.47포인트(0.70%) 오른 1947.56에 거래를 마쳤다.이날 2.80포인트(0.14%) 상승 출발한 지수는 장 초반 1930포인트 부근을 맴돌다 외국인과 기관이 동반 매수세로 나서며 오름세를 타기 시작했다. 장중에는 1950선을 넘어서기도 했지만 개인 중심의 차익실현 물량이 나오면서 상승분을 일부 반납했다. 한편 중국 양회(정협, 전인대)가 오는 5월 21일부터 시작된다. 코로나로 인해 미뤄졌던 양회인 만큼 중국의 코로나 사태가 진정되고 정상화가 시작됐음을 의미한다. 특히 일부에서는 온라인을 통해 열 수 있다는 보도도 나왔으나 전과 같이 베이징에 집결해 한다는 점을 감안, 중국의 정상화가 본격적으로 시작된 것으로 전망된다. 시장에서는 최근 상무위에서 언급했던 대규모 인프라 투자 등 여러 정책들이 기대되고 있다.서상영 키움증권 연구원은 ""중국 양회가 개최된다는 소식이 전해지며 철강, 건설 등 인프라 관련 종목들이 상승을 주도했다""면서 ""이밖에 미국 시간외 선물 상승도 우호적으로 작용했고 국제유가가 시간 외로 12%나 급등한 점도 상승 요인으로 작용했다""고 설명했다.서 연구원은 다만 ""연휴를 앞두고 여러 불확실성이 높아 강한 상승은 제한됐다""고 말했다.이날 유가증권시장에서는 업종별로 증권, 종이목재, 철강금속, 은행, 운송장비 등이 올랐고 섬유의복, 보험, 의약품 등은 내렸다.매매주체별로 외국인과 기관이 각각 2330억원, 2503억원 순매수했고 개인은 4835억원 순매도했다. 프로그램 매매는 1682억원 매수 우위로 집계됐다.시가총액 상위 종목들은 흐름이 엇갈렸다. SK하이닉스, 셀트리온, LG화학, LG생활건강, 삼성물산, 현대차, 삼성SDI 등이 올랐고 삼성전자, 삼성바이오로직스, NAVER, SK텔레콤 등은 내렸다.이날 유가증권시장에서는 570개 종목이 올랐고 272개 종목이 내렸다.코스닥은 전일 대비 0.25포인트(0.04%) 오른 645.18에 마감했다.[디지털뉴스국 김경택 기자] [ⓒ 매일경제 & mk.co.kr, 무단전재 및 재배포 금지]",/news/news_read.nhn?article_id=0004566551&office_id=009&mode=search&query=LG생활건강&page=1
▶ 네이버 홈에서 [한국경제TV] 채널 구독하기 [생방송보기]▶ 대한민국 재테크 총집결! - [증권 / 주식상담 / 부동산],"[한국경제TV 정희형 기자]코스피시장에서 외국인과 기관이 4,800억원 넘게 순매수하며 코스피 지수가 상승마감했다.29일 코스피는 전 거래일 대비 13.47포인트(0.70%) 오른 1,947.56에 거래를 마감했다.지수는 지난 24일 이후 3거래일 연속 상승 마감했다.수급 주체별로는 개인이 순매도한 반면 외국인과 기관이 순매수세를 보였다.연기금이 1,440억원대 순매수세를 기록한 가운데 기관은 총 2,503억원 순매수했고 외국인은 2,337억원 순매수 했다.개인은 4,835억원 순매도했다.시가총액 상위 10종목 가운데 6종목이 상승 마감했다.SK하이닉스(+0.36%), 셀트리온(+0.72%), LG화학(+3.86%), LG생활건강(+1.09%), 삼성물산(+3.41%), 현대차(+0.43%) 등이 상승 마감했다.삼성전자(-0.20%), 삼성바이오로직스(-1.19%), 삼성전자우(-0.35%), 네이버(-0.25%) 등은 하락 마감했다.특히 유진투자증권은 전 거래일 대비 29.82%(650원) 오른 2,830원을 기록하며 상한가로 거래를 마감했다.코스닥 지수는 전 거래일 대비 0.25포인트(0.04%) 오른 645.18에 거래를 마쳤다.투자 주체별로는 개인이 610억원을 순매수한 반면 외국인과 기관은 각각 220억원, 383억원 순매도 했다.코스닥 시총 상위 10종목 가운데 2종목만 상승 마감했다.CJENM(+2.81%), 씨젠(+0.11%) 등이 상승 마감했다.하락 마감한 종목은 셀트리온헬스케어(-0.12%), 에이치엘비(-0.41%), 셀트리온제약(-1.12%), 펄어비스(-3.37%), 케이엠더블유(-0.49%), 스튜디오드래곤(-0.26%), SK머티리얼즈(-0.69%), 휴젤(-1.26%) 등이다.한편 서울외환시장에서 원/달러 환율은 전 거래일보다 달러당 7.0원 내린 1,218.2원에 거래를 마쳤다.정희형기자 hhjeong@wowtv.co.krⓒ 한국경제TV, 무단 전재 및 재배포 금지",/news/news_read.nhn?article_id=0000867761&office_id=215&mode=search&query=LG생활건강&page=1
,"[서울=뉴시스]신항섭 기자 = 코스피가 기관과 외국인의 순매수세에 힘입어 0.7% 상승해 장을 마쳤다. 장중에는 1950선을 회복하는 모습도 나타났다.29일 코스피지수는 전 거래일(1934.09)보다 2.80포인트(0.14%) 오른 1936.89로 출발한 후 상승폭을 확대해 13.47포인트(0.70%) 높아진 1947.56에 마감했다. 장중 한때는 1957.51까지 오르며 1950선을 회복하기도 했다.유가증권시장에서 외국인과 기관이 각각 2330억원, 2501억원을 순매수해 증시 상승을 이끌었다. 반면 개인 투자자들은 이날에만 4832억원을 순매도했다.노동길 NH투자증권 연구원은 ""외국인이 비차익 프로그램 매매로 순매수 했고, 기관도 함께 사들여 한때 1950선을 회복하기도 했다""면서 ""중국 대규모 인프라 투자 가능성 보도, 삼성전자 반도체 양호한 실적 발표 및 전망 등이 코스피 상승을 견인했다""고 설명했다.업종별로는 이날 대부분의 업종이 상승했다. 증권(6.08%)이 가장 크게 상승했고, 종이목재(4.35%), 철강금속(2.90%), 은행(2.28%), 운수장비(1.90%) 등도 올랐다. 반면 섬유의복(-1.02%), 보험(-0.37%), 의약품(-0.30%) 등은 하락했다.시가총액 상위 종목들도 대부분이 올랐다. LG화학(3.86%), 삼성물산(3.41%), 삼성SDI(2.33%), LG생활건강(1.09%) 등이 강세를 보였고, 셀트리온(0.72%), 현대차(0.43%) 등도 소폭 상승했다. 반면 대장주 삼성전자는 0.20%내려 5만원에 마감했고, 삼성바이오로직스(-1.19%)와 네이버(-0.25%)도 주가 하락이 나타났다.이날 코스닥지수는 전 거래일(644.93)보다 0.25포인트(0.04%) 오른 645.18에 마감했다. 지수는 전날보다 1.40포인트(0.22%) 오른 646.33에 출발한 뒤 보합권에서 등락을 반복하다 약보합으로 장을 마쳤다.코스닥시장에서 개인은 홀로 608억원을 순매수했다. 반면 외국인과 기관은 각각 223억원, 381억원을 순매도해 증시를 압박했다.코스닥 시총 상위 10개 종목은 대부분 하락했다. 이날 상승 마감에 성공한 종목은 CJ ENM(2.81%), 씨젠(0.11%) 뿐이다. 그외 종목인 펄어비스(-3.37%), 휴젤(-1.26%), 셀트리온제약(-1.12%), SK머티리얼즈(-0.69%), 케이엠더블유(-0.49%), 에이치엘비(-0.41%), 스튜디오드래곤(-0.26%), 셀트리온헬스케어(-0.12%) 등은 주가가 내렸다. hangseob@newsis.com<ⓒ 공감언론 뉴시스통신사. 무단전재-재배포 금지>",/news/news_read.nhn?article_id=0009840732&office_id=003&mode=search&query=LG생활건강&page=1
"코스피, 13.47p 오른 1947.56 마감코스닥, 0.25p 내린 645.18…환율, 7.0원 내린 12182원","(서울=뉴스1) 권혜정 기자 = 29일 코스피 지수가 1950선을 목전에 둔 1940선에서 마감했다. 외국인과 기관의 순매수세와 시간 외 뉴욕 증시 지수 선물의 반등 영향으로 풀이된다.이날 코스피 지수는 전거래일 대비 13.47p(0.70%) 오른 1947.56으로 마감했다.외국인과 기관이 각각 2337억원, 2503억원을 순매수한 반면 개인은 4835억원을 순매도했다. 시가총액 상위 10개 종목 중 삼성전자는 전일 대비 100원(0.20%) 내린 5만원에 거래를 마쳤다. 삼성바이오로직스(-1.19%), 삼성전자우(-0.35%)도 하락했다. 삼성전자의 1분기 실적 선방에도 2분기 실적 감소 전망에 따른 것으로 풀이된다. 삼성물산은 전일 대비 3500원(3.41%) 오른 10만6000원에 마감했다. 이밖에 LG화학(3.86%), LG생활건강(1.09%), 셀트리온(0.72%) 순으로 상승폭이 컸다. 코스닥 지수는 전거래일대비 0.25p(.0.04%) 오른 645.18에 거래를 마쳤다.시총 상위 10개 종목은 대부분 하락했다. CJENM(2.81%), 씨젠(0.11%)을 제외하고 펄어비스(-3.37%), 휴젤(-1.26%), 셀트리온(-1.12%) 순으로 하락폭이 컸다. 업종별로는 전문소매(8.75)%, 증권(5.89%), 카드(5.08%) 등이 강세를 보였다. 노동길 NH투자증권 연구원은 ""중국 대규모 인프라 투자 가능성 보도와 삼성전자 반도체의 양호한 실적 발표 및 전망, 전월 대비 0.3% 감소에 그치며 양호했던 3월 국내 산업생산이 코스피 상승을 견인했다""고 분석했다. 서울외환시장에서 달러/원 환율은 전일대비 7.0원 내린 1218.2원으로 장을 마쳤다.jung9079@news1.kr© 뉴스1코리아(), 무단 전재 및 재배포 금지",/news/news_read.nhn?article_id=0004614020&office_id=421&mode=search&query=LG생활건강&page=1
코로나19 팬데믹 선언 이후 처음으로 1950선 돌파하기도,"[아시아경제 이민우 기자] 연휴를 앞두고 코스피 지수가 1940선으로 사흘째 상승마감했다. 외국인과 기관의 매수세가 주효했던 것으로 보인다.29일 코스피는 전날보다 0.70%(13.47포인트) 오른 1947.56에 장을 마쳤다. 이날 전장 대비 0.48% 상승한 1943.34로 시작한 뒤 오름세를 이어갔다. 오전 10시30분께에는 1957.51까지 올랐었다. 코스피가 1950선으로 올라선 것은 지난달 11일 세계보건기구(WHO)가 신종 코로나바이러스감염증(코로나19)에 대해 팬데믹(세계적 대유행)을 선언한 이후 처음이다.유가증권시장에서는 외국인과 기관의 매수세가 강세를 보였다. 외국인은 2337억원, 기관은 2503억원을 순매수한 반면 개인은 4835억원을 순매도했다.대부분의 업종이 상승했다. 증권업의 상승폭이 6.08%로 가장 컸다. 이어 종이·목재(4.35%), 철강·금속(2.90%), 은행(2.28%) 등의 순서였다. 반면 섬유·의복(-1.02%), 보험(-0.37%), 의약품(-0.30%) 등 세 업종은 떨어졌다.시가총액 상위 10위 종목도 대부분 올랐다. LG화학의 상승률이 3.8%로 가장 컸다. 이어 삼성물산(3.4%), 삼성SDI(2.3%), LG생활건강(1.0%) 등의 순이었다. 반면 삼성바이오로직스(-1.1%), 삼성전자(-0.2%), NAVER(-0.2%) 등은 떨어졌다.코스닥은 전일보다 0.04%(0.25 포인트) 오른 645.18에 마감했다. 개인이 610억원을 순매수한 반면 외국인과 기관은 각각 220억원과 383억원을 순매도했다.업종별로는 종이·목재(1.92%), 비금속(1.79%), 반도체(1.49%), 금융(1.48%) 등이 올랐다. 반면 컴퓨터서비스(-2.31%), 인터넸(-2.02%), 소프트웨어(-1.49%) 등은 떨어졌다.코스피와 반대로 시총 상위10위 종목들 대부분이 하락했다. 펄어비스의 하락폭이 3.3%로 가장 컸다. 이어 휴젤(-1.2%), 셀트리온제약(-1.1%), SK머티리얼즈(-0.6%) 등의 순이었다. 반면 CJ ENM과 씨젠은 각각 2.8%, 0.1%씩 올랐다.이민우 기자 letzwin@asiae.co.kr <ⓒ경제를 보는 눈, 세계를 보는 창 아시아경제 무단전재 배포금지>",/news/news_read.nhn?article_id=0004670510&office_id=277&mode=search&query=LG생활건강&page=1
,"손희연 기자 son90@mt.co.kr
<저작권자 ⓒ '성공을 꿈꾸는 사람들의 경제 뉴스' 머니S, 무단전재 및 재배포 금지>",/news/news_read.nhn?article_id=0000537362&office_id=417&mode=search&query=LG생활건강&page=1
,"외국인 2천억원 순매수 전환

(서울=연합뉴스) 김기훈 기자 = 코스피가 29일 사흘째 상승 마감하며 1,940선을 회복했다.

이날 코스피는 전 거래일보다 13.47포인트(0.70%) 오른 1,947.56에 거래를 마쳤다.

지수는 전장보다 2.80포인트(0.14%) 오른 1,936.89에서 출발해 장중 1,950선을 넘는 등 강세 흐름을 유지했다.

유가증권시장에서는 외국인과 기관이 2천330억원, 2천500억원을 순매수하며 지수 상승을 이끌었다.

특히 '팔자' 행진을 이어온 외국인 투자자의 매매 패턴 변화 조짐이 눈길을 끈다.

 앞서 외국인은 30거래일 순매도 행진을 벌이다 이달 17일 순매수로 전환한 바 있다. 이어 5거래일 순매도를 이어가다 이달 27일 순매수를 기록했다. 이튿날인 28일은 순매도를 기록했으나 이날 또 순매수로 돌아섰다.

반면 전날까지 대체로 순매수 기조를 이어온 개인은 이날 4천830억원어치를 순매도했다. 연휴 기간의 불확실성에 대비해 차익성 매물을 내놓은 것으로 분석된다.

서상영 키움증권 연구원은 ""중국 양회(兩會·전국인민대표대회와 전국인민정치협상회의) 개최 소식이 전해지며 한국 증시는 철강·건설 등 인프라 관련 종목이 상승을 주도했다""며 ""국제 유가가 급등한 점도 상승요인으로 작용했으나 연휴를 앞두고 불확실성이 높아 지수 상승 폭은 제한됐다""고 분석했다.

시가총액 상위 종목 가운데 SK하이닉스(0.36%), 셀트리온(0.72%), LG화학(3.86%), LG생활건강(1.09%), 삼성물산(3.41%), 현대차(0.43%), 삼성SDI(2.33%) 등이 올랐다.

삼성전자(-0.20%), 삼성바이오로직스(-1.19%), 네이버(-0.25%) 등은 내렸다.

업종별로는 증권(6.08%), 종이·목재(4.35%), 철강·금속(2.90%) 등이 강세였고 섬유·의복(-1.02%), 보험(-0.37%) 등이 약세였다.

주가가 오른 종목은 571개, 내린 종목은 272개였다. 보합은 53개 종목이었다.

프로그램 매매는 차익거래는 매도 우위, 비차익거래는 매수 우위로 전체적으로는 1천681억원의 순매수로 집계됐다.

유가증권시장의 거래량은 19억3천655만주, 거래대금은 10조3천674억원이었다.

코스닥지수는 전장보다 0.25포인트(0.04%) 오른 645.18로 마감했다.

지수는 전장보다 1.40포인트(0.22%) 오른 646.33으로 개장해 등락을 640대에서 등락을 반복하다 막판에 강보합 마감했다.

코스닥시장에서는 개인이 608억원을 순매수했다. 외국인과 기관은 각각 223억원, 381억원을 순매도했다.

시총 상위주 중에는 셀트리온헬스케어(-0.12%), 에이치엘비(-0.41%), 셀트리온제약(-1.12%), 펄어비스(-3.37%), 케이엠더블유(-0.49%), 스튜디오드래곤(-0.26%), SK머티리얼즈(-0.69%), 휴젤(-1.26%) 등은 내렸다.

CJ ENM(2.81%), 씨젠(0.11%) 등은 올랐다.

코스닥시장의 거래량은 16억4천878만주, 거래대금은 7조8천539억원 수준이었다.

서울 외환시장에서 원/달러 환율은 전날보다 달러당 7.0원 내린 1,218.2원에 마감했다.

kihun@yna.co.kr",/news/news_read.nhn?article_id=0011580306&office_id=001&mode=search&query=LG생활건강&page=1
,"코스피가 오늘(29일) 사흘째 상승 마감하며 1,940선을 회복했습니다.이날 코스피는 전 거래일보다 13.47포인트(0.70%) 오른 1,947.56에 거래를 마쳤습니다.지수는 전장보다 2.80포인트(0.14%) 오른 1,936.89에서 출발해 장중 1,950선을 넘는 등 강세 흐름을 유지했습니다.유가증권시장에서는 외국인과 기관이 2천330억원, 2천500억원을 순매수하며 지수 상승을 이끌었습니다.특히 '팔자' 행진을 이어온 외국인 투자자의 매매 패턴 변화 조짐이 눈길을 끕니다.앞서 외국인은 30거래일 순매도 행진을 벌이다 이달 17일 순매수로 전환한 바 있습니다. 이어 5거래일 순매도를 이어가다 이달 27일 순매수를 기록했습니다. 이튿날인 28일은 순매도를 기록했으나 이날 또 순매수로 돌아섰습니다.반면 전날까지 대체로 순매수 기조를 이어온 개인은 이날 4천830억원어치를 순매도했습니다. 연휴 기간의 불확실성에 대비해 차익성 매물을 내놓은 것으로 분석됩니다.서상영 키움증권 연구원은 ""중국 양회(兩會·전국인민대표대회와 전국인민정치협상회의) 개최 소식이 전해지며 한국 증시는 철강·건설 등 인프라 관련 종목이 상승을 주도했다""며 ""국제 유가가 급등한 점도 상승요인으로 작용했으나 연휴를 앞두고 불확실성이 높아 지수 상승 폭은 제한됐다""고 분석했습니다.시가총액 상위 종목 가운데 SK하이닉스(0.36%), 셀트리온(0.72%), LG화학(3.86%), LG생활건강(1.09%), 삼성물산(3.41%), 현대차(0.43%), 삼성SDI(2.33%) 등이 올랐습니다.삼성전자(-0.20%), 삼성바이오로직스(-1.19%), 네이버(-0.25%) 등은 내렸습니다.업종별로는 증권(6.08%), 종이·목재(4.35%), 철강·금속(2.90%) 등이 강세였고 섬유·의복(-1.02%), 보험(-0.37%) 등이 약세였습니다.주가가 오른 종목은 571개, 내린 종목은 272개였습니다. 보합은 53개 종목이었습니다.프로그램 매매는 차익거래는 매도 우위, 비차익거래는 매수 우위로 전체적으로는 1천681억원의 순매수로 집계됐습니다.유가증권시장의 거래량은 19억3천655만주, 거래대금은 10조3천674억원이었습니다.코스닥지수는 전장보다 0.25포인트(0.04%) 오른 645.18로 마감했습니다.지수는 전장보다 1.40포인트(0.22%) 오른 646.33으로 개장해 등락을 640대에서 등락을 반복하다 막판에 강보합 마감했습니다.코스닥시장에서는 개인이 608억원을 순매수했습니다. 외국인과 기관은 각각 223억원, 381억원을 순매도했습니다.시총 상위주 중에는 셀트리온헬스케어(-0.12%), 에이치엘비(-0.41%), 셀트리온제약(-1.12%), 펄어비스(-3.37%), 케이엠더블유(-0.49%), 스튜디오드래곤(-0.26%), SK머티리얼즈(-0.69%), 휴젤(-1.26%) 등은 내렸습니다.CJ ENM(2.81%), 씨젠(0.11%) 등은 올랐습니다.코스닥시장의 거래량은 16억4천878만주, 거래대금은 7조8천539억원 수준이었습니다.서울 외환시장에서 원/달러 환율은 전날보다 달러당 7.0원 내린 1,218.2원에 마감했습니다.[MBN 온라인뉴스팀]< Copyright ⓒ MBN(www.mbn.co.kr) 무단전재 및 재배포 금지 >",/news/news_read.nhn?article_id=0001449801&office_id=057&mode=search&query=LG생활건강&page=1
코스피 강보합세…0.70% 오른 1947.56 마감,"[더팩트ㅣ박경현 기자] 코스피가 미국 증시하락 마감에도 종일 상승세를 유지했다. 코스피는 강보합세를 유지하다 장중 한때 1950선을 회복했다.29일 코스피는 전일 대비 13.47포인트(+0.70%)오른 1947.56에 장을 마쳤다. 이날 개인은 홀로 4830억 원을 순매도한 반면 외국인과 기관은 각각 2337억 원, 2500억 원을 사들였다.시가총액 상위종목 등락은 엇갈렸다. 삼성전자(-0.20%), 삼성바이오로직스(-1.19%), 삼성전자우(-0.35%), 네이버(-0.25%)는 내린 반면 SK하이닉스(+0.36%), 셀트리온(+0.72%), LG화학(+3.86%), LG생활건강(+1.09%), 삼성물산(+3.41%), 현대차(+0.43%)는 오름세로 장을 마쳤다.이날 업종은 전문소매(+8.75%)를 필두로 증권, 카드, 부동산, 철강 등이 4~6%가량 올랐다. 반면 건강관리기술, 건강관리업체 및 서비스, 독립전력생산 및 에너지거래가 4%가량 내렸다.코스닥은 급등 출발했지만 종일 혼조세를 겪다 보합권에 마감했다. 코스닥은 전일대비 0.25포인트(+0.04%) 오른 645.18에 장을 마쳤다.코스닥에서는 개인 홀로 매수포지션을 유지했다. 이날 개인은 608억 원을 사들인 반면 외국인과 기관이 각각 220억 원, 381억 원을 팔아치웠다.이날 코스닥 시가총액 상위종목 주가는 대부분 내렸다. 셀트리온헬스케어(-0.12%), 에이치엘비(-0.41%), 셀트리온제약(-1.12%), 케이엠더블유(-0.49%), 스튜디오드래곤(-0.26%), SK머티리얼즈(-0.69%), 휴젤(-1.26%)은 내린 반면 CJ ENM(+2.81%), 씨젠(+0.11%)은 올랐다.pkh@tf.co.kr저작권자 ⓒ 특종에 강한 더팩트 & tf.co.kr 무단 전재 및 재배포 금지",/news/news_read.nhn?article_id=0000024464&office_id=629&mode=search&query=LG생활건강&page=1
,"코스피가 외국인과 기관의 동반 매수세에 1950선에 바짝 다가섰다.29일 코스피는 전 거래일대비 13.47포인트(0.70%) 상승한 1947.56을 기록했다.이날 유가증권시장에서는 외국인과 기관이 각각 2330억원, 2501억원을 순매수한 가운데 개인이 홀로 4829억원을 팔아치웠다.시가총액 상위 종목 가운데는 SK하이닉스(0.36%), 셀트리온(0.72%), LG화학(3.86%), LG생활건강(1.09%), 삼성물산(3.41%) 등이 상승세를 기록한 가운데 삼성전자(-0.20%), 삼성바이오로직스(-1.19%), 네이버(-0.25%) 등이 하락세를 기록했다.업종별로도 섬유의복(-1.02%)과 의약품(-0.30%)을 제외한 나머지 업종이 상승세로 거래를 마쳤다. 음식료품(0.42%), 종이목재(4.35%), 화학(1.51%), 비금속광물(0.79%), 철강금속(2.90%), 기계(0.71%) 등이 상승세를 기록했다.코스닥지수는 전 거래일대비 0.25포인트(0.04%) 상승한 645.18을 기록했다. 코스닥 시장에서도 개인이 홀로 607억원을 순매수한 가운데 개인과 외국인이 각각 223억원, 381억원을 동반 순매도했다.이날 서울 외환시장에서 원달러 환율은 전 거래일보다 7원(0.57%) 하락한 달러당 1218.20원에 거래를 마쳤다.노동길 NH투자증권 연구원은 ""중국 대규모 인프라 투자 가능성, 삼성전자 반도체 양호한 실적 발표 및 전망, 전월 대비 0.3% 감소에 그치며 양호했던 3월 국내 산업생산이 코스피 상승을 견인했다""고 말했다.데일리안 이미경 기자 (esit917@dailian.co.kr)ⓒ (주)데일리안 - 무단전재, 변형, 무단배포 금지",/news/news_read.nhn?article_id=0002399206&office_id=119&mode=search&query=LG생활건강&page=1
▶ 헉! 소리나는 [헉스] ▶ '너 그거 아니?' [두유노우]▶ 지금 파이낸셜뉴스 채널 구독하고 경품 GET!,"[파이낸셜뉴스] 코스피가 외국인과 기관 매수세에 1940선 위로 마감했다.
 29일 코스피는 전 거래일보다 13.47포인트(0.70%) 오른 1947.56에 거래를 마쳤다.
 지수는 전날보다 2.80포인트(0.14%) 오른 1936.89으로 출발해 장중 한때 1950선을 넘는 등 강세를 보였다.
 유가증권시장에서는 외국인과 기관이 2349억원, 2498억원을 순매수했고 개인 홀로 4839억원 순매도했다.
 업종별로 보면 증권(6.08%)과 종이·목재(4.35%), 철강·금속(2.90%) 등이 강세로, 섬유·의복(-1.02%), 보험(-0.37%), 의약품(-0.3%) 등은 약세로 마감했다.
 시가총액 상위 10개 종목 가운데 SK하이닉스(0.36%)와 셀트리온(0.72%), LG화학(3.86%), LG생활건강(1.09%), 삼성물산(3.41%), 현대차(0.43%), 삼성SDI(2.33%) 등이 올랐고 삼성전자(-0.20%), 삼성바이오로직스(-1.19%), 네이버(-0.25%) 등은 내렸다.
 코스닥지수는 전 거래일보다 0.25포인트(0.04%) 오른 645.18로 마감했다. 지수는 전날보다 1.40포인트(0.22%) 오른 646.33으로 출발해 등락을 반복하다 막판 강보합으로 장을 마쳤다.
 코스닥시장에서는 개인이 607억원을 순매수한 반면 외국인과 기관은 각각 220억원, 381억원을 순매도했다.



 ※ 저작권자 ⓒ 파이낸셜뉴스. 무단 전재-재배포 금지",/news/news_read.nhn?article_id=0004416992&office_id=014&mode=search&query=LG생활건강&page=1
,"[서울경제] 코스피 지수는 외국인과 기관의 대규모 매수세에 강세를 보였다.29일 코스피 지수는 13.47포인트(0.70%) 오른 1,947.56에 장을 마감했다. 이날 코스피 지수는 전 거래일 대비 2.80포인트(0.14%) 오른 1,936.89로 출발해 장중 1,950선을 회복하기도 했다.유가증권시장에서는 외국인과 기관이 각각 2,342억원과 2,397억원을 순매수했다. 외국인은 2거래일 만에 매수세를 보였다. 한편 연기금은 이날 1,432억원어치를 사들이며 3일 연속 순매수를 이어갔다. 연휴를 앞둔 개인투자자는 4,838억원을 팔아 수익 실현에 나선 것으로 풀이된다. 노동길 NH투자증권 연구원은 “외국인은 비차익 프로그램을 통해 1,000억원 이상을 순매수했다”며 “중국의 대규모 인프라 투자 가능성과 삼성전자 반도체의 양호한 실적 발표 및 전망, 전월 대비 0.3% 감소에 그치며 양호했던 3월 국내 산업생산이 코스피의 상승을 견인했다”고 설명했다.시가총액 상위 종목은 대부분 상승 마감했다. SK하이닉스(0.36%), 셀트리온(0.72%), LG화학(3.86%), LG생활건강(1.09%), 삼성물산(3.41%) 등이 올랐다. 반면 삼성전자(-0.20%), 삼성바이오로직스(-1.19%), 네이버(-0.25%), SK텔레콤(-0.70%)은 전 거래일 대비 하락했다.이날 코스닥 지수는 전 거래일보다 0.25포인트(0.04%) 오른 645.18에 거래를 마쳤다. 이날 코스닥 지수는 전 거래일 대비 1.40포인트(0.22%) 오른 646.33으로 출발해 소폭의 등락을 거듭했다. 코스닥 시장에서는 개인이 607억원을 순매수했고, 외국인과 기관은 각각 223억원과 381억원을 순매도했다.시가총액 상위 종목 중에서는 CJ ENM(2.81%)과 씨젠(0.11%)을 제외한 나머지 종목들이 대부분 하락 마감했다./신한나기자 hanna@sedaily.com저작권자 ⓒ 서울경제, 무단 전재 및 재배포 금지",/news/news_read.nhn?article_id=0003731646&office_id=011&mode=search&query=LG생활건강&page=1
"LG그룹, 대출 규모 확대 및 스마트 팩토리 구축 등 폭넓은 지원 나서","[더팩트│최수진 기자] 신종 코로나바이러스 감염증(코로나19) 사태가 확산되는 가운데 LG가 협력사와의 상생에 박차를 가한다. 금융 지원뿐 아니라 제조 경쟁력과 생산성을 높이기 위한 스마트 팩토리 구축 등 폭넓은 지원에 나섰다.LG전자는 지난 2018년부터 국내외 협력사가 생산라인을 자동화하고 정보화 시스템을 구축할 수 있도록 지원해 왔다.올해는 2차 협력사까지 지원 대상을 확대해 약 100개 협력사에 인공지능, 빅데이터 등을 활용해 스마트 팩토리 솔루션과 자동화 시스템을 구축하는데 지원한다. 생산기술 전문가를 협력사에 파견해 노하우를 전수하고, 협력사 직원을 위해 신설한 로봇 자동화 교육과정을 통해 로봇 조작과 운영, 생산라인 적용사례 학습 등 맞춤형 실습교육을 제공한다.LG전자는 자금 운영에 어려움을 겪는 협력사들이 안정적으로 운영될 수 있도록 협력사 대상 무이자 대출 규모를 당초 400억 원에서 550억 원으로 확대했으며, 자금 지원 일정도 4개월을 앞당겨 협력사가 설비 투자, 부품 개발 등을 차질 없이 이어가며 경영 안정성을 높일 수 있도록 했다. 저금리 대출을 위한 2000억 원 규모의 상생협력 펀드도 운영하고 있다.또 코로나19 영향으로 해외에 있는 협력사가 국내로 돌아오거나 국내 생산을 확대할 경우 생산성 향상을 위해 컨설팅, 무이자 자금 등을 지원하고 구매 물량을 보장하기로 했다. 지금까지 국내외 협력사에 마스크 12만 장과 손세정제 등을 전달하며 협력사가 긴박하게 필요로 하는 분야에 신속하게 지원을 이어가고 있다.LG화학은 코로나 확산 장기화로 자금난을 겪고 있는 협력사를 대상으로 1000억 원 규모의 상생 펀드 및 혁신성장 펀드 등 금융지원을 조기 집행한다. 코로나 이슈로 긴급하게 자금이 필요한 협력업체들에 심사를 최대한 간소화하는 등 상반기 중 금융지원이 이뤄질 수 있도록 조치할 계획이다.공익성 및 지속가능성이 높은 친환경 분야 사회적 창업·벤처기업을 발굴하고 성장을 돕기 위해 LG전자와 함께 'LG소셜캠퍼스'도 운영 중이다. 특히 여러 친환경 분야의 사회적 창업·벤처기업들이 성장기반을 다질 수 있도록 자금지원, 무이자 대출, 사무공간 대여, 인재육성 등의 프로그램을 운영하고 있다. 2011년 시작 이래 9년간 150여 개 기업에 총 140억 원을 지원하고 있다.LG생활건강은 코로나19 확산으로 운영에 어려움을 겪는 지역사회와 협력사, 가맹점 등을 돕기 위해 전방위 지원에 나섰다. 화장품 가맹점 500여 곳의 한 달 치 월세의 50%를 본사에서 지원했다. 지원 대상은 LG생활건강이 운영 중인 화장품 가맹점인 전국 네이처컬렉션, 더페이스샵 매장 등 약 500곳이다.LG생활건강은 협력사에 대한 운영 자금도 지원한다. 자금난을 겪고 있는 방문판매화장품대리점, 생활용품대리점, 음료대리점 등 전국 대리점의 직원 인건비도 일부 지원한다.LG이노텍은 코로나19로 어려움을 겪는 중소 협력사들을 위해 총 1500억 원 규모의 상생 금융 지원에 나섰다. 먼저 협력회사 자금 지원을 위해 운용중인 630억 원 규모의 동반성장펀드를 협력사들이 긴급히 활용할 수 있도록 4월부터 조기 집행하고, 거래규모, 신용도 등의 심사 기준 완화, 자금 지급 절차 간소화할 예정이다.이와 함께 4월부터 2개월간 협력사에 약 850억 원 규모의 납품 대금과 금형비도 조기 지급한다. 협력사들은 비용 마감 후 5일 이내 납품 대금을 현금으로 받을 수 있게 돼 현금 흐름 개선에 도움이 될 전망이다.상생 금융 지원 외에 협력사의 경쟁력 제고를 위해 기술, 경영, 교육 분야 지원도 지속해 나갈 방침으로 협력사와 생산·기술 혁신과제를 함께 추진하고 경영컨설팅, 온·오프라인 교육을 무상 지원한다.LG유플러스는 코로나19로 어려움을 겪고 있는 중소 협력회사와 소상공인 등을 위해 850억 원 규모의 상생 지원책을 마련해 긴급 시행하고 있다. 먼저 협력회사 자금 지원을 위해 운용중인 동반성장펀드를 기존보다 250억 원을 늘린 750억 원으로 확대했다. 또 자금난을 겪는 중소 협력사에는 최대 500억 원 규모로 납품 대금 조기 지급 결제를 시행하고, 중소 협력사를 통한 모든 구매 및 공사대금 정산도 월 4회로 늘려 진행하고 있다.아울러 5000만 원 이상 계약 체결 시 필수 요건이었던 보증보험 발행의 면제 대상 범위를 확대해 중소 협력사의 보험 발행 비용 부담도 줄여주고 있다. 기존 협력사 외에 추가로 350여 개 중소 협력사가 혜택을 받을 것으로 전망된다.이와 함께 소규모 자영업자 지원을 위한 골목상권 상생 프로젝트인 'U+로드' 확대 및 전국 대리점 운영자금 지원 등에도 약 100억 원 규모를 투입한다. U+로드는 LG유플러스 모바일 고객들에게 최대 50% 할인, 1+1 혜택, 경품 이벤트 등을 제공하는 제휴 프로그램으로, LG유플러스는 코로나19로 내방 고객이 감소해 어려움을 겪는 전통시장과 구시가지 상권 등을 중심으로 이 프로그램을 대폭 확대해 나갈 계획이다.또 코로나19 확산이 한창이던 2월 말 대구·경북 지역 비롯해 전국 2천 개 대리점 매장에 지원한 운영자금을 25억 원에서 34억 원으로 늘리고, 14억 원 상당의 마스크 세정제 등 방역 물품도 지원하고 있다. 아울러 오프라인 채널의 판매 감소로 경영에 어려움을 겪고 있는 알뜰폰 사업자들을 위해서도 미니공청기, 무선충전기, 손세정제 등 온라인 판촉물을 지원하고 있다.jinny0618@tf.co.kr저작권자 ⓒ 특종에 강한 더팩트 & tf.co.kr 무단 전재 및 재배포 금지",/news/news_read.nhn?article_id=0000024468&office_id=629&mode=search&query=LG생활건강&page=1
"외국인, LG화학 최대매수…796억 원 샀다","[더팩트ㅣ박경현 기자] 29일 코스피는 외인과 기관의 매수물량 유입으로 강보합 마감했다. 개인은 홀로 4830억 원을 팔아치운 반면 외국인과 기관이 매도물량을 받아 각각 2337억 원, 2500억 원을 사들였다. 이에 코스피지수는 사흘 연속 오르며 장중 한때 1950선을 회복했다.이날 외국인투자자의 코스피시장 최대 매수는 LG화학으로 향했다. 외인은 LG화학에 796억 원을 사들이고 이어 삼성전기에 350억 원, 삼성SDI에 236억 원, 네이버(NAVER)에 192억 원, 호텔신라 182억 원 순으로 사들였다.반면 삼성생명 140억 원, 삼성전자우 95억 원, 한국전력 80억 원, 아모레퍼시픽 75억 원 순으로 팔아치웠다.코스닥시장에서는 NHN한국사이버결제(92억 원), 안랩(43억 원), 네이처셀(33억 원)을 사들이고, 메디톡스(84억 원), 파라다이스(35억 원), 셀트리온헬스케어(28억 원)는 매도했다.이날 기관투자자는 SK하이닉스 638억 원가량을 사들였다. 이어 삼성전자 204억 원, 호텔신라 186억 원, 신한지주 172억 원을 매수했다.반면 네이버(NAVER)는 200억 원가량 팔아치웠다. 또 카카오 188억 원, 롯데지주 152억 원, LG이노텍 105억 원을 순매도했다.시가총액 상위종목 등락은 엇갈렸다. 삼성전자(-0.20%), 삼성바이오로직스(-1.19%), 삼성전자우(-0.35%), 네이버(-0.25%)는 내린 반면 SK하이닉스(+0.36%), 셀트리온(+0.72%), LG화학(+3.86%), LG생활건강(+1.09%), 삼성물산(+3.41%), 현대차(+0.43%)는 오름세로 장을 마감했다.pkh@tf.co.kr저작권자 ⓒ 특종에 강한 더팩트 & tf.co.kr 무단 전재 및 재배포 금지",/news/news_read.nhn?article_id=0000024473&office_id=629&mode=search&query=LG생활건강&page=1
"1분기 영업익 -67% 아모레퍼시픽기관, 이틀간 116억원 순매수연초 20만원대 주가 10만원대로""실적 바닥 통과"" 주가 상승에 기대","LG생활건강이 1·4분기 사상 최대 실적을 내면서 화장품업계 경쟁사 아모레퍼시픽에 '판정승'을 거뒀으나 기관투자자들의 수급은 정반대의 행보를 보였다. LG생활건강이 코로나19 국면에서도 안정적인 주가 흐름을 보인 반면, 매출 하락이 예견돼 급락세를 나타냈던 아모레퍼시픽의 경우 '지금이 바닥'이라는 심리가 깔린 것으로 판단된다.
 29일 한국거래소에 따르면 이날 LG생활건강의 주가는 전 거래일 대비 1.09% 오른 138만6000원, 아모레퍼시픽은 0.57% 상승한 17만7000원에 각각 장을 마감했다.
 코로나19 사태로 화장품업계가 직격탄을 맞은 가운데 LG생활건강은 1·4분기 기준 역대 최대 실적을 갈아치웠다. 영업이익은 전년동기 대비 3.6% 오른 3337억원으로 '왕좌'를 지켰다. 이와 달리 아모레퍼시픽은 67% 감소한 609억원에 그쳐 체면을 구겼다.
 양사의 희비교차는 주가에 그대로 반영됐다. LG생활건강의 주가는 국내에서 첫 코로나19 확진자가 발생한 지난 1월 20일(138만7000원) 당시 수준을 회복했다. 지난 23일에는 장중 144만4000원으로 52주 최고가(144만6000원)에 근접했다.
 그러나 20만원을 넘나들던 아모레퍼시픽의 주가는 같은 기간 22만5000원에서 10만원대 중후반으로 곤두박질쳤다.
 상반된 성적표를 보인 배경에는 해외 실적이 있다. LG생활건강은 코로나19 여파에도 해외시장에서 전년과 별 차이가 없는 영업이익을 실현했다. 반면, 아모레퍼시픽은 중국 현지 매출액이 30% 이상 감소하는 등 1·4분기 해외에서만 324억원의 적자가 발생했다. 여기에 '알짜' 사업군으로 꼽히는 국내 면세점 매출액도 전년 대비 30%가량 감소했다.
 하지만 기관의 '러브콜'은 LG생활건강이 아닌, 아모레퍼시픽으로 향하고 있다. 기관은 두 회사가 실적을 발표한 지난 28일부터 이날까지 LG생활건강 주식 7800만원어치를 팔아치웠으나 아모레퍼시픽은 116억원어치를 사들였다. 호실적이 예상돼 이미 연초 수준의 주가를 회복한 LG생활건강과는 달리, 주가 하락 폭이 큰 아모레퍼시픽은 코로나19 사태가 잠잠해길 경우 추가 상승을 기대해볼 만하다고 판단한 것으로 풀이된다.
 정혜진 현대차증권 연구원은 ""아모레퍼시픽의 경우 코로나19 사태로 실적이 악화된 상황에서 '실적이 바닥을 통과했다'는 분석이 나온다""며 ""추가적인 상승여력이 있다는 기대감에 따라 매수에 나선 것으로 보인다""고 말했다.


 ※ 저작권자 ⓒ 파이낸셜뉴스. 무단 전재-재배포 금지",/news/news_read.nhn?article_id=0004417072&office_id=014&mode=search&query=LG생활건강&page=1
▶ 헉! 소리나는 [헉스] ▶ '너 그거 아니?' [두유노우]▶ 지금 파이낸셜뉴스 채널 구독하고 경품 GET!,"LG생활건강이 왕실의 아름다운 궁중예술로 전세계 국빈들에게 궁중의 미(美)를 전파하고 있는 '후'의 시그니처 작품 '환유 국빈세트'를 선보인다.
 서울시 무형문화재 제36호 입사장 최교준 장인과의 고귀한 예술적 조우를 통해 선보인 '환유 국빈세트'는 가느다란 실처럼 뽑아낸 금실과 은실을 금속 표면에 9만번 이상의 두드림질로 새겨 넣어 상서롭고, 고귀한 봉황의 모습을 마치 수를 놓은 듯 정교하고 아름답게 표현한 것이 특징이다. 시간이 지나도 변치 않는다는 최고급 목재 중 하나인 '흑단목'을 전통 짜맞춤 방식으로 제작해 견고한 함 형태로 완성했으며, 아름다운 피부로 완성하는 고품격 '환유' 라인의 세 가지 제품인 환유고, 환유진액, 환유동안고가 담겨 있다.

 ※ 저작권자 ⓒ 파이낸셜뉴스. 무단 전재-재배포 금지",/news/news_read.nhn?article_id=0004417131&office_id=014&mode=search&query=LG생활건강&page=1
소비패턴 변화 비대면 소비↑ 개인위생 관심·인테리어 특수,"코로나19 확산으로 국내 산업 전반이 침체에 빠진 가운데 소비패턴 변화로 수혜를 본 기업들도 나오고 있다. 생활용품과 홈인테리어 전문업체가 대표적으로, 이들 업체는 올해 1분기 두드러진 실적으로 다른 업계의 부러움을 사고 있다.29일 관련 업계에 따르면 생활용품에선 LG생활건강이 역대 최대 실적을 갈아치우며 주목을 받고 있다. 성장률은 매출 1.2%, 영업이익 3.6%로 크지 않았지만, 업계 안팎에선 이 정도면 선방한 수준을 넘어 성공적이라는 평가까지 나온다.생활용품 사업 매출(4793억 원)과 영업이익(653억 원)이 각각 19.4%, 50.7%의 높은 성장률을 기록하면서 전사 실적을 견인했다.코로나19로 개인위생에 대한 관심이 높아지면서 손 소독제, 손 세정제 등 위생용품에 대한 수요가 급증했기 때문이다. 생활용품은 화장품과 달리 온라인 판매 비중이 커 코로나19에 따른 비대면 소비의 수혜도 봤다.올해 초 위생용품을 출시하며 포트폴리오 다변화에 나선 애경산업도 실적에 대한 기대감이 커지고 있다. 실제 애경산업이 1월 말 출시한 위생용품 브랜드 ‘랩신’의 손 소독제와 손 소독티슈는 코로나19 국내 확산 기점인 설 연휴를 전후해 일평균 매출이 각각 25배, 37배 급증했다.재택근무로 집에 머무는 시간이 길어지며 홈인테리어에 대한 관심도 증가하면서 인테리어업체도 특수를 맞았다. 한샘은 올해 1분기 매출이 4935억 원으로 전년 동기 대비 11.5% 늘었다. 현대리바트도 언택트 소비와 재택근무가 가구 부문의 온라인 매출 증가로 이어지는 소비 패턴의 변화로 올해 1분기 온라인 사업부 매출이 전년 대비 25.8% 증가할 것으로 예상된다. 박지훈 기자 lionking@",/news/news_read.nhn?article_id=0000999528&office_id=082&mode=search&query=LG생활건강&page=1
