head,text,url
,"[서울경제] <유가 증권> ▲=이종오 사외이사 중도퇴임 ▲=자회사 클락이큅먼트 소형 건설기계 및 포터블 파워 부문 4월6일부터 일시 생산중단 ▲=양홍석 사장 보통주 2만주 장내매수 및 양정원 보통주 1만주 장내매수 ▲=계열사 인터플렉스 주식 258만9,246주 테라닉스에 229억원에 시간외 대량매매로 처분 ▲=상환전환우선주 300만주 보통주로 전환 예정 ▲=남영비비안의 100억원 규모 제2회차 무보증 사모전환사채 취득 결정 ▲=45억원 규모 제9회차 무기명식 이권부 무보증 사모전환사채 발행 결정 ▲=자회사 SK Hynix Semiconductor(China)에 3,299억원 금전대여 결정 ▲=대구 해링턴플레이스 감삼 아파트 및 오피스텔 수분양계약자 대상 255억원 채무보증 결정 ▲=엘비전문투자형27호사모부동산투자회사와 6,000억원 규모 성수동 아크로 서울 포레스트 부동산 매매계약 체결 ▲=대구 해링턴플레이스 감삼 아파트 및 오피스텔 수분양계약자 대상 255억원 규모 채무보증 결정 ▲=청주 테크노폴리스 산업단지 내 화장품 공장 투자금액 2,749억원으로 증액 ▲=전직 임원 횡령혐의 발생에 따라 상장적격성 실질심사 사유 추가 및 회생절차 신청 ▲=제50회 무보증 사모전환사채 전환가액 2,000원에서 1,400원으로 조정 ▲=특수관계인 이승현씨가 보통주 5만주 장내 매수해 보유 주식 43만5,000주로 증가 ▲=기타비상무이사 및 감사위원회 위원 선임 관련 임시주주총회 개최<코스닥>▲한국코퍼레이션=보유 한국테크놀로지 주식 421만4,099주 42억원에 처분 결정▲=KDB산업은행과의 자기주식취득 신탁계약 2021년 4월2일까지 연장 ▲=운영자금 10억원 조달 목적으로 199만8,000주 제3자배정 유상증자 ▲=본점소재지 서울 금천구 가산디지털1로 19 대륭테크노타운 18차 19층으로 변경 ▲=박병언 사외이사 신규 선임 ▲=기판지지유닛 및 이를 구비한 기판처리장치 특허 취득 ▲=제2회차 무기명식 이권부 무보증 사모전환사채 만기전 취득 ▲=제6회차 무기명식 이권부 무보증 사모전환사채 20억5,000만원 취득 후 재매각 ▲=만기 전 취득한 제11회차 전환사채 일부 재매각 ▲=노광 사외이사 중도퇴임 ▲=회생절차 개시신청 ▲=감사의견 비적정설 사실 여부 관련 조회공시 요구 ▲=장우혁 대표이사 신규 선임 ▲=대신증권과 20억원 규모 자기주식취득 신탁계약 체결 ▲=364억원 규모 2차전지 조립공정 제조설비 공급계약 체결 ▲=상여금 지급 목적으로 자기주식 5,800주 861만원에 처분 결정 ▲=혈액암 치료제 특허 취득 ▲일진파워=한국남부발전과 213억원 규모 2019~2020년 하동화력 보일러설비 경상정비공사 계약 체결 ▲=이에스에스콤으로부터 피소된 주식인도 소송 관련 원고 청구 전부 기각 판결 ▲=제18회차 무기명식 무보증 담보부 사모 전환사채 전환가액 2,545원에서 1,710원으로 조정 ▲=제10회차 무기명식 이권부 무보증 사모 전환사채 전환가액 4,039원에서 2,101원으로 조정 /심우일기자 vita@sedaily.com저작권자 ⓒ 서울경제, 무단 전재 및 재배포 금지",/news/news_read.nhn?article_id=0003719059&office_id=011&mode=search&query=LG생활건강&page=2
■ 경제와이드 모닝벨 '증시 브리핑' - 정다인,"글로벌 증시 브리핑입니다.코로나19가 전 세계 증시를 압박하고 있는 것은 사실입니다.하지만 오일시장이 안정을 찾을 것으로 보이면서 전 세계적으로 투자심리가 조금 살아났습니다.도널드 트럼프 미국 대통령이 푸틴 러시아 대통령과 빈 살만 사우디 왕세자와 전화 통화를 한 후 양국이 많게는 하루 1천5백만 배럴 정도 감산에 나설 수 있다고 전했기 때문인데요.양국이 트럼프 대통령이 말한 만큼 감산에 나설지는 아직 알 수 없지만, 투자자들은 소식을 반겼고요.다우 지수 2.24% 올랐고, 전장에서 폭락했던 미 석유업계 주가는 오늘(3일) 장에서 올랐습니다.하지만 이미 파산보호를 신청한 화이팅 페트롤리움은 오늘 장에서도 하락세 이어갔습니다.이렇게 오늘 뉴욕증시도 상승 흐름을 보였는데요.장중에는 흔들리기도 했습니다.미국에서 실업보험 청구자 수가 다시 한번 폭증하면서 코로나19 경제 충격 공포에 사로잡혔기 때문인데요.지난주 실업보험 청구자 수가 6백만 명을 넘기면서 다시 역대 최고치를 기록했습니다.아직 수당을 청구하지 못한 신규 실업자들이 있기 때문에, 전문가들은 실업자가 많게는 9백만 명에 달할 수 있다고 봤습니다.
유럽증시도 국제유가상승에 오르긴 했지만 코로나19발 경제 충격을 여전히 안고 있어 상승률은 보합권에 그쳤습니다.하지만 업종별로 보자면 스톡스600에서 석유와 가스 업종은 전일대비 5% 이상 급등했습니다.아시아 주요 증시는 혼조세로 마감했습니다.니케이225 지수는 1% 넘게 빠지면서 1만 8천 선도 붕괴가 됐는데요.중화권 증시는 낙폭을 회복하고 상승권에서 마감했습니다.국내증시도 점점 상승폭을 확대하면서 코스피, 코스닥 모두 2% 오른 채 마감했습니다.장 초반 아시아 증시가 흔들렸던 건 미국에서 코로나19 상황이 악화되고 있었기 때문입니다.뉴욕증시가 급락했던 영향도 받았을 텐데요.다만, 아시아 증시 거래시간 동안 미 증시 선물이 오름세를 보이고 있었고, 사우디아라비아와 러시아의 유가 전쟁도 끝날 거란 기대감이 커지자 주요 지수가 상승 탄력을 받았습니다. 한편, 어제 일본 증시가 힘을 내지 못한 건, 일본 내에서 코로나19 확산세가 잡히지 않았기 때문으로 풀이됩니다.국내증시 자세하게 보시죠.어제 국내증시가 상승마감한 만큼, 시가 총액 상위 목록도 대부분 빨간불을 켰습니다.삼성전자는 4거래일만에, sk하이닉스는 3거래일만에 반등에 성공했고요.네이버는 6.4% 급등했습니다.셀트리온은 오는 7월 코로나19 치료제 임상 1상을 진행한다는 목표에 한 발 더 다가섰지만, 블록딜로 인한 하락분을 회복하지 못했고, lg생활건강은 6% 가까이 올랐습니다.셀트리온은 하락세를 이기지 못했지만, 셀트리온 헬스케어와 셀트리온 제약은 막판에 올랐고요.에이치엘비는 4거래일 연속 오름세입니다.씨젠은 약세 이어가고 있죠.코로나19 사태에 방콕 대장주로 불리는 스튜디오드래곤은 8만 1천8백 원에 종가 형성했습니다.코로나19에 수혜를 입었던 마스크 테마주입니다.코로나19 사태가 잦아들고, 마스크 수급이 안정을 찾아가자 최근에는 잠시 주춤했는데요.미국과 유럽에서 마스크 사용이 늘어날 것으로 보이고 국내에서도 바깥 활동을 하는 사람들이 늘어나면서 어제장에서 다시 강세 보였습니다.어제 두각을 나타낸 업종은 단연 석유와 가스 업종이었습니다.러시아 석유회사들이 이번 달부터 증산에 들어갈 계획이 없다는 소식을 전하고, 트럼프 대통령도 사우디와 러시아가 곧 휴전에 들어갈 수 있다고 밝히면서 WTI, 5월 물이 시간 외 거래에서 급등세를 보였는데요.석유와 가스 업종에도 그 기대감이 고스란히 담겼습니다.그럼 국제유가는 얼마에 거래됐을까요?보시다시피 폭등했습니다.곡물시장입니다.오늘은 혼조세 보였습니다.옥수수는 강세였지만 밀은 하락했습니다.장초반에는 안전자산 선호 현상에 원·달러 환율은 급등 출발했습니다.하지만 이내 미국 선물 지수가 상승하고 국제 유가가 급등하자 장중 상승분을 반납하면서 원·달러 환율은 달러당 1228원 30전에 거래 마쳤습니다.지금까지 글로벌증시 확인해봤습니다.



 ▶ ▶ 저작권자 SBS미디어넷 & SBS I&M 무단전재-재배포 금지",/news/news_read.nhn?article_id=0000208745&office_id=374&mode=search&query=LG생활건강&page=2
,"[아시아경제 이민지 기자] 코스피가 개인과 외국인의 매수세에 상승출발했다. 3일 오전 9시 6분 코스피는 전 장보다 0.57%(19.85포인트) 오른 1734.71에 장을 시작했다. 이날 코스피는 전 장보다 0.37%(6.31포인트)오른 1731.17에 개장했다.현재 시장에선 개인과 외국인이 각각 761억원, 334억원어치 주식을 사들이고 있다. 기관은 홀로 1208억원어치 주식을 팔았다.업종별로는 화학(1.74%), 기계(1.70%), 전기전자(1.37%), 비금속광물(1.19%) 순으로 상승폭이 컸다.시가총액 상위종목 중에선 삼성전자가 전 장보다 1.28% 오른 4만7400원을 가리키고 있다. 이외에도 SK하이닉스(0.38%), LG화학(2.92%), LG생활건강(0.18%), 삼성SDI(3%)가 올랐다.같은시각 코스닥지수는 전 장보다 0.75%(4.28포인트)오른 571.98에 장을 시작했다. 지수는 이날 전 장보다 0.63%(3.59포인트) 오른 571.29에 개장했다.시장에선 개인이 홀로 307억원어치 주식을 샀다. 외국인과 기관은 각각 219억원, 68억원어치 주식을 내놓았다.업종별로는 통신서비스(3.57%), 종이·목재(2.55%), 컴퓨터서비스(2.53%), 일반전기전자(1.89%) 순으로 상승폭이 컸다.시가총액 상위종목 중에선 셀트리온헬스케어(0.50%), 에이치엘비(1.87%), 씨젠(3.43%), 셀트리온제약(2.77%), CJ ENM(2.19%), 헬릭스미스(0.13%)가 올랐다.이민지 기자 ming@asiae.co.kr <ⓒ경제를 보는 눈, 세계를 보는 창 아시아경제 무단전재 배포금지>",/news/news_read.nhn?article_id=0004655083&office_id=277&mode=search&query=LG생활건강&page=2
"장초반 외인 매수 유입, 기관 홀로 매도","국제유가가 폭등하면서 미국 뉴욕증시가 상승 마감한 가운데 코스피 지수도 소폭 오름세를 보이고 있다.3일 오전 9시 20분 현재 코스피 지수는 전장대비 7.44포인트(0.43%) 상승한 1732.35를 기록중이다. 이날 장초반 외국인의 매수세가 유입중이다. 개인과 외국인이 각각 1502억원, 216억원을 순매수하고 있고, 기관이 1744억원을 팔고 있다.시가총액 상위종목별로 보면 대부분 상승세다. 삼성전자(1.50%)와 SK하이닉스(0.63%), 삼성바이오로직스(0.43%), 셀트리온(1.03%), LG화학(2.92%), 현대차(0.46%), LG생활건강(0.18%) 등은 상승세를 기록한 반면 네이버는 1.73% 하락세다.코스닥 지수는 전장대비 3.52포인트(0.62%) 오른 571.22에 거래중이다.전날 도널드 트럼프 미국 대통령이 사우디아라비아와 러시아가 최대 1500만 배럴 감산을 발표할 것이라고 트위터에 공개한 후 서부텍사스산원유(WTI) 5월물 가격은 전날보다 배럴당 24.67%(5.01달러) 폭등한 25.32달러에 거래를 마쳤다. 이는 사상최고의 상승폭으로 미 노동부가 발표한 실업자 수 증가에도 미국 뉴욕증시를 상승세로 끌어올렸다.2일(현지시간) 다우존스 30 산업평균지수는 전날보다 469.93포인트(2.24%) 오른 2만1413.44에 거래를 마쳤다. S&P500지수는 56.40포인트(2.28%) 상승한 2526.90, 나스닥지수는 126.73포인트(1.72%) 뛴 7487.31에 각각 장을 마감했다.데일리안 이미경 기자 (esit917@dailian.co.kr)ⓒ (주)데일리안 - 무단전재, 변형, 무단배포 금지",/news/news_read.nhn?article_id=0002393332&office_id=119&mode=search&query=LG생활건강&page=2
,"코스피가 개인과 외국인의 동반 매수에 상승 출발했다.3일 오전 9시14분 현재 코스피는 전일 대비 13.80포인트(0.80%) 오른 1737.77을 기록하고 있다.이날 3.59포인트 상승 출발한 지수는 개인과 외국인의 동반 매수에 장 초반 1740선에서 강세를 보이고 있다.지난밤 뉴욕증시는 고용 불안에도 국제유가 급등에 힘입어 상승 마감했다. 트럼프 대통령이 러시아와 사우디가 감산 합의를 했다는 주장을 하면서 국제유가가 24% 급등했다.트럼프 대통령은 이날 트위터를 통해 ""푸틴 (러시아) 대통령과 대화한 내 친구 'MBS'와 방금 얘기했다. 나는 그들이 약 (원유) 1000만배럴을 감산할 것으로 예상하고 희망한다. 더 많을 수도 있다. 그 같은 일이 일어난다면 원유 및 가스 업계에 좋을 것""이라고 밝혔다. MBS는 무함마드 빈 살만 사우디아라비아 왕세자를 지칭한다.트럼프 대통령은 이어 ""(감산 규모가) 1500만배럴에 이를 수도 있다. 모두를 위해 좋은 뉴스""라고 강조했다.서상영 키움증권 연구원은 ""미국 신규실업수당 청구건수가 코로나로 인한 이동 중지 명령이 내려진 캘리포니아, 뉴욕 등 각 지역과 항공산업 위축으로 인한 팬실베니아, 국제유가 위축으로 인한 텍사스 등 에너지 기업이 많은 주를 위주로 급증했다""며 ""지난주 331만건 보다 크게 증가한 665만건을 기록했다""고 설명했다.서 연구원은 ""발표 직후에는 고용불안에 따른 경기 침체 가능성이 제기되기도 했으나, 단기적인 영향일 수 있다는 기대를 바탕으로 변동성은 제한됐다""며 ""향후 고용시장의 변화에 민감해질 우려가 있어 주목해야 한다""고 말했다.이날 유가증권시장에서는 업종별로 대체로 상승하고 있다. 화학, 비금속광물, 전기·전자, 제조업, 기계, 건설업, 운송장비, 의료정밀, 운수창고가 상승하는 반면, 보험, 서비스업, 철강·금속, 유통업, 음식료품, 섬유·의복이 하락하고 있다.매매주체별로 개인과 외국인이 1174억원, 174억원 순매수하는 반면 기관은 1351억원 순매도하고 있다. 프로그램 매매는 934억원 매도우위를 보이고 있다.시가총액 상위 종목 중에서는 삼성SDI, LG화학, 삼성전자, SK하이닉스, 카카오, LG생활건강이 상승하는 반면, 엔씨소프트, NAVER, 삼성바이오로직스, 현대차, 현대모비스, SK텔레콤이 하락하고 있다.이날 코스피시장에는 589개 종목이 상승하고 있고 222개 종목은 하락하고 있다.코스닥은 전일 대비 5.81포인트(1.02%) 오른 573.51를 기록 중이다.[디지털뉴스국 김현정 기자] [ⓒ 매일경제 & mk.co.kr, 무단전재 및 재배포 금지]",/news/news_read.nhn?article_id=0004550054&office_id=009&mode=search&query=LG생활건강&page=2
,"(서울=연합뉴스) 김기훈 기자 = 코스피가 3일 상승세로 출발했다.

이날 오전 9시 17분 현재 코스피는 전 거래일보다 11.04포인트(0.64%) 오른 1,735.90을 가리켰다.

지수는 전장보다 6.31포인트(0.37%) 오른 1,731.17에서 출발해 강세 흐름을 이어가고 있다. 장 한때 1,740선을 넘기도 했다.

유가증권시장에서는 개인이 1천166억원, 외국인이 361억원을 순매수했다. 기관은 1천544억원을 순매도했다.

간밤 뉴욕증시에서 주요 지수는 미국 실업 폭증에도 국제 유가가 큰 폭 오른 데 힘입어 상승했다.

다우존스30 산업평균지수(2.24%), 스탠더드앤드푸어스(S&P)500 지수(2.28%), 나스닥 지수(1.72%) 모두 상승 마감했다.

특히 도널드 트럼프 미국 대통령이 2일(현지시간) 트위터에 ""푸틴 대통령과 대화한 내 친구 MBS(사우디 왕세자)와 방금 통화했다. 그들이 약 1천만 배럴을 감산할 것으로 예상하고 희망한다""는 글을 올린 것이 영향을 미친 것으로 풀이된다.

이원 부국증권 연구원은 ""전반적으로 유가 상승이 위험자산 투자 심리에 긍정적으로 작용할 것으로 보인다""며 ""다만 트럼프 대통령의 감산과 관련한 트윗은 감산 규모나 실현 가능성 측면에서 불확실한 측면이 많아 장중 변동성이 커질 수 있다""고 분석했다.

 시가총액 상위 종목 가운데 삼성전자(1.28%), SK하이닉스(0.63%), 셀트리온(0.51%), LG화학(3.44%), 현대차(0.35%), LG생활건강(0.35%), 삼성SDI(3.86%) 등이 올랐다.

삼성바이오로직스(-0.11%), 네이버(-2.02%), 삼성물산(-0.35%) 등은 내렸다.

업종별로는 화학(2.17%), 비금속광물(1.45%), 전기·전자(1.29%) 등이 강세를 보이고, 보험(-0.58%), 서비스업(-0.47%) 등은 약세다.

같은 시각 코스닥지수는 전장보다 6.06포인트(1.07%) 오른 573.76을 나타냈다.

지수는 전장보다 3.59포인트(0.63%) 오른 571.29로 개장해 상승세를 유지하고 있다.

코스닥시장에서는 개인이 454억원을 순매수했다. 외국인과 기관은 각각 316억원, 122억원을 순매도했다.

시총 상위주 중에는 에이치엘비(1.35%), 씨젠(3.20%), 셀트리온제약(2.77%), CJ ENM(1.20%) 등은 올랐다.

셀트리온헬스케어(-0.37%), 펄어비스(-0.73%), 스튜디오드래곤(-0.73%), 케이엠더블유(-0.70%), 코미팜(-0.99%), 헬릭스미스(-0.76%) 등은 내렸다.

kihun@yna.co.kr",/news/news_read.nhn?article_id=0011520237&office_id=001&mode=search&query=LG생활건강&page=2
"시장심리 워스트5, 대한항공·OCI·현대차·풍산·기아차","[서울=뉴시스] 김제이 기자 = 3일 빅데이터 시장심리지수(MSI)가 가장 높은 톱5에 빙그레·농심·LG생활건강·네이버·LG유플러스가 선정됐다.이는 뉴시스와 코스콤이 주요 상장기업 250곳에 대해 공동 분석해 산출해 낸 빅데이터 MSI(http://m.newsis.com/stock.html, 모바일 전용)로 전 거래일 오후 4시부터 이날 오전 9시까지 데이터를 취합한 결과다.빙그레 시장심리지수는 전 거래일과 같은 7단계 '매우 좋음'을 나타냈다. 관련 키워드로는 인수, 해태아이스크림, 해태제과식품, 등락률, 아이스크림, 개발, 해태제과, 효과 등이 뽑혔다.농심의 시장심리지수는 전 거래일에서 두 단계 올라간 7단계로 집계됐다. 연관 키워드로는 비빔면, 라면, 김치, 협업, 면발, 칼국수, 비빔소스, 식감 등이 꼽혔다.LG생활건강의 시장심리지수는 7단계 '매우 좋음'으로 전 거래일보다 4단계 급상승했다. 온라인에서는 보수, 평균, 임원, 사내이사, 피부, 화장품, 등기, 격차 등이 주로 검색됐다.네이버의 MSI지수는 전 거래일과 같은 7단계를 나타냈다. 핵심 키워드로는 보수, 평균, 서비스, 후보, 임원, 재택근무, 사내이사, 댓글 등이 선정됐다.LG유플러스 MSI지수는 7단계 '매우 좋음'으로 전 거래일에서 2단계 올랐다. 주요 키워드로는 보수, 서비스, 평균, LG유플러스, 임원, 고객, 사내이사, 통신사 등이 꼽혔다.시장심리가 낮은 '워스트5'에는 대한항공·OCI·현대차·풍산·기아차가 꼽혔다.대한항공의 시장심리지수는 전 거래일에서 4단계 내린 1단계 '매우 나쁨'을 기록했다. 관련 키워드로는 기내식, 보수, 항공사, 직원, 인천, 항공업계, 센터, 평균 등이 꼽혔다.OCI의 시장심리지수는 1단계로 전 거래일에서 2단계 내렸다. 연관 키워드로는 신용등급, 자금, 회사채, 강등, 폴리실리콘, 확보, 대출, 검토, 상태 등이 뽑혔다.현대차의 시장심리지수는 전 거래일에서 3단계 내린 1단계를 나타냈다. 온라인에서는 공장, 가동, 직원, 보수, 현대, 확산, 생산, 자동차 등이 주로 검색됐다.풍산의 MSI지수는 1단계로 전 거래일과 같았다. 핵심 키워드로는 구리, 전기동, 급락, 비철금속, 회복세, 제조사, 생산, 등락률 등이 선정됐다.기아차의 MSI지수는 전 거래일보다 6단계 하락한 1단계 '매우 나쁨'을 기록했다. 키워드로 공장, 가동, 생산, 자동차, 확산, 현대, 직원, 중단 등이 뽑혔다.MSI는 총 7단계로 나뉜다. 1단계 '매우 나쁨', 2단계 '나쁨', 3단계 '약간 나쁨', 4단계 '보통', 5단계 '약간 좋음', 6단계 '좋음', 7단계 '매우 좋음' 등으로 분류된다.MSI 레벨이 가장 낮은 수준인 1단계에서 가장 높은 수준인 7단계 쪽으로 바뀌면 해당 종목에 대해 온라인상에서의 반응이 부정에서 긍정으로 바뀌고 있다는 뜻으로 풀이할 수 있다.한편 2017년 8월1일부터 선보인 빅데이터 MSI 모바일 전용 버전은 구글플레이 또는 애플 앱스토어에서 '뉴시스' 앱을 내려받거나 뉴시스 모바일 홈페이지(m.newsis.com)에 접속한 뒤 메인화면의 '빅데이터 MSI'를 클릭해 이용하면 된다.※ 빅데이터MSI는 투자 참고용이며, 투자 결과에 책임을 지지 않습니다. 주식시장에서는 다양한 국내외 변수가 존재하기 때문에 한 지표로만 판단하면 뜻하지 않은 결과를 초래할 수 있습니다. jey@newsis.com<ⓒ 공감언론 뉴시스통신사. 무단전재-재배포 금지>",/news/news_read.nhn?article_id=0009794000&office_id=003&mode=search&query=LG생활건강&page=2
,"손희연 기자 son90@mt.co.kr
<저작권자 ⓒ '성공을 꿈꾸는 사람들의 경제 뉴스' 머니S, 무단전재 및 재배포 금지>",/news/news_read.nhn?article_id=0000526476&office_id=417&mode=search&query=LG생활건강&page=2
,"(서울=뉴스1) 배지윤 기자 = LG생활건강은 은은한 색상으로 생기 있는 입술을 연출해 주고 촉촉한 보습력으로 입술관리를 돕는 'VDL 엑스퍼트 슬림 립 밤' 2종을 출시했다고 3일 밝혔다.신제품 2종은 본연의 입술 색상인 듯 자연스러운 컬러감은 물론, 주름 개선 기능성과 보습 성분을 함유해 하루 종일 촉촉한 입술을 경험할 수 있는 것이 특징이다.VDL은 촉촉하게 반짝이는 입술로 표현해주는 '엑스퍼트 슬림 글로우 립 밤'과 부드럽고 보송한 매트 타입의 피니쉬가 돋보이는 '엑스퍼트 슬림 블러 립 밤' 2종을 선보였다. 메이크업 룩과 용도에 따라 다양하게 연출할 수 있다.먼저 '엑스퍼트 슬림 글로우 립 밤'은 피부 속 수분 증발을 방지하는 보습 성분을 함유해 메마른 입술을 촉촉하게 관리해 준다. 유리알 같은 광택감을 더해 반짝이며 도톰한 입술을 연출할 수 있다. 핑크·코랄·누드·로즈 계열의 5가지 컬러로 출시됐으며, 틴트 효과로 맑고 자연스러운 컬러가 생기를 더해준다.'엑스퍼트 슬림 블러 림 밤'은 부드럽고 매끈한 매트 피니쉬가 입술에 블러 처리를 한 듯 입술 주름 사이를 메워주고 들뜬 각질을 관리해준다. 색상은 '블러 핑크'와 '비주얼 핑크' 2가지로 선보인다. VDL 브랜드 담당자는 ""올해 립 메이크업 트렌드는 입술에 투명하게 반짝이는 광택감을 연출하는 것""이라며 ""이번 신제품은 단독으로 사용해 자연스러운 생기를 연출하는 것 외에도 립스틱 이전과 이후에 각각 프라이머와 탑코트로도 활용 가능해 입술을 한층 더 반짝이게 연출할 수 있다""고 말했다.jiyounbae@news1.kr© 뉴스1코리아(), 무단 전재 및 재배포 금지",/news/news_read.nhn?article_id=0004561912&office_id=421&mode=search&query=LG생활건강&page=2
,"[아시아경제 조유진 기자] 신종 코로나바이러스감염증(코로나19) 확산으로 세정용품들이 유례없는 판매 특수를 누리고 있다. 1인 가구 증가로 가정 내 수요가 줄면서 수년간 내리막을 거듭한 세제산업이 코로나19를 계기로 시장 확대에 나설 수 있을지 주목된다.3일 지마켓에 따르면 최근 두 달 새(2월1일~3월31일) 세탁ㆍ주방세제 품목 판매량이 전년 동기 대비 평균 54% 성장한 것으로 집계됐다. 품목별로 살균소독제의 경우 527% 판매가 급증했고 세탁ㆍ욕실세제, 주방세제, 베이킹소다ㆍ구연산 판매량도 각각 25~74%, 49%, 44% 늘었다. 세균 제거 효과가 있는 핸드워시(물비누)의 판매량은 532% 성장했고 각비누 역시 63% 늘었다.이마트의 경우 주방세제 판매량이 18.5% 증가해 전년(7.4%) 대비 2배 이상으로 늘었다. 세탁세제 액츠 제조사인 피죤에 따르면 코로나19 위기 경보가 심각 단계로 격상된 직후인 3월 한 달간 세제 부문에서 두 자릿수의 매출 성장률을 보였다. 업계 관계자는 ""최근 확진자가 급증한 이탈리아에서도 지난 2월 한 달간 주방ㆍ세탁세제가 전월 대비 200% 이상 판매 호황을 기록하는 등 코로나19로 세제산업이 때아닌 호황기를 맞았다""고 말했다.이 같은 판매 호황은 최근 수년간 조금씩 내리막길을 걸어온 세제산업의 흐름과 대비된다. 2018년과 지난해 세제 전체 판매는 각각 -6%, 8%, 비누는 -5%, 1%의 신장률을 기록했다. 업계 관계자는 ""그동안 품목 수 증가를 감안하면 사실상 역신장을 보여온 셈""이라고 말했다.세제산업의 구조적 하향세는 1인 가구의 증가, 세탁 전문 프랜차이즈와 스타일러 등 살균용 가전제품 등장 등에 기인한다. 1인 가구들이 음식 배달 서비스로 조리된 음식을 사먹고, 세탁 전문점이나 스타일러 같은 살균용 가전제품을 이용하면서 세제에 대한 직접적인 수요가 급감한 것이다.업계는 코로나19를 계기로 한 방역ㆍ위생 관념의 변화가 시장 확대로 이어질지 주목하고 있다. 제조사들은 판매사만큼 수요 증가를 즉각적으로 체감할 수 없지만 앞으로 수요 증가에 대한 기대감을 키우고 있다. 애경산업 관계자는 ""집 안에 비축해놓은 세제 재고 소진에 2~4인 가구 기준 한 달 보름가량이 소요되기 때문에 사재기를 하지 않는 한 시장의 변화를 판매사처럼 바로 체감하기는 어렵지만 수요 변화 추이를 지켜보고 있다""고 말했다. LG생활건강 관계자는 ""코로나19로 개개인의 방역이나 위생에 대한 관심이 커지면서 관련 제품에 새로운 수요가 생길 것으로 기대된다""고 말했다.
조유진 기자 tint@asiae.co.kr <ⓒ경제를 보는 눈, 세계를 보는 창 아시아경제 무단전재 배포금지>",/news/news_read.nhn?article_id=0004655199&office_id=277&mode=search&query=LG생활건강&page=2
≪이 기사는 04월02일(15:44) 자본시장의 혜안 ‘마켓인사이트’에 게재된 기사입니다≫,"김앤장법률사무소는 신종 코로나바이러스(코로나19) 위기로 인수합병(M&A) 시장이 직격탄을 맞은 와중에도 법률자문 명가로서 빛을 발했다. 중소 법무법인인 KL파트너스의 약진도 눈여겨 볼 만한 대목이다.2일 한국경제신문과 에프앤가이드가 공동으로 2020년 1분기 기업 M&A 및 자본조달 실적을 집계한 결과 김앤장은 M&A에 대한 법률자문 부문에서 발표 기준(본계약 체결 시점 기준으로 집계한 경영권 거래·사업부 및 영업양수도 포함)으로 총 9건, 2조7856억원의 실적으로 작년에 이어 1위를 이어갔다.김앤장은 올해 유일한 조(兆) 단위 거래인 현대오일뱅크-코람코자산신탁 컨소시엄의 SK네트웍스 직영주유소 인수 거래(1조3321억원)에서 매각 측 법률자문을 담당했다. SK하이닉스가 출자한 매그너스 사모투자합자회사의 매그나칩반도체 파운드리 사업부 인수(5305억원) 거래에서도 매각 측을 자문했다. 현대캐피탈의 독일 렌터카회사 식스트 리스 자회사인 식스트리싱 인수(2009억원) 등 중대형 거래 자문도 휩쓸었다.김앤장은 작년과 마찬가지로 한앤컴퍼니의 SK케미칼 바이오에너지 사업부문 인수(3825억원), IMM 프라이빗에쿼티(PE)의 하나투어 공동경영 지분투자(1289억원) 등 사모펀드(PEF) 운용사들의 M&A에서도 자문을 도맡았다.법무법인 광장은 10건, 2조253억원 규모의 자문 실적으로 2위를 차지했다. LG화학의 LCD 컬러필터 감광재사업부 매각(580억원) 자문과 LG생활건강의 피지오겔 아시아 및 북미지역 사업권 인수(1936억원) 등 LG그룹과의 끈끈한 인연이 눈에 띈다. 총 6건, 1조205억원 자문실적으로 3위에 오른 법무법인 태평양은 KB국민은행의 캄보디아 최대 소액금융기관인 프라삭 인수(7000억원) 등 크로스보더 거래를 자문했다.M&A 업계에서는 이성훈 변호사가 이끄는 KL파트너스의 약진에 주목했다. KL파트너스는 총 3건, 7974억원의 자문실적을 기록해 4위에 이름을 올렸다. 매그나칩반도체 파운드리 사업부 거래와 녹십자헬스케어의 유비케어 인수(2088억원), 남영비비안의 포비스티앤씨(580억원) 인수 등 중소형 거래를 두루 자문했다. 한 IB 업계 관계자는 ""KL파트너스는 대형 로펌들에 비해 상대적으로 적은 수의 파트너변호사들만으로 중소형 거래에서부터 대형 거래까지 두루 섭렵해나가고 있다""고 평가했다.김리안 기자 knra@hankyung.com▶ ▶
 ▶
ⓒ 한국경제 & , 무단전재 및 재배포 금지",/news/news_read.nhn?article_id=0004318148&office_id=015&mode=search&query=LG생활건강&page=2
,"[헤럴드경제=강승연 기자] 국제유가 급등에 따른 뉴욕증시 훈풍에 3일 코스피지수가 상승 출발했으나, 미국 감산 불확실성과 코로나19 확산세 여파로 약보합 전환했다.이날 유가증권시장에서 오전 10시 7분 현재 코스피지수는 전거래일보다 4.24포인트(0.25%) 내린 를 1720.62를 가리키고 있다. 지수는 전일보다 6.31포인트(0.37%) 오른 1731.17로 출발한 뒤 1% 내외 상승세를 보이다 하락 전환해 보합권에 머물고 있다.외국인이 장 초반 순매수세를 보이다 197억원 순매도로 전환했고, 기관은 2605억원 순매도하며 지수에 하방압력을 가하고 있다. 개인은 2707억원 순매수하고 있다.시가총액 상위주를 보면 삼성전자(0.43%), 삼성바이오로직스(0.43%), 셀트리온(3.85%) 등은 오르는 반면, SK하이닉스(-0.50%), NAVER(-2.59%), 현대차(-0.69%), LG생활건강(-0.26%), 삼성물산(-0.47%) 등은 내리며 등락이 엇갈렸다.전날 미국증시의 상승세가 미처 이어지지 못하는 모습이다. 2일(현지시간) 뉴욕증시에서는 다우존스 30 산업평균지수는 2.24% 오른 2만1413.44를 기록했고, 스탠더드앤푸어스(S&P)500 지수와 나스닥지수도 각각 2.28%, 1.72% 상승했다.미국 3월 마지막주 신규 실업청구건수가 665만명으로 사상 최고치를 기록했지만, 국제유가가 20% 뛰면서 지수가 올랐다. 도널드 트럼프 미국 대통령이 사우디아라비아와 러시아가 원유생산을 최대 1500만배럴 감산할 것이라고 밝히면서다.그러나 미국의 감산 불참에 따른 유가 관련 불확실성, 미국, 유럽 등 코로나19 사태 악화로 분위기가 다시 어두워졌다. 개장 전 미국 선물시장도 약세를 보였다.하인환 메리츠증권 연구원은 “미국 증시에서도 국제유가가 오르면서 장이 크게 반등했었다가, 트럼프 대통령이 미국은 감산하지 않는다고 하면서 상승 폭을 조금 반납했다”며 “딱히 호재도, 악재도 없이 보합권에 머물고 있다”고 설명했다.한편 원/달러 환율은 전장 대비 0.3원 내린 달러당 1228.0원으로 거래를 시작한 뒤 소폭 오르내리고 있다. 장중 1230원을 넘기도 했다.spa@heraldcorp.com
- Copyrights ⓒ 헤럴드경제 & heraldbiz.com, 무단 전재 및 재배포 금지 -",/news/news_read.nhn?article_id=0001657502&office_id=016&mode=search&query=LG생활건강&page=2
"▽ 3월 화장품 중국 수출 63% ↑…월별 최고▽ 일본·아세안 등도 수출 견조하게 증가▽ K뷰티, 중국서 J뷰티 제치고 1위 탈환 '관심'","신종 코로나바이러스 감염증(코로나19)도 K뷰티의 인기를 꺾진 못했다. 지난달 한국 화장품 수출액은 월별 기준으로 역대 최고치를 기록했다. 중국을 중심으로 한국 화장품 수요는 더 늘 것이라는 전망이다. 지난해 중국에서 J뷰티(일본)에 밀린 K뷰티가 올해 다시 1위 자리를 되찾을지 주목된다.3일 산업통상자원부에 따르면 지난달 화장품 수출액은 7억7300만 달러(약 9512억원)로 전년 동월 대비 30.7% 증가했다. 9개월 연속 증가한 수준으로 역대 최고치다. 메이크업과 기초화장품이 수출을 주도했다. 이들 수출액은 5억2100만 달러(약 6410억원)로 48% 증가했다. 세안용품과 두발용제품의 수출액도 각각 89%, 38.8% 늘었다. 우리나라 화장품의 수출의 절반을 차지하는 중국 쪽 수요가 개선된 영향도 컸다. 지난달 중국 수출대금은 3억4000만 달러(약 4183억원)로 63%나 급증했다. 이는 월별로 역대 최고 수준이다. 조미진 NH투자증권 연구원은 ""코로나19 사태로 전체 중국 소비가 위축될 것으로 예상됐지만 빠르게 회복된 것으로 보인다""며 ""3월로 들어서며 현지 물류도 정상화 된 것으로 파악돼 소비 자체가 회복된 것으로 보이며, 무엇보다 한국 화장품에 대한 수요가 여전히 높은 것으로 판단된다""고 분석했다.또 일본 및 동남아 지역도 견조한 흐름을 보였다. 지난달 일본 수출대금도 5000만 달러로 98% 늘었다. 아세안 수출도 6000만달러로 30.4% 증가했으며, 미국도 4000만 달러로 23% 늘었다. 지난해 한국은 중국 화장품 시장에서 수입 화장품 시장 1위 자리를 일본에 3년 만에 내줬다. 한국의 중국 화장품 수출액은 33억2251만 달러(4조362억원)로 일본(4조4450억원)과 프랑스(4조412억원)에 뒤지면서 3위를 기록했다. 박은정 유안타증권 연구원은 ""중국은 2월 코로나19의 정점을 찍은 뒤 3월엔 이커머스 중심으로 소비 회복세가 이어지는 것으로 보인다""며 ""중국은 향후 부양책이 제시되면서 소비 진작 기대감이 이어질 것으로 예상된다""고 내다봤다. 중국 수요가 높은 브랜드의 주가도 오를 것으로 예상된다. 박 연구원은 ""현지 수요가 강했던 기업 중심으로 주가 반등이 기대된다""며 ""LG생활건강 신세계인터내셔날 애경산업 코스맥스를 관련 종목으로 선호한다""고 덧붙였다. 고은빛 한경닷컴 기자 silverlight@hankyung.com▶ ▶
 ▶
ⓒ 한국경제 & , 무단전재 및 재배포 금지",/news/news_read.nhn?article_id=0004318176&office_id=015&mode=search&query=LG생활건강&page=2
,"코스피가 3일 상승세로 출발했다.이날 오전 9시 17분 현재 코스피는 전 거래일보다 11.04포인트(0.64%) 오른 1735.90을 가리켰다.지수는 전장보다 6.31포인트(0.37%) 오른 1731.17에서 출발해 강세 흐름을 이어가고 있다. 장 한때 1740선을 넘기도 했다.유가증권시장에서는 개인이 1166억 원, 외국인이 361억 원을 순매수했다. 기관은 1544억 원을 순매도했다.간밤 뉴욕증시에서 주요 지수는 미국 실업 폭증에도 국제 유가가 큰 폭 오른 데 힘입어 상승했다.다우존스30 산업평균지수(2.24%), 스탠더드앤드푸어스(S＆P)500 지수(2.28%), 나스닥 지수(1.72%) 모두 상승 마감했다.특히 도널드 트럼프 미국 대통령이 2일(현지시간) 트위터에 ""푸틴 대통령과 대화한 내 친구 MBS(사우디 왕세자)와 방금 통화했다. 그들이 약 1000만 배럴을 감산할 것으로 예상하고 희망한다""는 글을 올린 것이 영향을 미친 것으로 풀이된다.이원 부국증권 연구원은 ""전반적으로 유가 상승이 위험자산 투자 심리에 긍정적으로 작용할 것으로 보인다""며 ""다만 트럼프 대통령의 감산과 관련한 트윗은 감산 규모나 실현 가능성 측면에서 불확실한 측면이 많아 장중 변동성이 커질 수 있다""고 분석했다.시가총액 상위 종목 가운데 삼성전자(1.28%), SK하이닉스(0.63%), 셀트리온(0.51%), LG화학(3.44%), 현대차(0.35%), LG생활건강(0.35%), 삼성SDI(3.86%) 등이 올랐다.삼성바이오로직스(-0.11%), 네이버(-2.02%), 삼성물산(-0.35%) 등은 내렸다.업종별로는 화학(2.17%), 비금속광물(1.45%), 전기·전자(1.29%) 등이 강세를 보이고, 보험(-0.58%), 서비스업(-0.47%) 등은 약세다.같은 시각 코스닥지수는 전장보다 6.06포인트(1.07%) 오른 573.76을 나타냈다.지수는 전장보다 3.59포인트(0.63%) 오른 571.29로 개장해 상승세를 유지하고 있다.코스닥시장에서는 개인이 454억원을 순매수했다. 외국인과 기관은 각각 316억원, 122억원을 순매도했다.시총 상위주 중에는 에이치엘비(1.35%), 씨젠(3.20%), 셀트리온제약(2.77%), CJ ENM(1.20%) 등은 올랐다.셀트리온헬스케어(-0.37%), 펄어비스(-0.73%), 스튜디오드래곤(-0.73%), 케이엠더블유(-0.70%), 코미팜(-0.99%), 헬릭스미스(-0.76%) 등은 내렸다.박지훈 기자 lionking@busan.com",/news/news_read.nhn?article_id=0000993741&office_id=082&mode=search&query=LG생활건강&page=2
,"[아시아경제 이민지 기자] 코스피가 오후들어 외국인과 기관의 매도세에 하락 전환했다.3일 오후 1시 28분 코스피는 전 장보다 0.52%(8.89포인트) 내린 1715.97을 가리키고 있다. 이날 지수는 1743.91포인트까지 올랐지만 오후들어 하락세를 보이고 있다.현재 시장에선 외국인이 1511억원, 기관 2550억원을 순매도했다. 개인은 3885억원어치 주식을 샀다.시가총액 상위 종목 중에선 삼성전자가 전 장보다 0.43% 오른 4만7000원을 기록 중이다. 삼성바이오로직스(0.86%), 셀트리온(1.28%), LG생활건강(1.15%)도 상승했다.코스닥지수도 전 장보다 0.14%(0.78포인트) 내린 566.92를 가리키고 있다. 이날 지수는 장충 576.27포인트까리 올랐지만 오후들어 하락전환했다.시장에선 외국인과 기관이 811억원, 698억원을 팔았다. 개인은 홀로 1477억원어치 주식을 샀다.시가총액 상위 종목 중에선 셀트리온헬스케어(1.74%), 에이치엘비(0.31%), 씨젠(2.10%)이 상승했다.이민지 기자 ming@asiae.co.kr <ⓒ경제를 보는 눈, 세계를 보는 창 아시아경제 무단전재 배포금지>",/news/news_read.nhn?article_id=0004655394&office_id=277&mode=search&query=LG생활건강&page=2
원유 감산 구체적 내용 없어 유가 하락,"(서울=뉴스1) 정은지 기자 = 유가 상승 기대감에 오름세로 출발했던 코스피 지수가 장 중 하락 전환했다. 사우디아라비아와 러시아 간 원유 감산에 대한 구체적 내용이 없는 데다 미국이 감산에 참여하지 않는 것으로 밝혀지면서 유가가 하락세를 나타내고 있다. 뉴욕 지수 선물 약세도 부담으로 작용했다. 코스피 지수는 3일 오후 1시 30분 기준 전일 대비 9.41p(0.55%) 하락한 1715.45에 거래되고 있다. 개인이 1444억원을 순매수하고 있는 가운데 외국인과 기관이 각각 767억원과 713억원을 순매도 중이다.시가총액 상위 종목은 혼조세 양상을 보이고 있다. LG생활건강(1.23%), 삼성전자우(1.02%), 삼성바이오로직스(0.54%), 셀트리온(0.51%), 삼성전자(0.32%) 등은 소폭 상승 중인 반면 네이버(-2.31%), 삼성물산(-1.52%), SK하이닉스(-1.25%), LG화학(-1.20%) 등은 약세다. 장 초반 1%가 넘는 오름세를 보이던 코스닥 지수도 약보합으로 전환하며 전일 대비 1.07p(0.19%) 하락한 566.63을 가리키고 있다.시총 상위 종목 중 코미팜(-3.37%), 헬릭스미스(-2.80%), 케이엠더블유(-2.45%),
스튜디오드래곤(-1.71%), 셀트리온제약(-1.46%)등은 하락세다. 서울외환시장에서 달러/원 환율은 전일 대비 2.70원 오른 1231.0원에 거래되고 있다.ejjung@news1.kr© 뉴스1코리아(), 무단 전재 및 재배포 금지",/news/news_read.nhn?article_id=0004562544&office_id=421&mode=search&query=LG생활건강&page=2
코스닥도 하락 전환,"[서울경제] 코스피 지수가 3일 오후 들어 하락 전환했다.이날 오후 1시40분 현재 코스피 지수는 전날보다 0.95%(16.45포인트) 하락한 1,708.41을 기록했다. 지수는 전장보다 0.37%(6.31포인트) 오른 1,731.17에서 출발해 강세 흐름을 이어가다 오후 들어 꺾이는 모습이다. 유가증권시장에서는 개인이 4,255억원을 순매수했으나, 외국인과 기관이 각각 1,750억원, 2,726억원어치를 순매도했다.시가총액 상위 종목 중에는 삼성바이오로직스(0.54%)와
셀트리온(0.61%), LG생활건강(1.06%)이 올랐고, SK하이닉스(-1.37%), 네이버(-2.88%), LG화학(-1.37%), 현대차(-0.81%) 등이 내렸다. 삼성전자는 보합이다. 같은 시각 코스닥 지수는 전장보다 0.47%(2.64포인트) 내린 565.06을 기록했다. 코스닥은 전장보다 4.28포인트 오른 571.98에 거래를 시작했으나 코스피와 마찬가지로 오후 들어 하락 전환했다. 개인은 코스닥 시장에서도 1,548억원 어치를 순매수했다. 반면 외국인과 기관은 각각 823억원, 766억원어치를 순매도했다. 코스닥시장에서는 셀트리온헬스케어(0.50%)와 씨젠(4.31%)만 오르고 나머지 종목은 모두 내렸다. 한편, 이날 서울 외환시장에서 원달러 환율은 전일 대비 4.1원 오른 1232.1원을 기록 중이다./양사록기자 sarok@sedaily.com저작권자 ⓒ 서울경제, 무단 전재 및 재배포 금지",/news/news_read.nhn?article_id=0003719265&office_id=011&mode=search&query=LG생활건강&page=2
"LGD, 5분기 연속 적자 전망…하반기 실적 개선 가능할 듯","[아이뉴스24 서민지 기자] 실적 악화로 몸살을 앓고 있는 LG디스플레이에 구원투수로 영입된 정호영 사장이 돌파구 마련에 안간힘을 쓰고 있다. 디스플레이업계 부진 속 신종코로나바이러스 감염증(코로나19)까지 겹치면서 녹록지 않은 상황이지만, 적자 탈출을 위해 잇단 체질 개선에 나서는 모습이다.3일 금융정보업체 에프앤가이드에 따르면 LG디스플레이는 1분기 3천880억 원의 영업손실을 볼 것으로 예상된다. 이는 전년 대비 적자 폭이 3배 가까이 커진 것으로 5분기 연속 적자가 예상된다.디스플레이업계는 LCD 부진으로 수익성 악화에 직면했다. 중국 업체들의 LCD 저가 공세로 패널 가격이 급락한 데 따른 것이다.여기에 코로나19에 따른 타격도 불가피하다. LG디스플레이의 중국 광저우 OLED(유기발광다이오드) 공장 가동 시기는 1분기에서 2분기로 늦춰졌다. 또한 도쿄 올림픽 연기로 '올림픽 특수'에 따른 TV 수요 증가도 기대할 수 없게 됐다.LG디스플레이는 경영 악화로 지난해 9월 10년간 회사를 이끌었던 한상범 전 부회장이 용퇴하고, 정 사장이 사령탑을 넘겨받았다. 정 사장은 LG전자와 LG디스플레이, LG생활건강, LG화학에서 CFO(최고재무책임자)를 맡는 등 그룹 핵심 계열사의 살림을 담당해왔다.정 사장은 곧바로 체질개선에 나섰다. 정 사장은 취임 후 사내 메일을 통해 ""구조 혁신을 과감하고 신속하게 추진하는 일, WOLED(화이트 OLED)의 대세화와 함께 확실한 수익기반을 확보하는 일, POLED(플라스틱 올레드) 사업을 정상궤도에 진입시키는 일이 당면과제""라며 ""이러한 과제들을 어느 때보다도 속도감 있고 강도 높게 추진해 나가지 못한다면 머지않아 회사의 생존 자체가 위협받을 수 있는 상황""이라고 강조했다.실제 정 사장은 취임 후 OLED 등 핵심기술 분야를 제외한 근속 5년 차 이상 사무직을 대상으로 희망퇴직을 실시했다. LG디스플레이가 사무직 희망퇴직을 받은 것은 2007년 이후 12년 만의 일이다. LG디스플레이는 정 사장 선임과 동시에 근속 5년 차 이상의 기능직(생산직)을 대상으로 희망퇴직을 진행했는데, 잇따라 고강도 구조조정에 나선 것이다.희망퇴직 단행으로 인해 인력은 대폭 축소됐다. LG디스플레이 사업보고서에 따르면 지난해 연말 기준 회사 직원은 2만6천632명으로 2018년 말(3만366명) 대비 3천734명(12.3%)이 줄었다. 지난해 희망퇴직으로 지급한 위로금 규모는 2천188억 원에 달한다.사업 분야에서도 체질 개선이 이뤄지고 있다. 정 사장은 경쟁력이 뒤처진 LCD 사업을 정리하고, OLED로의 전환에 속도를 내고 있다. LCD TV 개발 조직을 통합하는 등 LCD 관련 조직을 축소하고 있다. 지난해 말 국내 8세대 LCD 팹의 TV 패널 생산을 중단했고, 올 연말까지 남아 있는 국내 7세대 팹의 패널 생산도 중단할 계획이다.이에 따른 유휴 자원은 대형 OLED와 중소형 POLED 사업 분야로 전환 배치하고 있다. 또한 국내에서는 LCD 공장 정리 후 IT, 커머셜 등 고부가 제품에 집중할 방침이다.정 사장은 지난달 열린 주주총회에서 배포한 '주주 레터'를 통해 올해 중점 추진 과제로 ▲대형 OLED 사업의 강화 ▲POLED 사업의 신속한 턴어라운드 ▲LCD 부문의 구조 혁신 가속화 등을 제시했다. OLED로의 사업 전환에 대한 정 사장의 의지가 재차 확인된 셈이다.정 사장은 ""LG디스플레이는 코로나19로 인한 영향을 최소화하며 잘 대응하고 있다""며 ""OLED를 중심으로 사업 경쟁력을 강화할 것""이라고 전했다.증권가에서는 LG디스플레이가 악재 속에도 하반기 실적 개선이 가능할 것으로 보고 있다. 일각에서는 흑자 전환이 가능할 것이라는 관측도 나온다.이수빈 대신증권 연구원은 ""광저우 라인 가동이 1분기에서 2분기로 연기됐고, 도쿄 올림픽 등 주요 스포츠 이벤트가 지연되며 TV 수요 약세가 예상된다""면서도 ""대부분 물량이 하반기에 출하되기 때문에 코로나19에 따른 영향은 제한적이며, 하반기 스마트폰향 LCD 패널 사업 철수도 이익에 긍정적으로 판단, 하반기로 갈수록 전 분기 대비 이익 개선이 예상된다""고 말했다.이순학 한화투자증권 연구원은 ""광저우 OLED 공장 가동이 늦춰지고 있는 것은 그나마 다행이다""며 ""OLED TV 수요가 감소하고 있는 가운데 가동이 지연되면 감가상각비 부담은 낮아질 수 있다""고 분석했다.이어 ""하반기 실적은 V자로 회복할 가능성이 높아졌다""며 ""2분기까지의 LCD 패널 가격 상승, 북미 고객사향 POLED 본격 공급, 광저우 OLED 공장 가동을 감안하면 영업 흑자 전환이 가능할 것""이라고 봤다. jisseo@inews24.com [ⓒ 아이뉴스24 무단전재 및 재배포 금지]",/news/news_read.nhn?article_id=0000532823&office_id=031&mode=search&query=LG생활건강&page=2
"개인 홀로 4435억원 순매수…증권 등 하락시가총액 상위株, 대부분 하락세","[이데일리 고준혁 기자] 3일 코스피지수가 장중 하락 전환했다. 도널드 트럼프 미국 대통령이 러시아와 사우디아라비아의 원유 증산 협상을 중재한다는 발언에 진정성이 의심되고 있다는 소식이 영향을 준 것으로 풀이된다. 이날 마켓포인트에 따르면 오후 2시 11분 현재 코스피지수는 전 거래일 대비 12.95포인트(0.75%) 내린 1711.91을 기록 중이다. 상승 출발한 뒤 오후 12시 30분쯤부터 하락 곡선을 그리기 시작했다. 2일(현지시간) 미국 금융매체 더스트리트는 트럼프 대통령에 글로벌 원유시장을 놓고 만우절 농담을 하는 게 아닌가라며 비꼬았다. 트럼프 대통령이 사우디아라비아와 러시아의 감산 계획을 확인했다는 트윗을 올렸으나 러시아 정부가 공식적으로 이를 부인하고 있어서다. 수급 주체별로는 개인이 홀로 4435억원 순매수 중이다. 외국인과 기관은 각각 2052억원, 2655억원 순매도 중이다. 프로그램 매매는 차익과 비차익을 합쳐 3620억원 순매도 우위를 기록 중이다.대부분의 업종이 하락 중이다. 증권과 운수창고, 의료정밀이 2%대 하락 중이다. 이어 운송장비, 보험, 금융업, 건설업, 전기가스업, 서비스업, 화학, 유통업, 은행 순으로 내리고 있다. 의약품과 음식료품은 오르고 있다. 시가총액 상위 종목도 하락세다. NAVER(035420)가 2%대 하락 중이고 SK하이닉스(000660), LG화학(051910), 현대차(005380), 삼성물산(028260), 삼성SDI(006400)도 내리고 있다. 삼성바이오로직스(207940)와 셀트리온(068270), LG생활건강(051900)은 오르고 있다. 삼성전자(005930)는 약보합세를 보이고 있다.고준혁 (kotaeng@edaily.co.kr)＜ⓒ종합 경제정보 미디어 이데일리 - 무단전재 & 재배포 금지＞",/news/news_read.nhn?article_id=0004612495&office_id=018&mode=search&query=LG생활건강&page=1
,"손희연 기자 son90@mt.co.kr
<저작권자 ⓒ '성공을 꿈꾸는 사람들의 경제 뉴스' 머니S, 무단전재 및 재배포 금지>",/news/news_read.nhn?article_id=0000526713&office_id=417&mode=search&query=LG생활건강&page=1
,"[아시아경제 이민지 기자] 코스피가 개인들의 매수세에 상승 마감했다.3일 코스피는 전 장보다 0.03%(0.58포인트) 오른 1725.44에 장을 끝마쳤다. 이날 코스피는 오후 들어 외국인과 기관의 매도세가 커지면서 장 중 1706.68까지 떨어졌지만, 반등에 성공하면서 상승 마감했다.이날 유가증권시장에선 개인들이 3502억원어치 주식을 샀다. 외국인과 기관들은 각각 2895억원, 832억원어치 주식을 팔았다.업종 상위종목 중에선 종이·목재(1.86%), 음식료품(1.65%), 철강 금속(1.40%), 섬유·의복(1.30%) 순으로 상승 폭이 컸다.시가총액 상위종목 중에선 삼성전자가 전 장보다 0.43% 오른 4만7000원에 마감했다. 삼성바이오로직스(0.65%), 셀트리온(0.51%), LG생활건강(2.56%)도 올랐다.반면 SK하이닉스(-0.59%), 네이버(-0.86%), LG화학(-0.17%), 현대차(-0.35%)는 내렸다.같은 날 코스닥지수는 전 장보다 0.94%(5.31포인트) 오른 573.01에 마감했다. 이날 시장에선 개인들이 1025억 원어치 주식을 샀다. 외국인과 기관은 각각 327억원, 747억원어치 주식을 팔았다.업종 상위 종목 중에선 인터넷(4.49%), 섬유·의류(2.68%), 금속(2.21%), 통신서비스(2.20%) 순으로 상승 폭이 컸다.시가총액 상위종목 중에선 셀트리온헬스케어(1.61%), 에이치엘비(0.31%), 펄어비스(0.26%), 씨젠(3.31%), 셀트리온제약(0.15%)도 올랐다.이민지 기자 ming@asiae.co.kr <ⓒ경제를 보는 눈, 세계를 보는 창 아시아경제 무단전재 배포금지>",/news/news_read.nhn?article_id=0004655475&office_id=277&mode=search&query=LG생활건강&page=1
코스피 0.59p 오른 1725.44 마감 코스닥 5.31p 오른 573.01…환율 2.6원 상승 1230.9원,"(서울=뉴스1) 정은지 기자 = 유가 반등 기대감에 상승 출발했던 코스피 지수가 등락을 거듭한 끝에 보합권에서 장을 마쳤다. 사우디아라비아와 러시아 간 원유 감산이 불투명한 것으로 알려져 유가가 하락세를 나타냈다. 뉴욕 지수 선물 약세도 부담으로 작용했다. 코스피 지수는 3일 전일 대비 0.59p(0.03%) 오른 1725.44에 거래를 마쳤다. 개인이 3502억원을 순매수한 반면 외국인과 기관이 각각 2985억원과 834억원을 순매도했다. 시가총액 상위 종목 가운데 LG생활건강(2.56%), 삼성전자우(1.02%), 삼성바이오로직스(0.65%), 셀트리온(0.51%), 삼성전자(0.43%)이 상승했으나 삼성물산(-0.93%), 네이버(-0.86%), SK하이닉스(-0.50%), 현대차(-0.35%), LG화학(-0.17%) 등은 하락했다.코스닥 지수는 전일대비 5.31p(0.94%) 오른 573.01로 마감했다. 시총 상위 종목 가운데 씨젠(3.31%), 셀트리온헬스케어(1.61%), CJENM(0.70%) 등이 상승했고 헬릭스미스(-2.00%), 코미팜(-1.39%) 등은 약세를 보였다.업종별로는 건축제품(12.47%), 담배(5.05%), 사무용 전자제품(4.26%), 가정용품(4.16%), 생명과학도구 및 서비스(2.80%) 등이 강세를 나타냈다.이진호 미래에셋대우 연구원은 ""트럼프 대통령의 트윗으로 원유 시장이 상승하기도 했으나 아직은 조심스럽게 접근해야 하며 사우디와 러시아의 감산이 이행될지는 의문""이라고 설명했다.서울외환시장에서 달러/원 환율은 2.6원 오른 1230.9원으로 마감했다.ejjung@news1.kr© 뉴스1코리아(), 무단 전재 및 재배포 금지",/news/news_read.nhn?article_id=0004563100&office_id=421&mode=search&query=LG생활건강&page=1
코스닥도 소폭 오르며 동반 상승외인 순매도·개인 순매수 이어져,"[서울경제] 코스피가 3일 오르내림을 거듭하다 전날보다 소폭 오른 채 장을 마쳤다.이날 코스피는 전 거래일보다 0.58포인트(0.03%) 오른 1,725.44에 거래를 마쳤다. 이로써 전날 2.34% 급등했던 코스피는 이틀째 상승세를 이어갔다.지수는 전장보다 6.31포인트(0.37%) 오른 1,731.17에서 출발해 장중 1,740선을 넘기도 했으나 다시 1,700대 초반까지 밀리는 등 출렁이다 막판에 강보합 마감했다.이날 증시에서도 외국인이 팔고 개인이 사들이는 최근 패턴이 이어졌다. 유가증권 시장에서는 외국인과 기관이 각각 2,913, 827억원을 순매도했으나, 개인이 3,495억원을 순매수했다.시가총액 상위종목 중에는 삼성전자(0.43%)와 삼성바이오로직스(0.65%), 셀트리온(0.51%), LG생활건강(2.56%) 등이 올랐고, SK하이닉스(-0.50%)와 네이버(-0.86%), LG화학(-0.17%), 현대차(-0.35%), 삼성물산(-0.93%) 등이 내렸다.
코스닥지수는 전장보다 5.31포인트(0.94%) 오른 573.01로 마감했다. 코스닥은 전장보다 4.28포인트 오른 571.98에 거래를 시작했으나 코스피와 마찬가지로 오후 들어 하락 전환했다 다시 상승전환해 장을 마쳤다. 코스닥 시장에서는 외국인과 기관이 각각 327억원, 747억원을 순매도했으나, 개인이 1,023억원을 순매수했다. 시가총액 상위 종목 중에는 셀트리온헬스케어(1.61%)와 에이치엘비(0.31%), 펄어비스(0.26%), 씨젠(3.31%), 셀트리온제약(0.15%), CJ ENM(0.70%) 등이 올랐고, 스튜디오드래곤(-1.22%)과 케이엠더블유(0.70%), 코미팜(-1.39%), 헬릭스미스(-2.00%) 등이 내렸다. 한편 이날 서울 외환시장에서 원·달러 환율은 전일 대비 2.6원 오른 1,230.9원으로 마감했다./양사록기자 sarok@sedaily.com저작권자 ⓒ 서울경제, 무단 전재 및 재배포 금지",/news/news_read.nhn?article_id=0003719350&office_id=011&mode=search&query=LG생활건강&page=1
▶ 헉! 소리나는 스!토리 뉴스 [헉스]▶ '아는 척'하고 싶은 당신을 위한 [두유노우]▶ 한눈에 보는 [4·15총선 NEWS MAP],"[파이낸셜뉴스] 코스피가 개인투자자들의 순매수세에 힘입어 강보합으로 마감했다.
 3일 코스피는 전 거래일 대비 0.58포인트(0.03%) 오른 1725.44로 장을 마감했다. 지수는 전 거래일보다 6.31포인트(0.37%) 오른 1731.17로 출발했으나 오전과 오후 각각 약세를 보이다 회복하는 등 롤러코스터 장세를 연출했다.
 투자자별로 외국인과 기관이 각각 2913억원, 828억원 순매도했으나 개인은 3495억원을 순매수하면서 지수 하락을 방어했다.
 업종별로 종이목재(1.86%), 음식료업(1.65%), 섬유의복(1.30%), 의약품(1.13%) 등은 오른 반면 증권(-2.12%), 운수창고(-1.34%) 등은 떨어졌다.
 시가총액 상위종목별로 삼성전자(0.43%), 삼성바이오로직스(0.65%), 셀트리온(0.51%), LG생활건강(2.56%) 등이 상승했다. 반면 SK하이닉스(-0.50%), NAVER(-0.86%) 등은 하락했다.
 코스닥지수는 전 거래일보다 5.31포인트(0.94%) 오른 573.01로 장을 마쳤다. 코스닥에서는 외국인과 기관이 각각 314억원, 747억원 순매도한 가운데 개인만 1024억원 순매수 했다.
 시가총액상위 종목 중 셀트리온헬스케어(1.61%), 씨젠(3.31%), SK머티리얼즈(1.87%) 등이 상승했다. 반면 스튜디오드래곤(-1.22%), 코미팜(-1.39%), 헬릭스미스(-2.0%) 등은 주가가 하락했다.



 ※ 저작권자 ⓒ 파이낸셜뉴스. 무단 전재-재배포 금지",/news/news_read.nhn?article_id=0004402242&office_id=014&mode=search&query=LG생활건강&page=1
,"코스피가 개인의 매수에 힘입어 상승 마감했다.3일 코스피는 전일 대비 0.58포인트(0.03%) 오른 1725.44에 마감했다.이날 지수는 6.31포인트 오른 1731.17에 개장해 등락을 거듭하는 등 변동성을 보였다. 장 초반 개인과 외국인의 동반 매수에 1740선을 오가던 지수는 외국인이 팔자로 돌아서면서 1700선까지 떨어졌다.전일 뉴욕증시는 고용 불안에도 국제유가 급등에 힘입어 상승 마감했다. 트럼프 대통령이 러시아와 사우디가 감산 합의를 했다는 주장을 하면서 국제유가가 24% 급등했다.노동길 NH투자증권 연구원은 ""이날 최대 관심사는 트럼프 대통령과 오일 기업 CEO 간 만남""이라며 ""트럼프 대통령이 메이저 원유 생산 기업들과 이날 만남을 가질 예정이기 때문에 여기에서 미국 셰일 오일 업체들과 감산 합의를 도출할 가능성이 있다""고 설명했다.노 연구원은 ""유가 상승은 글로벌 주식시장 상승 재료""라며 ""다만 감산 합의 불확실성, 유가 반등 폭에 대한 낮은 기대, 여전히 높은 셰일 기업 도산 가능성 때문에 미국 하이일드 크레딧 시장 반응은 주식시장과 달리 차분했다""고 말했다.유가증권시장에서는 업종별로 등락이 엇갈렸다. 종이·목재, 음식료품, 철강·금속, 섬유·의복, 의약품, 기계, 비금속광물, 제조업이 상승한 반면, 증권, 운수창고, 의료정밀, 보험, 운송장비, 금융업이 하락했다.매매주체별로 개인이 3502억원 순매수한 반면 외국인과 기관이 2913억원, 833억원 순매도했다. 프로그램 매매는 3730억원 매도 우위를 나타냈다.시가총액 상위 종목 중에서는 LG생활건강이 2%대 상승했고, 삼성바이오로직스, POSCO, SK텔레콤, 셀트리온, 삼성전자가 상승 마감했다. 반면 엔씨소프트와 현대모비스는 1%대 하락했고, 삼성물산, NAVER, 삼성SDI는 하락 마감했다.이날 국제유가가 폭등하면서 흥구석유를 비롯한 정유주가 동반 강세를 보였다. 또 이장한 종근당 회장의 장남이 여성의 신체를 불법 촬영한 혐의로 경찰 수사를 받고 있다는 소식에 종근당홀딩스가 약세를 보였다.이날 유가증권시장에서는 506개 종목이 상승했고 328개 종목이 떨어졌다.코스닥은 전일 대비 5.31포인트(0.94%) 오른 573.01에 마감했다.[디지털뉴스국 김현정 기자] [ⓒ 매일경제 & mk.co.kr, 무단전재 및 재배포 금지]",/news/news_read.nhn?article_id=0004550392&office_id=009&mode=search&query=LG생활건강&page=1
"개인 '사자' 외국인·기관 '팔자'…종이·목재 등 상승시가총액 상위株, 혼조세…코로나19 테마 강세","[이데일리 고준혁 기자] 3일 코스피 지수는 개인 매수에 힘입어 강보합으로 마감했다. 트럼프 미국 대통령이 원유 ‘치킨 게임’에 개입, 종료될 거란 기대가 꺾이면서 증시가 한 때 출렁했으나 정부의 총체적인 코로나19 대응책 등에 힘입어 안정세를 찾은 걸로 해석된다. 미국 증시가 상승 마감한 점도 하방 지지 역할을 한 것으로 풀이된다. 마켓포인트에 따르면 이날 코스피 지수는 전 거래일보다 0.03%(0.58포인트) 오른 1725.44포인트로 거래를 마쳤다. 상승 출발한 지수는 오후 한때 1700선까지 내려갔으나 장 종료 1시간 정도를 남기고 반등해 보합권에서 마감했다. 2일(현지시간) 미국 증시는 상승으로 마감했다. 다우존스 30 산업평균지수는 2.24%, 스탠더드앤드푸어스(S&P) 500 지수는 2.28%, 나스닥 지수는 1.72% 각각 올랐다. 한편, 미국 금융매체 더스트리트는 트럼프 대통령에 글로벌 원유시장을 놓고 만우절 농담을 하는 게 아닌가라고 비꼬았다. 트럼프 대통령이 사우디아라비아와 러시아의 감산 계획을 확인했다는 트윗을 올렸으나 러시아 정부가 공식적으로 이를 부인했다. 수급을 보면 개인이 홀로 3502억원을 순매수했다. 외국인과 기관은 각각 2913억원, 833억원 팔아 치웠다. 개인은 8거래일 연속으로 주식을 사들였고 외국인은 22거래일째 연속으로 주식을 팔았다. 프로그램은 차익과 비차익을 합해 3730억원 순매도 우위를 보였다. 업종을 보면 종이·목재와 음식료품, 철강·금속, 섬유·의복, 의약품이 1%대 상승했다. 기계와 비금속광물, 제조업, 전기·전자, 통신업 등도 상승 마감했다. 증권은 2%대 하락했다. 운수창고와 의료정밀, 보험, 운송장비, 금융업, 서비스업 순으로 내렸다. 시가총액 상위 10종목은 하락한 곳이 많았다. 삼성물산(028260)이 0.93% 내렸다. 이어 NAVER(035420)(0.86%), 삼성SDI(006400)(0.64%), SK하이닉스(000660)(0.5%), 현대차(005380)(0.35%), LG화학(051910)(0.17%) 순으로 내렸다. LG생활건강(051900)은 2.56% 올랐고 삼성바이오로직스(207940)(0.65%), 셀트리온(068270)(0.51%), 삼성전자(005930)(0.43%)도 각각 상승했다. 종목별로 보면 코로나19 관련 테마가 있는 업체가 크게 올랐다. 신풍제약(019170)과 신풍제약우(019175)는 코로나19 치료제로 항말라리아제 피라맥스의 약물 재창출 가능성을 검토한다는 소식에 상한가를 기록했다. 태평양물산(007980)도 자회사 나디아퍼시픽이 코로나19 의료용 방호복 생산을 시작하는 등으로 상한가를 맞았다. 명문제약(017180)은 도쿄대학의과학연구소가 이 회사에서 판매하는 약품에 들어간 성분이 코로나19 바이러스 침입을 저지할 수 있다고 발표해 18%대 큰 폭으로 올랐다. 이날 거래량은 9억8633만주, 거래대금은 10조117억원이다. 상한가 3종목을 포함해 503종목이 올랐고 하한가 없이 328종목이 내렸다. 67종목은 보합이었다.고준혁 (kotaeng@edaily.co.kr)＜ⓒ종합 경제정보 미디어 이데일리 - 무단전재 & 재배포 금지＞",/news/news_read.nhn?article_id=0004612583&office_id=018&mode=search&query=LG생활건강&page=1
,"(서울=연합뉴스) 김기훈 기자 = 코스피가 3일 등락 끝에 소폭의 상승세로 마감했다.

이날 코스피는 전 거래일보다 0.58포인트(0.03%) 오른 1,725.44에 거래를 마쳤다. 이로써 전날 2.34% 급등했던 코스피는 이틀째 상승세를 이어갔다.

지수는 전장보다 6.31포인트(0.37%) 오른 1,731.17에서 출발해 장중 1,740선을 넘기도 했으나 다시 1,700대 초반까지 밀리는 등 출렁이다 막판에 강보합 마감했다.

유가증권시장에서는 개인이 3천495억원어치를 순매수했다. 외국인과 기관은 각각 2천913억원, 827억원을 순매도했다.

이로써 외국인은 지난달 5일부터 22거래일째 유가증권시장에서 '팔자' 행진을 이어가며 13조1천59억원을 순매도했다.

 이는 지난해 말 21거래일 연속 순매도 행진 기록을 넘어선 것이다.

작년 말 외국인들은 모건스탠리캐피털인터내셔널(MSCI)의 중국 주식 편입 비중 확대 등에 따른 한국 비중 축소 등의 여파로 작년 11월 7일부터 12월 5일까지 21거래일 연속 5조706억원을 순매도했다.

 이날 국내 증시는 국제 유가의 움직임에 주목했다.

도널드 트럼프 미국 대통령은 지난 2일(현지시간) 트위터를 통해 사우디아라비아와 러시아의 원유 감산 가능성을 시사했지만, 그 구체적인 내용은 확인되지 않았고 불확실성이 다시 부각됐다.

이원 부국증권 연구원은 ""원유 감산 기대감에 상승 출발했던 코스피는 원유 선물이 하락하자 장중 약세로 돌아섰다""며 ""미국 증시에서 지수 선물도 약세를 보인 점이 부담이 됐다""이라고 분석했다.

이 연구원은 ""다만 장 종료를 앞두고 연기금의 저가 매수세가 유입되면서 지수는 상승 전환한 것으로 보인다""라고 추측했다.

시가총액 상위 종목 가운데 삼성전자(0.43%), 삼성바이오로직스(0.65%), 셀트리온(0.51%), LG생활건강(2.56%) 등은 올랐다.

반면 SK하이닉스(-0.50%), 네이버(-0.86%), LG화학(-0.17%), 현대차(-0.35%), 삼성물산(-0.93%) 등은 내렸다.업종별로는 증권(-2.12%), 운수·창고(-1.34%), 보험(-0.91%) 등이 약세였고 종이·목재(1.86%), 음식료품(1.65%), 철강 금속(1.40%) 등은 강세였다.

주가가 오른 종목은 506개, 내린 종목은 328개였다. 보합은 67개 종목이었다.

프로그램 매매는 차익거래와 비차익거래는 매도 우위로, 전체적으로는 3천730억원의 순매도로 집계됐다.

유가증권시장의 거래량은 9억3천936만주, 거래대금은 9조9천773억원이었다.

코스닥지수는 전장보다 5.31포인트(0.94%) 오른 573.01로 마감했다.

지수는 전장보다 3.59포인트(0.63%) 오른 571.29로 개장해 오후 들어 하락세로 돌아섰다가 막판에 강세로 마감했다.

코스닥시장에서는 개인이 1천23억원을 순매수했다. 외국인과 기관은 각각 314억원, 746억원을 순매도했다.

시총 상위주 중에는 셀트리온헬스케어(1.61%), 에이치엘비(0.31%), 펄어비스(0.26%), 씨젠(3.31%), 셀트리온제약(0.15%), CJ ENM(0.70%) 등은 올랐다.

스튜디오드래곤(-1.22%), 케이엠더블유(-0.70%), 코미팜(-1.39%), 헬릭스미스(-1.39%) 등은 내렸다.

코스닥시장의 거래량은 13억1천605만주, 거래대금은 9조2천593억원 수준이었다.

서울 외환시장에서 원/달러 환율은 전날보다 달러당 2.6원 오른 1,230.9원에 마감했다.

kihun@yna.co.kr",/news/news_read.nhn?article_id=0011521830&office_id=001&mode=search&query=LG생활건강&page=1
시가총액 상위종목 혼조 마감,"코스피 지수가 1700선에 안착했다. 외국인과 기관이 동반 순매도했다.3일 코스피 지수는 전 거래일대비 0.58포인트(0.03%) 상승한 1725.44를 기록했다. 개인이 홀로 3494억원을 순매수한 반면 외국인과 기관이 각각 2913억원, 827억원을 팔아치웠다.업종별 등락지수를 살펴보면 음식료품(1.65%), 섬유·의복(1.30%), 종이·목재(1.86%), 의약품(1.13%) 등은 상승세를 기록한 반면 화학(-0.35%), 의료정밀(-1.18%), 운송장비(-0.89%), 유통업(-0.41%) 등은 하락세로 거래를 마쳤다.시가총액 상위종목별로는 혼조세로 마감했다. 삼성전자(0.43%), 삼성바이오로직스(0.65%), 셀트리온(0.51%), LG생활건강(2.56%) 상승한 반면 SK하이닉스(-0.50%), 네이버(-0.86%), LG화학(-0.17%), 현대차(-0.35%) 등이 하락했다.코스닥 지수는 전 거래일대비 5.31포인트(0.94%) 상승한 573.01을 기록했다.데일리안 이미경 기자 (esit917@dailian.co.kr)ⓒ (주)데일리안 - 무단전재, 변형, 무단배포 금지",/news/news_read.nhn?article_id=0002393502&office_id=119&mode=search&query=LG생활건강&page=1
,"[서울=뉴시스] 김제이 기자 = 코스피가 국제유가의 등락에 따라 오름세와 내림세를 반복하다 강보합권에서 거래를 마쳤다.3일 코스피지수는 전 거래일(1724.86)보다 0.58포인트(0.93%) 오른 1725.44에 마감했다. 지수는 6.31포인트(0.37%) 오른 1731.17에 출발해 장 중 상승구간과 하락구간을 맴돌다 강보합 마감했다.유가증권시장에서 외국인과 기관투자자는 각각 2913억원, 831억원 순매도한 반면 개인투자자들은 3299억원 순매했다.이날 업종별로는 희비가 교차한 모습이다. 증권(-2.12%), 운수창고(-1.34%), 의료정밀(-1.18%), 보험(-0.91%) 등은 크게 내렸지만, 종이목재(1.86%), 음식료품(1.65%), 철강금속(1.40%), 섬유의복(1.30%), 의약품(1.13%) 등은 상승세로 마감했다.시가총액 상위 종목 10개도 혼조세를 보였다. 코스피 대장주 삼성전자는 전 거래일 대비 200원(0.43%) 오른 4만7000원에 거래를 마쳤다. LG생활건강은 2%대로 오르며 가장 많이 상승했다. 반면, 삼성물산(-0.93%), 네이버(-0.86%), SK하이닉스(-0.50%), 현대차(-0.35%), LG화학(-0.17%) 등은 내렸다.코스닥지수는 전 거래일(551.84)보다 전 거래일(567.70)보다 3.59포인트(0.63%) 오른 571.29에 출발한 뒤 5.31포인트(0.94%) 오른 573.01에 마감했다.코스닥시장에서 개인은 1023억원을 순매수했으나, 외국인과 기관은 각각 314억원, 746억원을 순매도했다.코스닥 시총 상위 10개 종목 중 씨젠(3.31%)로 가장 많이 올랐다. 셀트리온헬스케어(1.61%), CJ ENM(0.70%) 등도 상승했다. 헬릭스미스(-2.00%), 코미팜(-1.39%), 스튜디오드래곤(-1.22%), 케이엠더블유(-0.70%) 등은 내렸다.이날 도널드 트럼프 미국 대통령이 사우디아라비아와 러시아의 감산 합의 가능성을 언급하면서 국제유가는 반등했다. 하지만 아시아 시장에서 유가는 다시 하락세를 보이자 아시아 증시 역시 국제 유가 상승의 힘을 받지 못한 모습이다.. 실제 감산이 이뤄지려면 미국을 포함한 주요 산유국들이 합의해야 하는데, 당장 미국은 감산 고려를 하지 않는 것으로 알려졌다.뉴욕증권거래소(NYSE)에서 2일(현지시간) 다우존스30 산업평균지수는 469.93포인트(2.24%) 오른 2만1413.44에 거래를 마쳤다. 스탠더드앤드푸어스(S&P) 500지수는 56.40포인트(2.28%) 상승한 2526.90에, 나스닥지수는 126.73포인트(1.72%) 오른 7487.31에 각각 거래를 마감했다. jey@newsis.com<ⓒ 공감언론 뉴시스통신사. 무단전재-재배포 금지>",/news/news_read.nhn?article_id=0009795198&office_id=003&mode=search&query=LG생활건강&page=1
▶ 네이버 홈에서 [한국경제TV] 채널 구독하기 [생방송보기]▶ 대한민국 재테크 총집결! - [증권 / 주식상담 / 부동산],"[한국경제TV 박준식 기자]코스피 시장이 3일 개인과 외국인의 수급이 엇갈리며 강보합으로 마감했다.이날 코스피지수는 전 거래일보다 0.58포인트(+0.03%) 상승한 1725.44로 장을 마쳤다.장 초반에는 글로벌 원유 감산에 따른 기대심리로 상승했다.하지만 아시아장에서 원유 가격이 하락세로 돌아섰고, 미국 선물지수 또한 약세를 보이며 등락을 거듭했다.이날 개인은 3502억 원을 순매수 했으며 기관은 834억 원을, 외국인은 2895억 원을 각각 순매도 했다.외국인은 22일거래일 연속 순매도였고 개인은 8거래일 연속 매수 우위로 수급을 이어갔다.업종별로는 의약품(+2.97%), 철강및금속(+2.29%) 섬유·의복(+1.95%) 등의 업종이 상승세를 보였다.반면 의료정밀(-0.77%) 통신업(-0.41%) 등은 하락세를 보였다. 그 밖에 비금속광물(+1.81%) 종이·목재(+1.56%) 전기가스업(+1.22%) 등의 업종이 동반 상승했으며, 금융업(-0.12%) 등의 업종은 하락했다.시가총액 상위 20개 종목 가운데 8개 종목이 상승세를 보였다.삼성전자는 0.43% 오른 4만7000원에 마감했으며, LG생활건강이 2.56% 오른 116만4000원에 마감했으며, 삼성전자우(+1.01%), 삼성바이오로직스(+0.65%)가 오름세를 보인 반면 KB금융(-1.74%), 엔씨소프트(-1.37%), 현대모비스(-1.20%)는 하락했다.코스닥 시장 역시 개인의 매수세에 힘입어 전 거래일보다 5.31포인트(+0.94%) 오른 573.01로 상승 마감했다.한편 외환시장에서 원달러 환율은 1231원(+0.24%)으로 상승한 채 마감했다박준식기자 parkjs@wowtv.co.krⓒ 한국경제TV, 무단 전재 및 재배포 금지",/news/news_read.nhn?article_id=0000861620&office_id=215&mode=search&query=LG생활건강&page=1
,"손희연 기자 son90@mt.co.kr
<저작권자 ⓒ '성공을 꿈꾸는 사람들의 경제 뉴스' 머니S, 무단전재 및 재배포 금지>",/news/news_read.nhn?article_id=0000526772&office_id=417&mode=search&query=LG생활건강&page=1
코스피 강보합세…0.03% 오른 1725.44 마감,"[더팩트ㅣ박경현 기자] 코스피와 코스닥이 전일 뉴욕증시의 상승과 유가하락 등 하루 동안 호재와 악재의 영향 속 혼조세를 겪었지만 강보합 마감했다.3일 코스피는 전장 대비 0.58포인트(+0.03%)오른 1725.44에 장을 마쳤다. 코스피시장은 이날 개인이 강한 매수세를 보였다. 개인은 3495억 원을 사들인 반면 매도포지션으로 전향한 기관은 827억 원을, 외국인은 2895억 원을 팔아치웠다.시가총액 상위 종목은 엇갈린 등락을 보였다. 삼성전자(+0.43%), 삼성전자우(+1.02% ), 삼성바이오로직스(+0.65%), 셀트리온(+0.51%), LG생활건강(+2.56%)은 오른 반면 SK하이닉스(-0.50%), NAVER(-0.86%), LG화학(-0.17%), 현대차(-0.35%), 삼성물산(-0.93%)은 내림세로 장을 마쳤다.이날 업종은 건축제품(+12.47%)이 강세였다. 뒤를 이어 담배, 사무용전자제품, 가정용품, 생명과학도구 및 서비스가 3~5%가량 올랐다. 반면 항공사, 디스플레이패널, 복합유틸리티, 증권, 석유와가스 등은 2~4%가량 내렸다.코스닥 시장 역시 장중 혼조를 겪었지만 반등에 성공했다. 이날 코스닥은 전 거래일 대비 5.31포인트(+0.94%)오른 573.01선에 거래를 마쳤다.코스닥에서도 개인이 매수포지션을 유지한 가운데 개인은 1023억 원을 사들인 반면 외국인과 기관은 각각 327억 원, 747억 원을 순매도했다.이날 코스닥 시가총액별 상위 종목 주가 역시 엇갈렸다. 셀트리온헬스케어(+1.61%), 에이치엘비(+0.31%), 씨젠(+3.31%), 셀트리온제약(+0.15%), CJ ENM(+0.70%)은 올랐고, 스튜디오드래곤(-1.22%), 케이엠더블유(-0.70%), 코미팜(-1.39%), 헬릭스미스(-2.00%)는 하락하며 장을 마감했다.pkh@tf.co.kr저작권자 ⓒ 특종에 강한 더팩트 & tf.co.kr 무단 전재 및 재배포 금지",/news/news_read.nhn?article_id=0000021379&office_id=629&mode=search&query=LG생활건강&page=1
,"[머니투데이 김사무엘 기자] [[내일의 전략]]1분기가 마무리 되면서 기업들의 1분기 실적에 시장의 관심이 집중된다. 코로나19(COVID-19)로 인한 실물경제 충격이 어느정도인지를 가늠할 수 있는 대표적인 지표 중 하나이기 때문이다. 가장 관심이 높은 기업은 단연 삼성전자다. 오는 7일 1분기 잠정실적이 발표될 예정이다. 최근 급반등한 증시도 1분기 실적을 확인하기 전까지 관망세가 유지되고 있다.3일 코스피 지수는 전일 대비 0.58포인트(0.03%) 오른 1725.44에 마감했다. 시작은 0.38% 상승 출발했지만 장 중 1%대 상승과 하락을 오가며 결국은 보합권에서 마무리됐다.투자자별로는 개인이 3495억원 순매수했고 외국인과 기관은 각각 2895억원, 827억원 순매도 했다. 외국인은 코스피 시장에서 지난달 5일부터 22거래일 연속 순매도를 유지 중이다.업종별로는 종이·목재, 음식료품, 철강·금속 중심으로 오른 반면 의료정밀, 운수창고, 증권, 보험 등은 약세를 보였다. 종목별로는 삼성전자가 전일 대비 200원(0.4%) 오른 4만7000원에 마감했고 SK하이닉스는 400원(0.5%) 내린 7만9600원에 거래를 마쳤다. 삼성바이오로직스, 셀트리온, LG생활건강 등은 소폭 오른 반면, NAVER, 현대차, 현대모비스, 삼성물산 등은 하락해 시장은 전체적으로 혼조세를 나타냈다.외국인의 순매도가 이어지고 있지만 한국 자본시장에서 완전 자금을 빼내고 있는 것은 아니다. 선물 시장에서는 최근 5거래일 연속 순매수 중이다. 이날 코스피200 선물 3665억원 어치 순매수 한 것을 포함에 최근 5거래일 간 총 1조6527억원 어치의 선물을 순매수했다.외국인이 현물을 팔고 선물을 매수하는 것은 현물과 선물 간 가격 차이로 인한 차익거래 때문으로 풀이된다. 최근 코스피200 선물 가격은 현물 가격을 밑도는 '백워데이션'이 지속 중이다. 이날 코스피200 선물은 전일 대비 0.25포인트(0.11%) 하락한 231.4에 마감해 코스피200 지수(231.7)를 하회했다.코로나19로 인한 증시 충격 이후 시장이 최근 급반등하면서 잠시 숨고르기에 들어갔다는 분석이다. 코스피 지수는 지난달 19일 1439.43으로 바닥을 찍은 뒤 반등해 4거래일만에 1700선까지 올라왔다. 이후 약 일주일간 1700선을 오가는 보합장세가 유지 중이다.경기침체 우려가 상종한 가운데 각국 정부가 금리 인하, 양적완화, 재난소득지급 등 경기부양정책을 쏟아내면서 긍정적 요인과 부정적 요인이 혼재된 상황이다. 시장도 향후 경기 방향성과 코로나19가 실물경제에 미칠 영향 등을 가늠하며 신중한 모습이다.주요 신용평가사와 금융기관들은 올해 세계 경제의 역성장이 불가피할 것이란 전망을 내놓고 있다. 기업들의 실적 타격도 불가피할 것으로 분석된다. 다만 코로나19로 인한 충격이 생각보다 크지 않을 수 있다는 분석이 나오면서 1분기 기업들의 실적에 관심이 쏠린다.국내에서 가장 관심이 집중되는 기업은 삼성전자다. 오는 7일 1분기 잠정실적을 발표하는데 시장 전망치는 매출액이 전년 동기대비 6.2% 늘어난 55조6217억원, 영업이익은 지난해와 거의 유사한 6조2381억원이다.증권가에서는 삼성전자의 1분기 영업이익 6조원 달성 여부가 향후 코스피 방향성의 분수령이 될 것으로 예상하고 있다. 하나금융투자에 따르면 현재 코스피 지수 레벨은 올해 코스피 전체 영업이익이 100조원대를 턱걸이 할 수 있다는 예상을 반영하고 있다. 상반기 이후 코로나가 소강상태에 접어들고 기업 이익도 정상화 할 가능성을 감안하면 1분기에는 최소 영업이익 20조원을 달성해야 하고, 가장 비중이 큰 삼성전자가 이중 6조원 이상을 기록해야 가능한 수치라는 계산이다.김용구 하나금융투자 연구원은 ""시장 이목은 삼성전자 1분기 잠정실적 발표를 필두로 한 국내외 증시 실적변수에 집중될 것""이라며 ""현재 코스피의 1분기 영업이익 예상치는 28조8000억원인데 실물경제 셧다운 후폭풍 등을 고려하면 예상치 달성 가능성은 미미하다""고 분석했다.김사무엘 기자 samuel@mt.co.kr
<저작권자 ⓒ '돈이 보이는 리얼타임 뉴스' 머니투데이, 무단전재 및 재배포 금지>",/news/news_read.nhn?article_id=0004388964&office_id=008&mode=search&query=LG생활건강&page=1
"코스피, 이틀 연속 상승개인, 8거래일 연속 순매수외국인은 22거래일 연속 순매도코스닥도 소폭 상승","[한국경제TV 신재근 기자]코스피가 강보합으로 마감했다.3일 코스피는 전 거래일 대비 0.58포인트(0.03%) 오른 1,725.44에 거래를 마쳤다.지수는 트럼프 미국 대통령의 러시아와 사우디 간 감산 합의 소식에 1,740선까지 올랐으나, 감산 정도에 대한 불확실성에 상승폭을 줄였다.수급 주체별로는 개인이 3,495억원을 순매수한 가운데 외국인(-2,913억원)과 기관(-827억원)은 동반 매도했다.외국인은 이날 포함 코스피에서 22거래일 연속 순매도 행진을 이어갔다.다만 외국인은 전기·전자(-285억원)에 대해선 매도폭을 크게 줄였다.개인은 시가총액 상위 종목을 중심으로 매수를 했다.코스피 시가총액 상위 10개 종목은 혼조세를 보였다.삼성전자(0.43%)와 삼성바이오로직스(0.65%), 셀트리온(0.51%), LG생활건강(2.56%)이 상승한 반면, SK하이닉스(-0.50%)와 NAVER(-0.86%), LG화학(-0.17%), 현대차(-0.35%), 삼성물산(-0.93%), 삼성SDI(-0.64%)는 하락 마감했다.코스닥도 소폭 상승했다.이날 코스닥지수는 전장보다 5.31포인트(0.94%) 오른 573.01에 장을 마쳤다.코스피와 마찬가지로 개인(1,023억원)의 매수세가 유입된 가운데 외국인(-314억원)과 기관(-746억원)이 팔자에 나섰다.업종별로는 운송(-1.60%)과 오락·문화(-0.72%)를 제외하고 모두 올랐다.특히 인터넷(4.49%) 업종이 강세를 보였다.코스닥 시총 상위 종목 가운데선 셀트리온헬스케어(1.61%)와 에이치엘비(0.31%), 펄어비스(0.26%), 씨젠(3.31%), 셀트리온제약(0.15%), CJ ENM(0.70%)이 올랐다.스튜디오드래곤(-1.22%)과 케이엠더블유(-0.70%), 코미팜(-1.39%), 헬릭스미스(-2.00%)는 내렸다.원/달러 환율은 소폭 상승했다.서울 외환시장에서 원/달러 환율은 전날보다 2.6원 오른 달러당 1,230.9원에 종가가 결정됐다.증권가에서는 중국 인민은행의 위안화 절하 고시 소식과 외국인 투자자의 배당송금 수요 영향 등이 환율을 끌어올린 요인으로 분석했다.신재근기자 jkluv@wowtv.co.krⓒ 한국경제TV, 무단 전재 및 재배포 금지",/news/news_read.nhn?article_id=0000861624&office_id=215&mode=search&query=LG생활건강&page=1
3월 수출액 사상 최대·온라인 성장세·생활용품 성장,"[더팩트｜이진하 기자] 신종 코로나바이러스 감염증(코로나19)로 1분기 전망이 어두웠던 화장품 업계가 3월 사상 최대 수출액을 기록하면서 반등에 대한 기대감이 높아지고 있다.3일 한국무역통계진흥원에 따르면 지난 3월 한 달 동안 화장품 수출액은 약 6억2000만 달러 수준으로 잠정 집계됐다. 이는 전년 동기 대비 30%가량 증가한 수치로 월간 사상 최대 수준이다. 특히 중국과 홍콩 등 중화권 수출이 40%, 일본 수출이 62%씩 늘면서 증가세를 견인했다.정혜진 현대차증권 연구원은 ""과거 유사 사례와 비교했을 때 중국 현지 수요는 코로나19로 인해 단기적으로 위축되더라도 3~4개월 정도의 시차를 두고 이슈가 진정 국면에 접어들면 다음 분기 회복될 수 있을 것""이라고 말했다.이어 ""온라인 채널의 수요는 비교적 견조하고, 소독 관련된 케어 제품의 현지 수요가 큰 폭으로 증가했다""며 ""향후에도 관련 제품 수요는 지속될 것""으로 전망했다.주요 기업들의 실적 상승 기대도 높아지고 있다. 아모레퍼시픽은 '설화수'를 포함해 올해 초 론칭한 '시예누'까지 가세하면서 중국 럭셔리 프리미엄 화장품 시장 수요에 편승해 매출 성장을 꾀한다는 전략이다.아모레퍼시픽의 올해 1분기 실적은 연결 매출액 1조3769억 원, 연결 영업이익 1420억 원을 기록할 것으로 전망된다. 이는 전기 대비 각각 3.2%, 209.4% 증가한 수치다.미국, 일본 등 중국 외 해외 진출에 속도를 높이고 있는 LG생활건강 역시 올해 1분기 생활용품과 음료사업부문에서 견조한 실적이 예상된다. 1분기 연결 매출액은 1조9628억 원, 영업이익은 3121억 원으로 전기 대비 매출액은 2.5% 줄겠지만, 영업이익은 29.5% 증가할 것으로 예상된다.정혜진 연구원은 ""연초 발생한 단기 불확실성 이슈는 수요가 일시 지연되는 효과를 줬지만, 한국 화장품에 대한 수요 자체의 훼손이나 감소로 이어지지 않을 것으로 전망된다""며 ""업황에 우호적인 환경이 조성되면서 하반기 실적이 개선될 것으로 보인다""고 분석했다.jh311@tf.co.kr저작권자 ⓒ 특종에 강한 더팩트 & tf.co.kr 무단 전재 및 재배포 금지",/news/news_read.nhn?article_id=0000021395&office_id=629&mode=search&query=LG생활건강&page=1
"외국인, 삼성SDI 327억 원 팔아 최대 매도","[더팩트ㅣ박경현 기자] 3일 코스피시장 수급은 기관이 매도포지션으로 전환한 가운데 개인 매수세가 강했다. 이날 개인은 3495억 원을 사들인 반면 기관은 827억 원을, 외국인은 2895억 원을 팔아치웠다. 시장은 오후 장중 혼조세를 보이다 강보합 마감했다.이날 코스피에서 외국인의 기업 최대매수는 SK하이닉스로 향했다. 외국인투자자 매수는 SK하이닉스 294억 원, SK텔레콤 106억 원, 셀트리온 105억 원, LG생활건강 95억 원, 남선알미늄 83억 원 순이었다.반면 삼성SDI는 327억 원 가량 팔며 가장 많이 매도했다. 뒤를 이어 NAVER 316억 원, S-Oil에 279억 원, LG화학에 266억 원, SK이노베이션에 152억 원을 순매도했다.코스닥 시장에서는 케이아이엔엑스(53억 원), NHN한국사이버결제(52억 원)을 매수한 반면 셀트리온헬스케어(155억 원), 에이치엘비(50억 원)을 매도했다.기관투자자는 NAVER 190억 원, KT&G 81억 원, 고려아연 80억 원을 순매수 했다.반면 이날도 기관의 최대 순매도는 삼성전자 였다. 기관은 삼성전자 284억 원, SK하이닉스 261억 원, S-Oil 127억 원, SK이노베이션 109억 원 순으로 순매도 했다.이에 시가총액 상위 종목은 엇갈린 등락을 보였다. 삼성전자(+0.43%), 삼성전자우(+1.02% ), 삼성바이오로직스(+0.65%), 셀트리온(+0.51%), LG생활건강(+2.56%)은 오른 반면 SK하이닉스(-0.50%), NAVER(-0.86%), LG화학(-0.17%), 현대차(-0.35%), 삼성물산(-0.93%)은 내림세로 장을 마쳤다.pkh@tf.co.kr저작권자 ⓒ 특종에 강한 더팩트 & tf.co.kr 무단 전재 및 재배포 금지",/news/news_read.nhn?article_id=0000021408&office_id=629&mode=search&query=LG생활건강&page=1
,"외국인 투자자는 03일 거래소에서 KODEX MSCI Korea TR, SK하이닉스, SK텔레콤 등을 중점적으로 사들인 것으로 나타났다.외국인 투자자의 순매수 상위 20개 종목은 KODEX MSCI Korea TR, SK하이닉스, SK텔레콤, 셀트리온, LG생활건강, 남선알미늄, 한진칼, KODEX 코스닥150 레버리지, POSCO, KODEX 코스닥 150등이다.이중에 의약품 업종에 속한 종목이 6개 포함되어 있다.SK텔레콤, 셀트리온, LG생활건강 등은 전일 대비 주가가 상승했고, SK하이닉스, 한진칼, 녹십자 등은 주가가 하락했다.한경로보뉴스이 기사는 한국경제신문과 금융 AI 전문기업 씽크풀이 공동 개발한 기사 자동생성 알고리즘에 의해 실시간으로 작성된 것입니다.▶ ▶
 ▶
ⓒ 한국경제 & , 무단전재 및 재배포 금지",/news/news_read.nhn?article_id=0004318473&office_id=015&mode=search&query=LG생활건강&page=1
,"기관 투자자는 03일 거래소에서 KODEX WTI원유선물(H), KODEX 레버리지, KODEX 코스닥150 레버리지 등을 중점적으로 사들인 것으로 나타났다.기관 투자자의 순매수 상위 20개 종목은 KODEX WTI원유선물(H), KODEX 레버리지, KODEX 코스닥150 레버리지, NAVER, 삼성바이오로직스, TIGER 원유선물Enhanced(H), KT&G, 고려아연, 엔씨소프트, LG생활건강등이다.이중에 서비스업 업종에 속한 종목이 4개 포함되어 있다.KODEX WTI원유선물(H), KODEX 코스닥150 레버리지, 삼성바이오로직스 등은 전일 대비 주가가 상승했고, KODEX 레버리지, NAVER, 엔씨소프트 등은 주가가 하락했다.한경로보뉴스이 기사는 한국경제신문과 금융 AI 전문기업 씽크풀이 공동 개발한 기사 자동생성 알고리즘에 의해 실시간으로 작성된 것입니다.▶ ▶
 ▶
ⓒ 한국경제 & , 무단전재 및 재배포 금지",/news/news_read.nhn?article_id=0004318474&office_id=015&mode=search&query=LG생활건강&page=1
