head,text,url
,"'봄볕엔 며느리 내보내고 가을볕엔 딸 내보낸다'는 옛말이 있다. 가부장적 성격의 이 속담엔 '봄 햇살은 피하는 게 좋다'는 뜻이 담겨 있다. 기온이 올라가면서 자외선 차단제를 찾기 시작했다. 올해는 기능성 이외에 '천연 원료'와 '친환경 성분'을 강조하는 제품들이 나오고 있다.생활문화기업 의 여성 화장품 브랜드 '아떼'는 23일 국내에서 처음으로 비건(vegan·동물성 재료를 사용하지 않은 제품) 인증을 받은 자외선 차단 제품 '비건 릴리프 선케어'를 출시했다. 선에센스, 선비비, 선쿠션 3종이다. 이 제품은 천연 미네랄 성분을 활용해 자외선을 반사시킨다. 동물성 원료를 첨가하지 않고, 동물실험도 하지 않았다고 한다.LF 측은 ""국내에서 처음으로 비건 화장품 검증 기관인 프랑스 '이브'와 영국 '비건 소사이어티'에서 인증을 받은 자외선 차단제""라고 했다.자외선 차단제의 성분을 깐깐히 따지게 된 것은 단지 피부를 위한 것만은 아니다. 몸에 바른 자외선 차단제 성분이 물을 오염시키고, 산호초 등에 피해를 준다는 연구 결과가 나오면서, 하와이 등이 화학 성분이 포함된 자외선 차단제 사용을 금지하고 있다. CNP 차앤박화장품의 '마일드 카밍 선로션'은 100% 무기 성분으로 만든 자외선 차단제다. 옥시벤존과 옥티노세이트 등 일반적인 자외선 차단제에 들어가는 화학 성분이 전혀 포함되지 않았다. 수련꽃 추출물 같은 천연 성분을 활용해 피부를 진정시키는 효과도 있다고 한다. 아이오페의 'UV쉴드 스킨 에너지 선(SPF50+)'은 파라벤, 동물성 원료, 색소, 계면활성제 같은 화학 성분이 들어 있지 않다. 대신 편백나무잎 추출물을 사용했다.[이성훈 기자] 	[]	[]	[] 	- Copyrights ⓒ 조선일보 & chosun.com, 무단 전재 및 재배포 금지 -",/news/news_read.nhn?article_id=0003517113&office_id=023&mode=search&query=LG생활건강&page=2
,"◆ 창간 54 다시 뛰는 기업 ◆
LG가 코로나19 사태로 우리 사회가 겪고 있는 어려움을 함께 나누고 이겨내기 위해 감염 확산 예방과 피해 회복 지원에 총력을 다하고 있다. LG는 지주회사 LG와 계열사 CSR팀으로 상시 지원 태스크포스(TF)를 구성해 코로나19 관련 지원 방안을 마련해 실행하고 있다. 특히 현재 가장 도움이 필요한 대구·경북 지역 의료 현장을 중점 지원하고 있다.먼저 LG는 코로나19 확진자 증가에 따른 대구·경북 지역 병상 부족 사태를 해결하는 데 힘을 보태기 위해 총 550실 규모의 경북 지역 기숙사와 연수원 등을 생활치료센터로 제공했다. 이번에 제공한 시설은 383실 규모의 구미 LG디스플레이 기숙사와 167실 규모의 울진 LG생활연수원이다.구미 LG디스플레이 기숙사는 경북 구미시 2공단에 위치했으며 연면적은 2만5000㎡다. 욕실을 갖춘 원룸 형태 267실과 방 2개와 욕실 등을 갖춘 아파트 형태 116실로 구성돼 최대 499명을 수용할 수 있다. LG디스플레이는 1995년 구미에 첫 공장을 설립한 이래 현재 구미를 중소형 플라스틱 유기발광다이오드(OLED) 생산 거점으로 육성하고 있어 지역 사회의 어려움을 나누고자 의료 현장에서 절실하게 필요로 하는 치료 시설을 지원하기로 결정했다.경북 울진군에 위치한 LG생활연수원은 임직원을 위한 휴양 시설로, 연면적 약 2만2000㎡에 167개 독립 객실을 보유하고 있다. 해당 시설은 각 지방자치단체 등과 협의해 비교적 경증환자가 격리된 상태에서 의료진에게 관리받을 수 있는 치료센터로 사용된다. 이와 함께 LG는 최일선에서 코로나19와 사투를 벌이고 있는 대구·경북 지역 의료진을 위해 방호복 등 보호장구, 생필품, 건강관리 가전제품, 업무 연락용 휴대폰 등을 긴급히 확보해 지원하기로 했다. 구체적으로는 의료용 방호복 1만벌, 방호용 고글 2000개, 의료용 마스크 10만장을 대구·경북 지역 의료진에게 지원한다. 방호복 등 보호장구가 부족해 자칫 감염 위험에 노출되는 등 환자를 돌보는 의료진이 겪고 있는 어려움을 덜기 위한 것이다. 지원되는 보호장구는 LG상사, LG전자, LG디스플레이 등 LG 계열사가 글로벌 네트워크를 총가동해 긴급히 확보한 것이다.LG생활건강은 현장 의료진의 불편을 덜어줄 소용량 생수, 휴대용 세면도구, 소독 제품을 3월 한 달간 매주 공급하기로 했다. LG유플러스는 의료진의 긴급 업무 연락과 환자 상담용 휴대폰이 부족한 상황에 따라 대구시 등을 통해 임대폰 100대와 통신요금을 지원하기로 했다.LG전자는 건조기와 공기청정기 등 건강관리 가전제품을 지원한다. LG전자 주요 사업장이 있는 경북 구미와 경남 창원을 중심으로 공기청정기, 건조기 등 가전제품을 기부했다.
 또 LG는 코로나19 확산 방지와 피해 지원을 위해 50억원을 사회복지공동모금회에 기탁했으며, LG생활건강은 10억원 상당 핸드워시 제품을 지원했다. 성금은 확진자 지원, 지역사회 감염 확산 예방을 위한 방역 물품 지원과 함께 피해가 큰 대구·경북 지역을 중심으로 재난 취약계층과 저소득층 지원 등에 사용될 예정이다.LG는 연구개발(R&D) 인력 2만2000여 명을 집결한 LG사이언스파크를 중심으로 그룹의 미래 먹거리를 발굴해가고 있다. LG는 미래를 준비하기 위해 LG사이언스파크를 중심으로 4차 산업혁명 공통 핵심인 인공지능(AI), 빅데이터, 증강현실(AR)·가상현실(VR) 분야 기술을 우선적으로 육성한다는 계획이다. LG그룹은 지난해 4월 LG사이언스파크 산하에 'AI 담당'을 신설하고 중장기 AI 전략과 비즈니스 모델 발굴에 힘쓰고 있다. 또 LG사이언스파크를 오픈 이노베이션을 통한 개방형 R&D 생태계의 중심지로 육성해가고 있다.
[황순민 기자] [ⓒ 매일경제 & mk.co.kr, 무단전재 및 재배포 금지]",/news/news_read.nhn?article_id=0004542482&office_id=009&mode=search&query=LG생활건강&page=2
,"◆ 창간 54 다시 뛰는 기업 ◆
LG생활건강이 지난해 화장품, 홈&퍼스널케어, 음료 등 전 사업부에서 사상 최대 실적을 경신해 의미 있는 성장을 이뤄냈다. 또 130년 전통의 에이본(Avon) 사업을 성공적으로 인수해 미주시장 진출 교두보도 확보했다. 올해에는 지속적으로 사업구조를 고도화하고 글로벌 경쟁력을 강화해 진정한 글로벌 회사로 도약한다는 계획이다. 차석용 LG생활건강 대표이사 부회장은 ""기존 글로벌 사업 전개의 기조를 유지하며 미주 사업의 성공적 안착을 가속화하자""며 ""화장품 사업 경쟁력 강화, 생활용품 통합 프리미엄 브랜드 육성, 음료 브랜드 시장 우위 강화 및 효율적인 공급체계 구축이 중요하다""고 강조했다.LG생활건강은 주요 해외 시장인 중국, 일본 등에서 사업 호조로 해외 사업 매출이 전년 대비 48% 증가하고 전사 매출 내 비중이 24%로 높아지는 등 성장을 지속하고 있다. 특히 중국에서는 '후' '숨' 등 럭셔리 화장품 브랜드들이 뛰어난 성과를 거두고 있다. LG생활건강은 중국 화장품 사업에 철저한 고급화 전략과 VIP 마케팅을 내걸고 있다. 이는 최근 중국 여성들의 고급화, 고소득화 추세로 고급 제품이 선호되기 때문이다.
LG생활건강의 대표 화장품 브랜드인 '후'는 2006년 중국에 론칭한 뒤 한류를 대표하는 궁중화장품이라는 차별화 포인트를 키워드로 내세워 인기를 얻고 있다. '후'는 현재 중국 내 최고급 백화점에 200여 개 매장을 운영하고 있으며 뛰어난 품질, 화려한 디자인, 럭셔리 마케팅으로 브랜드 이미지를 공고히 하고 있다.'후'를 이을 차세대 브랜드인 '숨'은 아시아를 대표하는 자연·발효 글로벌 브랜드로서의 입지를 보다 견고히 하기 위해 중화권 시장을 중심으로 해외 시장 확대에 박차를 가하고 있다. '숨'은 2016년 4월 말 중국 항저우 최고급 백화점인 우린인타이백화점에 첫 매장을 오픈하며 중국 현지 공략에 나섰다. '숨'은 순하면서도 좋은 효능의 제품을 찾는 중국 여성들에게 많은 인기를 얻으며 중국 대도시의 최고급 백화점을 중심으로 매장을 확대해 90여 개 매장을 운영하며 브랜드를 확산하고 있다. LG생활건강은 지난해 8월 미국 화장품 및 퍼스널케어 회사 뉴에이본의 인수 완료로 새로운 성장 동력을 확보했다. 미주시장은 아시아와 더불어 글로벌 화장품 및 퍼스널케어의 최대 시장으로, LG생활건강은 뉴에이본 인수를 통해 미주시장 진출을 뒷받침할 디딤돌을 마련했다. 뉴에이본의 북미지역 유통 네트워크와 인프라스트럭처 잠재력을 통해 미국을 교두보 삼아 가깝게는 캐나다와 남미, 나아가 유럽을 비롯한 기타 글로벌 시장에서 사업을 전개한다는 계획이다. 현재 뉴에이본은 외형 성장보다는 수익성 개선에 집중한다는 전략이다. 기존 저가 제품 중심으로 운영되던 포트폴리오를 더페이스샵, 헤어케어 치(CHI), LG생활건강의 보디, 헤어, 오랄케어 등 프리미엄 퍼스널케어 제품으로 재편성하고 현지 시장에 적합한 한국의 차별화된 화장품 및 퍼스널케어 제품을 선보임으로써 수익성 향상을 기대하고 있다. LG생활건강은 올해 초 유럽 더마화장품 대표 브랜드인 피지오겔의 아시아와 북미 사업권을 글로벌 제약사 글락소스미스클라인(GSK)에서 인수하는 계약을 체결했다. 피지오겔은 독일에서 시작된 더마화장품 브랜드로 아시아와 유럽, 남미에서 사업을 하고 있으며 국내에서 높은 인지도를 확보하고 있다. 더마화장품은 전 세계적으로 빠르게 성장하는 카테고리로 LG생활건강은 2014년 인수한 CNP(차앤박화장품) 브랜드를 지난해 연매출 1000억원을 넘어서는 메가 브랜드로 육성하는 데 성공했다. LG생활건강은 자체 보유한 연구 및 생산 역량 그리고 글로벌 네트워크 등을 활용해 피지오겔을 글로벌 대표 더마 브랜드로 육성한다는 계획이다. 피지오겔은 국내에서 진출 초기 병원 등을 중심으로 판매되다 브랜드 인지도 및 제품력 등을 인정받아 현재 H&B스토어를 중심으로 코스트코, 온라인몰 등 다양한 유통 채널을 통해 판매 중이다. 또 미국, 일본, 중국과 같이 미진출 시장에서 LG생활건강의 현지 법인을 활용해 사업을 확장해 나갈 계획이다. 북미시장은 사업관계를 갖고 있는 세포라, 얼타 등 유통망과 자체 유통망인 뉴에이본 등을 활용하고 일본은 주력 채널인 직접판매, 홈쇼핑 등을 활용할 예정이다. 중국에서는 광저우 공장을 적극적으로 활용해 현지 생산된 제품을 왓슨스와 같은 채널을 통해 판매할 계획이다. [심상대 기자] [ⓒ 매일경제 & mk.co.kr, 무단전재 및 재배포 금지]",/news/news_read.nhn?article_id=0004542526&office_id=009&mode=search&query=LG생활건강&page=2
▶ 네이버 홈에서 [한국경제TV] 채널 구독하기 [생방송보기]▶ 대한민국 재테크 총집결! - [증권 / 주식상담 / 부동산],"[한국경제TV 신재근 기자]코스피 시가총액 상위 종목이 반발 매수세 유입에 장 초반 상승 출발했다.24일 오전 9시 3분 현재 삼성전자는 전 거래일 대비 1,250원(2.94%) 오른 4만3,750원에 거래되고 있다.같은 시각 SK하이닉스(4.90%)와 삼성바이오로직스(4.59%), NAVER(4.90%), 셀트리온(7.43%), LG화학(5.78%), LG생활건강(1.88%), 삼성SDI(5.72%), 현대차(3.92%), 삼성물산(2.55%)도 상승 출발했다.특히 셀트리온은 코로나19 치료제 개발 기대감에 연이틀 강세다.신재근기자 jkluv@wowtv.co.krⓒ 한국경제TV, 무단 전재 및 재배포 금지",/news/news_read.nhn?article_id=0000858449&office_id=215&mode=search&query=LG생활건강&page=2
,"코스피시장의 시가총액(주식을 시가로 표시한 금액) 상위 종목에 빨간불이 들어왔다. 미국 중앙은행(Fed)가 무제한 '돈 풀기'를 시사해서다.24일 코스피지수가 장중 3% 넘게 올라 1500선을 다시 탈환한 가운데 시총 상위종목들도 상승하고 있다. 오전 9시21분 현재 대장주 삼성전자는 2% 넘게 상승하고 있고, SK하이닉스도 4% 넘게 오르고 있다. 삼성바이오로직스 셀트리온 LG화학 삼성SDI 현대모비스 엔씨소프트 카카오 등은 4~6%대로 오름세를 나타내고 있다. LG생활건강 SK텔레콤 등도 소폭 상승 중이다.Fed는 23일(현지시간) 성명을 통해 ""팬데믹(세계적 대유행)으로 번진 코로나바이러스는 미국과 세계에 엄청난 어려움을 일으키고 있다""면서 ""우리의 경제는 극심한 혼란에 직면했다. 도전적인 시기의 미국 경제를 뒷받침하기 위해 모든 범위의 도구를 사용할 것""이라고 밝혔다그러면서 연방공개시장위원회(FOMC)는 시장기능을 지원하기 위해 필요로 하는 만큼 국채와 주택저당증권(MBS)을 매입하기로 결정했다. 기업과 과계를 위한 대책도 내놨다. 미국 재무부는 환율안정기금(ESF)을 통해 300억달러를 제공한다. 한도는 3000억달러(약 380조원)다.지난 15일 기준금리를 '제로 수준'으로 끌어내리고 양적완화(QE)를 결정한 지 8일만에 파격적인 카드를 추가로 내놓은 셈이다.이송렬 한경닷컴 기자 yisr0203@hankyung.com▶ ▶
 ▶
ⓒ 한국경제 & , 무단전재 및 재배포 금지",/news/news_read.nhn?article_id=0004312154&office_id=015&mode=search&query=LG생활건강&page=2
,"[아시아경제 이민지 기자] 코스피가 개인의 매수세에 상승세다. 미국 중앙은행인 연방준비제도(Fed)가 무제한 양적완화 조치에 나서자 금융시장안정 대책 효과에 대한 기대감이 커진 것으로 판단된다.24일 오전 9시 16분 코스피는 전 장보다 2.66%(39.36포인트) 오른 1521.82를 가리키고 있다. 이날 코스피는 전 장보다 2.78%(41.23포인트) 오른 1523.69로 상승 출발했다.현재 유가증권시장에선 개인이 486억원을 사들였고 외국인과 기관은 각각 211억원, 318억원어치 주식을 팔아치웠다.업종별로는 의약품 (4.17%), 전기·전자(2.28%), 서비스업(1.85%), 운수·창고(1.90%) 등의 상승률이 높았다.시가총액 상위종목은 모두 상승세다. 같은 시각 삼성전자는 전 장보다 2.24% 오른 4만3450원에 거래됐다. 이외에 SK하이닉스(5.04%), 삼성바이오로직스(3.67%), 네이버(4.20%), 셀트리온(6.29%), LG화학(4.48%), LG생활건강(0.84%) 등도 상승세를 유지 중이다.같은 시각 코스닥지수는 전 장보다 2.73%(12.06포인트) 오른 455.82에 거래됐다. 이날 지수는 전 장보다 3.03%(13.45포인트) 오른 457.21에 장을 출발했다.서상영 키움증권 연구원은 “연준이 무제한 양적완화에 돌입한 데 따라 원·달러 환율 급등과 신용리스크 완화에 영향을 줄 것”이라며 “한국증시에 긍정적인 영향이 기대된다”고 설명했다.장 초반 코스닥시장에선 개인 홀로 93억원어치 주식을 샀다. 외국인과 기관은 79억원, 24억원어치 주식을 순매도했다.업종별로는 오락·문화(3.98%), 반도체(3.15%), 제약(3.36%), 유통(2.90%) 등의 상승률이 높았다.시가총액 상위종목 중에선 셀트리온제약이 19.8% 오른 5만2900원에 거래됐다. 셀트리온헬스케어는 전 장보다 3.76% 올랐다. 에이치엘비(1.34%), 스튜디오드래곤(8.77%), 펄어비스(3.43%), 휴젤(2.35%) 등도 오름세를 유지 중이다.이민지 기자 ming@asiae.co.kr <ⓒ경제를 보는 눈, 세계를 보는 창 아시아경제 무단전재 배포금지>",/news/news_read.nhn?article_id=0004648158&office_id=277&mode=search&query=LG생활건강&page=1
,"코스피시장의 시가총액(주식을 시가로 표시한 금액) 상위 종목에 빨간불이 들어왔다. 미국 중앙은행(Fed)가 무제한 '돈 풀기'를 시사해서다.24일 코스피지수가 장중 3% 넘게 올라 1500선을 다시 탈환한 가운데 시총 상위종목들도 상승하고 있다. 오전 9시21분 현재 대장주 삼성전자는 2% 넘게 상승하고 있고, SK하이닉스도 4% 넘게 오르고 있다. 삼성바이오로직스 셀트리온 LG화학 삼성SDI 현대모비스 엔씨소프트 카카오 등은 4~6%대로 오름세를 나타내고 있다. LG생활건강 SK텔레콤 등도 소폭 상승 중이다.Fed는 23일(현지시간) 성명을 통해 ""팬데믹(세계적 대유행)으로 번진 코로나바이러스는 미국과 세계에 엄청난 어려움을 일으키고 있다""면서 ""우리의 경제는 극심한 혼란에 직면했다. 도전적인 시기의 미국 경제를 뒷받침하기 위해 모든 범위의 도구를 사용할 것""이라고 밝혔다그러면서 연방공개시장위원회(FOMC)는 시장기능을 지원하기 위해 필요로 하는 만큼 국채와 주택저당증권(MBS)을 매입하기로 결정했다. 기업과 과계를 위한 대책도 내놨다. 미국 재무부는 환율안정기금(ESF)을 통해 300억달러를 제공한다. 한도는 3000억달러(약 380조원)다.지난 15일 기준금리를 '제로 수준'으로 끌어내리고 양적완화(QE)를 결정한 지 8일만에 파격적인 카드를 추가로 내놓은 셈이다.이송렬 한경닷컴 기자 yisr0203@hankyung.com▶ ▶
 ▶
ⓒ 한국경제 & , 무단전재 및 재배포 금지",/news/news_read.nhn?article_id=0004312154&office_id=015&mode=search&query=LG생활건강&page=1
,"[머니투데이 김사무엘 기자] 코로나19발(發) 경제위기를 극복하기 위한 미국의 무제한 양적완화 소식에 국내 증시도 화답했다. 개인의 강한 매수세가 유입되는 가운데 외국인도 한때 매수로 돌아서면서 코스피는 3%대 강세를 나타내고 있다.24일 오전 9시20분 기준 코스피 지수는 전일 대비 50.65포인트(3.42%) 오른 1533.11을 기록 중이다. 기관은 413억원 어치 순매도 중인 반면 개인은 333억원 어치 순매수다. 외국인은 장중 한 때 순매수로 돌아섰지만 현재 100억원 순매도다.업종별로는 코로나19 백신 개발 기대감이 높아진 의약품 업종이 4%대 강세를 보이고 있다. 전기·전자와 운수장비 등이 2%대 강세고 음식료, 화학, 기계, 철강·금속, 유통, 의료장비 등 대부분 업종이 상승세다.전날 셀트리온이 코로나19 백신 개발을 위한 임상을 6개월 이내 추진하겠다고 발표하면서 셀트리온, 셀트리온제약, 셀트리온헬스케어 모두 강세다.시총 상위 종목 중에서는 삼성전자가 2%대 오르는 중이고 SK하이닉스는 4% 이상 상승하고 있다. 삼성바이오로직스, NAVER, LG화학, LG생활건강, 현대차 등 시총 상위 주요종목 모두 빨간불(상승)이다.코스닥 지수는 전일 대비 17.6포인트(3.97%) 오른 461.36을 나타내고 있다. 외국인이 168억원 어치 순매수 중이고 개인과 기관이 각각 156억원, 16억원 순매도다.종목별로는 스튜디오드래곤이 10% 안팎 상승세를 보이고 펄어비스, 케이엠더블유, CJ ENM 등 시총 상위주 모두 오름세다.23일(현지시간) 미국 연방준비제도이사회는 긴급 성명을 통해 ""FOMC(연방공개시장위원회)는 목표 기준금리(0∼0.25%)를 유지하기 위해 미 국채와 주택저당증권(MBS)을 필요로 하는 만큼 매입키로 결정했다""고 밝혔다. 무제한으로 달러를 풀겠다는 양적완화 정책이 발표되면서 국내 증시도 반등한 모습이다.김사무엘 기자 samuel@mt.co.kr
<저작권자 ⓒ '돈이 보이는 리얼타임 뉴스' 머니투데이, 무단전재 및 재배포 금지>",/news/news_read.nhn?article_id=0004381831&office_id=008&mode=search&query=LG생활건강&page=1
,"미국 증시가 3% 넘게 하락했음에도 코스피 지수는 장초반 3% 넘는 상승세를 기록중이다.뉴욕증시는 미국 중앙은행인 연방준비제도(Fed·연준)의 ‘무제한’ 달러 풀기 조치에도 불구하고 트럼프 행정부의 슈퍼부양책이 미국 의회의 문턱을 넘지 못하면서 3% 넘게 추락했다.24일 오전 9시 25분 현재 코스피 지수는 전장대비 55.33포인트(3.73%) 상승한 1537.79를 기록중이다.이날 개인이 홀로 396억원을 순매수한 가운데 외국인과 기관이 각각 43억원 , 388억원을 팔아치우고 있다.시가총액 상위종목별로 살펴보면 삼성전자(3.53%), SK하이닉스(6.20%), 삼성바이오로직스(5.85%), 네이버(7.34%), 셀트리온(4.29%), LG화학(5.60%), LG생활건강(1.59%) 등 줄줄이 상승세다.코스닥 지수는 전장대비 18.10포인트(4.08%) 상승한 461.65를 기록중이다.한편 지난 23일(현지시간) 뉴욕증시의 다우존스30 산업평균지수는 582.05포인트(3.04%) 하락한 18,591.93에 거래를 마쳤다. 스탠더드앤드푸어스(S&P)500지수는 67.52포인트(2.93%) 내린 2,237.40에, 나스닥지수는 18.84포인트(0.27%) 하락한 6,860.67에 마감했다.데일리안 이미경 기자 (esit917@dailian.co.kr)ⓒ (주)데일리안 - 무단전재, 변형, 무단배포 금지",/news/news_read.nhn?article_id=0002390962&office_id=119&mode=search&query=LG생활건강&page=1
,"외국인 순매도 14일째 계속…기관도 '팔자'(서울=연합뉴스) 황재하 기자 = 신종 코로나바이러스 감염증(코로나19) 여파로 인한 금융시장 불안이 이어지는 가운데 24일 코스피가 일단 반등세로 출발했다.

이날 오전 9시 27분 현재 코스피는 전 거래일보다 53.39포인트(3.61%) 오른 1,536.05를 가리켰다.

지수는 41.23포인트(2.78%) 오른 1,523.69로 출발해 상승세를 이어가고 있다. 장중 한때는 최대 56.35포인트(3.80%) 오른 1,538.81을 기록했다.

유가증권시장에서는 전날까지 13거래일 연속 순매도한 외국인이 이날도 100억원어치를 순매도했고, 기관은 445억원어치를 순매도했다. 개인은 544억원을 순매수했다.

간밤 뉴욕증시에서는 미국 정부의 부양책에 대한 불확실성이 이어지면서 다우존스30 산업평균지수(-3.04%), 스탠더드앤드푸어스(S&P)500 지수(-2.93%), 나스닥 지수(-0.27%)가 모두 하락했다.

미국 연방준비제도(Fed·연준)는 뉴욕증시 개장 전 양적완화(QE) 규모를 기존의 7천억 달러에서 무한대로 확대한다고 밝혔지만, 지수 하락을 막지는 못했다.

서상영 키움증권 연구원은 ""연준의 국채 무제한 매입 발표로 최근 높아진 원/달러 환율 급등 리스크와 신용 리스크가 완화될 가능성이 크고, 이는 한국 증시에 긍정적""이라고 설명했다.

이어 ""전날 한국 증시 약세 요인이었던 미국 의회의 재정지출 법안 타결 실패 상황이 여전히 이어지고 있는 점은 부담으로 작용할 것""이라고 덧붙였다.

시가총액 상위 종목은 셀트리온(6.00%), SK하이닉스(5.04%), LG화학(4.66%), 삼성SDI(4.58%), 네이버(4.20%), 현대차(2.90%), 삼성바이오로직스(2.87%), 삼성전자(2.35%), 삼성물산(2.01%), LG생활건강(0.94%) 등 대부분이 올랐다.

업종별로도 의약품(4.52%), 운수·창고(3.05%), 운수·장비(3.05%), 서비스업(2.97%), 전기·전자(2.90%), 제조업(2.88%) 등 모든 업종이 강세다.

같은 시각 코스닥지수는 전 거래일보다 18.24포인트(4.11%) 오른 462.00을 나타냈다.

지수는 13.45포인트(3.03%) 오른 457.21로 개장해 강세를 이어가고 있다.

코스닥시장에서는 외국인이 99억원, 기관이 1억원을 순매수했다. 개인은 106억원을 순매도했다.

시총 상위 종목은 셀트리온제약(19.37%)이 급등했고, 스튜디오드래곤(5.43%), 셀트리온헬스케어(4.36%), 펄어비스(2.54%), 케이엠더블유(2.54%), 휴젤(2.35%), SK머티리얼즈(2.17%), 에이치엘비(1.71%), CJ ENM(1.67%) 등 대부분이 올랐다.

씨젠(-1.45%)은 하락했다.

jaeh@yna.co.kr",/news/news_read.nhn?article_id=0011493680&office_id=001&mode=search&query=LG생활건강&page=1
,"코로나19 여파로 인한 금융시장 불안이 이어지는 가운데 24일 코스피가 일단 반등세로 출발했다.이날 오전 9시 27분 현재 코스피는 전 거래일보다 53.39포인트(3.61%) 오른 1536.05를 가리켰다. 지수는 41.23포인트(2.78%) 오른 1523.69로 출발해 상승세를 이어가고 있다. 장중 한때는 최대 56.35포인트(3.80%) 오른 1538.81을 기록했다.간밤 뉴욕증시에서는 미국 정부의 부양책에 대한 불확실성이 이어지면서 다우존스30 산업평균지수(-3.04%), 스탠더드앤드푸어스(S＆P)500 지수(-2.93%), 나스닥 지수(-0.27%)가 모두 하락했다. 미국 연방준비제도(Fed·연준)는 뉴욕증시 개장 전 양적완화(QE) 규모를 기존의 7000억 달러에서 무한대로 확대한다고 밝혔지만, 지수 하락을 막지는 못했다.시가총액 상위 종목은 셀트리온(6.00%), SK하이닉스(5.04%), LG화학(4.66%), 삼성SDI(4.58%), 네이버(4.20%), 현대차(2.90%), 삼성바이오로직스(2.87%), 삼성전자(2.35%), 삼성물산(2.01%), LG생활건강(0.94%) 등 대부분이 올랐다. 업종별로도 의약품(4.52%), 운수·창고(3.05%), 운수·장비(3.05%), 서비스업(2.97%), 전기·전자(2.90%), 제조업(2.88%) 등 모든 업종이 강세다.같은 시각 코스닥지수는 전 거래일보다 18.24포인트(4.11%) 오른 462.00을 나타냈다. 지수는 13.45포인트(3.03%) 오른 457.21로 개장해 강세를 이어가고 있다. 코스닥시장에서는 외국인이 99억 원, 기관이 1억 원을 순매수했다. 개인은 106억 원을 순매도했다.시총 상위 종목은 셀트리온제약(19.37%)이 급등했고, 스튜디오드래곤(5.43%), 셀트리온헬스케어(4.36%), 펄어비스(2.54%), 케이엠더블유(2.54%), 휴젤(2.35%), SK머티리얼즈(2.17%), 에이치엘비(1.71%), CJ ENM(1.67%) 등 대부분이 올랐다. 씨젠(-1.45%)은 하락했다.박지훈 기자 lionking@busan.com",/news/news_read.nhn?article_id=0000990871&office_id=082&mode=search&query=LG생활건강&page=1
,"손희연 기자 son90@mt.co.kr
<저작권자 ⓒ '성공을 꿈꾸는 사람들의 경제 뉴스' 머니S, 무단전재 및 재배포 금지>",/news/news_read.nhn?article_id=0000521728&office_id=417&mode=search&query=LG생활건강&page=1
,"[서울경제] 외국인 투자자가 14거래일 만에 국내 증시에 돌아오자 코스피가 6% 넘는 상승률을 보이며 강세장을 이어가고 있다. 이날 오전 코스피·코스닥 시장에서는 동시에 매수 사이드카가 발동하기도 했다.24일 오후 1시 35분 현재 코스피는 전거래일보다 84.61포인트(5.71%) 오른 1,567.07을 나타냈다. 코스피는 전거래일보다 41.23포인트(2.78%) 오른 1,523.69에 장을 시작했다.같은 시간 유가증권시장에서는 외국인과 기관이 각각 270억원과 1,345억원을 순매수했다. 개인은 14거래일 만에 매도 포지션으로 전환해 1,971억원을 순매도했다.시가총액 상위 종목 중에서는 반도체 투톱인 삼성전자와 SK하이닉스가 각각 7.29%와 10.09% 올라 지수 상승을 주도하고 있다. 이외에도 삼성바이오로직스(9.06%), 네이버(6.29%), 셀트리온(5.14%), LG화학(6.90%), LG생활건강(3.85%) 등이 강세다.한편 같은 시간 코스닥 지수는 전거래일 대비 24.88포인트(5.61%) 오른 468.64를 나타냈다. 코스닥 지수는 전 거래일 대비 13.45포인트(3.03%) 오른 457.21에서 출발했다. 코스닥시장에서는 외국인과 기관이 각각 330억원과 71억원을 순매수했다. 개인은 417억원을 순매도했다.코스닥 시장에서는 셀트리온헬스케어(2.56%), 에이치엘비(3.17%), 스튜디오드래곤(8.91%), 펄어비스(3.93%), 케이엠더블유(1.22%) 등이 상승세를 보이고 있다./신한나기자 hanna@sedaily.com저작권자 ⓒ 서울경제, 무단 전재 및 재배포 금지",/news/news_read.nhn?article_id=0003714189&office_id=011&mode=search&query=LG생활건강&page=1
▶ 네이버 홈에서 [한국경제TV] 채널 구독하기 [생방송보기]▶ 대한민국 재테크 총집결! - [증권 / 주식상담 / 부동산],"[한국경제TV 라이온봇 기자]24일 코스피시장에서 화장품 및 생활용품 전문 제조기업인 LG생활건강(051900)이 높은 상승세를 보이고 있다.3.94% 상승출발한 주가는 장중 한 때, 106만1000원(-0.47%)까지 하락하였지만 다시 회복하여 현재는 5.16% 상승한 112만1000원을 기록하고 있다.차트를 살펴보면 5일, 20일, 60일 이동평균선이 역배열 상태로 하락 추세를 이어오다가 주가가 반등하는 모습이다.오늘 LG생활건강은 전체 주식수의 0.35%에 해당하는 5만4864주가 거래되고 있는데 전일 거래량 대비 72.48% 수준이다.14시 31분 잠정집계에 따르면, LG생활건강은 외국인과 기관이 각각 2,518주, 1,000주를 순매수 중이다. 기관 중에 투자신탁의 자금이 유입되었다.※ 사모펀드 등 일부 기관의 순매매량은 표시되지 않음이 시각 거래소에서 LG생활건강 이외에도 KTcs(5.44%), 경인양행(11.97%), KODEX 코스피100(6.12%), 성광벤드(6.11%), KT서브마린(13.74%) 등이 상승세를 보이고 있다.※ 본 기사는 한국경제TV와 `금융 AI 전문기업 씽크풀`이 실시간으로 작성한 기사입니다.라이온봇기자 ⓒ 한국경제TV, 무단 전재 및 재배포 금지",/news/news_read.nhn?article_id=0000858719&office_id=215&mode=search&query=LG생활건강&page=1
"코스피 8% 넘게 급등1,600선 회복개인은 14거래일 만에 순매도코스닥도 8% 이상 급등","[한국경제TV 신재근 기자]코스피가 8% 넘게 급등했지만 외국인의 매도는 여전했다.24일 코스피는 전 거래일 대비 127.51포인트(8.60%) 오른 1,609.97에 장을 마쳤다.지수는 5거래일 만에 다시 1,600선에 안착했다.코스피는 이날 미국의 무제한적 양적완화와 회사채 매입 그리고 한국 정부의 2차 민생·금융안정 패키지 프로그램의 영향으로 장 초반부터 급등했다.수급 주체에서는 기관(5,032억원)이 투신(1,788억원)과 연기금(2,195억원)을 중심으로 증시를 이끌었다.외국인도 매도폭을 줄였다.외국인은 코스피에서 832억원을 순매도했지만 매일 5천억원 이상을 순매도한 최근 양상과는 다른 모습을 연출했다.특히, 외국인은 코스피 주력인 전자·전기(1,030억원) 업종을 14거래일 만에 순매수했다.외국인 매도가 8부 능선을 지났다는 분석도 나온다.김용구 하나금융투자 연구원은 이날 ""연준이 정책 총공세를 하는 상황이고, 분명한 건 연준이 돈을 화수분처럼 찍어낼 수 있다는 것을 보여줬다""며 ""신흥국까지 영향이 미칠 수 있는 것을 고려하면 외국인 매도는 8부 능선을 지난 것 같다""고 밝혔다.반면, 13거래일 연속 매수세를 이어오던 개인(-4,613억원)은 매도우위를 보였다.코스피 시가총액 상위 10개 종목은 모두 강세를 보였다.삼성전자(10.47%)와 SK하이닉스(13.40%), 삼성SDI(12.81%), 삼성물산(12.35%)이 10% 넘게 급등했고, 삼성바이오로직스(9.17%)와 NAVER(9.09%), 셀트리온(5.14%), LG화학(7.46%), LG생활건강(7.32%), 현대차(8.56%)도 크게 올랐다.코스닥도 8% 넘게 상승했다.이날 코스닥지수는 전장보다 36.64포인트(8.26%) 오른 480.40에 거래를 마쳤다.개인(-1,868억원)이 2천억원 가까이 팔아치운 가운데 외국인(825억원)과 기관(1,029억원)이 동반 매수에 가담했다.업종별로는 전 업종이 상승했다.특히 IT(9.78%)와 제약(8.16%)이 크게 올랐다.코스닥 시총 상위 종목 가운데선 씨젠(-1.45%)을 제외하고 모두 올랐다.셀트리온제약(29.78%)은 코로나19 치료제 개발 기대감에 연이틀 상한가를 기록했고, 스튜디오드래곤(10.58%)과 SK머티리얼즈(11.36%)도 급등했다.이어 셀트리온헬스케어(2.41%)와 에이치엘비(4.51%), 펄어비스(5.14%), 케이엠더블유(2.54%), CJ ENM(8.97%), 휴젤(6.89%)도 강세를 보였다.연준의 무제한 양적완화 소식에 원/달러 환율은 1,240원 선까지 하락했다.서울 외환시장에서 미국 달러화에 대한 원화 환율은 전날보다 16.9원 내린 달러당 1,249.6원에 종가가 결정됐다.신재근기자 jkluv@wowtv.co.krⓒ 한국경제TV, 무단 전재 및 재배포 금지",/news/news_read.nhn?article_id=0000858784&office_id=215&mode=search&query=LG생활건강&page=1
,"[서울=뉴시스] 류병화 기자 = 코스피가 120포인트 이상 뛰며 1600선을 단숨에 회복했다. 지수는 8.6% 상승해 11년5개월여 만에 가장 높은 상승률을 기록했다.24일 코스피지수는 전 거래일(1482.46)보다 127.51포인트(8.60%) 오른 1609.97에 마감했다. 지수는 전일 대비 2.78% 오른 1523.69에 출발해 꾸준히 상승폭을 늘리며 장을 마쳤다.이날 코스피 상승폭은 127.51포인트로 사상 최고치를 기록했으며 상승률은 지난 2008년 10월30일(11.95%) 이후 11년5개월여 만에 최고치로 집계됐다.코스피와 코스닥시장에서는 이러한 급등세로 장 초반 사이드카가 발동되기도 했다.한국거래소는 이날 오전 10시께 코스피시장과 코스닥시장에 매수 사이드카(프로그램매수호가 일시효력정지)를 발동했다고 공시했다.유가증권시장에서 기관은 홀로 5033억원어치를 사들였다. 반면 개인과 외국인은 각각 4611억원, 834억원을 순매도했다.업종별로는 운수창고(-2.48%)를 제외하고 모두 급등했다. 증권(11.25%), 전기전자(10.91%), 제조업(9.29%), 은행(8.86%) 등이 이날 상승세를 이끌었다.시가총액 상위 종목들도 일제히 올랐다. 대장주 삼성전자는 전 거래일 대비 4450원(10.47%) 오른 4만6950원에 거래를 마쳤다.SK하이닉스(13.40%), 삼성바이오로직스(9.17%), 네이버(9.09%), 셀트리온(5.14%), LG화학(7.46%), LG생활건강(7.32%), 삼성SDI(12.81%), 현대차(8.56%) 등이 크게 뛰었다.정부가 신종 코로나바이러스 감염증(코로나19) 사태 이후 극심한 불안을 겪고 있는 채권·증권시장을 안정시키기 위해 약 42조원에 달하는 자금을 긴급 투입한다. 여기에 취약계층에 대한 정책금융도 투입될 예정이어서 1차 50조원의 금융지원까지 합치면 총 100조원에 달하는 자금이 시장에 뿌려진다.이중 증권시장안정펀드는 10조7000억원 규모로 조성된다. 5대 금융지주와 각 업권 금융사(18개 금융사) 및 증권 유관기관이 출자에 참여한다.코스닥지수는 전 거래일(443.76)보다 36.64포인트(8.26%) 오른 480.40에 마감했다. 지수는 전일 대비 2.36% 오른 454.24에 출발해 장중 상승폭을 크게 늘리며 장 마감했다.코스닥시장에서 기관과 외국인은 각각 1030억원, 826억원어치를 사들였다. 반면 개인은 홀로 1869억원을 순매도했다.코스닥 시총 상위 10개 종목은 씨젠(-1.45%)을 제외하고 모두 상승했다. 셀트리온헬스케어(2.41%), 에이치엘비(4.51%), 스튜디오드래곤(10.58%), 펄어비스(5.14%), 케이엠더블유(2.54%), CJ ENM(8.97%), 셀트리온제약(29.78%), 휴젤(6.89%), SK머티리얼즈(11.36%) 등이 급상승했다.앞서 미 연준은 신종 코로나바이러스 감염증(코로나19)에 따른 경기침체에 대응하기 위해 미국 국채와 주택저당증권(MBS)을 매입하는 양적완화 정책을 사실상 무한대로 확대하기로 했다.AP통신과 CNBC에 따르면 연준은 지난 23일 3개의 대출기관을 신설해 회사채, 지방채, 자산담보부 증권 매입으로 최대 3000억 달러(약 382조원)의 유동성을 시중에 제공하겠다고 밝혔다.노동길 NH투자증권 연구원은 ""외국인이 전기전자 업종을 14거래일 만에 순매수 전환한 사실에 주목할 만하다""며 "" 국내 정보기술(IT) 섹터의 추정치 하향이 더딘 상황에서 손실까지 감수한 순매도를 이어갈지 지켜볼 필요가 있다""고 설명했다.이어 ""연준의 유동성 공급, 회사채 매입 조치로 달러 유동성 경색은 고점을 지나고 있다""며 ""극단적인 현금 선호 현상이 조심스럽게 고점을 통과할 것으로 기대된다""고 설명했다.간밤 뉴욕증시는 이같은 연준의 조치에도 도널드 트럼프 행정부와 공화당이 추진한 대규모 경기부양책이 상원에서 진통을 겪으면서 급락 마감했다.이날 뉴욕증권거래소(NYSE)에서 우량주 중심의 다우존스30 산업평균 지수는 582.05포인트(3.04%) 하락한 1만8591.93에 장을 마감했다. 다우 지수는 2016년 11월 이후 최저 수준으로 하락했다.대형주 위주의 스탠더드앤드푸어스(S&P) 500 지수는 67.52포인트(2.93%) 내린 2237.40에 거래를 마쳤다. 기술주 중심의 나스닥 종합지수도 18.84포인트(0.27%) 하락한 6860.67에 장 마감했다. hwahwa@newsis.com<ⓒ 공감언론 뉴시스통신사. 무단전재-재배포 금지>",/news/news_read.nhn?article_id=0009774645&office_id=003&mode=search&query=LG생활건강&page=1
외국인 13거래일 연속 순매도 행진,"코스피 지수가 5거래일만에 1600 진입에 성공했다. 전날 -5% 넘게 빠졌던 코스피는 하루만에 8%가 넘는 상승률을 기록하며 거래를 마쳤다.24일 코스피 지수는 전장대비 127.51포인트(8.60%) 상승한 1609.97을 기록했다. 코스피 지수는 지난 11일부터 7거래일 연속 하락세를 보이다 20일 7%대의 상승률을 기록했지만 다시 5% 넘게 빠지는 등 연일 급등락을 반복하며 종잡을 수 없는 흐름을 보이고 있다.이날 외국인은 14거래일 연속 순매도 행진을 이어갔다. 장 막판에 순매수로 전환했다가 다시 매도우위에서 거래를 마쳤다. 개인과 외국인이 각각 4615억원, 830억원을 동반 순매도했지만, 기관은 홀로 5032억원의 자금을 쓸어담았다.업종별지수도 대부분 오름세다. 음식료품(5.32%)을 비롯해 섬유·의복(7.91%), 종이·목재(4.22%), 화학(7.69%), 의약품(6.92%), 비금속광물(5.54%), 철강·금속(7.95%), 기계(5.44%), 전기·전자(10.40%), 의료정밀(6.96%) 등 줄줄이 상승세를 기록했다.시가총액 상위종목별로 살펴보면 대부분 큰폭의 상승세로 거래를 마쳤다. 삼성전자가 전거래일대비 10.47% 상승했고, SK하이닉스(13.40%), 삼성바이오로직스(9.17%), 네이버(9.09%), 셀트리온(5.14%), LG화학(7.46%), LG생활건강(7.32%), 삼성SDI(12.81%) 등 줄줄이 급등세로 장을 마쳤다.코스닥 지수는 전장대비 36.64포인트(8.26%) 상승한 480.40에서 거래를 마쳤다.장 초반 코스피와 코스닥의 급등세로 동시에 매수 사이드카가 발동됐다. 오전 장중 5% 넘게 반등하면서 두 시장의 프로그램 매매가 일시 정지됐다. 한국거래소는 선물 가격 상승에 따라 이날 오전 10시 5분 3초부터 5분간 유가증권시장의 프로그램 매수 호가 효력을 정지하는 매수 사이드카를 발동했다고 밝혔다. 올해 코스닥시장에서도 매수 사이드카가 발동된 것은 역시 지난 20일에 이어 두 번째다.임동민 교보증권 연구원은 ""최종대부자로서 중앙은행의 유동성 지원은 재정정책과 결합시에 강력한 효과를 발휘한다""며 ""가계소비를 지원할 수 있는 재정정책이 수반되면 효과는 더욱 강력해질 수 있는데 미국 경기부양 정책의 국회통과 여부에 관심을 가져야할 것""이라고 말했다.데일리안 이미경 기자 (esit917@dailian.co.kr)ⓒ (주)데일리안 - 무단전재, 변형, 무단배포 금지",/news/news_read.nhn?article_id=0002391096&office_id=119&mode=search&query=LG생활건강&page=1
,"[아시아경제 조유진 기자] 환절기 외부 환경 변화와 신종 코로나바이러스감염증(코로나19) 확산으로 마스크 착용이 일상화되면서 더마코스메틱 제품들이 주목을 받고 있다. LG생활건강의 더마코스메틱 브랜드 닥터벨머에서 출시한 '아미노클리어 클렌징 폼'과 '어드밴스드 시카 수분 크림'은 피부 전문가가 제안하는 순한 원료와 안심 포뮬러를 사용해 저자극 케어가 가능하다.아미노 클리어 클렌징폼은 피부 단백질을 구성하는 아미노산 성분을 함유해 각질케어를 돕고, 미세먼지 모사체 세정 평가를 완료한 미세먼지 세정 기능까지 갖췄다. 부드럽게 사용할 수 있는크림 타입으로 저자극 약한 산성 클렌징 폼을 찾는 소비자들에게 적합한 제품이다.어드밴스드 시카 수분 크림은 민감성 피부 사용 적합 테스트를 통해 민감한 피부에도 안심하고 사용할 수 있는 제품으로 검증 받았다. 풍성한 수분감으로 피부를 진정시키고 속당김 케어를 도와주는 산뜻한 사용감의 저자극 시카 수분 크림이다. 강하지 않고 은은한 시트러스 플로럴 향으로 부담 없이 사계절 사용이 가능하다. 한편, 닥터벨머는 피부전문가를 뜻하는 '닥터'와 '아름다운', '기분'의 합성어로 아름다운 얼굴과 좋은 기분을 선사한다는 의미를 담고 있으며 전국 네이처컬렉션과 더페이스샵 매장에서 만나볼 수 있다.조유진 기자 tint@asiae.co.kr <ⓒ경제를 보는 눈, 세계를 보는 창 아시아경제 무단전재 배포금지>",/news/news_read.nhn?article_id=0004648604&office_id=277&mode=search&query=LG생활건강&page=1
,"외국인은 14거래일째 순매도…누적 9.9조원코스피 상승 폭, 역대 최대 수준삼성전자 10.5% 급등·셀트리온제약 상한가(서울=연합뉴스) 황재하 기자 = 24일 코스피가 미국 연방준비제도(Fed·연준)의 무제한 양적완화, 정부의 기업·금융시장 안정 방안 등에 힘입어 역대 최대폭 급등하며 1,600선을 회복했다.

이날 코스피는 전 거래일보다 127.51포인트(8.60%) 오른 1,609.97로 마감했다.

지수는 전장보다 41.23포인트(2.78%) 오른 1,523.69로 출발해 상승 폭을 키웠다.

이날 코스피 상승 폭은 1999년 관련 통계를 집계하기 시작한 이래 최대 수준이다. 상승률은 2008년 10월 30일(11.95%) 이후 11년 5개월 만에 최고다.

장중에는 코스피200 선물, 코스닥150 선물·현물가격이 급등하면서 유가증권시장과 코스닥 시장에서 프로그램 매수호가의 효력을 일시 정지하는 매수 사이드카가 각각 발동됐다.

이경민 대신증권 연구원은 ""전날 미국 연준이 무제한 양적완화(QE)를 발표한 점이 지수 상승 요인으로 작용했다""며 ""장중 정부의 민생·금융 안정 프로그램이 가세하면서 상승 폭이 커졌다""고 설명했다.

정부는 이날 문재인 대통령 주재로 제2차 비상경제회의를 열어 신종 코로나바이러스 감염증(코로나19) 여파로 위기를 맞은 기업과 금융시장에 총 100조원의 긴급 자금을 투입하기로 했다고 발표했다.

이날도 외국인 투자자는 유가증권시장에서 834억원어치를 팔아치우며 14거래일 연속 순매도 행진을 이어갔다. 14일 동안 외국인의 누적 순매도액은 9조8천789억원에 달했다.

개인도 4천611억원어치의 주식을 순매도했으나 기관은 5천32억원어치를 순매수하며 지수 상승을 이끌었다.

주가가 오른 종목은 866개에 달했고 내린 종목은 35개에 그쳤다. 22개 종목은 보합으로 마감했다.

시가총액 상위 종목은 SK하이닉스(13.40%), 삼성SDI(12.81%), 삼성물산(12.35%), 삼성전자(10.47%) 등이 10% 넘게 급등했다.

삼성바이오로직스(9.17%), 네이버(9.09%), 현대차(8.56%), LG화학(7.46%), LG생활건강(7.32%), 셀트리온(5.14%) 등 10위 이내 모든 종목이 올랐다.

업종별로는 증권(11.25%), 전기·전자(10.91%), 제조업(9.29%), 은행(8.86%), 금융업(8.29%), 철강·금속(8.25%) 등 대부분 강세였고, 운수·창고(-2.48%)만 약세였다.

유가증권시장의 거래량은 6억6천만주, 거래대금은 10조3천34억원이었다.

프로그램 매매는 차익 거래와 비차익 거래 모두 매수 우위로 전체적으로는 306억원의 순매수로 집계됐다.

코스닥지수는 전 거래일보다 36.64포인트(8.26%) 급등한 480.40으로 종료했다.

지수는 13.45포인트(3.03%) 오른 457.21로 개장해 급등세를 이어갔다.

코스닥시장에서는 기관이 1천29억원, 외국인이 825억원어치를 순매수했다. 개인은 1천869억원을 순매도했다.

시총 상위 종목 가운데는 셀트리온제약(29.78%)이 상한가로 마감했고, SK머티리얼즈(11.36%), 스튜디오드래곤(10.58%), CJ ENM(8.97%), 휴젤(6.89%), 펄어비스(5.14%), 에이치엘비(4.51%), 케이엠더블유(2.54%), 셀트리온헬스케어(2.41%) 등 대부분이 올랐다.

10위 이내 종목 가운데는 씨젠(-1.45%)이 유일하게 하락했다.

코스닥시장의 거래량은 약 11억1천만주, 거래대금은 6조6천378억원이었다.

코넥스시장에서는 30만주가 거래됐고 거래대금은 18억원가량이었다.

jaeh@yna.co.kr",/news/news_read.nhn?article_id=0011495667&office_id=001&mode=search&query=LG생활건강&page=1
장 중 코스피·코스닥 매수 사이드카 발동‘돌아온 외인’ 삼성전자 10%대 급등,"[아시아경제 이민지 기자] 코스피와 코스닥지수가 주식시장에서 8%대 급등 마감했다. 이날 두 시장에선 5% 이상 오른 상태가 1분 이상 지속해 5분간 프로그램 매도 호가 효력을 정지하는 매수 사이드카가 발동하기도 했다.24일 코스피는 전 장보다 8.6%(127.51포인트) 오른 1609.97로 장을 끝마쳤다. 이날 전 장보다 2.78%(41.23포인트) 오른 1523.69로 상승 출발한 코스피는 장 내내 상승 폭을 키워나갔다.이날 유가증권시장에선 기관 홀로 5032억원어치 주식을 사들였고 개인과 외국인은 각각 4610억원, 841억원 순매도했다.업종별로는 증권(11.25%), 전기·전자(10.91%), 은행(8.86%) 등의 상승률이 높았다.시가총액 상위종목 중에선 삼성전자가 전 장보다 10.47% 오른 4만6950원에 장을 마감했다. 13거래일 연속 삼성전자를 매도한 외국인이 289만8243주를 순매수하며 주가 상승을 이끌었다. 기관투자자도 326만8860주를 사들였다.이외에도 SK하이닉스(13.40%), 삼성바이오로직스(9.17%), 네이버(9.90%), 셀트리온(5.14%), LG화학(7.46%), LG생활건강(7.32%) 등도 상승 마감했다.이경민 대신증권 연구원은 “전일 미국 연방준비제도(Fed)의 회사채 매입 확대 등 무제한 양적완화 정책 발표 이후 증시 상승요인으로 작용했다”며 “한국 정부의 2차 민생·금융안정 패키지 프로그램이 가세해 상승 폭을 확대했다”고 말했다.코스닥지수는 전 장보다 8.26%(36.64포인트) 오른 480.40에 장을 끝마쳤다. 이날 지수는 전 장보다 3.03%(13.45포인트) 오른 457.21로 출발해 장 내내 상승세를 이어나갔다.코스닥시장에선 외국인과 기관이 각각 793억원, 1029억원어치 주식을 사들였고 개인 홀로 1869억원 순매도했다.업종별로는 반도체(12.63%), IT 하드웨어(10.40%), 방송서비스(10.13%), 인터넷(10.06%), IT 지수(9.78%) 의 상승률이 높았다.시가총액 상위종목 중에선 셀트리온헬스케어(2.41%), 에이치엘비(4.51%), 스튜디오드래곤 (10.58%), 펄어비스(5.14%), 케이엠더블유(2.54%) 등 대부분의 종목이 상승 마감했다.이민지 기자 ming@asiae.co.kr <ⓒ경제를 보는 눈, 세계를 보는 창 아시아경제 무단전재 배포금지>",/news/news_read.nhn?article_id=0004648642&office_id=277&mode=search&query=LG생활건강&page=1
"코스피·코스닥, 급등세에 사이드카 발동상승폭 '사상 최대'…상승률 11년만 최고","[서울=뉴시스] 류병화 기자 = 코스피가 120포인트 이상 뛰며 1600선을 단숨에 회복했다. 지수는 8.6% 상승해 11년5개월여 만에 가장 높은 상승률을 기록했다.24일 코스피지수는 전 거래일(1482.46)보다 127.51포인트(8.60%) 오른 1609.97에 마감했다. 지수는 전일 대비 2.78% 오른 1523.69에 출발해 꾸준히 상승폭을 늘리며 장을 마쳤다.이날 코스피 상승폭은 127.51포인트로 사상 최고치를 기록했으며 상승률은 지난 2008년 10월30일(11.95%) 이후 11년5개월여 만에 최고치로 집계됐다.코스피와 코스닥시장에서는 이러한 급등세로 장 초반 사이드카가 발동되기도 했다.한국거래소는 이날 오전 10시께 코스피시장과 코스닥시장에 매수 사이드카(프로그램매수호가 일시효력정지)를 발동했다고 공시했다.유가증권시장에서 기관은 홀로 5033억원어치를 사들였다. 반면 개인과 외국인은 각각 4611억원, 834억원을 순매도했다.업종별로는 운수창고(-2.48%)를 제외하고 모두 급등했다. 증권(11.25%), 전기전자(10.91%), 제조업(9.29%), 은행(8.86%) 등이 이날 상승세를 이끌었다.시가총액 상위 종목들도 일제히 올랐다. 대장주 삼성전자는 전 거래일 대비 4450원(10.47%) 오른 4만6950원에 거래를 마쳤다.SK하이닉스(13.40%), 삼성바이오로직스(9.17%), 네이버(9.09%), 셀트리온(5.14%), LG화학(7.46%), LG생활건강(7.32%), 삼성SDI(12.81%), 현대차(8.56%) 등이 크게 뛰었다.정부가 신종 코로나바이러스 감염증(코로나19) 사태 이후 극심한 불안을 겪고 있는 채권·증권시장을 안정시키기 위해 약 42조원에 달하는 자금을 긴급 투입한다. 여기에 취약계층에 대한 정책금융도 투입될 예정이어서 1차 50조원의 금융지원까지 합치면 총 100조원에 달하는 자금이 시장에 뿌려진다.이중 증권시장안정펀드는 10조7000억원 규모로 조성된다. 5대 금융지주와 각 업권 금융사(18개 금융사) 및 증권 유관기관이 출자에 참여한다.코스닥지수는 전 거래일(443.76)보다 36.64포인트(8.26%) 오른 480.40에 마감했다. 지수는 전일 대비 2.36% 오른 454.24에 출발해 장중 상승폭을 크게 늘리며 장 마감했다.코스닥시장에서 기관과 외국인은 각각 1030억원, 826억원어치를 사들였다. 반면 개인은 홀로 1869억원을 순매도했다.코스닥 시총 상위 10개 종목은 씨젠(-1.45%)을 제외하고 모두 상승했다. 셀트리온헬스케어(2.41%), 에이치엘비(4.51%), 스튜디오드래곤(10.58%), 펄어비스(5.14%), 케이엠더블유(2.54%), CJ ENM(8.97%), 셀트리온제약(29.78%), 휴젤(6.89%), SK머티리얼즈(11.36%) 등이 급상승했다.앞서 미 연준은 신종 코로나바이러스 감염증(코로나19)에 따른 경기침체에 대응하기 위해 미국 국채와 주택저당증권(MBS)을 매입하는 양적완화 정책을 사실상 무한대로 확대하기로 했다.AP통신과 CNBC에 따르면 연준은 지난 23일 3개의 대출기관을 신설해 회사채, 지방채, 자산담보부 증권 매입으로 최대 3000억 달러(약 382조원)의 유동성을 시중에 제공하겠다고 밝혔다.노동길 NH투자증권 연구원은 ""외국인이 전기전자 업종을 14거래일 만에 순매수 전환한 사실에 주목할 만하다""며 "" 국내 정보기술(IT) 섹터의 추정치 하향이 더딘 상황에서 손실까지 감수한 순매도를 이어갈지 지켜볼 필요가 있다""고 설명했다.이어 ""연준의 유동성 공급, 회사채 매입 조치로 달러 유동성 경색은 고점을 지나고 있다""며 ""극단적인 현금 선호 현상이 조심스럽게 고점을 통과할 것으로 기대된다""고 설명했다.간밤 뉴욕증시는 이같은 연준의 조치에도 도널드 트럼프 행정부와 공화당이 추진한 대규모 경기부양책이 상원에서 진통을 겪으면서 급락 마감했다.이날 뉴욕증권거래소(NYSE)에서 우량주 중심의 다우존스30 산업평균 지수는 582.05포인트(3.04%) 하락한 1만8591.93에 장을 마감했다. 다우 지수는 2016년 11월 이후 최저 수준으로 하락했다.대형주 위주의 스탠더드앤드푸어스(S&P) 500 지수는 67.52포인트(2.93%) 내린 2237.40에 거래를 마쳤다. 기술주 중심의 나스닥 종합지수도 18.84포인트(0.27%) 하락한 6860.67에 장 마감했다. hwahwa@newsis.com<ⓒ 공감언론 뉴시스통신사. 무단전재-재배포 금지>",/news/news_read.nhn?article_id=0009774780&office_id=003&mode=search&query=LG생활건강&page=1
,"[디지털타임스 차현정 기자] 24일 코스피가 역대 최대폭 급등하며 1600선을 회복했다. 미국 연방준비제도(Fed·연준)의 무제한 양적완화, 정부의 기업·금융시장 안정 방안 등에 힘입은 결과다. 이날 코스피는 전 거래일보다 127.51포인트(8.60%) 오른 1609.97로 마감했다.지수는 전장보다 41.23포인트(2.78%) 오른 1523.69로 출발해 상승 폭을 키웠다.이날 코스피 상승 폭은 1999년 관련 통계를 집계하기 시작한 이래 최대 수준이다. 상승률은 2008년 10월 30일(11.95%) 이후 11년 5개월 만에 최고다.장중 코스피200 선물, 코스닥150 선물·현물가격이 급등하면서 유가증권시장과 코스닥 시장에서 프로그램 매수호가의 효력을 일시 정지하는 매수 사이드카가 각각 발동됐다.전날 미국 연준이 무제한 양적완화(QE)를 발표한 점이 지수 상승 요인으로 작용했고 장중 정부의 민생·금융 안정 프로그램이 가세한 영향이 컸다고 증권가는 분석했다.정부는 이날 문재인 대통령 주재로 제2차 비상경제회의를 열어 신종 코로나바이러스 감염증(코로나19) 여파로 위기를 맞은 기업과 금융시장에 총 100조원의 긴급 자금을 투입하기로 했다고 발표했다.
다만 외국인은 이날도 유가증권시장에서 834억원어치를 팔아치우며 14거래일 연속 순매도 행진을 이어갔다. 14일 동안 외국인의 누적 순매도액은 9조8789억원에 달했다.개인도 4611억원어치의 주식을 순매도했으나 기관은 유일하게 5032억원어치를 순매수하며 지수 상승을 이끌었다.주가가 오른 종목은 866개에 달했고 내린 종목은 35개에 그쳤다. 22개 종목은 보합으로 마감했다.시가총액 상위 종목은 SK하이닉스(13.40%), 삼성SDI(12.81%), 삼성물산(12.35%), 삼성전자(10.47%) 등이 10% 넘게 급등했다.삼성바이오로직스(9.17%), 네이버(9.09%), 현대차(8.56%), LG화학(7.46%), LG생활건강(7.32%), 셀트리온(5.14%) 등 10위 이내 모든 종목이 올랐다.업종별로는 증권(11.25%), 전기·전자(10.91%), 제조업(9.29%), 은행(8.86%), 금융업(8.29%), 철강·금속(8.25%) 등 대부분 강세였고, 운수·창고(-2.48%)만 약세였다.코스닥지수는 전 거래일보다 36.64포인트(8.26%) 급등한 480.40으로 종료했다.지수는 13.45포인트(3.03%) 오른 457.21로 개장해 급등세를 이어갔다.코스닥시장에서는 기관이 1029억원, 외국인이 825억원어치를 순매수했다. 개인은 1869억원을 순매도했다.차현정기자 hjcha@dt.co.kr 디지털타임스
/",/news/news_read.nhn?article_id=0002590274&office_id=029&mode=search&query=LG생활건강&page=1
,"코스피가 24일 8.6% 상승해 1600선을 단숨에 회복했다. 11년5개월여 만에 가장 높은 상승률이다.이날 코스피지수는 전 거래일(1482.46)보다 127.51포인트(8.60%) 오른 1609.97에 마감했다.전장보다 2.78% 오른 1523.69에 출발한 코스피는 꾸준히 상승폭을 늘리며 장을 마쳤다.이날 상승률은 지난 2008년 10월30일(11.95%) 이후 11년5개월여 만에 최고치로 집계됐다.장중에는 코스피200 선물, 코스닥150 선물·현물가격이 급등하면서 프로그램 매수호가의 효력을 일시 정지하는 매수 사이드카가 두 시장에서 각각 발동됐다.유가증권시장에서 기관은 홀로 5033억원어치를 사들였다. 반면 개인과 외국인은 각각 4611억원, 834억원을 순매도했다.대장주 삼성전자는 전 거래일 대비 4450원(10.47%) 오른 4만6950원에 거래를 마쳤다. SK하이닉스(13.40%), 삼성바이오로직스(9.17%), 네이버(9.09%), 셀트리온(5.14%), LG화학(7.46%), LG생활건강(7.32%), 삼성SDI(12.81%), 현대차(8.56%) 등이 크게 뛰었다.코스닥지수는 전장(443.76)보다 36.64포인트(8.26%) 급당한 480.40으로 종료됐다.코스닥 시총 상위 10개 종목은 씨젠(-1.45%)을 제외하고 모두 상승했다. 셀트리온헬스케어(2.41%), 에이치엘비(4.51%), 스튜디오드래곤(10.58%), 펄어비스(5.14%), 케이엠더블유(2.54%), CJ ENM(8.97%), 셀트리온제약(29.78%), 휴젤(6.89%), SK머티리얼즈(11.36%) 등이 급상승했다.박태근 동아닷컴 기자 ptk@donga.comⓒ 동아일보 & donga.com, 무단 전재 및 재배포 금지",/news/news_read.nhn?article_id=0003277076&office_id=020&mode=search&query=LG생활건강&page=1
코스피 급등세 지속…8.60% 오른 1609.97 마감,"[더팩트ㅣ박경현 기자] 코스피·코스닥 시장이 각각 8%가량 상승하며 장을 마쳤다. 미국 중앙은행의 무제한 양적완화(QE)와 금융당국의 대규모 금융 안정 자금 투입 등 긴급 정책에 따라 투심이 회복된 것으로 보인다.24일 코스피는 6%가량 급등하며 시작해 내내 상승장을 유지하다 전장 대비 127.51포인트(+8.60%) 오른 1609.97에 마감했다. 이날 오전에는 코스피지수가 급등하다 10시 5분경부터 5분간 프로그램 매수 호가 효력을 정지하는 매수 사이드카가 발동됐다.이날 개인과 외국인의 동반 매도세가 이어졌지만 기관이 5033억 원을 매수하며 상승장을 끌어올렸다.시가총액별 시세에서는 상위 60위 항목까지 오르거나 보합 마감했다. 특히 삼성전자는 장중 10.47%까지 올라 전 거래일 대비 4450원 오른 4만6950원에 마감했다. 이어 SK하이닉스(+13.40%), 삼성전자우(+8.75%), 삼성바이오로직스(+9.17%), NAVER(+9.09%), 셀트리온(+5.14%), LG화학(+7.46%), LG생활건강(+7.32%), 삼성SDI(+12.81%), 현대차(+8.56%) 등 우량주들이 큰 폭으로 올랐다.이날 업종은 항공사(-10.01%)를 제외한 전 업종이 강세였다. 특히 출판(+16.16%), 복합기업(+14.74%), 전자장비와 기기(+13.07%)를 필두로 전기제품, 증권, 비철금속, 전문소매, 건강관리업체 및 서비스 업종이 11~13%가량 올랐다.코스닥 시장 역시 상승장으로 시작해 거래 장중 강세를 유지했다. 이날 장중에는 코스피뿐 아니라 코스닥에서도 지수가 5%넘게 급등하며 또 다시 매수 사이드카가 발동했다.이날 코스닥은 전 거래일 대비 36.64포인트(+8.26%)상승한 480.40에 거래를 마감했다. 코스닥시장 시가총액별 상위종목은 씨젠(-1.45%)을 제외하고 대다수 상승세였다. 셀트리온헬스케어(+2.41%)와 에이치엘비(+4.51%), 스튜디오드래곤(+10.58%), 케이엠더블유(+2.54%), CJ ENM(+8.97%), 셀트리온제약(+29.78%), 휴젤(+6.89%), SK머티리얼즈(+11.36%)가 오름세로 장을 마쳤다.이날 외국인 투자자가 14거래일 만에 국내 증시에 돌아오는 회복세가 나타났다.24일 오후 1시 35분경 유가증권시장에서는 외국인과 기관이 각각 270억 원과 1345억 원을 순매수했다. 개인은 14거래일 만에 매도세로 전환해 1971억 원을 순매도했다.결국 이날 코스피는 외국인 821억 원의 순매도를 기록하며 장을 마쳤지만 연일 1조 원에 육박하는 등 이어오던 강한 외인의 매도세는 현저히 사그라든 결과를 나타냈다.이날 마감 직전 개인은 총 4626억 원을 매도하는 등 개인 매도세도 높았다. 외국인 매도가 주춤하고 주가가 오른 시점을 맞이해 개인들이 연일 주가가 빠지는 불안정한 상황을 탈피한 것으로 분석된다.반면 코스닥시장에서는 외국인과 기관의 동반 매수세가 이어졌다. 외국인과 기관은 각각 793억 원, 1029억 원을 사들이며 장을 마감했다. 이날 개인은 모두 1869억 원을 팔아치웠다.pkh@tf.co.kr저작권자 ⓒ 특종에 강한 더팩트 & tf.co.kr 무단 전재 및 재배포 금지",/news/news_read.nhn?article_id=0000019997&office_id=629&mode=search&query=LG생활건강&page=1
시총상위 종목 일제히 급등,"[아이뉴스24 류은혁 기자] 코로나19에 출렁이던 코스피가 8% 넘게 급반등에 성공한 가운데 시가총액 상위 10종목에 외국인과 기관의 매수세가 쏠리면서 삼성전자와 SK하이닉스가 10% 이상 급등했다.24일 코스피지수는 전 거래일 대비 127.51포인트(8.60%) 오른 1609.97에 마감했다. 이날 정부가 122조원 규모의 금융지원에 나선다는 소식이 증시에 긍정적인 영향을 미친 것으로 보인다.특히 대장주인 삼성전자와 SK하이닉스의 주가가 모처럼 외국인, 기관의 매수세가 대거 몰린데 힘입어 급등했다. 삼성전자는 전날 대비 10.47%(4천450원)나 뛰어오른 4만6천950원, SK하이닉스는 13.4%(9천300원) 오른 7만8천700원을 기록했다.이날 삼성전자는 외국인과 기관이 각각 289만8천주와 326만9천주를 사들였다. 반면 개인은 615만4천주를 팔아치웠다.SK하이닉스도 외국인과 기관이 각각 44만6천주, 75만9천주를 순매수했고 개인은 124만9천주를 순매도한 것으로 나타났다.이외에 시가총액 상위 10종목도 일제히 반등했다. 삼성전자우 8.75%, 삼성바이오로직스 8.75%, NAVER 9.09%, 셀트리온 5.14%, LG화학 7.46%, LG생활건강 7.32%, 삼성SDI 12.81%, 현대차 8.56%의 상승률을 보였다. ehryu@inews24.com [ⓒ 아이뉴스24 무단전재 및 재배포 금지]",/news/news_read.nhn?article_id=0000531125&office_id=031&mode=search&query=LG생활건강&page=1
