head,text,url
주요 은행지주 주가 흐름 [이데일리 문승용 기자]◇ 이달 들어 외국인 2300억 매도에 또 하락,"[이데일리 최정희 기자] 연휴 시작 전 반짝하고 반등했던 은행주 주가 흐름이 다시 약해지고 있다. 외국인 투자자들이 지난달 말 매수로 돌아서는 듯 했으나 또 다시 매도세로 바뀐 영향이다. 증권가에서도 은행주 방향성에 대해 시각이 엇갈리고 있다.11일 마켓포인트에 따르면 , , , 는 4월 마지막 주(27~29일) 7~19% 가량 주가가 급등했다. 특히 하나금융지주는 19.2%나 반등했다. 코스피 지수가 3.1% 상승한 것의 6배 넘게 급등한 것이다.
은행지주들이 1분기 실적을 선방하면서 은행주에 대한 투자심리가 개선되는 듯 했다. 4대 은행지주의 1분기 순이익 합계는 2조8371억원으로 전년동기보다 1.4% 감소하는 데 그쳤다. 4대 은행지주와 기업은행을 합한 5개사의 1분기 대출이 전분기보다 2.5% 증가했고 순이자마진(NIM)이 평균 1.43%로 0.03%포인트 하락한 수준에 머물렀다. 한국은행이 3월 기준금리를 0.05%포인트 내렸다는 점을 고려해도 NIM은 시장 예상보다 나쁘지 않았다. 실적이 선방한 데다 여타 종목 대비 주가도 덜 오르면서 외국인 매수세가 유입됐다. 외국인은 4월 내내 순매도세를 보이다 4월 27일~29일 3거래일간 신한, KB, 하나금융 등을 800억원 가량 반짝 순매수했다. 그러다 이달 들어 다시 2300억원을 순매도하고 있다. 이에 은행지주 주가는 3~7%가량 하락했다. 은행지주는 여전히 주가가 싼 편이다. 금융정보분석업체 에프앤가이드에 따르면 4대 은행지주의 12개월 선행 주가순자산비율(PBR, 8일 종가 기준)은 0.2~0.3배로 극히 낮은 편이었다. PBR이 1배 미만이란 것은 은행이 파산, 보유자산을 팔면 시가총액보다 더 많은 돈을 주주들에게 돌려줄 수 있단 얘기다. 12개월 선행 주가순이익비율(PER)도 3~4배로 나타났다. 미국, 유럽 은행의 평균 PER이 12~16배에 달한다는 점을 고려하면 국내 은행지주들은 4분의 1 수준에서 거래된다는 얘기다. 그러나 증권가에선 은행지주 주가 전망이 갈린다. 특히 신종 코로나 바이러스 감염증(코로나19)에 따른 리스크 확산을 반영해 대손충당금을 충분히 쌓았는지 아닌지에 대해 의견이 갈리고 있다. 서영수 키움증권 연구원은 “은행지주들이 코로나19에 따른 대손충당금을 쌓지 않아 비용을 이연시켰다”며 “향후 실적 부담 요인이 될 것”이라고 설명했다. 1분기 4대 은행지주의 대출채권 대비 충당금 적립 비율은 평균 0.45%로 전분기(0.47%)보다 줄었다. 키움증권에 따르면 위험이 큰 개인사업자, 중소법인에 대한 원리금 상환 유예, 긴급자금 대출 지원 등 코로나 대책에 은행이 동원된 점을 고려해 연내 대손충당금 적립률을 미국(1분기 1.97%로 전분기보다 0.68%포인트 상향)만큼 높인다면 추가 충당금은 평균 1조8000억원에 달할 것으로 추정된다.
반면 미국과는 상황이 달라 추가로 대손충당금이 늘어날 가능성이 낮다는 의견도 있다. 최정욱 하나금융투자 연구원은 “미국의 선제적 대손비용 적립은 대부분 에너지업체와 신용카드 연체 등에 따른 것이라 우리나라와는 상황이 다르다”며 “미국과 비교해 충당금 적립에 의심의 눈초리를 키울 필요는 없다”고 설명했다. NIM에 따른 수익 전망도 엇갈린다. NIM이 악화되면서 실적 부담이 커질 것이란 의견이 있는가 하면, 시간이 갈수록 실적이 개선될 것이란 의견도 있다. 서 연구원은 “4월부터 전·월세 대출 규제가 강화된 데다 경제 활동 위축에 대출 수요가 감소할 것”이라고 밝혔다. 실제로 4대 은행지주의 영업이익 전망치는 한 달 전보다 3~6%가량 감소해 전년동기보다 10% 중반대 줄어들 것으로 예측되고 있다.반면 최 연구원은 “은행주는 1분기 뿐 아니라 2~3분기, 4분기까지도 컨센서스를 상회할 가능성이 높다”고 설명했다. 이어 “국내 은행주와 글로벌 은행주의 주가 방향성이 매우 비슷해 미국 은행주 움직임이 국내 은행주의 바로미터가 될 것”라고 전망했다. 최정희 (jhid0201@edaily.co.kr)＜ⓒ종합 경제정보 미디어 이데일리 - 무단전재 & 재배포 금지＞",/news/news_read.nhn?article_id=0004637709&office_id=018&mode=search&query=KB금융&page=1
,"5대 금융그룹의 2020년 1분기 실적에서 신한금융이 리딩뱅크의 위치를 유지했다. 하나금융은 우리금융을 제치고 3위를 차지해 산뜻한 출발을 보였다. 신한금융과 KB금융의 리딩뱅크 경쟁에서는 신한금융이 전년 대비 1.5% 늘어난 9324억 원의 당기순이익을 기록해 전년보다 13.7% 감소한 7295억 원에 머문 KB금융에 2029억 원 앞섰다. 신한금융의 호실적은 오렌지라이프의 완전 자회사 편입에 따른 지분이익 증가, 서울시금고의 무형자산 상각비 감소, 법인세 환급과 대손충당금 환입 등 일회성 이익이 반영된 데 따른 것이다. 반면 KB금융은 신종 코로나바이러스 감염증(이하 코로나19)으로 금융 시장 변동성이 높아지면서 발생한 기타 영업손실이 전체 실적을 끌어내렸다는 분석이다. 외화채권, 원본보전신탁 등 유가 증권 부문에서 평가손실이 발생했고, 파생상품과 외환 부문에서도 운용 손실이 났다는 게 KB금융 측 설명이다. 3위 경쟁에서는 하나금융이 전년 대비 20.3% 증가한 6570억 원의 당기순이익을 기록해 전년 대비 8.9% 감소로 5182억 원의 당기순이익에 그친 우리금융을 앞섰다. 주요 계열사인 하나은행의 이자수익이 크게 늘어난 데다 지난해 1분기 특별퇴직 관련 비용 1260억 원이 반영된 데 따른 기저 효과(기준시점과 비교시점의 상대적 수치에 따라 결과에 차이가 나타나는 현상)가 작용했다는 분석이다. 이밖에도 NH농협금융은 전년(4327억 원) 대비 21.7% 감소한 3387억 원의 당기순이익을 기록했다. 금융그룹들이 저금리 기조와 코로나19로 인한 경기침체 우려에도 불구하고 1분기 실적은 비교적 선방했다는 평가다. 하지만 코로나19 영향이 본격화되고 금리 인하가 전격 반영되는 2분기 전망은 그리 녹록치 않을 전망이다. 특히 금융그룹 실적을 견인하는 은행의 경우 이자수익에 크게 의존하고 있어 금리 인하에 따른 예대마진(대출이자에서 예금이자를 뺀 부분) 감소는 수익 감소로 이어질 것이라는 전망이 나오고 있다.정정욱 기자 jjay@donga.com / - Copyrights ⓒ
무단 전재 및 재배포 금지 -",/news/news_read.nhn?article_id=0000819308&office_id=382&mode=search&query=KB금융&page=1
"신한생명, 오렌지라이프 통합 시 생보업계 3강 구도 '흔들'KB생명, 푸르덴셜생명과 통합해도 자산 총액 30조원 그쳐신한-KB, 서로 의문 제기...미묘한 신경전","[서울=뉴시스] 최선윤 기자 = 지난해 신한금융그룹이 오렌지라이프를 인수한 데 이어 올해 KB금융그룹이 푸르덴셜생명을 인수하자 비은행 부문에서의 신한금융과 KB금융 간 '리딩금융' 경쟁이 더욱 치열해질 것으로 관측된다. 특히 양측 모두 생보사인 오렌지라이프와 푸르덴셜생명을 품에 안은 만큼 업계는 이들 실적에 따라 두 지주 간 승부에 차이가 날 것으로 전망하고 있다.12일 금융권 등에 따르면 신한금융은 지난해 2월 오렌지라이프를 자회사로 편입한 뒤 공동경영위원회를 통해 통합 논의를 진행해왔다. 이어 올해 3월 신한금융은 '뉴 라이프 추친위원회'에서 신한생명과 오렌지라이프의 통합일을 내년 7월1일로 확정했다고 밝혔다. 신한금융은 신한생명과 오렌지라이프가 판매 채널과 주력 상품 측면에서 큰 차이가 있어 이들이 통합될 경우 시너지 효과가 클 것으로 내다보고 있다. 신한생명은 방카슈랑스 채널과 텔레마케팅 채널을 중심의 영업에 강점을 가지고 있고, 오렌지라이프는 전속설계사를 통한 대면영업에 강점을 가지고 있는 것으로 평가된다. 실제로 신한생명과 오렌지라이프의 통합이 완료되면 신한금융은 생보업계 3강(强)으로 꼽히는 삼성생명, 한화생명, 교보생명을 위협할 수 있을 것으로 보인다. 지난해 말 기준 신한생명(34조), 오렌지라이프(33조)의 자산을 합치면 단숨에 업계 4위인 농협생명(64조)을 뛰어넘게 된다. 신한금융은 보험업을 핵심 사업군 중 하나로 키울 방침이다. 신한생명과 오렌지라이프 통합일 발표 당시 조용병 신한금융 회장은 ""통합이 완성되면 업계 톱 티어(Top Tier) 보험사로 재탄생하면서 규모의 경제를 달성할 수 있을 것""이라고 강조했다. 이 같은 포부처럼 신한금융은 올해 1분기 당기순이익이 전년 동기 대비 1.5% 증가한 9324억원을 기록하며 리딩뱅크 경쟁서 KB금융(당기순이익 7295억원)을 눌렀다. 특히 오렌지라이프 지분인수 효과가 반영되며 그룹의 실적을 견인했다.하지만 KB금융이 지난달 알짜 생보사로 꼽히는 푸르덴셜생명 인수에 성공하면서 리딩금융 경쟁은 다시금 불붙을 것으로 보인다. KB금융은 지난달 이사회를 열고 푸르덴셜생명 인수 및 자회사 편입 승인 안건을 결의하고 미국 푸르덴셜생명과 주식매매계약을 체결했다. 신한금융과 마찬가지로 KB금융은 계열사로 KB생명을 보유하고 있어 자산 21조원 규모의 푸르덴셜생명과 통합 시 시너지를 낼 수 있을 것으로 보인다. 다만 이들의 자산 총액이 합쳐져도 30조원에 그쳐 규모 측면에서는 신한금융 대비 열위에 머무를 것으로 보인다.일각에선 KB지주의 푸르덴셜생명 인수합병이 순탄치 않을 것이라는 얘기가 나온다. 한 업계 관계자는 ""신한생명은 원래 보험업을 영위했던 기업인 반면 KB생명은 다른 보험사를 인수해 보험업에 진출해 보험업에 대한 전반적인 이해도가 낮은 편""이라며 ""개성이 강한 푸르덴셜생명의 문화가 은행 위주의 KB생명에 녹아들 가능성은 거의 없다""고 지적했다.다만 반대편에서는 종신보험에 강점이 있는 푸르덴셜생명과 연금보험에 강점이 있는 KB생명의 시너지가 크게 나타날 수 있다고 관측하고 있다. 신한금융과 KB금융 모두 외국계 생보사를 인수한 것이 기존 보험사와의 시너지를 위한 측면이 커서다. KB금융 측은 ""푸르덴셜생명과 KB생명의 합병은 아직 결정된 바 없으며, 각자의 업무 영역 특성을 살려 독립적으로 운영될 가능성도 커서 인수합병에 따른 부작용이 없을 것""이라고 말했다.신한과 KB가 벌써부터 신경전을 벌이는 셈이다.이병건 DB금융투자 연구원은 ""KB금융의 푸르덴셜생명 인수가 주주가치에 보탬이 되기 쉽지 않고, 리스크를 확대시킬 수도 있는 부담스러운 면이 강하다고 본다""며 ""생보사 확정금리 부채의 대규모 리스크를 새로이 떠안게 된다는 점 등이 우려된다""고 전망했다. csy625@newsis.com<ⓒ 공감언론 뉴시스통신사. 무단전재-재배포 금지>",/news/news_read.nhn?article_id=0009856858&office_id=003&mode=search&query=KB금융&page=1
,"[디지털타임스 심화영 기자] 이달 말 선임될 것으로 예상되는 홈앤쇼핑의 새 대표에 대한 하마평이 업계에서 솔솔 흘러나오고 있다. 중소기업전용 홈쇼핑인 홈앤쇼핑은 최종삼 전 대표가 지난해 11월 사임했고, 현재 이원섭 경영지원부문장이 대표이사 직무대행을 맡고 있다. 홈앤쇼핑은 지난달 30일 주주총회에서 이원섭 경영지원부문장을 직무대행으로 임명했다. 12일 업계에 따르면 홈앤쇼핑 대표이사추천위원회는 지난주 2명의 대표이사 후보자 면접을 마친 것으로 전해졌다. 후보자로 오른 인물은 농협이 추천한 H씨, 중소기업중앙회가 추천한 K씨 등으로 알려졌다. 농협중앙회 관계자는 ""농협경제지주에 (홈앤쇼핑 대표이사)추천 몫이 있기 때문에 1인을 추천한 것은 맞다""면서 ""농협에는 언론사 출신이 없는 데 (언론사 대관업무를 한 후보로 알려져 있어) 농협에서 추천한 타 기관 인물인 것으로 추측된다""고 전했다.또 다른 후보로 거론되는 K씨는 서울보증보험 사장, KB금융지주 사장을 역임한 금융전문경영인이다. 금융권에선 김옥찬 KB금융지주 전 사장이 거론되는 게 아니냐는 하마평이 돌고 있다. 김 전 사장은 현재 신용보증기금 비상임이사로 2016년부터 2017까지 KB금융지주 사장을 역임했다. KB금융 관계자는 ""K씨는 대내외적으로 평판이 좋으신 분""으로 기억했다.지난 2012년 1월 개국한 홈앤쇼핑은 중기중앙회가 지분 33%를 보유한 최대주주이고 농협경제지주가 20%, 중소기업유통센터 15%, 중소기업은행 10% 등을 보유하고 있다. 홈앤쇼핑의 매출은 지난 2017년과 2018년 연속 4000억원 대를 기록했으며, 영업이익도 400억원을 훌쩍 넘었다.홈앤쇼핑은 지난해 4074억원의 매출과 409억원의 영업이익을 올렸다. 영업이익 규모는 2017년과 2018년에 비해 감소했지만 400억원을 넘겼다.안정적인 실적에도 불구하고 지난해 홈앤쇼핑은 사회공헌 명목으로 마련한 기부금 일부를 유용한 혐의로 서울 강서구 마곡동 본사가 압수수색을 당했고, 회사 고위 관계자들을 소환돼 조사를 받는 등 시련을 겪었다. 이번에 새 대표가 선임되면 빠른 경영 정상화가 이뤄지며 재도약 발판을 다질 지 기대를 모으고 있다.국내 중소기업전용 홈쇼핑은 홈앤쇼핑 이외에 중소벤처기업부 산하 공영홈쇼핑이 있다. 홈앤쇼핑은 민영으로 구분이 돼있고, 공영홈쇼핑 역시 중소기업유통센터와 농협이 지분을 반반씩 보유하고 있다. 업계에선 홈앤쇼핑과 공영홈쇼핑의 통합론이 나오기도 한 만큼 차별화도 과제다. 한편 국내 TV홈쇼핑 시장에선 현대홈쇼핑, GS샵, CJ오쇼핑, 롯데홈쇼핑, 홈앤쇼핑, NS홈쇼핑, 공영홈쇼핑이 경쟁하고 있다. 심화영기자 dorothy@dt.co.kr 디지털타임스
/",/news/news_read.nhn?article_id=0002597586&office_id=029&mode=search&query=KB금융&page=1
"금융지주 주가 과거 대비 상승   1분기 실적 선방, 주식시장 안정세 영향 2분기 실적부터 코로나 여파 반영향후 주가 전망 불투명","[파이낸셜뉴스] 지난 3월까지 끝을 모르고 하락을 거듭했던 금융지주들의 주가가 최근에는 과거 대비 상승하며 기지개를 폈었다. 이는 1·4분기 실적 선방과 주식시장의 안정세 등에 의한 것이지만, 2·4분기 실적부터 코로나19 여파가 본격적으로 반영됨에 따라 향후 금융지주들의 주가 전망은 불투명한 상황이다.
 12일 금융권에 따르면 지난 3월 신한금융지주의 주가는 2만1850원까지 하락했다가 최근 3만원 가까이 상승했다. KB금융지주의 주가는 2만5850원까지 하락했다가 3만1000원대로 상승했다. 하나금융지주의 주가는 1만8450원에서 2만5000원대로, 우리금융지주의 주가는 6320원에서 8000원 가까이 각각 상승했다.
 한 때 크게 하락했던 금융지주들의 주가가 최근 과거 대비 상승한 것은 우선 1·4분기 금융지주들의 실적이 예상보다 양호했기 때문이다. 당초 저금리 기조와 규제, 경기침체 등에 따른 수익성 저하로 금융지주의 1·4분기 실적이 상당히 부진할 것으로 예상됐지만, 실제로는 전년 대비 당기순이익 감소폭이 크지 않아 대체로 선방했다는 평가가 나오고 있다. 더욱이 최근 코로나 사태가 어느정도 진정됨에 따라 주식시장이 점차 안정세를 찾아가는 점도 긍정적인 영향을 미쳤다는 분석이다.
 하지만 향후 금융지주들의 주가 전망은 불투명한 상황이다. 무엇보다 코로나 여파가 2·4분기 실적부터 본격적으로 반영되면서, 다시 주가가 크게 요동칠 수 있다는 전망이 나온다. 금융권 관계자는 ""1·4분기와 같이 2·4분기 실적도 선방을 한다면 금융지주들의 주가 상승세는 이어질 것이지만, 2·4분기 실적이 녹록지 않을 것으로 관측된다""며 ""그동안 금융사들이 코로나로 피해를 입은 소상공인, 기업에 대한 지원에 적극 나섰지만, 연체율 및 대손비용 급증 등의 우려가 커지고 있는데다 이전부터 지속된 저금리 기조 등 수익성 저하 요인이 중첩되고 있다""고 지적했다.



 ※ 저작권자 ⓒ 파이낸셜뉴스. 무단 전재-재배포 금지",/news/news_read.nhn?article_id=0004423195&office_id=014&mode=search&query=KB금융&page=1
"금융지주 주가 과거 대비 상승   1분기 실적 선방, 주식시장 안정세 영향 2분기 실적부터 코로나 여파 반영향후 주가 전망 불투명","[파이낸셜뉴스] 지난 3월까지 끝을 모르고 하락을 거듭했던 금융지주들의 주가가 최근에는 과거 대비 상승하며 기지개를 폈었다. 이는 1·4분기 실적 선방과 주식시장의 안정세 등에 의한 것이지만, 2·4분기 실적부터 코로나19 여파가 본격적으로 반영됨에 따라 향후 금융지주들의 주가 전망은 불투명한 상황이다.
 12일 금융권에 따르면 지난 3월 신한금융지주의 주가는 2만1850원까지 하락했다가 최근 3만원 가까이 상승했다. KB금융지주의 주가는 2만5850원까지 하락했다가 3만1000원대로 상승했다. 하나금융지주의 주가는 1만8450원에서 2만5000원대로, 우리금융지주의 주가는 6320원에서 8000원 가까이 각각 상승했다.
 한 때 크게 하락했던 금융지주들의 주가가 최근 과거 대비 상승한 것은 우선 1·4분기 금융지주들의 실적이 예상보다 양호했기 때문이다. 당초 저금리 기조와 규제, 경기침체 등에 따른 수익성 저하로 금융지주의 1·4분기 실적이 상당히 부진할 것으로 예상됐지만, 실제로는 전년 대비 당기순이익 감소폭이 크지 않아 대체로 선방했다는 평가가 나오고 있다. 더욱이 최근 코로나 사태가 어느정도 진정됨에 따라 주식시장이 점차 안정세를 찾아가는 점도 긍정적인 영향을 미쳤다는 분석이다.
 하지만 향후 금융지주들의 주가 전망은 불투명한 상황이다. 무엇보다 코로나 여파가 2·4분기 실적부터 본격적으로 반영되면서, 다시 주가가 크게 요동칠 수 있다는 전망이 나온다. 금융권 관계자는 ""1·4분기와 같이 2·4분기 실적도 선방을 한다면 금융지주들의 주가 상승세는 이어질 것이지만, 2·4분기 실적이 녹록지 않을 것으로 관측된다""며 ""그동안 금융사들이 코로나로 피해를 입은 소상공인, 기업에 대한 지원에 적극 나섰지만, 연체율 및 대손비용 급증 등의 우려가 커지고 있는데다 이전부터 지속된 저금리 기조 등 수익성 저하 요인이 중첩되고 있다""고 지적했다.



 ※ 저작권자 ⓒ 파이낸셜뉴스. 무단 전재-재배포 금지",/news/news_read.nhn?article_id=0004423313&office_id=014&mode=search&query=KB금융&page=1
,"[디지털타임스 심화영 기자] 이달 말 선임될 것으로 예상되는 홈앤쇼핑의 새 대표에 대한 하마평이 업계에서 솔솔 흘러나오고 있다. 중소기업전용 홈쇼핑인 홈앤쇼핑은 최종삼 전 대표가 지난해 11월 사임했고, 현재 이원섭 경영지원부문장이 대표이사 직무대행을 맡고 있다. 홈앤쇼핑은 지난달 30일 주주총회에서 이원섭 경영지원부문장을 직무대행으로 임명했다. 12일 업계에 따르면 홈앤쇼핑 대표이사추천위원회는 지난주 2명의 대표이사 후보자 면접을 마친 것으로 전해졌다. 후보자로 오른 인물은 농협이 추천한 H씨, 중소기업중앙회가 추천한 K씨 등으로 알려졌다. 농협중앙회 관계자는 ""농협경제지주에 (홈앤쇼핑 대표이사)추천 몫이 있기 때문에 1인을 추천한 것은 맞다""면서 ""농협에는 언론사 출신이 없는 데 (언론사 대관업무를 한 후보로 알려져 있어) 농협에서 추천한 타 기관 인물인 것으로 추측된다""고 전했다.또 다른 후보로 거론되는 K씨는 서울보증보험 사장, KB금융지주 사장을 역임한 금융전문경영인이다. 금융권에선 김옥찬 KB금융지주 전 사장이 거론되는 게 아니냐는 하마평이 돌고 있다. 김 전 사장은 현재 신용보증기금 비상임이사로 2016년부터 2017까지 KB금융지주 사장을 역임했다. KB금융 관계자는 ""K씨는 대내외적으로 평판이 좋으신 분""으로 기억했다.지난 2012년 1월 개국한 홈앤쇼핑은 중기중앙회가 지분 33%를 보유한 최대주주이고 농협경제지주가 20%, 중소기업유통센터 15%, 중소기업은행 10% 등을 보유하고 있다. 홈앤쇼핑의 매출은 지난 2017년과 2018년 연속 4000억원 대를 기록했으며, 영업이익도 400억원을 훌쩍 넘었다.홈앤쇼핑은 지난해 4074억원의 매출과 409억원의 영업이익을 올렸다. 영업이익 규모는 2017년과 2018년에 비해 감소했지만 400억원을 넘겼다.안정적인 실적에도 불구하고 지난해 홈앤쇼핑은 사회공헌 명목으로 마련한 기부금 일부를 유용한 혐의로 서울 강서구 마곡동 본사가 압수수색을 당했고, 회사 고위 관계자들을 소환돼 조사를 받는 등 시련을 겪었다. 이번에 새 대표가 선임되면 빠른 경영 정상화가 이뤄지며 재도약 발판을 다질 지 기대를 모으고 있다.국내 중소기업전용 홈쇼핑은 홈앤쇼핑 이외에 중소벤처기업부 산하 공영홈쇼핑이 있다. 홈앤쇼핑은 민영으로 구분이 돼있고, 공영홈쇼핑 역시 중소기업유통센터와 농협이 지분을 반반씩 보유하고 있다. 업계에선 홈앤쇼핑과 공영홈쇼핑의 통합론이 나오기도 한 만큼 차별화도 과제다. 한편 국내 TV홈쇼핑 시장에선 현대홈쇼핑, GS샵, CJ오쇼핑, 롯데홈쇼핑, 홈앤쇼핑, NS홈쇼핑, 공영홈쇼핑이 경쟁하고 있다.심화영기자 dorothy@dt.co.kr 디지털타임스
/",/news/news_read.nhn?article_id=0002597671&office_id=029&mode=search&query=KB금융&page=1
