head,text,url
,"[이데일리 전선형 기자] 푸르덴셜생명이 코로나 19 사태에 따른 금융시장 위축에도 업계 최고의 건전성을 유지했다. 푸르덴셜생명 사옥.(사진=푸르덴셜생명 제공)31일 생명보험협회 통계에 따르면 푸르덴셜생명의 지난 1분기 초회보험료는 635억원으로 집계됐다. 이는 전년 동기(266억원) 대비 139% 증가한 수치다. 코로나19 사태 이후 안전자산인 달러에 대한 관심이 높아지면서 관련 상품의 판매가 늘었기 때문으로 보인다. 특히 재무건전성 지표인 지급여력비율(RBC)은 434.5%로 업계 최고 수준을 유지했다.반면 당기순이익은 50억원을 기록했다. 1년 전과 비교해 91%(529억원) 줄었다. 코로나19로 주식시장이 흔들리면서 투자 손실을 봤고, 변액보증 준비금을 더 적립하느라 일시적으로 이익이 줄어든 영향이다. 보험사들은 투자상품인 변액연금을 운용하다 손실이 생겼을 때 일정 금액을 쌓아둬야 한다. 나중에 가입자에게 변액보험에 납입한 원금 정도는 되돌려줄 수 있도록 하는 일종의 안전장치다. 푸르덴셜생명도 1분기 364억원 규모의 변액보증준비금 추가적립금이 발생했다. 1년 전과 견주면 310억원이나 늘어난 것이다. 또 보유하고 있던 종목 가운데 주가가 많이 하락한 종목은 처분하고 저평가된 주식을 사들이면서 245억원의 유가증권처분손실이 발생해 당기순이익에 반영됐다. 주식시장이 안정을 찾으면 쌓아뒀던 적립금이 환입되고 보유 주식 손실도 만회할 수 있다는 게 회사 측의 설명이다. 푸르덴셜생명 관계자는 “자산·부채관리(ALM) 정책하에서 1분기는 이익확대를 위한 인위적인 매각을 지양하는 등 신중하고 보수적인 기조를 이어가는 것에 초점을 뒀다”며 “1분기 당기순이익이 줄었으나 올해 전체 규모는 예년과 비슷한 수준을 기록할 것”이라고 강조했다. 한편 푸르덴셜생명은 지난 4월 KB금융그룹에 약 2조3000억원에 인수된 바 있다. 보험업계에서는 KB금융의 KB생명과 푸르덴셜생명이 합병할 경우 자산이 30조원대로 늘어나 10위권 생명보험사로 도약할 수 있을 것으로 보고 있다.전선형 (sunnyjun@edaily.co.kr)＜ⓒ종합 경제정보 미디어 이데일리 - 무단전재 & 재배포 금지＞",/news/news_read.nhn?article_id=0004653061&office_id=018&mode=search&query=KB금융&page=1
"하나·신한은행, 광고 조회수 1000만회 돌파고객 접점 확대‥보수적 은행 이미지 탈피","[이데일리 전선형 기자] “세상을 바꾸기 위해 비밀문서를 손에 넣고 잠적한 승기, 스파이 조직의 끈질긴 추적을 받게 되는데…캐치 미 이프유 캔(Catch me if you can)”(KB금융그룹의 유튜브 광고 내용)KB금융 캐치미이프유캔 메인 포스터 썸네일.(사진=KB금융그룹 제공)은행권이 유튜브 광고에 푹 빠졌다. 톱스타 모델 기용과 탄탄한 이야기, 영화 같은 영상으로 소비자의 관심을 끌어낼 수 있어서다.31일 금융권에 따르면 KB금융그룹이 지난 14일 유튜브를 통해 공개한 바이럴 영상 ‘캐치 미 이프유 캔(Catch me if you can)’의 조회수가 270만회를 넘어섰다, 긴장감 넘치는 음악으로 시작되는 캐치 미 이프유 캔 영상은 주연배우 이승기, 대세 배우 오정세, 씬스틸러 김광규가 등장한다. 특히 약 5분여의 시간 동안 쫓고 쫓기는 추격전이 이어지며 첩보 영화 같은 흥미를 불러일으켰다는 평가다. 소비자들의 반응 역시 뜨거웠다. ‘와…이 영화 언제 개봉하나요? 너무 재미있어요, 초호화 캐스팅에 스토리까지 완벽!’, ‘대박, 이게 광고인가요 영화인가요’, ‘스토리텔링으로 KB가 이렇게 새롭고 다양한 금융을 하는걸 보여주네요! 등의 댓글이 달렸다. KB금융그룹은 유튜브를 통해 다양한 바이럴 영상을 제작해 공개하고 있다. 지난해 말 공개한 ‘돌봄 스릴러:아무도 안된다’는 김연아 전 피겨스케이트 선수와 배우 이희준·신동미가 출연해 화제를 모았으며, 영상 공개 6주 만에 500만 조회수를 기록했다. 앞서 6월에 공개한 ‘투머치토커 박찬호가 조용해진 이유는’ 영상은 조회수가 800만회에 달하는 등 인기를 끌었다. 다양한 영상으로 화제를 모은 KB금융은 유튜브 구독자수가 20만6000명이 넘는 등 금융그룹 중 월등히 많다. 참고로 하나금융그룹의 구독자 수는 3만2500명, 신한금융그룹은 270명, 농협금융그룹은 64명이다. 신한금융그룹도 최근 유튜브 광고 ‘최대 14만원 먼저 받고 시작하는 신한플러스 멤버십’ 이 공개 18일 만에 1000만 조회수를 돌파했다고 밝혔다. 지난 14일 처음으로 공개된 신한플러스 멤버십 광고는 론칭 이벤트를 통해 받을 수 있는 최대 혜택인 ‘14만원’을 강조한 재미있는 에피소드를 배우 권태원, 김환희, 현봉식, 홍인 등이 출연해 옴니버스식으로 구성했다. 시중은행들도 유튜브 광고에 적극적이다. 하나은행 원큐 광고,(사진=하나은행 제공)하나은행은 지난달 유튜브에 공개한 ‘하나원큐 영상 광고’가 한 달 만에 유튜브 조회수 1000만뷰를 돌파하며 화제를 모았다. 하나원큐 영상 광고는 배우 김수현이 출연했으며, 터치 몇 번만으로 편리하게 대출한도와 금리를 조회할 수 있는 하나원큐 앱의 편의성을 강조한 것이 주요 내용이다. 하나은행은 이번 유튜브 광고가 국내 뿐만 아니라 해외에서도 좋은 반응을 얻으면서 현재 하나금융이 추구하는 글로벌 경쟁력 확대, 신남방 확장 정책을 알리는 데 효과적이라고 분석하고 있다. 신한은행도 지난달 공개한 ‘내 돈 관리의 끝판왕’ 바이럴 영상이 조회수 700만을 넘어섰다. 마치 느와르 영화를 연상케 하는 이 영상은 ‘신한 쏠(SOL)’에서 제공하는 디지털 금융 컨설팅 서비스인 MY자산에 대한 내용으로 배우 곽도원과 이엘이 출연해 화제를 모았다. 해당 영상은 곽도원편, 이엘 편 두 편으로 제작됐으며 각각의 조회수가 700만을 돌파했다. 금융권이 유튜브 광고에 공을 들이는 것은 고객과의 접점을 늘릴 수 있기 때문이다. 특히 보수적이고 재미없다는 금융사 이미지에서 벗어날 수 있는데다 다양한 고객층을 사로잡는 가장 빠른 방법이란 판단도 가미됐다.
한 은행권 관계자는 “유튜브는 중장년층과 젊은 층 모두가 사용하고 있고, 포털과 더불어 최근에는 정보 검색 채널로 부상하고 있어 미래고객 창출을 위한 대응 필요성이 커지고 있다”며 “게다가 최근에는 코로나19로 외부에서 진행하는 이벤트가 어렵게 되며 비대면 채널을 활용한 홍보가 중요해 지고 있다”고 말했다.전선형 (sunnyjun@edaily.co.kr)＜ⓒ종합 경제정보 미디어 이데일리 - 무단전재 & 재배포 금지＞",/news/news_read.nhn?article_id=0004653078&office_id=018&mode=search&query=KB금융&page=1
한경TV '라이온킹 투자자 만들기 프로젝트 - 대박천국',"한국경제TV의 대표 프로그램 [라이온킹 투자자 만들기 프로젝트-대박천국](월~목 밤 9~12시 기획·책임 조주현, 연출 김태일·남혜우·최세규)의 대박천국 1부가 코로나19 재확산에 따라 어려운 증시의 해답을 찾아 나섰다.먼저 월요일 ‘돈워리스탁’에서는 장동우 파트너, 감은숙 파트너가 시황 분석과 기법 강의를 진행했고, 화요일 ‘종목빅리그’에서는 국내 주식시장이 상승세를 지속할 수 있을지 진단하고 우수한 수급, 차트, 실적을 겸비한 종목들을 시청자들에게 선사했다. 김동엽 파트너는 씨에스윈드, 박윤진 파트너는 크린앤사이언스, 임종혁 파트너는 아이스크림에듀를 소개했다. 수요일 ‘이경락의 돈버는 락티비 24 시즌2’에서는 이경락 파트너가 속이뻥차트 기법을 알려주고 해자가 있는 기업으로 SKC, 속이 뻥 뚫리는 특급주로는 삼성전자 에스티아이 제이티 등을 선사했다. 목요일 ‘한&류 주식투캅스’에서는 류태형, 한동훈 파트너가 시청자들을 위해 120% 수익을 노려보는 용의주들을 선사했다. 이번주에는 류태형 파트너가 알테오젠, 크린앤사이언스, 로보티즈를 소개하고 한동훈 파트너가 이글벳, 제일약품, 엠에스오토텍을 소개하고 시장 대응 전략을 짜보며 한 주를 마무리했다.지난 28일 목요일 대박천국 3부 ‘꿈의 주식을 찾아라’에서는 시장에서 주목받고 있는 종목들을 집중 분석했다. 첫 번째로는 중국 전국인민대표대회에서 가결된 홍콩 국가보안법에 따른 국내 증시 영향을 살펴봤다. 김동엽 파트너는 작년과 같은 심각한 무역분쟁으로 확대되지 않는 한 시장 영향은 제한적일 것으로 예상했다. 두 번째 이슈로는 목요일 시장 하락에 대해 조정의 시작인지 아니면 여전히 상승인지 분석했다. 김동엽 파트너와 이동근 파트너는 조정으로 보긴 하나 여전히 상승세가 유효하다는 의견을 제시했다.다음으로는 고공행진을 하고 있는 언택트주가 상승세를 이어갈 수 있을지 아니면 콘택트주에 주목해보면 좋을지 점검했다. 강준혁 파트너는 여전히 언택트주에 주목하면 좋을 것이라고 이야기했고, 김동엽 파트너는 사회적 거리두기 완화 시 콘택스주에 주목해보면 좋고 간헐적으로 코로나19가 좀 더 확산하면 언택트주의 상승이 더 이어질 것으로 예상했다. 이동근 파트너는 콘택트주에 주목해보자고 이야기했다.마지막으로 지금 주목하면 좋을 유망 종목으로 강준혁 파트너는 코로나19 확진자 확산으로 다시 씨젠에 주목하면 좋을 것이고, 김동엽 파트너는 경기 회복 시 금리 인상에 대한 기대로 KB금융을 선정했다. 이동근 파트너는 SK하이닉스에 주목하자고 했다.▶ ▶
 ▶
ⓒ 한국경제 & , 무단전재 및 재배포 금지",/news/news_read.nhn?article_id=0004350747&office_id=015&mode=search&query=KB금융&page=1
,"[아시아경제 송화정 기자]외국인이 국내 증시에서 4주 연속 매도세를 지속했다.31일 한국거래소에 따르면 외국인은 지난 25일부터까지 29일까지 한 주 동안 국내 주식시장에서 약 5800억원을 순매도했다. 유가증권시장에서 4819억원을, 코스닥시장에서는 980억원을 각각 팔아치웠다.외국인이 지난 주 가장 많이 사들인 종목은 삼성전자였다. 외국인은 지난 주 삼성전자를 3149억원 순매수했다. 뒤이어 포스코(POSCO)를 730억원 사들였다. 이밖에 셀트리온제약(598억원), 기아차(500억원), 하나금융지주(493억원), 더존비즈온(445억원), KB금융(442억원), 에이치엘비(413억원), 삼성바이오로직스(405억원), 대림산업(307억원) 등을 순매수했다.지난 주 외국인이 가장 많이 판 종목은 네이버(NAVER)였다. 외국인은 지난 주 네이버를 2970억원 순매도했다. 이어 삼성SDI를 2365억원 팔았다. 이밖에 셀트리온헬스케어(1863억원), SK하이닉스(1548억원), SK(755억원), 삼성전자우(715억원), KT&G(623억원), 한진칼(569억원), 카카오(351억원), HDC현대산업개발(347억원) 등이 외국인 순매도 상위에 올랐다.중국의 홍콩 국가보안법 처리로 인해 미·중 마찰이 한층 격화될 것으로 예상되면서 국내 증시도 영향을 받을 것이란 전망이다. 노동길 NH투자증권 연구원은 ""긍정적 외부 요인들에도 불구하고 미·중 마찰 본격화 우려는 코스피 회복 속도를 더디게 할 것""이라며 ""아직 관세로 확전하지 않았고 1단계 무역협정 수호 의지를 보이고 있는 점이 지수 하락 가능성을 그간 제한해왔으나 마찰 범위에 따라 주식시장에 대한 영향력이 달라질 것""이라고 말했다.문남중 대신증권 연구원은 ""미국이 꺼내들 제재안의 강도에 따라 증시의 불확실성도 결정될 것""이라며 ""1차적 카드는 공산당 간부 및 관련 기업 등 당장 취할 수 있는 금융 제재·자산 동결로 투자심리 훼손은 불가피하겠지만 증시 낙폭은 얕은 수준에서 제한될 것""이라고 내다봤다. 다만 최근 인민은행이 위안화 약세를 용인하고 있는 점은 올해 양회(전국인민대표대회와 전국인민정치협상회의)를 기점으로 경제성장 축을 향후 자립경제 모델로 전환하기 위한 통화수단으로 이해할 수 있으며 이는 미국 입장에서 중국 중심의 세계 경제 블록화 구축으로 보여질 수밖에 없다는 분석이다. 문 연구원은 ""이는 미국으로 하여금 홍콩 부여 특별지위 박탈과 환율 조작국 지정 카드를 꺼내들 수밖에 없게 한다""면서 ""미국 정부가 이 카드 중 하나만 꺼내들더라도 홍콩발 악재를 빌미 삼아 증시는 3월 저점 형성 이후 과열된 양상을 해소하는 과정을 거칠 것""이라고 덧붙였다.송화정 기자 pancake@asiae.co.kr <ⓒ경제를 보는 눈, 세계를 보는 창 아시아경제 무단전재 배포금지>",/news/news_read.nhn?article_id=0004688773&office_id=277&mode=search&query=KB금융&page=1
