head,text,url
작년 톱10 중 6곳이 금융사KB금융지주 1억3340만원 1위… 석유화학업종 연봉 크게 줄어,"지난해 국내 대기업 중 ‘억대 연봉’을 받은 곳은 33곳인 것으로 나타났다. 경기 불황의 여파로 석유화학사의 연봉이 전년 대비 크게 줄어든 반면 ‘연봉킹’에 등극한 KB금융지주를 비롯해 금융지주사 및 증권사들이 상위권에 대거 포진했다. 3일 기업평가 사이트 CEO스코어가 국내 500대 기업 중 사업보고서를 제출한 318개사의 지난해 직원 연봉을 조사한 결과 1인 평균 7920만 원을 받은 것으로 집계됐다. 2018년 평균 7870만 원보다 0.6% 늘어난 수치다. 금융감독원 전자공시시스템에 공시된 직원 수를 급여총액으로 나눈 값으로 임원을 제외한 순수 직원들의 평균 연봉이다. 지난해 가장 많은 연봉을 지급한 기업은 KB금융지주(1억3340만 원)로 전년 대비 평균 연봉이 14% 늘어 1위에 올랐다. KB금융지주을 비롯해 하나금융지주, NH투자증권, 코리안리, 오렌지라이프생명보험, KB증권 등 6개 금융사가 톱10에 들었다. 톱10 중 남은 네 자리는 SK그룹 계열사들이 이름을 올렸다. 2018년 1위를 차지했던 SK에너지는 평균 연봉이 전년 대비 1890만 원 줄어든 1억2820만 원으로 2위로 내려앉았다. 3위 SK인천석유화학(1억2750만 원), 5위 SK종합화학(1억2270만 원), 10위 SK하이닉스(1억1380만 원) 등이 포함됐다. 이 밖에도 평균 1억 원이 넘는 연봉을 지급한 기업은 총 33곳으로, 삼성전자와 삼성SDS, SK텔레콤, SK하이닉스를 제외하면 모두 금융 또는 석유화학업종이었다. 금융권의 강세는 업종별 분석에서도 도드라졌다. 금융지주와 증권업의 평균 연봉이 각각 1억1780만 원, 1억430만 원으로, 22개 업종 중 억대 연봉을 기록한 곳은 이 두 곳뿐이었다. 이어 여신금융, 은행, 정보기술(IT)·전기전자 순으로 업종별 순위 1∼4위를 금융권이 차지했다. 반면 지난해 경기침체로 연봉이 줄어든 석유화학업종은 올해 신종 코로나바이러스 감염증(코로나19) 여파로 더 큰 하락이 예상된다. 허동준 기자 hungry@donga.comⓒ 동아일보 & donga.com, 무단 전재 및 재배포 금지",/news/news_read.nhn?article_id=0003284111&office_id=020&mode=search&query=KB금융&page=1
불붙는 퍼터 직진전쟁핑 `헤플러` 관용성 극대화 주력빗맞아도 방향·거리손실 `뚝`캘러웨이 `트리플 트랙 퍼터`목표방향에 정확한 정렬 도와테일러메이드 `스파이더S 퍼터`중심부에 구멍뚫어 직진성 강화,"주말 골퍼들이 가장 쉽게 타수를 줄일 수 있는 곳은 그린이다. 총 90타를 쳤을 때 40타가량이 그린에서 나올 정도로 코스에서 퍼팅 비중은 50%를 넘는다. 3퍼팅 하나만 없애도 1타가 줄어들고 숏퍼팅 미스가 줄어든다면 2~3타는 금세 줄일 수 있다. 각 용품사가 '드라이버 장타 전쟁'과 함께 '퍼터 직진 전쟁'을 치열하게 펼치는 이유다. 최근에는 직진성을 강화한 맬릿 퍼터 개발에 힘을 쏟고 있다. 얇은 블레이드형 퍼터에 비해 맬릿형 퍼터는 관성모멘트(MOI)가 높고 스트로크를 작게 해도 웬만한 거리를 보낼 수 있어 주말 골퍼뿐만 아니라 프로골퍼들 사이에서 사용 비율이 점점 더 높아지고 있다.세계에서 골프를 가장 잘 친다는 미국프로골프(PGA) 투어에서도 퍼팅을 가장 잘하는 선수 상위 50명 중 무려 30명이 맬릿 퍼터를 손에 쥐고 있다. 세계랭킹 1위 로리 매킬로이(북아일랜드), 2위 욘 람(스페인)을 비롯해 올해 생애 첫 우승을 차지한 임성재(22·CJ대한통운)도 맬릿 퍼터로 바꾼 뒤 승승장구하고 있다. 또 '옛 골프 여제' 안니카 소렌스탐(스웨덴)도 전성기 시절 맬릿 퍼터의 초창기 모델로 불리는 투볼 퍼터로 모든 기록을 갈아치웠고, '골든 커리어 그랜드슬래머' 박인비(32·KB금융그룹)는 맬릿 퍼터로 올림픽 금메달과 메이저 대회를 휩쓸었다.그린 위에서 허무하게 사라지는 타수를 지켜줄 맬릿 퍼터. 가장 따끈따끈한 신제품은 핑골프의 '헤플러(Heppler)' 퍼터다. 헤드 중심을 벗어나 맞은 볼의 방향과 거리 손실도 최소화하는 '관용성 극대화'에 초점을 맞춘 제품이다.세련된 디자인의 고성능 헤플러 퍼터는 솔리드한 타구감을 선호하는 골퍼에게 더욱 만족을 줄 수 있도록 스틸페이스로 제작됐다. 높은 관성모멘트로 관용성은 물론 정확성과 일관성까지 겸한다. 항공우주산업에서 적용되는 정교한 고압 알루미늄 캐스팅과 스틸 결합으로 무게 배치가 자유로워 10가지 다양한 디자인으로 탄생했다. 모델 특성에 맞게 최적의 비율로 무게중심을 둬 관성모멘트를 높였고, 대조되는 쿠퍼와 블랙 프리미엄 마감의 고급스러운 외관이 볼 시안성을 높였다. 그중 가장 주목받는 톰캣14 맬릿 퍼터는 10가지 모델 중 관성모멘트가 가장 높은 모델로 공항 활주로에서 영감을 얻은 조명 라인을 얼라인먼트에 적용해 정렬을 돕는다.퍼터 명가 캘러웨이골프는 올해도 직진성이 뛰어난 퍼터를 선보여 돌풍을 이어가고 있다.이제는 기술적인 관용성과 함께 시각적으로도 정렬을 잘할 수 있도록 돕는 기술까지 함께 집어넣었다. 캘러웨이골프의 '오디세이 트리플 트랙 퍼터'다. 이 퍼터의 가장 큰 특징은 3개 선을 사용한 트리플 트랙 기술을 적용해 퍼팅 정확도를 향상했다는 점이다. 트리플 트랙 기술은 배열시력(Vernier Hyper Acuity·두 개 이상의 물체가 평면상에서 일렬로 서 있는지를 판별하는 능력)을 강화해 정렬의 일관성과 정확도를 크게 높여준다.트리플 트랙 퍼터와 트리플 트랙 기술이 적용된 볼을 같이 사용했을 때 그 효과는 더욱 배가된다. 핸디캡 1~21 골퍼 43명을 대상으로 얼라인먼트 개선 효과를 실험한 결과 88%가 퍼팅을 더 많이, 더 쉽게 성공시킨 것으로 나타났다.퍼터 헤드와 샤프트까지 실수를 줄여주는 최신 기술도 탑재됐다. 샤프트는 향상된 템포와 보다 일관된 스트로크를 위해 그라파이트와 스틸을 결합한 스트로크 랩 샤프트를 채용했다. 최근 스파이더 퍼터로 돌풍을 일으키고 있는 테일러메이드도 빼놓을 수 없다. 테일러메이드는 올해 관용성을 더 끌어올린 '스파이더S 퍼터'로 승부를 걸었다. 퍼터 중앙에 오각형 모양으로 각이 진 구멍이 뚫려 있는 것이 특징이다. 스파이더S는 프리미엄 6061 알루미늄과 100% 기계 밀링으로 정교하게 제작됐다. 사각형 퍼터 헤드는 토와 힐의 솔 부분에 48g 텅스텐 2개를 장착해 퍼터의 안정성을 높이면서도 무게중심 위치를 최적화한다. 또 스파이더S 퍼터 34인치는 65g, 33인치는 80g으로 무게를 다르게 해 최적의 밸런스를 찾아놨다.한국 미즈노에서 선보인 2020년 M·CRAFT 퍼터는 색상부터 모양까지 매력적이다. 어드레스 때 자신감을 주는 정확한 헤드 형상을 만들었고 순수연철인 '1025 포지드'를 사용해 부드러운 타구감도 느낄 수 있다. 또 딥페이스 밀링으로 볼이 정확하게 구를 수 있게 제작했고 헤드 무게도 355g으로 견고하고 안정적인 스트로크를 할 수 있다. 여기에 '단조 헤드'로 만들었기 때문에 골퍼에게 맞게 라이각 조정도 가능하다.
 [조효성 기자] [ⓒ 매일경제 & mk.co.kr, 무단전재 및 재배포 금지]",/news/news_read.nhn?article_id=0004568113&office_id=009&mode=search&query=KB금융&page=1
"KB금융, 1억3340만원 ‘최고’ 등 상위 5개 업종 중 1∼4위 ‘금융권’","지난해 국내 매출 기준 상위 500대 기업 종사자들의 평균 연봉이 7920만원이었던 것으로 조사됐다.3일 기업평가사이트 CEO스코어가 국내 500대 기업 중 사업보고서를 제출한 318곳의 지난해 직원 연봉을 조사한 결과 1인당 평균 7920만원을 받아 전년보다 0.6% 올랐다. 이번 조사 결과는 공시된 직원 수와 급여 총액에서 미등기 임원은 제외한 수치다. 조사 대상 직원 수는 128만6303명이고 이들에게 지급된 급여는 총 1002조2105억원이었다.금융지주와 증권 업종 종사자가 각각 1억1780만원, 1억430만원을 받아 업종 22개 중 유일하게 ‘억대 연봉’을 기록했다. 여신금융업 평균 연봉이 9280만원, 은행이 9200만원, IT전기전자가 9050만원이었다. 평균 연봉 상위 5개 업종 중 1∼4위를 금융권이 차지했다.반면 유통은 4160만원을 받아 평균 연봉 5000만원 선을 밑돌았다. 식음료(5480만원)와 생활용품(5980만원) 제약·상사(7000만원) 등이 하위권이었다.기업별로는 KB금융 평균 연봉이 1억3340만원으로 가장 높았다. 하나금융지주(1억2280만원) NH투자증권(1억2050만원) 코리안리(1억1920만원) 오렌지라이프생명보험(1억1560만원) KB증권(1억1550만원) 등 상위 10곳 중 6곳이 금융사였다. SK에너지(1억2820만원) SK인천석유화학(1억2750만원) SK종합화학(1억2270만원) SK하이닉스(1억1380만원) 등 SK 계열사가 나머지 상위 4곳을 차지했다. 평균 연봉이 1억원 이상인 회사가 총 33곳이었는데, 삼성전자와 삼성SDS, SK 계열사를 제외하면 모두 금융과 석유화학 업체였다.제약업과 여신금융업, 서비스업(7440만원)의 평균 연봉이 전년보다 각각 7.4%, 7.3%, 6.7% 올라 가장 높은 인상률을 보였다. 공급과잉으로 지난해 업황이 부진했던 석유화학 업종은 연봉 감소(-4.7%)가 두드러졌다. IT전기전자 업종 연봉도 전년보다 4.3% 감소했다.안규영 기자 kyu@kmib.co.krGoodNews paper ⓒ , 무단전재 및 재배포금지",/news/news_read.nhn?article_id=0001317487&office_id=005&mode=search&query=KB금융&page=1
"KRX은행지수 하루 만에 10%↑...외국인 KB금융 388억원 매수보험주는 급등세 주춤,..단기 주가보다 언택트시대 변화 주목","금융그룹이 올해 1분기 깜짝 실적을 발표하면서 주가도 일제히 상승세를 보이고 있다. 초저금리 기조와 신종 코로나바이러스 감염증(코로나19) 확산에도 양호한 실적을 내면서 투자심리가 자극받는 모습이다. 반면 낙폭 과대주로 꼽히며 앞서 빠르게 반등했던 보험주 주가는 밸류에이션 갭을 좁혀나가며 주춤하고 있다. 전문가들은 시장 환경을 감안한 보수적인 접근과 함께, 언택트 시대에 따른 전략 변화를 눈여겨보라고 조언했다.4일 한국거래소에 따르면 지난달 29일 KRX은행지수는 전장 대비 6.90포인트(1.34%) 오른 523.30에 거래를 마쳤다. KRX은행 지수는 지난달 3월 19일부터 이날까지 37%올랐다. 특히 해당 지수는 지난달 27일에만 10% 가깝게 급등하며 투자자들의 이목을 집중시켰다. 금융지주사들의 실적 발표 이후 KB금융(9.97%), 하나금융지주(16.85%), 신한지주(10.50%) 등이 일제히 강세를 보인 덕분이다. 외국인이 대형 금융주를 대거 순매수한 가운데 기관의 매수세도 힘을 보탰다.이날 KB금융은 외국인이 388억원 어치를 사들이며 순매수 종목 1위에 이름을 올렸다. 이어 하나금융(311억원), 신한지주(299억원)가 2, 3위를 기록했다. 기관도 삼성전자와 SK하이닉스에 이어 KB금융 349억원을 순매수 했고 신한지주는 194억원 어치을 사들였다. KB금융은 28일에도 기관이 388억원을 사들이며 순매수 종목 8위를 차지했다.금융지주사들이 악화된 시장 환경에서도 1분기 깜짝 실적을 내놓으면서 투자심리에 영향을 미친 것으로 풀이된다. 하나금융지주는 1분기 6570억원의 당기순이익을 올렸다. 이는 1년 전보다 실적이 20% 가량 증가한 것이다. 신한지주 역시 9324억원의 순이익을 달성해 기대치에 부합하는 실적을 보였다. 다만 KB금융이 지난해 1분기 보다 13.7%(1162억원) 줄어든 7295억원을 기록했다.이는 2분기 실적 감소가 예상되는 상황에서 충당금 등 급격한 충격은 없을 것이란 기대감으로도 이어졌다. 또 다른 업종들의 가파른 주가 회복세와 비교해 은행주의 저평가 매력도가 높아진 것도 주효했다는 평가다. 최근 증권주도 과도한 낙폭 대비 1분기 양호한 실적 효과로 인해 급반등을 나타냈다. 이날 KRX증권지수는 전장 대비 29.96%포인트(6.22%) 오른 511.94로 마감했다.다만 증권가는 변화하고 있는 금융업의 환경을 감안해 상승 여력에 대해선 다소 보수적 관점에서 접근하는 것이 좋다고 조언했다. 코로나19 리스크가 여전히 해소되지 않았고 연말 배당에 대한 불확실성도 지켜볼 필요가 있다는 이유에서다.김재우 삼성증권 연구원은 “은행들의 실적 우려 완화와 더불어 최근 코로나19 확진자 감소 등에 따른 다른 업종들의 가파른 주가 회복을 보면, 단기적으로 은행주 또한 트레이딩 기회는 가능하다”면서도 “기준금리 인하와 성장성 둔화 등의 영업 환경 변화를 감안할 때, 은행주 밸류에이션 회복 여력이 제한될 수 있다는 점을 고려할 필요가 있다”고 분석했다.경기 침체 우려가 남아있지만 올해 은행 수익성이 염려보단 양호한 수준을 유지할 것이란 관측도 있다.김지영 교보증권 연구원은 “금리 인하에 따른 순이자마진(NIM) 하락은 불가피하지만 기업 자금 조달 수요 증가와 정부지원 등으로 기업 대출 성장에 따른 원화대출의 절대금액은 꾸준히 성장할 것”이라며 “과거 대비 좋아진 국내 시중은행의 체력을 바탕으로 대손비용율이 글로벌 금융위기만큼 상승하지는 않을 것""이라고 전망했다.반면 뚜렷한 회복세를 보이던 보험사들은 최근 주가 상승 기세가 다소 꺾인 모습을 보이고 있다. 이날 KRX보험지수는 전장 대비 5.46포인트(0.54%) 내린 1014.47에 거래를 마쳤다.일각에선 일시적인 반등 이후 낙폭과대 효과가 꺾이고 있는 게 아니냐는 우려를 내놓고 있다. 초저금리로 인한 역마진 확대와 출혈 경쟁, 높은 손해율을 겪고 있어 주가 상승 여력이 부족하다는 이유에서다. 전문가들은 단기 주가 방향보다는 언택트 시대의 변화가 보험종목 투자의 핵심이라고 진단했다.장효선 삼성증권 연구원은 “최근 보험주 주가는 저가 매수세 유입과 코로나19 국면에서의 손해율 개선 기대감으로 금융업종 내에서 아웃퍼폼했다”면서 “그러나 밸류에이션 갭이 축소된 현 시점에선 단기적 수혜 요인보다 언택트 시대 도래에 따른 저금리 심화, 보험 상품 수요 축소 등 근본적인 펀더멘탈 변화에 주목해야 한다”고 말했다.장 연구원은 “언택트 시대 확산으로 대면 채널 영업 의존도가 절대적으로 높은 보험업종의 경우, 중장기적 신계약 축소가 불가피하다”며 “또 언택트에 따른 보험 수요 변화로, 보험사들의 상품 구성 전략이 차별화 될 것”이라고 내다봤다.데일리안 백서원 기자 (sw100@dailian.co.kr)ⓒ (주)데일리안 - 무단전재, 변형, 무단배포 금지",/news/news_read.nhn?article_id=0002399577&office_id=119&mode=search&query=KB금융&page=1
‘억대’ 연봉은 33곳… KB금융 최고,"[서울신문]국내 500대 기업에 다니는 직원들의 지난해 1인당 평균 연봉은 전년보다 0.6% 오른 7920만원이었다. 평균 연봉이 억대인 기업은 33곳이었다. 3일 기업평가사이트 CEO스코어에 따르면 국내 500대 기업 가운데 사업보고서를 제출한 318개사의 직원 128만 6303명으로 이들에게 지급된 급여 총액은 100조 2105억원이었다.기업별 연봉 순위는 KB금융(1억 3340만원) 1위, 하나금융지주(1억 2280만원) 4위 등 톱 10곳 가운데 6곳이 금융사였다. SK에너지(1억 2820만원)와 SK인천석유화학(1억 2750만원)이 각각 2, 3위에 올랐으나 정제마진 하락, 공급 과잉 등으로 업황 부진이 심한 석유화학업종은 전년보다 연봉이 430만원(4.7%) 줄어 감소액이 가장 컸다. 이에 따라 2018년 연봉 1~5위를 휩쓴 SK에너지와 SK종합화학, SK인천석유화학, 에스오일, GS칼텍스 등 석유화학 회사들의 순위가 지난해 모두 하락했다. 22개 업종 중에서는 금융지주(1억 1780만원), 증권사(1억 430만원)가 억대 연봉을 받았다. 유통은 4160만원으로 22개 업종 가운데 유일하게 5000만원을 채 받지 못했다.정서린 기자 rin@seoul.co.kr▶
▶
▶ⓒ 서울신문(www.seoul.co.kr), 무단전재 및 재배포금지",/news/news_read.nhn?article_id=0003087569&office_id=081&mode=search&query=KB금융&page=1
,"국내 500대 기업에 종사하는 직원들이 2019년 1인당 평균 7920만 원의 연봉을 받은 것으로 나타났다.기업평가사이트 CEO스코어가 국내 500대 기업 중 사업보고서를 제출한 318개사의 2019년 직원 연봉을 조사한 결과에 따르면 1인당 평균 7920만 원을 수령해 전년보다 0.6% 올랐다. 업종별로는 금융지주와 증권의 평균 연봉이 가장 높았다. 각각 1억1780만 원, 1억430만 원으로 22개 업종 가운데 억대 연봉을 기록한 곳은 이들 두 곳뿐이었다. 이어 여신금융 9280만 원, 은행 9200만 원, IT·전기·전자 9050만 원 등의 순으로 평균 연봉 상위 5개 업종 중 1∼4위를 금융권이 차지했다. 반면 유통은 4160만 원을 받아 유일하게 5000만 원에 못 미쳤다. 식음료(5480만 원)와 생활용품(5980만 원) 등 B2C(기업과 소비자간 거래) 업종이 연봉 하위권을 형성했다. 기업별 연봉 순위도 금융사들이 대거 상위권에 포진했다. KB금융이 1억3340만 원으로 1위였으며 하나금융(1억2280만 원, 4위), NH투자증권(1억2050만 원, 6위), 코리안리(1억1920만 원, 7위), 오렌지라이프생명보험(1억1560만 원, 8위), KB증권(1억1550만 원, 9위) 등 톱10 내 6곳이 금융사였다. 아울러 SK에너지(1억2820만 원, 2위)와 SK인천석유화학(1억2750만 원, 3위), SK종합화학(1억2270만 원, 5위), SK하이닉스(1억1380만 원, 10위) 등 SK 계열사가 나머지 4곳을 차지했다.정정욱 기자 jjay@donga.com
/ - Copyrights ⓒ
무단 전재 및 재배포 금지 -",/news/news_read.nhn?article_id=0000817307&office_id=382&mode=search&query=KB금융&page=1
"신한, 디지털 전환 주제로 화상 '마라톤회의'…KB 'The K 프로젝트' 가속도우리, 젊은 인재 중심 '블루팀' 조직…하나, 차별화된 비대면 보험서비스 예고","(서울=뉴스1) 장도민 기자 = 금융사들이 신종 코로나바이러스 감염증(코로나19) 사태 이후 전개될 새로운 세상에 대비하기 위해 분주하게 움직이고 있다. 이들은 '포스트 코로나'(Post-Corona) 시대의 경쟁력이 발빠른 비대면화(언택트)에 달려있다고 보고 있다. 4일 금융권에 따르면 조용병 신한금융지주 회장은 지난달 21일부터 24일까지 나흘동안 매일 2시간 넘게 '디지털 전환'을 주제로 마라톤 화상회의를 진행했다. 이번 회의에선 전 계열사의 디지털 전환을 점검하고 임직원 교육과 투자 방향, 핵심성과지표(KPI) 개편 방향, 신사업 발굴 등 폭넓은 범위에서 논의가 이뤄졌다. 토론회 형태로 진행됐으며 각 계열사 최고경영자(CEO)부터 현장 영업담당 직원들까지 참여해 의견을 공유했다.조 회장은 금융권 CEO들 중에서도 디지털 전환에 앞장서왔던 인물로 꼽힌다. 그런 조 회장이 강도높은 마라톤 회의를 연 것은 포스트 코로나 시대를 대비하기 위한 것으로 풀이된다. 비대면 서비스가 주류인 시대가 예상보다 앞당겨질 수 있는 만큼 계열사 전체가 함께 미리 움직여야만 경쟁력을 확보할 수 있다고 판단한 것이다.
윤종규 KB금융지주 회장 역시 디지털화를 미래 경쟁력으로 끊임없이 강조해 왔다. KB금융의 디지털화 전략 선봉엔 허인 KB국민은행장이 서있다. 주력 계열사인 은행의 수장이면서 금융지주의 디지털·IT·데이터를 총괄하는 '디지털혁신부문장'을 함께 맡고 있다.
허 행장은 금융지주 디지털혁신총괄(CDIO) 전무이자 은행의 디지털금융그룹장인 한동환 부행장과 올해 하반기 중 구축을 목표로 차세대 전산시스템인 'The K 프로젝트'를 준비 중이다. 이 프로젝트를 통해 인공지능(AI)과 빅데이터, 클라우드 등 최신기술을 적용해 혁신적인 IT인프라를 구축할 예정이다. 이런 가운데 예상못한 코로나19 팬데믹(세계 대유행)은 KB금융의 The K 프로젝트 진행 속도를 더 끌어올리고 있다.우리금융지주의 포스트 코로나를 준비하는 방식도 눈길을 끈다. 코로나19의 우려가 본격화됐던 지난 3월 13일 우리금융은 '비상경영대책위원회'를 신설하면서 젊은 인재들로 구성된 가칭 '블루팀'을 만들었다. 블루팀은 변화하는 경영환경 속에서 고객, 채널, 기업문화, 사회적 역할 등 경영전반에 혁신적인 아이디어를 제안하는 역할을 맡았다. 포스트 코로나19 시대의 흐름을 포착하고 대응하기 위해선 젊은 생각이 필요하다는 판단이 작용했다.이와 함께 우리금융은 그룹사 경영진들이 디지털을 명확하게 이해하는 게 급선무라고 보고 최근 지주 및 계열사 경영진들이 젊은 직원들로부터 멘토링을 받게 했다. 우리금융 경영진들은 '인사이드 리버스 멘토링(Inside Reverse Mentoring)'을 통해 디지털 트렌드와 각 그룹사에서 운영 중인 다양한 디지털 서비스의 구성, 콘텐츠, 활용 등에 대해 이해하고 직접 체험했다.하나금융지주는 지난달 29일 금융당국으로부터 인수 승인을 받은 더케이손해보험을 디지털 손보사로 탈바꿈한다는 계획이다. 하나금융 관계자는 ""급변하는 디지털 시대에 맞춘 새로운 방식으로 금융서비스를 제공할 것""이라며 ""금융상품 시너지 확대의 교두보로 더케이손해보험을 활용할 것""이라고 했다.이런 비대면 전략은 보험 플랫폼 핀테크 업체인 '보맵'을 통해 본격화할 것으로 전망된다. 지난 1월 하나금융 계열사인 하나캐피탈, 하나벤처스, 하나생명은 신기술사업투자조합인 '하나벤처스신기술 4호'를 통해 보맵에 85억원을 투자했다. 보맵은 원스톱 보험관리 통합 플랫폼이다. 고객이 가입한 모든 보험상품을 앱에서 조회할 수 있고, 보험금을 즉시 청구할 수도 있다. 간단한 여행자보험이나 웨딩보험 등을 즉시 가입할 수 있도록 하고 가족이나 지인에게 보험을 선물할 수 있는 기능도 갖췄다.최근 한국은행은 세계경제의 디지털화가 진전되면 국내 은행산업이 기존 은행과 핀테크·빅테크 기업들이 경쟁하는 구조로 재편될 것이라는 분석을 내놨다.jdm@news1.kr© 뉴스1코리아(), 무단 전재 및 재배포 금지",/news/news_read.nhn?article_id=0004618588&office_id=421&mode=search&query=KB금융&page=1
≪이 기사는 04월28일(06:48) 자본시장의 혜안 ‘마켓인사이트’에 게재된 기사입니다≫,"KB금융그룹이 인도 온라인 개인지도 플랫폼 베단투(Vedantu)에 투자했다. 신종 코로나바이러스 감염증(코로나19) 여파로 전 세계 각국이 하늘 길을 막은 탓에 국내 기관투자가들의 해외 투자도 주춤한 가운데 이뤄진 투자다.28일 벤처투자업계에 따르면 KB인베스트먼트는 최근 인도의 에듀테크(EduTech) 스타트업 베단투에 700만달러(약 84억원)를 투자했다. KB인베스트먼트의 투자로 베단투는 올해 2월부터 진행된 시리즈C 라운드를 마무리했다. 이번 라운드엔 베단투의 초기 투자자인 미국의 글로벌 벤처캐피탈(VC) GGV캐피탈과 중국의 대형 VC 레전드캐피탈, 액셀(Accel)등이 참여했다. 총 투자금은 약 4000만달러로 기업가치는 약 2억8000만달러 수준이다. KB인베스먼트는 이번 투자로 약 2.48%의 지분을 확보했다.이번 투자는 지난해 5월 결성한 2200억원 규모 'KB글로벌 플랫폼' 펀드를 통해 이뤄졌다. 이 펀드는 인도와 동남아시아의 혁신 기업이 투자 대상이다. 현재까지 동남아시아의 '우버'로 불리는 인도네시아 그랩을 비롯해 트럭 물류 스타트업 리비고, 금 기반 온라인 대출 플랫폼 루픽, 온라인 중고소매업체 스피니 등 다수의 인도 스타트업에 투자해왔다.KB인베스트먼트는 GGV캐피탈, 워버그핀커스 등 글로벌 VC를 비롯 인도 현지 VC들과의 네트워크를 통해 유망 기업을 발굴하고 함께 투자에 참여하고 있다. 베단투 투자 역시 GGV캐피탈과의 네트워크를 통해 성사됐다.베단투는 2014년 인도의 교육 사업가 밤시 크리슈나와 아낭드 프라카쉬 등이 설립한 기업이다. 라이브 스트리밍(실시간) 온라인 강의 플랫폼을 통해 초등학교 고학년부터 고등학생을 대상으로 수학, 과학, 사회, 영어 등 과목 강의를 제공한다. 현재 500여명의 강사진과 20만명의 회원을 확보하고 있다.베단투의 강의 플랫폼은 학생들의 집중력을 현장강의 만큼 끌어낼 수 없다는 기존 온라인 강의의 한계를 특유의 시스템과 기술로 극복한 것으로 알려졌다. 베단투에서 이뤄지는 강의는 실제 학원 강의처럼 정해진 시간에 실시간으로 진행된다. 강의하는 강사 외에 다수의 보조 강사들을 둬 실시간으로 수천명에 달하는 수강생의 질문에 답한다. 보조강사들이 강의에 도움이 될 수 있는 중요 질문을 뽑으면 강사는 이를 강의 중 설명한다. 온라인 강의의 한계는 극복하고, 실시간 소통의 강점은 기술을 통해 극대화한 것이다.투자자들은 베단투의 기술력과 인도 시장의 잠재력을 높이 평가했다. 베단투는 대규모 실시간 온라인 강의를 끊김 없이 제공하고, 인공지능(AI), 빅데이터 등을 활용해 수강생 개개인에 맞춘 학습 솔루션을 제공하는 기술을 자체 개발했다.뿐만 아니라 한해 대학 입시에 나서는 수험생만 1000만명에 달하는 인도는 교육열이 높은 나라로 꼽힌다. 교육을 통해 좋은 대학에 가는 것이, 암묵적으로 존재하는 카스트제도 속에서 계급을 뛰어넘을 수 있는 수단으로 여겨지고 있기 때문이다. 유로모니터에 따르면 인도의 교육 산업은 2015년 이후 연간 15%대 성장률을 기록하며 2018년 시장 규모가 1429억달러에 달했다. 최근 코로나19의 확산으로 인도가 전 지역을 봉쇄하고 학교 등이 휴교하면서 온라인 교육 시장으로 학생들이 몰리고 있는 것은 베단투의 성장을 가속화시킬 수 있는 요소다. 실제 베단투의 회원 수는 코로나19가 본격화된 3월 이후 기존 10만명대에서 20만명 수준으로 2배 가량 늘었다. KB인베스트먼트 관계자는 ""베단투는 기존 온라인 강의를 넘어선 혁신을 선도하고 있다""며 ""거대한 인도 시장의 잠재력에 코로나19 이후 강화되는 비대면 추세가 더해져 성장이 가속화될 것""이라고 말했다.황정환 기자 jung@hankyung.com▶ ▶
 ▶
ⓒ 한국경제 & , 무단전재 및 재배포 금지",/news/news_read.nhn?article_id=0004334247&office_id=015&mode=search&query=KB금융&page=1
,"[아시아경제 고형광 기자, 송화정 기자] 신종 코로나바이러스감염증(코로나19) 확산 이후 줄곧 매도세로 일관했던 외국인 투자자들이 모처럼 순매수에 나섰다. 주간 단위로 12주 만이다. 증권가에선 외국인이 '바이코리아'에 재시동을 거는 것 아니냐는 기대감이 나오고 있다. 코로나19 재확산 가능성과 국제유가 급등락 등 불확실성이 남아 있어 근본적인 추세 전환으로 보기엔 성급하다는 신중론도 적지 않다.4일 한국거래소에 따르면 외국인은 지난 주 코스피시장에서 1274억원을 순매수 한 것으로 집계됐다. 지난 2월 첫째 주(2349억원 순매수) 이후 12주 만에 '사자'로 돌아선 것이다. 지난 주 증시는 3거래일(4월27일~29일)만 열렸지만 대규모 순매도로 일관하던 외국인이 매매 패턴을 바꿨다는 점에서 눈여겨 볼 만한 대목이다.외국인은 지난 2월10일부터 지난달 24일까지 11주 동안 유가증권시장에서 총 20조9148억원에 달하는 주식을 내다 팔았다. 코로나19가 확산되면서 국내 증시에서 대규모 자금을 빼내간 결과다. 이 기간(59거래일) 외국인이 순매수를 기록한 날은 단 6거래일에 불과하다. 외국인 매도세가 절정에 달했던 3월 둘째주(9~13일)엔 5조440억원, 하루 평균 1조원의 매물 폭탄을 쏟아냈다. 특히 3월5일부터 지난달 16일까지 외국인은 30거래일 연속 순매도를 나타내 2008년 33거래일 이후 역대 두 번째로 긴 순매도 기록을 세우기도 했다.외국인의 매도세는 최근 다소 누그러졌다. 외국인은 투매가 한창이던 3월에만 코스피에서 12조5550억원어치의 주식을 팔아치운 반면 지난달엔 이 보다 3분의 1가량 줄어든 4조1001억원 정도를 순매도했다. 하루 평균 순매도 금액이 3월 5700억원에서 4월엔 2050억원으로 눈에 띄게 줄어든 것이다. 하루 5000억원 이상 매물 폭탄을 쏟아낸 날도 3월엔 14거래일이 됐지만 지난달엔 4거래일에 그쳤다.외국인이 지난 주 순매수로 전환하자 한국 증시로 돌아오는 것 아니냐는 기대감이 커지고 있다. 이경민 대신증권 연구원은 ""코스피 시장에서 외국인의 매도세는 정점을 지났다""면서 ""2분기 글로벌 유동성 확대 국면에서 외국인의 코스피 순매수 유입은 시간 문제일 것""이라고 예상했다. 서상영 키움증권 연구원은 ""코로나19의 진정세가 뚜렷해지고 코스피의 밸류에이션(평가가치) 매력이 높아짐에 따라 외국인의 매도 압력이 제한되고 있다""고 진단했다.그러나 코로나19의 재확산 가능성, 국제 유가 급등락과 북한 리스크 등이 상존하고 있어 외국인이 매수로 전환한 것이라고 속단하기는 이르다는 분석도 있다. 김용구 하나금융투자 연구위원은 ""코로나19의 재확산 가능성, 유가 불안과 실적 등 많은 요인을 놓고 볼 때 (외국인 순매수를) 단언하기엔 어려운 상황""이라며 ""2분기 기업 실적 악화가 현실화되면 주가에 반영될 것으로 예상되는 만큼 좀 더 지켜봐야 한다""고 설명했다.오랜만에 매수세로 돌아선 외국인은 IT 관련주와 은행주 위주로 순매수한 것으로 나타났다. 지난 주 SK하이닉스를 914억원 순매수하며 가장 많이 사들였다. 뒤이어 LG화학을 680억원 순매수했다. 이밖에 삼성전기(457억원), KB금융(410억원), 호텔신라(400억원), 하나금융지주(277억원), 삼성SDI(264억원), 삼성전자(214억원), NAVER(196억원), 한국조선해양(141억원) 등을 순매수 상위에 올렸다.순매수로 돌아서면서 외국인이 사들인 종목에도 변화가 생겼다. 외국인의 매도 공세가 거셌던 3월의 경우 삼성전자, SK하이닉스를 각각 4조9515억원, 9591억원 팔아치웠고 삼성SDI와 LG화학, NAVER, 하나금융지주 등이 순매도 상위에 포함됐다. 4월에도 SK하이닉스, KB금융 등을 순매도 상위에 올렸다.업종별로 보면 3월에는 셀트리온, 셀트리온헬스케어, 펄어비스, 넷마블 등 코로나19와 관련한 바이오주와 언택트주를 사들였지만 순매수로 돌아서면서 주도주인 IT와 실적 우려가 완화된 은행주를 담는 모습이다.이달에도 IT주는 시장 상승을 이끌 것으로 예상된다. 오태동 NH투자증권 연구원은 ""민간ㆍ정부의 IT인프라 투자와 IT제품 이연 소비 확대에 따라 IT 주도가 예상된다""면서 ""이연 소비에서 중요한 것은 휴대폰 판매량인데 휴대폰의 이연 소비가 IT의 실적을 이끌 것""이라고 말했다. 대신증권도 반도체, 소프트웨어, 2차 전지 등 IT업종을 최선호주로 꼽았다. 이경민 대신증권 연구원은 ""4차 산업혁명 사이클이 유효한 가운데 코로나19가 성장속도를 높여줄 것""이라며 ""5월 코스피가 상승 추세를 강화해가는 과정에서 IT는 주도주로 부각될 가능성이 높다""고 설명했다.은행주는 최근 실적 우려가 완화되면서 주가가 강세를 보이고 있다. 김재우 삼성증권 연구원은 ""은행들의 올해 1분기 실적 발표 이후 2분기 실적에 대한 우려 완화와 더불어 최근 다른 업종들의 가파른 주가 회복 속에서 은행주의 상대적인 주가 매력도가 높아졌다""면서 ""1분기 전년 동기 대비 제한적인 이익 감소폭과 높은 대출 성장률을 통한 순이자마진(NIM) 축소 영향 상쇄 기대 등으로 은행들의 2분기 실적 감소가 예상되지만 급격한 충격은 없을 것""이라고 분석했다.고형광 기자 kohk0101@asiae.co.kr송화정 기자 pancake@asiae.co.kr <ⓒ경제를 보는 눈, 세계를 보는 창 아시아경제 무단전재 배포금지>",/news/news_read.nhn?article_id=0004671944&office_id=277&mode=search&query=KB금융&page=1
설립 2년6개월만에 빠른 흑자전환…최대주주 카카오와의 시너지 기대,"[아이뉴스24 김다운 기자] 전 세계에서도 유례없이 빠르게 성장한 인터넷전문은행 카카오뱅크의 상장이 가시화되고 있다. 4일 업계에 따르면 카카오뱅크의 기업가치는 최소 4조원에서 최대 9조원까지도 예상된다.지난달 27일 윤호영 카카오뱅크 대표는 ""카카오뱅크는 성장을 위해 보다 많은 자본이 필요하며 이를 위해 기업공개(IPO)를 추진할 예정이다""라고 밝혔다.올 하반기부터 IPO를 위한 본격 준비에 들어간다는 계획이다. 상장 시점은 시장 상황에 따라 다르지만 내년께가 될 것으로 예상된다.2017년 7월 자본금 3천억원으로 출범한 카카오뱅크는 이후 같은해 9월 5천억원, 2018년 4월 5천억원, 2019년 11월 5천억원의 3차례 유증을 실시해 실탄을 1조8천억원으로 늘렸다.하지만 사업 확대와 건전성 비율 유지를 위해서는 추가 자본금이 필요하다고 보고, 여태까지처럼 기존 주주 대상의 유증이 아닌 IPO를 통해 외부에서 자금을 수혈받겠다는 계획이다.윤 대표는 ""IPO는 투자자금 회수를 위한 것이 아니라 지속 성장을 위한 자본확충 목적이다""라고 강조했다.지난 3월 말 IPO 전문가로 이름을 날린 김광옥 전 한국투자파트너스 전무를 부대표로 영입한 것도 IPO를 위한 포석이다.김 부대표는 재무와 전략 중심으로 카카오뱅크 경영전반에 관여하고 있는데, 하반기 카카오뱅크 IPO 준비가 시작되면 주도적인 역할을 하게 될 전망이다.카카오뱅크는 출범 이후 빠른 성장으로 예상보다 이른 흑자전환에 성공했다. 2019년 카카오뱅크는 137억원 순이익을 기록하며 첫 흑자를 달성했다.해외 인터넷전문은행들이 7~8년은 지나야 흑자전환에 성공하는 것에 비해 굉장히 빠른 행보다.구경회 SK증권 애널리스트는 ""영업 개시 3년만인 2019년 흑자 전환한 카카오뱅크의 빠른 성장은 카카오의 디지털 플랫폼을 이용한 수익모델이 성공적으로 자리잡은 결과다""라며 ""향후 카카오뱅크는 세계적으로도 인터넷은행 중에서도 성공 사례로 꼽힐 전망이다""라고 진단했다.연간 111%의 높은 대출 성장과 91%의 예금 성장이 뒷받침된 결과로 풀이된다. 카카오뱅크의 가입 고객 수는 1천200만명을 돌파했다.증권업계에서는 카카오뱅크가 내년에 상장할 경우 기업가치가 최소 4조원 이상이 될 것으로 전망한다. 최대 9조원까지도 기대된다.현재 은행주 시가총액은 신한지주가 14조4천억원, KB금융이 13조8천억원, 하나금융지주가 8조원, 우리금융지주가 5조8천억원, 기업은행이 4조4천억원 등이다.아직까지 국내에선 인터넷전문은행 상장 사례가 없어 밸류에이션(실적 대비 주가)이 어느 수준에서 형성될지는 미지수다.최근 저금리와 코로나19 사태 등으로 은행주들의 주가도 금융위기 수준까지 낮아져 있어 은행 기업가치를 인정 받기에 썩 좋은 상황은 아니다.하지만 앞으로도 기대되는 빠른 성장세와 최대주주인 카카오를 통한 사업 연계 등에 미뤄보면 시장에서의 가치 평가도 긍정적일 것이라는 기대가 크다.이경일 케이프투자증권 애널리스트는 ""대부분의 네오뱅크가 이용자 수 증가세는 견조한 반면 수익성은 부진한 상태인데 카카오뱅크의 경우 빠른 고객 수 증가와 함께 견조한 이익성장도 기대되기 때문에 상대적으로 높은 밸류에이션 부여가 가능할 것이다""라고 전망했다. kdw@inews24.com [ⓒ 아이뉴스24 무단전재 및 재배포 금지]",/news/news_read.nhn?article_id=0000536781&office_id=031&mode=search&query=KB금융&page=1
,"코스피가 외국인과 기관이 동반 매물을 쏟아내며 급락, 1900선이 무너졌다. 외국인과 기관은 둘이 합쳐 약 1조6700억원의 주식을 팔아치웠다. 4일 코스피 지수는 전 거래일보다 52.19포인트(2.68%) 하락한 1895.37에 장을 종료했다.지수는 전장보다 41.14포인트(2.11%) 하락한 1906.42로 거래를 시작했다. 장초반 1900선 아래로 내려갔던 지수는 오전 10시 이후 낙폭을 줄이며 오후 1시께에는 1918선까지 회복하기도 했지만 장막판 다시 낙폭을 키우며 1900선이 다시 붕괴됐다.미국 증시가 국내 증시의 휴장기간 동안 하락세를 보였고 미국과 중국간 무역 갈등이 코로나19 책임론 공방속 다시 격화될 수 있다는 위기감이 시장에 영향을 미쳤다.외국인과 기관이 둘이 합쳐 1조6708억원의 매물을 쏟아내며 지수 하락을 주도했다. 외국인은 9182억원의 주식을 팔아치우며 1거래일만에 매도세로 전환했다. 기관도 7526억원을 순매도했다. 금융투자와 연기금이 각각 4806억원, 1918억원을 팔았다. 개인만 1조6214억원을 순매수했다.대부분의 업종이 하락세를 보인 가운데 보험업종이 3.75% 내리며 하락폭이 가장컸다. 운수창고(-3.44%), 유통(-3.22%), 은행(-3.00%) 업종도 3%대 하락했다. 종이목재 업종만 1.28% 올랐다.시가총액 상위종목의 다수가 하락세를 보였다. 삼성물산은 5.75% 급락하며 10만원선이 무너진 9만9900원에 거래를 마쳤다.KB금융(-5.05%), 한국전력(-4.40%), LG화학(-4.38%), 삼성바이오로직스(-4.30%) 등도 4% 넘게 미끄러졌다. 반면 NAVER와 카카오는 각각 0.76%, 1.36% 상승했다.시가총액 1위인 삼성전자는 전장보다 1500원(3.00%) 내린 4만8500원을 기록, 다시 5만원선 아래로 내려갔다. 2위인 SK하이닉스는 2700원(3.23%) 하락한 8만1000원에 거래를 마쳤다.코스닥 지수는 3.27포인트(0.51%) 내린 641.91에 장을 종료했다. ▶
/ ▶ 태기원(tae@joseilbo.com)저작권자 ⓒ 조세일보(http://www.joseilbo.com). 무단전재 및 재배포 금지",/news/news_read.nhn?article_id=0002223213&office_id=123&mode=search&query=KB금융&page=1
,"[서울신문]위성호(사진·62) 전 신한은행장이 흥국생명 부회장으로 적을 옮겼다. 1985년 신한은행에 입행해 35년간 이어 온 ‘신한맨’ 경력에 사실상 마침표를 찍은 것이다. 2018년 말 은행장 연임에 실패한 뒤, 지난해 말 신한금융지주 회장직에 도전했다가 조용병 회장에게 막혀 연거푸 쓴잔을 마시자 더이상 가능성이 없다고 보고 다른 길을 찾은 것으로 보인다.흥국생명은 위 전 행장을 부회장급인 미래경영협의회 의장으로 선임했다고 4일 밝혔다. 미래경영협의회는 태광그룹 금융계열사들의 비공식 업무협의체다. 위 전 행장은 흥국생명과 흥국화재, 흥국증권, 흥국자산운용, 고려저축은행, 예가람저축은행의 자문 역할을 맡는다. 흥국생명 관계자는 “금융전문가인 위 전 행장이 풍부한 경험으로 중장기 경영전략 마련을 비롯한 폭넓은 자문 역할을 해 줄 것”이라고 말했다.위 전 행장은 신한금융에서 최고의 엘리트 코스를 밟아 왔다. 신한지주 경영관리담당 상무에 이어 부사장, 은행 부행장, 카드 부사장, 카드 사장, 은행장까지 승승장구했다. 회장만 빼곤 다 해 본 셈이다.신한에서 가장 잘나갔던 위 전 행장의 행보는 2018년 말 급제동이 걸렸다. 사상 최대 실적을 달성해 1년 더 연임할 것이라는 예상이 많았지만 진옥동 행장으로 교체됐다. 금융권에서도 ‘이변’이라는 평가가 적지 않았다. 위 전 행장이 연임에 실패한 이유는 금융권을 강타한 세대교체 바람 때문이었다. 당시 신한은 11개 계열사 최고경영자(CEO) 중 7명을 바꿔 CEO 평균 나이를 60.3세에서 57세로 낮췄다. KB금융을 비롯한 다른 금융그룹들도 CEO를 1960년대생으로 물갈이했다. 일각에선 ‘2인자 행보’를 대놓고 드러낸 게 밉보인 것 아니냐는 해석도 있다. 여기에 당시 법무부 산하 검찰 과거사위원회가 2008년 ‘남산 3억원 사건’의 추가 수사를 검찰에 권고한 점도 영향을 미친 것으로 알려졌다. 위 전 행장은 사건 당시 지주 부사장이었다. 위 전 행장은 이후 검찰 조사를 받았고 무혐의 처분이 내려졌다. 이미 연임이 좌절된 위 전 행장으로서는 “의도된 퇴출”이라고 반발했지만 ‘떠난 버스 격’이었다. ‘제2의 신한사태’로 번질 가능성도 우려됐지만 금융당국이 “절차상 문제가 없다”고 판단해 유야무야됐다.한편에선 위 전 행장이 신한 회장직에서 고배를 마신 지 5개월 만에 금융권으로 돌아온 것을 놓고 권토중래 의지가 있는 것 아니냐는 시선도 있다. 하지만 실현 가능성이 거의 없다는 데 무게가 실린다. 시중은행 관계자는 “금융사들이 핀테크(금융+기술)로 빠르게 변하는 환경에 맞춰 변화와 쇄신에 초점을 맞추고 있다”며 “앞으로 위 전 행장을 비롯한 ‘올드보이’의 귀환은 어려울 것”이라고 말했다. 신한 회장후보추천위원회(회추위)의 구성도 그의 복귀 가능성을 낮춘다. 회추위원인 사외이사 대부분의 임기가 5년가량 남아 있어서다. 3년 후 차기 신한금융 회장도 위 전 행장을 떨어뜨린 사외이사들이 뽑는다는 얘기다.장은석 기자 esjang@seoul.co.kr윤연정 기자 yj2gaze@seoul.co.kr▶
▶
▶ⓒ 서울신문(www.seoul.co.kr), 무단전재 및 재배포금지",/news/news_read.nhn?article_id=0003087729&office_id=081&mode=search&query=KB금융&page=1
,"지난 3~4월 폭락장 속에 달아오른 '동학 개미'(개인 투자자)의 주식 투자 열기가 5월 들어서도 가라앉지 않고 있다. 2거래일 휴장 후 개장한 4일 코스피 시장에서 개인 투자자가 1조7000억원가량 주식을 쓸어 담은 것이다. 미국과 중국의 무역분쟁이 재점화할 수 있다는 우려가 증시를 짓눌렀지만, 개인들은 외국인(9451억원)과 기관(8051억원)이 팔아치운 주식을 대부분 사들이며 맞대응했다. 하지만 개인의 폭풍 매수에도 이날 코스피 지수는 전 거래일보다 2.68% 하락한 1895.37로, 4거래일 만에 1900선 아래로 내려앉았다.



 이날 코스피 시장에서 개인 투자자는 주식 1조6983억원어치를 순매수했다. 거래소가 관련 통계를 집계한 1999년 이후 역대 최대다. 종전 기록인 2011년 8월 10일(1조5559억원) 순매수 규모를 8년9개월여 만에 깼다. 하루 1조원 넘게 순매수한 것만 올해 들어 네 번째다. 신종 코로나바이러스 감염증(코로나19) 첫 확진자가 나온 지난 1월 20일 이후 개인이 코스피 시장에서 사들인 주식은 24조2457억원에 달한다. 이날 개인 투자자는 삼성전자를 5000억원 넘게 순매수하며 가장 많이 담았고 SK하이닉스(1689억원), LG화학(915억원), 삼성전자 우선주(533억원), KB금융(492억원) 등 대형주를 사들였다.



전문가들은 코스피가 2% 넘게 빠지자 '싼값'에 주식을 사려는 수요가 몰린 결과로 보고 있다. 허재환 유진투자증권 연구원은 ""외국인은 미·중 무역갈등 같은 외부 변수에 민감하게 반등한 것 같고, 개인 투자자는 코로나19 진정 등으로 주가가 오를 것으로 예상하는 것 같다""고 말했다.



 증권가에선 그동안 개인 투자자는 기관 투자자에 비해 자금 동원력, 투자 지식 측면에서 열세에 있어 증시 영향력이 적은 것으로 평가됐다. 그러나 최근 들어 이들에 대한 평가가 달라지는 모습이다. 일단 자금 동원력이 풍부하다. 증시 대기 자금으로 통하는 '투자자 예탁금' 규모만 봐도 알 수 있다. 금융투자협회에 따르면 주식을 사려고 증권사에 맡겨놨거나 주식을 판 뒤 찾지 않은 돈인 투자자 예탁금은 지난달 29일 기준 42조7263억원에 이른다. 코로나19 본격화 시점인 1월 20일(28조1621억원)보다 51.7% 늘어났다.


 투자 학습도 활발하다. 메리츠증권에 따르면 지난 3월 경제·경영 베스트셀러 20위 목록(교보문고 기준)엔 7권이 주식 투자와 관련된 책이었다. 1년 전엔 한 권도 없었다. 강봉주 메리츠증권 연구원은 ""올해 증시에서 개인 투자자들이 보이는 패턴은 과거와 다르다""며 ""투자 학습 열기가 상당하고, ETF(상장지수펀드)와 해외 투자, 레버리지를 활용한 투자 방식도 발전적이고 효율적""이라고 말했다. 그는 ""개인 투자자는 한국 증시의 든든한 버팀목 역할을 할 것""이라고 덧붙였다.


그러나 주식 '빚투'(빚내서 투자)가 다시 증가하고 있는 건 우려할 만한 대목이다. 지난달 29일 기준 코스피 시장의 신용거래융자 규모는 4조4041억원이다. 신용거래융자는 투자자가 주식을 사기 위해 증권사에서 빌린 돈이다. 지난 2월 말 4조6000억원대였던 신용융자 규모는 차츰 줄기 시작해 3월 말 3조753억원으로 떨어졌다가 다시 증가하는 추세다.



황의영 기자 apex@joongang.co.kr
 ▶ ▶
/ ⓒ중앙일보(https://joongang.co.kr), 무단 전재 및 재배포 금지",/news/news_read.nhn?article_id=0002998021&office_id=025&mode=search&query=KB금융&page=1
"외인·기관 각각 2870억 원, 2476억 원 순매도","[더팩트ㅣ박경현 기자] 4일 외국인과 기관의 1조7000억 원 매도공세에 코스피가 약세 마감했다. 외국인과 기관은 각각 9411억 원, 8051억 원을 팔아치우며 강한 매도세를 보인 가운데 개인은 이 물량을 받아내며 1조6984억 원 가량을 사들였다. 반면 코스닥은 하락 출발했지만 개별 종목들의 상승세에 힘입어 보합권에 마감했다.이날 코스피시장 외국인투자자의 기업 최대매도는 삼성전자로 향했다. 외인은 이날 삼성전자 2870억 원 가량을 팔아치우는 한편 SK하이닉스 983억 원, LG화학 663억 원, KB금융 409억 원, 셀트리온 289억 원 순으로 순매도했다.반면 네이버(NAVER)는 386억 원가량 사들였다. 뒤를 이어 카카오 218억 원, LG전자 170억 원, LG생활건강 127억 원, 부광약품 119억 원 순으로 순매수했다.코스닥 시장에서는 NHN한국사이버결제(208억 원), 셀트리온제약(63억 원), 에이치엘비(46억 원)를 사들이고 씨젠(78억 원), 메드팩토(55억 원), 셀트리온헬스케어(41억 원)는 팔아치웠다.기관투자자 역시 삼성전자에 2476억 원을 팔았다. 뒤를 이어 SK하이닉스 683억 원, 네이버(NAVER) 368억 원 순으로 순매도했다.반면 아모레퍼시픽은 52억 원, 신세계 25억 원, 현대해상 21억 원을 사들였다.이날 시가총액 상위종목은 대부분 내렸다. 삼성전자(-3.00%), SK하이닉스(-3.23%), 삼성바이오로직스(-4.30%), 삼성전자우(-2.49%), 셀트리온(-3.33%), LG화학(-4.38%), LG생활건강(-1.73%), 현대차(-2.24%), 삼성SDI(-3.15%)가 내렸고 NAVER(+0.76%)는 오르며 장을 마쳤다.pkh@tf.co.kr저작권자 ⓒ 특종에 강한 더팩트 & tf.co.kr 무단 전재 및 재배포 금지",/news/news_read.nhn?article_id=0000024742&office_id=629&mode=search&query=KB금융&page=1
연휴 끝나고 주가 하락하자삼성전자·LG화학 등대형 우량주 대거 사들여,"4일 개인투자자들이 하루 기준으로 역대 최대 순매수를 기록했다. 주가가 조정받자 반등을 기대하고 뒤늦게라도 진입하려는 자금이 대거 유입된 것으로 증권업계는 보고 있다.이날 유가증권시장에서 개인투자자는 1조6977억원어치를 순매수하며 2011년 8월 10일(1조7000억원어치 순매수) 역대 최대 기록을 갈아치웠다. 올 들어 개인이 1조원 이상 순매수를 기록한 것은 지난 3월 9일과 11일, 그리고 지난달 1일에 이어 네 번째다.이날의 순매수세에는 올 들어 ‘동학개미운동’을 이끌어온 ‘저점 매수’ 심리 외에 또 다른 요인이 작용했다는 평가다. 올 들어 개인 순매수가 1조원 이상 유입된 날은 모두 증시가 4% 이상 폭락한 날이었다.이날 증시 하락폭은 -2.68%였다. 주가가 조정받으면 공격적으로 주식을 사는 개미 외에 뒤늦게라도 증시에 진입하려는 투자자가 합류한 결과라는 것이다. 코로나19로 인한 급락과 이후 반등이 워낙 짧아 증시에 진입하지 못하고 적절한 시점을 기다려온 자금이 상당하다는 분석이다.한 상장사 IR담당자는 “3월 급락장과 4월 반등장에서 주식을 매수하지 못한 개인들이 하루에도 몇 번씩 기업 현황이나 실적 전망을 문의하는 등 매수 시점을 고민하고 있다”며 “증시에 대한 개인들 관심이 그 어느 때보다 높은 상황”이라고 설명했다. 증시에 진입하지 못한 대기 자금으로 통하는 ‘투자자 예탁금’은 지난달 29일 기준 42조7263억원에 달한다.이날 개인들이 매수한 종목을 살펴보면 과거 대북 테마주나 바이오주 등 투자 흥행기와 달리 철저히 시가총액 상위주 중심으로 사들이는 동학개미운동의 흐름이 이어졌다. 삼성전자(5082억원어치 순매수) SK하이닉스(1691억원) LG화학(912억원) KB금융(533억원) 등 상위 5개 순매수 종목들은 연초 외국인 매수세가 대거 유입됐던 LG화학을 제외하고는 모두 올해 개인 연간 순매수 상위 10개 종목에 포함됐다.김학균 신영증권 리서치센터장은 “개인들은 안정성이 뛰어나고 반등 가능성이 높은 대형주를 중심으로 매수하고 있다”며 “기관투자가 사이에서도 개인들의 매매 형태가 과거보다 정교해졌다는 평가가 나온다”고 말했다.전범진 기자 forward@hankyung.com▶ ▶
 ▶
ⓒ 한국경제 & , 무단전재 및 재배포 금지",/news/news_read.nhn?article_id=0004334660&office_id=015&mode=search&query=KB금융&page=1
,"외국인 투자자는 04일 거래소에서 삼성전자, SK하이닉스, LG화학 등을 중점적으로 매도한 것으로 나타났다.외국인 투자자의 순매도 상위 20개 종목은 삼성전자, SK하이닉스, LG화학, KB금융, 셀트리온, 현대차, SK이노베이션, 삼성바이오로직스, 삼성전자우, 롯데케미칼등이다.이중에 전기,전자 업종에 속한 종목이 4개 포함되어 있다.이날 외국인 투자자가 순매도한 종목들 중에 삼성전자, SK하이닉스, LG화학 등은 전일 대비 주가가 하락했다.한경로보뉴스이 기사는 한국경제신문과 금융 AI 전문기업 씽크풀이 공동 개발한 기사 자동생성 알고리즘에 의해 실시간으로 작성된 것입니다.▶ ▶
 ▶
ⓒ 한국경제 & , 무단전재 및 재배포 금지",/news/news_read.nhn?article_id=0004334734&office_id=015&mode=search&query=KB금융&page=1
