head,text,url
◇ M&A로 시너지·자회사 지분확대 나서,"[이데일리 김재은 기자] 신종 코로나바이러스 감염증(코로나19) 팬데믹에 적지 않은 기업들이 타격을 입고 있지만, 되레 투자 확대에 나서는 곳도 있어 눈길을 끈다. 위기를 기회로 삼는 역발상 전략을 택한 것으로 보인다. 15일 금융감독원에 따르면 이달 들어 14일까지 타법인주식및지분취득(양수)을 신고(정정포함)한 상장사는 유가증권 5곳, 코스닥 11곳 등 총 16곳으로 집계됐다. 이는 전년동기(유가 4곳, 코스닥 14곳 등 18개사)에 비해 11.1% 줄어든 수준이지만 코로나19로 경제가 꽁꽁 얼어붙었다는 점을 감안하면 적지 않은 수준이라는 분석이 나온다. [그래픽=이데일리 김다은 기자]는 지난 7일 미국 면세점 브랜드 3Sixty로 알려진 트래블 리테일 그룹 홀딩스 지분 44%를 1417억원에 인수하기로 했다. 이미 지난해 10월 이사회 결의 이후 고심하다 인수 타이밍을 지금으로 잡은 것이다. 호텔과 면세사업 모두 코로나19 확산에 따른 대표 피해업종으로 꼽힌다. 이에 따라 한국신용평가와 한국기업평가는 최근 호텔신라의 등급전망을 ‘안정적’에서 ‘부정적’으로 낮추기도 했다. 코로나19 확산에 따라 호텔과 면세시장 수요가 급격히 저하됐고, 영업실적이 크게 부진할 것이란 전망에서다. 그럼에도 호텔신라는 면세사업 글로벌 경쟁력을 강화하고 미주 면세사업 진출을 위한 교두보 확보를 위해 인수를 결정했다.는 LG CNS 지분 매각으로 마련된 1조원 가운데 900억원을
지분 확대에 쓰기로 했다. LG는 LG유플러스 지분 853만여주(2%)를 장내에서 취득한다고 공시했다. 지난 1일 종가를 기준으로 할 때 900억원 규모로 금액은 다소 변동될 수 있다. 취득 후 LG의 LG유플러스 보유지분율은 종전 36%에서 38%(1조6590만7583주)로 높아진다. 도 자회사 심텍의 주주배정 유상증자에 222억원의 자금을 투입한다. 경영지배력 안정화와 재무구조 개선, 신규 시설투자 확보 등을 위해서다.코로나19로 기존 사업이 타격을 받으면서 사업다각화나 시장 개척에 나서는 곳들도 적지 않다. 강구조물(데크플레이트) 제작, 설치업체인 은 스파앤리조트 개발을 영위하는 이스트베이 지분 17%를 81억원을 들여 인수하기로 했다. 건축 강건재전문기업에서 리조트 등 개발사업으로 사업범위를 넓히는 것이다. 산업용 로봇제조업체인 은 150억원을 들여 네이버시스템 지분 51%를 인수, 시스템개발 사업에 뛰어든다. 는 183억원을 투자해 홍콩에 현지법인(SPC)을 설립하고, 중국 반도체 세정시장에 진출한다. SKC 솔믹스는 “1500만달러(183억원)를 홍콩 법인 설립에 투자하고, 중국 현지에서 950만 달러(116억원)를 차입해 중국 반도체 세정사업에 투자할 계획”이라고 밝혔다. 건강기능식품업체인 는 티씨엠생명과학 지분 22.25%를 159억원에 인수한다고 공시했다. 바이오 등 신규사업에 진출하려는 목적이다. 지난해 12월 상장한 도 호주에 미생물치료제 개발 현지법인을 설립하기로 했다. 천종식 천랩 대표는 “호주 시드니에 현지법인을 설립, 마이크로바이옴 신약개발에 5억원을 출자한다”며 “파킨슨병, 알츠하이머 등에 새로운 마이크로바이옴 치료제 후보물질을 발굴하겠다”고 말했다. 속옷업체인 은 사업다각화를 위해 소프트웨어 유통 판매업체인 포비스티앤씨 지분 26.14%를 575억원에 인수하기로 했다. 도 최근 2조원이 넘는 푸르덴셜생명 인수를 확정지었다. 은행에 편중된 금융지주 사업 포트폴리오를 다각화하는데 도움이 될 것이란 분석이다. 반면
자회사인 SK종합화학은 프랑스 아르케마(Arkema) 폴리머 사업 인수 위한 자회사 출자일정을 5월 11일로 한달가량 미루고 출자규모(1602억원)도 18.4%(362억원) 가량 줄였다. 는 자회사인 대우조선해양건설 지분 취득을 6월20일로 두달여 미뤘고, 대우조선해양건설 역시 우즈베키스탄 법인의 현물출자 일정도 6월로 연기했다. 금융투자업계 관계자는 “지금같은 시기는 좋은 물건을 싸게 살 수 있는 좋은 기회가 될 수 있다”면서도 “문제는 코로나19 여파가 어느정도일지 가늠하기 어려워 공격적인 투자 확대가 부메랑이 될 가능성도 배제하긴 어렵다”고 말했다.김재은 (aladin@edaily.co.kr)＜ⓒ종합 경제정보 미디어 이데일리 - 무단전재 & 재배포 금지＞",/news/news_read.nhn?article_id=0004620967&office_id=018&mode=search&query=KB금융&page=1
저성장·저출산·저금리와 코로나19로 실적 악화 우려 VS. 장기적으로 볼때 긍정적 평가,"[더팩트ㅣ정소양 기자] KB금융지주가 푸르덴셜생명보험을 인수하는 등 체급을 올리며 '리딩금융'인 신한금융지주 추격에 나섰다. 그러나 KB금융의 푸르덴셜생명 인수를 보는 시선은 '기대 반, 우려 반'이다. 일각에서는 저성장·저출산·저금리라는 삼중고를 겪고 있는 가운데 코로나19 여파까지 겹치면서 실적 악화를 우려하는 반면에 KB금융의 장기 포트폴리오 관점에서 보면 이번 인수가 긍정적이라는 평가도 나온다.KB금융그룹은 지난 10일 이사회에서 푸르덴셜생명보험 인수를 위한 '주식매매계약 체결 및 자회사 편입 승인 안건'을 결의하고 푸르덴셜생명에 대한 주식매매계약을 체결했다. 인수가는 총 2조3400억 원이다.지난해 말 기준 기업가치 평가액을 토대로 한 기초매매대금 2조2650억 원에 거래 종결일까지의 지분가치 상승을 감안한 이자 750억 원을 합친 금액이다. 다만, 거래 종결 때까지 발생하는 인수 관련 비용(사외유출금액)은 이자 지급분에서 뺄 예정이어서 최종 인수가는 2조3000억 원 안팎에서 확정될 것으로 전망된다.KB금융과 신한금융그룹이 '리딩금융' 경쟁이 뜨거워질 것으로 보고 있다. 푸르덴셜생명 인수로 KB금융의 올해 순익이 1000억 원 이상 증가할 것으로 전망되기 때문이다. 푸르덴셜생명의 지난해 순익은 약 1408억 원이다. KB금융의 지난해 당기순이익은 3조3118억 원으로 신한금융(3조4035억 원)에 917억 원 차이로 1위 금융지주 자리를 빼앗긴 바 있다.그러나 업계 안팎에서는 이번 KB금융의 푸르덴셜생명 인수에 대해 우려의 목소리가 나오고 있다. 국내 생명보험사들이 저성장·저출산·저금리라는 삼중고를 겪고 있는 가운데 코로나19 여파까지 겹쳤기 때문이다. 특히, KB금융의 재무적 부담이 커질 것이라는 예측도 나오고 있다.이미 국내 생명보험사들의 실적 악화는 현실화 되고 있다. 지난해 국내 생명보험사의 순이익 합계는 3조1140억 원으로 전년 대비 22.8%나 감소했다.보험업계 관계자는 ""푸르덴셜생명이 지난해 기준 지급여력(RBC) 비율 424.32%로 생보사 중 상위권이지만 현재 상황을 감안하면 자본 건전성을 장담할 수는 없는 상황""이라고 지적했다.이와 관련 KB금융 측은 ""철처한 자금조달 계획 이행을 통해 인수 후에도 안정적인 이중레버리지 비율과 BIS비율을 유지할 수 있을 것""으로 전망했다.윤종규 회장 역시 ""최근 심화되는 저금리기조 및 코로나19 여파로 생명보험사 인수를 놓고 우려가 많은 것도 사실이지만 그런 부분까지 다 감안해 면밀한 실사를 진행했다""고 밝힌 바 있다.인수자금 조달로 인한 재무부담 증가도 우려 요인으로 꼽힌다.KB금융의 이중레버리지 비율은 지난해 말 기준 126%로 다소 높은 편이지만, 이번 인수에 성공하면서 금융당국의 권고 수준인 130%를 넘길 것으로 보인다.김재우 삼성증권 연구원은 ""코로나19로 인해 저금리 기조가 심화되면서 생명보험 산업에 대한 우려가 여느 때보다 높은 데다 생보사들의 가치가 급락했다""며 ""단기적으로 KB금융지주의 푸르덴셜생명 인수는 시장에서 부정적으로 인식될 여지가 있다""고 분석했다.DB금융투자 이병건 연구원은 ""푸르덴셜생명 인수는 주주가치에 보탬이 되기 쉽지 않고 리스크를 확대시킬 수도 있는 부담스러운 면이 강하다고 본다""며 ""일단 당기순이익이 늘어나고 KB금융 기업가치에서 리스크 정도가 감내할만한 수준이라고는 판단한다""고 말했다. 이어 ""다만 일견 (인수)가격이 싸 보이지만, 생보사의 부채 평가가 적정한지 문제와 향후 역마진 부담이 가중될 수 있다는 점을 고려하면 겉보기만으로 평가할 상황은 아닌 것 같다""고 평가했다.다만 KB금융의 푸르덴셜생명을 긍정적으로 바라보는 시각도 있다.김도하 케이프증권 연구원은 ""KB금융은 푸르덴셜생명을 PBR 0.78배의 가격에 인수했다""며 ""순자산가치 확대 여력이 높고 K-ICS 도입시에도 자본안정성이 견조하므로 인수 가격이 정정하다고 판단된다""고 말했다.이어 ""단기 수익성보다는 장기 포트폴리오 관점이 우선해야 한다""며 ""증익 효과와 연금시장 확대 전략을 고려할 경우 인수는 긍정적""이라고 평가했다.jsy@tf.co.kr저작권자 ⓒ 특종에 강한 더팩트 & tf.co.kr 무단 전재 및 재배포 금지",/news/news_read.nhn?article_id=0000023143&office_id=629&mode=search&query=KB금융&page=1
‘OO페이’ 없인 결제하기 힘든 세상. 온라인 상거래 비중이 커지고 모바일 금융이 안착한 덕이다. 민간소비의 최접점인 유통업계와 금융업계는 간편결제를 도입해 이를 고도화하는 중이다. IT업계 역시 OO페이 대전에 참전했다. OO페이는 화수분이다. 유통업체는 간편결제로 쌓은 고객 데이터를 타깃 마케팅 자원으로 활용할 수 있다. 금융·IT업체는 간편결제를 디딤돌 삼아 종합금융플랫폼을 구축하고 있다. 국내 OO페이 현황을 진단하고 이를 둘러싼 업계의 속내도 들여다봤다. <편집자주>,"빅블러는 핀테크와 테크핀 활성화도 앞당겼다. 핀테크와 테크핀은 둘 다 금융(Finance)과 기술(technology)의 합성어지만 엄연히 다른 말이다. 얼핏 비슷해 보이는 두 단어는 주체가 금융업체냐 IT업체냐에 따라 의미가 달라진다.핀테크(금융)와 테크핀(IT)의 격전지는 간편결제다. 간편 송금에서 증권, 보험으로 영역을 확대해나가는 IT업체와 기존 금융서비스에 디지털을 더하는 금융업체. 이들의 협업과 경쟁이 간편결제의 진화를 견인하고 있다. 카카오페이와 토스, 네이버페이의 확장세가 무섭다. 지난 2월 말 카카오페이는 자회사 카카오페이증권과 함께 실명 계좌 기반의 증권서비스를 개시했다. 이용자 반응은 뜨거웠다. 카카오페이증권 계좌 개설수는 지난달 25일 기준으로 50만개를 넘어섰다. 지난 2월 증권업계 CMA(종합자산관리계좌) 계좌가 19만7000개 증가한 것과 비교하면 빠른 속도다.카카오페이 관계자는 “카카오톡 터치로 증권 계좌 개설과 펀드 투자가 가능하다는 접근성, 편리한 사용자 경험 등 낮은 진입장벽이 좋은 반응을 이끌어낸 요인으로 꼽힌다”고 설명했다.이처럼 카카오페이의 최대 강점은 접근성이다. ‘국민 메신저’ 카카오톡으로 송금, 보험관리, 대출비교 등을 할 수 있다. 카카오T(택시), 멜론, 카카오게임즈 등 ‘카카오 공동체’와의 연결성도 카카오페이만의 이점이다. 카카오페이는 최근 ‘통합조회’를 자산 및 지출 분석까지 가능한 ‘자산관리’ 서비스로 확대했다. 카카오페이 관계자는 “카카오페이와 카카오가 보유한 금융·비금융 정보와 빅데이터 역량을 접목해 정교한 자산관리 컨설팅을 할 수 있도록 힘쓸 것”이라고 강조했다.진은혜 기자 verdad89@mt.co.kr
<저작권자 ⓒ '성공을 꿈꾸는 사람들의 경제 뉴스' 머니S, 무단전재 및 재배포 금지>",/news/news_read.nhn?article_id=0000531815&office_id=417&mode=search&query=KB금융&page=1
"4대 금융지주 주가, 연초 대비 30% 빠져…저금리에 수익성 악화 우려주가 방어 나선 손태승·김정태 회장 자사주 매입…배당 등은 긍정 요인","(서울=뉴스1) 권혜정 기자 = 신종 코로나바이러스 감염증(코로나19) 사태로 은행 계열의 금융지주사 주가가 '반토막' 가까이 떨어졌다. 기준금리가 0%대에 진입해 수익성에 비상등이 켜졌고 코로나19 지원 등으로 자산건전성에도 먹구름이 꼈기 때문이다. 그러나 안정적인 배당, 주주친화 정책 등을 감안하면 금융지주 주식의 저가 메리트도 부각될 수 있다는 전망도 나온다.
16일 한국거래소에 따르면 지난 14일 KB금융지주 주가는 전날보다 650원(2.0%) 오른 3만3200원에 마감했다. 이는 연초 4만7650원에 비해 30.32% 떨어진 수치다. 신한금융지주도 550원(1.93%) 오른 2만9050원에 거래를 마쳤지만 이는 연초 4만3350원에 비해 32.98% 떨어진 수준이다. 하나금융지주는 같은기간 3만6900원에 비해 32.24% 떨어진 2만5000원, 우리금융지주는 1만1600원에서 25.77% 떨어진 8610원에 거래를 마쳤다. 올해들어 코스피 지수가 15% 가량 하락한 것에 비해 금융지주의 하락폭은 코스피의 2배 수준이다. 이처럼 주요 금융지주 주가가 큰폭으로 하락한 것은 코로나19 등으로 인한 실적 악화가 예상되기 때문이다. 증권정보업체 에프엔가이드에 따르면 KB·신한·하나·우리금융지주의 올해 1분기 당기순이익은 2조6967억원으로 전년 동기 대비(2조8887억원) 6.6% 가량 떨어졌을 것으로 추정됐다.
KB금융지주의 경우 올해 1분기 당기순이익이 전년 동기 대비 4.21% 감소한 8103억원으로 전망된다. 신한금융지주의 1분기 당기 순이익 추정치는 8641억원으로 10.53% 줄어들 것으로 추정됐다.
우리금융지주의 1분기 당기순이익 추정치도 21.07% 감소한 4850억원이었다. 4대 금융지주 중에는 하나금융지주가 감소치가 가장 적었는데, 올해 1분기 당기 순이익은 5373억원으로 전년동기 대비 3.01% 감소할 것으로 분석됐다. 은행 수익성을 가늠할 수 있는 순이자마진(NIM)도 1분기 소폭 하락할 전망이다. 백두산 한국투자증권 연구원은 ""1분기 은행 NIM은 전분기 대비 3bp 하락할 전망""이라며 ""이는 예상보다 적게 하락하는 것으로 1월까지만 해도 시장금리가 횡보했고, 예금은행 잔액기준 NIS(예대금리차)가 2.17%로 작년 4분기 대비 오히려 1bp 높았기 때문""이라고 설명했다. 문제는 2분기 실적이다. 백두산 연구원은 ""한국은행의 기준금리 50bp 인하와 이를 전후로 시장금리가 20~30bp 하락한 것은 주로 3월에 집중됐기 때문에 최근의 시장금리 하락은 주로 2분기 NIM에 영향을 미칠 것""이라고 전망했다. 그는 ""1분기 은행 합산 순이익은 3조4000억원으로 컨센서스를 12% 하회할 전망""이라며 ""당장은 이자이익보다 자본시장 변동성 상승과 각종 금융투자상품 수익률 저조로 주로 비이자이익 위주로 부진할 것으로 추정된다""고 밝혔다. 이어 ""2분기 실적은 전분기 대비 비이자이익은 개선되고 이자이익은 NIM 하락에 따라 감소할 전망""이라고 덧붙였다. 이같은 상황에 주요 금융지주 회장들은 자사주를 대거 매입하며 주가 방어에 나섰다. 우리금융그룹은 14일 손태승 회장이 자사주 5000주를 장내 매수했다고 공시했다. 올해 들어서만 세번째 자사주 매입으로, 보유 주식 규모는 7만8127주로 늘었다. 김정태 하나금융지주 회장도 지난 6일 자사주 5668주를 매입했고 KB금융도 임직원들이 자사주 매입을 계속 하고 있다. 김은갑 IBK투자증권 연구원은 ""은행주의 장점은 높은 배당수익률과 자사주 취득 등 주주친화정책 강화 등으로 은행주 아웃퍼폼(시장수익률 상회) 요인으로 생각해볼 만한 항목""이라며 ""주주친화정책이 여러 은행주에서 순차적으로 진행된다면 업종 투자심리를 전반적으로 호전시킬 수 있을 것""이라고 전망했다.jung9079@news1.kr© 뉴스1코리아(), 무단 전재 및 재배포 금지",/news/news_read.nhn?article_id=0004591042&office_id=421&mode=search&query=KB금융&page=1
,"푸르덴셜생명이 KB금융지주에 매각되는 과정에 예상치 못한 복병이 출현했다. 푸르덴셜생명 설계사들이 회사 매각에 대해 거세게 반발하고 나선 것이다.16일 업계에 따르면 푸르덴셜생명의 일부 설계사들이 KB금융의 인수에 반대하며 시위중이다. 푸르덴셜생명이 죽었다는 의미로 검정색 리본을 단 ‘근조 퍼포먼스’를 벌이고 있다. 보험왕 등으로 받은 상패들도 쌓아놨다.설계사 가운데서도 MDRT(Million Dollar Round Table·백만불 원탁회의) 회원 설계사의 반발이 가장 큰 것으로 전해졌다. MDRT는 1억9600만원 이상의 초회 보험료나 7800만원 이상의 수수료 실적을 올려야 회원으로 들어갈 수 있다. 지난해 한국 MDRT협회 등록 전체 회원 1686명 중 푸르덴셜은 288명으로 3위다.푸르덴셜생명은 재무설계사 조직이 강하고 자부심도 높은 편이다. 전문직·대졸 출신, 장기 근속자가 타 보험사에 비해 많다. 이들은 은행이 중심이 된 KB금융에 인수된 후 KB생명과 통합하면 전속 설계사를 가장 우대하는 기업 분위기가 바뀔 수 있다고 보고 있다. KB금융이 푸르덴셜생명의 인위적 구조조정을 지양하고 푸르덴셜생명의 직원과 재무설계사 등의 역량을 존중한다고 밝혔음에도 감정적인 반발인 셈이다.또 하나는 푸르덴셜생명 본사에 대한 불만이다. KB금융에 높은 가격에 팔릴 수 있었던 데에는 전속설계사들의 지분이 크기 때문에 이에 대한 경제적 보상을 달라는 것이다.KB금융그룹은 총 2조3400억원에 푸르덴셜을 인수했다. 2019년말 자본총계 대비 주가순자산비율(PBR) 0.78배의 가격으로 업계(상장 생보사 PBR 0.2)와 비교할때 높은 수준이다. 하지만 최근 보험사 인수·합병(M&A) 사례를 감안하면 합리적 수준이라는 진단도 나오고 있다. 한희라 기자
- Copyrights ⓒ 헤럴드경제 & heraldbiz.com, 무단 전재 및 재배포 금지 -",/news/news_read.nhn?article_id=0001662746&office_id=016&mode=search&query=KB금융&page=1
,"[머니투데이 한정수 기자] 코로나19(COVID-19) 사태로 국내 증시가 급락한 지 1개월여가 지나면서 대 다수 종목들이 회복세로 돌아섰다. 그러나 지난해 좋은 실적을 내며 전망이 밝았던 은행주들은 아직 만족할 만한 성과를 내지 못하고 있다. 기준금리 인하에 따른 수익성 악화 우려 등이 부정적인 영향을 끼치고 있다는 분석이 나온다. 16일 한국거래소에 따르면 지난 14일 9개 은행주로 구성된 KRX은행지수는 495.87을 기록했다. 올해 초에 비해 약 30% 떨어진 수치다. 지난달 19일 382.02를 기록한 이후에는 상승을 거듭했다. 올해 초 700대까지 올랐던 점을 감안하면 아직 은행주 전반의 상승세가 시장의 기대치에는 미치지 못하고 있다는 평가가 우세하다.4대 금융지주들 주가도 대체로 흡사한 흐름을 보이고 있다. KB금융은 올해 초 4만6550원에서 지난달 19일 2만6050원까지 떨어졌다. 이후 지난 14일 3만3200원까지 상승했다. 신한지주와 하나금융지주, 우리금융지주도 올해 들어 꾸준히 주가가 우하향하다가 코로나19 사태로 주가가 크게 하락했던 지난달 19일에서 23일 사이 최저점을 찍고 소폭 상승하는 모습이다. 지난 1개월간 개인 투자자들이 4대 금융지주 주가 상승을 기대하며 총 5000억원어치를 사들였다. 그러나 외국인 투자자들이 그와 비슷한 물량을 팔아 치우며 주가 상승을 방해했다. 은행주들이 최근 소폭 상승세를 타고는 있지만 장기적인 성장이 이어질지에 대해서는 의문이 남아있는 상황이다. 국내 10개 금융지주사들의 지난해 실적은 2018년에 비해 30% 넘게 늘어났다. 그러나 올해에는 하반기까지 실적 부진이 이어질 가능성이 높다는 전망이다. 코로나19 사태 탓이다. 국제신용평가사인 무디스는 최근 국내 은행업 신용등급 전망을 '부정적'으로 낮춘 바 있다. 실적 부진을 예상하는 대표적인 이유로는 기준금리 인하가 꼽힌다. 전염병의 전세계적 확산으로 경기가 침체하자 시중에 돈을 풀기 위해 한국은행이 기준금리를 인하하면서 금융지주사들을 지탱해주던 이자수익에 구멍이 뚫렸다. 여기에 더해 DLF(파생결합펀드) 대규모 손실 사태 등으로 은행의 고위험 상품 판매에 제한이 걸리면서 수익 감소가 불가피하다. 이와 관련, 김은갑 NH투자증권 연구원은 향후 은행주 실적 전망이 밝지 않다는 점을 강조하며 ""경기 둔화에서 벗어나도 기준금리를 인상하거나 시장 금리가 크게 올라 은행 수익성에 기여할 정도의 변화를 보일지 알 수 없다""고 밝혔다. 이어 ""코로나19 사태 이전에도 이미 저금리 국면이었고 글로벌 금리가 상승할지도 의문""이라며 ""뚜렷한 경기 회복도 만만치 않아 보인다""고 지적했다. 배당금 지급 등 주주 환원정책이 후퇴할 수 있다는 우려도 부정적인 영향을 주고 있다. 앞서 금융감독원은 코로나19 충격에 대응하기 위해 배당금 지급, 자사주 매입 등을 자제할 것을 권고한 바 있다. 높은 배당수익은 은행주 투자의 장점 중 하나인데 만약 주주 환원정책이 나빠진다면 개인 투자자들의 투자심리에 부정적 영향을 줄 수밖에 없다는 설명이다. 한편 현재의 주가 수준이 각종 악재에 대한 우려를 충분히 반영하고 있어 당분간 은행업종이 반등할 수 있을 것이라는 전망도 나온다. 전배승 이베스트투자증권 연구원은 ""은행업종 주가는 수익성 둔화 우려를 충분히 반영하고 있다""며 ""최근의 주가 급락에 신용위험 확대 우려가 선반영 된 데다 추가 금리 인하 여력이 축소됨에 따라 주가 반등 여건이 충족된 것으로 평가된다""고 강조했다. 한정수 기자 jeongsuhan@mt.co.kr
<저작권자 ⓒ '돈이 보이는 리얼타임 뉴스' 머니투데이, 무단전재 및 재배포 금지>",/news/news_read.nhn?article_id=0004395520&office_id=008&mode=search&query=KB금융&page=1
,"김정태 하나금융지주 회장이 보수에서 5년만에 조정호 메리츠금융지주 회장을 추월했다. 김 회장의 대표이사 회장 취임 후 보수총액은 100억원을 훌쩍 넘어섰다.16일 하나금융지주의 2019년도 사업보고서에 따르면 김 회장의 2019년 보수총액은 24억9700만원이다. 급여가 8억원이고 단기 성과급 4억5000만원, 장기성과급 12억4500만원, 기타 근로소득 230만원 등으로 구성돼 있다. 급여와 단기성과급은 2018년과 동일한 데 비해 장기성과급이 2018년 5억100만원에서 두 배 이상 급증했다. 지난해 하나금융지주가 사상 최대 순이익을 달성한 것이 장기성과에 큰 영향을 미친 것으로 풀이된다.김 회장의 보수총액은 2013년 13억3800만원, 2014년 17억3700만원, 2015년 12억3600만원, 2016년 13억2100만원, 2017년 12억4200만원 등매 3년간(2014~2016, 2015~2017)의 장기성과 평가에 따른 장기성과급 영향이 컸다.김 회장이 보수총액에서 조 회장을 넘어선 것은 2014년 이후 5년만이다.메리츠금융지주 조 회장의 2019년 보수총액은 22억600만원으로 급여가 10억원이고 상여금이 11억7400만원이다. 역시 성과에 따른 상여가
늘어난 영향으로 전년 대비 2억3100만원 늘어났다.윤종규 KB금융지주 회장이 15억9500만원으로 금융지주 대표이사 보수총액 순위 3위를 차지했다. 윤 회장의 보수는 급여 8억원에 상여가 6억3800만원으로 성과급 비중이 상대적으로 떨어진다. 그나마 2017년까지 4억7300만원이던 급여가 2018년부터 오르면서 보수총액이 큰 폭으로 늘어났다.조용병 신한지주 회장의 2019년 보수총액은 12억6000만원으로 급여 8억원에 상여 4억5900만원으로 구성됐다. 우리금융지주 손태승 회장의 보수총액은 7억6200만원으로 BNK금융 김지완 회장(9억1100만원)에 미치지 못했다. NH금융지주 김광수 회장의 보수총액은 5억원을 넘지 않아 공시되지 않았다. 이 외에 DGB금융지주 김태오 회장과 김한 전 JB금융지주 회장이 각각 5억7800만원, 5억1000만원의 보수를 받았다. 김남구 한국투자금융지주 회장의 2019년 보수총액은 5억9174만원이다.김현동기자 citizenk@dt.co.kr 디지털타임스
/",/news/news_read.nhn?article_id=0002593886&office_id=029&mode=search&query=KB금융&page=1
,"KB금융그룹이 푸르덴셜생명보험을 인수하면서 양종희 KB금융지주 보험부문장의 위상 강화가 예상된다. 동시에 은행 중심의 사업 체계에서 보험 등 비은행 부문의 역할을 어떻게 조율할 지도 관심이다.KB금융지주는 지난 10일 푸르덴셜홀딩스(Prudential International Insurance Holdings)와 푸르덴셜생명 지분 100%를 취득하는 주식매매계약(SPA)를 체결했다. 감독당국의 인허가 일정 등을 감안해도 연내 푸르덴셜생명은 연내 KB금융지주의 자회사로 편입될 것이 확실시된다.푸르덴셜생명이 편입되면 KB금융지주의 보험 자회사는 KB생명·KB손해보험에 이어 3개사로 늘어나게 된다. 그룹 이익에서 보험 부문이 차지하는 비중도 푸르덴셜생명 편입 이전에는 7%대 수준에 불과하지만 푸르덴셜생명이 포함되면 비중이 12%(2019년 결산 기준)로 늘어난다. KB국민카드(10%)나 KB증권(8%)에 비해 떨어졌던 보험 부문의 비중이 단번에 비은행 부문 1위로 올라서는 셈이다.특히 KB금융지주가 사업부문제(매트릭스) 체제라는 점을 감안하면 보험부문의 위상이 크게 높아진다. KB금융의 사업부문은 디지털혁신 부문, 자본시장 부문, CIB 부문, 보험 부문, 개인고객 부문, WM 부문, SME 부문 등 7개의 부문으로 나뉘어져 있다. 대부분의 사업부문이 KB국민은행, KB국민카드, KB증권 중심인 데 비해 보험 부문은 KB손해보험, KB생명에 집중된 형태다. 푸르덴셜생명이 자회사로 더해지면 보험 부문장이 관할하는 법인은 3개나 된다.더구나 양 부문장은 2016년 KB손해보험 대표이사에 취임한 이후 5년간 최고경영자(CEO)를 맡아왔다는 점에서 보험 부문에 대한 이해도도 높다. 푸르덴셜생명 인수후통합(PMI) 작업에서도 양 부문의 역할이 절대적일 수 밖에 없다.금융권 관계자는 ""푸르덴셜생명 인수로 KB금융 내에서 보험 부문의 역할이 더 늘어날 것이고, 자연스럽게 양 부문장의 위상도 더 강화될 것""으로 전망했다.김현동기자 citizenk@dt.co.kr 디지털타임스
/",/news/news_read.nhn?article_id=0002593893&office_id=029&mode=search&query=KB금융&page=1
,"KB금융지주가 이사회에 환경·사회책임·기업지배구조(ESG) 위원회를 신설하고 ESG경영 선도 금융그룹이 되기 위한 노력을 하고 있다.16일 KB금융지주에 따르면 KB금융은 환경 보호·사회적 책임 등을 모두 포괄하는 ESG경영을 속도감 있고 지속적으로 추진하기 위해 ‘ESG 위원회’의 신설을 완료했다. ESG위원회는 윤종규 회장을 포함해 사내·외이사 9명으로 구성됐다. ESG위원회는 그룹 ESG 전략과 정책 수립, ESG 추진현황 관리·감독 등 중장기적 관점에서의 그룹 ESG경영에 대한 최고의사결정 역할을 수행할 예정이다.KB금융 관계자는 ""이사회 안에 ‘ESG 위원회’를 신설한 것은 KB금융의 ESG 경영이 단순 구호에 그치는 것이 아니라, 실질적이고 강력한 실천 의지를 가지고 있음을 의미한다""고 했다.KB금융그룹은 다방면으로 환경·사회 부문의 투자를 진행하고 있다. KB금융지주 관계자는 ""대출과 투자 승인 절차에도 ESG적 요인을 평가하고 있다""고 했다. 자체 여신기본강령및 모범규준에 따라 사회공익에 반하는 불건전기업에 대한 여신이나 투자는 엄격하게 제한하고 있다. 마약, 무기류 등 불법행위 등이 대표적이다.친환경 신재생 에너지 분야에도 힘쓰고 있다. KB국민은행은 2007년부터 현재까지 태양광, 풍력, 연료전지 등 다양한 신재생에너지 프로젝트의 금융자문 및 신디케이티드론 주선 역할을 활발히 수행하고 있다.또 미세먼지 문제해결에 동참하고자 적금과 신탁으로 구성된 KB맑은하늘 금융상품 패키지를 출시하기도 했다. KB맑은하늘적금은 종이통장을 미발행하거나, 대중교통 미션을 수행하는 등 고객이 미세먼지 저감 노력을 한 경우 우대이율을 제공하고, 대중교통 및 자전거 상해 관련 보험서비스 혜택을 제공한다.KB금융그룹의 ESG분야에 대한 적극적인 책임 이행 노력은 국내외에서 높게 평가받고 있다. 블룸버그 양성평등지수에 국내 기업으로는 최초로 2년 연속 선정된 바 있다. 또 한국기업지배구조원 ESG 평가 통합 부부문에서 A+등급을 받아,
2년 연속 지배구조 최우수 기업으로 선정됐다.[연지연 기자 actress@chosunbiz.com]	[]	[] 	chosunbiz.com",/news/news_read.nhn?article_id=0000510886&office_id=366&mode=search&query=KB금융&page=1
시총 상위 종목 희비 엇갈려21대 총선 여당 압승에 두산중공업 약세,"[이데일리 유현욱 기자] 16일 코스피 지수는 사실상 보합으로 하루를 마무리했다. 외국인은 지난달 5일부터 30거래일 연속 ‘팔자’ 행진을 이어갔다.마켓포인트에 따르면 코스피 지수는 전 거래일 대비 0.01포인트(0.00%) 내린 1857.07에 장을 마감했다. 이날 코스피지수는 뉴욕증시 하락에 1% 가까이 하락 출발했다. 오후 들어 점차 낙폭을 줄이더니 막판에 상승 전환하는 듯했으나 끝내 보합권에 머물렀다.투자자별로 보면 개인과 기관이 각각 3894억원과 1351억원 순매수했다. 기관 중에는 연기금 등이 2293억원을 사들였지만 금융투자가 1010억원을 팔아치웠다. 외국인은 5670억원 순매도했다. 지난 14일 300억원으로 줄었던 매도 규모도 다시 커졌다. 프로그램은 차익과 비차익을 합쳐 5403억원 매도 우위를 보였다.등락종목은 상승(452종목)이 하락(401종목)보다 다소 우세했다. 48종목은 보합이었다.시가총액 상위종목 역시 희비가 엇갈렸다. 포스코(005490) 신한지주(055550) KB금융(105560)은 3%대, SK하이닉스(000660) 현대모비스(012330)는 1%대 하락했다. 삼성바이오로직스(207940) 셀트리온(068270) 현대차(005380) LG생활건강(051900)도 ‘약세’였다. 삼성전자(005930) 삼성물산(028260)은 보합이었다. 반면 삼성SDI(006400)는 7%대 LG화학(051910)은 5%대 카카오는 3%대 네이버(035420) SK(034730)는 1%대 상승했다.이 밖에 두산솔루스(336370)는 장중 3만6850원으로 기록, 52주 신고가를 갈아치웠으나 조정을 받으면서 종가는 전 거래일과 같았다. 21대 총선에서 여당이 압승함에 따라 탈원전 정책이 한층 힘을 얻을 것이란 전망에 두산중공업(034020)(-8.46%)과 한국전력(015760)(-4.48%)이 부진했다.업종별로 보아도 상승과 하락이 비등했다. 전기가스업이 3% 하락했다. 은행과 보험 업종이 2%대 증권 운수장비가 1%대 내렸다. 반면 비금속광물이 5%대 상승했다. 섬유의복 의료정밀 서비스업 운수창고 업종이 1%대 올랐다.이날 거래량은 8억6439만주, 거래대금은 10조5177만5600만원으로 집계됐다.유현욱 (fourleaf@edaily.co.kr)＜ⓒ종합 경제정보 미디어 이데일리 - 무단전재 & 재배포 금지＞",/news/news_read.nhn?article_id=0004621605&office_id=018&mode=search&query=KB금융&page=1
"외인·기관, 각각 삼성SDI에 212억 원, 237억 원 순매수","[더팩트ㅣ박경현 기자] 16일 국내증시는 경제 위축에 대한 우려로 장 초반 낙폭을 키웠지만 오후 연기금 매수 유입으로 반등에 성공했다. 코스피는 보합권까지 올라왔고 코스닥은 총선 후 정치테마주 급부상에 2%대 상승 마감했다.이날도 코스피 시장에서 외국인은 매도포지션을 유지하며 5695억 원을 순매도한 반면 개인과 기관은 각각 3904억 원, 1355억 원을 순매수했다.외국인의 코스피기업 최대 매도는 SK하이닉스로 향했다. 외국인은 이날 SK하이닉스 893억 원, 삼성전자 534억 원, KB금융 402억 원, 포스코(POSCO) 292억 원, 현대차 257억 원 순으로 순매도 했다.반면 삼성SDI는 212억 원가량 사들였다. 뒤를 이어 LG화학 90억 원, 더존비즈온 74억 원, 삼성전기 71억 원을 순매수했다.코스닥 시장에서는 스튜디오드래곤(175억 원), 씨젠(96억 원), 에치에프알(60억 원)을 사들이고, 에이치엘비(111억 원), 솔브레인(29억 원), 웰크론(28억 원)은 팔았다.이날 기관투자자의 기업 순매도는 KB금융에 쏠렸다. 이날 기관은 은행주를 대량 순매도해 KB금융 126억 원, 하나금융지주 120억 원, 신한지주 60억 원 가량을 팔아치웠다.반면 기관 역시 삼성SDI를 237억 원가량 사들였다. 또한 LG화학 210억 원, 네이버(NAVER) 205억 원, 카카오 165억 원을 순매수했다.이에 이날 시총 상위종목 등락이 양극화됐다. 삼성전자는 이날 보합세로 마친 가운데 SK하이닉스(-1.22%), 삼성바이오로직스(-0.37%), 셀트리온(-0.46%), 현대차(-0.90%), LG생활건강(-0.75%)은 내렸고, 삼성전자우(+0.48%), 네이버(+1.19%), LG화학(+5.05%), 삼성SDI(+7.75%)는 상승하며 장을 마쳤다.pkh@tf.co.kr저작권자 ⓒ 특종에 강한 더팩트 & tf.co.kr 무단 전재 및 재배포 금지",/news/news_read.nhn?article_id=0000023232&office_id=629&mode=search&query=KB금융&page=1
AI기자가 고른 이번 주 화제 리포트,"인공지능(AI) 투자비서 MK라씨로는 바쁜 투자자들을 위해 일주일 동안 발표된 모든 증권사 리포트를 분석했다. 플레이스토어에서 내려받을 수 있는 MK라씨로 애플리케이션에서는 당일 발표된 리포트 중 현재가 대비 높은 목표가를 제시한 리포트만 분석한 정보를 매일 오후 4시에 확인할 수 있다.이번주 국내 25개 증권사에서 약 127개 기업에 대한 리포트가 발행됐다. 증권사들 관심이 집중된 종목은 KB금융, 포스코, 오리온, 고영 등이었다.
KB금융에 대해 현대차증권, 한국투자증권, 미래에셋대우, KTB투자증권, SK증권 등 9곳에서 리포트를 발표했다. 현대차증권이 가장 높은 목표가인 5만2000원을 제시했고, SK증권은 목표가 4만3000원을 제시했다. 김진상 현대차증권 연구원은 ""코로나19 사태로 인한 시장 불안에도 불구하고 이번 인수를 긍정적으로 평가한다""며 ""업계 최고 수준의 푸르덴셜생명 자본비율, 금리 하락 시에도 이차역마진 부담을 채권평가이익 증가로 상쇄, 생명보험 강화로 균형 잡힌 자회사 포트폴리오 완성, 주식 수 희석 없는 인수·합병(M&A)으로 주주 가치 제고 등의 이유 때문""이라고 밝혔다. 이어 ""적극적인 자본 정책과 상대적으로 높은 가계대출 비중(따라서 낮은 신용리스크)은 여전히 KB금융의 강점""이라고 밝혔다. 16일 종가를 기준으로 주가 대비 목표가가 높은 종목은 지트리비앤티, 제일기획, 화승엔터프라이즈, KT, 동양생명 순으로 나타났다.오병용 한양증권 연구원은 지트리비앤티에 대해 ""3월 25일 홈페이지를 통해 미국 비영리단체 'DRIVE'의 코로나19 치료제 후보물질 'EIDD-2801'에 대한 공동 개발을 논의 중에 있다고 발표했다""며 ""'EIDD-2801'은 이미 수많은 해외 언론에서 코로나19 치료제로 소개된 바 있는, 매우 유망한 후보물질로 만약 임상 개발을 진행하게 될 경우 국내 경쟁사들 대비 앞선 파이프라인을 확보하는 셈""이라고 분석했다. 이어 지트리비앤티 목표가를 4만7000원으로 제시했고, 주가는 16일 2만6250원으로 장을 마감했다. 이남수 키움증권 연구원은 제일기획에 대해 ""코로나19로 인해 글로벌 경제 및 기업 경기 악화 등에 따른 영향을 피하기 쉽지 않을 것""이라면서도 ""그룹 계열 물량의 광고가 꾸준히 유입되고 있고 지속적인 디지털 분야 성장이 이뤄지며 상대적으로 탄탄한 모습을 보일 것으로 예상한다""고 밝혔다. [ⓒ 매일경제 & mk.co.kr, 무단전재 및 재배포 금지]",/news/news_read.nhn?article_id=0004558380&office_id=009&mode=search&query=KB금융&page=1
,"외국인 투자자는 16일 거래소에서 SK하이닉스, 삼성전자, KB금융 등을 중점적으로 매도한 것으로 나타났다.외국인 투자자의 순매도 상위 20개 종목은 SK하이닉스, 삼성전자, KB금융, POSCO, 현대차, 한국전력, 삼성바이오로직스, 기아차, 신한지주, KT&G등이다.이중에 금융업 업종에 속한 종목이 4개 포함되어 있다.SK텔레콤, 삼성에스디에스 등은 전일 대비 주가가 상승했고, SK하이닉스, KB금융, POSCO 등은 주가가 하락했다.한경로보뉴스이 기사는 한국경제신문과 금융 AI 전문기업 씽크풀이 공동 개발한 기사 자동생성 알고리즘에 의해 실시간으로 작성된 것입니다.▶ ▶
 ▶
ⓒ 한국경제 & , 무단전재 및 재배포 금지",/news/news_read.nhn?article_id=0004325684&office_id=015&mode=search&query=KB금융&page=1
,"KB금융그룹이 푸르덴셜생명보험을 인수하면서 양종희 KB금융지주 보험부문장의 위상 강화가 예상된다. 동시에 은행 중심의 사업 체계에서 보험 등 비은행 부문의 역할을 어떻게 조율할 지도 관심이다.KB금융지주는 지난 10일 푸르덴셜홀딩스(Prudential International Insurance Holdings)와 푸르덴셜생명 지분 100%를 취득하는 주식매매계약(SPA)를 체결했다. 감독당국의 인허가 일정 등을 감안해도 연내 푸르덴셜생명은 연내 KB금융지주의 자회사로 편입될 것이 확실시된다.푸르덴셜생명이 편입되면 KB금융지주의 보험 자회사는 KB생명·KB손해보험에 이어 3개사로 늘어나게 된다. 그룹 이익에서 보험 부문이 차지하는 비중도 푸르덴셜생명 편입 이전에는 7%대 수준에 불과하지만 푸르덴셜생명이 포함되면 비중이 12%(2019년 결산 기준)로 늘어난다. KB국민카드(10%)나 KB증권(8%)에 비해 떨어졌던 보험 부문의 비중이 단번에 비은행 부문 1위로 올라서는 셈이다.특히 KB금융지주가 사업부문제(매트릭스) 체제라는 점을 감안하면 보험부문의 위상이 크게 높아진다. KB금융의 사업부문은 디지털혁신 부문, 자본시장 부문, CIB 부문, 보험 부문, 개인고객 부문, WM 부문, SME 부문 등 7개의 부문으로 나뉘어져 있다. 대부분의 사업부문이 KB국민은행, KB국민카드, KB증권 중심인 데 비해 보험 부문은 KB손해보험, KB생명에 집중된 형태다. 푸르덴셜생명이 자회사로 더해지면 보험 부문장이 관할하는 법인은 3개나 된다.더구나 양 부문장은 2016년 KB손해보험 대표이사에 취임한 이후 5년간 최고경영자(CEO)를 맡아왔다는 점에서 보험 부문에 대한 이해도도 높다. 푸르덴셜생명 인수후통합(PMI) 작업에서도 양 부문의 역할이 절대적일 수 밖에 없다.금융권 관계자는 ""푸르덴셜생명 인수로 KB금융 내에서 보험 부문의 역할이 더 늘어날 것이고, 자연스럽게 양 부문장의 위상도 더 강화될 것""으로 전망했다. 김현동기자 citizenk@dt.co.kr 디지털타임스
/",/news/news_read.nhn?article_id=0002593973&office_id=029&mode=search&query=KB금융&page=1
금융회사 임원보수금융지주,"김정태 하나금융지주 회장이 보수에서 5년만에 조정호 메리츠금융지주 회장을 추월했다. 김 회장의 대표이사 회장 취임 후 보수총액은 100억원을 훌쩍 넘어섰다.16일 하나금융지주의 2019년도 사업보고서에 따르면 김 회장의 2019년 보수총액은 24억9700만원이다. 급여가 8억원이고 단기 성과급 4억5000만원, 장기성과급 12억4500만원, 기타 근로소득 230만원 등으로 구성돼 있다. 급여와 단기성과급은 2018년과 동일한 데 비해 장기성과급이 2018년 5억100만원에서 두 배 이상 급증했다. 지난해 하나금융지주가 사상 최대 순이익을 달성한 것이 장기성과에 큰 영향을 미친 것으로 풀이된다.김 회장의 보수총액은 2013년 13억3800만원, 2014년 17억3700만원, 2015년 12억3600만원, 2016년 13억2100만원, 2017년 12억4200만원 등매 3년간(2014~2016, 2015~2017)의 장기성과 평가에 따른 장기성과급 영향이 컸다. 김 회장이 보수총액에서 조 회장을 넘어선 것은 2014년 이후 5년만이다.메리츠금융지주 조 회장의 2019년 보수총액은 22억600만원으로 급여가 10억원이고 상여금이 11억7400만원이다. 역시 성과에 따른 상여가
늘어난 영향으로 전년 대비 2억3100만원 늘어났다.윤종규 KB금융지주 회장이 15억9500만원으로 금융지주 대표이사 보수총액 순위 3위를 차지했다. 윤 회장의 보수는 급여 8억원에 상여가 6억3800만원으로 성과급 비중이 상대적으로 떨어진다. 그나마 2017년까지 4억7300만원이던 급여가 2018년부터 오르면서 보수총액이 큰 폭으로 늘어났다.조용병 신한지주 회장의 2019년 보수총액은 12억6000만원으로 급여 8억원에 상여 4억5900만원으로 구성됐다. 우리금융지주 손태승 회장의 보수총액은 7억6200만원으로 BNK금융 김지완 회장(9억1100만원)에 미치지 못했다. NH금융지주 김광수 회장의 보수총액은 5억원을 넘지 않아 공시되지 않았다. 이 외에 DGB금융지주 김태오 회장과 김한 전 JB금융지주 회장이 각각 5억7800만원, 5억1000만원의 보수를 받았다. 김남구 한국투자금융지주 회장의 2019년 보수총액은 5억9174만원이다.김현동기자 citizenk@dt.co.kr




















































































































































































































































































































































 디지털타임스
/",/news/news_read.nhn?article_id=0002593972&office_id=029&mode=search&query=KB금융&page=1
