head,text,url
글로벌 경쟁력 강화 MOU 체결,"신한금융과 하나금융이 손을 잡고 해외 진출에 나선다. 국내 대형 금융그룹끼리 광범위한 업무협력 관계를 맺기는 처음으로 KB금융과 우리금융을 위협하는 연합전선이 형성될 것으로 예상된다.신한금융그룹과 하나금융그룹은 25일 서울 중구 롯데호텔에서 글로벌 경쟁력 강화를 위한 업무협약을 체결했다. 양측은 글로벌 사업 부문에서 손실을 주고받는 경쟁을 피하고 협력 관계를 구축해 질적 성장과 혁신을 도모하기로 했다.이들은 “국내 대표 금융그룹 간에 파트너십을 체결한 첫 혁신 사례”라며 “이번 협약을 계기로 글로벌 금융기업들과 어깨를 나란히 할 수 있는 글로벌 경쟁력을 키워나갈 계획”이라고 밝혔다.두 그룹은 글로벌 사업 전반에 걸쳐 공동 영업기회를 발굴해 추진키로 했다. 이들은 신규 해외시장 진출, 해외 투자, 해외 네트워크 조성 등 각 방면에서 협력한다는 방침을 정했다. 각국에서 직면하는 이슈와 규제에 공동으로 대응하고 다양한 글로벌 부문에서 교류·협력하기로 했다.그동안 은행을 앞세운 국내 금융그룹의 해외 진출이나 투자는 특정 지역에 집중돼 과당경쟁이 불가피한 구조였다. 금융감독원 자료를 보면 지난해 12월 말 기준 국내 은행의 해외 점포 195곳 중 69.2%인 135곳이 아시아에 몰려 있다. 이 중 절반이 넘는 81곳이 베트남(19곳)을 비롯한 신남방 9개국 소재 점포다. 미주 5개국과 유럽 9개국에 문을 연 점포는 각각 27곳, 25곳에 그쳤다.문제는 신남방 지역 점포들의 자산 건전성마저 취약하다는 점이다. 신남방 9개국 점포의 경우 제대로 돌려받기 어려운 대출인 부실채권(NPL) 비율이 1.21%로 미주(미국 0.46%)나 유럽(영국 0.04%)에 비해 월등히 높다. 9개 점포가 영업 중인 인도네시아는 NPL 비율이 2.76%에 달한다. 국내 은행들이 좁은 살얼음판 위에서 집단 닭싸움을 벌이는 모양새라고 할 수 있다.김위대 국제금융센터 전문위원은 최근 보고서에서 “은행의 해외 진출 배경이었던 기업들의 직접투자가 코로나19 확산 이후 부분적 ‘리쇼어링’(본국 회귀)으로 위축됐다”며 “현지 소매영업 매출도 금리 하락, 부실 증가 등으로 축소됐다”고 설명했다. 이어 “달러의 상대적 강세가 한국계 은행이 주로 진출한 동남아시아에선 현지 통화 약세를 유도해 환손실이 커지고 있다”고 덧붙였다.신한금융과 하나금융은 이번 협약이 ‘상호협력을 통해 내실 있는 경쟁력 강화와 혁신을 이루겠다는 선언’이라고 해설했다. 조용병 신한금융 회장은 “신한금융과 하나금융이 선의의 경쟁관계를 극복하고 협력관계를 구축하는 것을 넘어 새로운 금융 패러다임을 제시한 것”이라며 “두 그룹이 글로벌 경쟁력을 강화해 불확실한 글로벌 시장의 새로운 돌파구가 될 것으로 기대한다”고 말했다. 김정태 하나금융 회장도 협약의 의미를 강조하면서 “양 그룹이 세계적 금융기관들과 당당히 경쟁할 수 있는 초석이 될 것”이라고 강조했다.강창욱 기자 kcw@kmib.co.krGoodNews paper ⓒ , 무단전재 및 재배포금지",/news/news_read.nhn?article_id=0001324996&office_id=005&mode=search&query=KB금융&page=2
,"[머니투데이 김사무엘 기자] [(종합)] 고평가된 종목의 주가는 더 오르고 저평가 종목은 부진한 현상이 이어진다. 불확실성이 클수록 저평가주에 투자해야 한다는 '가치투자'의 상식이 통하지 않는 것이다. 국내뿐 아니라 글로벌 증시에서도 가치주보단 성장주로 투자금이 쏠린다. 유동성이 만들어낸 상승장으로 인해 당분간 성장성이 높은 종목의 주가 상승은 계속될 것이란 분석이다.25일 증권업계에 따르면 최근 한 달 간 시가총액 상위 종목 중에서 주가 수익률이 높은 종목 대부분은 밸류에이션(기초체력 대비 주가 수준)이 높은 종목들이었다. 반대로 밸류이에션이 낮은 저평가 종목들은 한 달 동안 주가가 떨어지거나 기초지수 대비 낮은 성과를 보였다.통상 밸류에이션이 높으면 주가 조정이 이뤄지고, 밸류에이션이 낮은 종목에는 자금이 몰리면서 주가가 오르는 것과는 반대 양상이 벌어지고 있는 것이다.증권가에서는 종목의 펀더멘털(기초체력)과 주가와의 관계를 종종 주인과 개의 관계에 비유하곤 한다. 산책을 나갈 때 개(주가)가 주인(펀더멘털)보다 앞서나갈 순 있어도 산책이 끝나면 결국 개는 주인에게로 돌아올 수밖에 없다는 것이다. 주가는 결국 펀더멘털에 수렴할 수밖에 없다는 것이 '가치투자'의 기본원리고, 벤저민 그레이엄 이후 100여년간 증권가의 상식으로 통했다.하지만 최근 증시는 오히려 고평가 종목들의 주가가 더 오르는 기현상이 벌어진다. 주가의 적정 수준을 측정하는 대표적 지표가 PER(주가순수익비율) 인데, 통상 코스피 시장에선 PER 10배를 기준으로 고평가 주식과 저평가 주식을 나눈다.현재 코스피에서 고평가 주식 중 가장 시장의 관심을 끄는 건 카카오다. 에프앤가이드에 따르면 카카오의 12개월 전망 PER는 58배에 달하지만 이달 들어 주가는 45.7%나 급등했다. 이날 카카오 주가는 전일 대비 2만1000원(8.5%) 오른 26만8000원에 마감했다. 시가총액은 23조3347억원으로 LG생활건강(21조8655억원)과 현대차(20조5121억원)를 제치고 코스피 8위에 올라섰다.NAVER도 마찬가지다. PER 37.15배인 NAVER는 이달 들어 주가가 22% 오르며 연일 신고가 행진을 이어가고 있다. 지난해 실적 기준으로 PER이 201.52배에 달하는 삼성바이오로직스는 이달 주가가 8.8% 올랐고, PER 49배의 셀트리온헬스케어도 7.7% 상승했다.바이오시밀러(복제약) 업체 알테오젠은 피하주하 제형 변형 플랫폼인 '하이브로자임'(Hybrozyme)에 대한 기대감에 이달 들어 주가는 2배 이상 급등했다. 올해 예상 실적 기준 PER 341.8배에 달하지만 주가 상승세는 이어지고 있다.반면 PER이 낮은 시총 상위 종목 대부분은 이달 주가 하락을 경험했다. 개미(개인투자자)들이 가장 사랑하는 삼성전자의 PER는 11.15배에 불과하지만 이달 주가는 2.2% 하락했다. 같은 반도체 업종인 SK하이닉스 역시 PER 8.81배인 저평가 상태임에도 주가 수익률은 마이너스 2.7%를 기록했다.신한지주(4.62배)와 KB금융(4.3배) 등 금융주들은 역대급 저평가 상태인데 이달에도 주가는 5~10% 하락했다. 전통적 제조업으로 분류되는 POSCO는 PER 8.45배임에도 이달 주가는 6.8% 떨어졌고 PER 11.13배인 한국전력도 10% 가량 주가가 하락했다.해외에서도 마찬가지다. 미국 대형가치주 지수인 '스탠다드앤드푸어스 500 퓨어 밸류'(S&P 500 Pure Value) 지수는 이달 2.2% 하락한 반면 대형성장주 지수인 '스탠다드앤드푸어스 500 퓨어 그로쓰'(S&P 500 Pure Growth) 지수는 5.1% 올랐다. 중형주와 소형주에서 가치주·성장주 차이를 비교해 봐도 같은 결과가 나온다. 저평가된 가치주는 덜 오르고 고평가된 성장주은 더 오른 것이다.'포스트 코로나'(코로나 이후) 시대의 수혜주와 유동성 장세가 만나 성장주로의 쏠림 현상은 더 가속화하고 있다는 분석이다. 비대면, 온라인, 헬스케어 등으로 대표되는 코로나19 이후 시대에서 관련 수혜주들이 주목받는 가운데 각국 정부의 양적완화와 경기부양으로 이들 종목으로 자금은 더 몰릴 수밖에 없다는 것이다.최근 해외 주식 중 가장 주목받고 있는 캐나다 온라인 쇼핑몰 플랫폼 업체 '쇼피파이'(Shopify)가 대표적이다. 쇼피파이는 창업자가 온라인 쇼핑몰을 만들고 관리할 수 있게 도와주는 플랫폼인데, 적자가 이어지고 있음에도 주가는 올 들어 2배 이상 뛰어 캐나다 시총 1위 기업으로 올라섰다.이효석 SK증권 연구원은 ""1969년부터 1973년까지 미국 기관투자자가 선호했던 50개 종목의 평균 PER는 42배로 당시 S&P500 평균이었던 19배보다 2배 이상 높았다""며 ""현재도 성장과 확실성이 있는 종목으로 쏠림현상은 더 심화할 것""이라고 분석했다.그는 ""거시 관점에서 성장주의 질주를 막을 수 있는 것은 금리 상승뿐인데 당분간 금리가 오를 가능성은 낮다""며 ""오는 28일 한국은행의 금융통화위원회에서 기준금리가 0.5%로 낮아질 가능성이 높다""고 전망했다.김사무엘 기자 samuel@mt.co.kr
<저작권자 ⓒ '돈이 보이는 리얼타임 뉴스' 머니투데이, 무단전재 및 재배포 금지>",/news/news_read.nhn?article_id=0004414452&office_id=008&mode=search&query=KB금융&page=2
,"양종희 KB손해보험 사장의 그룹 내 위상이 더욱 강화됐다. KB금융그룹이 푸르덴셜생명 인수를 확정 지으며 그룹 내 보험계열사 비중이 높아졌기 때문이다. KB금융 내에서 보험사업 부문장을 맡은 양 사장의 어깨가 무거워진 만큼 그의 영향력도 커질 전망이다. 지난달 KB금융그룹은 약 2조3000억원에 푸르덴셜생명 인수를 확정 지었다. 이번 인수로 KB금융은 자산 21조원 생명보험사를 품으며 비은행 포트폴리오 부문을 강화할 수 있게 됐다. 푸르덴셜생명은 지난해 말 기준 자산 21조794억원인 중견 생보사다. 지난해 당기순이익 1408억원을 기록했다. 보험사 재무건전성을 평가할 수 있는 보험금 지급여력(RBC)비율은 424%로 업계 최고 수준이다.KB금융의 기존 계열사 KB생명은 자산 9조8294억원, 당기순이익 140억원으로 금융그룹의 자회사로는 규모가 작다. 하지만 푸르덴셜생명과 KB생명의 당기순익을 합치면 업계 5위권, 총자산은 9위로 상승한다. 그동안 윤종규 KB금융그룹 회장은 비은행 포트폴리오 강화를 위해 약점인 생보사업 강화를 노려왔고 결국 푸르덴셜생명을 품에 안는 데 성공했다. 오렌지라이프를 인수하며 비은행포트폴리오를 강화한 신한금융과 KB금융 간 비은행 사업부문 경쟁이 더욱 치열해질 전망이다.이번 인수로 KB금융의 보험계열사가 3곳(KB손해보험, KB생명, 푸르덴셜생명)으로 늘어났다. 윤 회장의 푸르덴셜생명 인수는 비은행 부문 강화가 주목적이다. 현재 KB증권, KB국민카드 중심의 비은행 사업 부문에서 보험 비중을 더욱 확대하겠다는 계획을 읽을 수 있다. KB금융의 사업부문은 디지털혁신, 자본시장, 보험 등 7개 부문으로 나뉘어있다. KB금융은 지난해 초 보험부문을 신설하고 보험전략부를 산하에 편제했다. 양사장은 보험사업을 총괄하는 보험부문장을 맡아 컨트롤타워 역할을 하고 있다. KB금융의 지난해 총 당기순이익은 3조3118억원이다. 이 중 KB국민은행이 2조4391억원의 당기순익을 내며 약 70%의 비중을 차지했다. KB국민카드는 3165억원으로 약 10%, KB증권이 2579억원의 순익을 내며 약 8%대 비중을 차지했다. KB손보는 2343억원으로 7% 수준이다. 하지만 KB생명(140억원)과 푸르덴셜생명(1408억원)의 순익을 합치면 KB금융 보험계열사 순익은 약 3900억원대로 비중이 12%까지 상승한다. 비은행 계열 보험사업 비중이 증가하는 만큼 양 사장의 어깨가 더욱 무거워진 셈이다.업계에서는 KB금융이 푸르덴셜생명과 KB생명의 통합을 즉각 추진할 것이라고 전망했다. 하지만 KB금융 측이 ‘1~2년 뒤 통합 고려’를 공식적으로 언급하면서 당분간은 푸르덴셜생명의 영업 경쟁력 강화와 조직 안정화에 주안점을 둘 것으로 보인다. 김정훈 기자 kjhnpce1@mt.co.kr
<저작권자 ⓒ '성공을 꿈꾸는 사람들의 경제 뉴스' 머니S, 무단전재 및 재배포 금지>",/news/news_read.nhn?article_id=0000546835&office_id=417&mode=search&query=KB금융&page=2
경쟁적 영업확장 부작용주식 값 본사보다 비싸코로나19 신흥국에 악재위기발생시 도미노 우려,"[헤럴드경제=금융팀] 지난 25일 김정태 하나금융그룹 회장과 조용병 신한금융그룹 회장이 글로벌 사업을 위해 손을 잡았다. 양해각서(MOU)는 보통 뭔가를 ‘같이 하자’는 뜻이지만, 이 날은 좀 달랐다. ‘다투지 말자’는 게 핵심이다. 이번 협약에는 ‘과당경쟁을 지양한다’는 대목이 들어갔다.이른바 ‘신남방’으로 불리는 동남아시아 금융시장에서는 그야말로 한국 금융사들이 ‘바글바글’하다. 금융감독원에 따르면 지난해 말 기준 국내은행들이 나라 밖에 낸 점포는 195곳이다. 이 가운데 69.2%(135곳)는 아시아권역이다. 베트남에만 우리나라 은행 점포가 19개가 몰렸다. 중국, 인도(16개), 미얀마(14개), 홍콩(11개), 캄보디아(10개) 등은 국내 은행들이 진출한 대표적인 지역이다.은행을 포함해 금융그룹 내 계열사로 따지면 밀도는 더 높아진다. 인도네시아, 베트남, 미얀마, 캄보디아에서는 우리 금융회사 끼리 경쟁을 벌일 정도다.인도네시아에는 신한·하나금융이 각각 43개, 72개 지점(은행, 캐피탈 등)을 거느리고 있다. 우리금융은 2014년 현지 소다라은행을 인수했고 현재 157개 영업점을 운영하고 있다.진출 초기엔 현지법인, 지점을 늘리던 금융사들의 글로벌 전략은 이제 현지 금융사 인수합병(M&A), 지분 매입 등으로 진화했다. 기존에는 현지에 진출한 국내 기업들을 주요 고객으로 삼았다면, 이제는 현지 고객들을 직접 겨냥한 리테일 서비스를 늘려가고 있다.비슷한 전략으로 경쟁하다보니 ‘출혈 경쟁’도 벌어진다.한 은행 관계자는 “지난해 몇몇 은행이 인도네시아, 캄보디아의 현지 금융사를 인수하는 과정에서 주가 순자산비율(PBR)의 3배 가까이 지불한 사례가 있다”며 “지나치다는 말들도 있었다”고 전했다.지난해 하나금융그룹은 베트남투자개발은행(BIDV)의 전략투자자(SI)로 지분 15%를 사는데 1조148억원을 지불했다. 덕분에 BIDV 자본은 전년 말 2조7245억원대에서 3조8826억원(100동=5원 )대로 급증했다. 순익과 배당을 고려할 때 지분 15%를 확보하고, 자본은 40% 가량 늘려준 셈이다. 하나금융은 1조원을 넘게 투입해 BIDV로부터 130억원 가량의 배당을 받았다.지난해 말 기준 자산 74조4979억원에 순익 4274억원 낸 BIDV의 최근 시가총액은 약 8조원이다. 자산 421조원에 순익 2조4256억원으로 덩치가 5배 이상 큰 하나금융지주의 시총과 비슷할 정도로 밸류에이션이 높다. 유통주식수가 밸행주식의 채 5%도 안된다. 정부의 허가가 없으면 하나금융의 보유지분은 유동화가 불가능하다.상황이 이런데다, 코로나19까지 발발하면서 국내 금융사들 사이에 위기의식이 높아졌다. 코로나19는 선진국의 공장역할을 해온 신흥국 경제에는 치명적일 것이란 평가가 많다.한 시중은행 고위관계자는 “아직 (국내 은행들은) 해외에서 경쟁력이 약한데 투자 사업, 인수합병 등에서 우리끼리도 경쟁하니 결국 제살깍아먹는 셈”이라며 “서로 힘을 합쳐 글로벌 은행과 경쟁하며 해외 사업을 공동으로 확대할 필요가 있다”고 말했다.관건은 KB금융과 우리금융이다. KB금융은 신한금융과 경쟁구도다. 우리금융은 우리은행 비중을 줄이기 위한 외연확장이 절실하다. 김정태 하나금융 회장은 윤종규 KB금융회장과 손태승 우리금융 회장의 성균관 대학 선배다. 조 회장에 이어 금융지주간 ‘평화협정’을 이끌어 낼 인물로 평가된다.nyang@heraldcorp.com
- Copyrights ⓒ 헤럴드경제 & heraldbiz.com, 무단 전재 및 재배포 금지 -",/news/news_read.nhn?article_id=0001678104&office_id=016&mode=search&query=KB금융&page=2
,"KB국민은행은 KB모바일인증서가 출시 10개월 만에 가입자 360만명을 넘었다고 26일 밝혔다. KB모바일인증서는 공인인증서를 대체하기 위해 국민은행이 자체기술로 개발한 사설인증서다.KB모바일인증서를 이용하면 첫 거래 고객도 영업점 방문 없이 모바일로 거래가 가능하다. 발급 소요시간은 약 1분 정도이며, 복잡한 암호 대신에 패턴과 지문, 페이스 아이디 등 고객이 가장 편리한 방법으로 선택해 간편하게 로그인할 수 있다. KB모바일인증서는 다른 인증서와 달리 유효기간이 없다.아울러 KB모바일인증서를 통해 금융 거래 시 보안카드나 OTP 없이 간편비밀번호 6자리만 입력하면 거래가 완료돼 고객편의성이 크게 확대됐다는 설명이다. 고객의 금융자산을 보호하기 위해 일정금액 이상의 업무를 처리할 경우 ARS 인증 등의 추가 본인인증절차를 거쳐야 한다.KB모바일인증서는 소프트웨어뿐 아니라, 하드웨어에도 보안기술을 적용했다. TEE라는 독립된 보안영역에 인증서를 저장시킴으로써 안정성과 신뢰성을 높였다. 이를 위해 영국 보안업체인 트러스트오닉사의 TAP 솔루션을 적용했으며, 인증서의 유효성과 비밀번호를 검증하는 알고리즘은 국민은행 자체기술로 개발해 안정성과 보안성을 강화했다.국민은행은 KB모바일인증서의 활용 범위를 확대해 나가고 있다. 모바일뱅킹에만 초점을 두고 개발된 다른 사설인증서와는 달리 PC 기반인 인터넷뱅킹에서도 연동 로그인이 가능하도록 했다. 또 KB손해보험 앱에서도 KB모바일인증서 로그인이 가능하다. 다른 KB금융그룹 내 계열사까지 금융거래를 처리할 수 있도록 KB금융 통합인증 환경 구축을 진행하고 있다.국민은행 관계자는 ""전자서명법 개정안이 국회를 통과해 모바일 인증서의 업무 범위를 계속하여 확장할 예정""며 ""KB모바일인증서로 더욱 간편하고 편리한 비대면 거래를 이용할 수 있을 것으로 기대된다""고 전했다.데일리안 부광우 기자 (boo0731@dailian.co.kr)ⓒ (주)데일리안 - 무단전재, 변형, 무단배포 금지",/news/news_read.nhn?article_id=0002403775&office_id=119&mode=search&query=KB금융&page=2
경쟁적 영업확장 부작용주식 값 본사보다 비싸위기발생시 도미노 우려,"지난 25일 김정태 하나금융그룹 회장과 조용병 신한금융그룹 회장이 글로벌 사업을 위해 손을 잡았다. 양해각서(MOU)는 보통 뭔가를 ‘같이 하자’는 뜻이지만, 이 날은 좀 달랐다. ‘다투지 말자’는 게 핵심이다. 이번 협약에는 ‘과당경쟁을 지양한다’는 대목이 들어갔다.이른바 ‘신남방’으로 불리는 동남아시아 금융시장에서는 그야말로 한국 금융사들이 ‘바글바글’하다. 금융감독원에 따르면 지난해 말 기준 국내은행들이 나라 밖에 낸 점포는 195곳이다. 이 가운데 69.2%(135곳)는 아시아권역이다. 베트남에만 우리나라 은행 점포가 19개가 몰렸다. 중국, 인도(16개), 미얀마(14개), 홍콩(11개), 캄보디아(10개) 등은 국내 은행들이 진출한 대표적인 지역이다.은행을 포함해 금융그룹 내 계열사로 따지면 밀도는 더 높아진다. 인도네시아, 베트남, 미얀마, 캄보디아에서는 우리 금융회사 끼리 경쟁을 벌일 정도다.인도네시아에는 신한·하나금융이 각각 43개, 72개 지점(은행, 캐피탈 등)을 거느리고 있다. 우리금융은 2014년 현지 소다라은행을 인수했고 현재 157개 영업점을 운영하고 있다.진출 초기엔 현지법인, 지점을 늘리던 금융사들의 글로벌 전략은 이제 현지 금융사 인수합병(M&A), 지분 매입 등으로 진화했다. 기존에는 현지에 진출한 국내 기업들을 주요 고객으로 삼았다면, 이제는 현지 고객들을 직접 겨냥한 리테일 서비스를 늘려가고 있다.비슷한 전략으로 경쟁하다보니 ‘출혈 경쟁’도 벌어진다.한 은행 관계자는 “지난해 몇몇 은행이 인도네시아, 캄보디아의 현지 금융사를 인수하는 과정에서 주가 순자산비율(PBR)의 3배 가까이 지불한 사례가 있다”며 “지나치다는 말들도 있었다”고 전했다.지난해 하나금융그룹은 베트남투자개발은행(BIDV)의 전략투자자(SI)로 지분 15%를 사는데 1조148억원을 지불했다. 덕분에 BIDV 자본은 전년 말 2조7245억원대에서 3조8826억원(100동=5원 )대로 급증했다. 순익과 배당을 고려할 때 지분 15%를 확보하면서 자본을 40% 가량 늘려준 셈이다. 하나금융은 1조원을 넘게 투입해 130억원 가량의 배당을 받았다.지난해 말 기준 자산 74조4979억원에 순익 4274억원 낸 BIDV의 최근 시가총액은 약 8조원이다. 자산 421조원에 순익 2조4256억원으로 덩치가 5배 이상 큰 하나금융지주의 시총과 비슷할 정도로 밸류에이션이 높다. 유통주식수가 밸행주식의 채 5%도 안된다. 정부의 허가가 없으면 하나금융의 보유지분은 유동화가 불가능하다.상황이 이런데다, 코로나19까지 발발하면서 국내 금융사들 사이에 위기의식이 높아졌다. 코로나19는 선진국의 공장역할을 해온 신흥국 경제에는 치명적일 것이란 평가가 많다.한 시중은행 고위관계자는 “아직 (국내 은행들은) 해외에서 경쟁력이 약한데 투자 사업, 인수합병 등에서 우리끼리도 경쟁하니 결국 제살깍아먹는 셈”이라며 “서로 힘을 합쳐 글로벌 은행과 경쟁하며 해외 사업을 공동으로 확대할 필요가 있다”고 말했다.관건은 KB금융과 우리금융이다. KB금융은 신한금융과 경쟁구도다. 우리금융은 우리은행 비중을 줄이기 위한 외연확장이 절실하다. 김정태 하나금융 회장은 윤종규 KB금융회장과 손태승 우리금융 회장의 성균관 대학 선배다. 조 회장에 이어 금융지주간 ‘평화협정’을 이끌어 낼 수 인물로 평가된다. 금융팀
- Copyrights ⓒ 헤럴드경제 & heraldbiz.com, 무단 전재 및 재배포 금지 -",/news/news_read.nhn?article_id=0001678254&office_id=016&mode=search&query=KB금융&page=2
"발급받는 시간 약 '1분'…유효기간 없어 편리KB금융, 다른 계열사도 인증서 사용토록 시스템 구축","(서울=뉴스1) 민정혜 기자 = KB국민은행은 KB모바일인증서가 출시 10개월 만에 가입자가 360만명을 넘었다고 26일 밝혔다. KB모바일인증서는 공인인증서를 대체하기 위해 KB국민은행이 자체기술로 개발한 사설인증서이다.KB모바일인증서는 첫 거래 고객도 영업점 방문 없이 모바일로 거래가 가능하다. 발급받는데 드는 시간은 약 1분으로 짧고 복잡한 암호 대신 패턴·지문·얼굴(Face) ID 등 고객이 편한 방법으로 간편하게 로그인할 수 있다. 다른 인증서와 달리 유효기간이 없는 것도 KB모바일인증서의 장점이다. KB모바일인증서는 금융 거래 때 보안카드나 OTP 없이 간편비밀번호 6자리만 입력하면 거래를 할 수 있다. 다만 일정 금액 이상의 업무를 처리할 땐 고객의 금융자산을 보호하기 위해 ARS 인증 등 추가 인증 절차를 거쳐야 한다.인증서의 유효성과 비밀번호를 검증하는 알고리즘은 KB국민은행 자체 기술로 개발해 안정성과 보안성을 강화했다. KB국민은행은 KB모바일인증서의 활용 범위를 확대하고 있다. 모바일뱅킹에만 초점을 두고 개발된 다른 인증서와는 달리 PC 기반인 인터넷뱅킹에서도 연동 로그인이 가능하다. 또한 KB손해보험 애플리케이션에서도 KB모바일인증서 로그인이 가능하다. 현재 KB금융그룹은 다른 계열사까지 KB모바일인증서로 금융거래를 할 수 있도록 통합인증 환경을 구축하고 있다.mjh@news1.kr© 뉴스1코리아(), 무단 전재 및 재배포 금지",/news/news_read.nhn?article_id=0004658461&office_id=421&mode=search&query=KB금융&page=2
,"KB국민은행은 KB모바일인증서가 출시 10개월 만에 가입자가 360만명을 넘었다고 26일 밝혔다. KB모바일인증서는 공인인증서를 대체하기 위해 KB국민은행이 자체기술로 개발했으며 보안성과 편리성이 장점인 사설인증서다.KB모바일인증서를 이용하면 첫 거래 고객도 영업점 방문 없이 모바일로 거래가 가능하다. 발급 소요시간은 약 1분 정도이며 복잡한 암호 대신에 패턴·지문·Face ID(아이폰 이용 고객) 등 고객이 가장 편리한 방법으로 선택해 간편하게 로그인할 수 있다. KB모바일인증서는 다른 인증서와 달리 유효기간이 없다. KB모바일인증서를 통해 금융 거래 시 보안카드나 OTP 없이 간편비밀번호 6자리만 입력하면 거래가 완료되어 고객편의성이 크게 확대되었다. 고객의 금융자산을 보호하기 위해 일정금액 이상의 업무를 처리할 경우 ARS 인증 등의 추가 본인인증절차를 거쳐야 한다. KB모바일인증서는 국내 은행 중 유일하게 소프트웨어뿐만 아니라 하드웨어에까지 보안기술을 적용했다.TEE(신뢰된 실행 환경, Trusted Execution Environment)라는 독립된 보안영역에 인증서를 저장시킴으로써 안정성과 신뢰성을 높였다. 이를 위해 영국 보안업체인 트러스트오닉(Trustonic)사의 TAP(Trustonic Application Protection) 솔루션을 적용하였으며 인증서의 유효성과 비밀번호를 검증하는 알고리즘은 KB국민은행 자체기술로 개발하여 안정성과 보안성을 강화했다. KB국민은행은 KB모바일인증서의 활용 범위도 확대하고 있다. 모바일뱅킹에만 초점을 두고 개발된 다른 사설인증서와는 달리 PC 기반인 인터넷뱅킹에서도 연동 로그인이 가능하도록 했다. KB손해보험 앱에서도 KB모바일인증서 로그인이 가능하다. 다른 KB금융지주 내 계열사까지 금융거래를 처리할 수 있도록 KB금융그룹 통합인증 환경 구축을 진행하고 있다. ▶
/ ▶ 김대성(kimds@joseilbo.com)저작권자 ⓒ 조세일보(http://www.joseilbo.com). 무단전재 및 재배포 금지",/news/news_read.nhn?article_id=0002224344&office_id=123&mode=search&query=KB금융&page=2
,"이시간 포털 및 증권 커뮤니티에서 대양금속에 대한 게시물이 급증하고 있는 가운데, 오늘 외국인은 1000주 순매도 하는 것으로 잠정 집계되고 있다. 대양금속은 스테인리스 강재 제조 및 유통업체로 알려져 있다. 26일 오전 11시 30분 현재 대양금속의 주가는 전일보다 5.77% 오른 6230원이고 거래량은 111만 8014주로 5일 평균 거래량의 44.91% 수준이다. 대양금속 이외에도 라온시큐어(042510), KB금융(105560), 한솔인티큐브(070590) 등에 대해서도 투자자들의 게시물이 급증하고 있다.
 ※자료출처 : 인공지능 투자 비서 AI라씨로※ 이 기사는 아시아경제와 금융 AI 전문기업 씽크풀이 공동 개발한 기사 자동생성 알고리즘에 의해 실시간으로 작성된 것입니다. 아경봇 기자 r2@asiae.co.kr <ⓒ경제를 보는 눈, 세계를 보는 창 아시아경제 무단전재 배포금지>",/news/news_read.nhn?article_id=0004685624&office_id=277&mode=search&query=KB금융&page=2
,"이시간 포털 및 증권 커뮤니티에서 오성첨단소재에 대한 게시물이 급증하고 있는 가운데, 오늘 외국인은 36만 8000주 순매도 하는 것으로 잠정 집계되고 있다. 오성첨단소재는 디스플레이용 소재 제조업체로 알려져 있다. 26일 오전 11시 30분 현재 오성첨단소재의 주가는 전일보다 1.52% 오른 2675원이고 거래량은 2140만 8436주로 5일 평균 거래량의 302.29% 수준이다. 지난 5월 20일 오성첨단소재는 'KIC 북미 마리화나 업체 투자…카이스트 공동연구 부...'이라며 시장에서 이슈가 되었었다. 오성첨단소재 이외에도 KB금융(105560), 문배철강(008420), JW중외제약(001060) 등에 대해서도 투자자들의 게시물이 급증하고 있다.
 ※자료출처 : 인공지능 투자 비서 AI라씨로※ 이 기사는 아시아경제와 금융 AI 전문기업 씽크풀이 공동 개발한 기사 자동생성 알고리즘에 의해 실시간으로 작성된 것입니다. 아경봇 기자 r2@asiae.co.kr <ⓒ경제를 보는 눈, 세계를 보는 창 아시아경제 무단전재 배포금지>",/news/news_read.nhn?article_id=0004685620&office_id=277&mode=search&query=KB금융&page=2
,"이시간 포털 및 증권 커뮤니티에서 KB금융에 대한 게시물이 급증하고 있는 가운데, 오늘 외국인은 KB금융을 51만 4454주 순매수 하고 기관은
10만 7000주 순매수 하는 것으로 잠정 집계되었다. KB금융은 KB국민은행 등을 보유한 금융지주사로 알려져 있다. 26일 오전 11시 30분 현재 KB금융의 주가는 전일보다 3.67% 오른 3만 2500원이고 거래량은 202만 893주로 5일 평균 거래량의 102.59% 수준이다. KB금융 이외에도 부광약품(003000), 동방선기(099410), 아남전자(008700) 등에 대해서도 투자자들의 게시물이 급증하고 있다.
 ※자료출처 : 인공지능 투자 비서 AI라씨로※ 이 기사는 아시아경제와 금융 AI 전문기업 씽크풀이 공동 개발한 기사 자동생성 알고리즘에 의해 실시간으로 작성된 것입니다. 아경봇 기자 r2@asiae.co.kr <ⓒ경제를 보는 눈, 세계를 보는 창 아시아경제 무단전재 배포금지>",/news/news_read.nhn?article_id=0004685630&office_id=277&mode=search&query=KB금융&page=2
,"이시간 포털 및 증권 커뮤니티에서 SK에 대한 게시물이 급증하고 있는 가운데, 오늘 기관은 6000주 순매수 하고 SK은 SK그룹의 지주회사로 알려져 있다. 26일 오전 11시 30분 현재 SK의 주가는 전일보다 2.03% 오른 25만 1500원이고 거래량은 33만 5494주로 5일 평균 거래량의 33.73% 수준이다. 지난 5월 21일 SK은 '바이오팜 상장 기대에 이틀째 강세'라고 시장에서 이슈가 되었었다. SK 이외에도 한국정보인증(053300), 세화아이엠씨(145210), KB금융(105560) 등에 대해서도 투자자들의 게시물이 급증하고 있다.
 ※자료출처 : 인공지능 투자 비서 AI라씨로※ 이 기사는 아시아경제와 금융 AI 전문기업 씽크풀이 공동 개발한 기사 자동생성 알고리즘에 의해 실시간으로 작성된 것입니다. 아경봇 기자 r2@asiae.co.kr <ⓒ경제를 보는 눈, 세계를 보는 창 아시아경제 무단전재 배포금지>",/news/news_read.nhn?article_id=0004685643&office_id=277&mode=search&query=KB금융&page=1
,"[일간스포츠 권지예]
KB국민은행은 'KB모바일인증서'가 출시 10개월 만에 가입자가 360만명을 넘었다고 밝혔다. KB모바일인증서는 공인인증서를 대체하기 위해 KB국민은행이 자체기술로 개발한 사설인증서다.

 KB모바일인증서를 이용하면 첫 거래 고객도 영업점 방문 없이 모바일로 거래가 가능하다. 발급 소요시간은 약 1분 정도이며, 복잡한 암호 대신에 패턴·지문·Face ID(아이폰 이용 고객) 등 고객이 가장 편리한 방법으로 선택해 간편하게 로그인할 수 있다. 다른 인증서와 달리 유효기간도 없다.
 KB모바일인증서를 통해 금융 거래 시 보안카드나 OTP 없이 간편비밀번호 6자리만 입력하면 거래가 완료돼 고객편의성이 크게 확대됐다. 고객의 금융자산을 보호하기 위해 일정금액 이상의 업무를 처리할 경우 ARS 인증 등의 추가 본인인증절차를 거쳐야 한다.


 KB국민은행은 KB모바일인증서의 활용 범위도 확대하고 있다. 모바일뱅킹에만 초점을 두고 개발된 다른 사설인증서와는 달리 PC 기반인 인터넷뱅킹에서도 연동 로그인이 가능하도록 했다.


또 KB손해보험 앱에서도 KB모바일인증서 로그인이 가능하다. 다른 KB금융지주 내 계열사까지 금융거래를 처리할 수 있도록 KB금융그룹 통합인증 환경 구축을 진행하고 있다.


KB국민은행 관계자는 “전자서명법 개정안이 국회를 통과하여 모바일 인증서의 업무 범위를 계속하여 확장할 예정이다”며, “KB모바일인증서로 더욱 간편하고 편리한 비대면 거래를 이용할 수 있을 것으로 기대된다”고 밝혔다.


권지예 기자 kwon.jiye@joongang.co.kr
 ▶ ▶     ⓒ일간스포츠 무단 전재 및 재배포 금지""",/news/news_read.nhn?article_id=0003025924&office_id=241&mode=search&query=KB금융&page=1
간편 비밀번호 6자리로 인증…유효기간 없어,"[아이뉴스24 김다운 기자] KB국민은행은 'KB모바일인증서'가 출시 10개월 만에 가입자가 360만명을 넘었다고 26일 밝혔다.KB모바일인증서는 공인인증서를 대체하기 위해 KB국민은행이 자체기술로 개발했으며, 보안성과 편리성이 장점인 사설인증서이다.KB모바일인증서를 이용하면 첫 거래 고객도 영업점 방문 없이 모바일로 거래가 가능하다.발급 소요시간은 약 1분 정도이며, 복잡한 암호 대신에 패턴ᆞ지문ᆞFace ID(아이폰 이용 고객) 등 고객이 가장 편리한 방법으로 선택해 간편하게 로그인할 수 있다. 유효기간도 없다.KB모바일인증서를 통해 금융 거래 시 보안카드나 OTP 없이 간편비밀번호 6자리만 입력하면 거래가 완료되어 고객편의성이 크게 확대됐다는 설명이다.고객의 금융자산을 보호하기 위해 일정금액 이상의 업무를 처리할 경우 ARS 인증 등의 추가 본인인증절차를 거쳐야 한다.국민은행은 ""KB모바일인증서는 국내 은행 중 유일하게 소프트웨어뿐만 아니라, 하드웨어에까지 보안기술을 적용했다""고 밝혔다.TEE(신뢰된 실행 환경, Trusted Execution Environment)라는 독립된 보안영역에 인증서를 저장시킴으로써 안정성과 신뢰성을 높였다. 이를 위해 영국 보안업체인 트러스트오닉 사의 TAP(Trustonic Application Protection) 솔루션을 적용하였으며, 인증서의 유효성과 비밀번호를 검증하는 알고리즘은 KB국민은행 자체기술로 개발하여 안정성과 보안성을 강화했다.KB국민은행은 KB모바일인증서의 활용 범위도 확대하고 있다. 모바일뱅킹에만 초점을 두고 개발된 다른 사설인증서와는 달리 PC 기반인 인터넷뱅킹에서도 연동 로그인이 가능하도록 했다.또한 KB손해보험 앱에서도 KB모바일인증서 로그인이 가능하다. 다른 KB금융지주 내 계열사까지 금융거래를 처리할 수 있도록 KB금융그룹 통합인증 환경 구축을 진행하고 있다.KB국민은행 관계자는 ""전자서명법 개정안이 국회를 통과하여 모바일 인증서의 업무 범위를 계속하여 확장할 예정이다""라며 ""KB모바일인증서로 더욱 간편하고 편리한 비대면 거래를 이용할 수 있을 것으로 기대된다""고 밝혔다. kdw@inews24.com [ⓒ 아이뉴스24 무단전재 및 재배포 금지]",/news/news_read.nhn?article_id=0000540028&office_id=031&mode=search&query=KB금융&page=1
,"[헤럴드경제=문재연 기자] KB국민은행이 자체개발한 사설인증서 'KB모바일인증서' 가입고객이 360만 명을 넘어섰다.KB국민은행은 26일 'KB모바일인증서' 출시 10개월 만에 가입자가 360만 명을 넘었다고 밝혔다. KB모바일인증서는 다른 인증서와 달리 유효기간이 없다. 금융거래를 할 때 보안카드나 OTP없이 간편 비밀번호 6자리와 패턴, 지문, 페이스ID(아이폰 이용고객) 등을 이용하면 되기 때문에 편의성이 있다. 다만 금융거래 액수가 일정금액을 넘어갈 경우 보안 강화를 위해 ARS 인증 등의 추가적인 본인인증절차를 뒀다. 인증서 발급 소요시간은 약 1분 정도다.KB모바일인증서는 국내은행 중 유일하게 소프트웨어뿐만 아니라 하드웨어에 보안기술을 적용했다. 인증서의 유효성과 비밀번호를 검증하는 알고리즘은 KB국민은행 자체기술로 개발해 보안에 있어서 은행의 책임범위를 강화했다. 인증서는 PC기반인 인터넷뱅킹에서도 연동로그인이 가능하다. 인증서는 KB손해보험 등 다른 KB금융지주 내 계열사 금융거래에도 이용될 수 있도록 인증시스템이 통합될 예정이다.KB국민은행 관계자는 ""모바일 인증서 업무범위를 계속해 확장할 예정""이라며 ""더욱 간편하고 편리한 비대면 거래를 이용할 수 있을 것으로 기대한다""고 했다.munjae@heraldcorp.com
- Copyrights ⓒ 헤럴드경제 & heraldbiz.com, 무단 전재 및 재배포 금지 -",/news/news_read.nhn?article_id=0001678298&office_id=016&mode=search&query=KB금융&page=1
,"KB국민은행(행장 허인)은 'KB모바일인증서'가 출시 10개월 만에 가입자가 360만 명을 넘었다고 밝혔다. KB모바일인증서는 공인인증서를 대체하기 위해 KB국민은행이 자체기술로 개발한 사설인증서다.KB모바일인증서를 이용하면 첫 거래 고객도 영업점 방문 없이 모바일로 거래가 가능하다. 발급 소요시간은 약 1분 정도다. 복잡한 암호 대신에 패턴ㆍ, 지문, 페이스ID 등 고객이 가장 편리한 방법으로 선택해 간편하게 로그인할 수 있다. 유효 기간도 없다.고객 금융자산을 보호하기 위해 일정금액 이상의 업무를 처리할 경우 ARS 인증 등 추가 본인인증절차를 거쳐야 한다.KB모바일인증서는 국내 은행 중 유일하게 소프트웨어뿐 아니라 하드웨어에까지 보안기술을 적용했다. TEE(신뢰된 실행 환경)라는 독립된 보안영역에 인증서를 저장해 안정성과 신뢰성을 높였다. 이를 위해 영국 보안업체인 트러스트오닉(Trustonic)사 TAP 솔루션을 적용했다.인증서 유효성과 비밀번호를 검증하는 알고리즘은 KB국민은행 자체기술로 개발해 안정성과 보안성을 강화했다.국민은행은 KB모바일인증서 활용 범위를 확대할 예정이다. 모바일뱅킹에만 초점을 두고 개발된 다른 사설인증서와 달리 PC 기반인 인터넷뱅킹에서도 연동 로그인이 가능하도록 했다.또 KB손해보험 애플리케이션(앱)에서도 로그인이 가능하다. 다른 KB금융지주 내 계열사까지 금융거래를 처리할 수 있도록 KB금융그룹 통합인증 환경 구축을 진행하고 있다.길재식기자 osolgil@etnews.com",/news/news_read.nhn?article_id=0002884590&office_id=030&mode=search&query=KB금융&page=1
,"[서울경제] KB국민은행은 ‘KB모바일인증서’ 출시 10개월 만에 가입자 360만 명을 돌파했다고 26일 밝혔다. 이는 공인인증서를 대체하기 위해 KB국민은행이 자체기술로 개발한 사설 인증서다. 해당 인증서를 이용하면 첫 거래 고객도 영업점 방문 없이 모바일로 거래가 가능하다. 발급 소요시간은 약 1분 정도이며 복잡한 암호 대신에 패턴·지문·Face ID(아이폰 이용 고객) 등 고객이 가장 편리한 방법으로 선택해 간편하게 로그인할 수 있다. 다른 인증서와 달리 유효기간이 없는 것도 특징이다. 금융 거래 시 보안카드나 OTP 없이 간편비밀번호 6자리만 입력하면 거래가 완료돼 고객 편의성이 크게 확대됐다는 평가다. 고객의 금융자산을 보호하기 위해 일정금액 이상의 업무를 처리할 경우 ARS 인증 등의 추가 본인인증절차를 거쳐야 한다. KB모바일인증서는 국내 은행 중 유일하게 소프트웨어뿐만 아니라 하드웨어에까지 보안기술을 적용했다. TEE(신뢰된 실행 환경)라는 독립된 보안영역에 인증서를 저장시킴으로써 안정성과 신뢰성을 높였다. 이를 위해 영국 보안업체인 트러스트오닉사의 TAP솔루션을 적용했으며, 인증서의 유효성과 비밀번호를 검증하는 알고리즘은 KB국민은행 자체기술로 개발해 안정성과 보안성을 강화했다. KB국민은행은 KB모바일인증서의 활용 범위도 확대하고 있다. 모바일뱅킹에만 초점을 두고 개발된 다른 사설인증서와는 달리 PC 기반인 인터넷뱅킹에서도 연동 로그인이 가능하도록 했다. 또한 KB손해보험 앱에서도 KB모바일인증서 로그인이 가능하다. 다른 KB금융지주 내 계열사까지 금융거래를 처리할 수 있도록 KB금융그룹 통합인증 환경 구축을 진행하고 있다. KB국민은행 관계자는 “전자서명법 개정안이 국회를 통과해 모바일 인증서의 업무 범위를 계속하여 확장할 예정”이라며 “KB모바일인증서로 더욱 간편하고 편리한 비대면 거래를 이용할 수 있을 것”이라고 설명했다. /이지윤기자 lucy@sedaily.com저작권자 ⓒ 서울경제, 무단 전재 및 재배포 금지",/news/news_read.nhn?article_id=0003742925&office_id=011&mode=search&query=KB금융&page=1
,"[이데일리 김유성 기자] KB국민은행은 자사 ‘KB모바일인증서’가 출시 10개월만에 가입자 360만을 돌파했다. KB모바일인증서는 공인인증서를 대체하기 위해 국민은행이 자체 개발한 사설 인증서로 보안성과 편리성이 장점이다. KB모바일인증서를 이용하면 첫 거래 고객도 영업점 방문 없이 모바일 거래가 가능하다. 발급 소요 시간은 약 1분 정도다. 암호 대신 패턴이나 지문 페이스ID(아이폰 이용 고객) 등 고객이 편리한 방법으로 로그인할 수 있다. 유효 기간도 없다. KB모바일인증서를 통해 금융 거래 시 보안카드나 OTP 없이 간편하게 간편비밀번호 6자리만 입력하면 거래가 완료된다. 다만 일정 금액 이상 업무를 처리해야할 때는 ARS 인증 등의 추가 본인 인증 절차를 거쳐야 한다. KB모바일인증서는 또 하드웨어에까지 보안기술이 적용됐다. TEE(신뢰된 실행 환경, Trusted Execution Environment)라는 독립된 보안영역에 인증서를 저장시킴으로써 안정성과 신뢰성을 높였다. 국민은행은 이를 위해 영국 보안업체인 트러스트오닉(Trustonic)사의 TAP(Trustonic Application Protection) 솔루션을 적용했다. 인증서의 유효성과 비밀번호를 검증하는 알고리즘은 KB국민은행 자체기술로 개발하여 안정성과 보안성을 강화했다. KB모바일인증서는 모바일 뱅킹에만 초점을 맞추고 있지 않다. 다른 사설 인증서와 달리 PC기반인 인터넷 뱅킹에서도 연동 로그인이 가능하도록 했다. 덕분에 KB손해보험 앱에서도 KB모바일인증서 로그인이 가능하다. 다른 KB금융지주 내 계열사까지 금융거래를 처리할 수 있도록 KB금융그룹 통합인증 환경 구축을 진행하고 있다.KB국민은행 관계자는 “전자서명법 개정안이 국회를 통과하여 모바일 인증서의 업무 범위를 계속하여 확장할 예정이다”며 “KB모바일인증서로 더욱 간편하고 편리한 비대면 거래를 이용할 수 있을 것으로 기대된다”고 말했다. 김유성 (kys401@edaily.co.kr)＜ⓒ종합 경제정보 미디어 이데일리 - 무단전재 & 재배포 금지＞",/news/news_read.nhn?article_id=0004648778&office_id=018&mode=search&query=KB금융&page=1
,"[아시아경제 조강욱 기자] KB국민은행은 KB모바일인증서가 출시 10개월 만에 가입자가 360만 명을 넘었다고 26일 밝혔다.공인인증서를 대체하기 위해 KB국민은행이 자체기술로 개발한 KB모바일인증서는 보안성과 편리성이 장점인 사설인증서이다.KB모바일인증서를 이용하면 첫 거래 고객도 영업점 방문 없이 모바일로 거래가 가능하다. 발급 소요시간은 약 1분 정도이며, 복잡한 암호 대신에 패턴?지문?Face ID(아이폰 이용 고객) 등 고객이 가장 편리한 방법으로 선택해 간편하게 로그인할 수 있다. 다른 인증서와 달리 유효기간이 없다.KB모바일인증서를 통해 금융 거래 시 보안카드나 OTP 없이 간편비밀번호 6자리만 입력하면 거래가 완료돼 고객편의성이 크게 확대됐다. 고객의 금융자산을 보호하기 위해 일정금액 이상의 업무를 처리할 경우 ARS 인증 등의 추가 본인인증절차를 거쳐야 한다.KB모바일인증서는 국내 은행 중 유일하게 소프트웨어뿐만 아니라, 하드웨어에까지 보안기술을 적용했다. TEE(신뢰된 실행 환경, Trusted Execution Environment)라는 독립된 보안영역에 인증서를 저장시킴으로써 안정성과 신뢰성을 높였다. 이를 위해 영국 보안업체인 트러스트오닉(Trustonic)사의 TAP(Trustonic Application Protection) 솔루션을 적용했으며, 인증서의 유효성과 비밀번호를 검증하는 알고리즘은 KB국민은행 자체기술로 개발해 안정성과 보안성을 강화했다.KB국민은행은 KB모바일인증서의 활용 범위도 확대하고 있다. 모바일뱅킹에만 초점을 두고 개발된 다른 사설인증서와는 달리 PC 기반인 인터넷뱅킹에서도 연동 로그인이 가능하도록 했다. 또 KB손해보험 앱에서도 KB모바일인증서 로그인이 가능하다. 다른 KB금융지주 내 계열사까지 금융거래를 처리할 수 있도록 KB금융그룹 통합인증 환경 구축을 진행하고 있다.KB국민은행 관계자는 ""전자서명법 개정안이 국회를 통과하여 모바일 인증서의 업무 범위를 계속해 확장할 예정""이라며 ""KB모바일인증서로 더욱 간편하고 편리한 비대면 거래를 이용할 수 있을 것으로 기대된다""고 말했다.조강욱 기자 jomarok@asiae.co.kr <ⓒ경제를 보는 눈, 세계를 보는 창 아시아경제 무단전재 배포금지>",/news/news_read.nhn?article_id=0004685761&office_id=277&mode=search&query=KB금융&page=1
,"[머니투데이 이재윤 기자] 박인비(32·KB금융그룹)와 유소연(30·메디힐), 리디아 고(23·하나금융그룹)와 퍼닐라 린드버그(34·스웨덴) 등 미국여자프로골프(LPGA)투어 메이저대회 챔피언들이 펼친 스크린골프 대결에서 무승부를 기록했다.지난 25일 열린 '골프존 LPGA 온라인 매치플레이 챌린지'는 1라운드 18홀 포섬매치, 2라운드 18홀 포볼매치 총 36홀 실시간 네트워크 플레이로 진행됐다. 한국과 미국에 마련된 골프존 스크린골프 시스템이 적용됐다.경기는 이날 오후 8시부터 11시까지 온라인을 통해 진행됐다. 1라운드 포섬 매치에선 리디아고-린드버그 조가 1홀차로 승리했다. 2라운드 포볼 매치에선 박인비-유소연 조가 5홀차로 승부를 결정지었다. 우승 상금 1만달러는 각 5000달러씩 양 팀의 이름으로 기부될 예정이다.경기에 참여한 박인비-유소연 프로는 ""코로나19(신종 코로나바이러스 감염증)로 대부분의 골프 투어가 중단됐다. 이렇게 색다른 시도의 좋은 기회로 팬들을 만나 뵙게 되어 기쁘게 생각한다""고 입을 모았다.리이다 고-퍼닐라 린드버그 조도 전 세계 골프 팬들에게 인사를 전했다. 이들은 ""수 천 마일 떨어져 있는 곳에서 온라인으로 응원하고 관람해 주신 전세계 골프 팬들에게 감사하다""며 ""코로나19를 슬기롭게 극복해 나가길 바란다""라고 말했다.이번 경기는 코로나19 확산 방지를 위해 무관중으로 치러졌다. 경기는 향후 JTBC GOLF와 스크린골프존 채널 등으로 녹화 중계될 예정이다.박강수 골프존 대표이사는 ""온라인 스크린골프 대회를 골프존 시스템을 통해 안정적으로 치를 수 있어서 기쁘게 생각한다""며 ""비접촉(Untact) 골프 경기를 통해 코로나19로 피해를 입은 세계인들에게 희망과 위로의 마음이 전달되길 바란다""라고 밝혔다.이재윤 기자 mton@mt.co.kr
<저작권자 ⓒ '돈이 보이는 리얼타임 뉴스' 머니투데이, 무단전재 및 재배포 금지>",/news/news_read.nhn?article_id=0004414838&office_id=008&mode=search&query=KB금융&page=1
,"KB국민은행은 KB모바일인증서가 출시 10개월 만에 가입자 360만명을 넘었다고 26일 밝혔다. KB모바일인증서는 공인인증서를 대체하기 위해 국민은행이 자체기술로 개발한 사설인증서다.KB모바일인증서를 이용하면 첫 거래 고객도 영업점 방문 없이 모바일로 거래가 가능하다. 발급 소요시간은 약 1분 정도이며, 복잡한 암호 대신에 패턴과 지문, 페이스 아이디 등 고객이 가장 편리한 방법으로 선택해 간편하게 로그인할 수 있다. KB모바일인증서는 다른 인증서와 달리 유효기간이 없다.아울러 KB모바일인증서를 통해 금융 거래 시 보안카드나 OTP 없이 간편비밀번호 6자리만 입력하면 거래가 완료돼 고객편의성이 크게 확대됐다. 고객의 금융자산을 보호하기 위해 일정금액 이상의 업무를 처리할 경우 ARS 인증 등의 추가 본인인증절차를 거쳐야 한다.KB모바일인증서는 소프트웨어뿐 아니라 하드웨어에도 보안기술을 적용했다. TEE라는 독립된 보안영역에 인증서를 저장시킴으로써 안정성과 신뢰성을 높였다. 이를 위해 영국 보안업체인 트러스트오닉사의 TAP 솔루션을 적용했으며, 인증서의 유효성과 비밀번호를 검증하는 알고리즘은 국민은행 자체기술로 개발해 안정성과 보안성을 강화했다.국민은행은 KB모바일인증서의 활용 범위를 확대해 나가고 있다. 모바일뱅킹에만 초점을 두고 개발된 다른 사설인증서와는 달리 PC 기반인 인터넷뱅킹에서도 연동 로그인이 가능하도록 했다. 또 KB손해보험 앱에서도 KB모바일인증서 로그인이 가능하다. 다른 KB금융그룹 내 계열사까지 금융거래를 처리할 수 있도록 KB금융 통합인증 환경 구축을 진행하고 있다.국민은행 관계자는 ""전자서명법 개정안이 국회를 통과해 모바일 인증서의 업무 범위를 계속하여 확장할 예정""며 ""KB모바일인증서로 더욱 간편하고 편리한 비대면 거래를 이용할 수 있을 것으로 기대된다""고 전했다.이남의 기자 namy85@mt.co.kr
<저작권자 ⓒ '성공을 꿈꾸는 사람들의 경제 뉴스' 머니S, 무단전재 및 재배포 금지>",/news/news_read.nhn?article_id=0000547172&office_id=417&mode=search&query=KB금융&page=1
,"㈜에버영코리아(정은성 대표)·㈜에버영피플(이한복 대표)은 ㈜딥네츄럴(박상원 대표)과 지난 5월 19일 AI양재허브에서 업무협약을 체결했다. 협약 내용은 AI 언어데이터 구축을 위한 시니어 일자리 창출이다.딥네츄럴은 자체 플랫폼을 통해 언어데이터 및 인공지능 학습용 데이터를 구축한 기업이다. 자연어처리 기술 및 인공지능을 연구하는 기업들은 대량의 데이터를 빠르게 수집, 가공할 필요가 있다. 이러한 측면에서 딥네츄럴은 크라우드소싱 방식으로 대규모 인력을 동원할 수 있고 철저한 검수 프로세스를 두었다. 따라서 고객이 요청한 데이터 신뢰도를 100% 보장한다고 딥네츄럴 관계자는 전했다. 이러한 장점에 의해 KB금융지주, 대상홀딩스, KAIST, 서울대학교, 국립국어원 등의 대기업 및 기관 뿐만 아니라 다수의 AI 스타트업들도 딥네츄럴의 AI 데이터 구축 서비스를 이용하고 있다.특히, 딥네츄럴은 사람과 인공지능이 협력적으로 데이터를 구축하는 프로세스를 지속적으로 발전시키고 있다. 이러한 기술로 AI 데이터를 구축하는 비용과 시간은 줄이고 품질은 향상시킨다. 또한, 고품질 언어 데이터 구축을 위하여 국어 전공자들이 인하우스 작업팀에서 활동하고 있는 점도 딥네츄럴의 장점이다.에버영코리아는 취업 취약계층인 55세 이상 시니어들에게 일자리를 제공하며 사회적 경제 실현 및 사회 공헌을 위해 2013년 설립됐다. 2020년 현재 350여명의 시니어 직원들이 서울, 경기, 강원 3개 센터에서 근무하며 데이터 정제 및 온라인 모니터링 업무 등을 수행하고 있다.자회사인 에버영피플은 현대카드사의 신용카드 신청서 심사 업무, 일본어 명함 빅데이터 구축사업, 인터넷 웹진 업무, 휴먼에이드의 쉬운 말 뉴스 제작 업무 등을 수행하는 기업이다. 시니어 인력과 함께 지속적 성장을 이뤄내고 있으며, 2017년에는 노인인력개발원으로부터 고령자친화기업으로 인정 받기도 했다.에버영의 시니어 인력 풀에는 30년 넘게 국어 교사로 일하다가 은퇴한 인력이나 외국어 독해에 능한인력 등 숙련된 경험과 지식을 가지고 있는 인력이 많다. 시니어 인력의 낮은 퇴사율과 근무 태도, 생산성은 고객사를 만족시키는 요인이 되고 있다.AI 학습 데이터를 구축하는 작업은 직업, 성별, 나이에 관계없이 많은 사람들의 꼼꼼한 노력이 필요하다. 때문에 시니어 일자리 창출에 선도적인 역할을 하고 있는 ㈜에버영코리아와 ㈜에버영피플이 ㈜딥네츄럴과 맺는 업무협약이 시너지를 발휘할 것으로 기대된다.앞으로 딥네츄럴, 에버영코리아, 에버영피플은 인공지능이 사람처럼 대화하는 기술 개발을 위하여 필요한 말뭉치 구축을 위해 협력하면서, AI 데이터를 만드는 일자리 창출 노력도 지속할 예정이다.송민수 수습기자 press@womennews.co.kr<Copyright ⓒ 여성신문. 무단전재 및 재배포 금지>",/news/news_read.nhn?article_id=0000078636&office_id=310&mode=search&query=KB금융&page=1
▶ 헉! 소리나는 스!토리 뉴스 [헉스]▶ '아는 척'하고 싶은 당신을 위한 [두유노우],"[파이낸셜뉴스] 신한·KB·하나·우리금융 등 국내 4대 금융지주사는 올해 최대 리스크로 코로나19와 미중 무역갈등을 꼽았다.
 금융지주사들은 오는 2·4분기부터 코로나19 여파가 본격화되면서 경기둔화와 금융시장의 불확실성이 높아질 것으로 우려했다. 여기에 다시 격화되고 있는 미중 무역갈등도 주요 리스크 중 하나로 꼽았다.
 26일 금융감독원에 제출된 4대 금융지주사의 1·4분기 보고서에 따르면 신한금융은 코로나19에 대해 근본적인 해결책인 치료제와 백신 개발이 이뤄지지 않는 한 글로벌 공급망 혼란, 경기침체 가속화 등 경제활동에 대한 불확실성이 2·4분기에도 이어질 것으로 전망했다. 특히 미국과 유럽에서 코로나19의 확산세가 진정된 후 경제 정상화까지 2차, 3차 재확산 가능성을 둘러싼 불확실성이 여전하다고 지적했다.
 KB금융은 과거 유행성 질병이 글로벌 경제 전반에 장기적으로 부정적인 영향을 미쳤지만 이번 코로나19는 이를 뛰어넘는 글로벌 팬데믹의 심각한 상황을 초래하면서 광범위한 경제 활동 위축이 나타날 것으로 예상했다. 또 대면 서비스업 위축의 장기화는 자영업·소상공인의 손실을 확대시키고, 전세계 소비 위축에 따른 설비투자·수출 악화로 인해 취약 기업들을 중심으로 부실이 늘어날 것으로 봤다. 이에 따라 스트레스 테스트를 통해 위기 상황에 대한 대비가 필요한 시점이라고 지적했다.
 우리금융은 국내의 경우 코로나19 사태가 다소 진정단계에 접어들었지만 코로나 19가 미국, 중국, 유럽 등 전 세계적으로 확산되고 특히, 교역 규모가 큰 미국과 중국의 경기 부진은 국내 수출 성장에 부정적인 영향을 미칠 가능성이 많다고 설명했다. 이에 따라 국내 경제의 회복에는 다소 시간이 걸릴 것으로 전망했다.
 하나금융은 코로나19의 국내 확산은 다소 진정됐지만 바이러스 재전파 가능성 등이 여전히 남아있어 온전한 경제활동 재개는 어려운 만큼 관광, 여행, 도소매·음식업 등 서비스업 부문의 회복이 지연되고 고용부진도 이어질 것으로 예상했다. 하반기에는 대부분의 국가에서 경제 활동이 재개되면서 글로벌 경기의 회복이 예상되지만 코로나19가 국가별로 시차를 두고 나타남에 따라 인적·물적자원 이동 재개시 코로나19 재확산 및 2차 대유행 가능성도 배제하기 어렵다는 점을 우려했다.
 아울러 미·중 무역갈등도 경제와 금융시장의 변동성을 높일 것으로 전망했다. 최근 미중 간 무역갈등이 다시 고조되고 있으며 오는 11월 미국 대선이 예정돼 있는 만큼 대외 환경과 수출에 크게 의존하는 한국 경제에 불안 요인으로 작용할 것으로 전망했다.



 ※ 저작권자 ⓒ 파이낸셜뉴스. 무단 전재-재배포 금지",/news/news_read.nhn?article_id=0004431581&office_id=014&mode=search&query=KB금융&page=1
"시장 불확실성 속 비교적 안정적, 고금리 제공 투자처로 각광 수요예측서 흥행 금융사 자본 확충 효과적","[파이낸셜뉴스] 최근 금융지주사와 은행 등 금융사들이 한동안 뜸했던 신종자본증권과 후순위채를 다시 활발히 발행하고 있다. 코로나19로 인한 시장 불확실성이 여전한 상황에서 상대적으로 기본신용도가 높고 고금리를 제공하는 투자처로 각광받으며 투자자들의 수요가 몰리고 있고, 금융사들도 이를 통해 자본 확충을 용이하게 할 수 있다는 분석이다.
 26일 금융권에 따르면 우리금융지주는 지난 2월에 이어 올해 두 번째로 신종자본증권(영구채) 발행을 추진하고 있다. 규모는 2000억~3000억원 수준으로 예상되지만, 수요예측 결과에 따라 최대 4000억~5000억원까지 증액될 수도 있을 것으로 보인다. 이전엔 2500억원 규모의 영구채 발행을 위한 수요예측을 진행했는데, 수요예측 결과 두 배 이상의 수요를 확보하며 최대 증액치인 4000억원을 발행한 바 있다.
 앞서 지난 19일 하나금융지주는 3500억원 규모의 신종자본증권 수요예측을 진행했고, 8150억원의 수요가 몰렸다. 결국 최종 발행액을 5000억원으로 결정해 1500억원이나 증액했다. KB금융지주도 3000억원 규모의 신종자본증권 발행을 위한 수요예측에서 흥행하면서 4000억원으로 늘려 발행했다.
 금융권의 신종자본증권 발행은 한동안 뜸했다. 그러나 최근 금융사들이 다시 발행을 재개함에 따라 투자자들은 시장 불확실성이 여전한 상황에서 비교적 안정적이고 고금리 이점을 가진 신종자본증권에 몰리고 있다. 금융사 입장에서도 신종자본증권은 용이한 자본 확충을 통해 규제비율을 효과적으로 맞출 수 있다는 이점이 있다. 금융권 관계자는 ""신종자본증권은 전액 자본으로 인정되기 때문에 금융사들은 이의 발행을 통해 BIS 자기자본비율과 이중레버리지비율 상승을 효과적으로 도모할 수 있다""고 전했다.
 아울러 금융사들의 후순위채 발행 움직임도 활발하다. KB국민은행은 지난 19일 3500억원 규모의 후순위채를 발행하기 위한 수요예측에 기관투자자들이 몰리면서 4900억원의 유효 수요가 발생했다. 이에 따라 최종 발행금액을 4500억원으로 결정해 1000억원이 증액됐다. 앞서 지난 2월에 KB금융과 우리금융이 각각 4000억원 규모의 후순위채를 발행했고, 3월에도 우리은행과 IBK기업은행, 하나은행, NH농협은행이 후순위채를 발행했다. 다만, 후순위채는 신종자본증권과 달리 BIS 비율 산정 때만 자본으로 인정되고 회계상으로는 부채로 올라간다.
 금융권 관계자는 ""금융사들이 신종자본증권과 후순위채를 잇따라 발행하고 흥행에 성공하며 자본을 용이하게 확충하는 모양새""라며 ""향후에도 시장 불확실성이 계속되고 대출 수요도 증가할 수 있는 만큼, 자본을 대폭 늘리기 위한 공격적인 신종자본증권, 후순위채 발행은 계속 이뤄질 것""이라고 전했다.



 ※ 저작권자 ⓒ 파이낸셜뉴스. 무단 전재-재배포 금지",/news/news_read.nhn?article_id=0004431591&office_id=014&mode=search&query=KB금융&page=1
,"국내 증시가 코로나19 충격을 딛고 빠르게 회복세를 보이고 있습니다. 주가가 연일 폭락하던 지난 3월과는 분위기가 완전히 달라진 모습인데요. 부진한 실물경제 지표에도 경제활동 재개 움직임에 따른 경기회복 기대감에 코스피는 두 달여 만에 2000선에 안착하는데 성공했습니다. 반등의 일등공신은 다름 아닌 '동학개미'로 불려온 개인 투자자들입니다. 코로나19가 장기화되면서 외국인 투자자들이 내던진 주식을 연일 사들이며 추락하는 증시를 떠받쳤고 이후에도 끝없이 매수 행진을 이어가며 지수를 끌어올렸기 때문입니다.증시 구원투수 역할을 톡톡해 해낸 동학개미들의 존재감이 워낙 컸기 때문일까요? 코로나19 사태로 인한 주가 폭락에 대응하기 위해 국내 금융기관들이 출자해 만든 증권시장안정펀드(이하 증안펀드)의 존재감은 반대로 급격히 희미해진 모습입니다. ‘다함께코리아펀드’라는 이름으로 지난달 9일 출범한 이후 50일 가까이 됐지만, 사실상 개점휴업 상태에 놓여 있기 때문입니다. 펀드 결성 이후 국내 주식시장이 안정 국면에 접어들면서 긴급하게 자금을 투입해야 할 필요가 없다는 이유에서입니다.앞서 정부는 총 10조7600억 원 규모의 증안펀드를 조성해 4월부터 순차적으로 국내 증시에 투입하기로 했습니다. 세부적으로는 KB금융, 신한금융, 우리금융, 하나금융, NH농협금융 등 국내 5대 금융지주로부터 5조 원, 국책은행인 산업은행에서 2조원, 증권사를 포함한 금융회사 17곳에서 3조 원을 출자하도록 해 10조 원을 마련하고 한국거래소와 금융투자협회 등 증권유관기관에서 별도로 7600억 원을 조성할 계획이었는데요. 현재 각 회사마다 출자하기로 한 금액의 10%씩만 먼저 출자해 1조 원의 자금이 마련된 상태입니다.그러나 이 돈은 지금 갈 길을 잃고 예금자산 형태로 잠들어 있습니다. 펀드 출범 이후 두 차례 회의를 열어 가동 여부를 논의했지만 지금은 증안펀드 자금을 투입할 시기가 아니라는 게 출자 금융기관들의 대체적인 반응이었는데요. 증시가 안정을 되찾은 상황에서 증안펀드가 굳이 구원투수로 나설 이유가 없다는 뜻입니다. 어디까지나 증시 안정을 위해 조성된 펀드 자금인 만큼 앞으로도 지수가 큰 폭으로 떨어져 일시적으로 거래를 중단시키는 '사이드카'나 '서킷브레이커' 같은 조치가 나오지 않는 한 증안펀드가 투입될 가능성은 크지 않아 보입니다.일각에선 동학개미들의 움직임을 너무 늦게 포착한 게 아니냔 지적도 나옵니다. 실제 펀드가 설정된 지난달 9일 코스피는 이미 저점 대비 400포인트 넘게 오른 1800선까지 회복된 상태였기 때문입니다. 국내 증시 분위기가 시시각각 변하고 있는데도 증시가 불안한 흐름을 보이면 자금을 투입할 것이라는 원론적인 입장만을 고수한 나머지 증안펀드의 투자 타이밍을 놓쳤다는 비판이 제기되는 이유입니다.증안펀드에 출자한 금융기관들의 불만도 점차 커지고 있습니다. 펀드 수익은커녕 운용도 제대로 하지 못하는 상황에서 저마다 어렵사리 조달한 돈마저 예금 자산에 묶여 있어서인데요. 때문에 제 기능을 하지 못하는 증안펀드를 두고 시장 안팎에선 조기 종료 가능성도 제기되는 상황입니다. 증안펀드 투자관리위원회는 일단 증시 상황과 관계없이 내년 4월까지 운영한다는 방침을 밝혔지만 시장이 기대했던 것과 다른 모습에 증안펀드의 입지는 갈수록 좁아지는 모양새입니다.


조슬기 기자(skcho@sbs.co.kr) ▶ ▶ 저작권자 SBS미디어넷 & SBS I&M 무단전재-재배포 금지",/news/news_read.nhn?article_id=0000212347&office_id=374&mode=search&query=KB금융&page=1
LG화학 614억 원 매수·네이버 857억 원 매도,"[더팩트ㅣ박경현 기자] 26일 코스피가 개인이 매도로, 외국인은 매수로 전환해 2020선까지 오르며 마감했다. 이날 개인은 4804억 원을 팔아치운 반면 외국인과 기관은 각각 90억 원, 3420억 원을 사들였다. 코스닥에서는 개인이 매수로, 외국인이 매도로 전환하며 상승 마감했다.이날 외국인투자자의 코스피시장 기업 최대매수는 LG화학으로 향했다. 외국인은 LG화학 614억 원, 에쓰오일(S-Oil) 226억 원, KB금융 224억 원, 삼성바이오로직스 209억 원 순으로 사들였다.반면 네이버(NAVER)는 857억 원가량 팔았다. 이어 삼성전자 417억 원, 엔씨소프트 164억 원, DB하이텍 146억 원, 아모레퍼시픽 142억 원을 매도했다.코스닥 시장에서는 서울반도체(81억 원), 에이치엘비(78억 원), 셀트리온헬스케어(73억 원)를 샀다. 반면 에코프로비엠(167억 원), 씨젠(69억 원), 수젠텍(38억 원)은 팔았다.기관투자자는 삼성전자에 816억 원을 순매수했다. 이어 LG화학 504억 원, SK이노베이션 442억 원, 에쓰오일(S-Oil) 264억 원 순으로 사들였다.매도는 카카오가 1022억 원으로 가장 컸다. 또한 SK하이닉스 132억 원, 신세계인터내셔날 100억 원가량을 순매도했다.이날 시가총액 상위종목은 삼성전자(+0.82%), SK하이닉스(+0.61%), 삼성바이오로직스(+2.06%), LG화학(+6.29%), 삼성SDI(+11.49%), 카카오(+0.75%)가 올랐다. 반면 네이버(-0.83%), 삼성전자우(-0.35%), 셀트리온(-0.23%)은 내렸다. LG생활건강은 보합세에 마감했다.pkh@tf.co.kr저작권자 ⓒ 특종에 강한 더팩트 & tf.co.kr 무단 전재 및 재배포 금지",/news/news_read.nhn?article_id=0000027109&office_id=629&mode=search&query=KB금융&page=1
"시장 불확실성 속 비교적 안정적, 고금리 제공 투자처로 각광 수요예측서 흥행 금융사 자본 확충 효과적","[파이낸셜뉴스] 최근 금융지주사와 은행 등 금융사들이 한동안 뜸했던 신종자본증권과 후순위채를 다시 활발히 발행하고 있다. 코로나19로 인한 시장 불확실성이 여전한 상황에서 상대적으로 기본신용도가 높고 고금리를 제공하는 투자처로 각광받으며 투자자들의 수요가 몰리고 있고, 금융사들도 이를 통해 자본 확충을 용이하게 할 수 있다는 분석이다.
 26일 금융권에 따르면 우리금융지주는 지난 2월에 이어 올해 두 번째로 신종자본증권(영구채) 발행을 추진하고 있다. 규모는 2000억~3000억원 수준으로 예상되지만, 수요예측 결과에 따라 최대 4000억~5000억원까지 증액될 수도 있을 것으로 보인다. 이전엔 2500억원 규모의 영구채 발행을 위한 수요예측을 진행했는데, 수요예측 결과 두 배 이상의 수요를 확보하며 최대 증액치인 4000억원을 발행한 바 있다.
 앞서 지난 19일 하나금융지주는 3500억원 규모의 신종자본증권 수요예측을 진행했고, 8150억원의 수요가 몰렸다. 결국 최종 발행액을 5000억원으로 결정해 1500억원이나 증액했다. KB금융지주도 3000억원 규모의 신종자본증권 발행을 위한 수요예측에서 흥행하면서 4000억원으로 늘려 발행했다.
 금융권의 신종자본증권 발행은 한동안 뜸했다. 그러나 최근 금융사들이 다시 발행을 재개함에 따라 투자자들은 시장 불확실성이 여전한 상황에서 비교적 안정적이고 고금리 이점을 가진 신종자본증권에 몰리고 있다. 금융사 입장에서도 신종자본증권은 용이한 자본 확충을 통해 규제비율을 효과적으로 맞출 수 있다는 이점이 있다. 금융권 관계자는 ""신종자본증권은 전액 자본으로 인정되기 때문에 금융사들은 이의 발행을 통해 BIS 자기자본비율과 이중레버리지비율 상승을 효과적으로 도모할 수 있다""고 전했다.
 아울러 금융사들의 후순위채 발행 움직임도 활발하다. KB국민은행은 지난 19일 3500억원 규모의 후순위채를 발행하기 위한 수요예측에 기관투자자들이 몰리면서 4900억원의 유효 수요가 발생했다. 이에 따라 최종 발행금액을 4500억원으로 결정해 1000억원이 증액됐다. 앞서 지난 2월에 KB금융과 우리금융이 각각 4000억원 규모의 후순위채를 발행했고, 3월에도 우리은행과 IBK기업은행, 하나은행, NH농협은행이 후순위채를 발행했다. 다만, 후순위채는 신종자본증권과 달리 BIS 비율 산정 때만 자본으로 인정되고 회계상으로는 부채로 올라간다.
 금융권 관계자는 ""금융사들이 신종자본증권과 후순위채를 잇따라 발행하고 흥행에 성공하며 자본을 용이하게 확충하는 모양새""라며 ""향후에도 시장 불확실성이 계속되고 대출 수요도 증가할 수 있는 만큼, 자본을 대폭 늘리기 위한 공격적인 신종자본증권, 후순위채 발행은 계속 이뤄질 것""이라고 전했다.



 ※ 저작권자 ⓒ 파이낸셜뉴스. 무단 전재-재배포 금지",/news/news_read.nhn?article_id=0004431729&office_id=014&mode=search&query=KB금융&page=1
"""불확실성 2분기 이어질 전망무역갈등, 韓경제 불안 요인""","신한·KB·하나·우리금융 등 국내 4대 금융지주사는 올해 최대 리스크로 코로나19와 미중 무역갈등을 꼽았다.
 금융지주사들은 오는 2·4분기부터 코로나19 여파가 본격화되면서 경기둔화와 금융시장의 불확실성이 높아질 것으로 우려했다. 여기에 다시 격화되고 있는 미중 무역갈등도 주요 리스크 중 하나로 꼽았다.
 26일 금융감독원에 제출된 4대 금융지주사의 1·4분기 보고서에 따르면 신한금융은 코로나19에 대해 근본적인 해결책인 치료제와 백신 개발이 이뤄지지 않는 한 글로벌 공급망 혼란, 경기침체 가속화 등 경제활동에 대한 불확실성이 2·4분기에도 이어질 것으로 전망했다. 특히 미국과 유럽에서 코로나19의 확산세가 진정된 후 경제 정상화까지 2차, 3차 재확산 가능성을 둘러싼 불확실성이 여전하다고 지적했다.
 KB금융은 과거 유행성 질병이 글로벌 경제 전반에 장기적으로 부정적인 영향을 미쳤지만 이번 코로나19는 이를 뛰어넘는 글로벌 팬데믹의 심각한 상황을 초래하면서 광범위한 경제 활동 위축이 나타날 것으로 예상했다. 또 대면 서비스업 위축의 장기화는 자영업·소상공인의 손실을 확대시키고, 전세계 소비 위축에 따른 설비투자·수출 악화로 인해 취약 기업들을 중심으로 부실이 늘어날 것으로 봤다. 이에 따라 스트레스 테스트를 통해 위기 상황에 대한 대비가 필요한 시점이라고 지적했다.
 우리금융은 국내의 경우 코로나19 사태가 다소 진정단계에 접어들었지만 코로나 19가 미국, 중국, 유럽 등 전 세계적으로 확산되고 특히, 교역 규모가 큰 미국과 중국의 경기 부진은 국내 수출 성장에 부정적인 영향을 미칠 가능성이 많다고 설명했다. 이에 따라 국내 경제의 회복에는 다소 시간이 걸릴 것으로 전망했다.
 하나금융은 코로나19의 국내 확산은 다소 진정됐지만 바이러스 재전파 가능성 등이 여전히 남아있어 온전한 경제활동 재개는 어려운 만큼 관광, 여행, 도소매·음식업 등 서비스업 부문의 회복이 지연되고 고용부진도 이어질 것으로 예상했다. 하반기에는 대부분의 국가에서 경제 활동이 재개되면서 글로벌 경기의 회복이 예상되지만 코로나19가 국가별로 시차를 두고 나타남에 따라 인적·물적자원 이동 재개시 코로나19 재확산 및 2차 대유행 가능성도 배제하기 어렵다는 점을 우려했다.
 아울러 미·중 무역갈등도 경제와 금융시장의 변동성을 높일 것으로 전망했다. 최근 미중 간 무역갈등이 다시 고조되고 있으며 오는 11월 미국 대선이 예정돼 있는 만큼 대외 환경과 수출에 크게 의존하는 한국 경제에 불안 요인으로 작용할 것으로 전망했다.


 ※ 저작권자 ⓒ 파이낸셜뉴스. 무단 전재-재배포 금지",/news/news_read.nhn?article_id=0004431730&office_id=014&mode=search&query=KB금융&page=1
,"기관 투자자는 26일 거래소에서 KODEX 레버리지, 삼성전자, LG화학 등을 중점적으로 사들인 것으로 나타났다.기관 투자자의 순매수 상위 20개 종목은 KODEX 레버리지, 삼성전자, LG화학, SK이노베이션, S-Oil, 현대차, 기아차, KB금융, 현대모비스, KODEX WTI원유선물(H)등이다.이중에 화학 업종에 속한 종목이 4개 포함되어 있다.KODEX 레버리지, 삼성전자, LG화학 등은 전일 대비 주가가 상승했고, KT&G, NAVER, KODEX 코스닥150선물인버스 등은 주가가 하락했다.한경로보뉴스이 기사는 한국경제신문과 금융 AI 전문기업 씽크풀이 공동 개발한 기사 자동생성 알고리즘에 의해 실시간으로 작성된 것입니다.▶ ▶
 ▶
ⓒ 한국경제 & , 무단전재 및 재배포 금지",/news/news_read.nhn?article_id=0004348028&office_id=015&mode=search&query=KB금융&page=1
,"외국인 투자자는 26일 거래소에서 LG화학, S-Oil, KB금융 등을 중점적으로 사들인 것으로 나타났다.외국인 투자자의 순매수 상위 20개 종목은 LG화학, S-Oil, KB금융, 삼성바이오로직스, KODEX 200, 삼성SDI, 현대건설, 호텔신라, 대림산업, 대한항공등이다.이중에 금융업 업종에 속한 종목이 4개 포함되어 있다.LG화학, S-Oil, KB금융 등은 전일 대비 주가가 상승했고, KODEX 코스닥150선물인버스 등은 주가가 하락했다.한경로보뉴스이 기사는 한국경제신문과 금융 AI 전문기업 씽크풀이 공동 개발한 기사 자동생성 알고리즘에 의해 실시간으로 작성된 것입니다.▶ ▶
 ▶
ⓒ 한국경제 & , 무단전재 및 재배포 금지",/news/news_read.nhn?article_id=0004348027&office_id=015&mode=search&query=KB금융&page=1
,"[스포츠서울 권오철 기자] KB국민은행은 26일 ‘KB모바일인증서’가 출시 10개월 만에 가입자가 360만 명을 넘었다고 밝혔다. ‘KB모바일인증서’는 공인인증서를 대체하기 위해 KB국민은행이 자체기술로 개발했으며, 보안성과 편리성이 장점인 사설인증서이다.‘KB모바일인증서’를 이용하면 첫 거래 고객도 영업점 방문 없이 모바일로 거래가 가능하다. 발급 소요시간은 약 1분 정도이며, 복잡한 암호 대신에 패턴ㆍ지문ㆍFace ID(아이폰 이용 고객) 등 고객이 가장 편리한 방법으로 선택해 간편하게 로그인할 수 있다. ‘KB모바일인증서’는 다른 인증서와 달리 유효기간이 없다. ‘KB모바일인증서’를 통해 금융 거래 시 보안카드나 OTP 없이 간편비밀번호 6자리만 입력하면 거래가 완료되어 고객편의성이 크게 확대됐다. 고객의 금융자산을 보호하기 위해 일정금액 이상의 업무를 처리할 경우 ARS 인증 등의 추가 본인인증절차를 거쳐야 한다.‘KB모바일인증서’는 국내 은행 중 유일하게 소프트웨어뿐만 아니라, 하드웨어에까지 보안기술을 적용했다. TEE(신뢰된 실행 환경, Trusted Execution Environment)라는 독립된 보안영역에 인증서를 저장시킴으로써 안정성과 신뢰성을 높였다. 이를 위해 영국 보안업체인 트러스트오닉(Trustonic)사의 TAP(Trustonic Application Protection) 솔루션을 적용했으며, 인증서의 유효성과 비밀번호를 검증하는 알고리즘은 KB국민은행 자체기술로 개발해 안정성과 보안성을 강화했다.KB국민은행은 KB모바일인증서의 활용 범위도 확대하고 있다. 모바일뱅킹에만 초점을 두고 개발된 다른 사설인증서와는 달리 PC 기반인 인터넷뱅킹에서도 연동 로그인이 가능하도록 했다. 또한 KB손해보험 앱에서도 KB모바일인증서 로그인이 가능하다. 다른 KB금융지주 내 계열사까지 금융거래를 처리할 수 있도록 KB금융그룹 통합인증 환경 구축을 진행하고 있다.KB국민은행 관계자는 “전자서명법 개정안이 국회를 통과해 모바일 인증서의 업무 범위를 계속해서 확장할 예정이다”며, “KB모바일인증서로 더욱 간편하고 편리한 비대면 거래를 이용할 수 있을 것으로 기대된다”고 전했다. konplash@sportsseoul.com[기사제보 news@sportsseoul.com]
Copyright ⓒ 스포츠서울&",/news/news_read.nhn?article_id=0000662797&office_id=468&mode=search&query=KB금융&page=1
