head,text,url
,"[이데일리 김유성 기자] KB캐피탈의 자동차 중고 거래 앱 ‘KB차차차’ 덕을 KB국민카드와 KB국민은행이 보고 있다. 중고차·신차 할부나 리스 등의 자동차 금융 시장에서 KB금융의 존재감이 다소 커졌기 때문이다.
12일 업계에 따르면 KB금융그룹의 국내 자동차금융 시장 점유율이 지난해 말 기준 17%를 기록한 것으로 자체 집계됐다. KB캐피탈이 홀로 분전하던 때(2016년 이전) 점유율이 10% 미만이었다는 점을 고려하면 KB금융그룹의 자동차 시장 지배력이 높아진 것이다. 국내 자동차금융 시장의 전체 규모는 74조8000억원(2019년 기준) 수준이다. 현대캐피탈과 현대카드가 장악한 자동차금융 시장에서 KB가 조금씩 두각을 나타내기 시작했다. KB금융 측은 두 가지 이유를 꼽는다. 첫번째가 플랫폼 전략이다. 금융사지만 IT기업처럼 플랫폼 전략을 펼친 결과 중고차 시장에서 KB를 찾는 고객들이 많아졌기 때문이다. 실제 지난 2016년 6월 출시한 중고차 거래·중개 앱 ‘KB차차차’는 출시 3년만에 중고차 앱 시장 수위에 올랐다. 최근 기준 12만대 이상의 중고차 매물이 KB차차차에 등록돼 있다. 물량 기준으로는 국내 중고차 앱 중 최대 규모다. KB캐피탈 관계자는 “엄격한 매물 심사와 딜러 관리로 앱내 콘텐츠 신뢰성을 높인 덕분”이라고 설명했다. 덕분에 KB차차차의 방문자 수도 꾸준히 늘었다. 앱 시장 전문조사 업체 아이지에이웍스에 따르면 KB차차차의 월간 기준 순방문자 수(MAU)는 9만~11만을 오간다. 국내 대표적인 중고차 거래·커뮤니티 앱인 ‘보배드림’의 순 방문자 수 추정치가 월간 12만~14만 정도라는 점을 고려하면 적지 않은 숫자다. 두번째가 윤종규 KB금융그룹 회장이 강조하는 ‘원펌KB 전략’이 성과를 내고 있는 것이라고 KB금융 측은 설명했다. KB차차차라는 플랫폼을 만들어놓고 그 안에서 KB금융이 제공하는 다양한 자동차금융 서비스를 패키지 형태로 제공했다는 것이다. 실제로 KB차차차 이용자는 KB캐피탈과 KB국민은행의 자동차 금융의 한도와 금리를 한번에 확인할 수 있다. KB캐피탈 관계자는 “편의성이 높아지면서 매출 증가 효과가 나타나는 것 같다”고 말했다. KB 차Easy 통합한도조회(메뉴실행화면)김유성 (kys401@edaily.co.kr)＜ⓒ종합 경제정보 미디어 이데일리 - 무단전재 & 재배포 금지＞",/news/news_read.nhn?article_id=0004596472&office_id=018&mode=search&query=KB금융&page=1
"은행권, 줄줄이 채권발행…수요 넘쳐 발행규모 증액","[이데일리 이승현 기자] 글로벌 경기 침체와 ‘코로나19’ 사태 등으로 금리 하락세가 이어지면서 최근 은행권에서 채권발행이 봇물을 이루고 있다. 낮은 이자율로 채권을 발행할 수 있는 환경을 이용해 선제적 자본확충과 인수합병용(M&A) 실탄 마련 등에 나서고 있는 것 아니냐는 분석이 나온다. 12일 금융권에 따르면 우리은행은 지난 6일 3000억원 규모의 10년 만기 후순위채권을 연 1.94%의 고정금리로 발행했다. 당초 2500억원 규모로 발행할 계획이었지만 5200억원의 자금이 몰리면서 최종 발행액을 3000억원으로 늘렸다. 특히 발행금리는 지난 2014년 ‘바젤III’ 도입 이후 우리은행이 발행한 원화 후순위채 중 가장 낮은 수준이다.KB국민은행과 IBK기업은행, 하나은행, NH농협은행 등도 이달 상각형 조건부자본증권(후순위채권·신종자본증권) 발행에 나선다. 상각형 조건부자본증권은 회계상 자본으로 인정돼 금융사들이 국제결제은행(BIS) 자기자본비율 제공 등 자산건전성 강화 목적으로 주로 발행하는 채권이다. 국민은행은 지난 9일 3000억원 규모의 후순위채권에 대한 수요예측을 마무리하고 오는 19일 발행할 예정이다. 기업은행도 18일 중소기업 대출 지원을 위해 4000억원 규모의 신종자본증권을 발행할 계획이다. 하나은행과 농협은행도 각각 24일과 25일에 3000억원, 4000억원 규모의 후순위채권 발행을 예정하고 있다.(그래픽=이데일리 김정훈 기자)주요 금융사의 채권발행은 지난달부터 본격화했다.신한은행은 지난달 말 2900억 규모의 신종자본증권을 발행했다. 이는 당초 발행 계획 규모보다 400억원 늘어난 수준이다. 금융지주사들의 경우 KB금융그룹과 우리금융그룹이 지난달 각각 4000억원 규모의 후순위채권과 신종자본증권 발행을 마쳤다. KB금융과 우리금융의 발행계획 물량은 각각 3000억원, 2500억원이었지만 수요가 크게 몰리자 각각 1000억원과 1500억원을 증액했다. BNK금융와 DGB금융도 지난달 각각 1500억원과 1000억원을 발행했다. 하나금융그룹은 5000억원 규모의 신종자본증권 발행을 추진 중이다. 금융권 관계자는 “올 1분기 은행권의 상각형 조건부자본증권 발행 규모가 3조원 중반대로 집계되고 있다”며 “지난해 1분기 발행규모가 2조5000억원이었던 것을 고려할 때 1조원 가량 늘어난 규모”라고 설명했다. 금융권의 채권 발행이 늘어나는 배경으론 저금리 기조가 꼽힌다. 코로나19 사태 장기화로 기준금리 추가 인하 기대감이 커지고 안전자산 선호 현상도 뚜렷해지면서 채권 인기는 계속 높아지고 있다. 한국은행 등에 따르면 3년 만기 국고채 금리는 지난 1월 말 1.30%에서 2월 말 1.10%, 지난 11일 1.086% 등으로 하락 추세다. 지난 9일에는 사상 최초로 장중 0%대를 기록하기도 했다.시중은행 관계자는 “채권 발행금리가 낮아진 데다 자금을 확보해야 할 이슈도 있어 발행금액과 회차를 늘리고 있다”고 전했다. 은행들은 선제적으로 자본적정성을 높이는 게 주요 목적이다. KB·우리·하나 등 금융지주사들의 경우 올해 비은행 부문에 대한 적극적인 M&A를 위해 자금마련에 나선 측면이 강하다. 지방금융지주사들은 발행자금을 비은행부문 자회사 지원에 활용하고 있다.투자자 입장에서도 은행채는 신용도가 높은 ‘우량채권’으로 투자 안정성이 높다. 여기에 상대적으로 높은 금리를 제공해 수요가 몰리고 있다는 분석이다. 상각형 조건부자본증권 발행금리는 현재 1%후반에서 3%대에 형성돼 있다.이혁재 DB금융투자 연구원은 “저금리 기조가 계속되는 가운데 우호적인 수급상황과 절대금리를 바탕으로 순조로운 발행이 예상된다”며 “고금리 채권이 필요한 개인과 일부 기관 고객에게 투자 매력이 있다”고 말했다.이승현 (leesh@edaily.co.kr)＜ⓒ종합 경제정보 미디어 이데일리 - 무단전재 & 재배포 금지＞",/news/news_read.nhn?article_id=0004596480&office_id=018&mode=search&query=KB금융&page=1
≪이 기사는 03월12일(09:02) 자본시장의 혜안 ‘마켓인사이트’에 게재된 기사입니다≫,"푸르덴셜생명 본입찰이 일주일 앞으로 다가왔다. KB금융과 MBK파트너스, 한앤컴퍼니, IMM프라이빗에쿼티(PE) 등 사모펀드 3개사는 최종 가격을 적어내기 전에 마지막까지 치열한 눈치작전을 벌이는 중이다. 푸르덴셜인터내셔널인슈어런스홀딩스(PIIH)는 골드만삭스를 매각주관사로 선정해 보유한 한국 푸르덴셜생명 지분 100%를 매각할 예정이다. 국내 1~3위 PEF 3사가 모두 달려든 이번 딜의 관전 포인트는 '우리금융'을 누가 잡느냐, 혹은 우리금융이 과연 참전할 것인가다. KB금융과 달리 재무적 투자자(FI)인 PEF들은 언젠가 출구전략을 세워야 한다. 푸르덴셜은 매력적인 매물이지만 보험업에 대한 부정적인 평가가 적지 않은 상황인 만큼, 나중에 이 물건을 사줄 SI를 확보하는 것이 핵심적인 이슈다.
신한금융은 지난해 오렌지라이프(옛 ING생명)를 이미 샀고, KB금융은 직접 입찰에 뛰어든 상황에선 우리금융이나 하나금융과 손잡는 게 최선이다. 특히 우리금융은 생명보험 부문을 강화해야 하는 처지인 데다, 작년 초 MBK파트너스와 함께 롯데카드 딜에 참여해 최종 인수자로 선정된 경력이 있다. 우리금융 측과 컨소시엄을 구성하면 좋겠다는 생각이 자연스럽게 나올 수 있었던 배경이다.
IMM PE와 MBK파트너스는 모두 우리금융에 '같이 하자'는 제안을 내놓은 상태다. 우리금융 내에서 푸르덴셜생명 딜을 담당하는 것은 우리은행이다. 푸르덴셜생명 딜에 인수금융 제공자로 나설 생각이기 때문이다.
우리은행 관계자는 ""MBK파트너스에 인수금융을 제공하는 문제도 검토를 했지만, 아직 확정되지 않았다""며 ""현재는 IMM PE에 인수금융을 제공하는 쪽으로 가닥을 잡았다""고 전했다.
인수금융은 M&A 자금을 빌려주는 것을 뜻하지만 우리은행의 인수금융은 의미가 다르다. 일단 인수금융으로 시작된 파트너십을 바탕으로 지분 투자까지 단행할 수 있기 때문이다. 작년 롯데카드 딜이 이와 같은 방식으로 진행됐다. 우리은행 관계자는 이와 관련해 ""지분투자 가능성도 검토는 해 봤지만, 하기로 결정한 것은 전혀 없다""며 ""생명보험사의 지분에 투자하면 지주사 전체 자본비율에 미치는 영향이 상당히 있어서 부담이 되는 측면도 있다""고 전했다. 손태승 우리금융 회장이 이사회에서는 연임이 결정됐지만 해외 금리파생결합펀드(DLF) 판매 문제로 금융감독원의 중징계를 받아 감독당국과 갈등하는 사이라는 점도 걸림돌이다. 손 회장은 지난 8일 금감원의 문책경고 등에 대한 취소청구소송의 소장을 서울행정법원에 제출하고, 판결이 나올 때까지 징계 효력을 멈춰달라는 집행정지 가처분 신청도 제출했다. 1주일 내로 결론이 나기 때문에 본입찰 나흘 전인 15일까지는 결과를 알 수 있다. 25일 주주총회 전에 이 신청이 인용되면 연임 임기를 정상적으로 시작할 수 있다.
한 금융사 관계자는 ""손 회장이 일단 연임을 할 수 있게 돼서 푸르덴셜생명 인수전에 뛰어든다 해도 나중에 감독 당국에서 제대로 인수 승인을 받을 수 있겠느냐""며 ""불확실성이 크다""고 평가했다.
MBK파트너스는 우리금융과 함께 할 가능성에 관해 '노 코멘트'라며 여지를 남겼다. 다른 금융사 관계자는 ""MBK는 혼자 인수를 완료해도 상관 없지만 출구전략을 확실히 한다는 차원에서 우리금융과의 연대를 계속 추진할 것 같다""고 전망했다. 다만 MBK는 작년 신한금융에 오렌지라이프를 판 주체다. 당시 신한금융은 MBK와 2년간 보험업종을 영위하지 않는다는 경업 금지 약정을 맺었다. 약정대로라면 MBK는 오는 9월까지 보험업에 들어갈 수 없다. 3월에 본입찰을 하는 푸르덴셜생명의 경우, MBK가 된다면 딜의 최종 클로징은 9월 이후가 될 것으로 예상된다. 매각 측이 이러한 조건에 동의했는지는 확실하지 않다. MBK는 이와 관련해 신한금융 측에 푸르덴셜생명 인수에 성공할 경우에 경업 금지 위반이 되는지와 관련해 특별히 문의한 적이 없다. 추후 신경전이 벌어질 수도 있는 대목이다.
 IMM도 아킬레스건이 있다. IMM PE는 우리금융 지분 5.62%(작년 9월말 기준, 주주명 노비스1호 유한회사)를 가지고 있는 과점주주다. 예금보험공사(17.25%), 국민연금공단(7.71%)에 이어 3번째로 지분율이 높다. 이 때문에 장동우 IMM인베스트먼트 대표가 우리금융의 사외이사로서 그룹임원후보추천위원회에도 참여하고 있다. 이런 가운데 MBK파트너스와 IMM PE에서 각각 '러브콜'이 오면 우리금융으로서는 주주의 눈치를 보지 않기가 어렵다. 특히 지금처럼 민감한 문제가 많이 걸려 있는 시기에는 더욱 그럴 수 있다. IMM PE와 짝지어 푸르덴셜생명을 인수할 경우, 향후 IMM PE와의 계약 조건 등에 관해 뒷말이 나올 수 있다. 한 금융사 관계자는 ""우리금융은 원래 MBK와 더 관계가 좋은 편인데 IMM 쪽과 같이 하기로 일단 결정한 것은 분명히 주주와의 관계 유지를 고려한 것으로 보인다""며 ""주주의 요청으로 특정 딜에서 지분 투자를 하는 것은 상당히 뒷말이 나올 수 있는 사안""이라고 지적했다. 만약 우리금융이 지분투자 없이 인수금융만 하겠다고 선을 그을 경우 IMM PE가 참여할 여력이 있는지도 관심사다. IMM PE는 최근 2조원 규모 펀드를 조성하고 있는데, 푸르덴셜생명의 거래가격이 2조원을 넘어갈 경우 적어도 6000억~7000억원 수준의 지분투자를 감행해야 한다. 못할 일은 아니지만 하나의 펀드에서 단행하기엔 대단히 부담스러운 수준이라는 게 PEF 관계자들의 평가다.한앤컴퍼니는 '다크호스'가 될 수 있다. 매수자문사조차 선임하지 않고 재무자문 겸 회계실사 역할로 삼일회계법인을 쓰면서 조용하게 딜을 준비하고 있지만 가격을 높게 써낼 수 있는 자금력도 있고 타이밍도 좋다.
한앤컴퍼니는 작년 롯데카드 인수전에서 처음 우선협상대상자로 뽑히고도 정치적인 문제에 휘말려 억울하게 MBK-우리금융 컨소시엄에 딜을 내준 이력이 있다. 전체 포트폴리오에서 금융사가 없어 이를 보완해야 할 필요성이 크다. 또 푸르덴셜생명은 연 500억원 가량의 배당을 꼬박꼬박 받을 수 있고 노동조합이 없는 것도 인수 측에는 장점으로 비칠 수 있다.
사모펀드 3사가 가장 견제하는 대상은 푸르덴셜생명이 매물로 나왔을 때부터 가장 강력한 인수후보로 꼽혀 온 KB금융이다. 전략적 투자자(SI)로서 상대적으로 약한 KB생명을 보강하기 위해 푸르덴셜생명이 필요하다는 평가를 받고 있다. 2017년 11월 한 차례 연임된 윤종규 KB금융 회장은 오는 11월 두 번째 연임 여부가 결정된다. 푸르덴셜생명 인수에 성공하면 재연임에 도움이 될 수 있지 않겠느냐는 이야기가 적잖이 흘러나온다.
최근 경영진 프리젠테이션에 KB금융이 참여하지 않았다는 보도가 나오기도 했지만 이는 사실이 아니다. 코로나19 사태로 당초 예정됐던 인원의 일부만 직접 참석하고 나머지는 컨퍼런스콜에 참여하는 형태로 진행된 것으로 알려졌다.
그러나 KB금융이 푸르덴셜생명을 갖기 위해 무조건 높은 값을 적어낼 지에 대해서는 다소 회의적인 시선이 존재한다. 회계사로 삼일회계법인에 근무한 경력이 있는 윤 회장이 '지르는' 것을 좋아하지 않는다는 이유에서다. 하지만 경쟁자인 PEF들에 푸르덴셜생명을 빼앗기지 않으려면 어쩔 수 없이 높은 값을 적어낼 수 밖에 없을 것이라는 관점도 여전하다. 대만계 푸본그룹이 본입찰에 참여할지, 참여 한다면 어느 정도 금액을 적어낼지도 흥미로운 부분이다. 푸본그룹은 1월16일 예비입찰에 참여했다가 1월말 가상 데이터룸(VDR) 실사를 앞두고 완주하지 않겠다는 뜻을 밝혔다. 그러나 한국경제신문이 푸본그룹에 '최근 한국 금융사 M&A마다 들어와 자료를 수집하지만 대부분 완주는 하지 않아 진짜 참여 의지가 있는지 시장에서 궁금해 하고 있다'는 내용의 질의를 한 뒤 약 1주일 후에 다시 인수전에 참여했다. 물론 해당 질의와 참여 결정 간의 관계는 불분명하다. 당시 푸본그룹은 약 1주일 가량 검토 끝에 '노 코멘트하기로 했다'는 답변만을 보내왔다.
지난 1월 예비입찰에서 후보들은 1조원대 후반~2조원대 중반 수준의 가격을 적어낸 것으로 알려졌다. 예비입찰 가격은 구속력이 없다. 본입찰에서 진짜 얼마를 적어내야 경쟁에서 승리하면서도 승자의 저주에 빠지지 않을지를 두고 후보들은 모두 회의를 거듭하며 고심하고 있다.
코로나19 사태로 전 세계 경제가 큰 타격을 받고 미국이 0.5%포인트 대폭 금리인하를 단행한 것이 가격에 영향을 줄 수도 있다. 이번 금리인하는 오랜 양적완화(QE)의 출구전략을 찾고 있던 세계 경제가 출구를 찾지 못하고 있으며 앞으로 오랜기간 찾기 어렵다는 신호다. 고객의 돈을 받아 운용해야 하는 보험사로서는 치명적인 악재다. 고령화와 함께 보험사 몸값이 낮아지는 요인 중 하나가 저금리였던 가운데, 저금리 시대를 끝낼 싹이 다시 꺾인 셈이기 때문이다. 미국 푸르덴셜 역시 지금 한국 법인을 매각해서 자금을 마련해야 하는 처지로 알려졌다. 그러나 인수 후보들 간의 경쟁이 격화된다면 금리인하가 푸르덴셜생명의 몸값에 미치는 영향은 크지 않을 수도 있다.
이번에 매각되는 대상인 푸르덴셜생명의 자산규모는 작년 9월말 기준 20조8132억원, 부채를 제외한 순자산(자본)은 3조1266억원이다. 2018년엔 2204억원 영업이익을 벌어들였다. 보험사 건전성의 주요 지표로 꼽히는 지급여력비율(RBC)은 515%로 업계 최상위다.
KB금융은 재무자문으로 JP모간을, MBK파트너스는 크레디트스위스(CS)를, IMM PE는 모건스탠리와 베인앤컴퍼니를 뽑았다. 한앤컴퍼니는 재무실사로 삼일PwC를 쓰고 있다. 법률자문은 세종을 선정한 MBK파트너스를 제외한 나머지 3곳이 모두 김앤장을 쓰기로 했다. 이상은/이동훈 기자 selee@hankyung.com▶ ▶
 ▶
ⓒ 한국경제 & , 무단전재 및 재배포 금지",/news/news_read.nhn?article_id=0004305771&office_id=015&mode=search&query=KB금융&page=1
,"[머니투데이 전혜영 기자, 박광범 기자] 신종 코로나 바이러스 감염증(코로나19) 여파로 해외 주요국을 비롯해 국내 증시가 폭락하는 가운데 은행과 보험 등 금융주 주가가 추락을 거듭하고 있다. ""주가를 확인하는 것이 무섭다""는 말이 나올 정도다. 금융주는 금리에 민감한 업종이라 금리 인하에 대한 우려가 반영되면서 다른 업종보다 낙폭이 더 큰 것으로 분석된다.국내 4대 금융지주 주가는 13일 오전 11시30분 기준(괄호안은 전날 기준 등락률) △신한지주 2만7250원(-6.36%) △KB금융 3만2050원(-4.19%) △하나금융 2만3400원(-6.21%) △우리금융 7640원(-7.06%) 등으로 폭락세를 피하지 못했다.주요 보험회사 주가도 역대 최저가를 갈아치우고 있다. 이날 오전 11시 40분 기준 삼성생명 주가는 4만4500원으로 전날보다 6.61% 하락했다. 개장 초에는 4만3000원까지 떨어져 역대 최저가를 갱신했다. 한화생명도 1145원에 거래돼 전일대비 6.53% 떨어졌다. 한화생명도 장중 1110원까지 떨어져 역대 최저가를 갈아치웠다.미래에셋생명과 동양생명도 각각 전날보다 8.93%, 11.7% 급락해 각각 3060원, 2340원을 기록하고 있다. 미래에셋생명과 동양생명도 이날 각각 3125원과 2370원까지 떨어지면서 역대 최저가를 새로 썼다. 손해보험사도 일제히 하락세다. △삼성화재 16만3000원(-6.86%) △현대해상 1만7700원(-6.1%) △DB손해보험 2만9800원(-8.31%) △메리츠화재 1만2300원(-7.52%) 등 하락폭이 커지고 있다. 금융사들은 최근 주가 방어를 위해 자사주 매입 등을 적극 시도해 왔다. 금융지주의 경우 손태승 회장을 비롯한 우리금융 경영진은 최근 들어 우리금융 1만1782주를 사들였다. 우리금융은 '완전 민영화'를 위해 상반기 중 정부의 잔여지분에 대한 매각을 시작할 예정이었으나 주가 급락으로 발등에 불이 떨어졌다. 김지완 BNK금융 회장도 지난 6일 2만1800주(1억3210만원 규모)의 자사주를 매수했다. 김태오 DGB금융 회장 역시 지난 4일 자사주 1만주(5453만원 규모)를 사들였다.보험사도 자사주 매입에 나섰지만 소용이 없는 상황이다. 롯데손해보험은 지난 2일 30억원 규모의 자사주를 매입해 우리사주조합에 출연키로 했다. DB손해보험은 약 306억원, 미래에셋생명은 약 185억원, 메리츠화재는 약 60억원가량의 자사주를 매입하기로 했다.보험업계 한 관계자는 ""자사주 매입을 비롯해 책임경영과 주가부양의 의지를 실천하고 있지만 소용이 없는 상태""라며 ""현재 대부분의 보험사가 PBR(주가순자산비율) 1배 미만으로 시가총액이 장부상 순자산가치(청산가치)에도 못 미칠 정도로 저평가돼 있다""고 말했다.
시중은행 관계자는 ""지금은 그냥 맞을 수밖에 없는 상황""이라며 ""솔직히 이번 코로나19 사태 국면이 진정되기까지 기다리는 것 이외에 어떤 해결책도 없어 보인다""고 토로했다.전혜영 기자 mfuture@mt.co.kr, 박광범 기자 socool@mt.co.kr
<저작권자 ⓒ '돈이 보이는 리얼타임 뉴스' 머니투데이, 무단전재 및 재배포 금지>",/news/news_read.nhn?article_id=0004375351&office_id=008&mode=search&query=KB금융&page=1
"4000억 규모 신규대출…1%p 우대보증재단 특별출연 4500억원 대출KB금융, 비상경영위원회 신설 운영","[서울=뉴시스] 박은비 기자 = KB국민은행은 신종 코로나바이러스 감염증(코로나19) 확산으로 피해를 입은 소상공인과 중소기업을 대상으로 8500억원 규모의 대출을 지원한다고 13일 밝혔다.먼저 코로나19 피해기업을 대상으로 4000억원 규모의 대출을 신규 지원한다. 긴급 운전자금이 필요한 기업은 피해규모 이내에서 최대 5억원 한도로 신규대출을 지원한다. 최대 1%포인트 우대금리가 적용된다.보증재단 특별출연으로 4500억원 규모의 대출 지원도 이뤄진다. 국민은행은 지역신용보증재단과 신용보증재단중앙회에 300억원을 특별출연했다. 코로나19로 피해를 입은 소상공인 등이 보증대출을 신청할 수 있으며, 거래실적에 따라 우대금리 혜택이 주어진다.특히 신용보증재단중앙회에 특별출연해 지원하는 450억원 상당의 보증서 대출은 업종 제한 없이 지원받을 수 있다. 대상은 대구, 경북, 충남 아산, 충북 진천, 경기 이천 소재 소상공인이다.코로나19 피해기업 중 수출입거래를 하는 기업에게는 수수료를 감면하고 환율도 우대한다. 수출환어음을 매입할 때 환가료율을 우대하고, 수출환어음 입금지연이재를 감면하는 방식이다. 수입신용장을 개설할 때도 인수 수수료율을 우대하고, 수입화물선취보증료율도 최대 3% 범위 내에서 우대한다. 이외에도 수출입 관련 해외송금을 하는 기업을 대상으로 송금수수료를 면제하고, 수출입업무와 해외송금을 취급할 때는는 최대 90% 환율을 우대한다.KB소호컨설팅센터는 피해 소상공인을 위한 종합 컨설팅을 제공한다. 센터는 국민은행 여의도허브(HUB)센터 등 전국 13곳에 마련됐다. 이번 코로나19 피해기업은 우선적으로 컨설팅을 받을 수 있고 보증한도 우대도 제공된다.대구·경북지역 고객들은 지난달 25일부터 비대면 채널 금융수수료가 전부 면제다. 인터넷·스타뱅킹·자동화기기 등을 이용할 때 수수료를 부담하지 않아도 된다. 국민은행 관계자는 ""앞으로 코로나19를 극복하기 위한 다양한 지원방안 등을 지속적으로 모색해 나갈 것""이라며 ""피해기업과 국민들이 빠른 시일 안에 정상화 되기를 바란다""고 말했다.한편 KB금융그룹은 그룹 차원에서 코로나19 대응방안을 논의하기 위해 지난달 24일 '비상경영위원회'를 신설했다. 윤종규 회장이 위원장을 맡고, 국민은행·KB증권·KB손해보험·국민카드 등 7개 계열사 대표와 지주 임원들이 참여한다. silverline@newsis.com<ⓒ 공감언론 뉴시스통신사. 무단전재-재배포 금지>",/news/news_read.nhn?article_id=0009755924&office_id=003&mode=search&query=KB금융&page=1
후순위채 이어 영구채 발행,"KB금융지주가 연이은 후순위채와 영구채(신종자본증권) 발행을 통해 자본을 불리고 있다. 업계 일각에선 매물로 나온 푸르덴셜생명을 인수하기 위한 사전 행보라는 관측이 나온다.KB금융은 13일 이사회를 열고 3000억원 규모 영구채를 발행하기로 결정했다. 지난달 4000억원어치 후순위채를 발행한 지 한 달 만에 다시 자본 확충에 나섰다. 영구채는 발행회사 결정에 따라 만기 연장이 가능해 회계상 자본으로 인정받는 채권이다.KB금융이 푸르덴셜생명 인수에 대비해 미리 자본을 쌓고 있다는 분석이 나온다. 푸르덴셜생명 인수 가격이 2조원대에 이르는 만큼 선제적으로 자본을 확충해 국제결제은행(BIS) 자기자본비율 관리에 나섰다는 해석이다.푸르덴셜생명 매각 본입찰은 오는 19일로 예정돼 있다. KB금융은 유력 인수 후보다. MBK파트너스, 한앤컴퍼니, IMM프라이빗에쿼티 등 사모펀드(PEF) 3개사와 경쟁하고 있다. 신한금융지주 역시 오렌지라이프와 아시아신탁을 인수한 지난해 영구채와 전환우선주(CPS) 등을 발행해 대규모 자본을 추가로 적립했다.금융당국의 건전성 규제가 강화된 것도 영향을 미치고 있다는 분석이다. 금융당국은 지난해 시스템적으로 중요한 은행지주회사(D-SIB)로 신한, KB, 하나, 농협, 우리금융지주를 지정했다. 이들 지주사는 올해 안에 BIS 자기자본비율을 1%포인트 더 높여야 한다. KB금융의 지난해 말 기준 BIS 비율은 14.5%, 보통주자본비율 13.6%다.김진성 기자 jskim1028@hankyung.com▶ ▶
 ▶
ⓒ 한국경제 & , 무단전재 및 재배포 금지",/news/news_read.nhn?article_id=0004306103&office_id=015&mode=search&query=KB금융&page=1
,"[서울경제] <유가 증권>▲=사우디아라비아 리야드 메트로 4호선 역사 건축물 내외장재 공급 및 설치공사 관련 계약금액 59억원으로 증액 및 계약기간 2020년 8월31일까지로 연장 ▲=안동현 신규 사외이사로 선임 ▲=주총일 3월30일로 변경 ▲=그레이스홀딩스로부터 의결권 행사 금지 가처분 소송 피소 ▲=성원개발과의 1,467억원 규모 아산시 배방읍 북수리 공동주책 신축공사 수주계약 해지 ▲=김동석 사외이사 재선임 ▲=고영창·이철수 사외이사 재선임 ▲=국내 무기명식 무보증·무담보 상각형 조건부 자본증권 3,000억원 발행 결정 ▲=자기주식 10만4,712주 10억원에 취득 결정 ▲=3,302억원 규모의 오시리아 관광단지 친환경 리조트1·2 신축공사 수주 ▲=자기주식 360만주를 87억원에 취득 결정 ▲=태윤익스프레스 주식 3만주를 15억원에 취득 결정 ▲=30억원 규모의 자기주식취득 신탁계약 결정 ▲=최정호·김성국 사외이사 재선임 ▲=버킷스튜디오로부터 의결권 위임 등 가처분 소송 피소 <13일><코스닥>▲=내부회계관리제도 비적정 사유 해소 등으로 투자주의 환기 종목 해제 ▲=110억원 규모의 주식담보대출 상환 ▲=채무상환에 따라 무보증전환사채 조기상환 청구소송 취하 및 미래아이앤지로부터의 소유권 이전 등기청구권 가압류 소송 취하 ▲=개선계획 이행 내역 1차 중간점검 관련 자료 제출 ▲=대전 동구 가오동 소재 토지 및 건물 313억원에 양도 결정 ▲·=관리종목 지정 사유 및 우려 발생 ▲=에이비바이오 합병 결정 ▲=김중기 사외이사 신규 선임 ▲=계열사 도이치오토월드에 대해 596억원 규모의 채무보증 결정 ▲=전환상환우선주 평가손실 15억원 발생 ▲=김호성 대표이사로 변경 ▲=인프라웨어 주식 245만주 61억원에 양수 결정 ▲=신현종 대표이사로 변경
<13일>/심우일기자 vita@sedaily.com저작권자 ⓒ 서울경제, 무단 전재 및 재배포 금지",/news/news_read.nhn?article_id=0003709428&office_id=011&mode=search&query=KB금융&page=1
