head,text,url
,"[머니투데이 반준환 기자, 김소연 기자, 김지산 기자] [KB, 신한, 우리, 하나, NH 등 두 펀드에 각 1조씩 출자]20조원 규모로 조성되는 증시안정펀드·채권안정펀드에 주요 금융지주회사들이 각 2조원씩 자금을 출자할 예정이다. 시장안정에 대한 공감대는 형성돼있지만 금융지주사가 아닌 개별 증권사들은 자금 여력 등의 문제로 참여를 망설이고 있어 세부 설정계획 등은 더 논의를 거쳐야 할 것으로 보인다. 21일 증권업계에 따르면 KB금융, 신한지주, 우리금융, 하나금융, NH농협금융지주 등과 전업 증권사들은 증시안정펀드·채권안정펀드 출자와 관련해 재무비율에 미치는 영향과 세부적인 운영방안을 검토하고 있다.공감대는 형성됐지만, 펀드 규모가 문제다. 금융당국은 총액을 더욱 늘려야 한다는 입장이다. 반면 금융기관들은 재무구조에 미치는 악영향과 부족한 자금 여력 때문에 고민이 크다. 앞서 금융위원회는 주식시장 안정을 위해 증시안정펀드와 채권안정펀드를 각 10조원씩 총 20조원 조성하겠다는 계획을 밝힌 바 있다. 우선 증시안정펀드는 증시가 회복될 때까지 한시적으로 운용하고 개별 종목 주가에 영향을 주지 않도록 시장 대표종목이나 지수상품에 투자하는 식으로 이뤄진다. 1990년 5월 주가 부양을 위해 4조원 규모로 조성한 '증시안정기금'과 비슷한 구조다. 증시안정기금은 상장기업의 출연으로 4조원의 자금을 단계적으로 조성, 주식을 사들였으며 1995년 6월 주식매입을 재개했었다. 시장개입 시 투자심리안정이라는 설립취지에 맞춰 시장 파급효과가 큰 종목들을 중심으로 지수관리에 주안점을 뒀다. 대형제조업주, 금융주, 국민주 등을 주로 매입대상으로 정했으며 미수 및 미상환매물 등 악성 매물을 소화해 침체증시에 숨통을 터놓기도 했다.2008년 11월에는 증시안정 공동펀드가 나왔는데 한국거래소(옛 증권선물거래소) 2500억원, 예탁결제원 2100억원, 금융투자협회(옛 증권업협회, 자산운용협회, 선물협회) 550억원 등 총 5150억원이 조성됐다. 2008년 11월 21일부터 총 5개월에 걸쳐 매월 1030억원씩 국공채 등 채권 20%와 주식 80%를 편입했다.이번 증시안정펀드는 10조원으로 과거보다 규모가 커졌고, 금융사들이 직접 참여한다는 점에 차이가 있다. 역시 10조원 규모로 조성되는 채권안정펀드는 증시안정펀드보다 다소 빠르게 가동될 전망이다. 금융권은 글로벌 금융위기 당시인 2008년 12월 공동으로 채권시장안정펀드를 가동한 바 있고, 이를 토대로 자금만 집행되면 즉시 가동이 가능하다는 지적이다. 당시 채권안정펀드는 당시 시장에 5조원을 지원한 바 있다. 은행과 보험을 비롯한 91개 금융기관이 출자했고, 한국은행이 각 금융기관 출자금액의 50%까지 환매조건부채권(RP)를 매입하는 방식 등으로 유동성을 지원했다. 지난 20일 금융위원회와 금융감독원, 8개 주요 은행장들은 간담회를 열고 기본 원칙과 출자규모를 논의한 바 있다. 은성수 금융위원장은 간담회 직후 ""채권시장안정펀드는 이미 약정이 돼 있기 때문에 작동까지 오래 걸리지 않을 것""이라며 ""펀드 규모는 더 늘렸으면 한다""고 말했다. 금융지주와 은행, 보험, 증권사 등은 증시안정펀드와 채권안정펀드의 효과를 긍정적으로 보고, 규모를 키우는 것이 바람직하다고 보면서도 현실적인 측면에선 다소 부담을 느끼는 분위기다. 반준환 기자 abcd@, 김소연 기자 nicksy@, 김지산 기자 san@mt.co.kr
<저작권자 ⓒ '돈이 보이는 리얼타임 뉴스' 머니투데이, 무단전재 및 재배포 금지>",/news/news_read.nhn?article_id=0004380730&office_id=008&mode=search&query=KB금융&page=1
,"'주가 반토막에 동전주까지...'주주총회를 앞둔 상장 생명보험사들의 고민이 깊어지고 있다. 이들 생보사들의 주가가 동전주 등으로 평가받으며 시장에서 급락하고 있는 데 따른 것이다. 소액주주 등이 주총장에서 주가 급락에 따른 책임 요구 등을 묻는 가능성도 배제할 수 없기 때문이다.22일 금융권에 따르면 오는 23일 한화생명을 시작으로 25일 미래에셋생명, 26일 동양생명 등의 주주총회가 열린다. 이들 생보사의 정기주총에서는 영업보고를 비롯해 감사보고, 내부회계관리제도 운영실태 보고 등이 논의될 예정이다.문제는 이들 보험사들의 주가가 큰 폭으로 급락했다는 점이다. 신종 코로나바이러스 감염증(코로나19) 등에 따른 전 세계 주식시장의 하락을 고려하더라도 하락폭이 크기 때문이다. 한화생명의 주식은 1000원 미만 주식을 뜻하는 '동전주'로 전락했다. 한화생명 주식은 지난 20일 958원으로 장을 마감했다. 전날보다 41원 올랐지만 지난해 3월 주가인 4000원과 비교해서는 76% 감소했다. 2017년 10월 7920원까지 오른 시점과 비교해서는 87% 하락했다. 미래에셋생명은 지난 20일 전날보다 140원 하락한 2510원으로 장을 마감했다. 이는 지난해 2월 5200원에 달했던 주식가격과 비교해서는 51.7% 감소해 주가가 반토막난 셈이다. 동양생명은 지난 20일 1705원을 기록해 전일보다 5원 떨어졌다. 그러나 지난해 3월 4595원과 비교해서는 62.8% 감소했으며, 한때 최고치를 경신했던 2016년 12700원과 비교해서는 86% 감소했다.이에 따라 소액주주 등이 주총장에서 경영진 책임 요구 등을 주장하는 변수도 배제하기 어렵다는 의견도 나오고 있다. 앞서 지난해 3월 열린 KB금융지주 주총에서는 주주들이 주가 하락에 따른 질타와 성토를 문제제기한 바 있다. 보험업계 관계자는 ""코로나19와 금리 인하 등에 따라 생보업계의 경영환경이 어려워지면서 다른 업권보다 큰 폭으로 하락한 것으로 보인다""면서 ""금융권에서 소액주주 등의 권리가 강화되면서 주가 하락에 대한 경영진 책임 요구를 묻는 사례가 종종 발생한 만큼, 주총 상황을 지켜볼 필요가 있다""고 설명했다.황병서기자 BShwang@dt.co.kr 디지털타임스
/",/news/news_read.nhn?article_id=0002589833&office_id=029&mode=search&query=KB금융&page=1
보험업종 시총 두달새 40조→20조바이오·제약은 감소율 -13% '최소',"[서울경제] ‘신종 코로나바이러스 감염증(코로나 19)’ 확산 우려가 커지면서 ‘언택트(비대면)’ 산업 관련 종목과 바이오·제약 업종이 최근 폭락 장에서 상대적으로 선방한 것으로 나타났다.
22일 한국거래소에 따르면 KRX 산업 분류별 지수를 기준으로 지난 1월 20일부터 이달 20일까지 시가총액이 가장 많이 줄어든 업종 지수는 보험업종인 것으로 나타났다. 보험업은 해당 기간 40조3,752억원에서 20조4,389억원으로 19조9,000억원 이상 시총이 줄어 감소율이 49.38%로 시총이 반 토막 났다. 뒤를 이어 기계장비(-44.35%), 증권(-42.27%), 건설(40.47%), 철강(-40.12%), 자동차(-39.86%), 은행(-38.45%) 순이었다. 감소액 기준으로는 시총 비중이 큰 와 가 포함된 정보기술업종이 두드러졌다. 정보기술업종의 시가총액은 27.16% 줄었지만, 감소액으로는 144조1,605억원이 사라진 것으로 나타났다. 이어 자동차(33조6,320억원), 에너지·화학(30조2,360억원), 경기소비재(27조5,091억원) 순이었다. 특히 은행업종은 KB금융, 신한금융지주 등 9개 은행으로만 구성돼 있지만 시총 감소액은 26조6,337억원으로 다섯 번째로 많았다. 금리 인하의 직격탄을 맞으며 가장 충격이 컸다는 분석이다. 반면 코로나 19로 인해 성장이 예상되는 ‘언택트’ 업종은 상대적으로 선전했다. 미디어·엔터업종의 시총 감소율은 -16.71%였으며 백신과 치료제 개발에 대한 기대감이 반영된 헬스케어 업종의 시총 감소율은 -13.52%로 전체 업종 중 가장 좋은 성적을 기록했다. 김다미 신한금융투자 연구원은 “사회적 거리 두기가 기본 에티켓이 되면서 비대면 소비가 중요한 화두로 떠올랐다”며 “이런 소비문화는 국내뿐만 아니라 세계적 추세가 될 것”이라고 분석했다. /박성호기자 junpark@sedaily.com저작권자 ⓒ 서울경제, 무단 전재 및 재배포 금지",/news/news_read.nhn?article_id=0003713283&office_id=011&mode=search&query=KB금융&page=1
,"'주가 반토막에 동전주까지 ….'주주총회를 앞둔 상장 생명보험사들이 주가하락에 울상이다. 반토막은 물론이고, 1주가가 1000원 미만으로 소위 '동전주'까지 등장했다. 주총에서 주가 하락에 대한 소액주주들의 불만이 쏟아질 공산이 배로 커진 상황이다. 22일 금융권에 따르면 오는 23일 한화생명을 시작으로 25일 미래에셋생명, 26일 동양생명 등의 주주총회가 열린다. 정기주총에서는 영업보고를 비롯해 감사보고, 내부회계관리제도 운영실태 보고 등이 논의될 예정이다.생보사들 주총은 벌써부터 긴장이 감돈다. 주주들의 재산인 주가가 반토막이 났기 때문이다. 신종 코로나바이러스 감염증(코로나19) 영향을 감안해도 하락폭이 크다. 한화생명의 주식은 지난 20일 958원으로 장을 마감했다. 세칭 동전으로 사야 하는 '동전주'가 됐다. 전날보다 41원 올랐지만 지난해 3월 주가인 4000원과 비교해서는 76% 감소했다. 2017년 10월 7920원까지 오른 시점과 비교해서는 87% 하락했다. 미래에셋생명은 지난 20일 전날보다 140원 하락한 2510원으로 장을 마감했다. 이는 지난해 2월 5200원에 달했던 주식가격과 비교해 51.7%나 감소한 것이다. 말 그대로 반토막 난 셈이다. 동양생명은 지난 20일 1705원을 기록해 전일보다 5원 떨어졌다. 그러나 지난해 3월 4595원과 비교해서는 62.8% 감소했다. 한때 최고치를 경신했던 2016년 12700원과 비교해서는 86% 감소했다.이에 따라 주총장에서 소액주주 등이 경영진에게 책임 추궁하는 모습도 예견된다. 앞서 지난해 3월 열린 KB금융지주 주총에서는 주주들이 주가 하락에 따른 질타와 성토를 문제제기한 바 있다. 보험업계 관계자는 ""코로나19와 금리 인하 등에 따라 생보업계의 경영환경이 어려워지면서 다른 업권보다 큰 폭으로 하락한 것으로 보인다""고 말했다. 또 다른 관계자는 ""금융권에서 소액주주 등의 권리가 강화되는 추세""라면서 ""이번 주총에서
주가 하락에 대한 경영진 책임 요구를 묻는 모습이 등장할 수 있다""고 밝혔다. 황병서기자 BShwang@ 디지털타임스
/",/news/news_read.nhn?article_id=0002589873&office_id=029&mode=search&query=KB금융&page=1
,"신종 코로나바이러스 감염증(코로나19) 사태가 언제 진정될지, 또 그 여파를 짐작조차 할 수 없는 상황으로 치달으면서 재계가 비상경영체제 전환을 서두르고 있다. 재계는 세계 주요시장에 동시 충격을 준 코로나19가 야기할 경제위기 가능성까지 염두에 두고 대책 마련에 부심하는 모습이다.
22일 재계에 따르면 주요 기업들은 코로나19가 팬데믹(세계적 대유행) 상황에 글로벌 사업장들의 ‘셧다운’(가동 중단)이 잇따르고 기업어음(CP) 시장의 신용경색 우려가 불거지면서 복합위기에 대응하는 비상경영체제를 가동하고 있다.

 지난달 24일 울산시 북구 현대자동차 울산공장 명촌정문에서 오전 출근조 근로자들이 퇴근하고 있다. 뉴스1

현대·기아차는 23일부터 자율 재택근무를 중단한다. 지난달 27일부터 자택근무를 시작했지만, 현재의 상황이 적시성과 효율성이 떨어질 수 있는 비대면 근무 시스템으로 대응하기 어렵다는 판단에 따른 조치로 보인다.
현대·기아차는 코로나19 초기부터 종합상황실을 운영해왔다. 초기에는 중국발 부품 공급망 중심으로 대응했지만, 최근에는 미주와 유럽까지 권역별 상황을 파악해 신속 대응해야 하는 실정이다. 현대차와 기아차는 미국의 앨라배마와 조지아 공장의 생산을 18일부터 중단했으며, 체코 공장과 슬로바키아 공장은 23일부터 2주 동안 문을 닫는다.

한국의 효자 수출품목인 반도체의 유럽과 미국 등지의 공급망도 위태롭긴 마찬가지다. 미국과 유럽의 반도체 장비 공장 중 일부가 가동을 중단했거나, 순환 재택근무를 실시 중이라 안정적인 공급에 빨간불이 켜진 것이다. 시장조사업체 IDC는 최악의 시나리오에서 올해 글로벌 반도체 시장이 작년 대비 12% 이상 쪼그라들 것으로 예측했고, 역성장 확률은 80%에 달한다고 봤다.
CP와 회사채 시장을 중심으로 한 신용경색 우려도 걱정이다. 실제 포스코그룹의 신용등급 ‘AA-’ 우량 계열사인 포스파워가 지난 17일 기관투자자를 대상으로 진행한 수요예측에서 발행 목표액을 채우지 못하는 사례가 발생했다.

 이재용 삼성전자 부회장이 19일 충남 아산 삼성디스플레이 아산사업장에서 제품을 살펴보고 있다. 뉴스1

주요 그룹 총수도 속속 위기 대응 전면에 나서고 있다. 이재용 삼성전자 부회장은 19일 삼성디스플레이 아산사업장을 방문해 디스플레이 사업을 점검했다. 앞서 이 부회장은 3일 경북 구미사업장을 찾아 스마트폰 생산라인을 점검하는 등 2주 동안 두 차례 현장경영에 나섰다.
최태원 SK그룹 회장은 이번 주 초반 주요 계열사들이 참여하는 경영회의를 준비시킨 것으로 전해졌다. 전반적인 경영현황을 점검하는 자리로 알려졌다. SK의 주력 계열사인 SK이노베이션은 원유 정제마진이 마이너스로 돌아섰다. 국제유가 폭락에 따라 재고자산 평가손실도 커지고 있다. 배터리 부문도 글로벌 완성차업체들의 전기차 생산 차질, 수요 감소 등으로 여건이 녹록지 않다.
코로나19의 ‘불확실성’은 재계가 효과적인 대응책을 적기에 마련할 수 없게 만드는 한계다. 단기에 끝나 시장 영향이 제한적이었던 메르스(중동호흡기증후군) 등 과거 감염병과는 궤를 달리하고 있다. 재계 관계자는 “코로나19가 세계 전역으로 빠르게 확산하고 있고, 언제 진정될지 짐작조차 힘들다”며 “상황이 진정된다고 하더라도 그 영향이 과거 어느 때보다 크고, 자칫 주요국의 경기침체로 전이될 수 있다”고 말했다.
금융권도 초비상이다. 신한금융그룹은 코로나19 사태가 안정될 때까지 그룹 차원의 종합상황브리핑 회의를 운영하기로 했다. KB금융은 현시점에서 경영계획을 수정하는 작업을 진행하고 있지 않지만 주요 지표를 중심으로 경기와 금융시장을 매일 모니터링하고 있다. 우리금융은 그룹 위기관리 컨트롤타워인 비상경영대책위원회를 신설했다.
 나기천·조현일·김준영 기자 na@segye.comⓒ 세상을 보는 눈,",/news/news_read.nhn?article_id=0003449390&office_id=022&mode=search&query=KB금융&page=1
