head,text,url
'코로나 리스크'에 따른 생산차질 여전…미국·인도 신차 효과 기대,"기아자동차가 코로나19 사태로 인한 판매 타격을 당분간 미국, 인도 등 해외에서 만회할 전망이다. 여전한 텔루라이드 인기와 인도에서 출시되는 카니발 신차 효과 등으로 코로나19 리스크를 최소화하는 데 주력할 것으로 보인다.4일 업계에 따르면 기아차는 코로나19 여파로 인한 생산량 감소로 2월 글로벌 시장에서 18만7844대를 판매했다. 전년 동월 보다 5.0% 감소한 수치다. 2월 누계 대비로는 0.6% 떨어졌다.기아차가 내수 성적 만회를 위해 특근 계획을 마련했고, 글로벌 전체적으로도 판매 감소폭이 0.6%에 불과해 타격은 아직까지 크지 않은 것으로 보인다.문제는 아직까지 코로나19가 '현재진행형'이라는 데 있다. 코로나19 여파로 중국에서 들여오는 부품 수급이 늦어지거나 확진자 발생으로 공장 가동이 수시로 중단된 점을 감안하면 '코로나 리스크'는 3~4월에도 유효할 것이라는 전망이다.더욱이 현대·기아차의 숙제로 손꼽히는 중국 시장은 코로나19로 인한 물류 장애, 소비심리 위축으로 판매가 뚝 떨어진 것으로 알려지면서 부진 만회를 위한 기아차의 고심이 깊어질 것으로 보인다.여기에 국제 모터쇼가 줄줄이 취소 또는 연기되거나 온라인쇼로 대체되는 추세로, 신차 마케팅에 적잖은 제약이 생길 것이라는 관측도 있다.이항구 산업연구원 선임연구위원은 ""전체 글로벌 판매가 지난해 보다 2.5% 줄어들 것이라는 전망이 나오면서 현대·기아차를 비롯한 완성차업체들의 타격이 예상된다""고 진단했다.이어 ""코로나19 여파로 국제 모터쇼가 온라인으로 전환되고 완성차들도 온라인 판매를 고심하는 상황에서 소비자들이 얼마나 신차를 구매할지는 미지수""라고 덧붙였다.이에 기아차는 쏘렌토, 카니발 등 올해 신차 계획이 있는 만큼 상반기엔 최대한 공장 가동을 정상화하면서 상대적으로 수요가 높은 미국, 인도 공략에 매진할 것으로 보인다.텔루라이드는 한달 평균 5000대 이상 팔릴 만큼 미국 시장에서 여전한 인기를 구가하고 있다. 아울러 인도에선 셀토스에 이어 현지 전략형 레저용차량(RV) 모델 2종을 출시해 수요 견인에 나설 방침이다.앞서 기아차는 지난달 초프리미엄 MPV '카니발'을 런칭한 데 이어 하반기엔 소형 엔트리 SUV인 '쏘넷'을 출시할 예정이다. 셀토스의 성공으로 인도 시장 내에서 입지를 다진 만큼 올해 RV 신차 2종도 흥행을 기대하고 있다.업계 관계자는 ""기아차는 내수 시장에서는 쏘렌토 등 신차 출시 효과로 내수 판매 회복에 나서는 한편 미국에선 텔루라이드, 인도에선 카니발로 골든사이클을 이어갈 것으로 보인다""면서도 ""코로나19 여파가 아직까지 진행중이고 글로벌 판매 위축이 불가피해진만큼 하반기 기아차가 회복세로 반등할지는 지켜봐야 한다""고 말했다.데일리안 조인영 기자 (ciy8100@dailian.co.kr)ⓒ (주)데일리안 - 무단전재, 변형, 무단배포 금지",/news/news_read.nhn?article_id=0002386625&office_id=119&mode=search&query=기아차&page=2
,"[서울신문]르노삼성자동차가 3일 경영 정상화를 위한 야심작 ‘XM3’를 출시했다. 코로나19 확산으로 대대적인 신차 발표회는 취소한 대신 소규모 행사를 열고 실물과 제원·가격 등을 공개했다.XM3는 스포츠유틸리티차(SUV)와 세단의 장점을 섞은 크로스오버유틸리티차(CUV)다. 준중형 SUV 현대차 투싼, 기아차 스포티지보다 몸집은 더 크면서 가격은 소형 SUV보다 저렴해 상품성이 뛰어나다는 평가를 받고 있다.XM3에는 프랑스 르노와 독일의 다임러가 공동 개발한 신형 4기통 1.3ℓ 가솔린 직분사 터보 엔진(TCe 260)이 장착됐다. 독일 게트락의 7단 습식 듀얼클러치 변속기와 어우러져 최고출력 152마력, 최대토크 26.0㎏·m의 성능을 낸다. 복합연비는 13.7㎞/ℓ다.판매가격은 개별소비세율이 이달부터 6월까지 한시적으로 5%에서 1.5%로 낮아지면서 92만~163만원 더 할인된 2083만~2532만원으로 책정됐다. 어댑티브 크루즈 컨트롤(ACC) 등 각종 첨단기능이 부족함 없이 탑재됐을 뿐만 아니라 미세먼지를 걸러 주는 센서와 KT와 제휴한 차량 원격 제어기능도 르노삼성차 최초로 적용됐다.이영준 기자 the@seoul.co.kr▶
▶
▶ⓒ 서울신문(www.seoul.co.kr), 무단전재 및 재배포금지",/news/news_read.nhn?article_id=0003070578&office_id=081&mode=search&query=기아차&page=2
"신차효과 꺾일까 노심초사…완성차 업체 고심↑""글로벌 확산 시 부품 수급 차질 우려도""","(서울=뉴스1) 조재현 기자 = 신종 코로나바이러스 감염증(코로나19)이 국내 완성차 업계에 타격을 주고 있다. 중국산 부품 수급 차질에 따른 생산 중단과 얼어붙은 소비 심리로 인해 지난달 국내 완성차 5개사의 내수 판매량은 20% 이상 급감했다. 앞으로가 더 문제다. 정부가 긴급하게 개별소비세 인하 등의 조치를 내놓았으나 코로나19 확산세에 따라 수요 회복을 장담하기 어렵다. 당장 최소 1~2개월은 실적 반등이 쉽지 않다는 전망도 나온다. 완성차 업체들은 신차효과가 꺾이지 않을까 노심초사하고 있다.4일 업계에 따르면 현대·기아차를 비롯한 국내 5개 완성차 업체의 2월 내수 판매량은 총 8만1722대로 지난해 2월 대비 21.7% 감소했다. 글로벌 금융위기 직후인 2009년 1월(7만3537대) 이후 최저다. '쇼크'에 가깝다.최근 들어 국내에서 매일 수백명의 확진자가 발생하는 등 코로나19 확산세가 진정되지 않고 있어 판매 부진을 우려하는 목소리가 크다. 문제는 국내 완성차 업계가 올해 20여 종에 가까운 신차 출시를 계획하고 있다는 점이다.기아차의 경우 지난달 사전계약에 돌입한 신형 쏘렌토를 이달 출시할 예정이지만, 정확한 판매 개시일을 정하지 못하고 있다. 야심 차게 공개한 하이브리드 모델의 친환경차 인증 오류에 이어 코로나19 사태마저 겹친 탓이다. 이달 중으로 예정됐던 제네시스 G80 및 현대차 신형 아반떼의 출시도 늦춰질 가능성이 제기된다. 이렇게 되면 싼타페 등 상반기로 계획된 후속 차량들의 출시 일정도 영향을 받게 된다. 현대·기아차가 지난해에 이어 올해도 V자 반등세를 이어가려면 스포츠유틸리티차(SUV), 제네시스 브랜드의 활약이 중요한데, 연초부터 어려움을 겪고 있는 것이다.증권업계에서는 코로나19에 따른 수요 부진이 2분기까지 이어질 것이란 예측을 내놓고 있다. 휴업 등을 고려한 1분기 현대차의 영업이익 감소규모는 2000억원을 웃돌 것으로 추정된다.인기 차종인 팰리세이드, GV80 등을 생산하는 현대차 울산2공장은 중국산 부품인 '와이어링 하니스' 부족으로 지난달 수차례 생산 라인을 세웠다. 같은 달 28일엔 코로나19 확진자가 나오면서 또 다시 휴업에 들어가기도 했다. 이에 따라 지난달 팰리세이드 판매량은 2618대로 전월(5173대) 대비 49.4%나 감소했다. 누적 계약 건수가 2만대에 육박한 것으로 알려진 GV80 역시 1176대 판매하는 데 그쳤다.
수직적인 국내 자동차산업 구조상 완성차 업체의 판매 부진 여파는 고스란히 협력사들로 이어질 수 있다. 제네바모터쇼가 개막 3일 전 취소되는 등 코로나19는 글로벌 완성차 업계 전반에 악영향을 끼치고 있다. 이탈리아 등 유럽에서는 코로나19 확진자가 증가하는 추세인데, 유럽 등지에 공장을 갖춘 글로벌 협력사가 조업을 멈춘다면 국내 완성차 업계의 생산 일정도 차질을 빚는다. 이항구 산업연구원 선임연구위원은 ""제네바모터쇼에 참가하려던 업체들이 온라인 홍보를 펼친다고 하는데, 한계가 있을 것""이라며 ""국내 완성차 업계의 신차 효과도 불투명한 상황""이라고 말했다.이어 ""유럽도 코로나19 여파에 촉각을 곤두세우고 있는데, 일부 외국계 브랜드들은 만일의 사태에 대비 부품 공급처 다변화를 시도하고 있다""고 덧붙였다.cho84@news1.kr© 뉴스1코리아(), 무단 전재 및 재배포 금지",/news/news_read.nhn?article_id=0004499964&office_id=421&mode=search&query=기아차&page=2
,"[머니투데이 우경희 기자, 이건희 기자] #1. 서울 강북의 현대차 판매점에서 10년 넘게 딜러로 일한 A씨. 다른 판매점 근무 경험까지 합치면 경력 20년이 넘는 베테랑 영업사원이지만 요즘처럼 매장을 찾는 사람이 드문 경우를 보지 못했다.
휴일인 지난 1일 A씨는 딜러로서는 처음으로 황당한 경험을 했다. 오전 9시부터 오후 8시까지 11시간동안 전시장을 지켰지만 단 한 명의 고객도 매장을 찾지 않은 것이다. 6차선 대로변의 매장인데다 지하철역도 가까워 코로나19(COVID-19) 사태 이전에는 주말에만 20여명에 달하는 고객이 판매점을 찾았다. A씨는 ""지난해 연말만해도 혼자서 근무하기가 벅찰 정도로 주말 손님이 제법 많았는데 최근에는 단 한 명도 찾지 않거나, 두 세 명 방문하는 수준""이라고 밝혔다. #2. 기아차 대리점 딜러 B씨는 요즘 핸드폰 알람음을 수시로 점검하는 습관이 생겼다. 예전 같으면 30분이 멀다 않고 핸드폰이 울렸지만 2월 중순 이후 손님들의 문의 전화가 사실상 끊겼기 때문이다. B씨는 휴대폰 알람음을 체크하며 울리지 않는 휴대폰만 들여다볼 때가 많다.
B씨는 ""2월 중순 전 계약을 마친 물량 외에는 현재 신차 판매가 끊겼다고 보면 된다""며 ""영업사원마다 차이가 있겠지만 올 들어 판매 실적은 지난해 절반 수준에도 미치지 못할 것""이라고 밝혔다. 더 큰 문제는 B씨의 판매점이 강남에서도 노른자위 입지로 인근 4~5곳 판매점의 상황이 다르지 않다는 데 있다. 3일 관련 업계에 따르면 내수 경기의 '현주소'로 불리는 자동차 판매시장이 급격히 얼어붙고 있다. 대면 영업을 해야 하는 판매 특성 상 코로나 발 영업 타격이 자동차 업계에 더 심각하기 때문이다.


판매 급감은 이미 수치로 드러났다. 국내 완성차 5개사의 국내 자동차 판매량은 지난달 9만대 지지선이 무너졌다. 올해 2월 판매량은 8만1722대로 지난해 같은 달 대비 21.7%(2만2585대) 급감했다. 국내 1위 현대차 판매가 26.4%나 줄었고, 기아차도 13.7% 감소했다. 쌍용차(-32.7%)와 르노삼성(-25.4%), 한국GM(-3.8%)도 마이너스 성장을 면치 못했다. 코로나19로 인한 생산 차질과 수요 위축이 동시에 판매량에 악영향을 끼쳤기 때문이다. 이들 5개사는 지난달 코로나19에 따른 중국발 부품난 탓에 짧게는 이틀에서 길게는 열흘 넘게 공장을 멈춰야 했다. 이후 생산을 재개하고 마케팅도 정상화했지만 차갑게 식은 소비심리는 아직 되살리지 못하고 있다.
 이러다간 연간 판매실적에도 영향을 줄 수 있다는 위기감으로 업계는 속속 할인 경쟁 승부수를 띄우고 있다. 현대차가 쏘나타와 아반떼 등 주요 차종 1만1000대를 최대 7% 할인하는 한편 제네시스 G80은 100만원 할인에 나섰다. GM과 쌍용차도 무이자 할부와 보증 확대 등 판매 유인책을 내놓고 있다. 이번 코로나발 판매부진이 아예 자동차 판매 채널을 송두리째 바꿀
수 있다는 관측도 나온다. 소비자들이 외출 자체를 극도로 꺼리는 분위기여서 업체들은 소비자 접촉점을 온라인과 홈쇼핑 같은 '비대면' 채널로 급격히 돌리고 있다.고육지책이지만 서서히 효과도 나타나고 있다. 지난달 BMW가 온라인으로만 판매한 'M5 컴페티션 35주년 에디션'은 출시 2주도 안 돼 15대가 팔렸다. 지프도 비대면 구매를 독려하는 차원에서 온라인이나 전화로 차를 사면 최대 50만원을 추가 할인해주기로 했다. 르노삼성은 출시를 앞둔 신차 XM3 사전 계약에서 온라인 판매 효과를 쏠쏠하게 봤다. 르노삼성 관계자는 ""4000대가 넘는 전체 사전계약 물량 중 온라인 계약 비중이 20%에 달해 상당히 고무적이다""고 밝혔다. 우경희 기자 cheerup@mt.co.kr, 이건희 기자 kunheelee@mt.co.kr
<저작권자 ⓒ '돈이 보이는 리얼타임 뉴스' 머니투데이, 무단전재 및 재배포 금지>",/news/news_read.nhn?article_id=0004368937&office_id=008&mode=search&query=기아차&page=2
,"[머니투데이 우경희 기자, 이정혁 기자] #1. 서울 강북의 현대차 판매점에서 10년 넘게 딜러로 일한 A씨. 다른 판매점 근무 경험까지 합치면 경력 20년이 넘는 베테랑 영업사원이지만 요즘처럼 매장을 찾는 사람이 드문 경우를 보지 못했다. 휴일인 지난 1일 A씨는 딜러로서는 처음으로 황당한 경험을 했다. 오전 9시부터 오후 8시까지 11시간동안 전시장을 지켰지만 단 한 명의 고객도 매장을 찾지 않은 것이다.6차선 대로변 매장인데다 지하철역도 가까워 코로나19(COVID-19) 사태 이전에는 주말에만 20여명에 달하는 고객이 판매점을 찾았다. A씨는 ""지난해 연말만해도 혼자서 근무하기가 벅찰 정도로 주말 손님이 제법 많았는데 최근에는 단 한 명도 찾지 않거나, 두 세 명 방문하는 수준""이라고 밝혔다.#2. 3일 오후 서울 강서구 아파트 밀집지역의 한 대형 가전제품 양판점. 외벽에 걸어놓은 '3월 결혼·이사·아파트 입주 빅 이벤트'라는 초대형 현수막이 무색할 정도로 1~4층 전 매장에 손님이 거의 없었다. 그나마 소형가전 매장에 서너 명 손님들이 전부였다.올해 신제품 에어컨으로 '라인 업'을 싹 바꾼 에어컨 매장도 썰렁하기는 마찬가지였다. 여름 성수기에 구입하는 것보다 가격 할인 혜택이 많지만 구경하는 손님조차 한 명도 없었다. 각층 직원용 상담 테이블에는 올해 백색가전 신제품 브로셔만 덩그러니 놓여 있었을 뿐 30여분을 기다려봐도 상담 장면은 볼 수 없었다. 이날 오후 내내 고객 전용 주차장은 텅 비었다. 매장 직원은 ""2주 전부터 손님들이 눈에 띄게 준 것을 실감한다""며 ""사실상 개점 휴업 상태""라고 귀띔했다.3일 관련 업계에 따르면 내수 경기의 '현주소'로 불리는 자동차와 백색가전 판매시장이 급격히 얼어붙고 있다. 이들 업종은 '대면 영업'을 주로 하는 특성 상 코로나 발 판매 타격이 더 심각한 것으로 알려졌다. 자동차 판매 급감은 이미 수치로 드러났다. 국내 완성차 5개사의 국내 자동차 판매량은 지난달 9만대 지지선이 무너졌다. 올해 2월 판매량은 8만1722대로 지난해 같은 달 대비 21.7%(2만2585대) 급감했다. 국내 1위 현대차 판매가 26.4%나 줄었고, 기아차도 13.7% 감소했다. 쌍용차(-32.7%)와 르노삼성(-25.4%), 한국GM(-3.8%)도 마이너스 성장을 면치 못했다.백색가전 시장도 직격탄을 맞고 있다. 시장조사업체 GFK에 따르면 지난해 상반기 가전 시장 규모는 8조2000억원으로 전년대비 5% 성장했지만 올해는 코로나 사태로 성장세를 장담하기 힘들다. 특히 결혼·이사철이 겹친 3월에는 가전 판매 예약이 늘어야 하지만 손님들이 매장 방문 자체를 꺼려 타격이 크다. 가전 업체들은 이대로라면 상반기 전체 매출 감소가 심각할 수 있다고 우려했다. 가전업계 관계자는 ""오프라인 매장 중심인 백색가전 판매는 아무래도 타격이 더 클 수밖에 없다""며 ""코로나19 사태가 종식되기만을 바랄 뿐""이라고 밝혔다.그러나 결혼식과 이사 등을 줄줄이 연기하는 사람들이 많아 판매 회복은 당분간 쉽지 않다는 관측이다. 일부에서는 2~3월에 역대 최악의 판매 실적이 나올 것이라는 목소리도 들린다.이러다간 연간 판매실적에 악영향을 미칠 수 있다는 위기감으로 자동차 업계는 할인 마케팅도 하고 있다. 현대차가 쏘나타와 아반떼 등 주요 차종 1만1000대를 최대 7% 할인하는 한편 제네시스 G80은 100만원을 깎아준다. GM과 쌍용차도 무이자 할부와 보증 확대 등 판매 유인책을 내놓고 있다.이번 코로나발 판매부진이 아예 자동차 판매 채널을 송두리째 바꿀 수 있다는 관측도 나온다. 소비자들이 외출 자체를 극도로 꺼리는 분위기여서 소비자 접촉점을 온라인과 홈쇼핑 같은 '비대면' 채널로 급속히 돌리고 있다.지난달 BMW가 온라인에서만 판매한 'M5 컴페티션 35주년 에디션'은 출시 2주만에 15대가 팔렸다. 르노삼성도 출시를 앞둔 신차 XM3 사전 계약에서 4000대가 넘는 계약 물량 중 온라인 계약이 20%에 달한다. 삼성전자와 LG전자도 건조기와 공기청정기, 의류관리기 등 주력 가전 제품들의 온라인 판매를 한결 강화하고 있다. 이들 업체는 온라인 판매량을 공개하지 않았지만 코로나19 사태 이후 온라인 판매량이 상당부분 증가했다는 후문이다. 전문가들은 그러나 이 같은 온라인 판매 증가가 전체 판매 부진을 만회하기에는 역부족이라고 지적했다. 우경희 기자 cheerup@mt.co.kr, 이정혁 기자 utopia@mt.co.kr
<저작권자 ⓒ '돈이 보이는 리얼타임 뉴스' 머니투데이, 무단전재 및 재배포 금지>",/news/news_read.nhn?article_id=0004368950&office_id=008&mode=search&query=기아차&page=2
,"기아자동차는 개인 사업자 고객의 부담을 경감하고 소비 활성화에 기여하고자 '개인 사업자 지원 구매 프로그램'을 출시했다고 4일 밝혔다.'개인 사업자 지원 구매 프로그램'은 개인 사업자 비중이 높은 대표 차종을 대상으로 ▲초기 6개월 월 납입금 無 ▲기프트카드 증정 등 다양한 혜택을 제공하는 구매 프로그램이다.구체적으로 3월 중 모닝, 레이, 카니발, 봉고 1톤을 출고하는 개인 사업자 고객이 이번 구매 프로그램(자유형 할부 기반)을 이용할 시 총 36개월의 할부 기간 중 ▲구입 후 초기 6개월 동안은 월 납입금 없이 차량을 이용할 수 있으며 ▲실제 할부 원금은 6개월 이후부터 30개월 동안 4.0%의 특별 금리로 상환할 수 있다. 예시로 신차 가격이 1,350만 원인 '모닝 럭셔리 트림'을 구매할 경우, 후기 30개월 동안만 월마다 약 42만 원을 납입하면 돼 결과적으로 약 45만 원의 이자 혜택을 누릴 수 있다. 또한 이번 구매 프로그램은 선수율 제한 없이 이용이 가능하며, 고객의 경제 상황에 맞게 언제라도 할부금을 상환할 수 있도록 중도 상환 수수료가 면제된다. 이 밖에도 이번 구매 프로그램 이용 고객 전원에겐 기아차가 소비 활성화 지원을 위해 준비한 20만 원 상당의 기프트 카드가 제공된다.기아차 관계자는 ""최근 침체된 경기 상황에서 개인 사업자 고객분들의 부담을 최소화하고자 개인 사업자 지원 구매 프로그램을 출시하게 됐다""며 ""위축된 소비 심리 회복에 기여하는 기아차가 되겠다""고 말했다.이정혁 기자 jjangga@sportschosun.com- Copyrightsⓒ , 무단 전재 및 재배포 금지",/news/news_read.nhn?article_id=0003537950&office_id=076&mode=search&query=기아차&page=2
,"[머니투데이 유영호 기자]
기아자동차가 모닝, 레이, 카니발, 봉고(1톤) 등의 차종을 출고하는 개인사업자에게 할부납입금 유예 등의 혜택을 제공하는 ‘개인 사업자 지원 구매 프로그램’을 출시했다고 4일 밝혔다. 개인 사업자 고객 부담을 경감하고 내수 활성화에 기여하기 위한 이 프로그램은 3월 중
모닝, 레이, 카니발, 봉고 1톤을 구매하는 개인사업자에게 △초기 6개월 월 납입금 유예 △기프트카드 증정 등 혜택을 제공한다.구체적으로 개인사업자가 이 프로그램(자유형 할부 기반)을 이용할 시 36개월 할부 기간 가운데 구입 후 초기 6개월 동안은 월 납입금 없이 차량을 이용할 수 있다. 실제 할부 원금은 6개월 이후부터 30개월 동안 저렴한 특별금리(4.0%)를 적용받는다. 자유형 할부 정상 금리는 36개월 기준 5.0%인데 1.0%포인트를 낮춘 것이다. 예를 들어 신차 가격이 1350만 원인 ‘모닝 럭셔리 트림’을 구매할 경우 6개월간 월 납입금 상환을 유예받은 뒤 남은 30개월 동안 매달 약 42만 원(선수금 10% 기준)을 납입하면 된다. 약 45만 원의 이자 혜택을 누릴 수 있는 셈이다. 이 프로그램은 선수율 제한 없이 이용이 가능하며 고객의 경제 상황에 맞게 언제라도 할부금을 상환할 수 있도록 중도 상환 수수료가 면제된다.기아차는 내수 활성화를 위해 이 프로그램 이용 고객 전원에게 20만 원 상당의 기프트 카드를 제공할 계획이다.기아차 관계자는 “최근 침체된 경기 상황에서 개인 사업자 고객분들의 부담을 최소화하고자 개인 사업자 지원 구매 프로그램을 출시하게 됐다”며 “위축된 소비 심리 회복에 기여하는 기아차가 되겠다”고 말했다.유영호 기자 yhryu@mt.co.kr
<저작권자 ⓒ '돈이 보이는 리얼타임 뉴스' 머니투데이, 무단전재 및 재배포 금지>",/news/news_read.nhn?article_id=0004369035&office_id=008&mode=search&query=기아차&page=2
,"[아시아경제 성기호 기자] 신종 코로나바이러스감염증(코로나19)로 개인 사업자들이 큰 타격을 입은 가운데 기아자동차가 '개인 사업자 지원 구매 프로그램'을 출시했다고 4일 밝혔다.‘개인 사업자 지원 구매 프로그램’은 개인 사업자 비중이 높은 대표 차종을 대상으로 ▲초기 6개월 월 납입금 無 ▲기프트카드 증정 등 다양한 혜택을 제공하는 구매 프로그램이다. 기아차는 이번 프로그램을 개인 사업자 고객의 부담을 경감하고 소비 활성화에 기여하고자 마련했다고 밝혔다.구체적으로 3월 중 모닝, 레이, 카니발, 봉고 1t을 출고하는 개인 사업자 고객이 이번 구매 프로그램(자유형 할부 기반)을 이용할 시 총 36개월의 할부 기간 중 ▲구입 후 초기 6개월 동안은 월 납입금 없이 차량을 이용할 수 있으며 ▲실제 할부 원금은 6개월 이후부터 30개월 동안 4.0%의 특별 금리로 상환할 수 있다.예시로 신차 가격이 1350만 원인 ‘모닝 럭셔리 트림’을 구매할 경우, 선수금 10%로 납입 시 후기 30개월 동안만 월마다 약 42만 원을 납입하면 돼 결과적으로 약 45만 원의 이자 혜택을 누릴 수 있다.또한 이번 구매 프로그램은 선수율 제한 없이 이용이 가능하며, 고객의 경제 상황에 맞게 언제라도 할부금을 상환할 수 있도록 중도 상환 수수료가 면제된다.이 밖에도 이번 구매 프로그램 이용 고객 전원에겐 기아차가 소비 활성화 지원을 위해 준비한 20만 원 상당의 기프트 카드가 제공된다.기아차 관계자는 “최근 침체된 경기 상황에서 개인 사업자 고객분들의 부담을 최소화하고자 개인 사업자 지원 구매 프로그램을 출시하게 됐다”며 “위축된 소비 심리 회복에 기여하는 기아차가 되겠다”고 말했다.성기호 기자 kihoyeyo@asiae.co.kr <ⓒ경제를 보는 눈, 세계를 보는 창 아시아경제 무단전재 배포금지>",/news/news_read.nhn?article_id=0004636022&office_id=277&mode=search&query=기아차&page=2
,"[서울=뉴시스] 박주연 기자 = 기아자동차가 개인 사업자 고객의 부담을 경감하고 소비를 활성화하기 위해 '개인 사업자 지원 구매 프로그램'을 운영한다고 4일 밝혔다.기아차는 이달 중 모닝·레이·카니발·봉고 1t을 구매하는 개인 사업자에 대해 초기 6개월 월 납입금 없는 할부 프로그램, 기프트카드 증정 등 다양한 혜택을 제공한다.개인 사업자들이
고객이 이번 구매 프로그램을 이용할 경우 36개월 할부 기간 중 6개월 동안은 월 납입금 없이 차량을 이용할 수 있으며, 실제 할부 원금은 6개월 이후부터 30개월 동안 4.0%의 금리로 사용할 수 있다. 자유형 할부의 정상금리는 36개월 기준 전 기간 5.0%지만 이를 1%p 낮췄다. 신차 가격이 1350만 원인 '모닝 럭셔리 트림'을 구매할 경우 후기 30개월 동안만 매월 약 42만원을 납입하면 돼 결과적으로 약 45만원의 이자 혜택을 누릴 수 있다.이번 구매 프로그램은 선수율 제한 없이 이용이 가능하며, 고객의 경제 상황에 맞게 언제라도 할부금을 상환할 수 있도록 중도 상환 수수료가 면제된다. 이번 구매 프로그램 이용 고객 전원에게는 기아차가 소비 활성화 지원을 위해 준비한 20만원 상당의 기프트 카드도 제공된다. 기아차 관계자는 ""최근 침체된 경기 상황에서 개인 사업자 고객분들의 부담을 최소화하고자 개인 사업자 지원 구매 프로그램을 출시하게 됐다""며 ""위축된 소비 심리 회복에 기여하겠다""고 말했다. pjy@newsis.com<ⓒ 공감언론 뉴시스통신사. 무단전재-재배포 금지>",/news/news_read.nhn?article_id=0009736323&office_id=003&mode=search&query=기아차&page=2
"'개인사업자 지원 구매 프로그램' 출시이달 중 모닝, 레이, 카니발, 봉고1톤 출고 고객 대상","[이데일리 송승현 기자] 기아자동차(000270)가 개인 사업자 고객의 부담을 경감하기 위해 ‘개인 사업자 지원 구매 프로그램’을 출시했다고 4일 밝혔다.개인 사업자 지원 구매 프로그램은 개인 사업자 비중이 높은 차종을 대상으로 초기 6개월 월 납입금 없게 하고, 기프트 카드를 증정하는 등 다양한 혜택을 제공한다.구체적으로 이달 중 모닝, 레이, 카니발, 봉고 1톤을 출고하는 개인 사업자 고객이 이번 구매 프로그램을 이용할 시 총 36개월 할부 기간 중 구입 후 초기 6개월간은 월 납입금 없이 차량을 이용할 수 있다. 이에 따라 실제 할부 원금은 6개월 이후부터 30개월 동안 4.0%의 특별 금리로 상환하게 된다.예를 들어 신차 가격이 1350만원인 ‘모닝 럭셔리 트림’을 구매할 경우 선수금을 10% 납입했을 시 30개월 동안 월 약 42만원을 납부하면 된다. 결과적으로 약 45만원의 이자 혜택을 누릴 수 있다.아울러 이번 구매 프로그램은 선수율 제한 없이 이용 가능하고, 언제라도 할부금 상환을 할 수 있도록 중도 상환 수수료가 면제된다. 선수율이란 자동차회사 입장에서 자동차 총금액에서 할부금을 제외하고 나머지 금액을 먼저 자동차회사에 납부한 금액을 말한다.이외에도 기아차는 이번 구매 프로그램 이용 고객 전원에게 소비 활성화 지원을 위해 준비한 20만원 상당의 기프트 카드도 제공한다.기아차 관계자는 “최근 침체한 경기 상황에서 개인 사업자 고객분들의 부담을 최소화하고자 개인 사업자 지원 구매 프로그램을 출시하게 됐다”며 “위축된 소비 심리 회복에 기여하는 기아차가 되겠다”고 말했다.송승현 (dindibug@edaily.co.kr) | ＜ⓒ종합 경제정보 미디어 이데일리 - 무단전재 & 재배포 금지＞",/news/news_read.nhn?article_id=0004589433&office_id=018&mode=search&query=기아차&page=2
,"[헤럴드경제 이정환 기자] 기아자동차는 개인 사업자 고객의 부담을 경감하고 소비 활성화에 기여하고자 ‘개인 사업자 지원 구매 프로그램’을 출시했다고 4일 밝혔다.‘개인 사업자 지원 구매 프로그램’은 개인 사업자 비중이 높은 대표 차종을 대상으로 ▷초기 6개월 월 납입금 無 ▷기프트카드 증정 등 다양한 혜택을 제공하기 위해 마련됐다.3월 중 모닝, 레이, 카니발, 봉고 1톤을 출고하는 개인 사업자 고객이 이번 구매 프로그램(자유형 할부 기반)을 이용할 시 총 36개월의 할부 기간 중 ▷구입 후 초기 6개월 동안은 월 납입금 없이 차량을 이용할 수 있으며 ▷실제 할부 원금은 6개월 이후부터 30개월 동안 4.0%의 특별 금리로 상환할 수 있다.신차 가격이 1350만 원인 ‘모닝 럭셔리 트림’을 구매할 경우, 후기 30개월 동안만 월마다 약 42만 원을 납입하면 돼 결과적으로 약 45만 원의 이자 혜택을 누릴 수 있다.또한 이번 구매 프로그램은 선수율 제한 없이 이용이 가능하며, 고객의 경제 상황에 맞게 언제라도 할부금을 상환할 수 있도록 중도 상환 수수료가 면제된다.이 밖에도 이번 구매 프로그램 이용 고객 전원에겐 기아차가 소비 활성화 지원을 위해 준비한 20만 원 상당의 기프트 카드가 제공된다. 기아차 관계자는 “최근 침체된 경기 상황에서 개인 사업자 고객분들의 부담을 최소화하고자 개인 사업자 지원 구매 프로그램을 출시하게 됐다”며 “위축된 소비 심리 회복에 기여하는 기아차가 되겠다”고 말했다. - Copyrights ⓒ 헤럴드경제 & heraldbiz.com, 무단 전재 및 재배포 금지 -",/news/news_read.nhn?article_id=0001643662&office_id=016&mode=search&query=기아차&page=2
"3월 모닝·레이·카니발·봉고 1톤 출고 개인사업자 대상36개월 할부기간 중 초기 6개월 납입금無…""45만 이자혜택""","(서울=뉴스1) 김민석 기자 = 기아자동차는 개인 사업자 고객의 부담을 경감하고 소비활성화에 기여하고자 '개인 사업자 지원 구매 프로그램'을 출시했다고 4일 밝혔다.3월 중 모닝·레이·카니발·봉고 1톤을 출고하는 개인 사업자가 이번 구매 프로그램(자유형 할부 기반)을 이용할 시 총 36개월의 할부 기간 중 Δ구입 후 초기 6개월 동안은 월 납입금 없이 Δ할부 원금을 이후부터 30개월 동안 4.0%의 특별 금리로 상환할 수 있다.일례로 신차 가격이 1350만 원인 '모닝 럭셔리 트림'을 구매할 경우 후기 30개월 동안만 월마다 약 42만 원을 납입하면 돼 결과적으로 약 45만원의 이자 혜택을 누릴 수 있다는 설명이다.이번 구매 프로그램은 선수율 제한 없이 이용할 수 있다. 고객의 경제 상황에 맞게 언제라도 할부금을 상환할 수 있도록 중도 상환 수수료가 면제된다.또 이번 구매 프로그램 이용 고객 전원에겐 20만원 상당의 기프트 카드를 제공한다.기아차 관계자는 ""최근 침체된 경기 상황에서 개인 사업자 고객분들의 부담을 최소화하고자 개인 사업자 지원 구매 프로그램을 출시하게 됐다""고 말했다.ideaed@news1.kr© 뉴스1코리아(), 무단 전재 및 재배포 금지",/news/news_read.nhn?article_id=0004500180&office_id=421&mode=search&query=기아차&page=2
"""위축된 소비 심리 회복에도 기여하는 기아차 될 것""","[아이뉴스24 이연춘 기자] 기아자동차는 개인 사업자 고객의 부담을 경감하고 소비 활성화에 기여하고자 '개인 사업자 지원 구매 프로그램'을 출시했다고 4일 밝혔다.기아차에 따르면 '개인 사업자 지원 구매 프로그램'은 개인 사업자 비중이 높은 대표 차종을 대상으로 ▲초기 6개월 월 납입금 무(無) ▲기프트카드 증정 등 다양한 혜택을 제공하는 구매 프로그램이다.3월 중 모닝, 레이, 카니발, 봉고 1톤을 출고하는 개인 사업자 고객이 이번 구매 프로그램(자유형 할부 기반)을 이용할 시 총 36개월의 할부 기간 중 구입 후 초기 6개월 동안은 월 납입금 없이 차량을 이용할 수 있다. 실제 할부 원금은 6개월 이후부터 30개월 동안 4.0%의 특별 금리로 상환할 수 있다.신차 가격이 1천350만원인 '모닝 럭셔리 트림'을 구매할 경우, 후기 30개월 동안만 월마다 약 42만원을 납입하면 돼 결과적으로 약 45만원의 이자 혜택을 누릴 수 있다.또한 이번 구매 프로그램은 선수율 제한 없이 이용이 가능하며, 고객의 경제 상황에 맞게 언제라도 할부금을 상환할 수 있도록 중도 상환 수수료가 면제된다.이 밖에도 이번 구매 프로그램 이용 고객 전원에겐 기아차가 소비 활성화 지원을 위해 준비한 20만원 상당의 기프트 카드가 제공된다.기아차 관계자는 ""최근 침체된 경기 상황에서 개인 사업자 고객분들의 부담을 최소화하고자 개인 사업자 지원 구매 프로그램을 출시하게 됐다""며 ""위축된 소비 심리 회복에 기여하는 기아차가 되겠다""고 말했다. staykit@inews24.com [ⓒ 아이뉴스24 무단전재 및 재배포 금지]",/news/news_read.nhn?article_id=0000528020&office_id=031&mode=search&query=기아차&page=2
,"기아자동차가 개인 사업자 고객의 부담을 경감하고 소비 활성화에 기여하기 위해 ‘개인 사업자 지원 구매 프로그램’을 출시했습니다. ‘개인 사업자 지원 구매 프로그램’은 이달 중으로 모닝, 레이, 카니발, 봉고 1톤을 출고하는 개인 사업자 고객에 대해 총 36개월의 할부 기간 중 구입 후 초기 6개월 동안은 월 납입금 없이 차량을 이용할 수 있으며 실제 할부 원금은 6개월 이후부터 30개월 동안 4.0%의 특별 금리로 상환할 수 있습니다. 또 선수율 제한 없이 이용이 가능하며, 고객의 경제 상황에 맞게 언제라도 할부금을 상환할 수 있도록 중도 상환 수수료도 면제됩니다.이 밖에도 이번 구매 프로그램 이용 고객 전원에겐 기아차가 소비 활성화 지원을 위해 준비한 20만 원 상당의 기프트 카드가 제공됩니다.임종윤 기자(boongam@sbs.co.kr) ☞ SBSCNBC를 만나는 법 ☞ 경제를 실험한다~
저작권자 SBS미디어넷 & SBS I&M 무단전재-재배포 금지",/news/news_read.nhn?article_id=0000206377&office_id=374&mode=search&query=기아차&page=2
,"(서울=연합뉴스) 최윤정 기자 = 기아자동차는 개인 사업자 고객의 부담을 줄이고 소비 활성화에 기여하기 위해 소형트럭 등에 대한 구매지원 프로그램을 마련했다고 4일 밝혔다.

기아차는 개인 사업자 비중이 높은 대표 차종에 초기 6개월 월 납입금을 없애고 기프트카드 20만원 증정 등의 혜택을 제공한다고 말했다.

이달 모닝, 레이, 카니발, 봉고 1t을 출고하는 개인 사업자 고객은 36개월 할부 기간 중 초기 6개월 동안 월 납입금 없이 차량을 이용할 수 있고 이후 30개월간 특별금리 4.0%에 할부원금을 상환하면 된다. 평소에 자유형 할부 정상 금리는 36개월 기준전 기간 5.0%다.

신차 가격이 1천350만원인 '모닝 럭셔리 트림'은 선수금 10% 기준으로 6개월이 지난 뒤부터 월 42만원을 납입하면 된다. 결과적으로 이자혜택이 약 45만 원이다.

merciel@yna.co.kr",/news/news_read.nhn?article_id=0011446294&office_id=001&mode=search&query=기아차&page=2
,"[머니투데이 우경희 기자] [팰리세이드·텔루라이드 쌍끌이...SUV 판매만 양사 합쳐 28% 증가] 현대기아차가 2월 미국에서 10만대 넘게 팔아치우며 일본 브랜드들의 아성을 본격 위협하기 시작했다. 아반떼와 포르테 등 준중형 차종이 버티는 가운데 팰리세이드와 텔루라이드 등 SUV 양대 엔진이 본격 판매증가를 이끈 것으로 분석된다. 4일 현대기아차에 따르면 2월 현대기아차 미국 판매량은 10만6777대로 전년 동월 대비 17.9%나 늘었다. 현대차(제네시스 포함)가 5만4600대로 15.8%, 기아차가 5만2177대로 20.2% 늘어났다. 제네시스 별도로는 3.9% 늘어난 1587대가 팔렸다. 1~2월 누적으로는 양 브랜드 합계 19만1275대를 판매해 지난해 같은 기간에 비해 12.6% 늘어난 실적을 기록했다. 현대차는 9만8743대로 10.7%, 기아차는 9만2532대로 14.5% 늘었다. 현대차 중 가장 많이 팔린 차종은 아반떼로 1만86대 판매됐다. 투싼(9594), 싼타페(7152), 코나(7092), 팰리세이드(6967), 쏘나타(6144)가 뒤를 이었다. 기아차에선
포르테(K3)가 8513대로 가장 많이 팔렸고 스포티지(7934), 쏘렌토(6875), 텔루라이드(6754), 쏘울(5816) 순으로 많이 판매됐다. 무엇보다 눈길을 끄는 것은 양 브랜드 모두 SUV(스포츠다목적차량)가 판매 증가를 이끌었다는 점이다. 현대 팰리세이드는 총 6967대가 팔렸는데 1월 5432대에 비해 크게 늘어난 숫자다. 기아 텔루라이드는 지난해 2월 315대에서 올 2월 6754대로 판매량이 2000% 이상 늘었다. 현대 코나 역시 2월 7092대가 판매돼 전년 동월 대비 24.7% 늘어나며 전체 증가세를 견인했다. 기아 스포티지도 같은 기간 17.2% 늘어난 7934대 판매되며 효자 노릇을 톡톡히 했다. 현대기아차 전체 2월 SUV 판매는 6만4187대로 전년 동월 대비 28.1% 늘었다. 현대차가 28.1%, 기아차가 28%씩 SUV 판매를 늘리며 고른 성장세를 보였다. 현대기아차 관계자는 ""SUV는 다른 차종에 비해 부가가치가 높은 효자 상품""이라며 ""SUV의 견실한 판매 증가가 전체 판매량 상승을 이끈 것으로 보인다""고 말했다. 한편 현대기아차가 10만대 이상의 판매고를 올린 가운데 일본 혼다(혼다+아큐라)는 2월 12만6대, 토요타(토요타+렉서스)는 19만4152대를 판매한 것으로 집계됐다. 전년 동월 대비 혼다는 4.2%, 토요타는 12.4% 늘어난 양이다. 우경희 기자 cheerup@mt.co.kr
<저작권자 ⓒ '돈이 보이는 리얼타임 뉴스' 머니투데이, 무단전재 및 재배포 금지>",/news/news_read.nhn?article_id=0004369078&office_id=008&mode=search&query=기아차&page=2
"▶ 헉! 소리나는 스!토리 뉴스 [헉스]▶ 클릭해, 뉴스 들어간다 [뉴스쿨]","[파이낸셜뉴스] 기아차가 자영업자 차량 구매지원에 나섰다.
 기아차는 개인사업자 고객 부담을 경감하고 소비 활성화에 기여하기 위해 '개인 사업자 지원 구매 프로그램'을 출시했다고 4일 밝혔다. 대상 차종은 모닝, 레이, 카니발, 봉고 1t 트럭 등이다. 개인 사업자가 이번 프로그램을 이용할 경우 총 36개월의 할부기간 중 구입 후 초기 6개월간 월 납입금 없이 차량을 이용할 수 있다. 할부 원금은 구입 6개월 이후부터 30개월간 4.0%의 특별 금리로 상환할 수 있다. 예컨대 판매가격이 1350만원인 '모닝 럭셔리 트림'을 선수금 10% 납입 조건으로 할부 구매시 6개월간 납입금 부담이 없다. 이후 30개월간 월마다 약 42만 원을 납입하면 돼 결과적으로 약 45만원의 이자를 절감할 수 있다. 선수율 제한 없이 이용 가능하고, 경제 상황에 맞게 언제라도 할부금을 상환할 수 있도록 중도 상환 수수료는 면제된다. 아울러 20만원 상당의 기프트 카드가 제공된다.
 기아차 관계자는 ""최근 침체된 경기 상황에서 위축된 소비심리 회복과 개인 사업자 고객들의 부담을 최소화하기 위해 이번 구매 프로그램을 출시하게 됐다""고 말했다.



 ※ 저작권자 ⓒ 파이낸셜뉴스. 무단 전재-재배포 금지",/news/news_read.nhn?article_id=0004383260&office_id=014&mode=search&query=기아차&page=1
"현대차, 팰리세이드·베뉴 신차 효과로 2월 16% 늘어기아차, 텔루라이드·셀토스 등 SUV 증가세로 20% 증가","현대·기아차가 신차 효과 및 스포츠유틸리티차(SUV) 호조로 2월 미국 판매량이 나란히 증가했다.4일 업계에 따르면 현대차 미국 판매법인(HMA)은 2월 한 달간 5만3013대를 판매했다. 전년 동월 보다 16.2% 늘어난 수치로, 2월 판매량으로는 역대 최고치다.이중 SUV의 선전이 두드러졌는데 팰리세이드와 베뉴는 2월에 각각 6967대, 1226대가 팔렸다. 특히 투싼은 9000대가 넘어서며 전년 동월 대비 1.9% 이상 팔렸다.팰리세이드, 싼타페, 투싼, 베뉴 등 SUV 2월 판매량은 3만2059대로 전년 동월 대비 28.1% 증가했다. SUV 비중은 현대차 미국 판매량에서 60.5%로 절반 이상을 차지했다.이 밖에 친환경차인 아이오닉은 2월 1481대가 팔리며 전년 동월 보다 43.5% 개선됐다. 엑센트, 엘란트라가 전년 동월 보다 증가한 반면 쏘나타, 벨로스터, 싼타페 등은 부진했다.랜디 파커 현대차 미국법인 판매담당 부사장은 ""팰리세이드, 쏘나타, 베뉴 등의 신차는 고객들에게 반향을 일으키고 있다""면서 ""앞으로도 현대차와 협력해 코로나19 상황을 모니터링해 직원들의 안전을 확보하고 앨리바마 등 미국 시장에 대한 현대차의 강력한 공급을 유지할 것""이라고 말했다.기아차도 2월 판매량이 20.2% 늘어난 5만2177대를 기록했다.텔루라이드의 2월 판매가 6754대로 견고했고 스포티지가 전년 동월 보다 17.2% 늘어난 7934대를 기록하며 판매를 견인했다. 셀토스는 2798대가 팔렸다.이 외에 리오, 포르테, 스팅어의 성적도 전년 동월 보다 개선됐다. 다만 옵티마, 쏘울, 니로, 쏘렌토 등의 성적은 부진했다.빌 페퍼 기아자동차 미국판매법인(KMA) 부사장은 ""기아차는 전년 대비 20%의 성장세를 기록했다""면서 ""우리는 텔루라이드 생산과 판매를 늘렸고 셀토스 판매는 우리의 예측을 깨뜨렸다""고 말했다.데일리안 조인영 기자 (ciy8100@dailian.co.kr)ⓒ (주)데일리안 - 무단전재, 변형, 무단배포 금지",/news/news_read.nhn?article_id=0002386688&office_id=119&mode=search&query=기아차&page=1
36개월 할부 중 초기 6개월 월 납입금없이 구매 가능이용 고객 전원20만 원 상당의 기프트 카드도 제공,"[헤럴드경제 이정환 기자] 기아자동차가 코로나19로 인한 위축된 소비 심리 회복을 위해 자영업자 지원에 적극 나서기로 했다.기아자동차는 자영업자 등 개인 사업자 고객의 부담을 경감하고 소비 활성화에 기여하고자 ‘개인 사업자 지원 구매 프로그램’을 출시했다고 4일 밝혔다.자영업자들은 코로나19 확산으로 인해 벼랑 끝으로 내몰리고 있다. 각종 모임과 행사가 취소되고, 상점을 찾는 고객들이 뚝 끊기면서 ‘매출 절벽’에 마주했다. 들어오는 돈은 없는데 임대료와 인건비 등 나가야 할 돈은 줄지 않는다. 최저임금 인상과 주52시간제 도입 등으로 지난해 이미 직격탄을 맞은 자영업자들로선 엎친 데 덮친 격이다.이에 기아차는 개인 사업자 비중이 높은 대표 차종을 대상으로 ▷초기 6개월 월 납입금 無 ▷기프트카드 증정 등 다양한 혜택을 제공키로 했다.3월 중 모닝, 레이, 카니발, 봉고 1톤을 출고하는 개인 사업자 고객이 이번 구매 프로그램(자유형 할부 기반)을 이용할 시 총 36개월의 할부 기간 중 ▷구입 후 초기 6개월 동안은 월 납입금 없이 차량을 이용할 수 있으며 ▷실제 할부 원금은 6개월 이후부터 30개월 동안 4.0%의 특별 금리로 상환할 수 있다.실제 신차 가격이 1350만 원인 ‘모닝 럭셔리 트림’을 구매할 경우, 후기 30개월 동안만 월마다 약 42만 원을 납입하면 돼 결과적으로 약 45만 원의 이자 혜택을 누릴 수 있다.또한 이번 구매 프로그램은 선수율 제한 없이 이용이 가능하며, 고객의 경제 상황에 맞게 언제라도 할부금을 상환할 수 있도록 중도 상환 수수료가 면제된다.이 밖에도 이번 구매 프로그램 이용 고객 전원에겐 기아차가 소비 활성화 지원을 위해 준비한 20만 원 상당의 기프트 카드가 제공된다.기아차 관계자는 “최근 침체된 경기 상황에서 개인 사업자 고객분들의 부담을 최소화하고자 개인 사업자 지원 구매 프로그램을 출시하게 됐다”고 말했다. - Copyrights ⓒ 헤럴드경제 & heraldbiz.com, 무단 전재 및 재배포 금지 -",/news/news_read.nhn?article_id=0001643704&office_id=016&mode=search&query=기아차&page=1
,"[서울=뉴시스] 박주연 기자 = 현대·기아자동차가 지난달 미국시장에 10만7000대의 차량을 판매했다. 전년 동기 대비 18% 증가한 수치다. 합산 점유율은 7.8%로 지난해 같은 달에 비해 0.6%p 상승했다. 4일 하나금융투자 송선재 연구원에 따르면 현대차는 2월 미국 시장에 전년 대비 16% 증가한 5만5000대, 기아차는 20% 증가한 5만2000대를 각각 판매했다. 현대차와 기아차 모두 레저차량(RV) 판매가 크게 늘었다. 현대차의 RV 판매는 전년 동기 대비 28% 증가했다. 코나 판매가 전년 동기 대비 25% 증가했고 대형 스포츠 유틸리티 차량(SUV) 팰리세이드는 6967대, 소형 SUV 베뉴는 1226대, 수소전기차(FCEV) 넥쏘는 28대 각각 판매됐다. 제네시스 브랜드(G70·G80·G90)의 미국 판매는 1587대로 전년 동기 대비 4% 증가했다.기아차의 RV 판매는 57% 증가했다. 스포티지 판매가 전년 동기 대비 17% 증가했고, 대형 SUV 텔루라이드는6754대, 소형 SUV 셀토스는 2798대 각각 판매됐다.2월 미국 자동차 시장 판매는 전년 동월 대비 8% 증가한 136만4000대를 기록했다. 픽업 판매가 전년 동기 대비 20% 증가했고, CUV 판매도 15% 증가세를 나타냈다. 밴과 SUV도 각각 6%, 2% 판매가 늘었다. 반면 대형세단은 16%, 소형세단은 14% 각각 판매가 줄었다.미국 업체들의 성과는 엇갈렸다. GM은 전년 동월 대비 판매가 14% 늘었고, 점유율도 17.5%로 0.9%p 상승했다. 반면 포드의 판매는 2% 증가했다. 점유율은 0.8%p 하락한 13.9%를 나타냈다.일본 업체들 중에서는 토요타가 양호한 성과를 나타냈다. 토요타의 판매는 전년 동월 대비 12% 증가했고, 점유율도 0.5%p 상승한 14.2%를 기록했다. 하지만 혼다와 닛산의 점유율은 각각 8.8%(-0.4%p), 7.3%(-1.8%p)로 하락했다.유럽 업체 중에서는 FCA와 폭스바겐의 판매가 전년 동월 대비 13%, 11% 각각 증가했다. 점유율은 FCA가 13.5%(+0.6%p), 폭스바겐이 2.1%(+0.0%p)였다.고급 브랜드인 아우디, BMW, 다임러의 판매는 각각 전년 동월 대비 20%, 13%, 8% 증가했다. 점유율은 1.2%(+0.1%p), 2.2%(+0.1%p), 1.9%(-0.0%p)를 각각 기록했다.테슬라의 판매는 7142대로 전년 동월 대비 9% 감소했고, 점유율도 0.5%(-0.1%p)로 하락했다. pjy@newsis.com<ⓒ 공감언론 뉴시스통신사. 무단전재-재배포 금지>",/news/news_read.nhn?article_id=0009736438&office_id=003&mode=search&query=기아차&page=1
,"기아자동차는 개인 사업자 고객의 부담을 줄이고 소비 활성화에 기여하기 위해 소형트럭 등에 대한 구매지원 프로그램을 마련했다고 4일 밝혔다.기아차는 개인 사업자 비중이 높은 대표 차종에 초기 6개월 월 납입금을 없애고 기프트카드 20만 원 증정 등의 혜택을 제공한다고 말했다.이달 ‘모닝’과 ‘레이’, ‘카니발’, 1t ‘봉고’를 출고하는 개인 사업자 고객은 36개월 할부 기간 중 초기 6개월 동안 월 납입금 없이 차량을 이용할 수 있고 이후 30개월간 특별금리 4.0%에 할부원금을 상환하면 된다.평소에 자유형 할부 정상 금리는 36개월 기준전 기간 5.0%다.신차 가격이 1350만 원인 '모닝 럭셔리 트림'은 선수금 10% 기준으로 6개월이 지난 뒤부터 월 42만 원을 납입하면 된다.결과적으로 이자혜택이 약 45만 원이다.또한 이번 구매 프로그램은 선수율 제한 없이 이용이 가능하며, 고객의 경제 상황에 맞게 언제라도 할부금을 상환할 수 있도록 중도 상환 수수료가 면제된다.기아차 관계자는 “최근 침체된 경기 상황에서 개인 사업자 고객분들의 부담을 최소화하고자 개인 사업자 지원 구매 프로그램을 출시하게 됐다”며 “위축된 소비 심리 회복에 기여하는 데 일조하겠다”고 말했다.배동진 기자 djbae@busan.com",/news/news_read.nhn?article_id=0000985789&office_id=082&mode=search&query=기아차&page=1
,"기아자동차는 차를 구매하는 개인 사업자 부담을 줄이고, 신종 코로나바이러스 감염증(코로나19)으로 침체된 소비 활성화를 돕기 위해 ‘개인 사업자 지원 구매 프로그램’을 출시했다고 4일 밝혔다.이 프로그램은 개인 사업자 구매 비중이 높은 대표 차종을 대상으로 다양한 혜택을 제공한다. 이달 중 모닝, 레이, 카니발, 봉고 1t을 출고하는 개인 사업자가 지원 대상이다. 이번 구매 프로그램(자유형 할부 기반)을 이용할 경우, 총 36개월 할부 기간 중 첫 6개월 동안은 납입금 없이 차를 이용할 수 있다. 6개월이 지난 뒤부터 30개월 동안 4.0%의 특별 금리로 상환하면 된다. 원래 자유형 할부 정상 금리는 36개월 내내 5.0%다.예를 들어 신차 가격이 1350만 원인 ‘모닝 럭셔리 트림’을 구매(선수금 10% 기준)할 경우, 후기 30개월 동안만 매달 약 42만 원을 내면 되므로 약 45만 원의 이자 혜택을 누릴 수 있다고 기아차는 설명했다.선수율 제한이 없고, 개인 경제 상황에 맞게 언제라도 할부금을 상환할 수 있도록 중도 상환 수수료도 면제해준다. 기아차는 소비 활성화를 위해 20만 원 상당의 기프트 카드도 제공한다. 기아차 관계자는 “최근 침체된 경기 상황에서 개인 사업자 고객의 부담을 최소화하고자 지원 프로그램을 내놓게 됐다”며 “위축된 소비 심리 회복에 기여하는 기아차가 되겠다”고 말했다. 김성훈 기자[Copyrightⓒmunhwa.com '대한민국 오후를 여는 유일석간 문화일보' 무단 전재 및 재배포 금지()]",/news/news_read.nhn?article_id=0002419474&office_id=021&mode=search&query=기아차&page=1
,"신종 코로나바이러스 감염증(코로나19) 직격탄을 맞아 지난달 판매 실적이 급격히 추락했던 현대·기아자동차가 미국에서만은 선전했다.4일 현대차와 기아차 미국법인에 따르면, 현대차는 지난달 미국에서 5만3013대를 팔아 지난해 같은 기간보다 판매량이 16.2% 증가했다. 제네시스는 1587대가 팔려 전년 동월 대비 3.9% 늘었다.또 기아차의 지난달 미국 판매량은 5만2177대로, 1년 전보다 20.2% 증가했다. 현대차와 제네시스, 기아차를 모두 합치면 지난달 총 10만6777대가 판매돼, 지난해 2월보다 판매가 17.9% 늘었다. 1∼2월 미국 시장 누적 판매로도 현대차가 9만5757대, 제네시스 2986대, 기아차 9만2532대로 각각 지난해 같은 기간에 비해 10.8%와 8.5%, 14.5% 증가율을 기록했다.반면 지난달 내수 시장에서는 현대차가 7년 6개월 만에, 기아차는 10년 6개월 만에 가장 나쁜 실적을 남긴 바 있다. 현대·기아차 관계자는 “미국은 2월에 코로나19 영향이 거의 없어서 판매 실적이 좋았던 것으로 보인다”고 말했다. 김성훈 기자[Copyrightⓒmunhwa.com '대한민국 오후를 여는 유일석간 문화일보' 무단 전재 및 재배포 금지()]",/news/news_read.nhn?article_id=0002419478&office_id=021&mode=search&query=기아차&page=1
10만 6777대 판매…18% 신장혼다 4.2%·토요타 12.4% 압도SUV 모델이 전체 판매량 견인,"현대기아차가 미국시장 진출 이후 역대 최다 2월 판매를 기록했다. 아울러 지난 2월 판매 실적이 전년 동월 대비 17.9% 늘면서 경쟁업체인 혼다와 토요타의 판매 신장률도 압도한 것으로 나타났다.3일(현지시각) 현대차와 미국 자동차 전문 매체 오토모티브 뉴스에 따르면 지난 2월 미국 승용차 시장에서 현대기아차는 총 10만 6777대를 판매해 지난해 2월(9만 546대)보다 판매량이 17.9% 증가했다. 2월 판매 기준 10만대 넘은건 2016년이후 5년만이며 올 2월이 역대 최다 판매를 기록했다.같은 기간 혼다(어큐라 포함)는 12만6대를 판매했고 토요타(렉서스 포함)는 19만4152대를 판매했다. 하지만 판매 신장률은 각각 전년 동월 대비 4.2%, 12.4% 늘어 판매 증가 속도는 현대기아차에 미치지 못했다.오토모티브 뉴스는 현대기아차의 두자릿 수 판매 신장과 관련 “대통령의 날을 기념한 여러 판촉행사와 늘어난 인센티브로 판매량이 크게 늘었다”고 분석했다.각사 별로 보면 현대차는 지난해보다 15.8% 많은 5만4600대(제네시스 포함)를 판매했다. 엘란트라(아반떼)가 1만86대로 가장 많은 판매량을 보였고 준중형 스포츠유틸리티차량(SUV) 투싼이 9594대로 그 뒤를 따랐다. 소형 SUV 코나도 전년도보다 24.7% 늘어난 7092대가 팔려 소형 SUV의 인기를 실감케 했다. 싼타페는 7152대를 판매했고 대형 SUV 팰리세이드도 전월 대비 28.3% 증가한 6967대를 팔았다.기아차는 전년 대비 20.2% 늘어난 5만2177대를 판매했다. 차종 별로는 8513대가 팔린 포르테(K3)가 전체 판매량의 기반을 탄탄히 받쳤다. 소형 SUV 셀토스는 전월 대비 30배가량 늘어난 2789대의 판매고를 올리며 기아차의 성장세를 이끌었다. 올해 ‘북미 올해의차’ SUV 부문을 수상한 텔루라이드 역시 6754대가 팔려 전월(4919대)보다 37.3% 증가했다.현대·기아차는 지난 1월에도 전년 동기 대비 8.0% 증가하며 미국 판매 성장세를 보였다. 전 세계적으로 SUV 돌풍이 불고 있는 가운데 미국에서도 현대·기아차의 SUV에 대한 수요도 증가하고 있는 것으로 보인다. 현대·기아차의 지난달 판매 중 SUV 판매량은 6만4187대로, 전체 절반이 훌쩍 넘는 60.1%인 것으로 나타났다.현대차 관계자는 “2월 미국시장에서 전체 판매량을 이끈 것은 SUV라 할 수 있다”며 “최근 현대차의 팰리세이드와 기아차의 텔루라이드가 미국 시장에서 큰 인기를 누리고 있다”고 말했다. 원호연 기자 - Copyrights ⓒ 헤럴드경제 & heraldbiz.com, 무단 전재 및 재배포 금지 -",/news/news_read.nhn?article_id=0001643872&office_id=016&mode=search&query=기아차&page=1
"美서 전년比 17.9% 증가…SUV 강화전략 성공中, 도매기준 97% 빠져…'코로나19' 대형악재","[아시아경제 김지희 기자] 현대기아자동차가 지난달 세계 1,2위 자동차 시장에서 완전히 엇갈린 성적표를 받아들었다. 지난해부터 스포츠유틸리티차량(SUV) 라인업 강화 작업을 추진한 미국에서는 역대급 실적을 낸 반면 중국은 신종 코로나바이러스감염증(코로나19)의 직격탄을 맞으면서 무너졌다.4일 현대차 미국판매법인(HMA)에 따르면 현대차는 지난 2월 미국에서 제네시스 브랜드를 포함해 전년 동기 대비 15.8% 증가한 5만4600대를 판매했다. 이 기간 기아차 판매량은 5만2177대로, 지난해보다 20% 넘게 늘었다. 현대기아차의 역대 2월 미국 판매량으로는 최고 실적이다. 전년 대비 증가율 기준으로는 마쯔다, 볼보에 이어 세 번째로 높은 17.9%를 달성했다.지난해를 기점으로 본격화된 'SUV 강화 전략'이 먹혀들면서 미국 실적을 끌어올리고 있다. 현대차 판매 상위 5개 차종에 투싼(2위ㆍ9594대), 싼타페(3위ㆍ7152대), 코나(4위ㆍ7092대), 팰리세이드(5위ㆍ6967대) 등 4개 모델이 이름을 올렸다. 기아차 역시 스포티지와 쏘렌토, 텔루라이드가 각각 6000대 이상씩을 팔아치우며 '톱5'에 올랐다.현대기아차는 지난해 2월 이후 미국 시장에 '쌍둥이' 대형SUV 팰리세이드와 텔루라이드, 그리고 소형SUV 베뉴와 셀토스 등 완전히 새로운 SUV를 4종이나 추가 투입했다. 이들 모델은 지난달에만 1만8000대 가까이 판매됐다. 이는 지난해 2월 대비 증가한 지난달 현대기아차 전체 판매 대수 증가분과 유사한 수준이다. 빌 페퍼 기아차 미국판매법인(KMA) 부사장은 ""기아차는 텔루라이드의 생산을 늘렸으며, (지난 1월 출시된) 셀토스의 판매도 우리의 초기 예측을 뛰어넘고 있다""고 말했다.함박웃음을 지은 미국과 달리 중국 시장에서는 최악의 부진을 겪었다. 현대차와 기아차 모두 도매 기준으로 판매가 97%씩 빠졌다. 현대기아차가 야심차게 세운 중국시장 전략이 코로나19라는 대형 악재에 가로막혀 효력을 발휘하지 못한 탓이다.지난달 현대기아차는 중국 시장에서 1300대를 판매하는 데 그쳤다. 6만대에 근접한 판매실적을 기록한 지난해 2월과 비교해 3%도 채 되지 않는 성적이다. 다만 소매판매는 도매판매 보다 감소폭이 적게 나타났다. 지난달 소매 기준으로는 현대차(5000대), 기아차(1800대) 판매는 약 90% 감소했다.송선재 하나금융투자 연구원은 ""현대기아차의 중국 판매 감소는 코로나19 확산으로 연휴가 연장되고 생산도 거의 없었기 때문""이라며 ""소매판매 위축에 따른 딜러들의 재고부담으로 도매의 감소폭이 더 컸다""고 설명했다.이에 올해 글로벌 시장에서의 수익성 강화를 최대 목표로 세운 현대기아차의 계획에도 일부 수정이 불가피해졌다. 특히 수년간
부진을 겪은 중국시장의 경우 올해는 공장 가동 최적화와 효율적인 운영 등으로 수익성을 향상시킴과 동시에 하반기부터는 주력 신차 투입으로 판매 회복도 기대하던 상황이었다.업계 관계자는 ""북미 지역에서는 대형SUV를 중심으로 한 현대기아차의 판매전략이 효과적으로 작용해 향후 판매실적 상승을 기대해볼 만 하다""면서 ""다만 중국은 대외적인 변수의 영향이 커 현대기아차의 전략을 통해 만회할 수 있는 여지가 크지 않아 보인다""고 설명했다.김지희 기자 ways@asiae.co.kr <ⓒ경제를 보는 눈, 세계를 보는 창 아시아경제 무단전재 배포금지>",/news/news_read.nhn?article_id=0004636306&office_id=277&mode=search&query=기아차&page=1
"▶ 헉! 소리나는 스!토리 뉴스 [헉스]▶ 클릭해, 뉴스 들어간다 [뉴스쿨]","[파이낸셜뉴스] 현대·기아차가 미국시장에서 역대 2월 기준으로 최다 판매를 기록했다. 북미시장에 상륙한 스포츠유틸리티차(SUV)의 쾌속질주와 스테디셀링카 세단들의 판매호조 등으로 2월 판매 규모로는 미국시장 진출 이후 사상 최대치다.
 4일 업계에 따르면 지난달 미국시장에서 현대·기아차는 전년동기대비 17.9%증가한 10만6777대를 판매했다. 미국시장에서 역대 2월을 통틀어 최다 판매규모이다. 현대·기아차의 2월 미국 판매량이 10만대 고지를 탈환한 것은 2016년 2월(10만2746대)이후 4년만에 처음이다. 업체별로 지난해 같은 기간에 비해선 현대차는 15.8% 늘어난 5만4600대, 기아차는 20.2% 급증한 5만2177대를 각각 판매했다.
 특히, 현대·기아차가 지난해 10월이후 미국시장에서 5개월 연속 전년동기대비 증가세를 이어가면서 북미시장에서 본격적인 판매 회복세에 진입한 것 아니냐는 관측을 낳고 있다.
 실제 올해 1월과 비교해도 인기차종인 SUV의 판매고공행진이 뚜렷하다. 1000대이상 팔린 차종 중 전월대비 가장 높은 신장세를 보인 모델은 기아차의 프라이드(리오)로 89.3% 수직급등한 3082대를 기록했다.
 기아차는 이외에도 텔루라이드(6754대), 카니발(1416대) 등 주력 SUV들이 전월대비 30%이상 늘어나는 가파른 증가세로 판매개선을 이끌었다. 지난달 북미시장에 본격 데뷔한 셀토스는 2798대 판매로 순조로운 출발에 나섰다. 대형 SUV경쟁이 치열한 미국시장에서 소형 SUV가 판매개시 첫달에 3000대에 가까운 실적을 올리는 것은 흔치 않다.
 현대차 코나는 전월대비 68.5%나 치솟은 7092대가 팔렸다. 팰리세이드의 경우 지난달 7000대에 육박하는 6967대를 판매해 지난해 6월 미국판매 이후 처음으로 6000대를 돌파했다. 베뉴(1226대)도 미국 판매이후 처음으로 1000대를 넘어서는 등 현대차 SUV 차종들의 약진이 이어졌다. 지난달 현대·기아차의 SUV 미국시장 판매는 6만4187대로 전년동월과 비교해도 28.1% 증가한 규모다.
 세단들도 저력을 발휘했다. 현대차 아반떼(현지명 엘란트라)는 전월대비 33.7% 증가한 1만86대로 현대·기아차 북미 베스트셀링카를 수성했고, K3(8513대), 쏘나타(6144대), 엑센트(2046대),스팅어(1063대) 등이 고른 성장세를 보였다.
 업계 관계자는 ""판매 증가세가 통상적으로 5~6개월 이상 이어지면 본격적인 회복국면에 진입한 것으로 본다""면서도 ""다만, '코로나19' 복병이 등장해 변수가 될 수 있다""고 분석했다.



 ※ 저작권자 ⓒ 파이낸셜뉴스. 무단 전재-재배포 금지",/news/news_read.nhn?article_id=0004383502&office_id=014&mode=search&query=기아차&page=1
,"기아자동차는 개인 사업자 고객의 부담을 경감하고 소비 활성화에 기여하고자 ‘개인 사업자 지원 구매 프로그램’을 출시했다고 4일 밝혔다.‘개인 사업자 지원 구매 프로그램’은 개인 사업자 비중이 높은 대표 차종을 대상으로 초기 △6개월 월 납입금 無 △기프트카드 증정 등 다양한 혜택을 제공하는 구매 프로그램이다.구체적으로 3월 중 모닝, 레이, 카니발, 봉고 1톤을 출고하는 개인 사업자 고객이 이번 구매 프로그램(자유형 할부 기반)을 이용할 경우 총 36개월의 할부 기간 중 △구입 후 초기 6개월 동안은 월 납입금 없이 차량을 이용할 수 있으며 △실제 할부 원금은 6개월 이후부터 30개월 동안 4.0%의 특별 금리로 상환할 수 있다. (자유형 할부 정상 금리는 36개월 기준, 전 기간 5.0%)예시로 신차 가격이 1350만 원인 ‘모닝 럭셔리 트림’을 구매할 경우, 후기 30개월 동안만 월마다 약 42만원을 납입하면 돼 결과적으로 약 45만원의 이자 혜택을 누릴 수 있다.(선수금 10% 납입 시)또한 이번 구매 프로그램은 선수율 제한 없이 이용이 가능하며, 고객의 경제 상황에 맞게 언제라도 할부금을 상환할 수 있도록 중도 상환 수수료가 면제된다. (단 계약금 10만원은 별도 사항)이 밖에도 이번 구매 프로그램 이용 고객 전원에겐 기아차가 소비 활성화 지원을 위해 준비한 20만원 상당의 기프트 카드가 제공된다.기아차 관계자는 “최근 침체된 경기 상황에서 개인 사업자 고객분들의 부담을 최소화하고자 개인 사업자 지원 구매 프로그램을 출시하게 됐다”며 “위축된 소비 심리 회복에 기여하는 기아차가 되겠다”고 말했다.데일리안 조인영 기자 (ciy8100@dailian.co.kr)ⓒ (주)데일리안 - 무단전재, 변형, 무단배포 금지",/news/news_read.nhn?article_id=0002386808&office_id=119&mode=search&query=기아차&page=1
,"기아자동차는 개인 사업자 고객의 부담을 경감하고 소비 활성화에 기여하고자 ‘개인 사업자 지원 구매 프로그램’을 출시했다고 4일 밝혔다.개인 사업자 지원 구매 프로그램은 개인 사업자 비중이 높은 대표 차종을 대상으로 △초기 6개월 월 납입금 無 △기프트카드 증정 등 다양한 혜택을 제공하는 구매 프로그램이다.구체적으로 3월 중 모닝, 레이, 카니발, 봉고 1톤을 출고하는 개인 사업자 고객이 이번 구매 프로그램(자유형 할부 기반)을 이용할 시 총 36개월의 할부 기간 중 구입 후 초기 6개월 동안은 월 납입금 없이 차량을 이용할 수 있다. 실제 할부 원금은 6개월 이후부터 30개월 동안 4.0%의 특별 금리로 상환할 수 있다. 예시로 신차 가격이 1,350만원인 ‘모닝 럭셔리 트림’을 구매할 경우, 후기 30개월 동안만 월마다 약 42만원을 납입하면 돼 결과적으로 약 45만원의 이자 혜택을 누릴 수 있다. 또 이번 구매 프로그램은 선수율 제한 없이 이용이 가능하며, 고객의 경제 상황에 맞게 언제라도 할부금을 상환할 수 있도록 중도 상환 수수료가 면제된다. 이 밖에도 이번 구매 프로그램 이용 고객 전원에겐 기아차가 소비 활성화 지원을 위해 준비한 20만 원 상당의 기프트 카드가 제공된다.기아차 관계자는 “최근 침체된 경기 상황에서 개인 사업자 고객분들의 부담을 최소화하고자 개인 사업자 지원 구매 프로그램을 출시하게 됐다”며 “위축된 소비 심리 회복에 기여하는 기아차가 되겠다”고 말했다.류종은 기자 rje312@hankookilbo.com",/news/news_read.nhn?article_id=0000473632&office_id=469&mode=search&query=기아차&page=1
,"[아시아경제 유현석 기자] 세원은 지난해 연결기준 매출액과 영업이익이 각각 814억원, 64억원을 기록했다고 4일 공시했다. 같은 기간 연결기준 당기순이익은 31억원이다.세원 관계자는 “공조시스템 부품 사업의 경우 가공사업의 외주처리에 의한 매출원가 감소와 상품매출의 증가에 따른 이익구조 개선이 있었다“며 “자회사 트리노테크놀로지도 높은 기술력을 바탕으로 중국 합자법인인 아이에이반도체기술유한공사를 통한 전력반도체 기술용역 제공 및 늘어나는 수요에 따른 제품매출 확대 등 지난해 중국 시장 진출을 확대하며 가파른 성장세를 나타내고 있다”고 설명했다.비메모리 전력반도체 사업을 영위하는 트리노테크놀로지는 지난해 매출액 245억원, 영업이익 50억원으로 전년 대비 각각 45%, 17% 성장했으며 당기순이익은 36억원을 기록했다. 시장조사업체 D램익스체인지에 따르면 지난해 중국 전력반도체 시장은 2907억 위안(약 50조원) 규모로 연평균성장률 10%씩 성장하며 꾸준한 성장세를 이어오고 있다.이 관계자는 “전기차, 수소차 시장의 성장에 힘입어 공조시스템 부품사업과 전력반도체 사업 모두 올해는 더욱 직접적인 수혜가 기대된다”며 “자동차 공조시스템 핵심부품의 수주가 증가하고 있고 올해 하반기 멕시코 공장을 본격적으로 가동함에 따라 해외 수주도 적극적으로 확보할 것”이라고 말했다.세원은 현대·기아차의 전기차 코나, 아이오닉, 니로 등에 전기차 필수 부품인 헤더콘덴서를 공급 중이다. 테슬라에도 일부 제품을 공급하고 있으며 올해는 포드 전기차에 들어가는 배터리칠러 공급물량도 지난해 대비 2배 이상 증가할 전망이다.유현석 기자 guspower@asiae.co.kr <ⓒ경제를 보는 눈, 세계를 보는 창 아시아경제 무단전재 배포금지>",/news/news_read.nhn?article_id=0004636550&office_id=277&mode=search&query=기아차&page=1
"캐딜락코리아, XT6 출시 행사 16일 예정…세부사항 논의 중","[아이뉴스24 서민지 기자] 캐딜락코리아가 이달 'XT6' 출시 행사를 두고 고민에 휩싸였다. 신종 코로나바이러스 감염증(코로나19) 확산으로 행사 방식을 변경하기로 하면서다. 특히 지난해 9월 취임한 서영득 대표이사의 첫 데뷔 무대인 만큼 고민이 더욱 깊을 수밖에 없다.4일 자동차업계에 따르면 캐딜락코리아는 오는 16일 XT6 출시 행사를 열고 본격 판매에 돌입할 예정이다. 코로나19로 인해 행사가 미뤄지거나 취소될 수 있다는 관측이 나오지만, 회사는 계획대로 진행한다는 방침이다.앞서 지난달 르노삼성을 비롯해 BMW, 포르쉐, 페라리 등 국내외 완성차 브랜드들은 코로나19 우려로 신차 출시 행사를 취소한 바 있다. 이달 출시 예정인 현대차 아반떼와 기아차 쏘렌토 역시 상황을 예의주시하며, 일정을 고민하고 있는 것으로 전해졌다.캐딜락코리아 관계자는 ""XT6 출시는 변동 없이 진행하기로 했으나, 행사 세부 사항에 대해 계속해서 논의하고 있다""며 ""이번 주 내로 확정해 미디어에 알릴 계획""이라고 말했다.캐딜락코리아가 XT6에 거는 기대는 크다. 올해 XT6, XT4, XT5, CT5, CT4 등 5종의 신차를 선보일 계획인데, XT6가 포문을 여는 모델이기 때문이다. 캐딜락코리아가 한 해에 5종의 신차를 출시하는 건 국내 론칭 이후 처음이다.캐딜락코리아는 올해를 브랜드 성장에 중요한 모멘텀이 될 원년으로 보고 있다. 시장 확대는 물론 젊어진 브랜드 정체성을 완성하겠다는 목표를 갖고 있다.상황이 이렇다 보니 행사를 취소하기보다는 소규모로 나눠서 진행하는 등 코로나19 확산 방지를 위한 대책을 마련하는 데 집중하기로 한 것으로 풀이된다. 통상 자동차업체들은 신차 출시 행사를 열고 대대적인 홍보를 진행하는데, 행사를 열지 않을 경우 신차를 적극 알릴 루트가 사라지게 된다.그렇다고 출시를 미루기엔 부담이 크다. XT6 출시가 미뤄질 경우 향후 4종 모델에 대한 계획도 다시 잡아야 하기 때문이다.XT6 행사는 서 대표의 '공식 데뷔전'이라는 점에서도 의미가 크다. 서 대표는 XT6 출시 행사를 직접 챙길 예정인데, 이는 취임 후 처음으로 공식석상에 나서는 것이다.XT6는 서 대표 취임 후 처음 나오는 모델이기도 하다. 이 때문에 XT6를 비롯해 올해 출시되는 신차들을 통해 서 대표의 경영 능력이 평가될 것으로 예상된다.업계 관계자는 ""코로나19 사태가 장기화되면서 마케팅에 대한 고민도 커지고 있다""며 ""캐딜락코리아의 경우 서 대표 취임 후 첫 행사인 데다 올해 공격적인 신차 발표를 예고한 만큼 고민이 더 클 것""이라고 예상했다. jisseo@inews24.com [ⓒ 아이뉴스24 무단전재 및 재배포 금지]",/news/news_read.nhn?article_id=0000528161&office_id=031&mode=search&query=기아차&page=1
"현대차, 5만4600대 팔아 16%↑기아차도 셀토스 등 SUV가 견인","현대·기아자동차가 지난달 미국 시장에서 2월 기준 사상 최다 판매를 기록했다. 경기 침체와 신종 코로나바이러스 감염증(코로나19) 확산 영향으로 판매가 급감한 내수 시장과 대조적이다.현대·기아차는 지난달 미국에서 10만6777대를 판매했다고 4일 발표했다. 지난해 같은 달(9만546대)보다 17.9% 증가한 규모다. 현대·기아차의 2월 판매량이 10만 대를 넘어선 것은 2016년 이후 처음이다. 지난달 판매량은 현대차(1986년)와 기아차(1992년)가 미국 시장에 진출한 이래 2월 기준 최다 판매 기록이기도 하다.현대차는 지난달 미국에서 전년 동월보다 15.8% 많은 5만4600대를 팔았다. 가장 많이 팔린 차종은 준중형 세단 아반떼(미국명 엘란트라·1만86대)였다. 투싼(9594대), 코나(7092대), 팰리세이드(6967대) 등 스포츠유틸리티차량(SUV) 차종 판매량이 일제히 늘었다.기아차도 SUV가 효자 노릇을 톡톡히 했다는 평가다. 기아차는 지난달 미국에서 1년 전보다 20.2% 늘어난 5만2177대를 팔았다. 지난달 미국에서 판매를 시작한 소형 SUV 셀토스는 한 달 만에 판매량이 약 30배(94대→2789대) 늘었다. ‘북미 올해의 차’ SUV 부문에 선정된 대형 SUV 텔루라이드는 1월(4919대)보다 37.3% 증가한 6754대가 판매됐다.박상용 기자 yourpencil@hankyung.com▶ ▶
 ▶
ⓒ 한국경제 & , 무단전재 및 재배포 금지",/news/news_read.nhn?article_id=0004301191&office_id=015&mode=search&query=기아차&page=1
"국내업계는 비대면 마케팅, 할인 프로모션 ‘몸부림’","‘코로나 한파’ 속에서도 지난달 수입차 판매가 전년 동기 대비 오히려 늘었다. 국내 자동차업계가 판매 실적을 끌어올리기 위해 고전하는 모습과 대비되면서 소비자들의 수입차 선호 추세를 보여주고 있다.4일 한국수입자동차협회(KAIDA)에 따르면 지난달 수입 승용차 신규등록대수는 1만6725대로 나타났다. 일부 브랜드의 물량 부족과 영업점 방문객 감소 탓에 1월 1만7640대보다는 5.2% 감소했지만 지난해 같은 달 1만5885대보다 5.3% 증가했다. 올해 수입차 누적 등록대수 역시 3만4365대로 전년 동기(3만4083대)보다 0.8% 늘었다.브랜드별 등록대수를 살펴보면 메르세데스-벤츠가 4815대로 1위를 차지했다. BMW가 2위로 3812대, 쉐보레가 3위로 973대를 판매했고 볼보와 미니 등이 그 뒤를 이었다.국가별로는 독일 등 유럽 브랜드가 1만2956대(77.5%)를 차지한 반면 일본 브랜드 판매는 1651대(9.9%)에 불과해 일본 불매운동의 여파가 아직 있는 것으로 분석됐다.이와 반대로 국내 업계는 부품 수급 및 판매에 어려움을 겪으면서 지난달 판매 실적이 최악의 수준을 기록했다. 현대·기아차 등 완성차 5개사의 지난달 내수 판매는 전년 동기 대비 21.7% 줄었다.업계는 이에 따라 비대면 마케팅과 할인 행사 등으로 판매량 제고에 안간힘을 쓰고 있다.기아자동차는 개인 사업자 고객의 부담 낮춰을 소비 활성화를 시킨다는 목표로 ‘개인 사업자 지원 구매 프로그램’을 이날 출시 초기 6개월간 월 납입금이 없으며, 실제 할부 원금은 6개월 이후부터 30개월 동안 4.0%의 특별 금리로 상환할 수 있도록 했다. 구매자의 경제 상황에 맞게 언제라도 할부금을 상환할 수 있도록 중도 상환 수수료도 면제된다. 구매 프로그램 이용 고객 전원에겐 기아차가 소비 활성화 지원을 위해 마련한 20만원 상당의 기프트 카드도 제공된다.르노삼성차의 경우 3일 공식 출시한 신형 스포츠유틸리티차량(SUV) ‘XM3’의 사전 계약을 비대면 방식으로 진행하면서 12일만에 사전 계약 대수 5500대를 달성하는 성과를 냈다. 온라인 구매를 유도하기 위해 네이버페이와 손잡고 온라인 사전계약을 실시힌 결과 온라인 사전계약 비중이 21%로 높게 나타났다르노삼성차 관계자는 “신종 코로나바이러스감염증(코로나19) 확산으로 직접 영업점에 방문하기가
부담스러운 소비자들 고려했다”면서 “2016년부터 온라인 계약 방식을 유지하고 있었으나 호응이 크지 않았다. 이번에는 코로나19의 영향을 받은 것으로 보인다”고 설명했다.임세정 기자 fish813@kmib.co.krGoodNews paper ⓒ , 무단전재 및 재배포금지",/news/news_read.nhn?article_id=0001295343&office_id=005&mode=search&query=기아차&page=1
"일감 부족해 3년 前 없앴는데…""집단시위 나서자"" 목소리도노조 일부 사무실서 난동 부려업계 ""車산업 위기 직시해야""","기아자동차 노조가 1인 시위와 선전전에 나서겠다고 선언했다. 기아차 노조 광주지회는 지난주 공장 사무실에서 집기를 부수는 ‘행패’를 부렸다. 업계에서는 신종 코로나바이러스 감염증(코로나19) 확산으로 한국 자동차산업이 휘청이고 있는 상황에 노조가 무리한 행동에 나섰다는 지적이 나온다.4일 자동차업계에 따르면 기아차 노조는 잔업 복원을 위한 투쟁을 시작할 것이라고 밝혔다. 기아차는 2017년 매일 후반조 근무 이후 30분씩 하던 잔업을 없앴다. 생산능력과 수요 등을 감안할 때 잔업이 필요 없다는 판단에서였다. 잔업을 하면 통상임금의 1.5배를 지급해야 하기 때문에 비용 부담도 만만치 않았다.기아차 노조는 지난해부터 잔업 복원을 요구하기 시작했다. 잔업수당을 못 받아 실질임금이 줄어든 노조원들이 불만을 제기했기 때문이다. 회사 측은 잔업이 필요하지 않은 만큼 수용하기 어렵다고 맞섰다. 회사가 잔업 복원을 거부하자 노조는 청와대 및 서울 양재동 본사 앞에서 1인 시위 등 투쟁을 하겠다고 나섰다.이번주에는 1인 시위와 선전전에 집중하고, 다음주에는 투쟁 강도를 높이겠다는 계획이다. 노조 내부에서는 “집단시위를 하자”는 목소리도 나온다.업계에서는 중국산 부품(와이어링 하니스) 공급 부족 및 코로나19 확산으로 언제 공장 가동을 중단해야 할지 모르는 상황에 노조가 무리한 요구를 하고 있다는 지적을 내놓는다. 한 관계자는 “한국 자동차산업이 글로벌 금융위기 이후 최대 위기에 빠졌는데 30분 잔업을 되살리라고 투쟁하는 건 상식적으로 이해하기 힘들다”고 꼬집었다.지난주에는 기아차 노조 광주지회가 공장 사무실에서 난동을 부리는 일이 벌어졌다. 지방자치단체(광주 광산구)가 악취오염도 검사 부적합 판정을 근거로 광주 하남주조공장 가동을 중단하라고 명령했고, 회사는 이에 따라 공장을 이전하기로 결정했다. 일부 직원이 다른 공장으로의 전환배치에 반대하며 버텼고, 노사는 협의를 이어갔다.이 와중에 광주지회 집행부가 지난달 27일 공장 사무실에 난입해 컴퓨터와 복사기, 가구 등을 부쉈다. 출입문과 유리창도 깼다. 업계 관계자는 “집행부는 이를 자랑하듯 ‘타격투쟁’이라고 홍보하고 있는데, 시대착오적 행동”이라고 혀를 찼다.도병욱 기자 dodo@hankyung.com▶ ▶
 ▶
ⓒ 한국경제 & , 무단전재 및 재배포 금지",/news/news_read.nhn?article_id=0004301248&office_id=015&mode=search&query=기아차&page=1
역대 2월 기준 최다 판매 기록프라이드 판매량 89% 이상 급등,"현대·기아차가 미국시장에서 역대 2월 기준으로 최다 판매를 기록했다. 북미시장에 상륙한 스포츠유틸리티차(SUV)의 쾌속질주와 스테디셀링카 세단들의 판매호조 등으로 2월 판매 규모로는 미국시장 진출 이후 사상 최대치다.
 4일 업계에 따르면 지난달 미국시장에서 현대·기아차는 전년동기대비 17.9% 증가한 10만6777대를 판매했다. 미국시장에서 역대 2월을 통틀어 최다 판매규모이다. 현대·기아차의 2월 미국 판매량이 10만대 고지를 탈환한 것은 2016년 2월(10만2746대)이후 4년만에 처음이다. 업체별로 지난해 같은 기간에 비해선 현대차는 15.8% 늘어난 5만4600대, 기아차는 20.2% 급증한 5만2177대를 각각 판매했다.
 특히, 현대·기아차가 지난해 10월이후 미국시장에서 5개월 연속 전년동기대비 증가세를 이어가면서 북미시장에서 본격적인 판매 회복세에 진입한 것 아니냐는 관측을 낳고 있다.
 실제 올해 1월과 비교해도 인기차종인 SUV의 판매고공행진이 뚜렷하다. 1000대이상 팔린 차종 중 전월대비 가장 높은 신장세를 보인 모델은 기아차의 프라이드(리오)로 89.3% 수직급등한 3082대를 기록했다.
 기아차는 이외에도 텔루라이드(6754대), 카니발(1416대) 등 주력 SUV들이 전월대비 30%이상 늘어나는 가파른 증가세로 판매개선을 이끌었다. 지난달 북미시장에 본격 데뷔한 셀토스는 2798대 판매로 순조로운 출발에 나섰다. 대형 SUV경쟁이 치열한 미국시장에서 소형 SUV가 판매개시 첫달에 3000대에 가까운 실적을 올리는 것은 흔치 않다.
 현대차 코나는 전월대비 68.5%나 치솟은 7092대가 팔렸다. 팰리세이드의 경우 지난달 7000대에 육박하는 6967대를 판매해 지난해 6월 미국판매 이후 처음으로 6000대를 돌파했다. 베뉴(1226대)도 미국 판매이후 처음으로 1000대를 넘어서는 등 현대차 SUV 차종들의 약진이 이어졌다. 지난달 현대·기아차의 SUV 미국시장 판매는 6만4187대로 전년동월과 비교해도 28.1% 증가한 규모다.
 세단들도 저력을 발휘했다. 현대차 아반떼(현지명 엘란트라)는 전월대비 33.7% 증가한 1만86대로 현대·기아차 북미 베스트셀링카를 수성했고, K3(8513대), 쏘나타(6144대), 엑센트(2046대), 스팅어(1063대) 등이 고른 성장세를 보였다. 업계 관계자는 ""판매 증가세가 통상적으로 5~6개월 이상 이어지면 본격적인 회복국면에 진입한 것으로 본다""면서도 ""다만, '코로나19' 복병이 등장해 변수가 될 수 있다""고 분석했다.


 ※ 저작권자 ⓒ 파이낸셜뉴스. 무단 전재-재배포 금지",/news/news_read.nhn?article_id=0004383789&office_id=014&mode=search&query=기아차&page=1
"지난달 판매량 10만6,777대전년比 18% 신장···'역대 최대'혼다·닛산 제치고 상승궤도 진입","[서울경제] 현대·기아자동차가 지난달 미국 시장에서 10만6,777대를 판매하며 2월 기준 역대 최대 판매량을 기록했다. 수익성이 높은 스포츠유틸리티차량(SUV)이 전체 판매 증가세를 이끌며 전년 같은 달보다 17.9% 판매량이 늘었다. 현대·기아차는 일본 업체들과 비교해도 크게 뒤지지 않는 판매량을 기록했다. 중국 시장이 신종 코로나바이러스 감염증(코로나19) 여파로 판매 절벽에 처한 것과 달리 미국 시장에서는 현대차가 본격적인 상승 궤도에 올랐다는 평가다. 현대차는 4일 지난달 미국 시장에서 전년 동월 대비 15.8% 늘어난 5만4,600대(제네시스 포함)를 팔았다고 밝혔다. 아반떼(현지명 엘란트라)가 1만86대로 현대차 베스트셀링 모델에 올랐고 그 뒤로는 투싼(9,594대), 싼타페(7,152대), 코나(7,092대), 팰리세이드(6,967대) 등 다양한 크기의 SUV들이 고른 판매량을 기록했다.기아차도 지난달 미국 시장에서 5만2,177대를 팔며 전년 동월보다 20.2% 증가한 판매량을 기록했다. K3(현지명 포르테)가 8,513대로 가장 많이 팔렸고 스포티지(7,934대), 쏘렌토(6,875대), 텔루라이드(6,754대), 쏘울(5,816대) 등의 SUV가 2~5위 모델이었다.현대·기아차를 합친 판매량은 10만6,777대로 2월 역대 최대 판매량이다. 미국 시장은 연말에 할인이 많아 1~2월 수요가 연말로 쏠린다. 게다가 2월은 영업일수도 적어 대표적 비수기로 꼽힌다. 하지만 지난달에는 지난해 12월(11만8,174대)과 비교해 큰 차이가 없는 판매량을 기록했다.현대·기아차 모두 SUV가 판매 증가를 이끌었다는 점이 고무적이다. 현대·기아차는 미국 시장이 SUV로 위주로 재편되던 2010년대 초중반에 이 흐름을 따라가지 못해 위기를 겪었다. 2013년 미국 자동차 시장 전체 판매량 중 SUV의 비중은 51.3%였는데 현대차는 18.2%에 불과했다. 하지만 현대·기아차는 약점을 부지런히 개선하며 이 비중을 지난해 53%로 크게 늘렸다. 지난달에도 현대차 SUV는 전년 동월보다 28.1% 늘어난 3만2,059대가 팔렸다. 기아차 SUV 또한 3만2,128대의 판매량을 기록했다.이처럼 ‘판매의 질’이 좋아지면서 현대·기아차가 미국 시장에서 본격 상승 궤도에 올랐다는 평가가 나온다. 현대·기아차는 일본 업체들과의 경쟁에서도 밀리지 않는 판매량을 미국에서 보여주고 있다. 도요타의 지난달 판매량인 19만4,152대(렉서스 포함)에는 뒤지지만 혼다(아큐라 포함)의 12만6대와는 큰 차이가 없다. 닛산은 판매량을 발표하지 않고 있는데 혼다보다 판매량이 적다.다만 제네시스 판매량을 늘리는 게 현대차의 과제로 꼽힌다. 제네시스는 지난달 미국 시장에서 전년 동월보다 3.9% 늘어난 1,587대가 판매되는 데 그쳤다. /박한신기자 hspark@sedaily.com저작권자 ⓒ 서울경제, 무단 전재 및 재배포 금지",/news/news_read.nhn?article_id=0003704697&office_id=011&mode=search&query=기아차&page=1
,"지난달 내수 시장에서 ‘신종 코로나바이러스 감염증(코로나19)’으로 부진을 겪었던 현대ㆍ기아자동차가 지난달 미국 시장에서는 18% 가량 성장했다. 판매 차종 대부분이 현지에서 생산하고, 스포츠유틸리티차량(SUV) 판매가 늘어난 덕분이다. 4일 현대ㆍ기아차에 따르면 현대차, 기아차, 제네지스 북미법인은 지난달 미국 시장에서 전년 동월 대비 17.9% 증가한 10만6,777대를 판매했다. 현대ㆍ기아차가 2월 미국 시장에서 10만대 넘게 판매한 것은 이번이 처음이다. 브랜드별로 살펴보면 기아차(5만2,177대)가 20.2%로 가장 높은 성장세를 기록했다. 기아차 성장을 이끈 차량은 스포티지(7,934대), 쏘렌토(6,875대), 텔루라이드(6,754대) 등 SUV 라인업이었다. 2월부터 본격적인 판매를 시작한 셀토스는 2,798대가 팔리며 미국 소형 SUV 시장에 성공적으로 안착했다. 현대차는 지난달 5만3,013대를 판매하며 전년 동월 대비 16.2% 성장했다. 현대차 성장도 SUV 라인업이 이끌었다. 투싼(9,594대), 싼타페(7,152대), 코나(7,092대) 등 기존 모델 외에도 팰리세이드가 6,967대를 순증시켰다. 친환경차 판매도 늘었다. 수소전기차 넥쏘는 지난해 2월보다 460% 성장했고, 아이오닉 역시 14.3% 판매 증가를 기록했다. 지난달 미국 시장에서 제네시스는 전년 동월 대비 3.9% 성장한 1,587대를 판매했다. 주력 모델인 준대형 세단 G80이 노후화로 부진(-14.3%)을 겪었지만, 대형 세단 G90 판매량이 64.2% 증가했기 때문이다. 스포츠 세단 G70도 전년 동월 대비 2.7% 증가한 841대를 판매하며 성장을 도왔다.전문가들은 현대ㆍ기아차가 미국 판매 차종 대부분을 현지에서 생산하기 때문에 신종 코로나 사태에도 성장을 이어간 것으로 판단했다. 실제 제네시스 전 차종, 현대ㆍ기아차 소형 라인업을 제외하면 모든 차종이 미국 앨라배마, 조지아 공장에서 생산되고 있다. 또 지난해부터 텔루라이드, 팰리세이드, 셀토스 등 기존에 없던 SUV 신차를 대거 투입하면서 판매 순증 효과가 있었던 것으로 분석했다. 업계 관계자는 “현대ㆍ기아차가 지난달 내수 시장에서는 신종 코로나 여파로 생산에 많은 차질을 빚었지만, 미국 판매 차종의 경우 대부분 현지 생산이라 큰 타격이 없었다”며 “다만 신종 코로나 사태가 장기화될 경우 미국 공장 생산 차종도 일부 부품 수급 문제가 발생할 수 있어 긴장을 놓으면 안될 것”이라고 했다. 류종은 기자 rje312@hankookilbo.com",/news/news_read.nhn?article_id=0000473787&office_id=469&mode=search&query=기아차&page=1
