head,text,url
,"[이데일리 박정수 기자] 다음은 지난 19일 주요 크레딧 공시다.△한국항공우주(047810)산업= 한국신용평가는 본평가 및 정기평가를 통해 한국항공우주산업의 무보증사채 신용등급(AA-) 전망을 ‘부정적’에서 ‘안정적’으로 변경. 또 본평가를 통해 기업어음 신용등급을 ‘A1’으로 부여. 등급전망 상향에 대해 △군수사업 중심의 수주물량 지속적 확보 △영업실적 안정적 유지 △양호한 재무안정성 유지 △회계부정 이슈로 인한 재무적 변동 가능성 저하 등을 이유로. 2019년에 수주가 예상됐던 전술입문용훈련기 2차, 수리온 4차 등 대규모 양산 사업의 수주에 힘입어 군수사업에서만 약 2조원 이상의 신규수주를 예상.△대유에이텍(002880)= 한국기업평가는 대유에이텍 무보증사채 신용등급(BB+) 전망을 기존의 ‘안정적’에서 ‘부정적’으로 변경. 신종 코로나바이러스 감염증(코로나19) 영향으로 단기 영업실적 저하가 불가피. 광주공장 생산물량 중 스포티지와 쏘울이 차지하는 비중이 80% 가까이 되기 때문에 기아차의 차종별 영업환경이 대유에이텍 영업실적에 부담요인으로 작용. 2019년에도 중국 위니아 대우전자렌지 지분 취득에 220억원, 위니아홀딩스 사채 인수에 100억원이 소요. 2020년 1분기 중 스마트저축은행 지분 매각 완료로 약 240억원이 유입됐으나 매입채무 결제, 소송관련 공탁금(87억원), 관계사 대여금(70억원) 등에 상당 부분 사용되면서 차입금은 2019년 말 대비 증가.박정수 (ppjs@edaily.co.kr)＜ⓒ종합 경제정보 미디어 이데일리 - 무단전재 & 재배포 금지＞",/news/news_read.nhn?article_id=0004644534&office_id=018&mode=search&query=기아차&page=2
,"[머니투데이 정인지 기자] 유럽 4월 자동차시장에서 현대기아차의 판매량이 80%가 감소했다. 하나금융투자는 코로나19(COVID-19)로 감소폭이 심화됐지만 5ㄹ월 이후 점진적으로 완화될 것이라고 판단했다. 20일 송선재 하나금융투자 연구원은 ""현대차와 기아차의 4월 유럽 판매는 전월 동기 대비 81%, 78% 감소한 9000만대, 1만대였다""고 밝혔다. 전체 유럽 시장은 78%가 감소했다. 시장점유율은 현대차는 0.4% 감소한 3.1%, 기아차는 0.1% 증가한 3.3%였다. 현대차의 친환경차, 전기차 판매는 61%, 57% 감소했고, 기아차는 48%, 13% 감소해 비교적 감소폭이 적었다. 송 연구원은 ""3월 51% 판매 감소에 이어 4월에도 주요 국가들의 이동봉쇄령으로 판매가 급감했다""며 ""국가별로는 코로나19 피해가 큰 이탈리아, 영국, 스페인, 프랑스의 감소폭이 컸다""고 설명했다. 그는 ""일부 완성차들의 생산이 재개되었 고, 국가별로 셧다운이 완화되면서 5월 이후 감소폭은 점진적으 로 완화될 것""이라고 예상했다. 정인지 기자 injee@mt.co.kr
<저작권자 ⓒ '돈이 보이는 리얼타임 뉴스' 머니투데이, 무단전재 및 재배포 금지>",/news/news_read.nhn?article_id=0004411531&office_id=008&mode=search&query=기아차&page=2
,[이데일리 박태진 기자] NH투자증권은 20일 주요 자동차 기업 실적은 지난 4월 저점을 확인하고 중장기 전동화를 통해 3분기부터 점진적으로 실적 개선세가 나타날 것이라고 진단했다.조수홍 NH투자증권 연구원은 “4월 글로벌 자동차 판매는 397만대로 전년 동기 대비 44.8% 감소해 3월(-37.9%) 대비 감소폭이 확대됐다”면서 “5월부터 글로벌 락다운이 점진적으로 해제되고 있음을 감안할 때 저점은 확인한 것으로 판단된다”고 분석했다.주요 자동차 기업 실적은 대부분 적자전환이 예상되는 2분기를 저점으로 3분기부터 점진적으로 회복될 것으로 예상된다.다만 고용회복이 더디게 진행될 경우 고가 내구재인 자동차 수요 회복도 그만큼 지연될 수 있다는 불확실성도 존재한다는 판단이다. 또 이후 자동차산업 패러다음 변화에 따라 글로벌 수요 둔화 장기화도 불가피할 것이란 해석도 나온다.산업구조가 바뀌고 있고 장기적인 글로벌 수요감소 전망 하에서는 과거처럼 모든 밸류체인이 완성차와 동반 성장할 수 없다는 분석도 나온다. 따라서 지속 가능성이 향후 투자판단의 기장 중요한 기준이 될 것이란 해석이다.현대차(005380)와 기아차(000270) 모두 3세대 플랫폼이 적용된 신차 출시 사이클이 양호하다는 분석이다. 특히 인도시장에서 대기 수요를 확보하고 있는 것으로 판단되는 기아차의 불륨 성장 모멘텀이 더 긍정적이라는 설명이다.향후 자동차 산업 내 가장 유망한 사업 분야로 전동화가 될 것이란 전망도 나온다.조 연구원은 “지난해 말 현대차는 2025년까지 미채사업기반을 위한 투자 중 약 50를 전동화에 투자하겠다고 밝힌 바 있다”면서 “향후 전기 동력원으로의 전환 과정에서 중장기 수혜가 예상되는 기업은 한온시스템(018880)과 S&T모티브(064960)가 될 것”이라고 전망했다.박태진 (tjpark@edaily.co.kr)＜ⓒ종합 경제정보 미디어 이데일리 - 무단전재 & 재배포 금지＞,/news/news_read.nhn?article_id=0004644572&office_id=018&mode=search&query=기아차&page=2
기아차 긍정률 45.97%…순호감도 28.36% 기록,"[서울=뉴시스] 박주연 기자 = 국내 5개 완성차업체 중 소비자 호감도가 가장 높은 곳은 '기아자동차'로 나타났다. 소비자 관심도가 가장 높은 곳은 '현대자동차'였지만 지난해 동기 대비 감소율 역시 1위를 기록했다. 글로벌빅데이터연구소는 지난해 11월19일부터 5월18일까지 6개월간 현대·기아·한국지엠·르노삼성·쌍용차를 대상으로 소비자 호감도·관심도 조사를 실시, 20일 이같은 내용을 발표했다. 분석대상 채널은 뉴스·커뮤니티·블로그·카페·유튜브·트위터·인스타그램·페이스북·카카오스토리·지식인·기업 조직·정부 공공 등 12개로, 뉴스를 제외하고 국내 커뮤니티 기능이 있는 사회관계망(SNS) 4개과 웹사이트 수천 개가 포함됐다. 조사결과 소비자 호감도가 가장 높은 자동차사는 '기아자동차'였다. 기아차의 긍정률은 45.97%, 부정률은 17.61%로, 긍정률에서 부정률을 뺀 값인 '순호감도'는 28.36%였다.순호감도 2위는 현대자동차로 25.83%였으며 르노삼성 20.09%, 한국지엠 16.30% 순이었다. 쌍용차는 15.29%로 최하위를 기록했다.해당 자동차 회사 게시물 내용에 '예쁘다', '좋다', '만족한다', '최고', '웃다', '고품질', '잘한다'등의 단어가 더 많으면 긍정글로 분류되고 '나쁘다', '화난다', '저품질', '불만족', '울다', '짜증', '못한다' 등의 부정적 의미의 단어가 더 많으면 부정글로 분류된다. 완성 자동차 5사에 대해 최근 6개월간 온라인 총정보량(소비자 관심도·게시물수)과 지난해 같은 기간(2018년 11월18일~2019년 5월18일)을 비교해 조사한 결과 '더 뉴 그랜저', '아반떼' 등이 잘 팔린 현대차가 69만6462건으로 1위를 기록했다. 그러나 현대차에 대한 관심도는 지난해 동기 76만5012건에 비해 6만8550건, 8.96% 줄면서 5개사중 가장 높은 감소율을 기록했다. 4세대 '쏘렌토' 등이 선전한 기아차가 33만5359건으로 2위를 차지했지만 지난해 같은 기간 34만8973건에 비해서는 1만3614건 3.90% 줄었다.3위인 한국은 소형 SUV '트레일 블레이저'가 베스트 셀링카에 등극했음에도 불구하고 지난해 같은 기간에 비해서는 2499건 0.98% 줄어든 25만1879건을 기록했다.르노삼성은 최근 6개월간 12만5337건의 정보량으로 4위를 차지했지만 지난 2월 출시한 'XM3'가 효자상품으로 올라서면서 지난해 동기 대비 9649건 8.34% 늘며 증가율 1위를 기록했다. 쌍용차는 11만8174건으로 최하위의 관심도를 보였지만 지난해 동기 11만5372건보다 되레 2802건 2.43% 늘어나며 신종 코로나 바이러스 감염증(코로나19) 와중에서도 소비자의 이목을 사로잡는데 실패하지는 않은 모습이다.연구소 한 관계자는 ""코로나19 사태라는 초대형 악재 속에서도 국내 자동차 업계는 신차 효과 등으로 인해 내수시장에서 그나마 선방한 것으로 보인다""며 ""감염병이 진정되면 국가 브랜드 위상 제고로 신차를 중심으로 해외 수출이 크게 늘어날 가능성이 높다""고 분석했다. pjy@newsis.com<ⓒ 공감언론 뉴시스통신사. 무단전재-재배포 금지>",/news/news_read.nhn?article_id=0009870855&office_id=003&mode=search&query=기아차&page=2
현대기아차 4월 유럽서 1만8809대 판매전체 유럽 車 판매 전년比 78.3% 급감,"[아시아경제 김지희 기자] 지난달 현대기아자동차의 유럽시장 판매가 전년 대비 80% 가까이 급감했다. 유럽 내 신종 코로나바이러스감염증(코로나19) 확산이 심화됨에 따라 신차 판매가 직격탄을 맞았다.20일 유럽자동차공업협회(ACEA)에 따르면 현대기아차는 지난 4월 유럽시장에서 총 1만8809대를 판매했다. 이는 지난해 같은 기간과 비교해 79.3% 급감한 수치다. 현대차는 9131대, 기아차는 9678대를 팔아 전년 동기 대비 각각 80.7%, 77.9% 감소했다.지난달 유럽 자동차 시장이 코로나19의 충격을 받아 판매가 급감했다. 유럽시장의 4월 판매실적은 전년 대비 78.3% 줄어든 29만2182대를 기록하는 데 그쳤다. 재규어랜드로버그룹(-88.6%), 혼다(-88.5%), FCA그룹(-87.7%), 닛산(-86.2%), PSA그룹(-82.4%), 포드(-80.7%) 등은 판매가 80% 이상 급감했다. 이밖에 토요타그룹(-79.6%), 르노그룹(-79.5%), 폭스바겐그룹(-75.0%)의 판매실적 하락세도 컸다.현대기아차의 유럽시장 점유율은 6.4%로 지난해 같은 기간(6.8%)보다 낮아졌다. 기아차의 점유율은 3.3% 수준을 유지한 반면, 현대차의 점유율이 지난해 4월 3.5%에서 지난달 3.1%로 하락했다.현대기아차는 코로나19의 여파가 시작된 지난 1분기에도 유럽에서 전년 동기 대비 18.8% 감소한 22만1889대를 팔아 비교적 선방했다는 평가를 받았다. 이 기간 유럽시장 점유율도 7.3%로 뛰었다. 하지만 4월 들어 본격화된 코로나19의 충격파를 피해가진 못하는 분위기다.차종별로 보면, 현대차에서는 코나가 2314대(HEV 426대, EV 1050대 포함)로 가장 많이 판매됐고, i20 1692대, i30 1497대, 투싼 1393대 순으로 나타났다. 기아차의 경우 유럽 전략형 모델인 씨드가 3293대로 최다 판매 모델에 올랐다. 뒤를 이어 니로와 스포티지가 각각 1770대, 1028대 팔렸다.김지희 기자 ways@asiae.co.kr <ⓒ경제를 보는 눈, 세계를 보는 창 아시아경제 무단전재 배포금지>",/news/news_read.nhn?article_id=0004681793&office_id=277&mode=search&query=기아차&page=2
19일 유가증권시장서 총 1조2139억원 순매수현대차·SK하이닉스·S-Oil 동반 순매수,"[헤럴드경제=김현경 기자] 코로나19 백신 기대감에 19일 국내 증시에 돌아온 기관 및 외국인 투자자들이 4년여 만에 최대 규모의 순매수를 기록했다. 삼성전자만 3500억원 이상 사들이며 증시를 견인했지만, 아직 추세 전환으로 보기엔 이르다는 지적이 나온다.한국거래소에 따르면 기관과 외국인 투자자들은 19일 유가증권시장에서 총 1조2139억원을 순매수했다. 이는 올해 들어 최대 합계 금액이자, 2016년 1월 28일 1조6283억원 이후 최대 규모다.올 들어 국내 증시에서 매도 우위를 보여온 외국인은 이날 7거래일 만에 매수세를 나타내며 유가증권시장에서 3707억원어치를 사들였다. 2월 5일 4578억원 이후 최대 순매수다.기관은 4월 6일 1조361억원 이후 최대 금액인 8432억원어치를 쓸어담았다.이날 기관과 외국인이 함께 가장 많이 순매수한 종목은 삼성전자였다. 외국인이 896억3200만원, 기관이 2618억3600만원씩 총 3514억6800만원어치를 사들였다.현대차, SK하이닉스 등 시가총액 상위 종목도 동반 순매수했다.현대차는 외국인 순매수 2위(568억6100만원), 기관 순매수 3위(1161억500만원)를 차지했다.SK하이닉스는 기관이 604억6500만원, 외국인이 288억300만원을 담아 각각 4위, 5위에 올랐다.기관과 외국인은 정유주인 S-Oil도 쌍끌이했다. 기관은 441억2000만원을, 외국인은 242억800만원을 사들여 각각 7위를 기록했다.기관 및 외국인 순매수 상위 10위 종목 중 이들 4개는 일치했지만 나머지 6개는 엇갈렸다.외국인은 TIGER TOP10 상장지수펀드(ETF)를 505억2000만원어치 사들여 세 번째로 많이 담았다.4위는 삼양식품(337억1100만원), 6위는 삼성전자우(264억1200만원)로 나타났다.셀트리온헬스케어(238억5700만원), 카카오(230억1300만원), 엔씨소프트(189억7200만원)는 개인 순매수 8~10위를 기록했지만 기관은 순매도했다.반면 기관은 KODEX 레버리지 ETF(1247억1100만원)를 두 번째로 많이 담았다.포스코(497억1200만원), 기아차(479억3000만원)가 5, 6위를 기록했고 SK이노베이션(414억7700만원), 현대모비스(406억1500만원), KODEX 코스닥150선물인버스 ETF(254억7400만원)도 10위권 안에 포함됐다.다만 이날 증시가 미국 바이오 기업 모더나의 코로나19 백신 임상 1상 결과 발표의 영향을 크게 받은 만큼, 외국인의 수급 전환이 계속될지는 지켜봐야 하는 상황이다.노동길 NH투자증권 연구원은 “백신 임상 결과는 지수 하방을 막아줄 변수”라면서도 “외국인 추세 전환에 대한 의구심은 여전하다”고 말했다.노 연구원은 “외국인 투자자는 과거 렘데시비르 임상 결과 때 국내 주식 순매수로 대응했다”며 “추세적 외국인 순매수 전환을 기대하기까지 미중 마찰 여부, 세계 경기 회복, 신흥국 환율 안정화 등 확인해야 할 변수들이 많다”고 설명했다.pink@heraldcorp.com
- Copyrights ⓒ 헤럴드경제 & heraldbiz.com, 무단 전재 및 재배포 금지 -",/news/news_read.nhn?article_id=0001675706&office_id=016&mode=search&query=기아차&page=2
,"[서울=뉴시스] 박주연 기자 = 유럽 자동차시장이 신종 코로나바이러스 감염증으로 폭격을 맞았다.
20일 금융투자업계에 따르면 4월 유럽(EU+EFTA+영국) 자동차 판매는 지난해 같은 기간에 비해 78% 감소한 29만2000대에 머물렀다. 현대자동차와 기아자동차의 유럽 판매 역시 전년 동기 대비 81%, 78% 각각 감소했다.현대차의 4월 유럽 판매는 전년 동기 대비 81% 감소한 9000대에 그쳤다. 평균보다 판매 감소폭이 커지면서 시장 점유율도 전년 동기 대비 0.4% 감소한 3.1%에 그쳤다. 기아차의 경우 78% 감소한 1만대를 판매했다. 시장점유율은 0.1% 증가한 3.3% 였다. 양사 합산 판매는 전년 동기 대비 79% 감소했고, 점유율은 0.3%p 하락한 6.4%를 나타냈다. 현대차 전 차종의 판매가 감소했다. 아이오닉이 전년 동기 대비 74%, 코나가 78%, i20이 68%, i30이 79% 각각 판매 감소세를 나타냈다. 현대차 친환경차 판매는 전년 동기 대비 61% 감소했고, 전기차 판매는 57% 감소해 전기차 판매 감소세가 상대적으로 완만했다. 기아차도 전 차종 판매가 감소했다. 프라이드가 74%, 뉴시드가 77%, 니로가 61% 각각 판매 감소세를 보였다. 기아차 친환경차는 전년 동기 대비 48%, 전기차는 13% 각각 판매 감소세를 나타냈다.유럽시장 자동차 판매가 전년 동기 대비 78% 감소한 가운데 이탈리아(-98%), 영국(-97%), 스페인(-97%), 프랑스(-89%)의 판매 감소폭이 상대적으로 컸다. 독일은 61% 판매 감소세를 나타냈다.유럽 업체들 중에서는 폭스바겐이 상대적으로 양호했다. 폭스바겐 판매는 전년 동기 대비 75% 감소했지만, 시장 대비 감소폭이 작아 점유율은 28.9%(+3.8%p)로 상승했다. 반면 FCA·PSA·르노의 판매는 각각 88%·82%·80% 감소했다. 점유율도 3.7%(-2.9%p), 13.2%(-3.1%p), 9.8%(-0.6%p)로 하락했다. 독일 프리미엄 브랜드인 BMW·다임러의 판매는 70%/80% (YoY) 감소했고, 점유율은 8.8%(+2.5%p)·5.7%(-0.5%p)로 변동했다.미국 업체인 포드의 판매는 81% 감소했고, 점유율은 5.4%(-0.7%p)로 하락했다.일본 업체들은 모두 부진했다. 토요타·닛산·혼다의 판매는 전년 동기 대비 80%·86%·88% 감소했고, 점유율도 3.8%(-0.3%p)·1.5%(-0.9%p)·0.4%(-0.3%p)로 하락했다.하나금융투자 송선재 연구원은 ""4월 유럽 자동차 판매는 코로나19 확산에 따른 주요 국가들의 이동봉쇄령으로 3월에 이어 급감했다""고 설명했다. 유럽 자동차 시장은 3월에도 전년 동기 대비 52% 판매 감소세를 보였다.송 연구원은 ""국가별로는 코로나 피해가 큰 이탈리아·영국·스페인·프랑스의 판매 감소폭이 컸고, 업체별로도 해당 지역을 기반으로 하는 JLR·PSA·FCA의 판매 감소폭이 컸다""고 설명했다.그는 ""일부 완성차들의 생산이 재개됐고, 국가별로 셧다운이 완화되면서 5월 이후 감소폭은 점진적으로 완화될 것으로 예상된다""며 ""규제 강화로 유럽 시장 내 전기차 침투율 확대 방향은 유지되나, 수요 부진에 따른 규제 완화 가능성이 있어 정책 변화를 주시할 때""라고 밝혔다. pjy@newsis.com<ⓒ 공감언론 뉴시스통신사. 무단전재-재배포 금지>",/news/news_read.nhn?article_id=0009871137&office_id=003&mode=search&query=기아차&page=2
"최근 6개월간 12개 채널 '완성차 5사' 분석…'기아차' 긍정률 45.97%, 순호감도 28.36% 기록2018.11.18~2019.5.18 比 최근 6개월간 관심도 증가율 '르노삼성' 8.34% 톱…쌍용차도 증가","[한국경제TV 송민화 기자]글로벌빅데이터연구소는 지난해 11월 19일부터 지난 18일까지 6개월 동안 현대자동차와 기아자동차, 한국GM, 르노삼성자동차, 쌍용자동차 등 5개사에 대해 소비자 호감도·관심도를 조사한 결과 소비자 호감도가 가장 높은 곳은 기아자동차인 것으로 나타났다고 20일 밝혔다.조사결과에 따르면 기아자동차의 긍정률은 45.97%, 부정률은 17.61%로, 긍정률에서 부정률을 뺀 값인 순호감도는 28.36%였다.순호감도 2위는 현대자동차로 25.83%였으며, 르노삼성자동차 20.09%, 한국GM 16.30% 순이었다.쌍용자동차는 15.29%로 이들 가운데 최하위를 기록했다.연구소 측은 해당 자동차 회사 게시물 내용에 '예쁘다 좋다 만족한다 최고 웃다 고품질 잘한다' 등의 단어가 더 많으면 긍정글로 분류되고, '나쁘다 화난다 저품질 불만족 울다 짜증 못한다' 등의 부정적 의미의 단어가 더 많으면 부정글로 분류된다고 설명했다.완성차 5사에 대해 최근 6개월 동안 온라인 총정보량(소비자 관심도와 게시물 수)에서는 더 뉴 그랜저와 아반떼 등이 잘 팔린 현대자동차가 69만 6,462건으로 1위를 기록한 것으로 나타났다.그러나 현대자동차는 지난해 같은 기간 76만 5,012건보다 6만8550건, 8.96% 줄면서 5개사 중 가장 높은 감소율을 기록했다.4세대 쏘렌토 등이 선전한 기아자동차는 33만 5,359건으로 2위를 차지했지만 지난해 같은 기간 34만 8,973건에 비해서는 1만 3,614건 3.90% 줄었다.3위인 한국GM은 소형 SUV 트레일 블레이저가 베스트 셀링카에 등극했음에도 불구하고 지난해 같은 기간에 비해서는 2,499건 0.98% 줄어든 25만 1,879건을 기록했다.르노삼성자동차는 최근 6개월간 12만 5,337건의 정보량으로 4위를 차지했지만 지난 2월 출시한 XM3가 효자상품으로 올라서면서 지난해 동기 대비 9,649건 8.34% 늘며 증가율 1위를 기록했다.쌍용자동차는 11만 8,174건으로 최하위의 관심도를 보였지만 지난해 동기 11만 5,372건 보다 되레 2,802건 2.43% 늘어나며 코로나19 사태에도 소비자의 이목을 끌었다.연구소 한 관계자는 ""코로나19 사태라는 초대형 악재 속에서도 국내 자동차 업계는 신차 효과 등으로 인해 내수시장에서 그나마 선방한 것으로 보인다""며, ""감염병이 진정되면 국가 브랜드 위상 제고로 신차를 중심으로 해외 수출이 크게 늘어날 가능성이 높다""고 분석했다.한편, 분석대상 채널은 뉴스·커뮤니티·블로그·카페·유튜브·트위터·인스타그램·페이스북·카카오스토리·지식인·기업/조직·정부/공공 등 12개로, 뉴스를 제외하고 국내 커뮤니티 기능이 있는 SNS 4개 및 웹사이트 수천 개가 포함돼 소비자들의 동향을 대부분 반영하고 있다.송민화기자 mhsong@wowtv.co.krⓒ 한국경제TV, 무단 전재 및 재배포 금지",/news/news_read.nhn?article_id=0000872155&office_id=215&mode=search&query=기아차&page=2
"기아차 긍정률 45.97%, 부정률 17.61%…순호감도 28.36% '1위'","[아시아경제 김지희 기자] 국내 완성차 5개사 가운데 소비자 호감도가 가장 높은 곳은 기아자동차, 소비자 관심도가 가장 높은 곳은 현대자동차로 조사됐다.글로벌빅데이터연구소는 지난해 11월19일부터 올해 5월18일까지 6개월간 국내 완성차 5개사(현대차, 기아차, 한국GM, 르노삼성, 쌍용차)에 대한 소비자 호감도 및 관심도를 조사한 결과 이 같이 나타났다고 20일 밝혔다. 분석대상 채널은 뉴스, 커뮤니티, 블로그, 유튜브, 트위터, 인스타그램, 페이스북, 카카오스토리, 조직·정부, 공공 등 12개다. 뉴스를 제외하고 국내 커뮤니티 기능이 있는 소셜네트워크서비스(SNS) 4개 및 웹사이트 수천개가 포함됐다.이번 조사에서 기아차의 소비자 호감도가 가장 높게 나타났다. 긍정률과 부정률이 각각 45.97%, 17.61%로, 긍정률에서 부정률을 뺀 '순호감도'가 28.36%를 기록했다. 순호감도 2위는 현대차로 25.83%였으며, 르노삼성 20.09%, 한국GM 16.30%, 쌍용차 15.29% 순이었다.완성차 5개사에 대한 최근 6개월간 소비자 관심도(온라인 총정보량)를 지난해 같은 기간과 비교해 조사한 결과 더 뉴 그랜저, 아반떼 등의 판매 호조에 힘입어 현대차가 1위(69만6462건)를 차지했다. 다만 현대차는 지난해 같은 기간의 76만5012건에 비해 정보량이 9% 줄어 5개사 가운데 가장 높은 감소율을 보였다.4세대 쏘렌토 등이 선전한 기아차는 33만5359건으로 2위를 차지했다. 3위 한국GM은 소형 스포츠유틸리티차량(SUV) 트레일 블레이저가 베스트셀링카에 등극했음에도 지난해 같은 기간보다 정보량이 1% 감소한 25만1879건을 기록했다. 반면 르노삼성의 경우 최근 6개월간 정보량은 12만5337건으로 4위에 그쳤지만, 지난 2월 출시한 XM3 효과에 힘입어 지난해 동기 대비 증가율(8.3%) 1위를 기록했다. 쌍용차 역시 지난해보다 2.4% 늘어난 11만8174건으로 조사됐따.글로벌빅데이터연구소 관계자는 ""신종 코로나바이러스감염증(코로나19) 사태라는 악재 속에서도 국내 자동차 업계는 신차 효과 등으로 내수시장에서 그나마 선방한 것으로 보인다""며 ""감염병이 진정되면 신차를 중심으로 해외 수출이 크게 늘어날 가능성이 높다""고 분석했다.김지희 기자 ways@asiae.co.kr <ⓒ경제를 보는 눈, 세계를 보는 창 아시아경제 무단전재 배포금지>",/news/news_read.nhn?article_id=0004681875&office_id=277&mode=search&query=기아차&page=2
"상반기 실적 부진..3분기 개선 기대해외 자동차업계 구조조정 예고""라인업 갖춘 현대·기아차 투자매력 여전""","[이데일리TV 성주원 기자] 7거래일만에 순매수 전환한 외국인들의 선택지는 크게 3가지로 분류된다. 삼성전자(005930)·SK하이닉스(000660) 등 반도체주, 현대차(005380)·기아차(000270) 등 자동차주, 카카오(035720)·엔씨소프트(036570) 등 언택트주다.그동안 관련 산업의 침체로 외면받았던 자동차주에 외국인들이 관심을 보인 점이 눈에 띈다. 20일 이데일리TV 굿머니는 외국인들이 사들인 자동차주에 대해 살펴보고 향후 실적과 주가 전망 등을 짚어봤다.매일 아침 7시 이데일리TV 굿머니 5월20일 방송성주원 (sjw1@edaily.co.kr)＜ⓒ종합 경제정보 미디어 이데일리 - 무단전재 & 재배포 금지＞",/news/news_read.nhn?article_id=0004644888&office_id=018&mode=search&query=기아차&page=1
,"신종 코로나바이러스 감염증(코로나19) 피해가 심각한 영국과 이탈리아∙스페인 등의 4월 자동차 판매가 사실상 제로에 가까운 것으로 집계됐다.


 유럽자동차공업협회가 19일(현지시간) 발표한 유럽연합(EU) 신차등록 대수에 따르면 유럽의 4월 자동차 판매는 작년 4월 대비 76.3% 감소한 27만682대를 기록했다.


특히 코로나19가 강타한 영국과 이탈리아∙스페인의 감소세가 도드라졌다. 지난해 4월 16만1064대가 팔린 영국은 올 4월 겨우 4321대가 팔려 97.3% 감소했다. 역시 지난해 4월에 17만4924대가 팔렸던 이탈리아는 4279대로 97.6% 판매 대수가 쪼그라들었고, 스페인도 11만9417대에서 4163대로 96.5% 주저앉았다.




 4월 20일 이후 영업점 판매를 재개한 독일만 감소율 61%를 나타내며 12만840대가 팔려 유럽시장 내에서 유일하게 10만대 넘게 팔렸다.


브랜드별로는 폴크스바겐그룹 판매가 지난해 4월 대비 75% 감소했지만 시장 점유율은 25.1%에서 28.9%로 늘어 1위를 지켰다. 시장 2위인 푸조∙시트로엥(PSA) 그룹의 판매도 작년 4월 대비 82.4%, 3위 르노그룹도 79.5% 감소했다.


현대∙기아차의 판매 실적도 79.3% 감소했다. 시장 점유율은 작년 4월 6.8%에서 6.4%로 소폭 감소했다. 2019년 기준 유럽 시장이 전체 판매에서 차지하는 비중은 현대차가 12%, 기아차가 18%다.


박성우 기자 blast@joongang.co.kr
▶ ▶
/ ⓒ중앙일보(https://joongang.co.kr), 무단 전재 및 재배포 금지",/news/news_read.nhn?article_id=0003002172&office_id=025&mode=search&query=기아차&page=1
,"현대·기아차 이어 데이터 오픈 플랫폼 '제네시스 디벨로퍼스' 운영(서울=연합뉴스) 최윤정 기자 = 현대·기아차에 이어 제네시스 브랜드도 차량 데이터를 공유해서 커넥티드카 상품과 서비스 개발을 지원한다.

제네시스는 20일 데이터 오픈 플랫폼 '제네시스 디벨로퍼스'를 선보인다고 밝혔다.

제네시스 디벨로퍼스는 제네시스 커넥티드 서비스를 이용하는 차량에서 수집한 운행정보, 주행거리, 운전습관 등을 API(Application Programming Interface) 형식으로 가공해 개인과 법인사업자에게 제공한다.

데이터 공유는 고객이 동의하는 경우만 이뤄진다.

커넥티드카 서비스와 상품을 개발하려는 사업자는 제네시스 디벨로퍼스 홈페이지(http://developers.genesis.com)에 가입하고 데이터 사용처와 목적을 등록한 뒤 승인과정을 거쳐 API를 이용할 수 있다.


제네시스는 플랫폼 활성화를 위해 현대해상, 오일나우, 오윈, 카택스의 커넥티드카 서비스를 고객들에게 우선 제공한다.

현대해상은 고객의 운전습관 데이터를 활용해 보험료 할인 혜택을 주고 오일나우는 주행거리와 남은 주유량을 기반으로 최적의 주유소를 추천한다.

오윈은 위치 정보를 활용해 음식 픽업을 도와주고 카택스는 누적주행거리를 기반으로 실제 이동거리를 정확하게 관리하는 서비스를 제공한다.

merciel@yna.co.kr",/news/news_read.nhn?article_id=0011621404&office_id=001&mode=search&query=기아차&page=1
,"현대자동차그룹이 현대차, 기아차에 이어 제네시스 브랜드까지 차량 데이터를 제휴 사업자와 공유하고 새로운 서비스 구축에 나선다. 현대차 고급 브랜드 제네시스는 차량 데이터 오픈 플랫폼 ‘제네시스 디벨로퍼스’를 선보인다고 20일 밝혔다. 제네시스 디벨로퍼스는 제네시스 커넥티드 서비스를 이용하는 차량으로부터 수집한 운행ㆍ제원정보, 주행거리, 운전습관 등의 데이터를 API 형식으로 가공해 개인ㆍ법인사업자에게 제공하는 오픈 플랫폼이다. 단 데이터 공유는 고객이 동의하는 경우에만 이뤄진다.제네시스 디벨로퍼스 제휴사는 차량과 연계된 다양하고 혁신적인 서비스 및 상품을 개발하고 제네시스 고객들은 고도화된 맞춤형 커넥티드카 서비스ㆍ상품을 이용할 수 있다. 특히 제네시스 고객들은 사용자 계정을 연동하기만 하면 별도의 가입 절차 없이 제휴사 서비스를 이용할 수 있다.제네시스 디벨로퍼스는 운영 초기 플랫폼의 활성화를 위해 △현대해상(보험료 할인) △오일나우(주유패턴 분석) △오윈(위치정보 기반 서비스) △카택스(주행거리 관리) 등 제휴사 4곳의 커넥티드카 서비스를 고객에게 우선적으로 제공할 예정이다. 제네시스는 차량 내ㆍ외부 및 다양한 고객 접점에서 발생하는 대규모 데이터를 확보하고 이를 분석해 제휴사와 함께 제네시스 고객에게 가장 혁신적인 서비스와 혜택으로 차별화된 고객 경험을 제공해 커넥티드카 시장을 지속적으로 발전시킨다는 계획이다.제네시스 관계자는 “고객들에게 다양하고 편리한 커넥티드카 서비스를 전달함으로써 고객이 느낄 수 있는 경험 역시 매우 중요하게 생각한다”며 “제네시스 디벨로퍼스를 통해 고객의 삶에 새로운 가치를 창출함은 물론 국내 소프트웨어 발전으로 미래 모빌리티 사업 중 하나인 커넥티드카 생태계 조성에 큰 역할을 할 것으로 기대한다”라고 밝혔다.류종은 기자 rje312@hankookilbo.com",/news/news_read.nhn?article_id=0000498025&office_id=469&mode=search&query=기아차&page=1
데이터 오픈 플랫폼 '제네시스 디벨로퍼스' 운영,"[헤럴드경제 원호연 기자]현대·기아차에 이어 제네시스도 차량 데이터를 개발자에게 공유해 커넥티드카 상품과 서비스 개발을 지원한다.제네시스는 20일 데이터 오픈 플랫폼 '제네시스 디벨로퍼스'를 선보인다고 밝혔다.제네시스 디벨로퍼스는 제네시스 커넥티드 서비스를 이용하는 차량에서 수집한 운행정보, 주행거리, 운전습관 등 데이터를 API(Application Programming Interface) 형식으로 가공해 개인과 법인사업자에게 제공한다.다만 데이터 공유는 고객이 동의하는 경우만 이뤄진다.커넥티드카 서비스와 상품을 개발하려는 사업자는 제네시스 디벨로퍼스 홈페이지에 가입하고 데이터 사용처와 목적을 등록한 뒤 승인과정을 거쳐 API를 이용할 수 있다.제네시스는 플랫폼 활성화를 위해 현대해상, 오일나우, 오윈, 카택스의 커넥티드카 서비스를 고객들에게 우선 제공할 계획이다. 현대해상은 고객의 운전습관 데이터를 활용해 보험료 할인 혜택을 주고 오일나우는 주행거리와 남은 주유량을 기반으로 최적의 주유소를 추천한다.오윈은 위치 정보를 활용해 음식 픽업을 도와주고 카택스는 누적주행거리를 기반으로 실제 이동거리를 정확하게 관리하는 서비스를 제공한다.제네시스 관계자는 ""앞으로 제네시스 디벨로퍼스를 통해 고객의 삶에 새로운 가치를 창출함은 물론 국내 소프트웨어 발전으로 미래 모빌리티 사업 중 하나인 커넥티드카 생태계 조성에 큰 역할을 할 것으로 기대한다""라고 밝혔다.
- Copyrights ⓒ 헤럴드경제 & heraldbiz.com, 무단 전재 및 재배포 금지 -",/news/news_read.nhn?article_id=0001675934&office_id=016&mode=search&query=기아차&page=1
- 5월 30일(토) 13시 부산 벡스코 강연회: 핵심 5종목 공개,"2020년초에는 정부의 부동산 억제정책으로 한국주식시장의 긍정적인 전망이 우세 했지만, 코로나 19 확산이라는 악재를 만나면서 글로벌 주식시장 하락폭이 확대되고, 종합지수 1,439 포인트까지 급락하는 불안한 모습을 보였다. 하지만, 각국정부의 경기부양책 기대와 금융정책 영향으로 글로벌 주식시장이 안정을 찾으면서 한국 주식시장 역시 주가 상승폭이 확대되었다.언제나 그렇듯이 주식시장의 특성은 피해를 보는 업종이 있으면 수혜를 보는 업종이 있다. 코로나19 발생으로 진단키트 종목과 마스크 관련종목, 손 세정제 관련 종목이 동반 상승하고 학교 개강의 연기로 원격교육 관련종목, 재테크 근무의 확산으로 비대면 관련 종목으로 순환 상승을 기록하면서 우리 주식시장 전반기에는 개별테마종목 시장이 연출되었다.코로나19 확진 환자가 증가하면서 글로벌경제 악화 전망으로 각국정부의 경제지표가 악화되고 기업실적 전망이 부정적으로 나오면서 주가하락의 부담으로 작용하였다. 하지만, 1분기 기업실적 발표가 시장 예상치 보다 긍정적으로 나오면서 주식시장의 추가 하락을 방어하고 있다.주식은 재료와 수급으로 움직이고 재료 보다는 수급이 우선으로 시장의 유동자금 움직임에 대응해야 한다. 경제지표 악화에도 시중 유동자금은 주식시장으로 유입되어 매수가 증가하면서 주가 하락을 방어하고 있다.주가는 “꿈을 먹고 성장한다.”는 주식 격언을 생각 한다면, 경제지표 부진과 기업 실적 하락은 주가에 반영되었고 하반기에는 코로나 19 치료제와 백신 개발로 경제활동이 재개되면서 지금보다는 경제지표가 호전될 것이라는 “꿈”을 가지고 지금은 업종대표 종목의 저가매수 대응이 필요하다.주식매매는 “자신과 시간 싸움이다.” 고 한다. 어떤 방법으로 매매를 하더라도 수익을 얻는 것이 제일이지만, 개별테마종목 단타매매 보다는 ‘지금 주식을 매수한다면, 최소한 일년 이상은 보유한다.’ 는 생각으로 인내심이 필요하다.돌이켜보면, 2008년 금융위기가 발생하면서 주가 하락하였을 때, 우리나라 업종대표종목 삼성전자(005930), 삼성전기(009150), 삼성물산(028260), 현대차(005380), 기아차(000270), 신한지주(055550), KB금융(105560), NH투자증권(005940) 등 매수하고 자신과 시간 싸움을 이겨낸 투자자가 크게 수익을 얻었던 경험을 생각해보면 된다.주식시장 하반기에는 2년후 예정되어 있는 대선을 앞두고 부동산 억제정책이 지속되면서 수익 되는 곳을 찾아다니는 시중 유동자금이 주식시장으로 유입되고, 돈으로 밀어 올리는 <유동성시장> 이 전개되면서 예상보다 주가 상승폭이 커질 수 있다.“인간은 추억을 먹고 산다.”고 한다. 개인투자자 모두가 주식으로 부자가 되는 추억을 만들고 싶다면, 지금은 꿈이 있는 주식을 매수하고 시간을 이겨 나가는 인내심이 필요할 때이다.우리가 경험하지 못했던 종합지수 상승을 기대하며, 오는 5월 30일(토) 13시 부산 벡스코에서 핵심 5가지 종목을 선정하여 개인투자자에게 안내할 예정이다. 본 강연회는 사전 신청자만 입장 가능하며, 자세한 사항은 이데일리ON 홈페이지에서 확인 가능하다.※ 작성: 증권방송 이데일리ON 배현철 대표[본 글은 투자 참고용으로 이를 근거로 한 투자 손실에 대해 책임을 지지 않습니다. 해당 홍보용 기사는 이데일리와 무관합니다.]투자전략팀 (on@edaily.co.kr)＜ⓒ종합 경제정보 미디어 이데일리 - 무단전재 & 재배포 금지＞",/news/news_read.nhn?article_id=0004644972&office_id=018&mode=search&query=기아차&page=1
"차량 데이터 오픈 플랫폼 ‘제네시스 디벨로퍼스’""다양한 車데이터 활용한 유기적인 서비스 구축""","현대차그룹 현대차, 기아차에 이어 고급 브랜드 제네시스도 차량 데이터 오픈 플랫폼을 선보였다.제네시스는 차량 데이터 오픈 플랫폼 '제네시스 디벨로퍼스'를 구축했다고 20일 밝혔다. 제네시스 디벨로퍼스는 제네시스 커넥티드 서비스 이용 차량에서 수집한 운행 및 제원정보, 주행거리, 운전습관 등의 데이터를 API(애플리케이션 프로그램 인터페이스) 형식으로 가공해 공유하는 플랫폼이다. 공유되는 데이터는 고객이 동의한 경우로 제한한다.커넥티드카 서비스나 상품을 개발하는 사업자는 제네시스 디벨로퍼스 홈페이지에 가입 후 데이터 사용처와 목적을 등록하면 승인을 거쳐 API를 제공 받을 수 있다. 제네시스 디벨로퍼스 제휴사는 차량 데이터를 기반으로 다양하고 혁신적인 서비스와 상품을 개발하고, 제네시스 고객들은 보다 고도화된 맞춤형 커넥티드카 서비스와 상품을 이용할 수 있다.제네시스 디벨로퍼스는 운영 초기 플랫폼의 활성화를 위해 △현대해상 △오일나우 △오윈 △카택스 등 제휴사 4곳의 커넥티드카 서비스를 고객에게 우선적으로 제공한다. 현대해상은 운전습관 데이터를 활용해 보험료 할인 혜택을 제공하며 오일나우는 차량의 주행거리, 잔여 주유량을 기반으로 최적의 주유소를 자동으로 추천한다.오윈은 차량의 위치 정보를 활용한 식음료 픽업 서비스와 주유 시점을 알려주고 사전 결제까지 제공한다. 카택스는 누적주행거리를 기반으로 실제 이동거리를 자동으로 정확하게 기록하고 관리하는 서비스를 제공한다.이번 제네시스가 차량 데이터 오픈 플랫폼을 선보이며 현대차그룹 모든 완성차 브랜드에서 커넥티드카 시장 공략에 나서게 됐다. 현대차는 지난해 10월 '현대 디벨로퍼스', 기아차는 지난 4월 '기아 디벨로퍼스'를 출범하며 동일한 서비스를 제공한 바 있다.
제네시스 관계자는 ""제네시스 디벨로퍼스를 통해 고객의 삶에 새로운 가치를 창출함은 물론 국내 소프트웨어 발전으로 미래 모빌리티 사업 중 하나인 커넥티드카 생태계 조성에 큰 역할을 할 것으로 기대한다""고 말했다.오세성 한경닷컴 기자 sesung@hankyung.com기사제보 및 보도자료 open@hankyung.com▶ ▶
 ▶
ⓒ 한국경제 & , 무단전재 및 재배포 금지",/news/news_read.nhn?article_id=0004344190&office_id=015&mode=search&query=기아차&page=1
차량 데이터를 활용한 제휴사·고객간 서비스 플랫폼 형성,"현대·기아차에 이어 고급차 브랜드인 제네시스도 차량 데이터를 공유해서 커넥티드 서비스 개발을 지원한다.제네시스는 데이터 오픈 플랫폼 '제네시스 디벨로퍼스'를 선보인다고 20일 발표했다.제네시스 디벨로퍼스는 제네시스 커넥티드 서비스를 이용하는 차량에서 수집한 운행정보, 주행거리, 운전습관 등을 가공해 개인과 법인사업자에게 제공한다. 단 데이터 공유는 고객이 동의해야만 제공된다.커넥티드카 서비스와 상품을 개발하려는 사업자는 제네시스 디벨로퍼스 홈페이지에 가입하고 데이터 사용처와 목적을 등록한 뒤 승인과정을 거쳐 이용이 가능하다.제네시스는 플랫폼 활성화를 위해 현대해상과 오일나우, 오윈, 카택스의 커넥티드카 서비스를 고객들에게 우선 제공한다.현대해상은 고객의 운전습관 데이터를 활용해 보험료 할인 혜택을 준다. 오일나우는 주행거리와 남은 주유량을 기반으로 최적의 주유소를 추천한다. 오윈은 위치 정보를 활용해 음식 픽업을 돕는다. 카택스는 누적주행거리를 기반으로 실제 이동거리를 정확하게 관리하는 서비스를 제공한다.김보형 기자 kph21c@hankyung.com▶ ▶
 ▶
ⓒ 한국경제 & , 무단전재 및 재배포 금지",/news/news_read.nhn?article_id=0004344192&office_id=015&mode=search&query=기아차&page=1
4월 현대차 해외판매 70% 급감2분기 영업이익 부진 전망3Q 공장가동·신차출시 등 개선 기대,"[이데일리TV 성주원 기자] 신종 코로나바이러스 감염증(코로나19) 사태가 다소 누그러들었다고 판단한 세계 각국에서 부분적으로 경제활동이 재개되고 있다. 오는 3분기부터는 자동차 수요가 회복할 것이라는 기대감도 나타나고 있다.20일 이데일리TV 굿머니는 현대차(005380), 기아차(000270) 등 대표 자동차주의 향후 실적 전망에 대해 살펴봤다.매일 아침 7시 이데일리TV 굿머니 5월20일 방송성주원 (sjw1@edaily.co.kr)＜ⓒ종합 경제정보 미디어 이데일리 - 무단전재 & 재배포 금지＞",/news/news_read.nhn?article_id=0004645015&office_id=018&mode=search&query=기아차&page=1
"미국 자동차 빅3 생산 재개..심리적 효과""현대차·기아차 라인업 갖춰..투자매력 있다""",[이데일리TV 성주원 기자] 외국인 투자자들이 그동안 외면했던 자동차주에 모처럼 관심을 보인 가운데 현대차(005380)와 기아차(000270) 주가의 추가 상승 여력이 주목된다.20일 이데일리TV 굿머니는 대표 자동차주의 향후 주가 전망에 대해 살펴봤다.매일 아침 7시 이데일리TV 굿머니 5월20일 방송성주원 (sjw1@edaily.co.kr)＜ⓒ종합 경제정보 미디어 이데일리 - 무단전재 & 재배포 금지＞,/news/news_read.nhn?article_id=0004645028&office_id=018&mode=search&query=기아차&page=1
,"신종 코로나바이러스 감염증(코로나19) 충격으로 올해 1분기 실적에서 직격탄을 맞은 국내 상장사들이 2분기 전망에서도 암울하다는 진단을 받았다. 코로나19 장기화, 미국·유럽 등 전 세계적으로 ‘셧다운’이 지속돼 실적 악화로 이어질 가능성이 크기 때문이다.20일 금융정보업체 에프앤가이드에 따르면, 증권사 3곳 이상 실적 추정치(컨센서스)가 있는 166개 코스피 상장사의 올해 2분기 영업이익과 당기순이익 추정치 합계는 각각 전년 동기 대비 21.4%, 7.1% 줄어든 24조7373억 원, 19조1220억 원으로 나타났다. 아직 2분기가 1개월 이상 남은 상황에서 코로나19가 지속되고 있고, 추정치가 없는 상장사가 많다는 점을 고려하면 실제 2분기 결산 실적은 이보다 더 악화할 가능성도 있는 상황이다. 업종별로는 자동차 등 제조업과 항공운수, 호텔레저 등 서비스업에서 영업이익이 크게 감소하거나 적자 확대, 적자 전환 등 실적 타격이 크게 나타나고 있다. 대한항공과 아시아나항공은 각각 2분기 영업적자 2189억 원, 1339억 원을 기록할 것으로 예측돼 전년 동기 대비 적자가 확대될 것으로 보인다. 강원랜드의 경우 영업이익이 79.9% 감소, GKL과 하나투어는 적자로 전환할 것으로 예상된다. 현대차(-68.0%), 기아차(-69.5%) 등 굵직한 제조업체뿐만 아니라 현대위아(-96.1%), 한온시스템(-90.2%), 에스엘(-88.9%) 등 자동차 부품 업체들도 줄줄이 영업이익이 크게 감소할 것으로 조사됐다.앞서 한국거래소와 한국상장회사협의회가 집계한 지난해 12월 결산 코스피 상장사 592곳(금융업 등 60개사 제외)의 올해 1분기 영업이익은 연결기준 19조4772억 원으로 전년 동기 대비 31.2% 감소했다. 당기순이익은 11조336억 원으로 47.8% 급감하며 반 토막이 났다. 삼성전자를 제외하면 상황은 더욱 처참하다. 삼성전자를 제외한 1분기 코스피 상장사들의 영업이익과 순이익은 각각 13조299억 원, 6조1487억 원으로 전년 동기 대비 각각 41.0%, 61.8%나 줄었다. 업종별로는 서비스업에서 순이익이 75.7% 감소하면서 사회적 거리두기 여파로 크게 악화했다. 철강금속(-58.0%), 유통업(-39.1%)도 순이익 크게 줄었으며 섬유의복, 기계, 비금속광물, 화학 등 업종은 적자 전환했다. 송정은 기자 euni@munhwa.com[Copyrightⓒmunhwa.com '대한민국 오후를 여는 유일석간 문화일보' 무단 전재 및 재배포 금지()]",/news/news_read.nhn?article_id=0002428551&office_id=021&mode=search&query=기아차&page=1
,"코로나 바이러스 사태로 국내 자동차 업계 역시 침체기를 겪고 있지만, 그 가운데 활기를 잃지 않은 시장이 있다. 높은 가성비(가격 대비 성능)를 앞세우며 무한경쟁에 돌입한 소형 SUV 시장이다.작년 7월 기아의 셀토스 출시를 시작으로 한국GM의 트레일블레이저(올해 1월), 르노삼성의 XM3(올해 3월)와 캡처(올해 5월) 등 새로운 소형 SUV 차량이 연달아 출시된 가운데 아우디·링컨 같은 고가의 수입차 업체까지 이 경쟁에 동참해 시장을 뜨겁게 만들고 있다. 아우디는 20일 소형 SUV 아우디 Q3의 2세대 모델인 ‘더 뉴 아우디 Q3’를 출시했다고 밝혔다. 7년 만에 출시된 완전변경 모델로, 폴크스바겐 그룹의 MQB 플랫폼(차체 골격)을 적용해 이전 세대 모델보다 넓은 실내 공간과 함께 초음파 센서를 이용해 측정한 거리를 디스플레이에 표시해주는 전·후방 주차 보조 기능 같은 첨단 편의기능 적용을 장점으로 내세웠다. 바로 전날에는 포드의 고급 자동차 브랜드 링컨이 소형 SUV ‘올 뉴 코세어(All-New Corsair)’를 국내 공식 출시했다. 데이비드 제프리 링컨코리아 대표는 “코세어는 중형SUV와 비교해도 손색이 없는 주행과 감각적인 디자인으로 젊은 세대의 라이프스타일을 만족시키는 모델”이라며 “내년에 내비게이터를 출시하는 등 전략적으로 SUV 시장을 확대하겠다”고 말했다. 소형 SUV 출시가 계속 이어지는 이유는 그만큼 인기가 많기 때문이다. 중·대형 SUV에 비해 저렴한 가격대에 동급 세단보다 넉넉한 적재공간 등 소형 SUV만의 장점들이 코로나 사태 속에서도 국내 소비자들을 끌어들이고 있다.실제 현대·기아차와 르노삼성·쌍용차·한국GM 등 국내 완성차 5사 통계를 종합하면, 지난달까지 판매된 국산 소형 SUV는 총 7만2416대로 중형 SUV(5만2303대)는 물론, 전통적으로 가장 많이 팔리는 차급인 준대형 세단(6만5107대)마저 제치고 ‘가장 많이 팔린 차급’이 됐다.국내 소형 SUV 시장의 본격적인 불을 지핀 차량은 쌍용차가 2015년 내놓은 티볼리다. 쌍용차는 올해 하반기 티볼리 차체를 늘린 티볼리 에어를 재출시할 예정이다.[안상현 기자 insula@chosun.com] 		▶
		▶ 		▶
	- Copyrights ⓒ 조선일보 & chosun.com, 무단 전재 및 재배포 금지 -",/news/news_read.nhn?article_id=0003532600&office_id=023&mode=search&query=기아차&page=1
,"[머니투데이 최민경 기자]
'미국-멕시코-캐나다 협정(USMCA)'이 7월 발효되면서 북미지역 차 소재부품 공급망이 미국 기업 위주로 재편된다. 북미에 진출한 한국 완성차업체들도 생산전략 수정이 불가피한 상황이다. 특히 한국산 자동차 부품의 대미 수출길이 좁아질 것으로 우려된다. 코로나19(COVID-19) 이후 각국의 자국 산업 보호 움직임이 본격화되는 분위기다. 무역협회는 20일 'USMCA의 자동차 원산지 규정과 북미 자동차 제조 공급망의 변화' 보고서를 냈다. 미국 트럼프 행정부는 USMCA로 자국 자동차 산업 보호 기조를 본격화하고 있다. 이에 따른 미국과 인접국 역내 생산 부품 사용 의무화 비율 확대가 핵심이다. 미국의 주요 자동차 소재부품 역외 수입 비중은 58.6%에 달한다. 멕시코(42.9%)나 캐나다(28.4%)보다 더 높다. 최근엔 핵심 부품 수입도 증가세다. 자동차 및 관련 산업의 생산기반과 일자리가 줄어들 수 있다는 위기의식이 고조되는 배경이다. 미국은 이번 USMCA 협상과정에서 승용차와 부품 원산지 규정을 전례 없이 까다롭게 고쳤다. 미국-멕시코-캐나다 등 역내산 사용요건 추가가 핵심이다. 관세 특혜를 받으려면 자동차 생산과정에서 필요한 주요 소재부품을 북미지역, 특히 미국에서 더 많이 조달해야 한다고 명문화했다. 한국산 부품의 수출길도 좁아질 전망이다. 지난해 차 부품 대미 수출이 111억달러, 대멕시코 수출이 34억달러 규모다. 현지 수입국 기준 5~6위 수준이다. 차체 부속품, 기어박스, 축전기, 섀시, 파워트레인 부속품, 로드휠, 브레이크 등 품목도 다양하다. 무역협회는 ""북미 소재 글로벌 자동차 및 부품 제조사들의 공급망 조정과 신규 투자계획 점검 등이 불가피하다""며
""멕시코의 경우 미국, 캐나다로부터 고부가가치부품·철강·알루미늄 수입을 늘리는 것은 물론 북미지역 전반적으로 역외 의존도가 낮아질 가능성이 있다""고 분석했다. 현대차와 기아차 등 현지 진출 한국 기업들이 경영전략을 다듬어야 한다고도 조언했다. 협회는 ""USMCA의 자동차 원산지 규정 개정은 생산원가 상승으로 이어져 소비자 가격 인상 및 북미지역 진출 자동차 메이커들의 글로벌 경쟁력 약화의 단초가 될 수 있다""고 분석했다.설송이 무역협회 통상지원센터 차장은 ""7월 1일 USMCA 발효를 앞두고 아직까지 원산지 규정 관련 통일시행규칙이 발표되지 않아 관련 업계에 상당한 혼선이 예상된다""며 ""북미에 진출한 우리 자동차·부품 제조사와 공급사들은 USMCA 동향을 면밀히 모니터링해야 한다""고 말했다. 최민경 기자 eyes00@mt.co.kr
<저작권자 ⓒ '돈이 보이는 리얼타임 뉴스' 머니투데이, 무단전재 및 재배포 금지>",/news/news_read.nhn?article_id=0004411964&office_id=008&mode=search&query=기아차&page=1
,"코스피 지수가 4거래일 연속 상승하며 2000선에 성큼 다가섰다. 코스닥 지수는 지난해 6월 이후 11개월여만에 700선을 돌파했다.20일 코스피 지수는 전날보다 9.03포인트(0.46%) 상승한 1989.64에 장을 종료했다. 지난 15일부터 4거래일 연속 상승흐름을 이어나갔다.코스피 지수는 전날보다 8.49포인트(0.42%) 하락한 1972.12에 거래를 시작 후 낙폭을 줄이며 상승세로 전환했다. 장중 한때 1992선까지 오르기도 했다.하나금융투자는 ""코로나19 백신 임상 결과에 대한 의문과 경제 침체 장기화 우려에도 국내 코로나19상황 양호하다는 점과 생활 속 방역 내 경제재개 기대감으로 상승흐름을 보였다""고 설명했다.외국인과 기관이 동반 순매수에 나서며 지수 상승을 주도했다.외국인은 802억원의 주식을 사들이며 이틀연속 순매수 행진을 이어갔다.기관도 954억원을 순매수했다. 연기금 533억원, 사모펀드 248억원, 투자신탁이 212억원을 샀다. 금융투자는 89억원을 팔았다.개인만 1779억원 순매도했다.다수 업종에서 상승세를 보인 가운데 의료정밀 업종이 4.45% 오르며 상승폭이 가장 컸다. 서비스와 섬유의복 업종도 각각 2.50%, 1.77% 상승했다.반면 운수장비와 전기가스 업종은 각각 1.19%, 0.75% 하락했다.시가총액 상위 종목중에선 SK가 전일 종가대비 10.17% 치솟았다. 카카오(+5.23%), 강원랜드(+5.04%), 삼성SDI(+4.25%), NAVER(+3.98%), 더존비즈온(+3.02%) 등도 3% 넘게 올랐다.기아차(-2.68%), 에스원(-2.60%), POSCO(-1.97%), 신한지주(-1.97%), 현대차(-1.82%), LG(-1.55%), 한국전력(-1.15%), 현대모비스(-0.80%) 삼성전자(-0.60%) 등은 하락했다.코스닥 지수는 12.40포인트(1.78%) 상승한 708.76에 거래를 마쳤다.코스닥 지수는 이날 0.79포인트(0.11%) 상승한 697.15에 장을 시작 후 상승폭을 확대, 700선을 돌파했다. 코스닥이 700선을 넘어선 것은 지난해 6월 28일 이후 11개월여만이다. 외국인과 기관은 각각 649억원, 493억원씩 동반 순매수에 나서며 지수 상승을 주도했다.▶
/ ▶ 태기원(tae@joseilbo.com)저작권자 ⓒ 조세일보(http://www.joseilbo.com). 무단전재 및 재배포 금지",/news/news_read.nhn?article_id=0002224057&office_id=123&mode=search&query=기아차&page=1
"현대차, 기아차 이어 제네시스 브랜드까지 차량 데이터 오픈","제네시스는 차량 데이터 오픈 플랫폼 '제네시스 디벨로퍼스(Genesis Developers)'를 선보인다고 20일 밝혔다.제네시스 디벨로퍼스는 제네시스 커넥티드 서비스를 이용하는 차량으로부터 수집한 운행 및 제원정보, 주행거리, 운전습관 등의 데이터를 API(Application Programming Interface) 형식으로 가공해 개인 및 법인사업자에게 제공하는 플랫폼이다.모든 데이터 공유의 목적은 고객 가치 제공에 있으며, 고객이 동의하는 경우에 한해 데이터를 공유하는 것이 원칙이다.커넥티드카 서비스 및 상품을 개발하고자 하는 사업자는 제네시스 디벨로퍼스 홈페이지에 가입 후 데이터 사용처와 목적을 등록하면 승인을 거쳐 API를 제공 받을 수 있다.제네시스 디벨로퍼스 제휴사는 차량과 연계된 다양하고 혁신적인 서비스 및 상품을 개발하고 제네시스 고객들은 보다 고도화된 맞춤형 커넥티드카 서비스 및 상품을 이용할 수 있다는 장점이 있다.특히 제네시스 고객들은 제네시스 어카운트(사용자 계정)를 연동하기만 하면 별도의 가입 절차 없이 제휴사의 서비스를 이용할 수 있어 더 편리하다.제네시스 디벨로퍼스는 운영 초기 플랫폼의 활성화를 위해 ▲현대해상 ▲오일나우 ▲오윈 ▲카택스 등 제휴사 4곳의 커넥티드카 서비스를 고객에게 우선적으로 제공할 예정이다.‘현대해상’은 고객의 안전운전습관 데이터를 활용하여 차별화된 보험료 할인 혜택을 제공하며 ‘오일나우’는 차량의 주행거리, 잔여 주유량을 기반으로 최적의 주유소를 자동으로 추천하고 주유 패턴을 분석하는 서비스를 운영한다.‘오윈’은 차량의 위치 정보를 활용한 음식 및 음료의 픽업(Pick-up) 서비스와 잔여 주유량 기반으로 주유 시점을 알려주고 앱을 통해 주유비 사전 결제까지 가능한 서비스를 제공하며 ‘카택스’는 차량의 누적주행거리 기반으로 실제 이동거리를 자동으로 정확하게 기록하고 관리하는 서비스를 제공한다.제네시스는 차량 내·외부 및 다양한 고객 접점에서 발생하는 대규모 데이터를 확보하고 이를 분석해 제휴사와 함께 제네시스 고객에게 가장 혁신적인 서비스와 혜택으로 차별화된 고객 경험을 제공해 커넥티드카 시장을 지속적으로 발전시킨다는 계획이다.제네시스 디벨로퍼스 활성화를 통해 데이터 공유를 활용한 스타트업 등 자동차 관련 제휴사의 지속 가능한 성장을 도모하고, 다양한 커넥티드카 서비스 경험으로 제네시스 고객들의 삶의 가치가 높아질 것으로 기대된다.제네시스 관계자는 “럭셔리 브랜드의 기본인 경쟁력 있는 상품뿐만 아니라, 고객들에게 다양하고 편리한 커넥티드카 서비스를 전달함으로써 고객이 느낄 수 있는 경험 역시 매우 중요하게 생각한다”며 “앞으로 제네시스 디벨로퍼스를 통해 고객의 삶에 새로운 가치를 창출함은 물론 국내 소프트웨어 발전으로 미래 모빌리티 사업 중 하나인 커넥티드카 생태계 조성에 큰 역할을 할 것으로 기대한다”고 말했다.데일리안 박영국 기자 (24pyk@dailian.co.kr)ⓒ (주)데일리안 - 무단전재, 변형, 무단배포 금지",/news/news_read.nhn?article_id=0002402757&office_id=119&mode=search&query=기아차&page=1
"글로벌 車업계, 배터리 생산 공장에 직접투자…현대기아는 ""아직""","[아이뉴스24 황금빛 기자] 글로벌 주요 자동차 제조사들이 전동화 차량 라인업을 확대하면서 차량에 들어갈 배터리를 안정적으로 공급받기 위해 배터리 생산 공장에 대한 직접 투자도 늘리고 있다.하지만 아직 현대자동차와 기아자동차는 이와 관련한 직접적인 투자 계획은 밝히지 않은 상태다. 일각에서는 삼성전자와의 배터리 동맹 가능성도 나오고 있지만, 결정된 것은 없다는 입장이다. 전문가들은 완성차업체의 배터리에 대한 직접 투자는 전기차 수익성 개선에 달려있다는 의견이다.20일 업계에 따르면 글로벌 주요 자동차 제조사들이 미래 전동화 차량 라인업 확대에 따른 목표를 달성하기 위해 배터리 생산 공장 투자·설립 등의 움직임을 보이고 있다.최근 폭스바겐그룹은 배터리 공급 안정성을 위해 독일 잘츠기터에 들어설 배터리 셀 생산 공장에 6천여 억 원을 투자한다는 계획을 밝혔다. 폭스바겐그룹은 전기차에 들어갈 리튬이온배터리 대량생산에 대비해 지난 2019년 스웨덴 배터리 생산업체인 노스볼트와 합작법인을 설립한 바 있다. 더불어 폭스바겐그룹은 2028년에는 전고체 배터리 개발도 목표로 하고 있다.전기차업체인 테슬라는 미국 네바다에 기가팩토리1, 중국 상하이에 기가팩토리3 등 배터리 생산 공장을 갖고 있다. 리튬이온배터리를 생산하는 기가팩토리1은 지난 2014년 테슬라가 일본 배터리업체 파나소닉과 합작해 설립한 것이다. 기가팩토리3은 지난해 말부터 가동을 시작했는데 역시 한국의 LG화학, 중국의 CATL 등과 협력을 맺을 예정이다. 특히 CATL을 통해서는 전기차 원가를 낮출 수 있는 리튬인산철배터리도 공급받을 것으로 전해졌다.제너럴모터스(GM)도 LG화학과 전기차 배터리 셀 합작법인을 설립했다. 미국 오하이오주에 기가파워팩토리라는 이름으로 공장이 건설될 예정인데, 여기서 GM의 신규 전기차 배터리 얼티움이 2022년부터 생산될 것으로 보인다. 역시 높은 품질의 배터리를 안정적으로 공급받기 위해서다.반면 현대차와 기아차는 아직까지 배터리 공장이나 합작법인 설립과 관련한 발표를 하지 않고 있는 상황이다. 현대·기아차는 현재 LG화학, SK이노베이션 등에서 배터리를 공급받고 있다. 물론 계열사 가운데 한 곳인 현대모비스가 2010년 LG화학과 합작법인인 HL그린파워를 설립해 자동차용 배터리 시스템 연구개발을 담당하고 있다.이러한 가운데 지난 13일 이뤄진 정의선 현대자동차그룹 수석부회장과 이재용 삼성전자 부회장의 회동 이후 현대차가 배터리 합작법인을 어디와 설립할 것인지를 두고 여러 추측이 나오고
있지만 결정된 것은 없다는 입장이다. 더불어 현대·기아차 노조가 전기차 사업 체제로 전환할 시 불필요한 공장 라인과 인력에 대한 대안으로 배터리 등의 부품을 기존 공장 내에서 만들 수 있도록 하자는 등의 주장을 하고 있어 현대차그룹의 행보에 관심이 집중되고 있다.이와 관련해 전문가들은 배터리를 꼭 자동차 제조사가 직접 개발하고 생산해야 하느냐와 관련해 아직 판단을 내리긴 이른 시기라고 입을 모은다.배충식 한국자동차공학회 부회장은 ""비즈니스 선택의 문제다. 배터리 전기차가 현재로선 수익 모델이 아니다""라며 ""배터리 전기차 자체든 배터리 공장이든 지금 상황에선 돈을 버는 게 아니라 투자 개념이라 굳이 해야 할까 하는 생각을 할 수 있다""고 말했다.이어 ""지금 현재 자동차 회사들 대부분이 엔진 공장을 갖고 있는데 이는 핵심부품이기 때문""이라며 ""배터리가 그 정도가 되려면 현재 자동차처럼 수익모델이 돼야 할 것""이라고 덧붙였다.권순우 SK증권 연구원도 ""완성차업체 입장에서 배터리 공장을 직접 가져가는 게 도움이 될지와 관련해 많은 이야기가 오간다""면서 ""규모의 경제가 아직 안 나와서 기존 내연기관 라인들과 조율하면서 제작하는 거라 전기차 생산 공장 라인은 가져도 배터리 라인은 선택에 달린 문제""라고 얘기했다.여기에 현재 전기차에 최적화한 높은 기술 수준의 배터리가 나온 것이 아니라는 점도 작용한다. 지금 전기차에 들어가는 리튬이온배터리는 동력밀도, 화재 가능성 등이 한계로 지적된다. 즉 현재도 에너지 밀도를 향상하기 위한 기술 개발이 진행 중이다.또한 장기적으로 전고체배터리를 탑재해야 한다는 의견도 힘을 얻고 있다. 고밀도·고용량 배터리로 주행가능거리를 증대할 수 있고 자율주행 시 데이터사용 급증에 따른 전력부족 문제를 해결할 수 있어서다.이에 토요타는 1995년 전후부터 전고체배터리 개발을 시작해 관련 특허건수를 압도적으로 갖고 있는 상태다. 해당 배터리 생산 공장 설립을 위한 합작법인도 파나소닉과 만들었는데, 2022년 전고체배터리를 상용화한다는 목표다.현대차도 전고체배터리 관련 기술을 개발하고 있는 것으로 전해지고 있지만 아직 정해진 것은 없다. 현대차 관계자는 ""전고체배터리는 아직 개발이 진행 중인 배터리고 배터리 개발이 5~10년 정도 길게 걸려 정해진 것은 없다""면서 ""선행 기술 개발의 경우 결정이 난 단계여야 알 수 있다""고 전했다.전기차 전용 플랫폼이 나온 이후에 본격적으로 배터리 생산 관련 직접 투자가 활발해질 수 있다는 의견도 있다. 실제로 테슬라는 전기차로 시작한 제조사라 처음부터 전기차 전용 플랫폼을 통해 효율적으로 대량생산을 해오고 있다. 현대·기아차는 내년에 전용 플랫폼 E-GMP로 제작한 CUV를 각각 내놓는다는 계획이다.권순우 연구원은 ""내년이나 내후년부터 완성차업체들이 전기차 전용 플랫폼을 활용할 것""이라며 ""이를 통해 물량 또한 좀 더 의미 있게 늘어나기 시작하면 배터리나 합작법인 등에 대한 투자가 더 활발해지거나 가시화할 가능성이 높다""고 내다봤다. gold@inews24.com [ⓒ 아이뉴스24 무단전재 및 재배포 금지]",/news/news_read.nhn?article_id=0000539259&office_id=031&mode=search&query=기아차&page=1
"외인, SK하이닉스에 1095억 원 매수","[더팩트ㅣ박경현 기자] 20일 코스피가 외국인과 기관의 쌍끌이 매수에 오전 중 반등에 성공했다. 외국인과 기관은 이날 각각 781억 원, 963억 원을 사들인 반면 개인은 홀로 1789억 원을 팔았다. 코스닥에서도 외국인과 기관 매수세 유입으로 장중 700선을 돌파했다.이날 외국인투자자의 코스피시장 기업 최대매수는 SK하이닉스로 향했다. 외인은 SK하이닉스에 1095억 원을 사들였다. 이어 삼성전자우 309억 원, 삼성SDI 233억 원, 셀트리온 232억 원, LG화학 139억 원을 담았다.반면 현대차는 359억 원가량 팔았다. 이어 신한지주 200억 원, 기아차 171억 원, LG유플러스 144억 원, 포스코(POSCO) 118억 원가량을 매도했다.코스닥 시장에서는 에코프로비엠(122억 원), 엠씨넥스(89억 원), SK머티리얼즈(50억 원), 비에이치(45억 원)를 사들인 반면 씨젠(160억 원), 셀트리온헬스케어(120억 원), 알테오젠(114억 원)을 팔았다.기관투자자는 카카오를 294억 원가량 사들였다. 이어 네이버(NAVER) 279억 원, 삼성SDI 240억 원을 순매수했다.반면 삼성전자우에 318억 원, 한국전력에 170억 원, SK에 126억 원을 순매도했다.이날 시가총액 상위종목은 대부분 올랐다. 삼성전자(-0.60%)는 소폭 하락한 가운데 SK하이닉스(+1.69%), 네이버(+3.98%), 삼성전자우(+0.23%), 셀트리온(+2.58%), LG화학(+1.54%), 삼성SDI(+4.25%)는 올랐다. 반면 LG생활건강(-0.07%), 현대차(-1.82%)는 내리고, 삼성바이오로직스는 보합세로 마감했다.pkh@tf.co.kr저작권자 ⓒ 특종에 강한 더팩트 & tf.co.kr 무단 전재 및 재배포 금지",/news/news_read.nhn?article_id=0000026500&office_id=629&mode=search&query=기아차&page=1
,"[머니투데이 우경희 기자, 최석환 기자] [편집자주] 포스트 코로나(Post Covid-19) 시대 달라진 글로벌 경제 환경에 대응하기 위한 산업정책은 ‘제조업 리쇼어링’에 방점이 찍혀야 한다. 코로나19 확산으로 주요 무역·투자 상대국의 국경봉쇄가 잇따르면서 우리 기업이 고전하고 있다. 소비시장과 저임금 인력을 찾아 해외로 나간 기업들의 취약점이 그대로 노출된 것이다. 제조업 생태계는 대기업과 그 협력업체를 중심으로 짜인다. 대기업을 돌아오게 하는 과감한 정책전환과 사회적 문화적 인식 개선이 필요하다.[[컴백, '메이드 인 코리아']④일자리 먼저! 규제 풀자<3>] ""일본 토요타는 리쇼어링(해외진출 자국기업 유턴·re-shoring)을 결정한 뒤 정부로부터 파격 혜택을 받았다는데..."" 대규모 해외투자를 국내로 돌려세운 현대차그룹과 효성그룹은 토요타 사례가 부럽기만 하다. 우리 정부의 '유턴' 지원이 중견·중소기업에만 집중돼 이들 기업은 사실상 아무 혜택도 받지 못한 채 '빈 손 유턴'을 했기 때문이다. ""기업이 알아서 한 투자에 정부가 무슨 혜택을 주느냐""는 식으로 각 세울 일이 아니다. 판로와 인건비를 감안하면 기업 입장에선 해외로 향하는 게 한결 유리하다.
그런데도 이들은 '리쇼어링'으로 방향을 틀었다. 덕분에 그들이 돌아온 지역에는 엄청난 일자리를 제공했고, 경제효과도 만만치 않았다.실제 현대모비스는 울산 북구 이화산업단지에 전기차용 부품공장을 짓고 있다. 전 세계에 현대·기아차 글로벌 생산기지가 12개나 되기 때문에 한국에 전기차용 부품공장을 짓는 것은 쉽지 않다. 전기차 시장 규모가 큰 중국이나 미국에 공장 건립을 검토해야 한다는 의견도 많았다. 하지만 현대모비스는 끝내 울산을 낙점했다. 대기업은 혼자만 움직이지 않는다. 현대모비스의 이런 리쇼어링 투자는 현대모비스만 오는 게 아니다. 이번 투자에도 협력사 50여개사가 함께 따라온다. 항공모함이 선수를 틀면 함대가 모두 함께 움직이는 식이다. 이 투자로 울산에 생기는 양질의 일자리 1000개가 훨씬 넘을 전망이다. 지방정부의 세수입은 물론 지역 경제에도 보이지 않는 효과가 기대된다. 대기업 리쇼어링의 엄청난 파급효과는 효성도 마찬가지다. 효성은 베트남에 지으려고 했던 차세대 섬유 생산라인을 역시 울산으로 돌렸다. 베트남 동나이성에 차세대 화학소재 '아라미드' 생산라인을 구축하려 했지만 막판에 울산공장 증설로 선회한 것이다. 올 하반기부터 증설 공사에 들어가 내년 5월 마무리하는 일정이다. 이 아라미드 공장도 수 백 개 일자리 창출이 예상된다.
효성은 사실 베트남에도 얼마든지 공장을 가동할 수 있었다. 현지에서 ""남쪽에 효성, 북쪽에 삼성""이라는 말을 들을 정도로 사정이 밝다. 이미 동나이성 일대에서 대대적 첨단소재 투자를 진행하고 있다. 이런 효성이 베트남에 추가 투자를 한다면 당장 지방정부가 세제 감면 등 다양한 혜택을 몰고 왔을 것이다. 그런데도 효성은 한국 경제 활성화를 위해 울산으로 방향을 돌린 것이다.하지만 현대모비스와 효성 사례를 이을 대기업은 아직 눈에 띄지 않는다. 두 기업 외에 앞으로 당분간 추가 유턴을 선언하는 대기업은 찾기 힘들 것이라는 목소리도 들린다.
전문가들은 당연한 결과라고 지적한다. 주력 판로가 해외인데다 각종 혜택도 해외로 진출하는 것이 더 좋은데 어느 대기업이 한국으로 돌아오겠느냐는 것이다. 노동력이나 원자재 확보도 해외가 한국보다 훨씬 유리하다. 한국 특유의 경직된 노동법과 높은 인건비, 각종 규제들은 기업 입장에선 선택할 이유가 없는 악재다. 한국경제연구원이 지난해 조사한 결과에 따르면 해외 진출 기업의 96%가 ""한국 유턴 계획이 없다""고 밝혔다. 특히 2009년 글로벌 금융위기와 2020년 코로나19(COVID-19) 팬데믹을 거치며 내수경제 사수는 이제 선진국들의 지상과제가 됐다. 전략적 리쇼어링은 각국 정부의 핵심 정책이 될 조짐이다. 당장 미국 같은 최강국도 반도체 부품 공급망은 물론 마스크 자체 조달조차 힘든 상황이다.
이에 따라 앞으로 세계 각국은 앞다퉈 리쇼어링에 나설 것으로 보인다. 미국은 이미 2000년대 초반 이후 리쇼어링 열기가 뜨거워지며 매년 수 백 개 기업이 자국으로 사업장을 옮긴 경험이 있다. 수 만개 일자리가 창출되며 그 효과는 미국인들 스스로 생생히 목격했다. '리쇼어링 이니셔티브'라는 공공기관이 그 중심에 있었다. 정부의 의지가 강력하지 않으면 리쇼어링도 없다는 걸 단적으로 보여준다. 일본도 예외가 아니다. 멕시코 공장 생산라인을 사이타마현으로 옮긴 혼다(2016년)와 2017년 미국의 캠리 생산라인을 아이치현으로 돌린 토요타가 대표적이다. 일본은 특히 코로나19에 따른 리쇼어링 정책을 단행하며 파격적인 대기업 지원에 나섰다. 일본 내 복귀에 필요한 자금의 50%를 지원하기로 한 것이다. 하지만 한국의 리쇼어링 정부 지원 현주소는 뜨뜨미지근하다. 한국은 대기업을 대상으로 하는 지원에 아직도 인색하다. 법 개정으로 지원 대상을 해외사업장 '50% 축소'에서 '25% 축소'로 낮췄지만 아직도 대기업에게는 리쇼어링 혜택은 힘들다. 한 화학업체 관계자는 ""대기업 대부분의 해외사업 규모가 상당한데 이중 25%를 한국으로 옮기기란 불가능하다""고 말했다. 재계에선 대기업이 리쇼어링을 독려하려면 좀 더 전향적인 지원이 절실하다고 본다. '세금·토지·관세'의 3종 지원세트를 대기업에게도 분명히 제공해야 한다는 목소리다.한 경제단체 관계자는 ""혜택이 주어지더라도 규제가 동시에 작용한다면 리쇼어링 지원은 말장난에 그칠 것""이라며 ""수도권 규제를 포함한 각종 규제 해소도 본격적으로 논의해야 할 때""라고 강조했다. 우경희 기자 cheerup@mt.co.kr, 최석환 기자 neokism@mt.co.kr
<저작권자 ⓒ '돈이 보이는 리얼타임 뉴스' 머니투데이, 무단전재 및 재배포 금지>",/news/news_read.nhn?article_id=0004412119&office_id=008&mode=search&query=기아차&page=1
,"외국인 투자자는 20일 거래소에서 현대차, 신한지주, 기아차 등을 중점적으로 매도한 것으로 나타났다.외국인 투자자의 순매도 상위 20개 종목은 현대차, 신한지주, 기아차, LG유플러스, POSCO, 한국타이어앤테크놀로지, LG생활건강, KT&G, KT, 한국전력등이다.이중에 운수장비 업종에 속한 종목이 4개 포함되어 있다.한국타이어앤테크놀로지 등은 전일 대비 주가가 상승했고, 현대차, 신한지주, 기아차 등은 주가가 하락했다.한경로보뉴스이 기사는 한국경제신문과 금융 AI 전문기업 씽크풀이 공동 개발한 기사 자동생성 알고리즘에 의해 실시간으로 작성된 것입니다.▶ ▶
 ▶
ⓒ 한국경제 & , 무단전재 및 재배포 금지",/news/news_read.nhn?article_id=0004344569&office_id=015&mode=search&query=기아차&page=1
,"[디지털타임스 김민주·김위수 기자] 구광모 LG그룹 회장 체제 2년을 맞아 '실용주의'와 '선택과 집중' 경영성과가 두드러지고 있다. 코로나19 사태에 따른 전반적인 경기 침체에도 주요 상장 계열사의 영업이익이 전년보다 40% 가량 급증하는 등 본격적인 성장세를 보여주고 있는 것이다.특히 선대 회장인 고(故) 구본무 LG그룹 회장이 뚝심으로 육성한 전기자동차용 배터리와 OLED(유기발광다이오드) 디스플레이 등은 구광모 회장 시대에 이르러 본격적인 성과가 나올 것으로 기대된다. 재계에서는 향후 수년 간의 변화가 LG그룹이 '100년 기업'으로 도약하는 중요한 변곡점이 될 것으로 보고 있다. ◇구광모 '실용주의' 通 했다…계열사 영업이익·순이익 껑충= 20일 금융정보업체 에프앤가이드에 따르면 LG그룹 상장 계열사 11곳(증권사 3곳 이상의 추정치가 있는 상장사)의 올해 연간 영업이익 합산 추정치는 7조7608억원으로 전년보다 40% 급증할 것으로 집계됐다. 당기순이익의 경우 전년보다 무려 8227.1% 늘어난 5조832억원으로 추정됐다.매출의 경우 전년 보다 0.1% 감소한 164조9268억원으로 집계됐다. 주요 대기업들이 코로나19로 생존을 위협받고 있는 점을 고려하면 선방할 것이라는 평가가 나온다.LG전자, LG화학, LG생활건강 등 주력 계열사들의 활약에 올해 지주사인 ㈜LG 영업이익은 전년보다 55.5% 급증한 1조5922억원을 기록하며 어닝서프라이즈를 달성할 전망이다.이에 구광모 회장의 실용주의가 빛을 발하고 있다는 분석이 나온다. LG전자·화학 등은 글로벌 생산지 효율화, 마케팅 축소, 원가절감 등으로 사업구조를 개선하면서 수익성을 한층 더 강화하고 있다. 돈 안 되는 사업은 과감히 버리고 성장 가능성이 높은 미래 사업을 육성하는 구 회장의 전략이 주효했다는 평가다. ◇코로나 위기 뚫은 3대 축…화학·생활건강·전자 꿋꿋= 계열사별로 보면 먼저 LG화학은 전 계열사 중 실적 개선폭이 가장 클 것으로 예고된다. LG화학의 영업이익 추정치는 전년보다 47.9% 급증한 1조3247억원이다. 특히 전기차로 전환이 가속화되면서 배터리를 공급하는 LG화학의 성장세도 가팔라지는 추세다. 시장에서 올해 LG화학의 전지사업본부(배터리)가 손익분기점을 웃도는 이익을 낼 것이라는 전망이 나오는 이유도 이 때문이다. 석유화학사업의 경우 고전하고 있지만, 고부가·수익성 중심의 사업 포트폴리오 다변화로 경쟁사와 비교해 선방 중이다.LG생활건강의 경우 코로나19로 중국 시장의 판로가 막혔음에도 올해도 매출, 영업이익, 순이익 부문에서 최대 실적을 경신할 것으로 기대된다. 올해 LG생건 매출, 영업이익, 순이익 추정치는 8조1859억원, 1조2439억원, 8432억원이다. 이는 전년보다 각각 6.5%, 5.7%, 7% 늘어난 수준이다. 코로나19 사태가 터지자마자 발 빠르게 손 세정제 등 위생 상품을 확대한 것이 주효했다. 생활용품 사업부문의 실적이 늘어나면서 화장품 사업이 부진을 만회하고 있기 때문이다.LG전자 또한 올해 실적 방어에 성공할 것으로 점쳐지는데, 특히 순이익 증가세가 뚜렷하다. LG전자의 올해 연간 영업이익 추정치는 2조4213억원으로 전년보다 0.6% 감소할 것으로 전망되는 반면, 당기순이익은 1조3724억원으로 666.7% 급증할 것으로 추산된다. 이른바 '신(新)가전' 사업이 수익성을 올리는 데 일등공신 역할을 하고 있다. 트롬 스팀건조기와 의류관리기, 식기세척기 등 '스팀 가전'을 비롯해 프리미엄 가전의 판매가 증가한 영향이다.◇""배터리·OLED가 미래""…속도 내는 핵심사업= 고 구본무 회장이 일찍이 LG그룹의 미래로 점찍은 배터리 사업은 구광모 회장 체제에서도 핵심 사업으로 분류된다. 2대에 걸친 배터리 사업 육성 의지로 공격적 투자를 전개한 덕에 LG화학을 통해 전개되는 LG그룹의 배터리 사업은 궤도에 오르고 있다. 올 1분기에는 세계 전기자동차용 배터리 시장에서 점유율 1위에 이름을 올렸다.실제 LG화학은 현대·기아차를 비롯해 미국 제너럴모터스(GM), 유럽 폭스바겐, 아우디, 벤츠 등 전세계 주요 완성차 업체들을 고객사로 확보했다. GM과는 지난해 12월 합작법인을 세우기로 계약, 최근 '얼티엄 셀즈'라는 이름으로 법인 등록까지 마친 상태다. 양사는 배터리 공장 설립을 위해 총 2조7000억원을 투입할 계획이다. 배터리와 더불어 얇은 TV를 만드는데 쓰이는 OLED에도 막대한 금액을 투자하고 있다. 구광모 회장은 취임 후 선택과 집중의 일환으로 액정표시장치(LCD) 사업을 과감히 정리했다. 수익성이 나는 LCD사업을 그만두고, 미래 성장동력으로 낙점한 OLED에 '올인'하기 위해서다. 이미 OLED 시장의 주도권을 쥐고 있는 LG가 투자를 확대하며 후발주자들과 격차 벌리기에 나서고 있는 것이다.실제 OLED 패널의 시장 전망은 밝다. 시장조사업체 옴디아는 현재 300만~400만대 규모인 세계 TV용 OLED 패널 출하량이 2022년 1000만대까지 늘어날 것이라고 예측했다. 이 밖에도 자동차용 전장부품과 바이오 사업 등도 뚝심 있는 투자로 서서히 성과가 나타나고 있는 중이다.한편 LG그룹은 이날 고 구본무 회장의 별세 2주기를 맞아 별도의 행사 없이 그의 경영활동이 담긴 추모영상을 그룹 인트라넷에 게시했다. LG그룹 관계자는 ""생전에 과한 의전과 복잡한 격식을 멀리하고 소탈했던 고인의 뜻을 기려 온라인으로 차분하고 간소하게 추모하는 차원""이라고 말했다.김민주·김위수 기자 stella2515@dt.co.krLG그룹 상장 계열사 실적 (단위:억원)종목명2019년2020년 추정치 매출액영업이익순이익매출액영업이익순이익LG디스플레이234,756-13,594-28,721219,511-5,582-6,472LG65,75310,24111,06870,96415,92214,842LG화학286,2508,9563,761307,93913,2477,259LG헬로비전11,122292-94211,117425234실리콘웍스8,6714733859,290680600LG이노텍83,0214,0311,02390,0205,6593,411LG상사105,3091,348-149103,6541,6832,937LG유플러스123,8206,8624,388135,7258,2225,511LG생활건강76,85411,7647,88281,85912,4398,432LG하우시스31,86868811630,645699354LG전자623,06224,3611,799588,54224,21313,724 자료:에프앤가이드 디지털타임스
/",/news/news_read.nhn?article_id=0002599359&office_id=029&mode=search&query=기아차&page=1
