head,text,url
"자동차업계, 스타 마케팅 활발…""이미지 인식 일치화 유도""","[서울=뉴시스] 박주연 기자 = 자동차업계가 연초 성수기를 맞아 브랜드 이미지를 강화하고 판매량을 끌어올리기 위해 스타 마케팅에 박차를 가하고 있다.
브랜드 모델은 통상 배우, 아이돌, 스포츠스타 등 다양한 분야에서 대중들의 인지도와 호감도가 높은 인물들로 선정된다. 특히 자동차 업계의 경우 유행, 밈(meme) 등 잠깐의 트렌드를 반영하기 보다 대중에게 신뢰, 호감을 주는 모델을 선택한다.
광고업계 관계자는 ""스타를 활용한 마케팅은 브랜드와 스타의 이미지, 키 메시지가 잘 어우러질 때 홍보 효과를 극대화할 수 있다""며 ""광고 모델의 이미지가 브랜드 이미지와 동일시되는 경우가 많기 때문에, 자사 브랜드와 제품 아이덴티티에 걸맞은 모델을 선정하는 것이 중요하다""고 밝혔다.
국내 최대 직영 중고차 기업 케이카(K Car)는 최근 배우 정우성을 전속 모델로 선정했다. 케이카는 ""오랜 기간 톱 배우로서 존재감을 과시하며 대중들에게 사랑 받는 배우로 자리매김해 온 정우성의 이미지가 20년간 중고차 시장에서 탄탄한 신뢰를 쌓아온 케이카 브랜드와 부합한다""며 모델 발탁 이유를 전했다.케이카는 소비자에게 중고차 시장의 리딩 브랜드로서 인지도를 높이는 한편, 믿고 구매할 수 있는 중고차 브랜드라는 메시지를 전할 계획이다. 배우 정우성의 신뢰감과 진솔한 이미지를 통해 20년간 쌓아온 케이카의 노하우와 직영 시스템, '믿고 사는 직영 중고차' 이미지를 강조하고, '홈서비스', '케이카 워런티(KW)' 등 차별화된 서비스를 알리는 데 주력할 예정이다.현대자동차는 지난해 자사의 대형 스포츠유틸리티차량(SUV) 팰리세이드 모델의 홍보대사로 활동했던 BTS를 올해 글로벌 브랜드 홍보대사로 격상시키고 활동 범위를 확대했다. BTS가 국내를 넘어 글로벌 넘버원 아이돌 그룹으로 자리매김하면서 현대차 역시 한국에서 시작해 세계 최고의 자동차 브랜드로 성장하겠다는 포부와 자신감을 전달하기 위한 것으로 풀이된다.현대차는 BTS를 활용해 글로벌 캠페인에 박차를 가하고 있다. 현대차의 수소 에너지 기술을 알리기 위해 지난 달 미국 뉴욕 타임스스퀘어에서 BTS가 출연한 캠페인 영상을 공개하기도 했다. 이 밖에도 멤버별 영상을 공식 SNS 채널을 통해 순차적으로 선보였으며, 고객 참여 이벤트, 오프라인 행사도 진행 예정이다.기아자동차는 아이돌 걸그룹 블랙핑크를 글로벌 홍보대사로 위촉하고 자사 브랜드와 모델 특장점 알리기에 주력하고 있다.기아차가 가진 젊고 역동적인 이미지를 더욱 강조하는 한편 스타일리시하면서도 당당한 블랙핑크를 앞세워 밀레니얼 세대 및 Z세대 소비자와의 교류를 강화하겠다는 전략이다.기아차는 지난 해 블랙핑크의 월드투어 공식 스폰서로 참여해 차량을 전시하고 고객 참여 이벤트를 진행했으며, 셀토스 출시에 맞춰 블랙핑크와 셀토스의 콜라보 영상을 제작하는 등 긴밀하게 협업을 지속하고 있다. 이 밖에도 글로벌 팬 초청 이벤트를 통해 자사의 차량 시승과 더불어 공연 관람 기회 등의 문화마케팅을 활발히 펼치고 있다.캐딜락 공식 딜러 동행모터스는 지난달 홍보대사 위촉식을 통해 격투기스타 '스턴건' 김동현 선수를 홍보대사로 위촉했다. 홍보대사 활동 기간 중 초대형 SUV 에스컬레이드 차량을 이용하게 된다.김동현 선수는 한국 선수 최초로 UFC에서 두자리 승수를 달성했으며, 최근에는 예능 프로그램에서 방송인으로 활약하고 있다. 동행모터스 관계자는 ""김동현 선수가 UFC 링에서 보여준 열정과 다양한 방송에서 선보인 친근함은 동행모터스의 고객을 위한 서비스 정신과 잘 어울린다""며 선정 배경을 밝혔다. pjy@newsis.com<ⓒ 공감언론 뉴시스통신사. 무단전재-재배포 금지>",/news/news_read.nhn?article_id=0009756840&office_id=003&mode=search&query=기아차&page=1
"현대·기아차, 중국 부진 속 선진시장 믿었는데…6년째 목표달성 좌절 우려한국GM·르노삼성, 트레일블레이저·XM3 미국·유럽 수출물량 '빨간불'","도널드 트럼프 미국 대통령의 유럽발 입국금지 조치로 미국과 유럽 경제가 혼란에 빠지며 이들 시장에 대한 의존도가 높은 국내 자동차 업계도 큰 타격이 불가피해졌다.15일 업계에 따르면, 세계보건기구(WHO)가 신종 코로나바이러스 감염증(코로나19) ‘판데믹(세계적 대유행병)’을 선언한데 이어 트럼프 대통령이 미국과 유럽의 인적교류를 끊겠다고 발표하며 세계 경제와 주요 산업에 악영향이 미칠 것으로 우려되고 있다.트럼프 대통령의 코로나19 대응책 발표가 이뤄진 지난 11일(현지시간) 미국과 유럽 증시는 폭락했고, 한국 역시 이튿날 개장 직후부터 코스닥과 코스피 지수가 급락하며 서킷브레이커(주식매매 일시 정지)와 사이드카(매도호가 효력 일시 정지)가 각각 발동됐다.‘세계대공황’이 언급될 정도로 전세계 경제가 혼란에 빠지며 주요 업종의 소비위축도 우려되고 있다.특히 생필품이 아닌데다 가격이 높은 소비재인 자동차 수요 급락이 우려되고 있다. 파장의 진원지인 미국과 유럽에 대한 의존도가 높은 우리 자동차 업계에 심각한 불확실성 요인이 발생한 것이다.국내 대표 자동차 업체인 현대자동차는 지난해 연간 판매량인 442만6000대 중 88만1000대를 미국에서, 58만대를 유럽에서 팔았다. 전체에서 비중이 33.0%에 달한다.지난해 중국과 중남미, 인도 등 개도국 시장이 크게 부진한 가운데서도 북미 판매가 1.0% 증가하고 유럽 판매는 감소 폭을 최소화(1.5%)하면서 전체 실적 하락 폭을 줄일 수 있었다.기아자동차 역시 지난해 판매량 277만2000대 중 미국 판매가 61만3000대, 유럽 판매가 52만1000대로, 두 지역 비중이 40.9%에 달했다.중국과 중남미 등에서 감소폭이 컸으나 미국에서 3.9%, 유럽에서 3.3% 증가하며 전체 실적 부진을 일부 만회했다.실적 악화의 가장 큰 원인이었던 중국 시장에서의 부진은 올해도 큰 개선을 기대하긴 어려운 가운데, 그나마 판매가 양호하던 미국과 유럽에서마저 큰 악재가 돌출되며 현대·기아차의 올해 판매목표 달성도 요원해졌다.현대·기아차는 올해 판매목표를 전년 대비 4.8% 증가한 753만6000대로 설정했으나, 코로나19 사태가 장기화될 경우 전년 대비 마이너스 성장이 불가피한 형편이다. 2015년부터 이어진 판매목표 달성 실패 기록이 6년 연속으로 이어질 가능성이 크다.현대·기아차 관계자는 “올해는 다양한 신차 경쟁력을 바탕으로 미국과 유럽에서 판매 호조를 이어갈 계획이었는데 코로나19 사태로 이들 시장이 침체된다면 상황이 어려울 것”이라며 “현재로서는 시장 상황을 지켜보는 수밖에 없다”고 말했다.미국과 유럽에 본사를 둔 한국GM과 르노삼성자동차도 같은 형편이다. 이들은 각각 제너럴모터스(GM)와 르노의 판매 네트워크를 이용해 국내 생산 차량을 수출하기 때문에 미국과 유럽 시장이 부진에 빠진다면 연쇄 타격이 불가피하다.한국GM의 경우 최근 출시한 글로벌 신차 트레일블레이저가 국내 시장에서 좋은 반응을 얻고 있지만 이 차의 주력 시장은 미국이다. GM은 트레일블레이저를 상반기 중 미국 시장에 출시할 예정으로, 한국GM은 이에 대비한 초기 재고물량 확보를 위해 전체 생산량의 80% 이상을 미국행 배에 선적하고 있다.하지만 코로나19 사태와 미국-유럽간 인적교류 단절로 미국 시장이 침체에 빠진다면 GM이 트레일블레이저 출시를 늦추거나 출시를 해도 초기 판매 붐을 일으키는 데 어려움을 겪을 수 있다. 자연히 한국GM의 수출 물량도 줄어들게 된다.르노삼성은 올해 미국 판매용 닛산 로그 수탁생산 계약이 종료되는 상황에서 XM3 유럽 판매물량 확보에 사활을 기울이고 있다. 코로나19 사태가 장기화돼 유럽시장 침체가 연말까지 이어진다면 르노가 XM3의 유럽 출시를 재검토할 우려가 크다.쌍용자동차도 그동안 부진했던 수출을 만회하기 위해 유럽시장 공략에 전력을 기울이는 상황에서 큰 악재를 맞았다.쌍용차는 지난 1월 벨기에 브뤼셀 모터쇼를 시작으로 오스트리아 비엔나 오토쇼 등 유럽 주요 시장 모터쇼 참가를 통해 마케팅 활동에 전력을 다하고 있다. 특히 코란도 M/T(수동변속기) 모델 출시를 통해 틈새시장 공략 가능성을 높이고 있는 상황에서 터진 코로나19 사태는 뼈아픈 악재다.자동차 업계 한 관계자는 “각국의 경기부양책을 지켜봐야겠지만 글로벌 자동차 판매 감소폭이 당초 예상치인 2.5%를 훨씬 상회할 것이라는 것은 분명해 보인다”면서 “올해는 신차 사이클상 국내 업체들의 신차 출시 시기가 몰린 호기인데 코로나19 악재가 터져 타격이 더 클 것”이라고 말했다.데일리안 박영국 기자 (24pyk@dailian.co.kr)ⓒ (주)데일리안 - 무단전재, 변형, 무단배포 금지",/news/news_read.nhn?article_id=0002389057&office_id=119&mode=search&query=기아차&page=1
,"현대·기아자동차가 사내 스타트업 독립에 속도를 내고 있다. 올 상반기 중에만 별도의 사업화에 성공한 스타트업팀 가운데 최소 7개 팀이 스핀오프(분사)할 예정이다. 2000년 사내 스타트업 육성 프로그램을 가동한 이후 연간 기준 역대 최다 독립이다.15일 현대·기아차 및 업계에 따르면 최근 루베스트, 젠스웰, 마이셀 등 현대차 사내 벤처 3개 팀이 최종 심의를 통과해 분사를 준비하고 있다. 이들은 대부분 현대자동차 사내 벤처 형태로 3~5년의 준비 기간을 거쳤다.루베스트는 철 분말과 금속 3D프린팅용 분말을 주력으로 만드는 곳이다. 젠스웰은 하드웨어(HW) 기반으로 가상 사운드를 만드는 독자 기술을 확보했다. 두 업체는 이미 기술 검증이 이뤄져 일부 양산까지 진행하고 있다.특히 젠스웰의 경우 현대·기아차의 고성능 브랜드 'N'시리즈에 부품으로 들어가고 있는 것으로 알려졌다. 가상 사운드 기술은 전동화 차량에서 운전의 흥미를 높이는 다양한 소리와 함께 시동을 켜고 끄는 소리까지 제공한다. 여러 센서와 연계해 고유한 소리를 내고 운전자별로 특화한 사운드를 제공할 수 있어 자동차 산업의 새로운 유망 분야로 꼽힌다.마이셀은 버섯 균사체를 활용해 인조가죽을 만드는 회사다. 기존 현대기아차 사내 스타트업 대부분이 자동차 산업 관련 신기술을 개발했지만 이 회사는 이례로 농업과 패션을 융합한 새로운 분야를 개척했다. 천연가죽과 구분이 되지 않을 정도로 질감이 뛰어난 데다 생산 방식이 단순, 생산 단가를 대폭 낮출 수 있다. 이달 말 법인 설립을 완료하고 나면 다음 달부터 투자 유치에도 본격화한다.사성진 마이셀 대표는 “대규모 생산 시설을 확보해 내년부터 본격 생산에 나설 계획”이라면서 “2022년 자동차 가죽 시트 시장에 진출하는 한편 패션 분야로도 사업을 키워 나가겠다”고 선언했다.현대·기아차는 이들 3개 팀 외에도 올해 안에 사내 스타트업을 추가해서 분사할 계획이다. 전기차에서 나온 배터리를 재사용해 쓸 수 있도록 관련 검측 장비를 개발한 팀 등이 포함될 것으로 알려졌다.현대·기아차 관계자는 “4~6개 팀이 추가해서 조만간 분사 심의에 들어간다”면서 “사내 기조가 스타트업의 분사를 적극 장려하고 있어 앞선 3개 팀을 포함해 올 상반기에만 7개 이상의 팀이 분사해서 법인 설립을 하게 될 것”이라고 전했다.현대·기아차는 2000년 '벤처플라자' 프로그램을 시작으로 혁신 기술과 아이디어가 있는 스타트업 육성 사업을 진행해 왔다. 지난해에는 엠바이옴, 튠잇, 폴레드 등 3개 사내 스타트업이 분사했다. 당시 5년 만에 이뤄진 스타트업의 분사여서 업계로부터 주목을 받았다. 올해는 사내 스타트업 분사가 지난해보다 2배 이상 늘어날 것으로 전망된다. 프로그램 시작 이후 독립 법인도 연내 20개를 넘어설 것이 유력해 보인다.성현희기자 sunghh@etnews.com",/news/news_read.nhn?article_id=0002872577&office_id=030&mode=search&query=기아차&page=1
무디스 글로벌 자동차 수요 전망치 -2.5% 하양中 부품사 부도리스크 ↑…3분의 1이 부도 위험국내 완성차 업계 2월 생산 전년比 26.4% 감소코로나19 악재 장기화 예고…최악 실적 우려감,"[헤럴드경제 정찬수 기자] 중국 자동차 부품공장이 재가동되면서 신종 코로나바이러스 감염증(코로나19)의 불확실성이 완화되고 있지만, 국내 완성차 업계의 리스크는 여전하다는 분석이 제기됐다.14일 국제 신용평가회사 무디스는 최근 글로벌 자동차 수요 전망치를 기존 -0.9%에서 -2.5%로 하향했다. 코로나19 이슈에 따른 중국 자동차 시장의 수요 감소를 주된 이유로 지목했다.문제는 중국에서 진행 중인 수요 둔화가 글로벌로 확산되고 있다는 점이다. 주요 국가의 2월 산업수요가 전년 동기 대비 마이너스로 전환한 것도 같은 맥락이다.권순우 SK증권 연구원은 “현대·기아자동차에 납품하는 중국 부품 비중은 산업 평균 대비 낮지만, 국내 공장가동 중단 등 수급난이 보여준 사례가 불확실을 보여주는 대목”이라며 “수요 및 생산량 감소로 업체들의 수익성 악화가 예상됨에 따라 부품사를 중심으로 생존경쟁도 심화할 전망”이라고 분석했다.실제 중국 부품사의 일시적인 조업 중단으로 국내 완성차 업체의 생산과 판매, 수출은 모두 부진했다.최근 산업통상부가 발표한 ‘국내 자동차 산업동향’을 살펴보면 지난달 국내 자동차 생산은 지난해 같은 기간보다 26.4% 줄어든 18만9235대로 집계됐다. 현대·기아차의 조업일수가 각각 10.6일, 8.9일 줄어든 영향이다. 쌍용(8.5일), 르노삼성(4일), 한국지엠(2일) 등도 조업일수가 줄었다.코로나19에 따른 국내 자동차 생산 감소 대수는 약 13만대로 추정된다. 현대·기아차가 각각 32.5%, 27.0% 감소한 7만1435대, 7만4020대를 생산했다. 한국지엠과 쌍용 역시 14.4%, 36.9% 줄어든 2만7164대, 4961대를 생산하는 데 그쳤다.수출 역시 위축됐다. 2월 국내 자동차 수출은 25.0% 감소한 12만3022대다. 업체별로는 현대(-21.4%), 기아(-30.1%), 한국지엠(-16.4%), 르노삼성(-50.2%) 등 대부분이 부진했다.미국의 금융전문 매체 블룸버그에 따르면 부도에 직면한 중국 부품사는 275개로 전체의 36.2%를 차지했다. 중국 부품사의 부도리스크가 증가하면서 장기적으로 국내 자동차 생산량 감소가 불가피하다는 우려에 힘이 실린다.김필수 대림대학교 자동차학과 교수는 “올해 자동차 실적은 최악으로 예상되며 평균 국내 판매량은 약 180만대에서 30~40만대 이상이 줄어들 것”이라며 “3~4차 국내 부품사를 대상으로 한 자금 지원과 부품 공급상의 문제를 파악하고 사각지대를 없애야 한다”고 지적했다.
- Copyrights ⓒ 헤럴드경제 & heraldbiz.com, 무단 전재 및 재배포 금지 -",/news/news_read.nhn?article_id=0001648488&office_id=016&mode=search&query=기아차&page=1
1700만~2500만 원대…첨단 사양에도 '가성비' 갖춰,"[아이뉴스24 서민지 기자] 르노삼성자동차의 야심작 'XM3'가 넘쳐나는 소형 SUV(스포츠유틸리티차량) 시장에서 살아 남을 수 있을까.현대차 코나, 기아차 셀토스, 한국지엠 트레일블레이저, 쌍용차 티볼리 등 쟁쟁한 모델들이 소형 SUV 시장에서 자리 잡고 있는 만큼 경쟁을 갖추기 쉽지 않을 것이라는 생각에서다.하지만 XM3를 직접 접해보니 이러한 의구심은 사라졌다. 기대 이상의 주행 성능과 첨단 안전·편의사양을 갖춘 데다 가격마저 착하다. 가성비(가격 대비 성능)와 가심비(가격 대비 심리적 만족감) 모두 뛰어났다. XM3가 닛산 로그 위탁 생산 종료 등으로 생산절벽에 처한 르노삼성을 구해줄 '구원 투수'로 손색이 없다는 평가가 나온 배경이다.지난 5일 XM3 시승행사에 참석해 서울 잠원동 웨이브아트센터부터 경기도 양평 더힐하우스까지 왕복 약 120km를 달려봤다. 르노삼성은 신종 코로나바이러스 감염증(코로나19) 확산 우려로 출시 행사는 취소하고, 시승 행사는 규모를 축소해 2주에 걸쳐 진행했다.직접 본 XM3의 첫인상은 '날렵함'이다. SUV임에도 세단 같이 우아하고, 세련된 느낌을 줬다. XM3는 동급 차종 가운데 차체높이는 1천570mm로 가장 낮지만, 최저지상고는 186mm로 가장 높아 날씬한 실루엣을 완성할 수 있었다.운전석에 앉으면 SUV와 세단의 결합된 매력을 더욱 느낄 수 있다. 차체 높이가 낮은 반면 지상고가 높다 보니 내부 공간은 세단 같은 안락함을 줬다. 반면 지상고가 높은 덕에 넓은 시야가 확보돼 'SUV는 SUV구나'라는 생각이 들었다.실내에서 가장 눈에 띈 것은 10.25인치 TFT 클러스터와 9.3인치 세로형 디스플레이다. TFT 클러스터에는 내비게이션을 보여주는 '맵인 클러스터 기능'이 탑재돼 정면을 바라보면서도 내비를 확인하며 운전할 수 있었다. 디스플레이 역시 세로형이라 한눈에 들어와 더욱 보기 편했다.디스플레이와 공조장치의 직관성은 아쉬웠다. 열선시트를 켜기 위해서는 공조장치에서 버튼을 누른 뒤 디스플레이에서 조절해야 하는데, 조절하는 방식이 한눈에 들어오지 않았다. 오토홀드 등 일부 버튼은 뒤늦게 반응하기도 했다.스티어링 휠, 대시보드, 도어 트림 등 손이 닿는 부분은 소프트 폼 재질로 감싸 편안하고 부드러운 질감이 느껴졌다. 르노삼성이 시승 전 '촉감'을 강조했던 이유를 알게 됐다. 르노삼성은 부드러운 촉감을 구현하기 위해 블라인드 테스트를 통해 재질을 선택했다고 전했다.운전을 하면서 느낀 두드러진 특징은 '엔진'이다. 가속 페달을 밟으니 묵직하면서도 조용하게 속도가 붙었다. 다만 멈춰있거나 저속으로 달리는 상황에서 가속 페달을 밟으면 속도가 뒤늦게 붙어 둔감하게 반응한다는 느낌이 들었다.르노삼성은 XM3에 다임러와 공동개발한 신형 엔진 TCe 260을 탑재했다. TCe 260은 신형 4기통 1.3리터 가솔린 직분사 터보 엔진으로, 르노그룹의 주력으로 자리 잡게 될 핵심 엔진이다. 152마력, 최대 토크 26.0kg.m의 힘을 낸다.TCe 260은 메르세데스-벤츠 A클래스 등에도 장착되는 엔진이다. 2천만~2천500만 원대 차량에 A클래스와 동일한 엔진을 적용한 것이다.실제 소비자들의 선택도 TCe 260에 쏠리고 있다. XM3는 1.6 GTe, TCe 260 등 두 가지 가솔린 라인업으로 출시됐는데, TCe 260을 선택한 고객이 전체 계약자의 84%에 달한다. 또한 최고급 트림인 TCe 260 RE 시그니처를 선택한 고객은 전체 계약자 중 76%를 차지했다.쿠페형 디자인을 택했음에도 뒷좌석은 여유로웠다. 특히 트렁크 용량은 513리터로 동급 최대 수준의 적재공간을 제공한다.가격 경쟁력도 갖췄다. XM3는 1.6 GTe 모델이 1천719만∼2천140만 원, TCe 260 모델이 2천83만∼2천532만 원이다.한편 지난 9일 출시된 XM3는 8일까지 진행된 사전계약에서 8천542대를 기록했으며, 11일 기준 계약 대수 1만 대를 돌파한 것으로 전해졌다. 르노삼성은 올해 XM3 판매 대수 목표치를 4만 대로 제시했는데, 순조롭게 달성할 수 있을 것으로 예상된다. jisseo@inews24.com [ⓒ 아이뉴스24 무단전재 및 재배포 금지]",/news/news_read.nhn?article_id=0000529650&office_id=031&mode=search&query=기아차&page=1
현대차 아반떼 등 온라인 출시행사아우디 신차 실시간 스트리밍 공개앱 계약·AS 무료 픽업·딜리버리도,"[서울경제] 신종 코로나바이러스감염증(코로나19) 확산세에 자동차업계가 온라인 채널 강화에 나섰다. 비대면 마케팅을 강화해 상대적으로 사람들 간 접촉을 최소화하면서 판매감소에도 대비하기 위해서다. 온라인 판매 채널을 새로 개설하기도 하고, 코로나19로 인해 출시 행사가 취소되며 온라인 채널을 통해 신차를 공개하는 등 다양한 비대면 마케팅이 활성화하고 있다. 현대·기아차는 코로나19 확산에 쏘렌토와 아반떼, G80 출시 행사를 온라인으로 진행한다. 현대차가 지난 3일 EV콘셉트카 ‘프로페시’를 영상으로 공개한 데 이어 기아차가 오는 17일 4세대 쏘렌토를 ‘온라인 토크쇼’ 형태로 공개한다. 온라인 행사는 전문가들의 설명, 카레이서 강병휘 선수 시승 영상 등으로 진행된다. 아반떼 역시 국내에서는 온라인 출시 행사로 확정됐고, G80 출시 이벤트도 온라인으로 진행하는 안을 검토 중이다. 메르세데스-벤츠는 ‘E클래스’ 세단과 ‘에스테이트’를 지난 3일 ‘메르세데스 미 미디어’에서 중계된 ‘디지털 메르세데스-벤츠 프레스 컨퍼런스’에서 월드 프리미어로 공개했다. 당시 올라 칼레니우스 다임러 AG 이사회 의장이 E클래스를 소개했으며, 임원들이 부분변경 E클래스에 대한 프리젠테이션을 진행했다. 아우디도 제네바 모터쇼를 대신해 온라인 스트리밍을 통해 4세대 ‘A3’와 ‘e-트론S’ 모델을 공개했고, 폭스바겐은 8세대 ‘골프 GTI’와 ‘투아렉 R’를 선보였다. 완성차 업체들은 온라인 판매 채널에 집중하며 호응을 얻고 있다. BMW는 지난해 12월 온라인 판매 채널 BMW 샵 온라인을 구축해 한정판 모델을 중심으로 판매를 시작했다. 최근 신종 코로나바이러스 감염증(코로나19) 확산 이후 힘을 발휘하고 있다. ‘X6 30d 퍼스트 에디션’ 모델은 판매 첫째날에 50대가 모두 완판됐고, ‘M5 컴페티션’ 35주년 기념 모델은 정가 판매에도 불구하고 목표 판매량 35대 중 15대가 판매됐다.
BMW와 미니는 고객들을 대상으로 비대면 픽업·딜리버리 서비스 대상도 확대했다. 전문 기사가 수리가 필요한 차량을 픽업해 점검 및 수리를 끝낸 뒤 고객에게 차량을 인도하는 방식이다. 기존에는 소모품 교환 서비스 및 보증 수리 기간 내 고객에게만 적용됐지만, 지난 10일부터는 한시적으로 사고차 및 리콜 대상 고객에게도 서비스를 확대해 무료로 제공하고 있다. 지프는 차량 견적 확인부터 시승 신청, 계약, 인도까지 모두 온라인으로 가능한 시스템을 구축했다. 차량 구매를 원하는 고객은 이메일이나 전화로 견적을 확인하고, 시승을 원할 경우 영업사원이 소독된 시승차로 고객이 희망하는 곳을 방문한다. 또 폭스바겐은 비대면 온라인 금융 계약 플랫폼 ‘브이-클릭(V-Click)’ 어플리케이션을 선보였다. 자동차 구매 시 할부나 리스 계약을 앱을 통해 이용할 수 있다. 금융 심사 신청부터 차량 계약까지 이 앱으로 끝낼 수 있는 셈이다. 또한 르노삼성자동차는 코로나19 사태 이후 ‘XM3’ 사전계약을 시작하며 온라인 청약 채널을 구축했고, 전체 사전계약 대수 중 20%가 넘는 고객이 이를 이용한 것으로 나타났다. /박시진기자 see1205@sedaily.com저작권자 ⓒ 서울경제, 무단 전재 및 재배포 금지",/news/news_read.nhn?article_id=0003709577&office_id=011&mode=search&query=기아차&page=1
,"[아시아경제 고형광 기자] 올 들어 개인투자자들이 국내 증시에서 사들인 주식이 무려 18조5000원에 달하는 것으로 나타났다. 신종 코로나바이러스감염증(코로나19) 충격에 증시가 연일 급락장을 연출했지만 개인은 아랑곳하지 않고 주식을 쓸어담았다. 저가 매수를 한 후 향후 반등하면 차익을 챙기려는 전략으로 보이지만 코로나19의 장기화 조짐으로 증시가 쇼크 상태에 빠지면서 저가매수 전략에 나선 개인들의 손실 우려는 더욱 커졌다.15일 한국거래소에 따르면 개인은 올 들어 지난 13일까지 유가증권시장에서 총 15조3252억원어치의 주식을 순매수했다. 1월 4조4830억원에 이어 2월 순매수 규모도 4조8974억원에 달했다. 이달 들어서도 아직 보름도 지나지 않은 시점이지만 전달 매수 금액을 훌쩍 뛰어 넘는 5조9448억원을 사들였다.1월 순매수 규모(4조4830억원)가 개인의 월 단위 매수액으로는 한국거래소가 투자주체별 매매동향 통계를 집계한 2001년 9월 이후 가장 많은 규모였는데 매월 그 규모를 뛰어 넘는 '매수 랠리'를 펼치고 있는 것이다. 외국인과 기관이 올들어 각각 9조7059억원, 7조1796억원 매도 우위를 보인 것과는 전혀 다른 양상이다.개인은 코스닥시장에서도 올들어 3조2187억원어치의 주식을 사들였다. 코스피와 코스닥을 합하면 순매수 규모가 18조5439억원으로 늘어난다. 연초에 짧은 기간에 개인이 이렇게 많이 사들인 것은 처음이다. 코스피지수가 10%나 급락한 최근 3거래일 동안에도 개인은 쉬지 않고 2조원어치나 사들였다.개인들의 공격적인 매수는 향후 반등 가능성에 무게를 둔 저가 매수 전략으로 풀이된다. 하지만 세계보건기구(WHO)가 팬데믹(세계적 대유행)을 선언하는 등 코로나19 사태가 장기화 될 가능성이 높아 단기적인 반등을 기대하기는 어렵다는 우려가 적지 않다.서상영 키움증권 연구원은 ""개인투자자들이 매월 5조원 안팎으로 매수에 나선 것은 극히 이례적""이라며 ""코로나19 영향으로 조정장이 연출되자 개인들이 이를 매수의 기회로 삼은 것으로 보인다""고 설명했다. 김용구 하나금융투자 연구원은 ""코로나19 확산에 따른 글로벌 경기 둔화가 심화되면 증시 낙폭은 지금보다 커질 수 있어 개인의 손실도 적지 않을 것""이라고 진단했다.개인은 반도체 종목을 집중적으로 사들였다. 올해 개인의 순매수 상위 1~3위 종목은 삼성전자와 삼성전자우, SK하이닉스로 각각 5조5836억원, 1조2945억원, 7819억원어치를 사들였다. 전체 매수 규모의 절반(7조6600억원)을 반도체에 투자한 것이다. 이어 한국전력(4732억원), 현대차(4345억원), SK이노베이션(3793억원), 신한지주(3755억원), 기아차(3143억원), 에쓰오일(2657억원) 등의 순으로 매수했다. 이 가운데 올해 주식이 오른 종목은 단 하나도 없다.고형광 기자 kohk0101@asiae.co.kr <ⓒ경제를 보는 눈, 세계를 보는 창 아시아경제 무단전재 배포금지>",/news/news_read.nhn?article_id=0004642775&office_id=277&mode=search&query=기아차&page=1
,"[머니투데이 심재현 기자, 박소연 기자]
""서운하다고 해서 얘기할 수가 있나요.""코로나19 확산으로 한국인 입국을 제한하는 나라가 늘면서 말 못할 속앓이를 하는 기업들이 늘고 있다. 당장 해외사업이나 영업이 차질을 빚으면서 피해가 가시화하고 있지만 섣불리 이런 입장을 드러냈다가 해외 현지여론의 역풍을 맞을 우려에 애만 태우는 상황이다.15일 외교부에 따르면 이날 오전 9시 기준 한국 출발 여행객에 대한 입국금지나 격리, 검역 강화 등의 조치에 나선 국가(지역)는 모두 136곳이다. 한국 전역에 대한 입국금지 조치가 61개국, 대구·부산·경북 등 일부 지역에 대한 입국금지 조치가 6개국, 격리조치가 18개국, 검역강화와 자가격리 조치가 51개국이다.무엇보다 중국·베트남·일본·인도 등 우리 기업과 교류가 많은 지역의 입국제한 조치가 뼈아프다. 삼성디스플레이의 경우 베트남 현지의 플렉서블 OLED(유기발광다이오드) 모듈 생산라인 개조작업을 위한 엔지니어 입국이 지연되면서 이달 내내 애를 태웠다. 지난 13일 일부 인력이 입국 허용되면서 한숨 돌렸지만 여전히 남은 500여명은 베트남 정부의 입만 바라보는 상황이다.인도에서도 현대·기아차와 삼성전자 등 주요 대기업 인력 1000여명이 입국하지 못하고 있다. 현대차는 다음달 초까지 600명, 기아차는 이달말까지
150명의 전문기술진과 협력업체 직원이 입국하지 못하면 첸나이 공장의 신제품 생산라인 구축이 늦어지면서 하반기 신차 출시 일정에도 차질이 빚어질 수 있는 것으로 알려졌다. 삼성전자도 최근 뉴델리 인근 노이다에 디스플레이 공장 골조작업을 마치고 첨단시설 구축을 위한 전문인력을 투입해야 할 상황에서 발이 묶였다.업계에서는 하소연이 잇따른다. 4대 그룹 한 인사는 ""자국민을 위한다는 점에서 이해하지 못하는 것은 아니지만 야속한 게 사실""이라며 ""국가 수반까지 나서서 투자해달라고 할 땐 언제고 감염 위험이 없는 기업인에 대한 예외 입국도 허용하지 않는 걸 보면 속이 쓰린다""고 말했다.또다른 4대 그룹 관계자도 ""지난달 국내에서 중국인 입국차단 여론이 불거졌을 때 재계에선 양국 관계를 고려해 입국을 차단하면 안 된다는 의견을 냈다""며 ""중국이 이달 들어 한국인 입국을 제한하는 걸 보고 말할 수 없이 착찹했다""고 밝혔다.대기업 한 임원은 ""어려울 때 친구가 진짜 친구라는 속담이 있는데 코로나19 사태를 겪으면서 여러가지 생각이 든다""며 ""상황이 어느 정도 해결되면 적잖은 부분이 달라질 것 같다""고 말했다.이런 답답함에도 불구하고 기업들이 쉬쉬하는 것은 이런 반응이 해외 현지에서 또다른 후폭풍으로 돌아올 수 있다는 점이다. 유통업계 한 인사는 ""중국만 해도 대중관계 악화가 얼마나 큰 실적 악화로 돌아온다는 것을 사드 때 이미 겪어봤잖냐""며 ""지금처럼 소나기가 쏟아지는 때는 말조심이 최선""이라고 말했다.해외 현지에 진출한 국내 기업과 얽혀있는 공급망 등을 감안하면 당장의 피해와 감정을 우선해 사태를 키우는 것만은 피해야 한다는 얘기도 나온다.전자업계 한 관계자는 ""14일 격리조치 같은 입국 제한으로 인력을 보내는 게 까다로워진 것 정도는 사소한 부분""이라며 ""현지 여론이 악화돼 추가 조치가 나오거나 현지법인 운영 자체가 어려워지면 향후 10년의 글로벌 경영전략을 대거 수정해야 할 수도 있다""고 말했다.대부분의 기업이 한국발 입국제한에 대한 입장이나 전망에 극도로 말을 아끼면서 물밑에서 제한적인 입국 허용 등을 개별협상하는 것도 이런 이유에서다.베트남의 경우 삼성디스플레이가 예외 입국의 물꼬를 트면서 LG전자와 LG디스플레이도 설비 확충을 위한 전문인력 입국 허용을 베트남 정부와 협의하고 있는 것으로 전해진다. 중국은 중앙정부에서 입국정책에 대한 권한을 강하게 행사하면서 예외조치 협의가 쉽지 않은 상황으로 알려졌다. 수도인 베이징시는 모든 국가에서 입국하는 외국인을 14일 동안 자가격리 조치하고 있다.정일 대한상공회의소 베이징사무소장은 ""한국뿐 아니라 특정 국가에 대한 예외 입국 허용 자체가 그다지 논의되지 않는 분위기""라며 ""지방정부와 기업간 협의는 비공개로 진행되는 것으로 안다""고 전했다. 심재현 기자 urme@mt.co.kr, 박소연 기자 soyunp@mt.co.kr
<저작권자 ⓒ '돈이 보이는 리얼타임 뉴스' 머니투데이, 무단전재 및 재배포 금지>",/news/news_read.nhn?article_id=0004375990&office_id=008&mode=search&query=기아차&page=1
고객층 겹치는 브랜드와 제휴로 '윈윈',"[아시아경제 김철현 기자] 안마의자와 가전업체가 이종간 콜라보레이션과 제휴를 통해 새로운 활로를 모색하고 있다. 고객층의 특징을 파악해 광범위하고 다양한 형태로 시너지를 낼 수 있는 기회로 삼고 있는 것이다.배달의민족을 운영하는 우아한형제들은 필립스코리아와 손을 잡았다. '배민사장님광장' 사이트에 가입한 자영업자를 대상으로 에어프라이어, 식기세척기, 블렌더, 무선청소기 등 소형 주방가전 및 생활가전을 최대 60.6% 할인된 가격으로 구매하 수 있는 혜택을 제공하고 있다. 필립스코리아는 20만 이상의 가게가 등록된 '배민사장님광장'에서 자사의 제품을 집중적으로 판매하고 배달의민족은 제휴를 통해 소형가전이 필요한 자영업자들의 경제적 부담을 줄여주고 있다.김철현 기자 kch@asiae.co.kr <ⓒ경제를 보는 눈, 세계를 보는 창 아시아경제 무단전재 배포금지>",/news/news_read.nhn?article_id=0004642782&office_id=277&mode=search&query=기아차&page=1
,"[머니투데이 유영호 기자]
미국과 유럽 지역의 코로나19 확산세가 가팔라지면서 현대·기아자동차가 긴장하고 있다. 내수 및 중국 시장에서의 판매부진을 미국·유럽시장에서 만회해 왔는데 코로나19 사태가 ‘팬데믹’(세계적 대유행) 국면에 접어들면서 이들 시장에 대한 판매 타격이 불가피하기 때문이다. 실적 하향 전망이 줄을 이으면서 주가도 기록적 수준까지 추락했다.15일 자동차업계에 따르면 현대·기아차는 북미·유럽시장에서 지난해 한 해 동안 259만5000대의 차량을 판매했다. 현대차는 지난해 북미(88만1000대)와 유럽(58만대)을 합쳐 146만1000대를 팔았다. 연간 총판매량(442만6000대)의 33.0%다. 중국(-17.7%) 등 개도국에서 크게 부진했으나 북미(1.0%)와 유럽(-1.5%)이 상대적으로 선방했다.기아차는 지난해 북미(61만3000대)와 유럽(52만1000대)에서 113만4000대를 팔았다. 총판매량(277만2000대)에서 차지하는 비중은 무려 40.9%에 달한다. 중국 판매량이 30.1% 급감했지만 북미(3.9%)와 유럽(3.3%) 판매호조로 이를 만회했다. 문제는 올해다. 현대·기아차는 올해 판매목표를 753만6000대로 지난해 보다 4.8% 올려잡았다. 목표 달성을 위해선 북미·유럽시장 판매 호조가 필수적이다.연초 분위기는 좋다. 현대·기아차는 지난해 10월부터 지난달까지 이후 북미시장에서 5개월 연속 판매증가세를 이어갔다. 특히 지난달에는 10만6777대를 팔아 2월 기준 역대 최대판매 기록을 갈아치웠다. 하지만 코로나19 사태로 분위기가 반전하고 있다. 미국은 국가비상사태를 선포했으며 유럽도 국경통제를 단행하는 등 혼란이 이어지고 있다. 사실상 판매증가세를 이어가기 어려운 상황이라는 것이 업계의 일반적 평가다.실제 증권업계에서는 코로나19 확산 사태로 현대차 실적이 예상을 밑돌 것이라는 전망을 쏟아내고 있다. 현대차 올 1분기 영업이익 시장 평균예상치(컨센서스)는 1조1200억원이었다. 하지만 삼성증권은 지난 11일 전망치를 8570억원으로 낮춰 내놨다. 유진투자증권도 같은 날 전망치를 8730억원으로 제시했다. 실적 악화에 대한 우려가 커지면서 주가도 연신 뒷걸음질 치고 있다. 현대차 주가는 13일 8만7200원으로 장을 마감했다. 금융위기 후폭풍이 계속하던 2009년 7월 29일 8만7100원 이후 10년 7개월여 만에 최저치다.업계는 올해 코로나19로 세계 자동차 판매량이 큰 폭으로 감소할 것으로 전망하고 있다. 연초만해도 2.5%로 추정되던 감소폭 전망치는 코로나19 확산 이후 4~5%까지 확대된 상황이다. 최악의 경우 8500만대선이 무너질 수 있다는 우려마저 나온다. 자동차업계 관계자는 “글로벌 자동차 판매 감소폭이 당초 예상치를 상회할 것이라는 것은 분명한 사실”이라며 “특히 북미·유럽 지역 코로나19 사태가 장기화된다면 현대·기아차를 비롯한 국내 자동차산업계가 예상을 넘는 피해를 입게 될 것”이라고 내다봤다.현대차그룹 관계자는 “미국과 유럽 지역에서 코로나19 사태가 어떻게 전개될 지 현재상황에서 예단하는 것은 바람직하지 않다”면서도 “상황을 예의주시하며 생산공장 방역을 철저히 진행하는 등 다양한 노력을 기울이고 있다”고 말했다.유영호 기자 yhryu@mt.co.kr
<저작권자 ⓒ '돈이 보이는 리얼타임 뉴스' 머니투데이, 무단전재 및 재배포 금지>",/news/news_read.nhn?article_id=0004376043&office_id=008&mode=search&query=기아차&page=1
,"신종 코로나바이러스 감염증(코로나19) 여파로 자동차 업체마다 방역과 비대면 서비스를 강조하는 데 여념이 없다. 영업점∙정비센터∙차량을 수시 소독하는 것은 물론, 정비 등을 위해 차를 픽업하고 도로 가져다주는 서비스까지 등장했다.


르노삼성차는 최근 출시한 소형 스포츠유틸리티차량(SUV) XM3 사전계약의 24%가 온라인으로 이뤄졌다고 15일 밝혔다. 르노삼성 측은 “2016년 업계 최초로 도입한 온라인 청약 시스템이 큰 호응을 얻고 있다”며 “지난 9일 출시한 XM3는 코로나19 상황 속에서 온라인 쇼룸 운영과 온라인 사전계약 혜택 등을 제공해 성과를 거뒀다”고 설명했다.


영업점 내방객이 업체를 막론하고 크게 줄어든 상황에서, 사전예약의 3분의 1 가까이 온라인으로 끌어낸 점을 자평하는 분위기다.




 르노삼성차는 또 코로나19 때문에 정비센터 방문을 꺼리는 고객들을 위해 ‘스페셜 픽업&딜리버리 서비스’를 3월 한 달간 운영하고 있다. 정비가 필요한 차량을 고객이 원하는 장소에서 전달받아, 정비 완료 후 다시 고객이 지정한 장소로 가져다주는 서비스다. 편도 10㎞ 이내 기준 기본 1만원, 10㎞ 초과시 1㎞당 1000원의 추가 비용이 든다.


쌍용차도 전국 300여개 전시장을 매일 방역∙소독하고 있다. 전시 차량 수시 소독은 물론, 내방객 차량에 대한 항균 연막소독 서비스를 하고, 손 소독제를 무상 증정한다.



현대·기아차도 ‘특별 무상 차량 항균 서비스’를 제공하고 있다. 차량 실내 소독제 도포 및 신체 접촉이 잦은 운전대, 변속기 레버, 대시보드 등을 소독액으로 닦아주는 서비스다. 현대차는 전국 서비스센터와 블루핸즈에서 3월 중순까지, 기아차는 전국 서비스센터와 오토큐에서 3월 한 달간 이 서비스를 제공한다. 특히 현대·기아차는 타사 차량에도 무상 항균 서비스를 제공한다.





수입차도 예외가 아니다. BMW그룹코리아는 시설 방역은 세스코, 차량 소독은 소낙스와 협업해 전문적인 방역·소독 서비스를 시행 중이라고 밝혔다. 세스코는 BMW와 MINI의 전국 서비스 센터 및 전시장, BMW 드라이빙 센터와 부품물류센터, BMW 코리아 본사 등을 대상으로 주 1회 대대적인 방역 작업을 진행한다. 소낙스는 모든 전시·시승 차량과 서비스센터 입고 차량에 대해 1일 1회 이상 살균 서비스를 제공한다. 또 BMW그룹코리아의 모든 딜러사는 직접 찾아가는 시승 서비스 등 비대면 서비스를 강화했다.


박성우 기자 blast@joongang.co.kr

▶ ▶
/ ⓒ중앙일보(https://joongang.co.kr), 무단 전재 및 재배포 금지",/news/news_read.nhn?article_id=0002984116&office_id=025&mode=search&query=기아차&page=1
,"[머니투데이 이건희 기자, 유영호 기자, 우경희 기자, 최석환 기자] [[MT리포트-르노삼성 다시 달린다]①] 절차탁마(切磋琢磨). 르노삼성자동차가 지난 9일 출시한 세단형 SUV(다목적스포츠차량) 'XM3'가 최근 소비자들로부터 받는 평가를 보면 떠오르는 단어다. 르노삼성이 4년 동안 다듬고 개발한 신차 XM3에 소비자들은 '가성비 최고'라는 수식어를 안겼다. 지난해 차량 판매와 노사관계에서 고전을 면치 못했던 르노삼성이다. 그러나 XM3 출시를 기점으로 달라졌다. 지난달 20일 사전계약을 시작한 뒤 3주 만에 1만1000대 계약을 돌파했다. 2000년 르노삼성으로 국내에서 첫 영업을 시작한 이래 최대 성과다. 특히 한국 시장을 독점하고 있는 현대·기아차의 물량공세를 뚫고 이뤄낸 결과에 르노삼성 임직원이 모두 흥분하고 있다.
르노삼성은 올해 4만대 수준으로 예상했던 XM3 판매량 확대가
확실시 되면서 당초 잡았던 내수 판매 목표(10만대)도 수정할 계획이다.
이같은 XM3 초반 흥행에도 불구하고 르노삼성의 상황은 최악이다. 업황 부진에 노사 갈등까지 겹쳐 생존이 위협받고 있다. 2017년 연간 27만6808대(내수 10만537대+수출 17만6271대)로 국내 완성차 5개사 중 유일하게 성장하며 최전성기를 구가했지만 2018년 22만7577대(내수 9만369대+수출 13만7208대), 지난해 17만7450대(내수 8만6859대+수출 9만591대)로 매년 판매량이 급감했다. 여기에 코로나19로 온 나라의 소비 심리가 꺾였고 현대·기아차의 공격적인 마케팅에 대응할 힘도 달리는 게 현실이다.XM3에 거는 르노삼성의 기대가 더 절박한 것도 이 때문이다. 가성비 최고 XM3가 르노삼성의 성공 신화를 만들어준 효자 모델 중형 SUV '로그'를 이어 국내·외에서 대박을 낼 수 있거둘수 있을 것으로 기대되고 있기 때문이다.하지만 르노삼성의 정상화엔 큰 걸림돌이 있다. 현 집행부 노조가 발목을 잡고 있기 때문이다. 수년째 임금협상을 벼랑 끝까지 몰고가더니 이제는 민주노총 금속노조에 가입하겠다며 사측을 압박하고 있다.노조는 대규모 파업으로 부산공장 경쟁력이 크게 떨어지면서 르노 본사의 로그 위탁 수출물량 생산이 계속 줄어들고 있지만 아랑곳하지 않고 있다. 최근 부산공장을 찾은 호세 비센트 드 로스 모조스 르노그룹 부회장도 XM3 유럽 수출 생산물량 배정과 관련해 “노사가 임단협 협상을 빨리 끝내야 한다”고 사실상 최후통첩을 했지만 마찬가지다.
이런 노조를 지켜보는 임직원들의 마음은 타들어간다. 한 조합원은 ""투쟁에도 시기가 있다""며 ""XM3라는 명작을 만들어 수출물량을 확보할 기회를 맞았는데 노조가 대안 없이 강성투쟁만 외치고 있다""고 지적했다. 김필수 대림대 교수는 ""자동차업계가 초유의 위기를 맞은 상황에서 가장 중요한것은 회사 내부의 결속""이라며 ""하물며 노노갈등까지 발생한다면 가뜩이나 실적이 반토막 난 르노삼성 입장에선 감당하기 어려운 악재가 될 것""이라고 말했다. 이건희 기자 kunheelee@mt.co.kr, 유영호 기자 yhryu@mt.co.kr, 우경희 기자 cheerup@mt.co.kr, 최석환 기자 neokism@mt.co.kr
<저작권자 ⓒ '돈이 보이는 리얼타임 뉴스' 머니투데이, 무단전재 및 재배포 금지>",/news/news_read.nhn?article_id=0004376150&office_id=008&mode=search&query=기아차&page=1
