head,text,url
삼성전자 시총 14조 원 가량 하락,"[더팩트ㅣ박경현 기자] 국내 시가총액 상위 100대 기업이 신종 코로나바이러스 감염증(코로나19)확산을 겪으며 변화를 맞이한 것으로 나타났다. 국내 시총 상위 100개 기업 가운데 15개 기업의 시총이 증가했고, 85개 기업이 하락했다.시가총액(시총)은 기업의 상장주식을 시가로 평가한 총액으로, 기업의 자산과 미래전망 등을 종합해 현재 어느 정도의 규모인가를 나타내는 지표다.<더팩트>취재에 따르면 지난해 11월 기준 시가총액 상위 100개 기업을 살펴봤을 때 우량주들 사이에 변동이 있었다. 코스피 대장주 삼성전자는 305조7000억 원가량에서 7일 기준 296조1000억 원가량으로 시총이 내려갔다. 현대차는 시총이 26조5000억 원가량 이었던 것에서 19조3100억 원대로 내려왔다.지난해 시총 3위였던 NAVER는 27조5000억 원에서 7일 27조8000억 원 수준으로 올랐다. SK하이닉스는 현재 62조4000억 원을 나타내 60조5000억 원 가량이었던 것에서 상승했다.코로나19 이후 전염병의 확산이 오히려 회사의 기회로 작용한 곳들도 있었다. 코스피 시장 내 대표적인 바이오주로 꼽히는 기업들이 수혜를 본 것으로 나타났다. 삼성바이오로직스는 지난해 26조2000억 원에서 현재 31조9000억 원으로 올랐다. 셀트리온은 25조5000억 원에서 26조9000억 원으로 역시 조 단위 상승에 성공했다.코로나19 팬데믹화(세계적 대유행) 이후 현 시점에서 바라볼 때 지난해 대비 기업자산가치가 올라간 기업들과 떨어진 기업들은 아래와 같은 결과를 나타냈다.오른 기업은 SK하이닉스, NAVER, 삼성바이오로직스, 셀트리온, 삼성SDI, 카카오, LG, 엔씨소프트, 셀트리온헬스케어, 넷마블, 오리온, CJ제일제당, 유한양행, 스튜디오드래곤, 더존비즈온 이다.시총이 떨어진 기업은 삼성전자, 현대차, 현대모비스, LG화학, 신한지주, LG생활건강, 삼성물산, SK텔레콤, 포스코, SK, KB금융, 기아차, 한국전력, 삼성에스디에스, SK이노베이션, 삼성생명, KT&G, 아모레퍼시픽, S-Oil, LG전자, 삼성화재, 하나금융지주, 삼성전기, 한국조선해양, 고려아연, 롯데케미칼, 아모레G, KT, 기업은행, 강원랜드, 웅진코웨이, 에이치엘비, 한온시스템, 현대글로비스, LG유플러스, 현대중공업지주, 현대건설, LG디스플레이, 미래에셋대우, GS, 삼성중공업, 현대제철, 한국타이어앤테크놀로지, 한미약품, 삼성카드, 롯데지주, 한국금융지주, 한국항공우주, 휠라홀딩스, CJ ENM, 한국가스공사, 에스원, CJ 대한통운, DB손해보험, 삼성엔지니어링, 롯데쇼핑, NH투자증권, 대림산업, 두산밥캣, 호텔신라, BGF리테일, 삼성증권, 대우조선해양, 포스코케미칼, GS리테일, 쌍용양회, 펄어비스, 한미사이언스, 제일기획, 메리츠종금증권, CJ, GS건설, KCC, 대한항공, 팬오션, 신세계, 포스코인터내셔널, 현대해상, BNK금융지주, 금호석유 등이다. 지난해와 비교했을 때 1000만 원 가량의 변동을 겪어 기업자산가치를 유지한 곳은 이마트, LG이노텍, 케이엠더블유였다.떨어진 기업들 중 10~20권의 우량주 기업들은 적게는 1조 원에서 많게는 5조 원가량 시총이 떨어졌다. 코로나19로 인해 글로벌 증시 하락이 지속되자 국내증시 전반 악화로 이어지면서 다수 기업들 주가가 영향을 받은 것으로 분석된다.시총이 오른 기업들을 업종별로 살펴보면 바이오, IT, 게임, 식품군이 두드러졌다. 특히 셀트리온헬스케어는 지난해 7조8000억 원가량에서 올해 11조8000억 원가량으로 큰 폭의 성장을 보였다. 바이오 기업 '씨젠'은 지난해 100위 권 밖에 있다가 3월 말 기준 63위로 올라오며 석 달 만에 160계단 올라섰다.코로나19 여파로 많은 변동을 겪었던 증권시장에서 가장 수혜가 컸던 헬스케어 산업군은 당분간 이러한 상승세를 유지할 것으로 보인다.서근희 삼성증권 연구원은 ""코로나19가 헬스케어 업종에 미치는 영향은 앞으로도 미미할 것으로 전망""이라며 ""특히 2020년에도 헬스케어 업종의 성장을 주도했던 업체인 삼성바이오로직스, 셀트리온 그룹의 실적 성장이 코로나19에 의한 영향을 피하면서 주가 흐름이 견고할 것으로 보인다""고 분석했다.pkh@tf.co.kr저작권자 ⓒ 특종에 강한 더팩트 & tf.co.kr 무단 전재 및 재배포 금지",/news/news_read.nhn?article_id=0000021921&office_id=629&mode=search&query=기아차&page=2
,"한국자동차기자협회는 7일 ‘4월의 차’로 제네시스 G80을 선정했다고 밝혔다. 협회 산하 올해의 차 선정위원회는 외부 디자인과 내부 인테리어, 제품의 실용성, 안정성 및 편의사양 등을 종합 평가해 후보 차량을 선발하고 투표를 통해 최고의 차량 1대를 선정했다. 4월의 차 후보에는 G80을 비롯해 기아차 쏘렌토, 르노삼성 XM3가 올랐고 G80이 25점 만점에 22.3점을 받아 최고의 차에 등극했다. 올해 3월엔 메르세데스벤츠 A 클래스 세단이 월별 최고의 차로 선정됐다.
독일 폭스바겐그룹이 신종 코로나바이러스 감염증(코로나19) 위기에 대응하기 위해 3차원(3D) 프린팅 기술을 활용한 안면보호구 골격(홀더) 제작에 나섰다고 7일 밝혔다. 이는 전 세계 250여 개 기업이 참여하고 있는 ‘3D 프린팅 네트워크’가 공동으로 추진하고 있는 국제 프로젝트의 일환이다. 안면보호구는 투명한 가리개가 얼굴 전체를 보호해주고 있으며 3D 프린트가 얼굴에 착용할 수 있게 해주는 홀더를 만든다. 제작된 제품은 스페인에서 사용될 예정이다. ⓒ 동아일보 & donga.com, 무단 전재 및 재배포 금지",/news/news_read.nhn?article_id=0003279826&office_id=020&mode=search&query=기아차&page=2
,"코로나 바이러스가 촉발한 '글로벌 수요 절벽'으로 국내 자동차 공장들이 멈춰 서기 시작했다. 지난 2월에도 국내 완성차 5개사 공장이 잇따라 셧다운되는 초유의 사태가 발생한 적이 있다. 그때는 중국 내 코로나 확산 여파로 중국산 부품이 제대로 공급되지 않았기 때문이었다. 3월엔 코로나 바이러스가 미국·유럽 등지로 확산하면서 전 세계 자동차 공장 중 한국·중국 공장만 제대로 돌아갔다. 하지만 이달 들어 국내 공장도 해외 공장들이 겪고 있는 수요 절벽에 맞닥뜨리고 있다. 최근 한국의 자동차 내수 판매는 개별소비세 인하와 신차 효과 등에 힘입어 이례적으로 호황이다. 그러나 생산량의 60%를 차지하는 수출이 바닥으로 추락하면서 생산량 조절이 불가피해졌다.수요 절벽은 경차를 생산하는 라인부터 직접적인 타격을 주기 시작했다. 충남 서산에서 의 모닝·레이를 위탁 생산하는 는 6일부터 13일까지 영업일수 기준 6일간 공장을 쉬기로 했다. 연간 모닝 생산량 20만대 중 75%를 수출해왔는데, 그중 절반을 차지하는 유럽 딜러들이 영업을 중단하면서 주문이 끊긴 상황이다. 기아차 관계자는 ""평균 월 1만대 생산을 했는데, 이번 달은 5000~6000대만 생산해야 하는 상황""이라고 말했다. 국내 경차 수요는 계속 줄고 있지만, 소형차를 선호하는 유럽과 신흥국에서 그나마 꾸준히 팔려 왔다. 지난해 국내 경차 생산량 36만대 중 70%(25만대)가 수출됐다. 그런데 이 수출마저 끊기면 경차는 자동차 시장에서 설 자리가 없게 된다.동희오토 공장이 멈추자, 이곳에 주요 부품을 납품하던 부품사 공장도 일제히 멈췄다. 기아 모닝의 섀시·프론트엔드 모듈(부품 덩어리)을 공급하던
서산 공장도 동희오토와 같은 기간(6~13일) 쉬기로 했다. 모닝에 들어가는 '카파' 엔진을 만들어온
역시 6~9일 공장을 멈춘다.생산량의 80% 이상을 미국 등지에 수출하는 은 2주 전부터 전체 공장의 모든 특근을 중단했다. 한국GM 관계자는 ""아직 공장을 멈출 정도는 아니지만, 수출 감소로 특근할 필요가 없어졌다""며 ""이 사태를 심각하게 예의주시하고 있다""고 말했다. 는 지난 2일부터 유럽산 부품 수급이 원활치 않은 문제로 평택공장 1·3라인을 일주일에 한 번씩 쉬는 순환 휴업을 하고 있다. 업계에서는 ""수요 감소에 따른 생산량 조절 필요성도 있었을 것""이라고 보고 있다. 한 업계 관계자는 ""동희오토 공장 중단은 이제 시작일 것""이라며 ""내수가 아무리 잘나가도 절반 이상이 수출이라 주요 완성차 업체들의 타격이 불가피하다""고 말했다.는 최근 잇따른 신차 출시로 내수 판매량이 증가하며 국내 공장을 활발하게 돌리는 것으로 알려져 있다. 그러나 현대차 공장 내에서도 '빈익빈 부익부' 현상이 나타나고 있다. 수출 물량이 많은 차종을 생산하는 공장은 일감이 없어 생산 속도를 조절하고 있고, 내수 물량이 많은 차종을 생산하는 공장은 수시로 주말 특근을 하고 있다. 물량이 없어 가장 어려운 곳은 울산 1공장과 울산 5공장 2라인이다. 울산 1공장은 코나와 벨로스터를 생산하는데, 유럽 수출 물량이 대부분인 차종이다. 울산 5공장 2라인은 넥쏘와 수출용 투싼을 생산한다.반대로 국내 주문이 6개월 이상 밀려 있는 제네시스 GV80·팰리세이드 등을 생산하는 울산 2공장은 일감이 많아 주말에도 라인을 돌리고 있다. 7일 신차가 나온 아반떼를 생산하는 3공장, 포터·팰리세이드를 생산하는 4공장, 제네시스 세단을 생산하는 5공장 1라인도 내수 판매가 잘 돼 상황이 괜찮은 편이다.현대차는 지난 2월 셧다운으로 못 만든 물량을 만회하자는 취지에서 노조와 협의하던 주 60시간 특별연장근로 추진을 중단했다. 노조 반대도 이유 중 하나지만, 수출이 급감하는 상황에서 생산량을 더 늘릴 필요성이 사라졌기 때문이다. 하언태 현대차 사장은 최근 직원들에게 ""우리 물량의 70%를 차지하는 수출길이 막힌 절체절명의 상황"" ""한 번도 경험해보지 못한 최악의 글로벌 불황""이라며 위기의식을 드러냈다. 이항구 산업연구원 선임연구위원은 ""주요 수출국인 미국·유럽·신흥국 등의 경제가 마비된 상황이라 향후 수요에 대비해 재고 생산을 해왔더라도 결국 쌓아 놓을 곳이 없어 가동을 멈출 수밖에 없다""며 ""이달 말까지 버틸지도 미지수""라고 말했다.[류정 기자 well@chosun.com] 		▶
		▶ 		▶
	- Copyrights ⓒ 조선일보 & chosun.com, 무단 전재 및 재배포 금지 -",/news/news_read.nhn?article_id=0003521812&office_id=023&mode=search&query=기아차&page=2
,"유럽의 경차 수요가 급감하며 기아차 모닝 위탁 생산 업체인 동희오토가 '셧다운'에 들어간 가운데 '광주형 일자리' 운명에 관심이 쏠리고 있다. 광주시가 절반 임금의 '상생형 일자리' 모델로 설립한 는 올 하반기부터 경형 SUV를 연간 7만대 생산하겠다는 계획으로 공장을 건설 중이다. 그러나 국내 경차 수요는 급격히 줄고 있다. 코로나 바이러스 사태가 겹치면서 그나마 있던 해외 수요까지 얼어붙자 광주형 일자리 사업 모델이 과연 존속할 수 있겠느냐는 우려가 나온다.한국자동차산업협회 통계에 따르면, 국내 자동차 업체의 1000㏄ 미만 경차 생산량은 2013년 51만대에서 지난해 36만대로 6년간 30% 줄었다. 내수 판매는 18만대에서 11만대로 39% 줄었고, 수출도 33만대에서 25만대로 24% 줄었다. 이런 상황에서 당장 경차가 연 7만대 새로 생산되면, 생산 과잉으로 기존 경차 생산 업체까지 힘들어질 수 있다는 얘기가 나온다.광주형 일자리는 이 문제가 아니더라도, 노동계의 '몽니' 때문에 시작도 전에 삐걱거리고 있다. 노동계를 대표해 '노·사·민·정' 합의에 참여했던 한국노총 광주지역본부는 최근 참여를 철회하겠다고 입장을 번복하는 등 광주형 일자리 논의 초기부터 수차례 태도를 바꾸고 있다. 광주시 등은 어떻게든 사업을 계속한다는 방침이지만, 노동계 불참에다 사업성 우려까지 더해 결국 세금으로 먹여 살리는 '돈 먹는 하마' 공장이 또 하나 생기는 것 아니냐는 지적이 나온다.[윤형준 기자 bro@chosun.com] 		▶
		▶ 		▶
	- Copyrights ⓒ 조선일보 & chosun.com, 무단 전재 및 재배포 금지 -",/news/news_read.nhn?article_id=0003521814&office_id=023&mode=search&query=기아차&page=2
[경제 블로그] 친환경차 시대에도 디젤에 머물러,"[서울신문]“팰리세이드나 모하비 사면 되지 G4 렉스턴을 왜 사.”지인에게 쌍용자동차의 준대형 스포츠유틸리티차량(SUV) G4 렉스턴을 추천했더니 이런 대답이 돌아왔습니다. 가격이나 크기를 고려하면 현대차 팰리세이드가 낫고, ‘프레임 보디’의 튼튼함을 고려하면 기아차 모하비가 더 낫다는 나름 전문적인 근거도 함께 제시했습니다. 듣고 보니 틀린 말은 아니었습니다. 고객의 입장에서 쌍용차 모델을 사야 할 이유는 ‘회사 사정이 어렵다’는 동정심 말고는 찾기가 어려웠습니다.쌍용차 대주주 인도 마힌드라그룹은 최근 쌍용차에 2300억원의 자금 지원 계획을 철회하면서 3개월간 400억원을 지원한다고 밝혔습니다. 700억원의 산업은행 채권 만기가 돌아오는 7월까지 딱 버틸 수 있는 자금입니다. 마치 ‘시한폭탄’을 정부에 떠넘기고 손을 놔버린 모습입니다. 상황이 이렇게 된 이상 정부도 쌍용차를 외면하기가 쉽지 않아 보입니다.하지만 자금 지원은 연명 장치를 다는 것에 불과합니다. 쌍용차가 계속 살아남으려면 현대·기아차를 뛰어넘는 혁신적인 신차를 내놓아야 합니다. 물론 “돈이 있어야 신차를 개발할 수 있는 거 아니냐”라는 반론이 있을 수 있습니다. 하지만 ‘궁하면 통한다’는 속담이 현실화된 사례는 가까이에도 많습니다. 르노삼성차는 지금도 경영 사정이 썩 좋진 않지만 지난달 신차 ‘XM3’로 내수 판매가 전년 동월 대비 83.7% 급증하며 가능성을 보였습니다. 한국지엠도 쉐보레 트레일블레이저로 경영 정상화에 시동을 걸었습니다.그동안 쌍용차가 ‘SUV 명가’라는 타이틀에 매달려 혁신에 소홀했던 것도 사실입니다. 배출가스 규제 강화로 친환경차 시장이 활짝 열렸는데도 쌍용차는 여전히 ‘디젤 SUV’에만 머물러 있습니다. 코란도 전기차 모델 개발은 경쟁사보다 이미 3~4년 늦었습니다. 친환경차는 출시된 지 1년만 지나도 구형이 돼 버릴 정도로 발전 속도가 빠릅니다. 따라서 내년쯤 우여곡절 끝에 코란도 전기차가 출시되더라도 고객 사이에서는 “현대·기아차 전기차 사지 쌍용차 전기차 왜 사”라는 말이 나올 게 뻔합니다. 내 차를 살 땐 누구나 냉정해집니다. 또 좋은 차는 누구나 알아봅니다. 쌍용차를 ‘사고 싶은 차’가 되게 하려면 파격을 뛰어넘는 혁신만이 유일한 해법일 것입니다.이영준 기자 the@seoul.co.kr▶
▶
▶ⓒ 서울신문(www.seoul.co.kr), 무단전재 및 재배포금지",/news/news_read.nhn?article_id=0003080660&office_id=081&mode=search&query=기아차&page=2
세련된 외관·개선된 공간성·첨단 안전 및 편의사양 중무장준중형 세단 시장 부흥 이끈다…내수 목표 7만3000대,"(서울=뉴스1) 조재현 기자 = '국민차에 도전한다' 현대자동차가 5년 만에 출시한 7세대 '올 뉴 아반떼'가 다시금 도약에 나선다. 6세대 부분변경 모델 곳곳에 포진했던 삼각형 디자인 요소는 비로소 7세대에서 제대로 자리를 잡은 느낌이다. '삼각떼'(삼각형+아반떼)와 같은 혹평은 찾아보기 힘들다.올 뉴 아반떼는 이전 모델과 비교해 세련된 외관과 넓어진 실내, 최첨단 운전자 보조 시스템 등으로 중무장했다. 이를 바탕으로 준중형 세단 시장의 '왕좌'를 되찾겠다는 목표다.8일 업계에 따르면 현대차는 올 뉴 아반떼의 올해 내수 판매목표를 7만3000대로 잡았다. 올해 1분기가 지났다는 점을 감안하면 낮은 수치가 아니다. 월평균 8000대가량을 판매해야 달성 가능한 목표다. 현대차의 내수 판매량을 견인하는 그랜저와 쏘나타 수준으로 올 뉴 아반떼를 팔아야 한다는 의미다. 기존 아반떼 한 달 평균 판매 대수(5100여대)를 생각하면 결코 쉬운 도전은 아니지만, 가능성은 충분하다.올 뉴 아반떼는 지난달 25일부터 이달 6일까지 영업일 기준 9일 동안 총 1만6849대의 사전계약을 기록하며 순항하고 있다. 국내 준중형 세단 수요 감소에 이어 신종 코로나바이러스 감염증(코로나19) 여파로 소비 심리가 크게 위축된 상황에서 선전했다는 게 업계 평가다. 상반기 중 가세하는 1.6 하이브리드 및 1.6 터보 N라인도 판매량 증대에 힘을 보탤 전망이다. 사회가 급변하면서 자동차의 쓰임새도 달라졌다. 준중형 세단을 자동차 시장의 주류로 분류하기 어려운 시대다.
최근 5년간(2015~2019년) 국산 소형 SUV 수요가 8만6000대에서 18만4000대로 114% 급증한 반면 준중형 세단 수요는 32% 급감했다. 이 기간 준중형 세단 수요는 6만대가량 감소, 지난해 판매량은 12만3000대에 불과했다.지난해부터 최근까지 내수 시장에서는 베뉴(현대차)와 셀토스(기아차), 트레일블레이저(한국GM) 등 소형 SUV가 연이어 소비자를 공략하고 있다. 세단과 SUV 장점을 합한 XM3(르노삼성차)도 등장, 차종 간 경계도 모호해졌다.아반떼가 과거 내수 10만대를 가볍게 상회하며 '국민차'로 불러던 시기를 재현하는 것이 마냥 쉽지만은 않다. 하지만 올 뉴 아반떼는 미래지향적 디자인과 신규 플랫폼으로 개선된 공간성, 차급을 뛰어넘은 첨단 안전 및 편의 사양으로 준중형 세단 시장의 부흥을 이끌 것으로 기대를 모으고 있다.7세대 아반떼는 전통적인 드로잉 및 스케치 방식이 아닌 디지털 데이터를 통해 생성되는 선, 면, 각, 도형을 활용해 조형미를 살리는 '파라메트릭 다이나믹스'를 테마로 완성됐다. 전작에 쓰였던 삼각형 디자인 요소는 7세대로 오기 위한 작은 맛보기에 불과했던 것이다.
조범수 현대디자인오리지날리티TFT 팀장은 전날(7일) 가진 온라인 출시 행사에서 ""최소한의 점과 선으로 연결을 해서 차를 표현하던 중에 보석이 세공된듯한 느낌을 받았다""며 ""전면부 그릴에서 차량 전체로 보석이 세공된 듯한 느낌을 퍼트려 봤다""고 설명했다.측면과 후면 역시 강렬한 캐릭터라인과 후대의 'H'로고를 형상화한 테일램프가 독특함을 부여한다. 실내도 못지않다. 10.25인치 클러스터와 10.25인치 내비게이션이 통합된 형태의 '파노라마 디스플레이'는 차급을 뛰어넘는 고급스러움을 더하는 요소다. 3세대 신규 통합 플랫폼을 적용한 올 뉴 아반떼는 낮아진 차량의 무게 중심과 개선된 주행 안전성도 자랑한다. 최적의 설계로 동급 최고 수준의 휠베이스(2720㎜)도 확보했다. 전방 충돌 방지 보조, 차로 유지 보조, 차로 이탈방지 보조, 운전자 주의 경고, 하이빔 보조를 기본 적용했다. 여기에 제휴 주유소와 주차장 결제 시 내비게이션 화면을 통해 간편하게 결제가 가능한 '현대 카페이' 기능도 탑재했다.아반떼는 1990년 '엘란트라'라는 이름으로 국내시장에 출시된 이후 지난 30년간 전 세계에서 누적 1380만대 이상 판매된 글로벌 베스트셀링카다. 해외 시장에서 효자 노릇도 톡톡히 하고 있다. 지난해 아반떼의 글로벌 판매(55만1026대) 중 국내 수출 물량을 합친 해외 판매 비중은 88%(48만8922대)에 달했다.윤현오 현대차 국내마케팅1팀 매니저는 ""아반떼는 '국민 첫차'가 아닌 국민차라고 본다. 단순하게 젊은 세대에게만 사랑받는 것이 아니라, 생각이 젊은 모든 분에게 사랑을 받을 것""이라고 말했다.cho84@news1.kr© 뉴스1코리아(), 무단 전재 및 재배포 금지",/news/news_read.nhn?article_id=0004571045&office_id=421&mode=search&query=기아차&page=2
이달 말 500억원어치 발행 추진,"현대자동차그룹 전기장비부품 계열사인 현대오트론이 회사채시장에 데뷔한다. 신종 코로나바이러스 감염증(코로나19) 확산 여파로 냉각된 시장 분위기가 어느 정도 회복되느냐가 흥행 여부를 결정지을 전망이다.8일 투자은행(IB)업계에 따르면 현대오트론은 이달 말 운영자금 조달을 위해 500억원 규모 회사채를 공모로 발행할 계획이다. 채권 만기는 3년과 5년으로 나누기로 했다. 이 회사는 조만간 기관투자가들을 상대로 한 수요예측(사전 청약)을 진행할 예정이다. KB증권이 발행 주관을 맡고 있다.현대오트론은 현대차그룹이 전장 사업을 강화하기 위해 2005년 독일 지멘스와 합작해 설립한 자동차 부품회사다. 반도체, 제어기, 소프트웨어 등 자동차용 전장부품을 제조해 현대‧기아차 등에 공급하고 있다. 현대차는 2010년 지멘스 보유 지분을 모두 사들여 현대오트론에 대한 지배력을 한층 강화했다. 현재 현대차가 최대주주로서 현대오트론 지분 60%를 보유 중이며 나머지 지분은 기아자동차와 현대모비스가 20%씩 나눠들고 있다.이 회사는 현대차그룹 계열사들을 상대로 수익을 올리며 설립 이후 꾸준히 성장하고 있다. 현대오트론이 지난해 거둔 매출은 8598억원으로 전년 대비 15.8% 증가했다. 2018년 15억원까지 줄었던 영업이익도 지난해 90억원으로 늘면서 회복세로 돌아섰다. 최근 이 회사가 개발한 소프트웨어가 자동차에 본격적으로 적용되기 시작한 것을 고려하면 점차 수익성이 개선될 전망이다. 국내 신용평가사들은 현대오트론 신용등급을 10개 투자적격등급 중 여섯 번째로 높은 A(안정적)로 매기고 있다.채권시장에선 코로나19로 얼어붙은 투자심리가 얼마나 살아나느냐가 현대오트론의 회사채 수요예측 결과를 좌우할 것으로 보고 있다. 정부가 20조원 규모로 조성한 채권시장안정펀드가 최근 회사채 매입을 시작하고 산업은행도 회사채 인수 프로그램 가동준비에 나서면서 조금씩 기업들의 채권 발행여건이 개선될 것이란 관측이 나온다.김진성 기자 jskim1028@hankyung.com▶ ▶
 ▶
ⓒ 한국경제 & , 무단전재 및 재배포 금지",/news/news_read.nhn?article_id=0004320417&office_id=015&mode=search&query=기아차&page=1
부채총계 작년말 6136억원…유동부채가 비유동부채의 2.8배회사채 발행 금리는 민간평가사 고시 금리보다 30bp 높아,"롯데푸드는 채권시장안정펀드의 회사채 수요예측 참가 소식에 주가가 모처럼 활짝 웃었습니다.롯데푸드 주가는 7일 전일보다 3만5000원(9.93%) 오른 38만7500원에 거래를 마쳤습니다. 이날 주가는 지난 3월 23일의 저점 20만4000원에 비해 90% 오른 수준입니다.채권시장안정펀드가 6일 신용등급 'AA'인 롯데푸드의 3년 만기 회사채 수요예측에 참여해 300억원어치 매수를 주문하면서 상황이 급반전 됐습니다.롯데푸드는 당초 700억원어치를 발행할 예정이었으나 이날 수요예측 참여 금액이 1400억원에 이르자 계획보다 많은 1000억원을 발행하기로 했습니다.롯데푸드가 금융감독원에 신고한 전자공시에 따르면 롯데푸드에 돌아오는 사채는 원화공모사채 2종류로 만기가 오는 4월 12일로 되어 있습니다.1회 원화공모사채는 규모가 1000억원으로 연 이자율은 2.08%입니다. 2회 원화공모사채는 500억원 규모로 연 이자율 2.46%를 지급하도록 되어 있습니다.롯데푸드는 내년 3월 22일에는 일본 미즈호은행으로부터 빌린 돈 500억원의 만기가 돌아옵니다. 연 이자율은 2.67%를 지급하고 있습니다.지난 2일부터 본격 가동된 채권시장안정펀드가 회사채 매입을 결정한 것은 롯데푸드가 처음입니다.증권가에서는 국내크레딧시장의 경우 공사채와 은행채 등 초우량물이 진정세에 들어가면서 글로벌 유동성 경색에 따른 무차별적인 위험회피구간은 벗어난 것으로 판단하고 있습니다.국내 회사채와 여전채 시장과 관련된 리스크는 대부분 유동성 리스크 때문에 빚어지는 것으로 이번 채권시장안정펀드가 롯데푸드의 회사채를 매입하면서 회사채 시장도 안정적인 모습을 보일 것으로 전망됩니다.롯데푸드의 최근 4년간 분기별 실적을 보면 영업이익률이 계속해서 악화되어 가는 모습을 보이고 있습니다.롯데푸드의 2019년 4분기 실적은 매출액 4187억원, 영업이익 12억원, 당기순이익 5억원으로 영업이익률이 0.3%에 불과합니다.영업이익률은 2019년 1분기 2.0%, 2분기 4.0%, 3분기 4.4%를 기록하면서 연간 실적으로는 2.8%를 나타냈습니다.롯데푸드의 재무상태는 2019년 12월 말 현재 자본총계 7075억원, 부채총계 6136억원으로 자산총계가 1조3211억원에 달합니다. 롯데푸드의 부채비율은 87%에 이릅니다. 부채 규모는 유동부채가 4538억원, 비유동부채가 1598억원으로 1년 이내에 갚아야할 부채인 유동부채가 비유동부채에 비해 2.8배 많은 수준입니다.롯데푸드의 유동부채는 차입금 1120억원, 매입채무 802억원, 기타금융부채 849억원, 미지급법인세 52억원, 기타부채 1701억원 등이 있습니다.롯데푸드가 1000억원의 회사채를 발행하면 자금운용에서 다소 한숨을 돌릴 것으로 보입니다. 발행 금리는 민간평가사가 고시하는 금리보다 30bp(1bp=0.01%) 높게 결정됐습니다.롯데푸드의 회사채는 민간평가사의 고시 금리보다 다소 높은 수준에서 금리가 결정됐고 자금운용에 숨통을 열 수 있으나 롯데푸드의 계속 하락하는 영업이익률로서는 적지 않은 이자 부담이 될 것으로 보입니다.롯데푸드의 회사채 발행 성공에 힘입어 기아차, 호텔신라, 롯데칠성, LG CNS 등도 이달중 회사채 발행을 계획하고 있는 것으로 알려졌습니다. ▶
/ ▶ 김대성(kimds@joseilbo.com)저작권자 ⓒ 조세일보(http://www.joseilbo.com). 무단전재 및 재배포 금지",/news/news_read.nhn?article_id=0002221821&office_id=123&mode=search&query=기아차&page=1
"현대차 글로벌 ICT 센터, IBM IT 운영 모델 기반으로 운영","[헤럴드경제=김민지 기자] IBM은 현대차그룹이 인도 방갈로르에 설립하는 ‘글로벌 ICT(정보통신기술) 센터’ 프로젝트의 전략적 파트너로 선정됐다고 8일 밝혔다.글로벌 ICT 센터는 클라우드·프로세스 자동화 등 디지털 혁신을 위한 비즈니스 성장의 발판을 마련하기 위해 현대차그룹이 지난해부터 준비해온 프로젝트다. 현대차그룹은 글로벌 IT 운영을 한 곳에 통합해 5년간 약 1000억원을 절감할 수 있을 것으로 예상하고 있다.글로벌 ICT 센터는 IBM의 IT 운영 모델을 기반으로 운영된다. 또 현대차그룹의 IT 서비스 전문기업 현대오토에버가 3년 뒤 글로벌 ICT 센터를 자체 운영 할 수 있도록 지원할 예정이다.IBM은 “전 세계 30개 이상의 자동차 업계 고객과 협력한 경험과 비즈니스에 대한 이해, IT 서비스 전문 역량을 바탕으로 현대차그룹을 위한 새로운 IT 서비스 모델을 제공할 계획”이라고 밝혔다.서정식 현대·기아차 최고정보책임자(CIO)는 “IBM과 추진하는 글로벌 ICT 센터는 ‘그룹원(One) IT’로서의 IT 운영표준화와 통합화를 기반으로 한다”며 “글로벌 비즈니스 운영에 있어 효율성과 생산성을 제고하고, 미래먹거리 사업을 효과적으로 추진할 수 있는 동력을 부여해 현대차그룹이 글로벌시장에서 경쟁력을 향상하는데 큰 도움이 될 것”이라고 말했다.원성식 한국IBM 부사장은 “글로벌 ICT 센터는 현대차그룹이 새롭게 일하는 방식을 수용하고 기술을 혁신하는 데 있어 중요한 요소가 될 것”이라며 “현대차그룹이 디지털 혁신 기업으로 전환하는 데 촉매제 역할을 할 것으로 기대한다”고 말했다.jakmeen@heraldcorp.com
- Copyrights ⓒ 헤럴드경제 & heraldbiz.com, 무단 전재 및 재배포 금지 -",/news/news_read.nhn?article_id=0001659342&office_id=016&mode=search&query=기아차&page=1
,"현대자동차그룹 직원들이 신종 코로나바이러스 감염증(코로나19) 극복에 적극적으로 나서며 사내 기부 문화를 재정립하고 있다.8일 현대·기아자동차에 따르면 직원들이 자발적으로 마련한 기부 캠페인 ‘우리가 함께 하는 나눔프로젝트’에 모인 기부금이 1억7000만원을 돌파했다.나눔프로젝트는 코로나19 사태를 극복하자는 취지의 발언이 커뮤니티에서 공감을 얻으며 시작됐다. 기부는 양재동 본사와 국내사업본부 등에 설치된 무인 기부 단말기와 온라인 기부 플랫폼 네이버 해피빈을 통해 이뤄졌다.무인 기부 단말기엔 사원증을 통해 5000원부터 1만원까지 기부금이 모였다. 캠페인 운영진들은 자발적 기부에 동참한 직원에게 나눔 팔찌를 제공해 동기를 부여했다.현대차의 참여 인원은 3461명으로, 기부금은 1억1788만3727원으로 집계됐다. 특히 기부 마지막 날인 7일에만 700여명이 참여해 2000만원이 기부됐다.기아차는 화성공장을 제외하고 총 4400만원이 모였으며 집계가 계속되고 있다. 화성공장의 기부금을 포함하면 현대·기아차 합산 1억8000만원을 웃돌 것으로 예상된다.현대차그룹은 ‘1+1 매칭 펀드’ 방식으로 직원들이 기부한 금액과 동일한 액수를 기부할 예정이다. 이날 기준 기부금으로 추산하면 총 3억4000만원의 온정이 모일 것으로 보인다. 정찬수 기자
- Copyrights ⓒ 헤럴드경제 & heraldbiz.com, 무단 전재 및 재배포 금지 -",/news/news_read.nhn?article_id=0001659399&office_id=016&mode=search&query=기아차&page=1
,"코로나 바이러스 확산으로 인한 경기 침체로 중고차 가격도 하락하고 있다. 국산차와 수입차 모두 시세가 내려 중고차 구매를 고려했다면 지금이 적기다.국내 최대 자동차 거래 플랫폼 SK엔카닷컴이 8일 이달의 중고차 시세를 공개했다. 현대차, 기아차, 르노삼성, 쌍용 등 국내 완성차 브랜드와 BMW, 벤츠, 아우디 등 수입차 브랜드의 2017년식 인기 차종 시세다.4월은 수요가 높아 시세가 거의 떨어지지 않는 중고차 시장의 봄 성수기로 알려져 있지만 이번 4월은 국산차와 수입차 시세 하락 폭이 평균보다 컸다.국산차는 전월 대비 평균 -1.7% 하락했다. 감가 폭이 가장 큰 모델은 르노삼성 SM6로 최소가 기준 -5.9%, 최대가 기준 -3.0% 떨어졌다. SM6는 페이스리프트 신형 모델 출시를 앞두고 있는 점이 반영됐다. 쌍용 티볼리도 최소가가 -4.1% 최대가가 -3.7%로 하락했고, G4 렉스턴도 최소가가 -4.8% 떨어졌다.현대차 그랜저는 오히려 시세가 올랐다. 그랜저 IG의 시세는 최소가가 2.1% 최대가가 2.0%로 상승했다. 아반떼 AD의 시세도 신형 모델의 출시에도 불구하고 보합세에 그쳤다.수입차 역시 전월 대비 평균 -1.89% 하락했다. 아우디 A4의 하락 폭이 -6.3%로 가장 컸다. 벤츠 C클래스는 최소가가 2.2% 떨어져 2000만대에 구매가 가능해졌고, 재규어 XF도 최소가가 -4.2% 떨어져 역시 2000만원대가 됐다. 이외 시세 하락폭이 평균보다 큰 모델은 미니 쿠퍼 D(최대가 기준 -2.6%)와 포드 익스플로러(최소가 기준 -2.1%)였다.박홍규 SK엔카닷컴 사업총괄본부장은 “4월은 봄 성수기에 성과급 지급도 있어 수요가 많은 시기지만 올해는 시국의 특수성 때문에 시세가 전반적으로 하락했다”며 “특히 이번 달 시세 하락 폭이 평균보다 큰 국산 SUV나 소형, 중형 수입차 구매를 원하는 소비자는 이 시기를 노려볼 만하다”고 말했다.[류정 기자 well@chosun.com] 		▶
		▶ 		▶
	- Copyrights ⓒ 조선일보 & chosun.com, 무단 전재 및 재배포 금지 -",/news/news_read.nhn?article_id=0003521931&office_id=023&mode=search&query=기아차&page=1
"勞 ""市는 현대차 입장만 대변""使 ""협약 외 요구, 일방적 파기""","[아시아경제 김보경 기자, 문채석 기자] 7일 광주 서구에 위치한 한 기업 사무실. 직원 20여명이 각자 업무에 몰두하며 분주히 움직이고 있었다. 이들은 지난달 2일자로 채용된 경력직 직원들이다. 회사 설립 6개월 만에 처음으로 진행된 공채에 지원자 358명이 몰렸다. 16대 1의 경쟁률을 기록할 정도로 지역민들의 높은 관심을 받았다.이 기업은 국내 최초의 노사 상생형 일자리 모델인 '광주형 일자리'를 추진 중인 '광주글로벌모터스'다. 광주시와 현대차, 노동계 등이 참여한 광주형 일자리는 지난해 1월 문재인 대통령이 투자 협약식에 직접 참석할 정도로 정부가 역점을 두고 있는 사업이다. 연봉을 대기업의 절반 수준으로 줄이는 대신 노사 상생으로 일자리를 만들고 지역경제를 살리자는 취지에서 시작됐다. 생산 시설이 해외로 빠져 나가는 상황 속에서 23년 만에 국내 첫 완성차 공장을 짓는 의미 있는 프로젝트이기도 하다. 연간 자동차 10만대를 생산할 공장 설립을 위해 광주시 483억원, 현대차 437억원, 광주은행 260억원 등 30여개 기관ㆍ단체가 십시일반으로 투자에 참여했다.그러나 지난 2일 광주형 일자리의 한 축을 담당하고 있던 노동계가 협약 파기를 선언하면서 삐거덕거리고 있다. 노동계는 사업 추진과정에서 광주시가 자신들의 요구를 수용하지 않고 현대차 입장만 대변한다고 주장하고 있다. 반면 사측은 노동계가 무리한 주장를 펼치고 있다며 팽팽히 맞서고 있다. 사측은 계획대로 사업을 추진한다는 입장이지만 노사 간 지리멸렬한 공방이 계속되면 '상생'이라는 본래 의미가 퇴색되고
전국의 다른 상생형 일자리 사업도 위축될 수밖에 없다.김동원 고려대학교 경영학과 교수는 ""상생형 일자리가 성공하려면 독일의 '아우토5000'처럼 기업하기 좋은 환경부터 만들어야 하는데 지금의 광주형 일자리는 전혀 다른 프로그램이 됐다""며 ""현대차가 실패하면 다른 기업들도 상생형 일자리 사업에 참여하기를 꺼릴 것""이라고 우려했다.현재 노동계는 ▲노동이사제 도입 ▲부적격ㆍ비전문 임원 해임 ▲경영자 연봉을 직원 임금의 2배 이내로 조정 ▲기업ㆍ원하청ㆍ지역사회 상생 ▲시민자문위원회 구성 등을 요구하고 있다 . 박상모 기아차 광주지회 전 정책실장은 ""광주형 일자리는 문재인 정부의 국정과제인 만큼 이제는 대통령과 중앙정부가 나서야 한다""고 목소리를 높였다. 이에 대해 오순철 광주글로벌모터스 경영본부장은 ""당초 노사가 협약한 내용 외의 것들을 요구하며 일방적으로 파기를 선언했다""며 ""주주의 의사에 반해 회사를 운영할 순 없다""고 잘라 말했다.노ㆍ사ㆍ민ㆍ정의 협력을 요하는 광주형 일자리는 '한 번도 가보지 않은 길'이다. 그 과정에서 시행착오는 불가피해 보인다. 하지만 신종 코로나바이러스감염증(코로나19)으로 고용 대란이 우려되는 가운데 노사 상생을 통한 좋은 일자리 창출이 어느 때보다 절실한 시점이다.광주=김보경 기자 bkly477@asiae.co.kr문채석 기자 chaeso@asiae.co.kr <ⓒ경제를 보는 눈, 세계를 보는 창 아시아경제 무단전재 배포금지>",/news/news_read.nhn?article_id=0004657867&office_id=277&mode=search&query=기아차&page=1
"1만2000명 직간접 고용 효과 노사 간 대치 계속되면 인력채용·생산일정 차질 불가피  '상생' 취지 못살리면 기업 참여, 투자 위축""전국 상생형 사업 영향…성공모델 만들어야""","[아시아경제 김보경 기자, 문채석 기자] 광주형 일자리를 추진 중인 광주글로벌모터스의 근로자 초임 평균 연봉은 3500만원으로 대기업의 절반 수준이다. 현재 일하는 사무직 직원들도 임금에 대한 눈높이를 낮춰서 입사했다. 회사는 올해 200여명을 추가 채용하고, 대규모 기술직 인력은 내년 상반기부터 본격적으로 채용할 예정이다. 공장 건설 과정을 포함해 광주형 일자리로 창출되는 직간접적 일자리는 1만2000개로 추산된다. 일자리 부족으로 청년 유출이 심화하는 가운데 광주 지역 경제와 고용 여건에 볕이 들 것으로 기대를 모았다. 하지만 노사 간 대치가 계속되면 인력 채용, 생산 일정에도 차질이 생길 수밖에 없다. 전문가들은 노동계가 무리한 요구를 자제하는 대신 '상생형 일자리'라는 취지에 맞는 지배구조를 갖춰 성공 모델을 만들어야 한다고 강조했다.광주형 일자리 협약에 대해 전격적으로 파기를 선언한 노동계는 ""더 이상의 협상은 없다""며 완강한 자세를 유지하고 있다. 박상모 전 기아차 광주지회 정책실장은 아시아경제와의 통화에서 ""예산을 따내기 위해 온갖 미사여구로 사업을 포장할 때만 노동계를 동원하고 결국 들러리 세우고 있다""며 ""사회 통합과 노사 동반 성장을 실현할 일자리가 아닌 기존의 재벌 중심 일자리로 전락했다""고 비판했다. 한국노총도 파기 선언문을 통해 ""상생형 일자리는 성과에 눈이 어두워 기업들의 이익을 보장해주며 세금을 퍼붓는 일자리로 귀결되고 있다""면서 ""지역균형발전 차원에서라도 더 늦기 전에 세밀한 점검과 혁신적인 대책 마련이 시급하다""고 주장했다. 현재 노동계는 ▲노동이사제 도입 ▲부적격ㆍ비전문 임원 해임 ▲경영자 연봉을 직원 임금의 2배 이내로 조정 ▲기업ㆍ원하청ㆍ지역사회 상생 ▲시민자문위원회 구성 등을 요구하고 있다.사측(광주글로벌모터스)도 물러설 기미가 보이지 않는다. 오순철 광주글로벌모터스 경영본부장은 이어 ""회사의 경영에 참여하겠다는 논리가 깔려 있어서 수용하기 어렵다""며 ""임원 해임 문제도 해임할 사유가 있다면 주주총회에서 하겠지만 그게 아니라면 불가능하다""고 선을 그었다. 사측은 노동계와 무관하게 완성차공장 설립 일정을 예정대로 진행한다는 방침이다. 현재 광주 빛그린국가산단 내 들어설 자동차공장 공정률은 9.5%다. 오는 9월까지 생산설비를 설치하고 내년 4월 시험생산을 시작해 9월 완성차를 양산하는 것을 목표로 삼고 있다. 인건비 문제 등으로 자동차 생산 설비의 해외 이전이 속출하던 국내에 23년 만에 처음으로 완성차공장이 세워지는 것이다. 오 본부장은 ""공사 진행에는 전혀 문제가 없다""며 ""공장이 건설되면 노동계가 다시 들어올 수도 있다""고 내다봤다. 그는 ""노사 소통, 투명 경영을 하는 조건으로 회사가 설립됐다""며 ""노조가 정식으로 형성되면 경영 상태를 매달 설명하는 등 함께 갈 것""이라고 덧붙였다. 광주시는 노동계의 동참을 촉구하되 완성차 공장 건설도 계획대로 추진하겠다는 입장이다. 광주시 관계자는 ""노동계 파기 선언과 관계없이 인력을 채용하고 있고, 공장 건설도 속도감 있게 진행되고 있다""고 말했다. 다만 ""노동계가 파기 선언을 했지만 언제든지 대화할 준비가 돼 있다""며 ""광주시-현대차 간 투자협약서의 본질적인 내용을 위배하지 않는 한 전부 수용하겠다는 입장""이라고 전했다.한편 광주형 일자리가 좌초되면 전국의 상생형 일자리 사업도 위축될 수 있다는 비관론이 제기된다. 첫 프로젝트부터 실패하면 사업 불확실성이 커지고 투자가 위축될 것이란 전망이다. 인건비가 저렴한 해외로 눈을 돌리는 기업들의 마음을 잡기 어려워질 것이란 지적도 나온다.전문가들은 노동이사제 도입과 경영 참여 요구 등을 노동계가 자제하는 것이 우선이라고 조언한다. 최영기 한림대 교수는 노동계의 노동이사제 도입 요구에 대해 ""노조 대표가 아니라 노동 이슈에 정통한 기업인을 이사로 선임한 뒤 '노동이사'란 명분을 실어주는 식으로 선회해야 한다""면서 ""노사 간의 신뢰를 강화해 상생형 일자리 모델의 지배구조를 잘 세워야 사업을 성공시킬 수 있을 것""이라고 말했다.광주=김보경 기자 bkly477@asiae.co.kr문채석 기자 chaeso@asiae.co.kr <ⓒ경제를 보는 눈, 세계를 보는 창 아시아경제 무단전재 배포금지>",/news/news_read.nhn?article_id=0004657877&office_id=277&mode=search&query=기아차&page=1
"▽ 유동성 위기, 본질은 경쟁력 확보▽ 쌍용차 경쟁력 원천, '신차' 꼭 필요▽ 노사신뢰 쌍용차 장점…협력·헌신 절실","대주주인 인도 마힌드라그룹의 투자 철회로 쌍용차의 발등에 불이 떨어졌다. 자동차 업계에서는 재무구조가 악화되고 차량 판매도 감소한 상황에서 쌍용차에게 남은 활로는 노사 협력을 통한 신차 개발 뿐이라는 분석이 나온다.8일 자동차 업계에 따르면 오는 7월 쌍용차가 산업은행에서 빌린 단기차입금 900억원의 만기가 다가온다. 이중 일부는 이미 지난해 만기연장을 한 상태다. 산은이 보유한 쌍용차 채권은 1900억원에 달한다. 올해 안에 만기가 도래하는 쌍용차의 단기차입금 규모는 총 2500억원을 넘어선다.마힌드라는 지난 3일(현지시간) 쌍용차에 약속했던 2300억원의 신규 투자 계획을 철회했다. 신종 코로나바이러스 감염증(코로나19) 사태로 인도 정부가 이동금지조치인 '락다운'을 시행하면서 3월 차량 판매가 전년 대비 88% 감소하는 등 자금사정이 악화됐다는 이유를 들었다. 대신 기존 투자 계획과 별도로 400억원을 지원해 쌍용차에게 대안을 모색할 기회를 주기로 했다.쌍용차가 생존하기 위해서는 우선 돌아오는 만기를 연장하고 신규 투자를 확보해야 한다는 게 자동차 업계의 중론이다. 예병태 쌍용차 사장도 ""정부와 금융권에 지원을 요청해 유동성 위기를 극복하겠다""고 말했다.쌍용차가 처한 위기의 보다 근본적인 해결책은 경쟁력을 갖춰 소비자 선택을 받는 신차를 개발하는 것이다. 경쟁력이 있어야 신규 투자도 유치할 수 있기 때문이다.쌍용차의 경쟁력 하락은 스포츠유틸리티차량(SUV) 경쟁이 치열해진 자동차 시장에서도 체감할 수 있다. 쌍용차는 소형 SUV인 티볼리, 준중형 SUV인 코란도, 준대형 SUV G4렉스턴, 렉스턴 스포츠&칸 등의 모델을 생산하고 있다. 최근 신차 출시가 이어진 탓에 티볼리의 경쟁상대는 르노삼성 XM3, 쉐보레 트레일블레이저·트랙스, 기아차 셀토스·쏘울·니로·스토닉, 현대차 코나·베뉴 등으로 늘어났다.코란도는 현대차 투싼, 기아차 스포티지, 르노삼성 QM6 등과 경쟁해야 한다. G4렉스턴은 동급 국산 차량에 현대차 펠리세이드, 기아차 모하비, 제네시스 GV80 등이 포진해 있다. 렉스턴 스포츠&칸은 쉐보레 콜로라도라는 복병을 만났다. 지난해 쌍용차의 내수 판매량은 전년 대비 1.2% 감소한 10만7789대를 기록했다. 올해 상황은 더 악화됐다. 1분기 내수 판매량은 전년 동기 2만7350대에 비해 36% 감소한 1만7517대에 그쳤다.쌍용차는 올해 상품성을 개선한 리스펙 티볼리·코란도와 G4렉스턴 부분변경(페이스리프트) 모델로 대응한다는 계획이다. 다만 업계에서는 반등의 기회를 만들기에는 아직 부족하다는 시각이 많다. 지난 2015년 출시돼 소형SUV 돌풍을 이끈 티볼리급의 파급력을 갖춘 신차가 필요하다는 지적이다. 실제로 내수 시장에서 하락을 거듭하던 한국GM과 르노삼성에게 반등의 기회를 마련해준 것도 기존 차량의 부분변경 모델이 아닌 트레일블레이저, XM3와 같은 신차였다.신차를 내놓는다고 위기가 해결되는 것은 아니다. 현재 쌍용차의 체력에서 시장의 외면을 받는 신차를 내놓는다면 두번 다시 신차를 선보일 기회를 갖기 어려워질 수 있다. 지난해 쌍용차의 자본잠식률은 46.2%까지 올랐고 부채도 1조6160억원으로 증가했다. 자본 감소와 부채 확대가 맞물리며 부채 비율도 401%까지 높아졌다. 자본잠식률이 50%를 웃돌면 관리종목에 지정되고, 80%이상은 상장폐지 대상이 된다.경쟁력 있는 신차 개발에는 긴 시간과 막대한 자금이 들어간다. 쌍용차의 티볼리에는 42개월의 연구개발 기간과 3500억원의 자금이 투입됐다. 반드시 성공시켜야 하는 신차를 내놓으려면 노사가 허리띠를 졸라매고 생존만을 위해 버티면서 모든 자원을 연구개발에 쏟아부어야 하는 셈이다.쌍용차에게 허리띠를 더 졸라맬 여력은 많지 않다. 쌍용차는 부산물류센터 등 비핵심자산을 매각하겠다고 했지만, 부산물류센터와 안성 인재개발원을 모두 매각해도 조달 가능한 자금은 100억원대에 머무를 전망이다. 자구안으로 마련한 1000억원과 마힌드라의 400억원을 합해도 신차 개발에는 크게 부족한 금액이다. 자동차업계에서는 쌍용차를 인수할 새 투자자를 찾지 못한다면 결국 인건비에 손을 대야 하는 상황이 발생할 것이란 관측이 나오고 있다.
쌍용차 감사보고서에 따르면 지난해 종업원 급여로 지출된 금액은 약 5464억원이다. 지출 비용 가운데 재료비 다음으로 많은 액수다. 지난해 임원 20% 축소를 시작으로 임원 급여 삭감, 노동자 상여금 반납, 노동자 복지혜택 축소 등을 진행했지만, 5416억원이었던 전년과 비교해 48억원 늘어났다. 반대로 지난해 연구개발비는 1895억원에 그쳐 전년 2016억원에 비해 121억원 줄었다.위기 극복에 노사가 합심하고 있다는 점은 쌍용차의 장점으로 꼽힌다. 쌍용차 노사는 지난해 순환휴직과 상여금 반납, 복지혜택 축소 등의 자구노력 방안에 합의한 바 있다. 노조 요청으로 노사 공동 '품질 혁신 태스크포스팀(TFT)'을 꾸렸고 노조가 모기업 마힌드라를 만나 추가 투자를 요청하기도 했다. 여느 완성차 업체라면 인건비 삭감을 두고 충돌을 빚었겠지만, 쌍용차 노사는 경영 정상화에 한 목소리를 내고 있는 것이다.은성수 금융위원장도 쌍용차의 이러한 점을 강조했다. 은 위원장은 지난 6일 공개서한을 통해 ""쌍용차가 경영정상화를 위한 쇄신 노력을 차질없이 추진한다는 강한 의지를 표명했다. 주주와 노사가 합심해 정상화 해법을 찾을 것으로 기대한다""고 말했다.이어 ""채권단 등도 쌍용차의 경영쇄신 노력, 자금사정 등을 감안해 경영정상화를 뒷받침할 부분이 있는지 협의해 나갈 것으로 기대한다""고 지원 가능성을 시사했다. 회사의 정상화를 위한 노사의 고통분담이 지원의 명분을 만든다는 의미가 담긴 것으로 풀이할 수 있다.오세성 한경닷컴 기자 sesung@hankyung.com▶ ▶
 ▶
ⓒ 한국경제 & , 무단전재 및 재배포 금지",/news/news_read.nhn?article_id=0004320756&office_id=015&mode=search&query=기아차&page=1
쏘렌토·아반떼·G80 등 한달새 3개 모델…수입차 판매량 감소세,"[아이뉴스24 강길홍 기자] 현대자동차와 기아자동차의 정신없는 신차 출시 일정에 수입차 업계가 전전긍긍하고 있다. 현대기아차 새로 출시하는 차들이 뜨거운 시장 반응을 이끌어내면서 수입차 업계의 신차가 조용히 묻히고 있기 때문이다.8일 자동차 업계에 따르면 현대기아차는 올해 10여종 이상의 신차를 선보일 예정이다. 앞서 출시된 신차들 이미 소비자의 집중적인 관심을 받았다. 현대기아차의 연이은 신차 흥행몰이는 신종 코로나바이러스 감염증(코로나19)으로 소비심리가 크게 위축된 가운데 달성했다는 점에서도 의미가 크다.먼저 현대차가 전날 공식 출시한 7세대 아반떼는 지난달 25일부터 이달 6일까지 9영업일 동안 1만6천849대의 사전계약을 달성했다. 특히 사전계약 첫날 1만58대의 계약을 달성하며 역대 최대 기록을 세웠다. 6세대 아반떼 첫날 사전계약 대수(1천149대)와 비교하면 9배가량 높고, 지난해 아반떼 한 달 평균 판매대수(5천175대)의 두 배에 육박한다.아반떼의 흥행몰이는 시들해져가던 국산 준중형 세단의 수요를 살려냈다는 점에서 더욱 주목을 받는다. 전세계적인 SUV 열풍으로 인해 최근 5년간(2015~2019년) 국산 준중형 세단 수요는 32%나 감소한 상황이었다. 아반떼는 준중형차급에서 상상하기 힘든 첨단 운전자 보조 시스템과 편의사양을 대거 적용하고, 미래지향적 디자인이 소비자의 호응을 이끌어낸 것으로 풀이된다.현대차그룹의 프리미엄 브랜드인 제네시스의 신차도 연이어 홈런을 터트렸다. 먼저 올해 1월 출시된 제네시스 GV80는 기대 이상이라는 평가를 받으며 주문이 폭주했다. 제네시스는 GV80의 올해 국내 판매 목표를 2만4천대로 세웠는데 출시 첫날에만 1만5천대의 계약을 기록했다. 제네시스 브랜드의 첫 SUV인 GV80는 당초 지난해 말 출시 예정이었지만 출시가 연기되면서 더욱 큰 관심이 쏠렸다.지난달 31일 출시된 3세대 G80의 인기는 GV80를 뛰어넘었다. 출시 첫날 2만2천대의 계약을 기록했다. 제네시스가 밝힌 연간 내수 판매 목표량(3만3천대)의 70%를 하루 만에 달성한 셈이다. G80는 제네시스 브랜드를 탄생시킨 주인공으로 해외에서도 관심이 뜨겁다. 미국 자동차 전문지 로드앤트랙은 신형 G80를 BMW 5시리즈의 강력한 라이벌로 꼽기도 했다.기아차는 올해 주력 모델인 쏘렌토·스포티지·카니발 등의 신차 출시를 계획하고 있는 가운데 지난달 17일 4세대로 돌아온 쏘렌토가 스타트를 끊었다. 신형 쏘렌토는 2월 20일부터 3월 16일까지 진행된 사전계약에서 2만6천368대 계약을 기록했다. 지난해 월평균 판매대수(4천360대)와 비교하면 6개월 치 판매량이 몰린 것이다. 특히 하이브리드 모델의 경우 계약 시간 수초 차이로 차량 인도일이 몇 개월씩 벌어지는 ‘계약 대란’이 벌어졌을 정도로 인기몰이 중이다.현대기아차의 ‘신차 레이스’는 올 한해 계속될 전망이다. 현대차는 올 상반기 4세대 투싼을 선보일 계획이고 제네시스는 G70과 GV70을 새롭게 선보일 계획이다. 기아차는 하반기에 4세대 카니발과 5세대 스포티지를 차례로 공개할 예정이다. 부분변경(페이스리프트) 모델까지 포함하면 i30, 코나, K3, 스토닉, 스팅어 등 올 한해 내내 새로운 차를 선보인다.현대기아차의 신차 공세에 수입차 업계는 애만 태우고 있다. 특히 현대기아차는 지난해부터 팰리세이드, 신형 K5 등으로 자동차 업계의 이슈를 독자치하고 있는 상황에서 수입차에 대한 소비자의 관심이 갈수록 낮아지고 있다는 관측이 나온다.판매량에서도 수입차 업계의 부진이 드러난다. 한국수입자동차협회에 따르면 지난해 수입차 신규등록대수(승용차 기준)는 24만4천780대로 전년(26만705대) 대비 6.1% 줄었다. 올해 1분기 누적 대수는 5만4천669대로 전년 동기(5만2천161대) 대비 4.8% 증가했다. 하지만 이는 쉐보레는 작년 11월부터 수입차 집계에 포함된 영향이 크다. 쉐보레의 올해 1분기 등록대수는 3천810대다. 이를 감안하면 올해 1분기 등록대수는 지난해보 오히려 감소한다.수입차 업계의 부진은 일본차 불매운동의 영향도 크지만 현대기아차가 독한 마음으로 연이어 신차를 내놓고 있는 점이 더욱 큰 영향을 미치고 있다는 분석이 나온다.업계 관계자는 “현대기아차가 국내 시장의 이슈를 끌고 가고 있는 것은 맞지만 현재 상황처럼 출시 일정을 좁히고 장기적으로 흐름을 이어가는 경우는 처음인 것 같다”면서 “이 때문에 수입차 업체가 괜찮은 신차를 출시해도 소비자의 반응이 크지 않은 상황이다”라고 말했다. slize@inews24.com [ⓒ 아이뉴스24 무단전재 및 재배포 금지]",/news/news_read.nhn?article_id=0000533467&office_id=031&mode=search&query=기아차&page=1
,"현대차가 글로벌 수요 절벽에 부딪혀, 공장을 또 멈춰세우기로 했다. 현대차는 울산 5공장 2라인을 13~17일간 휴업하기로 했다고 8일 밝혔다.울산 5공장 2라인(투싼·넥쏘)은 미주와 중동 등에 수출하는 투싼을 주로 생산한다. 최근 코로나 바이러스 확산으로 해외 현지 판매사들이 영업을 대부분 중단하면서 수출 물량이 크게 줄었다. 수소전기차인 넥쏘는 애초에 볼륨 모델이 아니어서 생산량이 많지 않다.지난 6일 기아차 경차 위탁생산공장인 동희오토가 13일까지 셧다운에 돌입한데 이어, 이곳에 부품을 납품하는 현대모비스 서산 모듈 공장, 현대위아 평택 엔진 공장이 일시 휴업에 돌입하는 등 ‘글로벌 수요 절벽’에 따른 셧다운이 본격화하고 있다.앞서 현대차는 지난 2월 중국산 ‘와이어링 하네스’(전선뭉치) 부품 수급 문제로 공장별로 최소 3일~최대 16일간 가동을 중단해야 했다. 3월에는 밀린 물량을 만회하느라 공장을 풀가동했지만, 이번엔 ‘수출 절벽’이 닥치면서 다시 멈추게 됐다.현대차는 주로 수출에 의존하는 코나와 벨로스터를 생산하는 울산 1공장 역시 감산중으로, 향후 휴업 가능성이 높은 상황이다. 반면 7일 신차가 나온 아반떼를 생산하는 3공장, 포터·팰리세이드를 생산하는 4공장, 제네시스 세단을 생산하는 5공장 1라인, 그랜저·쏘나타를 생산하는 아산 공장도 내수 물량이 많아 휴일 특근까지 진행중이다. 현대차 공장 내에 ‘빈익빈 부익부’ 현상이 나타나면서 일부 공장만 휴업이 지속될 가능성이 높다.앞서 현대차 노조는 지난 7일 소식지를 내고 “코로나 바이러스 사태가 전세계를 강타해 현대차 세계 딜러들이 영업 중단을 하면서 생산을 해도 수출 선적에 차질을 빚고 있다”며 “유연 생산이 불가피하다”고 밝혔다.노조는 “당분간 생산을 주간 단위로 탄력적으로 운영할 수 밖에 없다”며 “특근을 하는 공장과 특근을 하지 못하는 공장간의 유기적 협조 체제도 고려할 것”이라고 했다. 또 “경우에 따라서는 비특근 공장의 하기 휴가 공사 계획을 조기 수립할 수도 있다”고 밝혔다.30일 하언태 현대차 사장은 노조와 간담회를 갖고 “사상 초유의 불황으로 시장 상황이 극도로 불확실해 4월부터 주단위로 생산계획을 짤 수밖에 없다”고 밝혔다. 그러면서 일부 공장 휴업이 불가피함을 설명한 것으로 알려졌다.그렇다고 당장 일감이 없는 공장들에 물량을 나눠주기도 힘든 상황이다. 기존에 생산하던 차종이 아닌 새로운 차종을 생산하려면 라인 설비를 새로 깔아야하는데 설비를 갖추는데 1~2주 걸리는데다 수백억원의 투자도 해야하기 때문이다. 업계 관계자는 “수출 절벽이 언제 끝날지 모르기 때문에 기존 라인을 없앨 수도 없는 상황”이라고 전했다.[류정 기자 well@chosun.com] 		▶
		▶ 		▶
	- Copyrights ⓒ 조선일보 & chosun.com, 무단 전재 및 재배포 금지 -",/news/news_read.nhn?article_id=0003521966&office_id=023&mode=search&query=기아차&page=1
울산5공장 투싼 생산라인 13~17일까지 임시휴업기아 모닝·레이 위탁생산 동희오토도 13일까지 중단,"현대자동차 투싼[이데일리 이승현 기자] 전세계 코로나19 확산으로 인한 자동차시장 위축 사태가 국내 자동차공장에 까지 영향을 미쳤다. 수출 주력 차종을 생산하는 현대·기아차 일부 공장들이 가동을 중단했다. 생산해 봐야 팔 곳이 없어서다. 현대차(005380)는 울산5공장의 투싼 생산라인이 오는 13~17일 임시휴업에 들어간다고 8일 밝혔다. 울산5공장 투싼 라인은 미주와 중동 등 수출 주력 공장인데, 최근 코로나19 확산으로 해외 현지 판매사들이 대부분 영업을 중단하면서 수출 물량이 크게 줄었다. 지난 3월 판매량을 봐도 해외시장에선 26.2%, 미국 시장에선 43% 판매가 감소했다. 현대차 관계자는 “해외 판매 감소에 따라 불가피하게 수출 주력 차종을 중심으로 감산을 하게 됐다”며 “향후 해외시장 상황에 따라 가동이 중단되는 국내 공장이 더 늘어날 수도 있다”고 말했다. 기아차(000270) 역시 모닝과 레이 등을 위탁생산하는 동희오토 공장을 13일까지 휴업 조치했다. 생산 물량의 70% 이상을 수출하는 상황에 해외 수요가 급감한 데 따른 것이라고 기아차는 전했다.모닝과 레이 등에 들어가는 엔진을 생산하는 현대위아도 6일부터 9일까지 평택공장을 세운다고 공시했다.업계 관계자는 “국내 부품협력사나 공장 주변 상권을 생각하면 생산을 지속해야 하지만 그렇다고 판로가 없는데 재고를 쌓아둘 수 없다”며 “코로나19 사태가 장기화되면 이번엔 소비절벽에 부딪혀 국내 자동차공장 상당수가 셧다운될 것”이라고 관측했다.이승현 (eyes@edaily.co.kr)＜ⓒ종합 경제정보 미디어 이데일리 - 무단전재 & 재배포 금지＞",/news/news_read.nhn?article_id=0004615712&office_id=018&mode=search&query=기아차&page=1
,"글로벌 신용평가사 스탠더드앤드푸어스(S&P)가 한국 기업의 신용도에 대해 부정적 변동 추세가 당분간 지속될 것으로 평가했다. S&P는 지난 2일 현대차그룹을 신용등급 ‘부정적 관찰대상’으로 지정하는 등 한국 기업의 신용등급 또는 등급 전망을 하향 조정하고 있다.








 S&P는 10일 ‘코로나19 환경 하에서 한국 기업 및 금융기관 신용도 추이 및 전망’ 설명회를 통해 ▶한국 기업 중 33%가 부정적 등급 전망 또는 부정적 관찰 대상인점 ▶상반기 수익성 악화 등을 고려해 이같은 전망을 내놨다.


 다만 S&P는 “유동성 위험으로 인한 급격한 등급 하락 가능성은 높지 않다”고 덧붙였다. 한국 기업의 경우 상대적으로 견조한 국내 시장이 기업의 실적을 어느 정도 뒷받침하는 데다, 대부분의 기업들이 충분한 유동성을 보유하고 있기 때문이라는 설명이다.



S&P는 현대차 그룹에 대해 “현재 신용등급 수준(BBB+)에서 등급유지 여력이 높지 않은 상황”이라고 밝혔다. S&P 측은 코로나19 여파 로 현대·기아차의 판매량은 10% 이상 감소를 예상하고 있다.



다만 S&P는 현대차의 경우 해외 자동차 업체에 비해서는 상대적으로 양호한 실적을 전망하고 있다. S&P는 다임러, BMW, 폭스바겐, 토요타, 닛산 등 세계 주요 자동차 제조사의 신용등급과 전망도 낮췄다.



이날 설명회에서는 정유화학, 항공·호텔·유통, 전자 관련 기업들의 전망도 나왔다.



S&P는 이중 정유화학, 항공·호텔·유통 관련 기업의 신용등급이나 등급 전망을 줄줄이 하향하고 있다. GS칼텍스는 신용등급이 BBB+에서 BBB로 하향됐고, S-Oil, SK이노베이션, 이마트 등은 신용등급 전망이 안정적에서 부정적으로 바뀌었다. S&P는 이들 업종에 대해 “신용도 압박이 지속될 것”이라는 전망을 내놨다.



반면 삼성전자 등 전자 업종은 “신용도 영향은 타 산업에 대비 상대적으로 적은 편”이라고 밝혔다. 삼성전자, 하이닉스 등은 서버 DRAM, SSD 등 수요 증가로 인해 상대적으로 견조한 실적이 유지될 것이라는 전망 때문이다. 다만 LG전자의 경우 “신용 등급 압박은 지속될 것으로 보인다”고 평가했다.



기업의 신용도 전망은 좋지 않았지만, 은행 등 금융업의 신용도는 일단 현 상황이 유지될 것으로 봤다.


은행의 경우 “수익성 악화에도 불구하고 완만한 자산 성장을 바탕으로 자본적정성이 유지되고 있는데다 정부가 중요한 은행에 대해 지원 의지가 높다”고 평가했다.


증권사의 경우 ▶주요 대형 증권사들의 시장 지위와 고객 베이스 ▶금융지주 계열사 증권사의 모그룹 지원 가능성 등을 긍정적으로 평가했다. 다만 주가연계증권(ELS) 등 파생결합증권과, 부동산 프로젝트파이낸싱(PF) 채무 보증 등을 위험 요인으로 꼽았다. S&P는 “증권사들은 투자 자산이나 PF채무보증에 따른 우발적 부실화가 나올 수 있다”고 봤다.


S&P는 한국은행이 기준금리를 추가적으로 0.25%포인트 인하할 것으로 전망하고 있다고 밝혔다.



안효성 기자 hyoza@joongang.co.kr
▶ ▶
/ ⓒ중앙일보(https://joongang.co.kr), 무단 전재 및 재배포 금지",/news/news_read.nhn?article_id=0002991244&office_id=025&mode=search&query=기아차&page=1
13일부터 5일간 가동 멈춰,"신종 코로나바이러스 감염증(코로나19) 확산으로 수출길이 막히면서 한국 자동차 업계의 셧다운(일시 가동 중단)이 잇따르고 있다.현대자동차는 스포츠유틸리티차량(SUV) 투싼을 생산하는 울산 5공장 2라인이 오는 13일부터 17일까지 임시 휴업에 들어간다고 8일 발표했다. 15일이 총선 투표일로 임시공휴일인 것을 감안하면 나흘간 가동을 멈춘다.울산 5공장 2라인에서 생산하는 투싼은 미주와 중동으로 수출된다. 코로나19 여파로 이들 지역의 판매사가 대부분 영업을 중단하면서 사실상 수출길이 막혔다. 유럽으로 수출하는 코나와 벨로스터를 제작하는 현대차 울산 1공장도 주문 축소로 가동량을 조절하고 있다.기아자동차 경차 모닝과 레이를 위탁 생산하는 동희오토도 13일까지 공장 문을 닫는다. 기아차는 연간 모닝 생산량 20만 대 중 75%를 수출한다. 그런데 수출의 절반을 차지하는 유럽 판매사들이 영업을 중단하면서 주문이 끊겼다.생산량의 80% 이상을 미국 등에 수출하는 한국GM은 2주 전부터 인천 부평공장의 특근을 중단했다. 현대차는 지난달 해외시장 판매가 작년 같은 기간보다 26.2% 감소했다.다만 신차 효과로 판매가 늘고 있는 제네시스 GV80(울산 2공장)와 아반떼(울산 3공장), 제네시스 G80(울산 5공장 1라인) 등을 생산하는 공장은 주문이 밀려 휴일 특근을 하고 있다.김보형 기자 kph21c@hankyung.com▶ ▶
 ▶
ⓒ 한국경제 & , 무단전재 및 재배포 금지",/news/news_read.nhn?article_id=0004320863&office_id=015&mode=search&query=기아차&page=1
"5년간 약1000억원 절감 및 운영효율, 생산성 향상","[서울=뉴시스] 이재은 기자 = 한국IBM은 현대차그룹이 국내를 제외한 해외 IT 운영을 위해 인도 방갈로르에 글로벌 ICT 센터를 새로 설립하는 프로젝트의 전략적 파트너로 선정됐다고 8일 밝혔다. 현대차그룹의 글로벌 ICT 센터는 클라우드, 프로세스 자동화 등 디지털 혁신을 위한 교두보로서 비즈니스 성장의 발판을 마련하기 위해 현대차그룹이 작년부터 기획하고 준비해온 프로젝트이다. 현대차그룹은 글로벌 IT 운영을 한 곳에 통합함으로써 5년간 약 1000억원을 절감할 수 있을 것으로 예상하고 있다.특히 글로벌 ICT 센터는 자동화 기술의 활용, 규모에 따른 효율성 향상, IT 애플리케이션 포트폴리오의 단순화, 서비스 통합 등을 통해 현대차그룹이 고객들에게 더 나은 품질의 서비스를 제공하는데 도움을 줄 수 있을 것으로 보인다.글로벌 ICT 센터는 IBM의 검증된 IT 운영 모델을 기반으로 운영된다. IBM은 전 세계 30개 이상의 자동차 업계 고객과 협력한 경험과 비즈니스에 대한 이해, IT 서비스 전문 역량을 바탕으로 현대차그룹을 위한 새로운 IT 서비스 모델을 제공할 계획이다. 또 IBM은 현대차그룹의 IT
서비스 전문기업인 현대오토에버가 3년 뒤 글로벌 ICT 센터를 자체 운영 할 수 있도록 직원들의 역량을 강화하고, IT
운영 노하우와 전문성을 향상시킬 수 있도록 지원할 예정이다.현대·기아차 최고정보책임자(CIO)인 서정식 전무는 ""IBM과 추진하는 글로벌 ICT 센터는 ‘그룹원(One) IT’로서의 IT 운영표준화와 통합화를 기반으로 글로벌 비즈니스 운영에 있어 효율성, 생산성을 제고하고, 미래먹거리 사업을 효과적이고 효율적으로 추진할 수 있는 동력을 부여하여 현대차그룹이 글로벌시장에서 경쟁력을 향상하는데 큰 도움이 될 것으로 기대하고 있다”라고 말했다. 한국IBM 원성식 부사장은 ""기업들은 ‘디지털화'라는 거대한 과제에 직면해 있다. 이 글로벌 ICT 센터는 현대차그룹이 새롭게 일하는 방식을 수용하고 기술을 혁신하는 데 있어 중요한 요소가 될 것이며, 현대차그룹이 디지털 혁신 기업으로 전환하는 데 촉매제 역할을 할 것으로 기대한다""라고 말했다. lje@newsis.com<ⓒ 공감언론 뉴시스통신사. 무단전재-재배포 금지>",/news/news_read.nhn?article_id=0009803929&office_id=003&mode=search&query=기아차&page=1
,"감염병 확산으로 소비심리가 고꾸라지자 정부가 하반기에 구매할 업무용 차량 1600여대를 상반기내 구매한다. 기업들은 법인카드를 당겨쓰도록 법안을 손질하고 인센티브도 부여한다. 사실상 공공·민간 수요로 급한불을 끄겠다는 방책이다. 정부는 선구매제도가 이자지급과 동등한 효과를 낼 것으로 기대했지만, 감염병 사태가 지속되면 조삼모사가 될 수 있다는 비판도 있다.문재인 대통령은 8일 청와대에서 제4차 비상경제회의를 주재하고 이같은 내용 등을 담은 '선결제·선구매' 등을 통한 내수 보완방안을 확정했다.정부 부처와 지방자치단체, 공공기관, 지방 공기업 등은 선결제〃선구매 제도를 통해 피해업종 수요를 당장 약 2조1000억원 규모를 보강하기로 했다.우선, 자동차 생산수요가 급감하자 공공수요로 일부 보완하기로 했다. 현대·기아차의 경우 국내와 중국을 제외한 모든 공장이 이달 초 중순까지 생산을 멈췄고, 이달 현대차는 총 7곳, 기아차는 총 4곳을 폐쇄할 계획이다.따라서 정부는 구제책의 일환으로 업무용 차량 하반기분 1600여대를 500억원을 들여 미리 구매한다. 따라서 상반기 업무용 차량 구매대수는 2400대에서 4000대로 늘었다사실상 도산위기에 빠진 항공업계 지원책도 내놨다. 국외여비 잔여 항공권 물량의 80%를 당겨 구매하고, 1600억원을 미리 지급한다. 이를 위해 국토부는 각 항공사와 운항 노선별 운임 범위안 및 항공권 선구매 표준계약서 마련해 항공권 선구매 단계에 들어간다.아울러 석유비축계획에 따라 연중 구매예정인 국내생산 경유 15만 배럴 및 원유 49만 배럴 상반기내에 310억원의 예산을 들여 당겨 구매한다.기업의 선결제 참여를 유도하기 위해 인센티브도 제공하기로 했다. 법인카드를 통한 선결제〃선구매가 가능하도록 관련법령 유권해석을 명확히 하겠다는 방침이다. 만일 개인사업자 또는 법인이 하반기 필요한 물품을 소상공인으로부터 미리 구입하고 상반기내에 구매대금을 지급하는 경우 지급금액의 1%를 소득세 또는 법인세에서 세액공제할 방침이다.조동근 명지대 교수는 “예산을 조기 집행하는 것과 같은 궤인 대책”이라면서 “공공기관 수요가 피해구제를 위해선 충분치 않아 일부기업을 정확히 지원하는 것이 중요하다”고 밝혔다.이 밖에 정부는 이번 달부터 6월까지 음식·숙박업, 관광업, 공연 관련업, 여객운송업 등 코로나19 피해업종에서의 신용·체크카드 사용액 소득공제율은 일률적으로 80%로 확대한다.스타트업과 벤처기업분야에 지원도 내놨다. 스타트업의 자금난 완화를 위해 창업기업 전용자금이 5000억원 증액된다. 이에 따라 창업 후 7년 미만의 스타트업이나 예비창업자를 지원하는 목적의 이 자금의 전체 규모가 2조1000억원까지 확대될 전망이다.이 밖에 정부 R&D 사업을 수행하는 중소·중견기업에 최대 2조2000억원을 지원하고 민간 부담 비율은 최대 35%에서 20%로 낮춘다. 기존 인력 인건비도 정부가 지원하기로 했다.유재희기자 ryuj@etnews.com",/news/news_read.nhn?article_id=0002877130&office_id=030&mode=search&query=기아차&page=1
,"현대자동차 울산공장이 준중형 스포츠유틸리티차(SUV) ‘투싼’ 수출 수요 감소로 다음주 생산 라인을 세운다. 북미, 유럽 등에서 신종 코로나바이러스 감염증(코로나19) 확산세가 꺾이지 않고 있어, 추가적인 생산 중단도 점쳐지고 있다. 현대차는 오는 13~17일 투싼을 생산하는 울산5공장 2라인을 임시 휴업에 들어간다고 8일 밝혔다. 15일이 국회의원 선거 투표일로 휴무인 것을 감안하면 총 4일간 공장을 세우는 것이다. 울산5공장 2라인은 투싼, 수소전기차(FCEV) ‘넥쏘’를 생산한다. 투싼의 경우 북미, 중동 등 수출용 모델을 주로 생산하고 있다. 최근 코로나19 확산으로 미국 등 주요 수출지역에서 영업점 휴업으로 수출 수요가 감소한 것이 이번 생산 중단의 주요 원인으로 전해졌다. 넥쏘는 당초 생산량이 많지 않아 이번 울산5공장 2라인 ‘셧다운’에 직접적인 영향을 미치지 않았다.현대차 관계자는 “울산5공장 중 북미 수출형 투싼을 주로 생산하는 2라인만 임시 휴업에 들어가는 것이고, 제네시스 G70, G80, G90 등을 생산하는 1라인은 정상 가동한다”며 “투싼은 단종을 앞두고 있어 판매 감소에 따른 생산량을 조절해왔고, 이번 임시휴업 역시 재고관리 차원에서 노조와 협의를 통해 결정했다”고 밝혔다. 현대차는 G80, GV80, 그랜저, 아반떼 등 신차 생산을 늘려 전체 물량 감소를 최소화 한다는 방침이다. 실제 울산5공장 1라인(G80), 울산2공장(GV80ㆍ팰리세이드ㆍ싼타페ㆍ투싼), 울산3공장(아반떼), 아산공장(그랜저ㆍ쏘나타) 등은 수급을 맞추기 위해 휴일 특근을 진행하고 있다. 해당 공장들은 앞서 '와이어링 하네스' 공급 중단, 코로나19 확진자 발생 등으로 생산차질을 겪으면서 계약 물량이 수천에서 수만대 쌓여있는 상태다. 업계에서는 현대ㆍ기아차 공장이 추가적으로 임시 휴업에 들어갈 가능성을 높게 점치고 있다. 실제 유럽, 북미 수출물량이 많은 코나, 미국 수출이 대부분을 차지하는 벨로스터 등을 생산하는 울산1공장은 이미 생산량을 줄였고, 휴업 가능성도 가장 높다. 기아차의 경우 앞서 모닝, 레이 등을 위탁생산하는 동희오토가 6일부터 13일까지 셧다운에 들어간 상태다.현대차 관계자는 “내수 인기 차종 생산에 집중하는 등 시장 상황에 맞게 탄력적으로 공장을 운영할 계획”이라며 “코로나19 극복을 위한 적극적인 활동과 함께 해외시장 판매 정상화를 위해 힘쓰겠다”고 말했다.류종은 기자 rje312@hankookilbo.com",/news/news_read.nhn?article_id=0000485635&office_id=469&mode=search&query=기아차&page=1
부분변경 '모하비 더 마스터' 인기,"기아차의 스포츠유틸리티차(SUV) 기함 '모하비(사진)'가 제2의 전성기를 누리고 있다. 프리미엄 디자인과 고품격 사양 등 대대적인 신차급 변신이후 모하비 매니아층이 빠르게 확산되면서 지난달 코로나19 사태 여파에도 출시 12년을 통틀어 최고의 판매실적을 거뒀다.
 8일 업계에 따르면 올해 3월 기아차 모하비는 지난해 같은기간(240대)의 10배가 넘는 2549대가 팔려 사상최다 판매를 기록했다. 전달(621대)과 비교해도 310% 수직급등한 규모다. 기존의 최다 판매는 부분변경모델(페이스리프트) '모하비 더 마스터'를 출시한지 한달만인 지난해 10월 2283대이다. 경쟁사들의 잇따른 대형 SUV출시 등으로 판매에 기복을 겪다가 5개월만에 사상최대치를 다시 갈아치웠다.
 특히, 40~50대의 유입이 가파르게 진행되고 있는 것으로 전해졌다. 지난해 9월 '모하비 더 마스터' 출시 후 40~50대의 구매비중이 65%에 이른다. 모하비 더 마스터는 인상적인 웅장한 차체와 강인한 이미지의 라이에이터 그릴, 후드 캐릭터 라인 등으로 디자인의 차별성을 극대화했다. 최고출력 260마력, 최대토크 57.1 kgf·m의 V6 3.0 디젤 엔진과 8단 자동변속기로 주행성능을 끌어올린 것도 주효했다.
 판매실적 고공점프로 연간 판매목표 2만대에도 청신호가 켰다. 현재 대기수요만 4000대에 이른다. 기아차 화성공장에서 쏘렌토와 혼류생산되고 있는 모하비의 한달 생산량 1500~2000대 수준을 감안하면 대기기간은 두달 반 정도다.


 ※ 저작권자 ⓒ 파이낸셜뉴스. 무단 전재-재배포 금지",/news/news_read.nhn?article_id=0004405116&office_id=014&mode=search&query=기아차&page=1
인도 벵갈루루에 설립 예정IBM이 운영 효율화 등 지원5년간 1000억원 절감 기대,"한국IBM은 현대차그룹이 디지털 혁신을 위해 인도 벵갈루루에 새로 설립하는 '글로벌 ICT 센터' 프로젝트의 전략적 파트너로 선정됐다고 8일 밝혔다. 글로벌 ICT(정보통신기술) 센터는 현대차그룹이 작년부터 기획하고 준비해온 프로젝트로, 클라우드와 프로세스 자동화 등을 접목해 디지털 혁신의 교두보를 마련하기 위한 전진기지로 설립된다. 현대차그룹은 글로벌 IT 운영을 한곳에 통합해 5년간 약 1000억원을 절감할 수 있을 것으로 기대하고 있다.IBM은 글로벌 고객사에서 검증받은 IT 운영 모델을 현대차 ICT 센터에 제공한다. IBM 관계자는 전 세계 30개 이상의 자동차업계 고객과 협력을 진행한 경험, 비즈니스에 대한 이해, IT 서비스 전문 역량을 바탕으로 현대차그룹을 위한 새로운 IT 서비스 모델을 만들었다고 설명했다. IBM은 또 3년 후 현대차그룹 IT 서비스 전문기업 현대오토에버가 글로벌 ICT 센터를 자체 운영할 수 있도록 직원 역량을 강화하고, IT 운영 노하우와 전문성 향상을 위해 지원할 예정이라고 밝혔다.현대·기아차 최고정보책임자(CIO)인 서정식 전무는 ""IBM과 추진하는 글로벌 ICT 센터는 '그룹원(One) IT'로서 IT 운영을 표준화하고 통합화하는 작업""이라며 ""이를 기반으로 글로벌 비즈니스 운영에 있어 효율성·생산성을 제고하고 미래 먹거리 사업을 효과적이고 효율적으로 추진할 수 있는 동력을 부여해 현대차그룹이 글로벌 시장에서 경쟁력을 향상하는 데 큰 도움이 될 것으로 기대한다""고 말했다. 원성식 한국IBM 부사장은 ""기업들은 '디지털화(Digitalization)'라는 거대한 과제에 직면해 있다""면서 ""글로벌 ICT 센터는 현대차그룹이 새롭게 일하는 방식을 수용하고 기술을 혁신하는 데 있어 중요한 요소가 될 것이며 디지털 혁신 기업으로 전환하는 데 촉매제 역할을 할 것""이라고 말했다.
[신찬옥 기자] [ⓒ 매일경제 & mk.co.kr, 무단전재 및 재배포 금지]",/news/news_read.nhn?article_id=0004553393&office_id=009&mode=search&query=기아차&page=1
,"삼성전자가 신종 코로나바이러스 감염증(코로나19) 여파 속에서도 견고한 실적을 기록할 것이란 전망이 나왔다. 반도체 부문의 수익성을 앞세워 올 한해 코로나19 여파를 비교적 순탄하게 극복할 것이란 예상이다. 반면 현대차 그룹에 대해선 전 세계 자동차 수요 감소로 현재 신용등급을 유지하기 쉽지 않다는 부정적인 전망이 제기됐다. 국제 신용평가사 스탠더드앤드푸어스(S&P)는 8일 ‘코로나19 환경 하에서 한국 기업 및 금융기관 신용도 추이 및 전망’이란 보고서에서 이렇게 밝혔다. S&P는 “한국 전자 업체들에 대한 코로나19 신용도 영향은 비교적 작은 편”이라고 했다. 특히 삼성전자에 대해 “80조원 이상의 순현금 포지션을 감안할 때 등급 하향 압력은 높지 않다”고 내다봤다. 서버 디램(DRAM), 솔리드 스테이트 드라이브(SSD) 등 반도체 수요 증가를 그 근거로 제시했다. S&P는 “견조한 1분기 실적에서 확인할 수 있듯이 메모리 반도체 기업의 선도적 시장 지위와 다각화된 사업 포트폴리오로 코로나19 여파를 잘 극복해 나갈 것”이라고 했다. 지난 7일 삼성전자가 발표한 1분기 매출과 영업이익은 각각 55조원, 6조4,000억원으로 전년 동기 대비 4.98%, 2.73%씩 증가했다. 하지만 코로나19 여파가 반영될 2분기 실적에 대해선 “스마트폰 수요 둔화 등으로 IM(모바일), 디스플레이 패널 등 실적 압박이 확대될 것”이라고 내다봤다. 국내 최대 자동차 기업인 현대차 그룹에 대해선 “현재 신용등급 수준(BBB+)에서 등급 유지 여력이 높지 않다”고 밝혔다. 올해 세계 시장에서 자동차 판매량이 약 15% 감소할 것으로 예상되는 가운데 현대·기아차 판매량도 10% 이상 감소하는 타격이 불가피할 것이란 분석이다. 다만 상대적으로 내수 시장이 크고 신모델 출시 효과, 환율 효과 등으로 주요 글로벌 경쟁 업체에 비해선 실적이 양호할 것이라고 S&P는 전망했다. 실제로 S&P는 BMW, 폭스바겐 등 세계 주요 자동차 기업들의 신용등급과 전망을 일제히 낮췄다. 코로나19 직격탄으로 앞서 신용등급 전망이 줄줄이 하향된 정유화학 기업들에 대해선 “유가 급락으로 인한 재고 관련 손실, 정제마진 악화, 수요 둔화 등 상반기 큰 폭의 적자가 예상된다”고 했다. 한진과 이마트 등 항공, 유통 산업에 대해서도 신용도 압박이 가중되고 있다는 평가를 내렸다. 은행 등 금융산업의 신용도는 당분간 현 수준이 유지될 것으로 봤다. 은행에 대해선 “완만한 자산 성장을 바탕으로 자본적정성이 유지되고 정부의 높은 지원 의지가 있다”며, 증권사에 대해선 “주요 대형 증권사들의 견조한 시장 지위 및 고객 베이스를 이유로 들 수 있다”고 밝혔다.
조아름 기자 archo1206@hankookilbo.com",/news/news_read.nhn?article_id=0000485675&office_id=469&mode=search&query=기아차&page=1
,"[서울경제] 국제 신용평가기관 S&P가 국내 기업들의 신용등급 악화 추세가 당분간 지속 될 것이라고 예상했다. 특히 현대자동차 그룹의 경우 신용등급 유지 여력이 높지 못할 것이란 전망을 내놓았으며 삼성전자, SK하이닉스 등 전자 업체들도 신종코로나감염증(코로나19) 사태가 장기화 될 경우 신용도 하락 압박이 커질 것으로 분석했다.S&P는 10일 ‘코로나19 환경 하에서 한국 기업 및 금융기관 신용도 추이 및 전망’ 설명회를 열고 “(국내 기업들에 대한 신용도) 부정적 등급 변동 추세는 당분간 지속될 것”이라고 밝혔다. 현재 S&P가 등급을 부여한 국내 기업 중 33%가 부정적 등급전망 또는 부정적 관찰 대상이라는 설명이다. 특히 코로나19 사태로 상반기 수익성이 악화 되면서 당분간 이 같은 추세가 지속 될 것으로 예상했다.특히 S&P는 현대차그룹의 신용등급이 유지되기 힘들 것이라고 분석했다. S&P는 “(코로나19 여파 등으로)현대·기아차의 올해 판매량이 10% 이상 감소할 것”이라며 “현재 BBB+인 신용등급을 유지하기 어려운 상황”이라고 전했다. 국내 주요 정유사들의 등급도 하향 평가되고 있다. 유가급락으로 인한 재고 손실, 정제마진 악화, 수요 둔화 등으로 상반기 대규모 적자가 예상된다는 이유다.항공·호텔·유통 산업 역시 신용도 압박이 가중되고 있다. 올해 9~10월 차입금 1조 994억원(9억 달러) 만기가 돌아오는 한진인터네셔널이 이미 부정적 관찰 대상으로 지정됐으며 이마트 역시 수요 둔화 등으로 수익성 압박에 직면했다는 분석이다.삼성전자 및 SK하이닉스 등 전자 업체들 역시 코로나19 사태가 장기화 될 경우 부정적인 영향을 받을 것으로 보고 있다. 다만 삼성전자의 경우 수요증가로 반도체 사업이 견조한 실적을 유지할 것으로 예측했으며 80조원 이상의 순현금을 보유 중인 만큼 등급 하향 압력은 낮은 편이라고 설명했다. SK하이닉스 역시 서버D램·SSD 수요 증가로 안정적인 실적이 이어질 것으로 예상했다. 다만 LG전자의 경우 스마트폰 수요 감소 등으로 등급 유지 여력이 상대적으로 낮다고 지적했다.S&P는 국내 은행과 증권사들에 대해서도 경기둔화에 따른 자산건전성 악화, 금융시장 변동성 확대에 따른 자금조달 및 유동성 관리 등이 신용도에 부담이 될 것이라고 분석했다./김민석기자 seok@sedaily.com저작권자 ⓒ 서울경제, 무단 전재 및 재배포 금지",/news/news_read.nhn?article_id=0003721585&office_id=011&mode=search&query=기아차&page=1
