head,text,url
‘러시아·체코·슬로바키아 공장 조업 재개수요 절벽’ 지속… 정상화 수준엔 못 미쳐 美 앨라배마 두 차례 연장… 한 달째 휴업 印 검사 인프라 부족… 봉쇄령 연장 ‘발목’,"[서울신문]중국 공장을 제외하고 모두 문을 닫았던 현대·기아자동차의 해외 완성차 공장이 유럽에서부터 희미하게나마 정상화 조짐을 보이고 있다. 하지만 확진자 수가 60만명에 육박한 미국과 국가 봉쇄령이 내려진 인도에서는 공장 휴업이 하염없이 길어지고 있다.14일 현대·기아차에 따르면 현대차 러시아 상트페테르부르크 공장이 13일(현지시간) 가동 중단 2주 만에 조업을 재개했다. 일단 평소 3교대로 돌아가던 공장을 1교대로 운영하며 ‘부분 가동’에 나섰다. 현대차 측은 “일단 17일까지 가동한 뒤 조업을 지속할지를 결정할 예정”이라고 밝혔다.지난달 23일부터 휴업에 돌입한 현대차 체코 노쇼비체 공장은 3주 만인 14일부터 생산을 재개했다. 같은 날 가동을 멈춘 기아차 슬로바키아 질리나 공장은 지난 6일부터 일찌감치 재가동에 돌입했다. 특히 슬로바키아는 코로나19 확진자 수가 이날 오전 9시 기준 742명(사망 2명)으로 다른 유럽 국가와 비교해 코로나19 피해가 덜한 편이다. 하지만 유럽 현지에 자동차 ‘수요 절벽’ 상황이 계속되고 있어 공장 가동률이 정상화 수준에는 미치지 못한 것으로 전해졌다. 현대차 터키 이즈미트 공장은 재가동 시점을 13일에서 20일로 일주일 늦췄다.반면, 미국과 인도의 상황은 개선될 기미가 전혀 보이지 않고 있다. 오히려 더 악화하는 분위기다. 코로나19 확진자와 사망자가 각 1명씩 나온 현대차 미국 앨라배마 몽고메리 공장은 재가동 시점을 두 차례 연장한 끝에 일단 다음달 4일로 정했다. 지난달 18일부터 쉬었으니 총 휴업 기간은 한 달을 훌쩍 넘겼다. 기아차 미국 조지아 웨스트포인트 공장은 이달 27일 재가동 예정이지만 미국 내 코로나19 확산세가 꺾이지 않으면 휴업일은 언제든지 더 길어질 수 있다.인도의 현대차 첸나이 공장과 기아차 아난타푸르 공장의 ‘셧다운’(가동 중단)도 더 길어지게 됐다. 인도 정부가 이날로 끝날 예정이던 국가 봉쇄령을 다음달 3일까지로 연장했기 때문이다. 이로써 인도 공장의 총 휴업 기간도 미국과 마찬가지로 한 달을 넘기게 됐다. 세계 2위 인구 대국인 인도는 진단키트 등 코로나19 검사 인프라가 부족해 확진자가 뒤늦게 폭증하고 있다.이영준 기자 the@seoul.co.kr▶
▶
▶ⓒ 서울신문(www.seoul.co.kr), 무단전재 및 재배포금지",/news/news_read.nhn?article_id=0003082580&office_id=081&mode=search&query=기아차&page=2
,"[서울=뉴시스] 이종희 기자 = 현대자동차와 기아자동차가 신종 코로나바이러스 감염증(코로나19) 확산으로 인한 글로벌 자동차 수요절벽 현상으로 국내 공장 감산에 들어갔지만 영향은 제한적일 것이란 전망이 나왔다. 세계 최대 자동차 시장인 미국 수출은 다소 부진하겠지만 향후 내수 시장에 핵심 모델을 적기에 공급해 점유율을 더 확대할 수 있을 것이란 분석이다. 15일 업계에 따르면 현대차와 기아차는 미국과 유럽 등 주요 자동차 시장의 판매 부진으로 일부 국내 공장의 휴업에 들어갔다.
현대차는 지난 13일부터 17일까지 울산5공장 투싼 생산라인을 임시 휴업키로 했다. 기아차는 소하리 1,2공장, 광주2공장이 가동 중단을 검토 중이다. 소하리1공장은 카니발과 스팅어, K9, 소하리2공장은 프라이드, 스토닉, 광주2공장은 스포티지와 쏘울 등이 생산되는 곳으로, 수출 비중이 높다.이번 휴업으로 발생하는 생산 차질 물량은 현대차가 약 3000대, 기아차 약 2만대 수준으로 추산된다. 현대차와 기아차가 수출 물량을 조절하기 위해 휴업에 들어갔지만 업계는 제한적인 영향을 미칠 것으로 예상했다. 유지웅 이베스트증권 연구원은 ""해외시장의 판매부진 현상은 4월초부터 지속됐다. 해외 판매법인의 재고조정 차원에서 국내공장의 수출 물량을 일시적으로 조정하는 것""이라며 ""양사는 일반적으로 글로벌 재고 2개월 이상 가져가기 때문에 이번 차질 물량이 실적에 미치는 영향은 제한적""이라고 말했다. 이어 ""완성차업체의 글로벌 주요 거점 중 미국을 제외하고는 대부분 재가동 점진적으로 시작했다""며 ""추가 재고문제가 발생할 가능성은 없을 것으로 보인다""고 덧붙였다.다만, 향후 미국 수출은 상대적으로 감소하겠지만, 내수 시장에 핵심 모델 공급 확대로 이어져 점유율 상승으로 이어질 것이란 예상이다. 앞서 3월 내수시장에서 현대차와 기아차는 각각 7만2180대, 5만1008대를 판매했다. 코로나19에도 개소세 감면 등에 힘입어 전년 대비 3.0%, 15.3% 증가했다. 내수 시장에서 신차 투입이 이어지고 있다는 점도 긍정적이다. 현대차는 지난달 출시한 3세대 G80이 첫날에만 2만2000대가 계약됐으며, 이달 출시한 7세대 아반떼도 좋은 반응을 보이고 있다. 기아차 역시 지난해 출시한 3세대 K5와 지난달 출시한 4세대 쏘렌토가 내수 판매를 견인하고 있다. 유 연구원은 ""신차 투입의 내수 집중으로 판매 반등 현상은 지속될 것으로 예상된다""며 ""현대차의 경우 특히 GV80의 국내물량 배분 확대, G80 신차 투입으로 제네시스 내수 판매가 증가할 것으로 보인다. 제네시스 비중은 지난 3월 12%에서 4월 18% 수준까지 증가가 예상되는데, 하반기 GV70 투입시 비중은 25% 수준까지 늘어날 것""이라고 말했다. 2papers@newsis.com<ⓒ 공감언론 뉴시스통신사. 무단전재-재배포 금지>",/news/news_read.nhn?article_id=0009816659&office_id=003&mode=search&query=기아차&page=2
,"국토부, 쏘나타·K5 등 2만8천대 스마트 주차보조 오류 시정조치 (서울=연합뉴스) 장하나 기자 = 국토교통부는 현대·기아자동차, 메르세데스-벤츠코리아, 한국토요타자동차에서 제작 또는 수입·판매한 총 39개 차종 4만4천967대에서 제작 결함이 발견돼 시정조치(리콜)한다고 15일 밝혔다.

 메르세데스-벤츠코리아에서 수입, 판매한 GLK 220 CDI 4MATIC 등 12개 차종 8천163대는 일본 다카타사(社)의 에어백이 펼쳐질 때 인플레이터의 과도한 폭발 압력으로 발생한 내부 부품의 금속 파편이 운전자 등을 다치게 할 수 있는 것으로 지적됐다.

 현대차에서 제작, 판매한 쏘나타(DN8) 등 3개 차종 2만5천113대와 기아차에서 제작, 판매한 K5(DL3) 3천758대는 원격 스마트 주차 보조(RSPA) 장치의 소프트웨어 오류로 원격 주차시 간헐적으로 제동 제어가 되지 않아 사고가 발생할 가능성이 확인됐다.

또 GV80(JX1) 3천247대는 계기판 소프트웨어 오류로 주행 보조 제어기와 통신장애 발생 시 계기판에 차로 변경 보조 기능의 고장 경고 문구가 나타나지 가능성이 확인돼 리콜에 들어간다. 이는 자동차 안전기준 부적합으로 우선 리콜을 진행하되, 향후 시정률 등을 감안해 과징금을 부과할 계획이다.

한국토요타자동차에서 수입, 판매한 RX450h 등 렉서스 20개 차종 3천707대와 도요타 3개 차종 979대는 연료펌프 내 일부 부품(임펠러)의 결함으로 연료펌프가 작동되지 않아 주행 중 시동이 꺼질 가능성이 확인됐다.

이번 리콜과 관련해 해당 제작사에서는 자동차 소유자에게 우편·휴대전화 문자로 시정 방법 등을 알리게 되며, 결함시정 전에 자동차 소유자가 결함 내용을 자비로 수리한 경우에는 제작사에 수리한 비용에 대한 보상을 신청할 수 있다.

국토부는 자동차의 제작결함정보를 수집·분석하는 자동차리콜센터(www.car.go.kr, 080-357-2500)를 운영하고 있으며, 홈페이지에서 차량번호·차대번호를 입력하면 해당 차량의 리콜 대상 여부와 구체적인 제작결함 사항을 확인할 수 있다.◇ 리콜 대상 자동차

hanajjang@yna.co.kr",/news/news_read.nhn?article_id=0011549854&office_id=001&mode=search&query=기아차&page=2
,"국토교통부는 현대·기아자동차, 메르세데스-벤츠코리아, 한국토요타자동차에서 제작 또는 수입·판매한 총 39개 차종 4만 4967대에서 제작결함이 발견돼 시정조치(리콜)한다고 15일 밝혔다.현대차에서 제작·판매한 쏘나타(DN8) 등 3개 차종 2만5113대와 기아차에서 제작·판매한 K5(DL3) 3758대는 원격 스마트 주차 보조(RSPA) 장치의 소프트웨어 오류로 원격 주차 시 간헐적으로 제동 제어가 되지 않아 사고가 발생할 가능성이 확인됐다.GV80(JX1) 3247대는 계기판 소프트웨어 오류로 주행 보조 제어기와 통신장애 발생 시 계기판에 차로변경 보조 기능의 고장 경고문구가 표출되지 않을 가능성이 확인돼 자동차 안전기준 부적합으로 리콜에 들어간다.자동차 안전기준 부적합은 우선 리콜을 진행하되, 향후 시정률 등을 감안해 과징금을 부과할 계획이다.해당 차량은 20일부터 현대차 직영서비스센터 및 블루핸즈, 기아차 서비스센터에서 각각 무상으로 수리(소프트웨어 업데이트) 받을 수 있다.벤츠코리아에서 수입·판매한 GLK 220 CDI 4MATIC 등 12개 차종 8163대는 에어백(다카타 사) 전개 시 인플레이터의 과도한 폭발압력으로 발생한 내부 부품의 금속 파편이 운전자 등에게 상해를 입힐 가능성이 확인돼 리콜에 들어간다.해당 차량은 16일부터 벤츠코리아 공식서비스센터에서 무상으로 수리(개선된 부품 교체)를 받을 수 있다.한국토요타에서 수입·판매한 렉서스 RX450h 등 23개 차종 4686대는 연료펌프 내 일부 부품(임펠러)의 결함으로 연료펌프가 작동되지 않아 주행 중 시동이 꺼질 가능성이 확인돼 리콜에 들어간다.해당 차량은 29일부터 토요타 공식서비스센터에서 무상으로 수리(개선된 부품 교체)를 받을 수 있다.이번 결함시정과 관련해 해당 제작사에서는 자동차 소유자에게 우편 및 휴대전화 문자로 시정방법 등을 알리게 되며, 결함시정 전에 자동차 소유자가 결함내용을 자비로 수리한 경우에는 제작사에 수리한 비용에 대한 보상을 신청할 수 있다.국토부는 자동차 결함으로부터 국민의 안전을 확보하기 위하여 자동차의 제작결함정보를 수집․분석하는 자동차리콜센터를 운영하고 있다. 홈페이지에서 차량번호 및 차대번호를 입력하면 해당차량의 리콜대상 여부 및 구체적인 제작결함 사항을 확인할 수 있다.데일리안 김희정 기자 (hjkim0510@dailian.co.kr)ⓒ (주)데일리안 - 무단전재, 변형, 무단배포 금지",/news/news_read.nhn?article_id=0002396260&office_id=119&mode=search&query=기아차&page=2
,"[머니투데이 송선옥 기자] 올 초 출시된 현대차의 제네시스 GV80를 비롯해 메르세데스 벤츠코리아의 GKL 220 등 총 38개 차종, 4만4967대가 리콜 조치된다. 국토교통부는 현대자동차 기아자동차 메르세데스-벤츠코리아 한국토요타자동차에서 제작 또는 수입·판매한 총 39개 차종 4만4967대에서 제작결함이 발견돼 시정조치(리콜)한다고 15일 밝혔다. 지난 1월 출시된 제네시스 GV80(JX1) 3247대는 계기판 소프트웨어 오류로 주행 보조 제어기와 통신장애 발생 시 계기판에 차로변경 보조 기능의 고장 경고문구가 표출되지 않을 가능성이 확인돼 자동차 안전기준 부적합으로 시정조치(리콜)에 들어간다.또 현대차의 쏘나타(DN8) 그랜저 등 3개 차종 2만5113대와 기아차의 K5(DL3) 3758대는 원격 스마트 주차 보조(RSPA) 장치의 소프트웨어 오류로 원격 주차 시 간헐적으로 제동 제어가 되지 않아 사고가 발생할 가능성이 확인됐다.
자동차 안전기준 부적합은 우선 리콜을 진행하되, 향후 시정률 등을 감안해 과징금을 부과할 계획이다.해당 차량은 오는 20일부터 현대차 직영서비스센터 및 블루핸즈, 기아차 서비스센터에서 각각 무상으로 수리(소프트웨어 업데이트)를 받을 수 있다.메르세데스-벤츠코리아㈜에서 수입, 판매한 GLK 220 CDI 4MATIC 등 12개 차종 8163대는 에어백(다카타 사) 전개 시 인플레이터의 과도한 폭발압력으로 발생한 내부 부품의 금속 파편이 운전자 등에게 상해를 입힐 가능성이 확인돼 리콜 조치를 받았다. 또 한국토요타자동차㈜에서 수입, 판매한 렉서스 RX450h 등 23개 차종 4686대는 연료펌프 내 일부 부품(임펠러)의 결함으로 연료펌프가 작동되지 않아 주행 중 시동이 꺼질 가능성이 확인됐다.
국토부는 자동차의 결함으로부터 국민의 안전을 확보하기 위해 자동차의 제작결함정보를 수집․분석하는 자동차리콜센터를 운영하고 있다. 자동차리콜센터 홈페이지에서 차량번호 및 차대번호를 입력하면 상시적으로 해당차량의 리콜대상 여부 및 구체적인 제작결함 사항을 확인할 수 있다.송선옥 기자 oops@mt.co.kr
<저작권자 ⓒ '돈이 보이는 리얼타임 뉴스' 머니투데이, 무단전재 및 재배포 금지>",/news/news_read.nhn?article_id=0004394713&office_id=008&mode=search&query=기아차&page=2
메르세데스-벤츠 GLK 220·렉서스 RX450h 등도 결함 발견 리콜,"(서울=뉴스1) 이동희 기자 = 국토교통부는 현대자동차의 쏘나타 등 39개 차종 4만4967대에서 제작결함이 발견돼 시정조치(리콜)한다고 15일 밝혔다. 현대차에서 제작·판매한 쏘나타 등 3개 차종 2만5113대와 기아차의 K5 3758대는 원격 스마트주차 보조장치의 소프트웨어 오류로 원격 주차 시 간헐적으로 제동 제어가 되지 않아 사고 발생 가능성이 있다. 현대차 GV80 3247대는 계기판 소프트웨어 오류로 주행 보조 제어기와 통신장애 발생 시 계기판에 차로변경 보조 기능의 고장 경고문구가 표출되지 않을 가능성이 확인돼 자동차 안전기준 부적합한 것으로 나타났다. 국토부는 우선 리콜을 진행하되 향후 시정률 등을 감안해 과징금을 부과할 계획이다.메르세데스-벤츠코리아에서 수입·판매한 GLK 220 CDI 4MATIC 등 12개 차종 8163대도 리콜한다. 해당 차량은 에어백 전개 시 과도한 폭발압력으로 발생한 내부 부품의 금속 파편이 운전자 등에게 상해를 입힐 가능성이 확인됐다.한국토요타자동차에서 수입·판매한 렉서스 RX450h 등 23개 차종 4686대는 연료펌프 내 일부 부품 결함으로 주행 중 시동이 꺼질 가능성이 있는 것으로 나타났다.yagoojoa@news1.kr© 뉴스1코리아(), 무단 전재 및 재배포 금지",/news/news_read.nhn?article_id=0004588014&office_id=421&mode=search&query=기아차&page=2
"현대차, 기아차, 메르세데스-벤츠코리아, 한국토요타 39개 차종 리콜","[CBS노컷뉴스 김명지 기자]주차 시 제동 기능이 잘 제어되지 않을 가능성이 확인된 현대차 쏘나타(DN8)를 비롯한 4개 사 39개 차종에 대한 리콜이 실시된다.국토교통부는 15일 현대차, 기아차, 한국토요타, 메르세데스-벤츠코리아가 수입·판매한 차량 4만 4967대에서 제작 결함이 발견됐다고 밝혔다.국토부에 따르면, 현대차의 쏘나타(DN8), 그랜져(IG PE), 제네시스 GV80(JX1) 등 3개 차종 2만 5113대와 기아차 K5(DL3) 3758대는 원격 스마트 주차 보조 장치의 소프트웨어 오류로 주차 시 간혹 제동기능이 잘 제어되지 않으면서 사고가 날 가능성이 확인됐다.현대차의 제네시스 GV80(JX1) 3247대는 계기판 소프트웨어 오류로 주행 중 통신장애가 발생해도 계기판에 차로 변경 보조 기능의 고장을 경고하는 문구가 나타나지 않을 가능성도 확인됐다. 이는 자동차 안전기준 부적합 사항으로, 시정조치에 들어간 뒤 시정률 등을 감안해 과징금도 부여받을 수 있는 사안이라고 국토부는 덧붙였다.한국토요타의 렉서스 RX450h 등 23개 차종 4686대는 부품 결함으로 연료펌프가 작동에 문제가 생겨 주행 중 시동이 꺼질 가능성이 확인됐다.메르세데스-벤츠코리아의 GLK 220 CDI 4MATIC 등 12개 차종 8163대의 경우 에어백이 펼쳐질 때 과도한 폭발 압력으로 부품에서 금속 파편이 튀어나와 사람이 다칠 수 있다는 가능성이 확인된 다카타사의 에어백 문제가 또 다시 리콜의 원인이 됐다. 현대차와 기아차는 오는 20일부터, 한국토요타는 29일부터 직영·공식서비스센터에서 무상 수리를 제공한다. 메르세데스-벤츠코리아는 지난 16일부터 이를 시작했다.해당 제작사는 자동차 소유자에게 우편과 휴대전화 문자메시지로 시정방법 등을 알리며 자동차 소유자가 리콜 전에 자비로 수리한 경우 제작사에 보상을 신청할 수 있다.국토부는 자동차의 제작결함정보를 수집‧분석하는 자동차리콜센터를 운영 중이다. 홈페이지에서 차량번호를 입력하면 리콜 대상 여부와 구체적인 결함 내용을 확인할 수 있다.divine@cbs.co.kr저작권자 © CBS 노컷뉴스 무단전재 및 재배포 금지",/news/news_read.nhn?article_id=0003349542&office_id=079&mode=search&query=기아차&page=2
,"[헤럴드경제=민상식 기자] 국토교통부는 현대차와 기아차, 메르세데스-벤츠코리아, 한국토요타자동차에서 제작 또는 수입·판매한 총 39개 차종 4만4967대에서 제작결함이 발견돼 시정조치(리콜)한다고 15일 밝혔다.국토부에 따르면 현대차에서 제작, 판매한 쏘나타(DN8) 등 3개 차종 2만5113대와 기아차에서 제작, 판매한 K5(DL3) 3758대는 원격 스마트 주차 보조(RSPA) 장치의 소프트웨어 오류로 원격 주차 시 간헐적으로 제동 제어가 되지 않아 사고가 발생할 가능성이 확인됐다.GV80(JX1) 3247대는 계기판 소프트웨어 오류로 주행 보조 제어기와 통신장애 발생 시 계기판에 차로변경 보조 기능의 고장 경고문구가 표출되지 않을 가능성이 확인돼 자동차 안전기준 부적합으로 시정조치(리콜)에 들어간다.자동차 안전기준 부적합은 우선 리콜을 진행하되, 향후 시정률 등을 감안해 과징금을 부과할 계획이다.해당 차량은 오는 20일부터 현대차 직영서비스센터 및 블루핸즈, 기아차 서비스센터에서 각각 무상으로 수리(소프트웨어 업데이트)를 받을 수 있다.메르세데스-벤츠코리아에서 수입, 판매한 GLK 220 CDI 4MATIC 등 12개 차종 8163대는 에어백(다카타 사) 전개 시 인플레이터의 과도한 폭발압력으로 발생한 내부 부품의 금속 파편이 운전자 등에게 상해를 입힐 가능성이 확인돼 시정조치에 들어간다.해당 차량은 이달 16일부터 메르세데스-벤츠코리아 공식서비스센터에서 무상으로 수리(개선된 부품 교체)를 받을 수 있다.한국토요타자동차에서 수입, 판매한 렉서스 RX450h 등 23개 차종 4686대는 연료펌프 내 일부 부품(임펠러)의 결함으로 연료펌프가 작동되지 않아 주행 중 시동이 꺼질 가능성이 확인돼 리콜에 들어간다.해당 차량은 이달 29일부터 한국토요타자동차 공식서비스센터에서 무상으로 수리(개선된 부품 교체)를 받을 수 있다.이번 결함시정과 관련해 해당 제작사에서는 자동차 소유자에게 우편 및 휴대전화 문자로 시정방법 등을 알리게 되며, 결함시정 전에 자동차 소유자가 결함내용을 자비로 수리한 경우에는 제작사에 수리한 비용에 대한 보상을 신청할 수 있다.국토교통부는 자동차의 결함으로부터 국민의 안전을 확보하기 위해 자동차의 제작결함정보를 수집·분석하는 자동차리콜센터(www.car.go.kr, 080-357-2500)를 운영하고 있으며, 홈페이지에서 차량번호 및 차대번호를 입력하면 상시적으로 해당차량의 리콜대상 여부 및 구체적인 제작결함 사항을 확인할 수 있다.mss@heraldcorp.com
- Copyrights ⓒ 헤럴드경제 & heraldbiz.com, 무단 전재 및 재배포 금지 -",/news/news_read.nhn?article_id=0001662175&office_id=016&mode=search&query=기아차&page=2
,"[아시아경제 이춘희 기자] 국토교통부는 현대차와 기아차, 메르세데스-벤츠코리아, 한국토요타자동차 등에서 제작 또는 수입 · 판매한 총 39개 차종 4만4967대에서 제작 결함이 발견됨에 따라 시정조치(리콜)를 실시한다고 15일 밝혔다. 현대차에서 출시한 GV80은 지난 1월 정식 출시된 지 3달 만에 리콜을 받게 됐다. GV80 3247대에서는 계기판 소프트웨어 오류로 주행 보조 제어기와 통신장애 발생 시 계기판에 차로변경 보조 기능의 고장 경고문구가 표출되지 않을 가능성이 확인돼 자동차 안전기준 부적합으로 리콜이 이뤄진다. 국토부는 자동차 안전기준 부적합 사항인 만큼 우선 리콜을 진행하되 향후 시정률 등을 감안해 과징금을 부과한다는 계획이다.GV80은 이 중 757대에서는 원격 스마트 주차 보조(RSPA) 장치의 소프트웨어 오류로 원격 주차 시 간헐적으로 제동 제어가 되지 않아 사고가 발생할 가능성도 확인됐다. 해당 결함은 쏘나타 2만2415대, 그랜쳐 1941대에서도 발견됐다. 기아차에서 생산한 K5 3758대에서도 동일 결함이 확인됐다.양사는 오는 20일부터 현대차 직영서비스센터 및 블루핸즈 또는 기아차 서비스센터에서 각각 무상으로 소프트웨어 업데이트 수리를 제공할 계획이다.메르세데스-벤츠코리아에서 수입해 판매한 GLK 220 CDI 4MATIC과 E200 BlueEFFICIENCY Coupe 등 총 12개 차종 8163대에서는 다카타 사에서 제작한 에어백이 전개 과정에서 인플레이터의 과도한 폭발 압력으로 발생한 내부 부품의 금속 파편이 운전자 등에게 상해를 입힐 가능성이 발견돼 리콜이 이뤄진다. 해당 차량은 16일부터 메르세데스-벤츠코리아 공식서비스센터에서 무상으로 개선된 부품으로 교체 서비스를 받을 수 있다.한국토요타자동차에서 수입 · 판매한 렉서스 RX450h와 토요타 시에나 AWD 등 총 23개 차종 4686대도 리콜이 이뤄진다. 이들 차량에서는 연료펌프 내 일부 부품 결함으로 연료 펌프가 작동되지 않아 주행 중 시동이 꺼질 가능성이 확인됐다. 오는 29일부터 한국토요타자동차 공식서비스센터에서 무상 수리가 가능하다.이번 리콜과 관련해 해당 제작사에서는 차량 소유자에게 우편 및 휴대전화 문자로 시정 방법 등을 알리게 된다. 만약 리콜 전에 소유자가 자비로 결함 내용을 수리했다면 제작사에 비용 보상 신청도 가능하다. 이춘희 기자 spring@asiae.co.kr <ⓒ경제를 보는 눈, 세계를 보는 창 아시아경제 무단전재 배포금지>",/news/news_read.nhn?article_id=0004661918&office_id=277&mode=search&query=기아차&page=2
,"국토교통부는 현대·기아자동차, 메르세데스-벤츠코리아, 한국토요타자동차에서 제작하너가 수입·판매한 총 39개 차종 4만4천967대에서 제작 결함이 발견돼 시정조치(리콜)한다고 밝혔습니다. 메르세데스-벤츠코리아에서 수입, 판매한 GLK 220 CDI 4MATIC 등 12개 차종 8천163대는 일본 다카타사(社)의 에어백이 펼쳐질 때 인플레이터의 과도한 폭발 압력으로 발생한 내부 부품의 금속 파편이 운전자 등을 다치게 할 수 있는 것으로 지적됐습니다.
현대차에서 제작, 판매한 쏘나타(DN8) 등 3개 차종 2만5천113대와 기아차에서 제작, 판매한 K5(DL3) 3천758대는 원격 스마트 주차 보조(RSPA) 장치의 소프트웨어 오류로 원격 주차 시 간헐적으로 제동 제어가 되지 않아 사고가 발생할 가능성이 확인됐습니다. 또 GV80(JX1) 3천247대는 계기판 소프트웨어 오류로 주행 보조 제어기와 통신장애 발생 시 계기판에 차로 변경 보조 기능의 고장 경고 문구가 나타나지 가능성이 확인돼 리콜에 들어갑니다. 한국토요타자동차에서 수입, 판매한 RX450h 등 렉서스 20개 차종 3천707대와 도요타 3개 차종 979대는 연료펌프 내 일부 부품(임펠러)의 결함으로 연료펌프가 작동되지 않아 주행 중 시동이 꺼질 가능성이 확인됐습니다. 이번 리콜과 관련해 해당 제작사에서는 자동차 소유자에게 우편·휴대전화 문자로 시정 방법 등을 알리게 되며, 결함시정 전에 자동차 소유자가 결함 내용을 자비로 수리한 경우에는 제작사에 수리한 비용에 대한 보상을 신청할 수 있습니다. [사진 출처 : 연합뉴스]박진영 기자 (parkjy@kbs.co.kr)",/news/news_read.nhn?article_id=0010819846&office_id=056&mode=search&query=기아차&page=1
,"[서울신문]국토교통부는 결함이 발견된 현대·기아자동차, 메르세데스-벤츠코리아, 한국토요타자동차 등 총 39개 차종 4만 4967대에서 대해 시정조치(리콜)를 실시한다고 15일 밝혔다.먼저 메르세데스-벤츠코리아가 수입, 판매한 GLK 220 CDI 4MATIC 등 12개 차종 8163대는 에어백이 펼쳐질 때 인플레이터의 과도한 폭발 압력으로 발생한 내부 부품의 금속 파편이 운전자 등을 다치게 할 수 있는 것으로 확인돼 리콜 조치됐다.또 현대차 쏘나타(DN8) 등 3개 차종 2만 5113대와 기아차 K5(DL3) 3758대는 원격 스마트 주차 보조(RSPA) 장치의 소프트웨어 오류로 원격 주차시 간헐적으로 제동 제어가 되지 않아 사고가 발생할 가능성이 확인됐다. GV80(JX1) 3247대는 계기판 소프트웨어 오류로 주행 보조 제어기와 통신장애 발생 시 계기판에 차로 변경 보조 기능의 고장 경고 문구가 나타나지 가능성이 확인돼 리콜에 들어간다. 이는 자동차 안전기준 부적합으로 우선 리콜을 진행하되, 향후 시정률 등을 감안해 과징금을 부과할 계획이다.한국토요타자동차의 RX450h 등 렉서스 20개 차종 3707대와 도요타 3개 차종 979대는 연료펌프 내 일부 부품(임펠러)의 결함으로 연료펌프가 작동되지 않아 주행 중 시동이 꺼질 가능성이 확인됐다.국토부는 이번 리콜과 관련해 해당 제작사가 자동차 소유자에게 우편·휴대전화 문자로 시정 방법 등을 알리게 했다. 또 결함시정 전에 자동차 소유자가 결함 내용을 자비로 수리한 경우에는 제작사에 수리한 비용을 청구할 수 있다.리콜 대상 여부는 국토부의 자동차리콜센터(www.car.go.kr, 080-357-2500)를 통해 확인할 수 있다.세종 김동현 기자 moses@seoul.co.kr▶
▶
▶ⓒ 서울신문(www.seoul.co.kr), 무단전재 및 재배포금지",/news/news_read.nhn?article_id=0003082663&office_id=081&mode=search&query=기아차&page=1
미국·인도·브라질·멕시코 등 셧다운 연장,"[이데일리 이소현 기자] 신종 코로나바이러스 감염증(코로나19) 확산 사태로 생산을 중단했던 현대차(005380) 유럽 체코공장이 3주 만에 가동을 재개했다.14일 현대차는 체코의 코로나19 확산세가 꺾인 점을 고려해 체코공장의 생산을 재개했다고 밝혔다. 체코의 신규 확진자 수는 지난 12일부터 두자릿수로 떨어졌다.앞서 현대차는 체코에서 공공생활 제한 조치가 실행된 후인 지난달 23일부터 가동을 중단했다.현대차 체코 공장은 애초 3교대였는데 이달에는 2교대로 조업을 할 예정이다.아울러 유럽 지역은 상황이 호전되고 있어 현대·기아차의 일부 공장 가동이 속속 재개되고 있다.기아차(000270) 슬로바키아 공장은 지난 6일부터 가동을 재개했으며, 지난달 28일 멈춰선 현대차 러시아 공장은 한 차례 기간을 연장한 후 13일부터 부분 가동을 시작했다. 다만, 현대차 터키공장은 가동중단 기간을 오는 19일까지로 연장했다. 애초 터키공장의 셧다운(일시폐쇄) 기간은 지난달 27일부터 지난 12일까지였다.그러나아직 미국과 인도, 브라질, 멕시코 등 세계 시장에서 코로나19 확산세가 심상치 않아 글로벌 생산 중단 위기를 겪고 있다.현대차는 미국 앨라배마 공장의 가동 중단을 다음 달 1일까지 연기했다. 애초 지난달 18일부터 이달 10일까지였다. 현대차 미국 공장은 약 45일간 공장 가동이 멈추게 된다. 기아차 미국 조지아 공장도 가동 중단이 이달 24일까지로 연장했다. 애초 셧다운 기간은 지난달 30일부터 이달 10일까지였다.현대차 브라질 상파울루 공장과 기아차 멕시코 몬테레이 공장도 정부 방침에 따라 24일까지로 연장키로 했다. 애초 지난달 23일부터 이달 9일까지 가동을 멈출 예정이었다.현대차 인도 첸나이 공장과 기아차 인도 아난타푸르공장은 애초 14일까지 가동을 중단할 예정이었지만, 이를 연기했다. 아직 생산 재개 여부는 결정되지 않았다.현대차 체코공장 전경(사진=현대차)이소현 (atoz@edaily.co.kr)＜ⓒ종합 경제정보 미디어 이데일리 - 무단전재 & 재배포 금지＞",/news/news_read.nhn?article_id=0004620498&office_id=018&mode=search&query=기아차&page=1
,"국토교통부는 현대·기아자동차, 메르세데스-벤츠코리아, 한국토요타자동차에서 제작 또는 수입·판매한 총 39개 차종 4만4천967대에서 제작 결함이 발견돼 리콜 조치한다고 밝혔습니다.메르세데스-벤츠코리아에서 수입, 판매한 GLK 220 CDI 4MATIC 등 12개 차종 8천163대는 에어백이 펼쳐질 때 내부 부품의 금속 파편이 운전자 등을 다치게 할 수 있는 것으로 지적됐습니다.현대차에서 제작, 판매한 쏘나타 등 3개 차종 2만5천113대와 기아차에서 제작, 판매한 K5 3천758대는 원격 스마트 주차 보조 장치의 소프트웨어 오류로 원격 주차 시 간헐적으로 제동 제어가 되지 않는 것으로 확인됐습니다.한국토요타자동차에서 수입, 판매한 RX450h 등 렉서스 20개 차종 3천707대는 연료펌프 내 일부 부품의 결함으로 주행 중 시동이 꺼질 가능성이 확인됐습니다.이번 리콜과 관련해 해당 제작사에서는 자동차 소유자에게 우편·휴대전화 문자로 시정 방법 등을 알리게 되며, 결함 시정 전에 자동차 소유자가 결함 내용을 자비로 수리한 경우에는 제작사에 수리한 비용에 대한 보상을 신청할 수 있습니다.이광엽 [kyuplee@ytn.co.kr][저작권자(c) YTN & YTN PLUS 무단전재 및 재배포 금지]",/news/news_read.nhn?article_id=0001428418&office_id=052&mode=search&query=기아차&page=1
16~17일 호텔신라·오리온 등 5개 기업 수요예측 나서한화솔루션 채안펀드 불참에 회사채 미매각 우려 여전,"[아시아경제 이민지 기자] 신종 코로나바이러스감염증(코로나19) 충격으로 금융시장의 불안이 커진 가운데 주요 기업들이 16∼17일 이틀간 7000억원대 수요예측에 나설 계획이다. 시장에선 채권시장안정펀드(채안펀드) 가동으로 채권시장에 유동성 공급이 이뤄질 수 있을지 관심을 높이고 있다.15일 금융투자업계에 따르면 오는 16일 호텔신라와 오리온, 17일엔 SK에너지와 GS, 풍산의 수요예측이 예정돼 있다. 이들 기업의 모집 금액은 총 7700억원이다.지난 13∼14일 모집액 7400억원에 대한 수요예측이 이뤄진 것을 고려하면 이번 한 주 동안의 모집액은 1조5100억원에 달한다.회사별 모집액을 보면 SK에너지가 3000억원으로 가장 많다. SK에너지는 3년 만기 회사채를 2000억원, 5년물을 400억원, 10년물을 600억원 발행할 예정이다.GS는 3년물 2000억원을 발행하고, 호텔신라는 3년물 1100억원을 비롯해 총 1500억원을 발행할 계획이다. 오리온은 3년물 700억원, 풍산은 3년물 500억원을 모집한다.코로나19 여파로 지난달 회사채 모집액은 2조920억원으로 전년 동기(6조8920억원)보다 크게 낮아졌지만, 4월 들어선 회사채 발행에 나서는 기업들이 늘고 있다.지난 6일 롯데푸드를 시작으로 13∼14일에는 롯데칠성음료, 기아차, 한화솔루션, 현대오트론 등이 잇달아 수요예측에 나섰다.시장에선 수요예측 미달로 기업들의 자금 경색 우려가 심해질 수 있는 만큼 채안펀드가 수요예측에 참여해 숨통을 틔울 것으로 내다보고 있다.채안펀드는 이미 롯데푸드와 롯데칠성음료, 기아차 등의 수요예측에서 매수를 주문했고, 해당 기업들은 모두 수요예측에 성공했다.이번 수요예측에 참여하는 기업들의 신용등급은 SK에너지 'AA+', GS·오리온·호텔신라 'AA', 풍산 'A' 등이다. 풍산을 제외하면 모두 채안펀드 매입 조건인 '신용등급 AA- 이상, 만기 3년 이하 채권'을 충족한다.그러나 채안펀드 가동에도 지난 14일 수요예측 나선 한화솔루션이 수요예측에서 미달을 기록한 만큼 미매각에 대한 우려는 사그라지지 않을 것으로 전망된다.앞서 한화솔루션은 신용등급 'AA'로 매입 대상에 포함됨에도 불구하고 채안펀드를 비롯한 주요 기관투자자들이 수요예측에 참여하지 않은 것으로 전해졌다. 실적 악화 우려로 인한 신용등급 강등 우려가 커진 결과로 2100억원 모집에 유효 매수 주문은 600억원에 그쳤다.한편, 'AA-'등급 3년 만기 무보증 회사채 금리는 이달 14일 현재 연 2.126%로 작년 5월 이후 가장 높은 수준을 기록했다. 국고채 3년물과의 금리 차이(스프레드)는113bp(1bp=0.01%포인트)로 2010년 3월 4일(113bp) 이후 최대치다.이민지 기자 ming@asiae.co.kr <ⓒ경제를 보는 눈, 세계를 보는 창 아시아경제 무단전재 배포금지>",/news/news_read.nhn?article_id=0004661929&office_id=277&mode=search&query=기아차&page=1
,"올해 1분기 중소·벤처기업 수출이 지난해보다 소폭 증가하며 선방했다. 국내 대기업의 현지 공장이 있는 미국과 베트남으로 부품과 설비 수출이 급증하면서 코로나 바이러스 확산이라는 악재를 상쇄한 것으로 보인다. 코로나 바이러스 진단장비 수출도 한몫했다.중소벤처기업부는 15일 올해 1분기 중소기업 수출이 지난해 같은 기간보다 2.0% 증가한 총 242억 달러(29조4000억원)에 달했다고 밝혔다. 중기부 관계자는 “3월(1분기)까지는 코로나 바이러스의 부정적 영향보다 국가별 수출 여건의 변화가 더 큰 영향을 미친 것으로 분석된다”며 “지난해 대비 조업일수가 2.5일 늘어난 효과도 일부 있다”고 밝혔다.미국과 베트남에 진출한 국내 대기업으로의 설비와 부품 수출이 늘어난 것이 결정적이었다. 지난해 1분기 27억9000만 달러였던 미국으로의 수출은 올해 같은 기간 30억1300만 달러(3조6600억원)로 8.0%나 늘었다.SK그룹과 LG그룹의 미국 전기차 배터리 공장 증설로 기계류 수출이 209% 급증했고, 세계 반도체 경기 회복 기대감에 힘입어 반도체 제조용 장비 수출이 50.2% 늘었다. 또 현대·기아차의 북미 시장 판매가 늘면서 미국 내 생산 공장으로 가는 자동차 부품 수출도 29.2% 늘었다.국내 대기업 전자·가전업체와 이들의 1차 협력업체들이 대거 진출한 베트남으로의 수출도 지난해 1분기 24억2200만 달러에서 올해 같은 기간 25억4000만 달러(3조886억원)로 4.9% 늘었다.삼성디스플레이의 스마트폰 디스플레이 공장 증설에 힘입어 생산 설비인 계측제어분석기의 수출이 59.6% 늘었고, 갤럭시 S20 등 스마트폰 신제품 생산 증가로 스마트폰 부품 수출도 49.2% 증가했다. 대만 수출도 반도체제조장비 덕분에 20% 급증했다.반면 한국의 최대 수출 시장인 중국(총수출 비중 20.4%)으로의 수출액은 같은 기간 51억8600만 달러에서 49억3500만 달러(6조9억원)로 4.8% 줄었다. 코로나 바이러스 확산으로 중국의 공업 생산이 급감한 탓으로 해석된다.중기부는 “이례적으로 중국으로의 기타섬유제품 수출이 마스크 수출 영향으로 1~2월 급증했다가, 3월 수출 금지가 되면서 급감했다”고 밝혔다. 중국으로의 기타섬유제품 수출은 1월 771억5000만원, 2월 1905억2000만원으로 폭증했다가, 3월에는 14억5000만원으로 뚝 떨어진 것으로 나타났다.코로나 바이러스 확산으로 국내 바이오벤처 기업들의 진단 장비의 수출량이 1~2월 기준 35.8% 급증했다. 지난해 이 기간 1300만 달러에 불과했던 것이 올해 1~2월에는 2100만 달러가 됐다.중기부는 “올해 세계 무역이 코로나 바이러스 영향으로 역성장할 전망인 만큼, 중소기업 수출에도 차차 영향이 본격화될 것으로 보인다”면서 “이러한 무역환경 변화에 맞춰 비대면식 수출 지원과 손 세정제, 진단장비 등 유망 품목 지원을 강화해가겠다”고 밝혔다.[정철환 기자 @chosun.com] 		▶
		▶ 		▶
	- Copyrights ⓒ 조선일보 & chosun.com, 무단 전재 및 재배포 금지 -",/news/news_read.nhn?article_id=0003523788&office_id=023&mode=search&query=기아차&page=1
▶ '아는 척'하고 싶은 당신을 위한 [두유노우]▶ 한눈에 보는 [4·15총선 NEWS MAP],"[파이낸셜뉴스] 현대자동차 쏘나타(DN8), 기아자동차 K5(DL3), 메르세데스-벤츠코리아 GLK220 CDI 4MATIC, 한국토요타자동차 렉서스 RX450h 등 39개 차종 4만4967대가 리콜된다.
 국토교통부는 15일 현대차, 기아차, 메르세데스-벤츠코리아, 한국토요타자동차에서 제작 또는 수입·판매한 총 39개 차종 4만4967대에서 제작결함이 발견되어 시정조치(리콜)한다고 밝혔다.
 현대차에서 제작·판매한 쏘나타(DN8) 등 3개 차종 2만5113대와 기아차에서 제작·판매한 K5(DL3) 3758대는 원격 스마트 주차 보조(RSPA) 장치의 소프트웨어 오류로 원격 주차 시 간헐적으로 제동 제어가 되지 않아 사고가 발생할 가능성이 확인됐다.
 현대차 GV80(JX1) 3247대는 계기판 소프트웨어 오류로 주행 보조 제어기와 통신장애 발생시 계기판에 차로변경 보조 기능의 고장 경고문구가 표출되지 않을 가능성이 확인돼 자동차 안전기준 부적합으로 시정조치(리콜)에 들어간다.
 자동차 안전기준 부적합은 우선 리콜을 진행하되 향후 시정률 등을 감안해 과징금이 부과될 계획이다.
 이들 차량은 4월 20일부터 현대차 직영서비스센터 및 블루핸즈, 기아차 서비스센터에서 각각 무상으로 수리(소프트웨어 업데이트) 받을 수 있다.
 메르세데스-벤츠코리아에서 수입·판매한 GLK 220 CDI 4MATIC 등 12개 차종 8163대는 에어백(다카타 사) 전개 시 인플레이터의 과도한 폭발압력으로 발생한 내부 부품의 금속 파편이 운전자 등에게 상해를 입힐 가능성이 확인됐다.
 이들 차량은 4월 16일부터 메르세데스-벤츠코리아 공식서비스센터에서 무상으로 수리(개선된 부품 교체)를 받을 수 있다.
 한국토요타자동차에서 수입·판매한 렉서스 RX450h 등 23개 차종 4686대는 연료펌프 내 일부 부품(임펠러)의 결함으로 연료펌프가 작동되지 않아 주행 중 시동이 꺼질 가능성이 확인됐다.
 해당 차량은 4월 29일부터 한국토요타자동차 공식서비스센터에서 무상으로 수리(개선된 부품 교체)를 받을 수 있다.
 이번 리콜조치와 관련해 해당 제작사에서는 자동차 소유자에게 우편 및 휴대전화 문자로 시정방법 등을 알리게 된다.
 리콜조치 전에 자동차 소유자가 결함내용을 자비로 수리한 경우 제작사에 수리한 비용에 대한 보상을 신청할 수 있다.
 한편 국토부는 자동차의 제작결함정보를 수집.분석하는 자동차리콜센터(car.go.kr)를 운영중이다.
 홈페이지에서 차량번호 및 차대번호를 입력하면 상시적으로 해당차량의 리콜대상 여부 및 구체적인 제작결함 사항을 확인할 수 있다.


 ※ 저작권자 ⓒ 파이낸셜뉴스. 무단 전재-재배포 금지",/news/news_read.nhn?article_id=0004408756&office_id=014&mode=search&query=기아차&page=1
,"[머니투데이 황국상 기자, 김도윤 기자] [IB업계 ""신속한 채안펀드 조성은 긍정적, 운용방식 및 투자대상 등 세부고려 미흡"" 지적도]코로나19(COVID-19) 확산으로 자금조달 우려가 커진 기업을 지원하기 위해 당국이 대규모 금융지원 패키지를 내놨지만 회사채 시장의 불안은 아직 진정되지 않은 모습이다.일부 기업은 수요 이상의 자금이 몰려 계획물량보다 훨씬 많은 자금을 조달한 반면 일부 기업은 수요예측이 미달되는 등 빈익빈 부익부 현상도 나타나고 있다. 일각에서는 당국의 빠른 의사결정으로 채안펀드(채권시장안정펀드)가 조성된 것은 높게 평가하지만 세부적인 고려가 부족했다는 지적도 나온다.15일 증권업계에 따르면 롯데칠성(신용등급 AA0)은 이달 2년물 500억원, 3년물 1000억원씩 총 1500억원을 회사채로 조달할 계획이었으나 발행물량을 3000억원으로 두 배 늘리기로 했다. 2년물, 3년물의 발행 물량은 각각 1400억원, 1600억원으로 늘었다. 기관투자자 수요예측에서 3200억원 가량의 매수주문이 몰린 덕이다. 금리조건은 개별민평(민간 채권평가사 평균) 금리에 0.34%포인트(34bp)를 얹은 수준에 결정됐다. 회사 측이 제시한 기준(개별민평 기준 -10bp에서 +35,40bp)에 부합하는 수준이다.3년물, 5년물, 7년물을 총 3300억원 조달하려던 기아차의 회사채 수요예측에도 7200억원의 매수주문이 몰렸다. 기아차의 발행금리 수준은 아직 확정되지 않았지만 회사 측이 제시한 금리는 개별민평 금리 기준 ±30bp였다. 당초 기아차가 증권신고서 제출 수요예측 결과에 따라 최대 6000억원까지 조달규모를 늘릴 수 있다고 예고한 데다 최근 시중 자금동향을 감안할 때 금리수준이 적절할 경우 기아차 역시 계획물량 대비 2배 가까운 자금을 조달할 것이라는 관측이 나온다.앞서 이달 초 700억원 규모의 3년물 회사채를 발행하기 위해 수요예측을 진행한 롯데푸드도 발행규모를 1000억원으로 늘리기로 했다. 조달금리는 개별민평 기준 +30bp로 확정됐다.반면 신용등급 AA-에 등급전망이 '부정적'이라는 평가를 받은 한화솔루션은 2100억원 규모의 회사채를 발행할 예정이었으나 실제 수요예측에서는 회사가 제시한 금리수준(개별민평 금리기준 -20bp에서 +60bp)에 맞는 유효수요가 600억원에 그쳤다. 한화솔루션 회사채 미매각 물량은 3곳의 대표주관사와 6곳의 인수단이 나눠서 받아가기로 했다.코로나19 위기가 본격화되기 전까지만 해도 한화솔루션보다 신용등급이 훨씬 낮은 기업들까지도 자금조달이 어렵지 않았다. BBB+ 등급의 한화호텔앤드리조트는 지난 2월 하순 300억원의 자금조달을 계획했다가 3.1대 1에 달하는 수요예측 경쟁률을 기록하며 발행물량을 350억원으로 늘렸고 금리 수준도 개별민평 금리보다도 129bp나 낮은 수준을 기록했다. 한화호텔앤드리조트보다도 한 단계 더 낮은 BBB0의 한신공영 역시 2월 하순 2.92대 1의 수요예측 경쟁률을 기록한 덕에 회사채 발행물량을 500억원에서 940억원으로 늘리기로 했고 금리도 개별민평 금리 대비 58bp 낮은 수준으로 확정했다.이제는 AA등급이라고 하더라도 공모희망금리를 웃도는 수준에서야 겨우 회사채가 시장에서 소화되고 있다. 롯데칠성 등 그나마 이달 들어 채권시장안정펀드(채안펀드)의 낙점을 받은 덕에 원활하게 기관투자자 수요가 몰렸지만 AA-에다 조만간 신용등급 추가강등 우려가 있다는 평가를 받은 한화솔루션은 아예 시장에서 외면받게 된 것이다. 4월 들어 채안펀드가 본격 가동됐음에도 회사채 시장에는 아직 냉기가 돌고 있다는 지적이 나오는 이유다.한 대형증권사 IB(투자은행) 담당 임원은 ""채안펀드가 AA-등급 이상만 담을 수 있도록 돼 있기 때문에 한화솔루션처럼 신용등급이 한 단계만 떨어져도 A+로 싱글A 등급이 되는 기업은 채안펀드 및 시장의 외면을 받을 가능성이 크다""며 ""코로나19로 현금흐름이 악화될 우려가 있는 기업은 자금조달에 어려움을 겪을 수 있다""고 우려했다.또 다른 대형 증권사 IB 관계자도 ""채안펀드가 빠르게 조성된 것은 고마운 일이지만 운용대상이나 운용방법 등에 세부 지침에 있어서는 심도 있는 고민이 없이 나온 것으로 보인다""며 ""채권 발행이 아예 멈췄다가 채안펀드 덕에 다시 우량등급 기업을 중심으로 회사채가 발행되고 있지만 시장 충격이 다시 오게 되면 현재의 채안펀드 체제로 자금지원이 충분할 것인지에 우려가 제기될 수 있을 것""이라고 했다. 황국상 기자 gshwang@mt.co.kr, 김도윤 기자 justice@
<저작권자 ⓒ '돈이 보이는 리얼타임 뉴스' 머니투데이, 무단전재 및 재배포 금지>",/news/news_read.nhn?article_id=0004394733&office_id=008&mode=search&query=기아차&page=1
,"국토교통부는 현대·기아자동차, 메르세데스-벤츠코리아, 한국토요타자동차에서 제작하거나 수입·판매한 모두 39개 차종 4만 4,967대에서 제작 결함이 발견돼 시정조치(리콜)한다고 오늘(15일) 밝혔습니다.메르세데스-벤츠코리아에서 수입, 판매한 GLK 220 CDI 4MATIC 등 12개 차종 8천163대는 에어백이 펼쳐질 때 내부 부품의 금속 파편이 운전자 등을 다치게 할 수 있는 것으로 지적됐습니다.현대차에서 제작, 판매한 쏘나타 등 3개 차종 2만5천113대와 기아차에서 제작, 판매한 K5 3천758대는 원격 스마트 주차 보조 장치의 소프트웨어 오류로 원격 주차 시 간헐적으로 제동 제어가 되지 않는 것으로 확인됐습니다.한국토요타자동차에서 수입, 판매한 RX450h 등 렉서스 20개 차종 3천707대는 연료펌프 내 일부 부품의 결함으로 주행 중 시동이 꺼질 가능성이 확인됐습니다.이번 리콜과 관련해 해당 제작사에서는 자동차 소유자에게 우편·휴대전화 문자로 시정 방법 등을 알리게 됩니다.결함 시정 전에 자동차 소유자가 결함 내용을 자비로 수리한 경우에는 제작사에 수리한 비용에 대한 보상을 신청할 수 있습니다.차량의 리콜 대상 여부와 구체적인 제작결함 사항은 국토부가 운영하는 자동차리콜센터(www.car.go.kr, 080-357-2500)에서 확인할 수 있습니다. 안지혜 기자(jje@sbs.co.kr) ▶ ▶ 저작권자 SBS미디어넷 & SBS I&M 무단전재-재배포 금지",/news/news_read.nhn?article_id=0000209500&office_id=374&mode=search&query=기아차&page=1
,"현대차의 제네시스 GV80 등에 들어가는 스마트 주차 보조 기능에서 오류가 발견돼 국토교통부가 리콜에 들어갔다. 국토부는 15일 현대차·기아차, 메르세데스-벤츠 코리아, 한국토요타자동차에서 제작 또는 판매한 총 39개 차종 4만4967대의 제작결함에 대해 시정조치(리콜)한다고 밝혔다.먼저 현대차의 쏘나타(2만2415대), 그랜저(1941대), GV80(757대), 기아차의 K5(3758대)는 소프트웨어 오류로, 원격 주차시 간헐적으로 브레이크 통제가 되지 않아 사고 발생 가능성이 확인됐다. 또 GV80 3247대는 계기판에 차로 변경 보조 기능의 고장 경고 문고가 표출되지 않을 가능성이 확인돼 리콜됐다. 이들 차량은 20일부터 현대차 직영서비스센터와 블루핸즈, 기아차 서비스센터에서 무상으로 소프트웨어 업데이트 해준다.메르세데스-벤츠 코리아의 GLK 220 CDI 4MATIC 등 12개 차종 8163대는 일본 다카타 사(社)의 에어백이 전개시 과도한 폭발압력으로 발생한 내부 부품의 금속 파편이 상해를 입힐 가능성이 확인돼 리콜됐다. 이 차들은 16일부터 메르세데스-벤츠 코리아 공식서비스센터에서 무상으로 부품 교체를 받을 수 있다.한국토요타자동차가 판매한 렉서스 RX450h 등 23개 차종 4686대는 연료펌프 내 일부 부품(임펠러)의 결함으로 연료펌프가 작동되지 않아 주행 중 시동이 꺼질 가능성이 확인됐다. 해당 차량은 29일부터 공식서비스센터에서 무상으로 부품을 교체해준다.해당 제작사는 자동차 소유자에게 우편 및 휴대전화 문자로 시정방법 등을 알리게 된다. 자동차 소유자가 결함 내용을 자비로 이미 수리한 경우엔 제작사에 수리한 비용에 대한 보상을 신청할 수 있다.기타 궁금한 사항은 현대차(080-600-6000), 기아차(080-200-2000), 메르세데스-벤츠 코리아(080-001-1886), 한국토요타자동차(렉서스:080-4300-4300, 토요타:080-525-8255)로 문의하면 된다.국토교통부는 자동차의 제작결함정보를 수집·분석하는 자동차리콜센터(www.car.go.kr, 080-357-2500)를 운영하고 있다. 이곳에서 차 번호를 입력하면 리콜대상 여부 및 구체적인 제작결함 사항을 확인할 수 있다.[류정 기자 well@chosun.com] 		▶
		▶ 		▶
	- Copyrights ⓒ 조선일보 & chosun.com, 무단 전재 및 재배포 금지 -",/news/news_read.nhn?article_id=0003523808&office_id=023&mode=search&query=기아차&page=1
,"[서울경제] 현대차와
기아차, 메르세데스-벤츠코리아, 한국토요타자동차에서 제작 또는 수입·판매한 차량 약 4,4000여 대에 대한 리콜이 시행된다. 15일 국토교통부에 따르면 해당 4개사의 총 39개 차종 44,967대에서 제작결함이 발견돼 시정조치 된다. 현대차 쏘나타(DN8) 등 3개 차종 25,113대와 기아차 K5(DL3) 3,758대는 원격스마트주차보조(RSPA) 장치의 소프트웨어 오류로 원격 주차 시 간헐적으로 제동 제어가 되지 않아 사고가 발생할 가능성이 확인됐고, GV80(JX1) 3,247대는 계기판 소프트웨어 오류로 주행 보조 제어기와 통신장애 발생 시 계기판에 차로변경 보조 기능의 고장 경고문구가 표출되지 않을 가능성이 확인돼 자동차 안전기준 부적합으로 리콜에 들어간다. 자동차 안전기준 부적합은 우선 리콜을 진행하되, 향후 시정률 등을 감안해 과징금을 부과할 계획이다. 해당 차량은 오는 20일부터 현대차 직영서비스센터 및 블루핸즈, 기아차 서비스센터에서 각각 무상으로 수리(소프트웨어 업데이트)를 받을 수 있다. 메르세데스-벤츠코리아에서 수입·판매한 GLK 220 CDI 4MATIC 등 12개 차종 8,163대는 에어백(다카타 사) 전개 시 인플레이터의 과도한 폭발압력으로 발생한 내부 부품의 금속파편이 운전자 등에게 상해를 입힐 가능성이 확인돼 리콜 조치된다. 이 차량은 내달 16일부터 메르세데스-벤츠코리아 공식서비스센터에서 무상으로 수리받을 수 있다. 한국토요타자동차에서 수입·판매한 렉서스 RX450h 등 23개 차종 4,686대는 연료펌프 내 일부 부품(임펠러)의 결함으로 연료펌프가 작동하지 않아 주행 중 시동이 꺼질 가능성이 확인돼 리콜에 들어간다. 해당 차량은 오는 29일부터 한국토요타자동차 공식서비스센터에서 무상수리가 가능하다. 이번 결함시정과 관련해 해당 제작사에서는 자동차 소유자에게 우편 및 휴대전화 문자로 시정방법 등을 알리게 되며, 결함시정 전에 자동차 소유자가 결함 내용을 자비로 수리한 경우 제작사에 수리 비용 보상을 신청할 수 있다. /강동효기자 kdhyo@sedaily.com저작권자 ⓒ 서울경제, 무단 전재 및 재배포 금지",/news/news_read.nhn?article_id=0003724873&office_id=011&mode=search&query=기아차&page=1
,"[이데일리 권소현 기자] 신종 코로나 바이러스 감염증(코로나19) 확산으로 기업 신용등급에 먹구름이 드리워지면서 최근 4주간 아시아태평양 지역에서 등급과 등급전망이 줄하향된 것으로 나타났다. 하향조정은 주로 주택건설과 카지노 업종에 집중됐고, 코로나19 단기 충격이 큰 만큼 한번에 두계단 이상 등급이 하락한 곳도 다수였다. 15일 글로벌 신용평가사 중 하나인 피치는 최근 한 달여 간(3월10일~4월13일) 아태지역 국가 내 16개 기업의 신용등급을 하향조정했고 20개 기업의 등급전망을 낮췄다고 밝혔다. 이는 모두 코로나19 팬데믹에 따른 직간접적 타격 때문이라는 게 피치 설명이다. 등급이 강등된 16개 기업 중에서 주택건설과 카지노 업종이 각각 3개씩으로 가장 많았고 석유가스, 자동차 및 자동차부품, 기술업종이 각각 2개씩으로 뒤를 이었다. 등급 및 등급전망이 하향조정된 36개의 기업 중 중국 기업이 10개로 가장 많았고 인도네시아 4곳, 말레이시아·인도·싱가포르·베트남이 3개씩이었다. 호주·일본·한국·대만·태국이 2개씩이었다. 한국 기업 중에서는 현대차와 기아차의 등급전망이 ‘안정적’에서 ‘부정적’으로 떨어졌다. 이번 코로나19로 정크등급으로 추락한 기업도 나왔다. BBB-까지는 투자적격등급으로 보고 BB+ 이하부터는 투기등급으로 분류된다. 중국 최대 가구백화점 업체인 레드스타맥칼린은 투자적격등급인 ‘BBB-‘에서 투기등급인 ‘BB+’로 떨어졌다. 한번에 두 단계 이상씩 떨어진 곳도 있었다. 인도네시아의 지오 에너지 리소시스는 ‘B-’에서 ‘CC’등급으로 무려 네단계 강등됐다. 인도의 퓨처리테일 신용등급 역시 네계단 하락해 ‘BB’에서 ‘B-’로 주저앉았다. 호주의 버진 오스트랄리아 홀딩스는 ‘B+’로 두단계 떨어졌고 중국 주택건설 업체인 선샤인100 차이나 홀딩스도 ‘CCC+’에서 ‘CCC-’로 두단계 강등됐다. 피치는 “이같은 등급(전망) 하향은 직간접적으로 코로나바이러스 대유행으로 인한 타격 때문”이라며 “코로나19로 인해 원자재 가격이 하락하고 신용도에 장기적으로 영향이 있을 것이며 재무 유동성도 악화할 것”이라고 말했다. 권소현 (juddie@edaily.co.kr)＜ⓒ종합 경제정보 미디어 이데일리 - 무단전재 & 재배포 금지＞",/news/news_read.nhn?article_id=0004620587&office_id=018&mode=search&query=기아차&page=1
,"현대차가 올해 1분기 베트남에서 일본 도요타를 제치고 1위에 올랐다. 일본 자동차가 장악하고 있는 동남아 국가에서 분기 판매 1위를 한건 현대차 역사상 처음이다.15일 현대차와 베트남자동차산업협회(VAMA)에 따르면 현대차 베트남 합작사인 현대탄콩은 1분기 1만5362대를 판매해 도요타(1만3748대)를 1614대 차이로 앞섰다.(소매 판매 기준)현대차의 1분기 베트남 판매량은 코로나 바이러스 여파로 작년 같은 기간보다 8.5% 감소했다. 그러나 도요타의 1분기 판매량은 작년보다 28% 감소해 충격이 더 컸다.동남아시아는 일본 자동차 업체들이 일찍 진출해 시장을 독과점하고 있다. 인도네시아는 도요타·다이하쓰·혼다·미쓰비시·스즈키 등 5개 일본 업체의 시장 점유율이 신차 판매 기준으로 90%에 달할 정도다.현대차는 일본이 장악한 동남아 자동차 시장을 한 때 거의 포기했다가 최근 정의선 수석 부회장의 지시로 다시 개척에 나서고 있다. 작년 11월 인도네시아 델타마스 공단에 연산 25만대 규모의 공장 설립을 위한 투자 협약을 체결하는 등 동남아 최초의 완성차 공장 건설에 착수한 것이다. 베트남에선 탄콩그룹과 협업해 연산 6만대 규모 반제품조립(CKD) 공장을 운영중인데, 올 하반기 2공장 증설을 통해 연산 10만대까지 확대하기로 했다.현대차는 지난해 베트남에서 6만7938대를 판매해 도요타 7만9289대에 이어 2위였다. 기아차 판매량(4만1771대)까지 합치면 도요타를 이미 앞서고 있지만, 현대차가 단독으로 도요타를 이겨본 적은 없었다.업계 관계자는 “오토바이를 주로 타던 베트남 사람들이 구매력이 높아지며 차를 사고 있는데, 가성비(가격 대비 성능)가 높은 현대차가 인기가 많다”며 “베트남 사람들이 한류 문화를 좋아하고 한국에 대한 호감이 높은 것도 영향이 있다”고 말했다.현대차의 1분기 베트남 판매량을 주도한 모델은 소형차인 엑센트와 그랜드i10 이다. 엑센트는 1분기에만4440대가 판매됐다. 현대차의 전체 베트남 판매량의 28.9%에 달한다. 그랜드i10는 3860대가 팔려 엑센트의 뒤를 이었다.베트남 국민들의 소득이 늘면서 SUV(스포츠유틸리티차) 모델도 꾸준히 판매가 늘고 있다. 싼타페 1855대, 투싼 1817대, 코나 1486대가 1분기에 팔렸다.지난해 베트남 자동차 시장은 34만8000대로, 전년(28만8000대) 대비 21% 증가하는 등 급성장하고 있다. 올해는 코로나 바이러스 사태로 성장세가 주춤할 수 있지만, 차를 사려는 베트남 사람들은 계속 늘고 있다.[류정 기자 well@chosun.com] 		▶
		▶ 		▶
	- Copyrights ⓒ 조선일보 & chosun.com, 무단 전재 및 재배포 금지 -",/news/news_read.nhn?article_id=0003523819&office_id=023&mode=search&query=기아차&page=1
,"국내 대표 중형 세단인 현대자동차의 쏘나타와 기아차의 K5가 리콜 명단에 이름을 올렸다. 이뿐 아니라 메르세데스-벤츠코리아, 한국토요타자동차에서 수입 판매한 약 1만대까지 4만대 넘는 차량이 무더기로 리콜 조치된다.



국토교통부는 현대ㆍ기아자동차, 메르세데스-벤츠코리아, 한국토요타자동차에서 제작 또는 수입ㆍ판매한 총 39개 차종 4만4967대에서 제작 결함이 발견돼시정조치(리콜)한다고 15일 밝혔다


 리콜 대상인 현대차는 쏘나타(DN8)와 그랜저(IG PE) 제네시스 SUV GV80 3종으로 2만8360대다. 이 중 79%(2만2415대)가 지난해 3월 출시된 쏘나타 8세대 차량이다. 리콜 원인은 원격 스마트 주차 보조(RSPA) 장치의 소프트웨어 오류다. 원격 가능성이 간헐적으로 제동 제어가 되지 않아 사고가 발생할 가능성이 확인됐다. 지난해 11월 출시된 기아차의 K5(DL3) 3758대 역시 RSPA 장치의 소프트웨어 오류로 리콜 대상이 됐다.



또 현대차의 제네시스 GV80의 3247대는 계기판 소프트웨어 오류가 나타났다. 특히 주행 보조 제어기와 통신장애 발생할 때 계기판에 차로 변경 보조 기능의 고장 경고 문구가 나타나지 않을 수 있어 리콜대상에 포함됐다. 이는 자동차 안전기준 부적합으로 우선 리콜을 진행하지만, 앞으로 시정률 등을 고려해 과징금을 부과할 계획이다.






 메르세데스-벤츠코리아에서 수입 판매하는 GLK 220 CDI 4MATIC 등 12개 차종 8163대는 일본 다카타사의 에어백이 펼쳐질 때 인플레이터의 과도한 폭발 압력으로 발생한 내부 부품의 금속 파편이 운전자를 다치게 할 수 있는 것으로 지적됐다.


한국토요타자동차의 RX 450h 등 렉서스 20개 차종 3707대와 도요타 3개 차종 979대는 연료펌프 내 일부 부품(임펠러)의 결함 문제다. 연료펌프가 작동되지 않아 주행 중 시동이 꺼질 가능성으로 리콜 대상에 올랐다.


 이번 리콜과 관련해 해당 제작사에서는 자동차 소유자에게 우편 또는 휴대전화 문자로 시정 방법 등을 알리게 된다. 이미 자동차 소유자가 결함 부분을 수리한 경우에는 제작사에 수리 비용에 대한 보상을 신청할 수 있다.


국토부는 자동차의 제작결함정보를 수집ㆍ분석하는 자동차리콜센터(www.car.go.kr, 080-357-2500)를 운영하고 있으며, 홈페이지에서 차량번호ㆍ차대번호를 입력하면 해당 차량의 리콜 대상 여부와 구체적인 제작결함 사항을 확인할 수 있다.


염지현 기자 yjh@joongang.co.kr
 ▶ ▶
/ ⓒ중앙일보(https://joongang.co.kr), 무단 전재 및 재배포 금지",/news/news_read.nhn?article_id=0002993049&office_id=025&mode=search&query=기아차&page=1
,"현대차와 기아차, 벤츠, 토요타 등 39개 차종 4만 4967대에서 제작결함이 발견돼 리콜된다.15일 국토교통부에 따르면 이번 리콜은 먼저 현대차 쏘나타(DN8) 그랜져(IG PE) GV80(JX1) 등 3개 차종 2만 5113대와 기아차 K5(DL3) 3758대가 동일한 사유로 리콜된다. 이들 차량은 원격 스마트 주차 보조 장치의 소프트웨어 오류로 원격 주차시 간헐적으로 제동 제어가 되지 않아 사고가 발생할 가능성이 있었다.또 GV80(JX1) 3247대는 계기반 소프트웨어 오류로 주행 보조 제어기와 통신장애가 발생하면 계기반에 차로변경 보조 기능의 고장 경고문구가 표출되지 않을 가능성이 있었다. 이 건은 자동차 안전기준에 부적합한 것으로 우선 리콜을 진행하되 향후 시정률 등을 감안해 과징금이 부과된다.두번째로 벤츠코리아에서 수입·판매한 GLK 220 CDI 4MATIC 등 12개 차종 8163대는 다카타의 에어백이 들어있어 리콜된다. 이 에어백은 터질 때 폭발압력으로 내부 금속 파편이 튀어 운전자 등에게 상해를 입힐 가능성이 있는데, 전세계적으로 리콜되고 있다.세번째로 한국토요타자동차에서 수입·판매한 렉서스 RX450h 등 23개 차종 4686대는 연료펌프 내 일부 부품(임펠러)의 결함으로 연료펌프가 작동되지 않아 주행 중 시동이 꺼질 가능성이 확인돼 리콜된다.자동차리콜센터 홈페이에서는 차량번호와 차대번호를 입력하면 상시적으로 해당차량의 리콜대상 여부 및 구체적인 제작결함 사항을 확인할 수 있다.김덕준 기자 casiopea@busan.com",/news/news_read.nhn?article_id=0000996302&office_id=082&mode=search&query=기아차&page=1
"삼성·LG·효성·현대기아차 등완성차업계, 해외 주문 줄어국내 공장 일부 라인 중단","코로나19 확산으로 인한 국내 기업들의 해외 공장 '셧다운(가동 중단)' 사태가 장기화 국면으로 진입했다. 지난달 이뤄진 해외 공장들의 가동 중단 사태가 4월말~5월 이후까지 연쇄적으로 연장되고 있기 때문이다. 재계 관계자는 ""해외에서 가동하고 있는 공장들도 대부분 생산량을 대폭 줄여 운영하고 있다""면서 ""이 마저도 내일이라도 중단될 수 있는 불안한 상태""라고 전했다.
 15일 전자 및 완성차 업계에 따르면, 지난달부터 연쇄 셧다운된 삼성전자와 LG전자, 현대·기아자동차, 효성 등 국내 기업의 해외 공장 가동이 최대 5월 이후로까지 미뤄진 것으로 확인됐다. 삼성전자는 4월 중순부터 가동 재개를 계획했던 인도 스마트폰·가전공장과 미국 세탁기 공장, 폴란드 가전 공장의 재가동 시점을 2~3주 가량 늦췄다. LG전자도 TV, 스마트폰, 가전 등을 생산하는 인도와 브라질 공장의 가동 중단을 2주 연장했다. 지난달 말 인도 공장 가동을 중단한 효성티앤씨와 효성중공업은 4월 중순 운영을 재개할 계획이었지만, 인도 정부가 국가봉쇄령을 연장하면서 재가동 시점이 5월초로 또다시 늦춰졌다.
 지난달 셧다운 사태를 피한 기업들도 이달부터는 생산 차질이 현실화되고 있다. LG이노텍은 자동차 부품을 생산하는 멕시코 공장 가동을 지난 9일부터 30일까지 중단했다. 멕시코에서 세탁기, 냉장고, 전자레인지를 생산하는 위니아대우의 현지 공장도 최소 라인만 운영되는 등 사실상의 휴업 모드다.
 완성차 업계는 상황이 더 좋지 않다. 해외 기지뿐 아니라 국내 공장까지 가동 중단이 확산하고 있다. 현대차는 미국 앨라배마 공장 휴업 기간을 5월 1일(현지시간)까지로 연장했고 터키, 브라질 생산 공장 재가동도 4월말까지로 줄줄이 밀렸다. 기아차도 미국, 멕시코 공장 재가동을 4월 24일 이후로 늦췄다. 국내에선 현대차가 울산5공장 2라인(투싼 라인)이 17일까지 휴업하며, 기아차는 23일부터 일주일 간 광명 소하리 1공장과 2공장, 광주 2공장 등 3개 공장 문을 닫을지 여부를 검토하고 있다.
 현대차 관계자는 ""해외 수출 오더(주문)가 줄면서 국내 공장의 일부 라인의 운영을 중단하는 것""이라고 했다.
 국내 기업들이 운영하는 주요 해외 공장이 2달 가까이 폐쇄되는 게 확실시 되면서 '생산절벽' 상황으로 치닫았다는 분석이다. 더욱이 북미의 베스트바이, 유럽의 미디어막트 등 대형 가전 판매점뿐 아니라 중소형 판매처들도 지난달부터 매장 운영 시간을 단축하거나 폐쇄되면서 판매 및 소비 활동도 수개월째 '올스톱'되는 분위기다. 이미 4월 중순에 접어들었지만 전 세계적으로 코로나19 사태가 여전히 악화하고 있는 만큼, 각국의 공장 및 유통점 폐쇄 지침 등이 2·4분기 내내 이어질 가능성도 배제할 수 없다는 우려가 나온다. 업계 관계자는 ""생산 공장을 당장 재가동한다고 해도 판매할 유통 채널이 없는 게 큰 문제""라고 말했다.



 ※ 저작권자 ⓒ 파이낸셜뉴스. 무단 전재-재배포 금지",/news/news_read.nhn?article_id=0004408890&office_id=014&mode=search&query=기아차&page=1
,"신종 코로나바이러스감염증(코로나19)이 불러온 글로벌 경기 침체 여파가 국내 완성차 업체를 넘어 중소 규모의 협력사로 뻗치고 있다. 협력사 관계자들은 임금 삭감, 휴업 등 온갖 자구책에도 당장 공장 문을 닫을 처지가 됐다며 한숨을 내쉬고 있다. 자동차 업계의 구조적 특성 탓에 완성차 업체의 일시 생산 중단 등 ‘기침’에 협력업체들은 생사의 기로에 선 것이다.15일 국민일보가 완성차 업체에 부품을 납품하는 국내 1~3차 협력사 관계자들을 취재한 결과 협력사들은 이미 휴업과 임금 삭감, 월급 유예, 생산 감축 등 조치를 통해 생존을 위한 몸부림을 치고 있었다. 규모가 작은 협력사 중엔 이미 부도가 난 곳도 있었다.대구 소재 2차 협력사인 A사는 완성차에 들어가는 각종 금속 부품을 만든다. 1차 협력사는 A사의 부품을 가공하거나 페인팅·도금 작업을 한 뒤 완성차 업체에 납품한다. 현대자동차, 기아자동차, 쌍용자동차, 르노삼성자동차, 한국지엠 등 국내 완성차 5개사와 미국 3사(GM, 포드, 피아트크라이슬러) 등 다수 업체에 부품을 팔지만 이달 초부터 생산량이 확 줄었다.A사 관리자인 김모씨는 “지난달까지는 기존에 잡힌 수요가 있어 그럭저럭 버텼다. 4월부터 완성차 조립대수가 줄면서 1차 협력사가 부품 주문을 받지 않는다”며 “조업시간을 줄이고 근무일수도 조정했지만 많이 어려운 상황”이라고 토로했다.이 회사는 지난달 대비 매출이 50% 감소했다. 부품 생산량은 30% 수준으로 떨어졌다. 김씨는 “다음 달엔 생산량이 반토막 날 것 같다. 6월쯤 돼야 미국·유럽 지역이 코로나19가 안정세에 접어들 거라는 전망이 있다”며 “어찌됐든 이 보릿고개를 버텨야 하지 않겠나”라고 말했다.B사는 경기도 화성시에 위치한 1차 협력사다. 주로 기아차의 플라스틱 내외장재를 생산한다. B사 관리자인 윤모씨는 “기아차가 오는 23~29일 수출용 차량을 생산하는 공장을 임시 휴업하는 방안을 검토 중인데, 협력사도 영향을 받을 수밖에 없다”며 “지난달 100%였던 생산량이 이달 70%대로 떨어졌는데, 5월에는 더 감소할 것 같다”며 한숨지었다.B사는 현재 현장직 단축근무와 순환휴무, 관리직 임금 20% 삭감 등 조치를 시행 중이다. 이달 말에는 지난 2월 유예했던 직원들의 월급을 뒤늦게 지급한다.윤씨는 “협력사는 당장 먹고살기가 힘들다. 대기업은 휴업 수당이라도 있지만, 우리는 앞으로 연차나 무급 휴가를 써야 한다”며 “인기차종이 있을 땐 특근도 했지만 지금은 그냥 공장이 정상 가동되기만을 바랄 뿐”이라고 말했다.인천 소재 2차 협력사인 C사는 이달 초부터 전면 휴업에 들어갔다. 이곳은 그나마 부채가 없어 버티고 있지만, 운영자금을 미리 빌린 소규모 2, 3차 협력사들은 문제가 심각하다.C사 관계자는 “협력사 대부분이 운영자금을 미리 빌려 부품을 만들고 임금을 준다. 매출이 줄면 교환자금을 갚지 못해 한 달만 쉬어도 부도가 나는 구조”라며 “지난달 내가 아는 2, 3차 협력사만 세 곳이나 부도가 났다. 전국적으로는 수두룩할 것”이라고 했다.협력사들의 가장 큰 고민은 자금이다. 자생 협력사들은 대기업 계열사와 달리 자금 융통도 어렵다.김씨는 “결국 공장을 돌리는 건 돈이다. 완성차 업체가 협력사에 자금 지원도 하지만 전부 혜택을 받진 못한다”며 “회사를 살리기 위해 돈을 빌리려 해도 실제 은행에 가보면 대출 조건이 까다롭고 문턱도 높다”고 말했다.윤씨는 “(정부는) 왜 작은 회사가 파산하고 대출이 어려운지 모르는 것 같다. 1차 협력사도 대출이 이렇게 힘든데 2,3차는 꿈도 못 꿀 것”이라며 “단순히 돈만 푼다고 되는 게 아니라 현장의 목소리를 들어봤으면 좋겠다”고 했다.박구인 기자 captain@kmib.co.krGoodNews paper ⓒ , 무단전재 및 재배포금지",/news/news_read.nhn?article_id=0001311732&office_id=005&mode=search&query=기아차&page=1
쏘나타 주차보조장치 등 39개 차종 결함 시정조치,"[서울경제] 국토교통부가 현대·기아자동차, 메르세데스벤츠코리아, 한국토요타자동차에서 제작 및 수입·판매한 총 39개 차종 4만4,967대에서 제작 결함이 발견돼 시정조치(리콜)한다고 15일 밝혔다.
메르세데스벤츠코리아에서 수입·판매한 ‘GLK 220 CDI 4MATIC’ 등 12개 차종 8,163대는 일본 다카타사의 에어백이 펼쳐질 때 인플레이터의 과도한 폭발 압력으로 발생한 내부 부품의 금속 파편이 운전자 등을 다치게 할 수 있는 것으로 지적됐다. 현대차에서 제작·판매한 쏘나타(DN8) 등 3개 차종 2만5,113대와 기아차에서 제작·판매한 K5(DL3) 3,758대는 ‘원격 스마트 주차 보조(RSPA)’ 장치의 소프트웨어 오류로 원격 주차 시 간헐적으로 제동 제어가 되지 않아 사고가 발생할 가능성이 확인됐다. 또 GV80(JX1) 3,247대는 계기판 소프트웨어 오류로 주행보조제어기와 통신장애 발생 시 계기판에 차로 변경 보조 기능의 고장 경고 문구가 나타나지 않을 가능성이 확인돼 리콜에 들어간다. 이는 자동차 안전기준 부적합으로 우선 리콜을 진행하되 향후 시정률 등을 감안해 과징금이 부과될 계획이다.한국토요타자동차에서 수입·판매한 RX450h 등 렉서스 20개 차종 3,707대와 도요타 3개 차종 979대는 연료펌프 내 일부 부품(임펠러)의 결함으로 연료펌프가 작동되지 않아 주행 중 시동이 꺼질 가능성이 확인됐다.이번 리콜과 관련해 해당 제작사에서는 자동차 소유자에게 우편·휴대전화 문자로 시정방법 등을 알리게 되며 결함 시정 전에 자동차 소유자가 결함 내용을 자비로 수리한 경우에는 제작사에 수리한 비용에 대한 보상을 신청할 수 있다. /세종=김우보기자 ubo@sedaily.com저작권자 ⓒ 서울경제, 무단 전재 및 재배포 금지",/news/news_read.nhn?article_id=0003724949&office_id=011&mode=search&query=기아차&page=1
,"[서울경제] 호텔신라·GS 등 대기업들이 16일부터 이틀간 7,700억원대의 회사채 수요예측에 나선다. 최근 기업들의 회사채 수요예측에서 미달하는 사례가 잇따르자 채권시장안정펀드가 본격적으로 회사채 매수에 나서고 있어 기업들의 자금경색 우려가 해소될지 결과가 주목된다.15일 금융투자 업계에 따르면 16일 호텔신라와 오리온, 17일 SK에너지와 GS·풍산의 수요예측이 예정돼 있으며 모집 금액은 총 7,700억원이다. 이번주 수요예측을 통한 모집액은 1조5,100억원에 달한다. 회사별 모집액이 가장 많은 기업은 SK에너지로 3년물 2,000억원을 포함해 총 3,000억원을 모집한다. GS는 3년물 2,000억원을, 호텔신라는 3년물 1,100억원을 비롯해 총 1,500억원을 발행할 계획이다. 오리온과 풍산은 700억원과 500억원을 각각 모집한다.이달 채안펀드가 참여한 롯데푸드와 롯데칠성음료·기아차 등은 모두 수요예측에 성공했다. 하지만 지난 13일 신용등급 ‘AA’인 한화솔루션의 수요예측에서 미달이 발생하는 등 우려는 여전하다. 이번 수요예측에 참여하는 기업들의 신용등급은 풍산을 제외하면 모두 채안펀드 매입 조건인 ‘신용등급 AA- 이상, 만기 3년 이하 채권’을 충족한다. /신한나기자 hanna@sedaily.com저작권자 ⓒ 서울경제, 무단 전재 및 재배포 금지",/news/news_read.nhn?article_id=0003724976&office_id=011&mode=search&query=기아차&page=1
,"국토교통부는 현대·기아자동차, 메르세데스-벤츠코리아, 한국토요타자동차에서 제작 또는 수입·판매한 총 39개 차종 4만4967대에서 제작 결함이 발견돼 시정조치(리콜)한다고 15일 밝혔다. 메르세데스-벤츠코리아에서 수입, 판매한 GLK 220 CDI 4MATIC 등 12개 차종 8163대는 일본 다카타사(社)의 에어백이 펼쳐질 때 인플레이터의 과도한 폭발 압력으로 발생한 내부 부품의 금속 파편이 운전자 등을 다치게 할 수 있는 것으로 지적됐다. 현대차에서 제작, 판매한 쏘나타(DN8) 등 3개 차종 2만5113대와 기아차에서 제작, 판매한 K5(DL3) 3758대는 원격 스마트 주차 보조(RSPA) 장치의 소프트웨어 오류로 원격 주차시 간헐적으로 제동 제어가 되지 않아 사고가 발생할 가능성이 확인됐다.또 GV80(JX1) 3247대는 계기판 소프트웨어 오류로 주행 보조 제어기와 통신장애 발생 시 계기판에 차로 변경 보조 기능의 고장 경고 문구가 나타나지 가능성이 확인돼 리콜에 들어간다. 이는 자동차 안전기준 부적합으로 우선 리콜을 진행하되, 향후 시정률 등을 감안해 과징금을 부과할 계획이다.한국토요타자동차에서 수입, 판매한 RX450h 등 렉서스 20개 차종 3707대와 도요타 3개 차종 979대는 연료펌프 내 일부 부품(임펠러)의 결함으로 연료펌프가 작동되지 않아 주행 중 시동이 꺼질 가능성이 확인됐다.김양혁기자 mj@

























































































































































































































 디지털타임스
/",/news/news_read.nhn?article_id=0002593735&office_id=029&mode=search&query=기아차&page=1
