head,text,url
,"[앵커]보신 것처럼 세계 각국이 우리나라를 상대로 빗장을 걸어 잠그면서 우리 기업들의 해외사업에 차질이 우려됩니다.그렇다면 우리 기업들은 어떻게 대응하고 있을까요.임종윤 기자가 취재했습니다.[기자]지난 6일 현재 한국인 입국을 금지하거나 제한하고 있는 나라는 모두 102개국.여기에 중국과 베트남, 일본 등 주요 교역국들이 대거 포함되면서 국내 기업들의 해외사업에 차질이 우려되고 있습니다.[문병기 / 국제무역통상연구원 수석연구원 : 새로운 수출 상담이나 계약을 성사하는 데 직접 만나지 못하는 데 따른 애로가 발생할 것으로 예상됩니다.]기업들의 재택근무가 더 길어지면서 근무 정상화도 지연되고 있습니다.[현대모비스 관계자 : 현대모비스는 지난주부터 격일제 재택근무를 시행하고 있는 데 다음 주에도 일주일 연장해서….]수출과 내수 부진, 부품수급 차질이라는 3중고에 기업들의 올해 경영목표 달성에도 차질이 우려됩니다.현대 기아차는 지난달 판매실적이 국내외 모두 감소했습니다.특히, 중국시장 상황이 악화되면서 올해 글로벌 판매 목표 753만대 달성에 비상이 걸렸습니다.주요 기업들은 올해 사업 목표는 낮추면서 손실을 줄이는 방향으로 사업전략을 수정할 것으로 알려졌습니다.삼성전자는 야심 차게 내놓은 갤럭시S20의 판매가 부진하자 손실 최소화를 위한 전략마련에 들어갔고 SK그룹도 주력인 반도체와 정유 부문에 대한 비상계획을 준비 중입니다.롯데그룹은 신동빈 회장이 직접 200개 점포를 폐쇄하겠다고 밝히는 등 강도 높은 구조조정을 추진하기로 했습니다.SBSCNBC 임종윤입니다.

임종윤 기자(boongam@sbs.co.kr) ▶ ▶ 저작권자 SBS미디어넷 & SBS I&M 무단전재-재배포 금지",/news/news_read.nhn?article_id=0000206754&office_id=374&mode=search&query=기아차&page=1
-누적 계약 2만1000대 돌파…올 판매목표 2만4000대 돌파 무난-가솔린 6037만원부터,"[헤럴드경제 이정환 기자] 현대자동차의 야심작인 럭셔리 SUV인 제네시스 GV80 디젤 모델이 지난달 기준 2만1000대 계약건수를 넘기며 흥행몰이 중이다. 특히 올해 전체 판매량은 2만4000대 돌파가 이달중에 무난히 달성할 것으로 전망된다.GV80의 흥행은 미국서도 불이 붙었다. 미국시장에서 흥행을 이어가고 있는 현대·기아차에 이어 제네시스 GV80은 지난 1월 28일 미국에 첫 선을 보인 후 6000대 이상의 계약을 기록하고 있다.마크 델 로소 제네시스 북미담당 최고경영자(CEO)는 지난 4일 제네시스 미국 법인의 판매량 보도자료를 통해 ""GV80으로 사전계약에서 6000대 이상을 주문받았다”며 제네시스 실적 상승을 자신했다.여기에 가솔린 모델까지 출시하며 흥행에 가속도를 붙이고 있다.럭셔리 플래그십 SUV GV80의 가솔린 모델은 9일부터 본격적인 판매에 돌입한다. 제네시스는 GV80 가솔린 모델에 신규 2.5 터보, 3.5 터보 엔진을 최초 적용함에 따라 3.0 디젤 모델과 함께 3가지 엔진 라인업으로 운영한다.제네시스는 GV80 가솔린 모델의 후면부에 전면부 크레스트 그릴 형상과 디자인 통일감을 준 범퍼 일체형 듀얼 머플러를 적용해 섬세한 고급감을 표현해냈다.2.5 터보 모델은 최고 출력 304마력(PS), 최대토크 43.0kgf·m 등 역동적인 동력 성능을 갖췄으며 복합 연비는 9.7km/ℓ 다. 3.5 터보 모델은 최고 출력 380마력(PS), 최대토크 54.0kgf·m 등 동급 최고 수준의 동력 성능을 갖췄으며 복합 연비는 8.6km/ℓ 다.특히 GV80 가솔린 모델에 탑재된 2.5 터보, 3.5 터보 엔진은 듀얼 퓨얼 인젝션(Dual Fuel Injection) 시스템, 수냉식 인터쿨러(Water Cooled Type Inter Cooler) 등으로 연비 효율과 응답 성능을 높였다.듀얼 퓨얼 인젝션 시스템은 연료를 연소실 내부에 직접 분사하는 가솔린 직분사(GDi), 연료를 연소실 입구 흡기 포트에 분사하는 다중 분사(MPi)의 장점을 융합해 차량 주행 조건에 따라 최적의 분사 방식을 적용한다.수냉식 인터쿨러는 엔진에 유입되는 공기의 온도를 냉각수를 통해 빠르게 냉각시켜 터보 차저(Turbo Charger)의 응답성을 높여준다. 이로써 향상된 가속감과 함께 다양한 환경 조건에서도 역동적인 성능을 발휘할 수 있도록 돕는다.마지막으로 2.5 터보 엔진에는 냉각수 흐름 및 온도를 제어하는 ‘가변 분리 냉각 시스템’, 3.5 터보 엔진에는 실린더 정중앙 부위에서 연료를 분사해 연소 안전성을 향상시키고 연비를 개선하는 ‘센터 인젝션’ 등이 적용됐다.가솔린 모델의 판매 가격은 ▷2.5 터보 6037만원 ▷3.5 터보 6587만원부터 시작된다.제네시스 관계자는 “2.5 터보, 3.5 터보 등 가솔린 모델의 추가로 GV80의 엔진 라인업이 완성됐다”며, “앞으로도 제네시스는 다양한 고객의 니즈에 집중해 제네시스만의 차별화된 가치를 전달할 수 있도록 노력할 것”이라고 말했다. - Copyrights ⓒ 헤럴드경제 & heraldbiz.com, 무단 전재 및 재배포 금지 -",/news/news_read.nhn?article_id=0001645658&office_id=016&mode=search&query=기아차&page=1
,"코로나19의 확산으로 한국을 비롯한 전 세계가 몸살을 앓고 있다. 미국과 중국의 1단계 무역 합의로 글로벌 경기가 반짝 회복 기미를 보였지만 예기치 않은 돌발 변수로 전 세계 기업들의 주가가 곤두박질치고 중국 경기는 급격히 위축됐다. 지난 2월 28일 세계보건기구(WHO)는 코로나19의 세계적 위험 수준을 ‘매우 높음’으로 상향 조정했다.코로나19로 인한 글로벌 경기 둔화, 특히 중국 수요 감소는 최근 회복세를 보이던 우리 수출에 큰 충격을 주고 있다. 세계 경제에서 중국의 위상이 높아진 데다 우리 수출입의 4분의 1을 중국이 차지하고 있기 때문에 중국 경제의 위축은 수출에 직격타가 될 수 있다. 2월 들어 수출은 반도체 업황 개선 등에 힘입어 15개월 만에 플러스로 전환됐으나 중국 수출은 중국 현지 공장 휴무 기간 연장, 물류 차질 등으로 6.6% 감소했다.코로나19 영향이 장기화되면 중국뿐만 아니라 전 세계적인 위축으로 수출이 다시 마이너스로 돌아설 수도 있다.글로벌 밸류체인(GVC)으로 촘촘히 연결된 세계 경제에 미치는 영향도 적지 않을 것이다. 중국은 세계의 많은 국가에 원부자재를 공급하는 동시에 자동차, 스마트폰 등 하이테크 제품의 생산기지이기도 하다. 중국 공장의 가동이 멈추면 글로벌 공급망을 통한 피해도 클 수밖에 없다. 우리 기업들은 이미 중국에 자동차, 반도체, 디스플레이 등 주요 산업의 생산기지를 구축해 놨다. 현대·기아차의 중국 생산능력은 211만대로 전체 자동차 생산 대수의 4분의 1을 차지하며 디스플레이 생산의 22%, 반도체의 18%가 중국에 집중돼 있다. 이번에 국내 자동차 공장의 가동 중단을 초래한 와이어링 하니스뿐만 아니라 중국 수입의존도가 80%가 넘는 다른 원부자재도 앞으로 공급 절벽에 부닥칠 가능성이 있다.이러한 가운데 중국 정부는 코로나19의 종식을 최우선 과제로 선언하면서 적극적인 경기 부양을 위해 전력을 다하는 모습이다.중국이 우한시를 봉쇄한 지 한 달이 지나면서 후베이성 이외 지역의 신규 감염자 수가 감소하고 있다고 한다. 그렇다고는 해도 경제활동이 정상화되기까지는 다소 시간이 소요될 것이다. 2003년 사스의 경우 2~3월에 감염이 확산됐지만 WHO는 7월에 들어서야 종식을 선언했다. 신종 코로나 바이러스의 강한 감염력과 최근의 확산 범위와 추세 등을 고려한다면 상반기까지는 영향을 미칠 것으로 보인다.코로나19에 직면한 우리 기업은 무엇을 해야 할까?첫째 그동안의 경영전략을 재점검하고 새로운 기회를 모색해야 한다. 세계적인 경기 부양책의 효과로 2분기 이후 소비 수요가 반등할 것에 대비해야 한다. 특히 소비자들의 온라인 구매 확대, 중국인들의 건강과 위생에 대한 관심도가 높아지는 상황을 고려해 사전에 마케팅과 판로를 마련할 필요가 있다. 2003년 사스 때도 중국 경제는 내구재와 준내구재 소비를 중심으로 V자 반등에 성공했다.둘째 중국에 대한 수출입 비중이 높은 기업들은 생산과 구매 네트워크, 시장 진출전략을 재점검하고 수출시장 포트폴리오를 다변화해야 한다. 이제는 해외 투자 시 생산비용 절감이나 시장 확보 측면뿐만 아니라 전염병, 수출규제, 보호무역 등 다양한 요인을 고려한 글로벌 공급망의 다변화 전략이 요구된다.마지막으로 규제 개선, 법인세 인하, 연구개발 지원 등 국내 기업환경 개선을 통해 부품·소재와 부가가치가 높고 기술 혁신 수준이 높은 산업의 국내 생산기반을 강화해야 한다.움츠려만 있기보다 ‘포스트 코로나19’를 준비해야 한다.신승관 한국무역협회 국제무역통상연구원장 - Copyrights ⓒ 헤럴드경제 & heraldbiz.com, 무단 전재 및 재배포 금지 -",/news/news_read.nhn?article_id=0001645864&office_id=016&mode=search&query=기아차&page=1
누적 계약 벌써 2만1000대가솔린 6037만원부터 판매,"현대자동차의 야심작인 럭셔리 SUV인 제네시스 GV80 디젤 모델이 지난달 기준 2만1000대 계약건수를 넘기며 흥행몰이 중이다. 특히 올해 전체 판매량은 2만4000대 돌파가 이달중에 무난히 달성할 것으로 전망된다.GV80의 흥행은 미국서도 불이 붙었다. 미국시장에서 흥행을 이어가고 있는 현대·기아차에 이어 제네시스 GV80은 지난 1월 28일 미국에 첫 선을 보인 후 6000대 이상의 계약을 기록하고 있다.마크 델 로소 제네시스 북미담당 최고경영자(CEO)는 지난 4일 제네시스 미국 법인의 판매량 보도자료를 통해 “GV80으로 사전계약에서 6000대 이상을 주문받았다”며 제네시스 실적 상승을 자신했다.여기에 가솔린 모델까지 출시하며 흥행에 가속도를 붙이고 있다.럭셔리 플래그십 SUV GV80의 가솔린 모델은 9일부터 본격적인 판매에 돌입한다. 제네시스는 GV80 가솔린 모델에 신규 2.5 터보, 3.5 터보 엔진을 최초 적용함에 따라 3.0 디젤 모델과 함께 3가지 엔진 라인업으로 운영한다.제네시스는 GV80 가솔린 모델의 후면부에 전면부 크레스트 그릴 형상과 디자인 통일감을 준 범퍼 일체형 듀얼 머플러를 적용해 섬세한 고급감을 표현해냈다.2.5 터보 모델은 최고 출력 304마력(PS), 최대토크 43.0kgf·m 등 역동적인 동력 성능을 갖췄으며 복합 연비는 9.7km/ℓ 다. 3.5 터보 모델은 최고 출력 380마력(PS), 최대토크 54.0kgf·m 등 동급 최고 수준의 동력 성능을 갖췄으며 복합 연비는 8.6km/ℓ 다.특히 GV80 가솔린 모델에 탑재된 2.5 터보, 3.5 터보 엔진은 듀얼 퓨얼 인젝션(Dual Fuel Injection) 시스템, 수냉식 인터쿨러(Water Cooled Type Inter Cooler) 등으로 연비 효율과 응답 성능을 높였다.듀얼 퓨얼 인젝션 시스템은 연료를 연소실 내부에 직접 분사하는 가솔린 직분사(GDi), 연료를 연소실 입구 흡기 포트에 분사하는 다중 분사(MPi)의 장점을 융합해 차량 주행 조건에 따라 최적의 분사 방식을 적용한다.수냉식 인터쿨러는 엔진에 유입되는 공기의 온도를 냉각수를 통해 빠르게 냉각시켜 터보 차저(Turbo Charger)의 응답성을 높여준다. 이로써 향상된 가속감과 함께 다양한 환경 조건에서도 역동적인 성능을 발휘할 수 있도록 돕는다.마지막으로 2.5 터보 엔진에는 냉각수 흐름 및 온도를 제어하는 ‘가변 분리 냉각 시스템’, 3.5 터보 엔진에는 실린더 정중앙 부위에서 연료를 분사해 연소 안전성을 향상시키고 연비를 개선하는 ‘센터 인젝션’ 등이 적용됐다.가솔린 모델의 판매 가격은 ▷2.5 터보 6037만원 ▷3.5 터보 6587만원부터 시작된다.제네시스 관계자는 “2.5 터보, 3.5 터보 등 가솔린 모델의 추가로 GV80의 엔진 라인업이 완성됐다”며, “앞으로도 제네시스는 다양한 고객의 니즈에 집중해 제네시스만의 차별화된 가치를 전달할 수 있도록 노력할 것”이라고 말했다. 이정환 기자 - Copyrights ⓒ 헤럴드경제 & heraldbiz.com, 무단 전재 및 재배포 금지 -",/news/news_read.nhn?article_id=0001645886&office_id=016&mode=search&query=기아차&page=1
,"SK텔레콤이 신종 코로나바이러스 감염증(코로나19) 확산을 계기로 재택근무 고도화를 추진한다. 앞서 SK텔레콤을 필두로 많은 대기업이 재택근무제를 도입·시행하고 있는 만큼, 이동통신업계를 시작으로 다른 업계에서도 재택근무제가 정착될 수 있을지 관심이 쏠린다. 일각에서는 기업들이 어려움을 겪고 있는 가운데 재택근무제 확산이 인력 감축으로 이어질 수도 있다는 우려도 나온다. 9일 SK텔레콤 고위 관계자는 “앞서 구성원들 대상으로 재택근무에 대한 장·단점 등을 설문했고, 설문 결과를 바탕으로 마련된 재택근무 고도화 개선안이 오늘 박정호 SK텔레콤 사장에 보고될 것”이라고 말했다. 앞서 SK텔레콤은 지난 2주 간의 재택근무 경험을 토대로 재택근무 시스템 및 인프라, 일하는 방식·문화 등에 관한 내용의 설문을 진행했다. 설문 결과 ‘재택근무가 평소와 유사하거나 더 효율적’이라는 응답 비율이 66%로 나타났다. ‘다소 불편하지만 감내할 수 있는 수준’(31%)까지 더하면 구성원의 97%가 재택근무에 긍정적인 입장을 나타냈다. SK텔레콤은 데스크톱가상화(VDI) 클라우드 PC, 자사 T전화, 마이크로소프트(MS) 팀즈 등으로 업무에 지장 없이 재택근무를 할 수 있는 인프라를 구축한 상태다. SK텔레콤이 올해부터 실시하고 있는 월 1회 주4일 근무제인 ‘해피 프라이데이’처럼 재택근무제도 코로나19 사태가 진정된 후에도 하나의 근무 형태로 자리잡을 가능성이 커 보인다. SK텔레콤 관계자는 “코로나19 사태가 진정된 후에도 어떤 방식으로든 재택근무제를 기업 문화에 녹일 것”이라고 했다.코로나19 확산세가 다소 진정되는 모습이지만, 이통업계를 비롯해 많은 대기업은 재택근무제를 연장 적용하고 있다. KT와 네이버는 당초 지난 6일까지였던 재택근무 기간을 오는 13일까지 1주일 연장했고, 현대·기아차도 서울·경기 지역 사무직 직원들의 재택근무를 1주일 연장했다. 법적으로 보장된 유연근로제 가운데 하나인 재택근무가 보편적인 근로 형태로 정착할 것이란 전망도 나온다. 현대·기아차에 따르면 직원들은 재택근무를 통해서도 충분히 업무 성과를 발휘할 수 있다는 입장으로 향후 일하는 방식에 많은 변화가 생길 것으로 기대하고 있다. 일각에서는 코로나19 확산으로 업계를 막론하고 어려움을 겪고 있는 가운데, 재택근무 확산이 인력 감축 등의 기업 구조조정으로 이어질 수도 있다는 우려도 나온다. 과거 기업들이 어려움을 겪을 때마다 재택근무와 무급휴가 등을 구조조정의 일환으로 도입해왔기 때문이다. 성태윤 연세대 경제학과 교수는 “재택근무 등으로 근무 형태를 조정하면서 잉여 형태의 인력에 대한 발견이 이뤄질 수 있다”며 “기업들의 경영 환경이 악화되고 있는 가운데 재택근무 등 이슈가 맞물리면서 인력 정리의 수요가 높아지는 계기가 될 수 있다”고 말했다.이승주·김성훈·이은지 기자 sj@munhwa.com[Copyrightⓒmunhwa.com '대한민국 오후를 여는 유일석간 문화일보' 무단 전재 및 재배포 금지()]",/news/news_read.nhn?article_id=0002420025&office_id=021&mode=search&query=기아차&page=1
,"코로나19 확산으로 삼성, SK, 현대 기아차 등 대기업을 포함해 대다수 기업과 공공기관의 채용이 줄줄이 지연되면서 화상면접이 대면면접의 대안으로 떠오르고 있다. 제주도 고용센터는 다음달부터 기업과 화상면접 참여자의 사전신청을 받아 화상면접관을 상시 운영한다고 밝혔다.오프라인으로 진행하던 대면면접을 사람간 접촉을 최소화하기 위해 온라인으로 대체하려는 움직임이 일어나고 있는 것이다. 코로나19의 여파로 조금 빠르게 시작된 변화이지만, 시간과 공간의 범위가 확장되고 있는 현대사회의 흐름상 비대면 면접은 점차 확대될 것으로 보인다. 그렇다면 화상면접이 대면면접의 역할을 과연 대체할 수 있을까? 대면면접을 진행하지 않는 기업은 그 어디에도 없다. 그만큼 인재선발에 있어 면접은 매우 중요한 전형이라는 의미다. 그러나 아이러니하게도 대면면접 가이드라인이 명확히 설계되어 있는 기업은 거의 없다고 해도 과언이 아니다. 가장 중요한 전형을 몇몇 면접관의 촉과 감에 맡기고 있는 것이 현실이다. 영국의 심리학자 피터웨이슨은 사람은 보고싶은 것만 보고 듣고싶은 것만 들으며 믿고싶은 것만 믿는다는 특성을 발견하고 ‘확증편향’이라는 이름을 붙였다. 대면면접은 어쩌면 사람의 편견과 편향으로 내린 어리석은 결과로 인해, 한 인간의 운명이 결론나는 무서운 형벌의 시간일지도 모르겠다.  한 사람과 한 기업의 미래를 몇몇 사람의 과거 기억과 경험에 맡겨버리는 것이 과연 최선의 선발일까? HR전문기업 마이다스아이티 계열 마이다스인 연구결과에 따르면, 면접관의 수가 많아질수록 면접 결과의 일관성도 높아지는 것으로 나타났다. 보다 많은 면접관의 의견이 채용결과에 반영될수록, 편견과 편향의 크기가 줄어든다는 것을 의미한다. 마이다스인 김상훈 수석연구원은 “내부실험 결과 안정감, 자신감, 표현능력, 대면적인 신뢰도 등 대부분의 역량이 면접관이 2명일 때 보다 4명일 때, 최소 1.5배에서 최대 2.5배로 일관성 지수가 높아졌다”고 밝혔다. 프랭크슈미트와 존헌터의 1998년도 연구결과에 따르면, 직무성과 평가 회귀 분석에서 면접관에 대한 교육의 유무가 24%의 타당도 차이를 나타내는 것으로 밝혀졌다. 즉, 면접관을 사전에 교육함으로써, 면접관의 심리적 오류를 줄여 지원자에 대한 불합리한 평가를 줄일 수 있다는 것이다. 면접관 교육의 핵심은 바로 합리적인 채용평가 기준의 유무에 달려있다. 즉, 대면면접에서 중요한 것은 책임자 두 세명의 개인적 의견이 아니라, 객관적인 평가지표와 함께 보다 많은 사람들의 의견이 반영된 결과분석 데이터이다.기업을 성장시키기 위해 우수한 인재를 채용하고자 하는 인사담당자라면, 단순히 대면면접을 화상면접의 형태로 바꾸는 것에 그치지 않고, 대면면접의 질과 양을 동시에 높일 수 있는 방안을 찾을 때다. 앞으로 화상면접 채용의 성패는 오프라인 면접을 온라인 면접으로 대체했느냐가 아니라, 빅데이터를 기반으로 지원자의 성과역량을 객관적인 평가지표로 확인했느냐가 될 것이다. ©경향신문(www.khan.co.kr), 무단전재 및 재배포 금지",/news/news_read.nhn?article_id=0002996602&office_id=032&mode=search&query=기아차&page=1
,"[머니투데이 반준환 기자] 코로나19(COVID-19) 여파가 실물경기에 미치는 영향이 확대되고 있다. 특히 조업 정상화가 늦어지면서 중국과 한국에 생산기지를 지니고 있는 기업들의 활동에 제약이 커졌는데 특히 조선과 자동차 등 중공업 업종의 생산·수주지연과 취소가 잇따르고 있어 우려된다. 9일 증권업계에 따르면 최근 중국과 한국의 조선사들은 수주한 선박 건조가 쉽지 않다고 보고 선주들과 납품기한 연장 등을 논의하는 상황이다. 중국 양지장조선은 올해 20척의 선박을 건조한다는 목표인데 현재 인력의 20~30% 가량만 복귀한 것으로 전해졌다. 최광식 하이투자증권 연구원은 ""양지장조선이 건조목표 달성을 위해서는 3월 말까지 최소 80%의 인력이 복귀해야 하는 것으로 안다""며 ""선주들이 시운전이나 명명식에 참석할 수 없어 인도와 잔금 수령에 문제가 발생할 수 있다""고 말했다. 이어 ""한국과 중국으로의 코로나19 확산으로 엔진 등 주요 자재 공급차질도 걱정되는 상황""이라며 ""삼성중공업도 선주사에 불가항력을 통보한 것으로 확인됐다""고 덧붙였다.
삼성중공업의 경우 중국공장의 생산 차질과 관련해 발주처에서는 증빙서류를 요구한 것으로 전해졌다. 일반적인 회의와 미팅은 화상통화로 대체되고 있으나 디테일한 논의가 이뤄져야 하는 기술협의는 대면회의가 필수적이라 어려움이 크다는 지적이다. 여기에 국제유가가 급락한 것도 단기적으로 부담이 되고 있다. 현지시간 6일 뉴욕상업거래소(NYMEX)에서 4월 인도분 서부 텍사스산 원유(WTI)는 배럴당 10.1% 급락한 41.28달러에 거래를 마쳤다. 2016년 8월 이후 최저치다. OPEC+(OPEC 회원국과 비OPEC 산유국 연합체) 등 산유국들이 코로나19에 따른 원유시장 침체에 대응하기 위해 5일(현지 시각) 추가감산을 논의했지만 합의에 실패한 결과다. 이에 따라 한국 조선업계의 비중이 높은 LNG선의 수요도 줄어들 가능성이 있다. 자동차 산업은 가장 큰 타격을 입고 있는 분야다. 2월 중국의 자동차 판매는 전년 동기대비 80% 하락한 것으로 추정된다. 전기차를 비롯한 친환경차 판매도 대폭 감소했을 것으로 전망된다. 현대·기아차 국내공장도 1~2월 부품부족 및 방역문제로 가동을 멈추는 등 상황이 좋지 못하다. 정용진 신한금융투자 연구원은 ""최근 중국 기업들의 생산이 평소의 70% 선까지 회복했고 점차 소비도 늘어나는 중""이라며 ""확진자 증가가 주춤해진 점이 주효했고 2분기부터는 상황이 크게 회복될 것으로 보이지만 1분기 실적에 대한 눈높이는 낮춰야한다""고 설명했다. 항공사들도 문제가 심각하다. 지난달 인천공항의 국제 여객 수송객수 증가율은 전년 동기대비 41.5% 감소했다. 중국 여객 감소폭이 74.4%에 달했고 동남아와 일본도 각각 34.2%, 51.6% 줄었다. 그나마 국제화물 수송량 증가율이 20.2%로 크게 개선된 것이 위안거리다. 이는 항공산업 전반에 부담이 되는데 특히 경남 사천지역에 집중된 국내 항공기 부품업체들의 수주가 크게 감소할 가능성이 있다는 지적이다. 항공 부품업체들은 지난해 보잉 항공기 추락사고로 인해 기존 수주물량이 크게 줄어드는 등 어려움이 컸다. 반준환 기자 abcd@
<저작권자 ⓒ '돈이 보이는 리얼타임 뉴스' 머니투데이, 무단전재 및 재배포 금지>",/news/news_read.nhn?article_id=0004372265&office_id=008&mode=search&query=기아차&page=1
"플로리다연금, 정의선 현대모비스 이사 선임 등 7곳 '반대'美 캘퍼스도 메리츠금융·증권·DB손보 등 3곳에 반대 행사","[서울=뉴시스] 류병화 기자 = 플로리다연금(SBAFlorida), 미국 캘리포니아 공무원연금(calPERS·캘퍼스) 등 해외 연기금이 국내 상장사를 대상으로 반대 의결권 행사에 돌입했다.9일 기업지배구조원(KCGS) 의결권정보광장에 따르면 플로리다연금은 삼성전자, 현대모비스 등 국내 상장사 18곳의 주주총회 안건에 반대 의결권을 행사한다고 공시했다.플로리다연금은 정의선 현대차그룹 수석부회장의 사내이사 선임안에 대해 ""이사가 3명 이상의 이사회에서 활동할 경우 반대표를 던진다""며 반대 의사를 표했다. 정 수석부회장은 현대모비스와 함께 현대차, 기아차의 사내이사직을 수행하고 있다.또 삼성SDI가 올린 전영현 대표이사의 사내이사 재선임안에 반대 의사를 표했다. 연금은 지명위원회의 독립성 기준을 충족하지 못했다고 지적했다.온타리오교직원연금 또한 ""회사의 최고경영자(CEO)가 지명위원회를 주재해 회사의 감독과 관련한 이해 상충이 발생할 수 있다""며 ""결과적으로 지명위원회 위원장을 맡게되므로 이 이사를 지지 할 수 없다""며 반대 의사를 냈다.플로리다연금과 온타리오연금은 사외이사후보추천위원회(사추위)에 전영현 대표이사가 위원장으로 들어가 있는 것을 두고 독립성 문제를 지적한 것으로 보인다. 삼성SDI 관계자는 ""국내 상법상 사추위에 사외이사를 절반 이상 채우면 되지만 외국의 경우 사추위가 100% 사외이사로만 구성되는 경우도 있어 국내 법보다 엄격한 잣대로 반대 의견을 낸 것""이라며 ""국내에서는 사추위에 사내이사들이 포함된 경우가 많다""고 설명했다.외국인 투자자들이 사외이사와 관련한 국내 현실을 잘 이해하지 못하고 있다는 것이다.
이외에도 샘표의 박진선 대표, 오충열 상무의 사내이사 선임안에 반대표를 던졌다. 또 삼성생명이 올린 유호석 부사장(경영지원실장)의 사내이사 선임 안건도 반대했다.아울러 플로리다연금은 삼성그룹 계열사가 최고재무책임자(CFO) 자리를 겸직하고 있는 경우 사내이사 선임안에 반대했다.삼성전자의 최윤호 사장(경영지원실장·CFO)의 사내이사 선임 안건에 반대 의결권을 행사했다. 최 사장의 최고재무책임자(CFO) 겸직 사유를 들어 안건에 반대했다. 연금은 삼성에스디에스가 결의한 안정태 부사장의 사내이사 선임안을 CFO 겸직 이유로 반대했다. 또 감사위원회 독립성 부족, 후보추천위원회의 독립 요건 불충분 등을 이유로 유재만 법무법인 광장 변호사의 사외이사, 감사위원 선임안을 반대했다.또 삼성생명, 현대차증권, 삼성에스디에스, 현대모비스, 아주캐피탈, 삼호, 한미반도체 등 15곳의 재무제표 승인 안건에 감사를 받지 않은 재무제표(Unaudited financial statements)를 이유로 반대했다.사유를 공시하지 않은 캘퍼스는 메리츠금융지주, 메리츠종금증권, DB손해보험 등 3곳의 금융사 주총 안건에 반대 의견을 냈다.특히 메리츠증권의 정관 일부 변경 안건에 대해 플로리다연금과 함께 반대 의견을 냈으며 메리츠금융지주 김용범 대표이사의 사내이사 선임안, DB손해보험 김영만 부사장의 사내이사 선임안에 반대 의사를 표명했다.기업지배구조원 관계자는 ""해외 연기금은 복수의 이사직을 수행하고 있거나 취득할 수 있는 정보가 불충분하다고 판단할 시 반대 의견을 내고 있다""며 ""국내 주주들과 크게 다른 의견을 갖고 있진 않은 것으로 알고 있다""고 설명했다.해외 연기금들은 이들 상장사에 들고 있는 지분이 크지 않아 직접적인 영향력은 작겠으나 사전 공시를 통해 다른 연기금, 주주들에 영향을 줄 것으로 예상된다.황세운 자본시장연구원 연구위원은 ""해외 기관투자자의 사전 공시는 추후 다른 국내 연기금이나 주주들의 참고 자료가 될 것""이라며 ""절대적으로 따르는 의견이라고 보긴 어려우며 국내 연기금, 주주는 우리 시장과 기업의 환경 등을 감안해 의결권을 행사할 것으로 본다""고 전망했다. hwahwa@newsis.com<ⓒ 공감언론 뉴시스통신사. 무단전재-재배포 금지>",/news/news_read.nhn?article_id=0009746431&office_id=003&mode=search&query=기아차&page=1
