head,text,url
,"코로나 사태를 가장 먼저 겪은 중국은 지난 2월 자동차 판매가 80% 급감했다가 최근 '보복 소비'로 회복세를 보이고 있다. 지난 3월 -42%로 감소 폭이 줄어든 데 이어, 4월에는 1~25일 판매량(3만5300대)이 전년 동기 대비 1.6% 감소한 수준까지 회복됐다. 미국·유럽에서도 코로나 사태가 진정세에 접어들고 영업 제한 등 조치가 풀리면 소비가 어느 정도 회복될 것으로 보인다. 하지만 이 같은 회복세가 지속될 것으로 보는 전망은 많지 않다. 글로벌 조사 기관 IHS마킷은 올해 전 세계 자동차 판매가 전년 대비 22% 감소한 7000만대 수준에 그칠 것으로 예상했다. 8000만대 수준까지는 차츰차츰 회복된다 해도 9000만대 이상 팔리던 과거(2015~2019년)의 전성기는 당분간 맞이할 수 없을 것으로 내다봤다. 코로나 이전보다 10% 안팎의 수요가 증발한 '90% 이코노미'에 갇히는 것이다.감소 폭 10%는 '규모의 경제'로 이익을 내는 자동차 기업에는 치명적이다. 한국 완성차 업체 역시 '-10%'의 타격을 고스란히 받을 수밖에 없다. 현대·기아차는 전 세계에서 940만대의 생산 능력을 갖추고 있다. 그러나 실제 판매량은 2014~2015년 800만대로 정점을 찍고, 지난해에는 720만대까지 떨어졌다. 이미 시설 과잉으로 평균 공장 가동률이 77%까지 떨어져 있는데, 여기에 10%가 더 감소하면 연 650만대, 가동률 69% 수준으로 내려앉는다. 단순 계산으로 연산(年産) 30만대 규모 공장 31개 중 10개가 일감 없이 놀게 되는 셈이다.[류정 기자 well@chosun.com] 		▶
		▶ 		▶
	- Copyrights ⓒ 조선일보 & chosun.com, 무단 전재 및 재배포 금지 -",/news/news_read.nhn?article_id=0003529684&office_id=023&mode=search&query=기아차&page=1
,"[머니투데이 세종=민동훈 기자, 김훈남 기자, 권혜민 기자] [편집자주] 포스트 코로나(Post Covid-19) 시대 달라진 글로벌 경제 환경에 대응하기 위한 산업정책은 ‘제조업 리쇼어링’에 방점이 찍혀야 한다. 코로나19 확산으로 주요 무역·투자 상대국의 국경봉쇄가 잇따르면서 우리 기업이 고전하고 있다. 소비시장과 저임금 인력을 찾아 해외로 나간 기업들의 취약점이 그대로 노출된 것이다. 제조업 생태계는 대기업과 그 협력업체를 중심으로 짜인다. 대기업을 돌아오게 하는 과감한 정책전환과 사회적 문화적 인식 개선이 필요하다.[[컴백, '메이드 인 코리아'-②시장보다 밸류체인]] 전 세계가 한국의 코로나19(COVID-19) 방역에 놀라움을 나타내고 있다.
투명한 정보공개, 세계 최고수준의 시민의식은 포스트 코로나 시대 '뉴 노멀'(새로운 표준)이다. 가장 안전한 '글로벌 생산거점'이라는 평가가 지나치지 않다.포스트 코로나 시대에서 안전하고 지속 가능한 생산 환경은 기업활동의 필수요소가 됐다. 문재인 대통령은 지난달 28일 국무회의에서 ""한국은 가장 안전한 생산기지가 되고 있다""고 말했다. 코로나19 속에서 성공적인 방역을 앞세워 제조업 중단 사태를 막았다는 자신감의 표현이다.문 대통령의 말처럼 'K-방역' 효과는 제조업을 중심으로 나온다.
코로나19 이후 경기반등세에 기회를 잡기 위한 체력전이 시작된 이후 정부와 업계가 국내 유턴을 강조하는 이유도 여기에 있다.완성차 업계 공장가동률을 살펴보면 한국과 해외의 차이가 확실하다. 지난달 16일 기준 GM과 다임러(벤츠), 폭스바겐 등 글로벌 주요 완성차 업체들의 공장 중단율은 80%를 넘어섰다. GM이 89.5%, 다임러가 88.9%, 폭스바겐이 60% 수준이다. GM은 8개국에 있는 38개 공장 중에서 34개의 문을 닫았다. 다임러는 27개 중 24개, 폭스바겐은 26개 중 16개가 조업을 중단했다. 공장들이 8~10개국에 흩어진 결과다.반면 국내에 공장 6개를 운영하는 현대·기아차의 중단율은 35.3%에 그쳤다. GM과 르노의 생산시설을 포함해 한국 내 기지들은 코로나19 이후 부품 수급 등으로 일시적인 중단을 하기도 했지만 코로나19와 관련해 생산인력이 모자라 가동을 멈춰 세운 적은 없다.코로나19 이후 벌어질 글로벌 가치사슬 재편 과정서 한국이 중심에 설 수 있는 여건은 충분히 갖춰졌다. 정부도 위기를 기회로 바꾸겠다는 의지를 다지고 있다. 전문가들은 기획과 R&D(연구개발) 같은 핵심 공정과 IT(정보기술) 등 첨단기술 중심의 고부가가치 산업을 국내로 끌어들여야 한다고 조언한다. 강내영 무역협회 국제무역통상연구원 수석연구원은 ""일본과의 무역분쟁은 핵심부품(소재) 자급률 상승시 외부리스크에서 자유로울 수 있다는 점을 보여줬다""며 ""고부가가치 산업, 핵심부품 기업의 유턴 지원으로 일자리와 내수활성화 등 부가가치를 창출해야 한다""고 조언했다.'칠레, 싱가포르, EFTA(노르웨이, 스위스, 아이슬란드, 리히텐슈타인), ASEAN(동남아시아국가연합), 인도, EU(유럽연합), 페루, 미국, 터키, 호주, 캐나다, 중국, 뉴질랜드, 베트남, 콜롬비아, 중미 5개국(파나마·코스타리카·온두라스·엘살바도르·니카라과), 영국, 이스라엘, 인도네시아.'한국과 FTA(자유무역협정)를 맺은 국가들이다. 2004년 1만8252㎞ 떨어진 지구 반대편 나라 칠레를 시작으로 16년간 발효한 FTA가 16건이고, 최종 타결돼 발효를 기다리는 협정도 3건이다. 이에 따라 한국의 경제영토는 59개국으로 넓어졌다.이들의 비중은 전세계 국내총생산(GDP)의 77%가 넘는다. 정부는 현재 협상 중인 RCEP(역내포괄적경제동반자협정)과 말레이시아·필리핀·한중일 FTA 등을 포함해 2022년까지 전세계 GDP의 90%를 차지하는 70여개국과 FTA 타결을 목표로 하고 있다.탄탄한 글로벌 FTA 망(網)은 해외 시장에서 '메이드 인 코리아(Made in Korea)' 제품의 경쟁력을 높인다. 관세·비관세 등 무역장벽을 낮춰줘 시장 접근성을 높이기 때문이다. 수출로 먹고 사는 국가 한국이 FTA 지도를 확장하는 데 매달린 것도 그래서다. 이제는 명실상부한 'FTA 강국'이 됐다.이는 해외로 나간 기업을 국내로 다시 불러들일 훌륭한 명분이기도 하다. FTA 체결국 간에는 특혜관세 적용은 물론 걸림돌이었던 각종 비관세장벽도 완화·해소돼서다. 무역장벽을 피해 현지시장에 진출한 기업이라면 굳이 공장을 해외에 둘 이유가 없다.한국이 FTA 모범국으로서 미국, EU 등 선진시장과 FTA를 체결한 손꼽히는 국가라는 점도 중요하다. 사실상 이들 시장을 내수시장처럼 활용할 수 있기 때문이다. 예컨대 미국, EU와 FTA를 맺지 않은 중국에서 생산한 제품은 해당국으로 수출할 때 WTO(세계무역기구) 회원국에 적용하는 최혜국대우(MFN) 관세를 물어야 한다.하지만 한국산 제품은 한·미 FTA와 한·EU FTA를 적용 받아 더 낮은 FTA 특혜관세를 적용받는다. 산업연구원에 따르면 EU, 미국, 중국, 베트남 4대 FTA를 통해 제조업 양허품목에서 연간 28억7000만달러(3조5000억원)의 수출 관세 절감 효과가 발생한 것으로 추정된다.실제 대한무역투자진흥공사(코트라) 조사에 따르면 해외 진출기업은 국내복귀를 고려하는 주된 요인으로 해외 현지 인건비 상승 등 경영환경 악화(87.8%)와 더불어 한국의 FTA 네트워크 및 브랜드 효과(53.6%)를 꼽았다. 한국에서 '메이드 인 코리아'를 달고 생산할 경우, FTA 관세 혜택은 물론 '메이드 인 차이나'보다 상대적으로 높은 브랜드 가치도 누릴 수 있다는 의미다.특히 국내 기업의 핵심 투자지였던 중국이 미중 통상분쟁에다 코로나19(COVID-19)발 셧다운(생산중단) 사태로 '세계의 공장'으로서의 메리트를 잃어가는 상황에서 기업들의 국내 유턴 수요는 늘어날 전망이다. 단순히 FTA 네트워크만 보고 국내 복귀를 선택하긴 사실상 어려운 만큼 이를 정책적으로 유도하기 위해 인센티브를 강화하고, 장기적으로 국내 기업환경을 개선해야 한다는 지적이다.정인교 인하대 국제통상학과 교수는 ""기업 입장에서 한국의 우수한 FTA 네트워크는 관세 혜택을 볼 수 있다는 점에서 이점""이라면서도 ""실제 유턴까지 유도하려면 국내 세금이나 노동비용 등 기업환경을 잘 갖추는 것이 더 중요하다""고 말했다.세종=민동훈 기자 mdh5246@mt.co.kr, 김훈남 기자 hoo13@mt.co.kr, 권혜민 기자 aevin54@mt.co.kr
<저작권자 ⓒ '돈이 보이는 리얼타임 뉴스' 머니투데이, 무단전재 및 재배포 금지>",/news/news_read.nhn?article_id=0004405949&office_id=008&mode=search&query=기아차&page=1
,"신종 코로나바이러스 감염증(코로나19) 여파가 시가총액 톱20 순위를 흔들었다. 포스코는 톱10 밖으로 나간 반면 카카오와 엔씨소프트는 20위권 안으로 진입했다.언택트(비대면) 시대가 중심이 되면서 네이버, 카카오, SK텔레콤, 엔씨소프트 등 IT 기업들이 몸값을 올렸다. 이에 비해 제조업 중심의 현대차, 기아차, 포스코 등은 비중이 줄며 순위가 하락했다.9일 한국거래소에 따르면 1월20일 코로나19 국내 첫 확진자 발생이후 109일이 지난 이달 8일 현재 시총 20위권에는 카카오와 엔씨소프트가 새롭게 진입했다. 기아차는 20위권 밖으로 밀려났다. 1월20일 기준 시총 순위 4위였던 네이버는 5월8일 현재 순위를 그대로 지켰고 카카오는 같은 기간 22위에서 12위로, 엔씨소프트는 23위에서 16위로 각각 상승했다.네이버의 시가 총액은 이 기간 30조원에서 35조원까지 늘었다. 카카오는 14조원에서 18조원으로, 엔씨소프트는 13조원에서 15조원으로 각각 늘었다.네이버와 카카오의 경우 1분기 역대 실적을 달성했다. 네이버는 언택트 주도주로 거론되며 시장 전망치(1942억원) 대비 14% 높고 전년동기대비 7.4% 증가한 2215억원의 영업이익을 달성했다.카카오는 1분기 영업이익 882억원을 기록, 역시 시장 전망치보다 20% 가량 높은 실적을 올렸다. 카카오의 영업이익은 전년동기대비론 219% 증가했다. 커머스를 포함한 톡비즈와 카카오페이 등 신사업, 콘텐츠 부문이 호실적을 이끌었다.현대차, 포스코, 기아차는 순위가 밀렸다. 현대차는 1월20일 6위에서 5월8일 기준 9위에 랭크됐다. 같은 기간 포스코는 11위에서 15위로, 기아차는 19위에서 22위로 각각 내려앉았다.현대차의 시가총액은 이 기간 25조원에서 20조원으로 떨어졌고 포스코는 21조원에서 15조원으로, 기아차는 16조원에서 12조원으로 각각 줄었다.현대차와 기아차 등은 코로나19 확진 이후 글로벌 자동차 판매량 부진이 이어진 영향을 받았다는 분석이다. 현대차의 1분기 영업이익은 전년동기대비 8.1% 줄었다. 포스코 역시 1분기 영업이익이 지난해 1분기보다 41.4% 감소했다.이창영 유안타증권 연구원은 “카카오 등 IT기업들이 코로나에도 고성장한 이유는 언택트를 기반으로 한 사업을 진행하고 있기 때문으로 분석된다”며 “4차산업 변화 트랜드에 맞춘 공통점이 있다”고 설명했다. 이어 “언택트 한 사업모델은 앞으로 더 성장할 수 있는 기회가 될 것”이라고 덧붙였다.송창범 기자
 <저작권자 ⓒ '성공을 꿈꾸는 사람들의 경제 뉴스' 머니S, 무단전재 및 재배포 금지>",/news/news_read.nhn?article_id=0000540286&office_id=417&mode=search&query=기아차&page=1
,"[머니투데이 이건희 기자] 기아자동차의 대표 경승용차 '모닝'이 완전변경(풀체인지)된지 3년 만에 부분변경(페이스리프트) 모델로 돌아온다. 모처럼 등장한 신차가 '연 판매 10만대 벽'이 위태로운 경차 시장에 활력을 불어넣을지 관심이 쏠린다. 9일 자동차 업계에 따르면 기아차는 모닝 부분변경 모델을 오는 12일 출시할 예정이다. 2017년 3세대 모델을 내놓은 이후 3년 만에 부분변경 모델을 공개하는 것이다. 기아차는 지난 5일 모닝 부분변경 모델 출시를 예고하는 티저 영상을 현대차그룹 및 자사 채널에 게재했다. 개그맨 장도연씨가 모닝 광고 모델이 됐다고 알린 이 영상에서 장씨는 신차를 직접 운전하는 모습을 보였다. 기아차는 모닝을 '도심에 최적화한 스마트 모빌리티'라며 ""모닝과 '주차의 신' 장도연이 만났다""고 소개했다. 지난 2월 장씨가 한 예능 프로그램에서 자신의 차량을 주차하는 데 어려움을 겪는 모습을 보인 걸 고려한 것이다. 이처럼 모닝은 SUV(다목적스포츠차량)로 대표되는 차량 대형화 흐름에 맞서 좁은 도심 도로에서 잘 달리는 모습이 부각될 전망이다. 기아차는 모닝의 바뀔 모습과 사양을 아직 구체적으로 공개하지 않았다. 업계에서는 모닝의 전면부가 개선되는 것뿐만 아니라 엔진 및 변속기 변화, 후측방 경보와 같은 편의사양 추가 등이 이뤄질 것으로 예상하고 있다. 모닝과 레이(기아차), 스파크(한국GM)가 주축을 이루는 국내 경차 시장은 2012년 20만대 판매로 정점을 찍은 뒤로 하락세를 벗어나지 못하고 있다. 경차는 2015년 17만3418대가 판매된 이후부터는 줄곧 내리막을 보인 끝에 지난해 11만3708대 팔리는 데 그쳤다. 올해는 10만대 판매도 위태로운 상황이다. 이런 상황에서 모닝의 새 모델이 시장에 활력소가 될지 주목된다. 수요가 줄고 있다지만 신차가 없는 상황에서도 판매가 없었던 건 아니었다. 모닝은 지난해 5만364대를 판매하며 지난해 국산 승용차 판매 순위 톱(TOP)10 안에 들었다. 기아차만 놓고 보면 4번째였다. 올해 1~4월 판매도 1만3499대에 달했다. 모닝이 기존 수요에 더해 판매 힘을 받기 위해선 가격 책정이 중요해질 전망이다. 현재 판매 중인 모닝의 가격대가 소형 SUV에 비해 매력적이지 않다는 지적이 있기 때문이다. 현재 모닝 1.0 가솔린(자동변속기 기준)의 가격대는 1090만~1445만원으로 책정돼 있다. 풀옵션 차량은 1600만원까지 가격이 올라 기아차 소형 SUV 셀토스 1.6 가솔린 터보의 시작가격인 1881만원과 약 300만원밖에 차이가 나지 않는다. 업계 관계자는 ""상대적으로 적은 유지비와 운전이 쉽다는 점 때문에 여전히 운전자들이 경차를 선호하는 경향은 남아 있다""며 ""신차에 매겨질 가격에 따라 소형 SUV와의 경쟁력을 판단할 수 있을 것""이라고 말했다. 이건희 기자 kunheelee@mt.co.kr
<저작권자 ⓒ '돈이 보이는 리얼타임 뉴스' 머니투데이, 무단전재 및 재배포 금지>",/news/news_read.nhn?article_id=0004405980&office_id=008&mode=search&query=기아차&page=1
,"코로나19로 인한 공장 셧다운에 4월 생산·수출 '뚝'

(멕시코시티·상파울루=연합뉴스) 고미혜 김재순 특파원 = 신종 코로나바이러스 감염증(코로나19)에 따른 공장 셧다운으로 멕시코와 브라질의 자동차 생산이 유례없는 수준으로 급감했다.

8일(현지시간) 멕시코 통계청(INEGI)에 따르면 4월 한 달 멕시코에서 생산된 자동차는 모두 3천722대로, 지난해 4월보다 98.8%나 줄었다.

미국 등으로의 수출도 90.2% 줄어 2만8천889대에 그쳤다.

 멕시코엔 기아차를 포함해 제너럴 모터스(GM), 폴크스바겐, 포드, BMW, 도요타 등 세계 주요 완성차 업체들이 생산공장을 두고 있다.

이들 업체는 코로나19 확산을 막기 위해 3월 말부터 4월 초에 걸쳐 가동 중단에 들어갔으며, 이후 멕시코 정부의 비필수 활동 중단 결정에 따라 아직도 공장을 열지 못하고 있다.

 역시 글로벌 자동차업체들의 공장이 모여있는 브라질도 4월 생산량이 전년도보다 99.3% 줄어든 1천847대에 그쳤다.

브라질의 경우 미국 수출 비중이 큰 멕시코에 비해 상대적으로 내수 위주인데, 4월 수출도 79% 줄어 7천200대에 불과했다.

보통 멕시코와 브라질이 함께 월 50만 대 넘는 차를 생산하는데 4월에는 양국을 합쳐 5천500대가량 밖에 만들지 못한 것이다.

 생산 중단이 길어지면서 기업과 노동자들의 타격도 커지고 있다.

최근 자동차 부품업체 야자키가 멕시코 내 직원 5만8천 명의 20%를 감원한다고 밝히는 등 일자리를 잃는 노동자들도 늘고 있다.

 코로나19 충격이 커지자 현지 정부와 자동차 업계는 가동 재개를 타진하고 있다.

 멕시코와 브라질 모두 코로나19 확진자 증가세가 전혀 꺾이지 않고 있지만 가동 중단이 장기화할 경우의 경제 충격을 더 우려한 것이다. 멕시코의 경우 국내 업계뿐만 아니라 공급사슬의 차질을 우려한 미국 업계와 정부의 압박도 받고 있다.

멕시코 자동차 업계는 정부가 격리 조치 종료 시점으로 밝힌 5월 31일 이후나 부분적인 봉쇄 해제 시점으로 정한 5월 17일 이후로 가동 재개 시점을 예측하고 있다.

이날 안드레스 마누엘 로페스 오브라도르 멕시코 대통령은 오는 11일 경제활동 재개 계획을 보고 받은 후 13일이나 14일에 계획을 확정해 발표한다고 밝혔다.

기아차 멕시코 관계자는 ""내주 정부의 발표를 우선 지켜볼 것""이라며 보건당국과 함께 방역 규정 등에 대한 논의를 이어가고 있다고 밝혔다.

폴크스바겐 멕시코는 전날 푸에블라 조립공장과 과나후아토 엔진 공장을 6월 1일부터 가동한다고 밝혔다.

 GM 멕시코의 경우 아직 가동 재개 시점을 확정하진 못했으나, 일부 직원들은 5월 18일부터 출근하라는 공지를 받았다고 AP통신은 전했다.

다른 업체들도 일단 내부적으로 5월 18일 또는 6월 1일에 공장 문을 여는 것을 검토하는 것으로 알려졌다.

브라질의 경우 이미 지난달 중순부터 부분적으로 가동을 재개한 업체들이 있다.

브라질자동차산업연맹(Anfavea)에 따르면 지난달 27일 스카니아와 폴크스바겐이, 지난 4일에는 볼보, 르노, BMW가 부분적으로 가동을 시작했다. 메르세데스-벤츠는 11일부터 부분 가동을 시작할 예정으로 알려졌다.

현대차 브라질의 경우 오는 27일부터 조업에 들어간다고 밝힌 바 있다.

mihye@yna.co.kr",/news/news_read.nhn?article_id=0011597357&office_id=001&mode=search&query=기아차&page=1
4월까지 누적 판매대수 4만8500대2월 제외하고 매달 1만대 판매 지속가솔린 2.5 주력…낮은 가격대 장점2위 K5와 격차 커져…인기 고공행진,"[헤럴드경제 정찬수 기자] 신종 코로나바이러스 감염증(코로나19) 확산으로 전 세계 자동차 수요가 급감한 가운데 현대자동차 ‘더 뉴 그랜저’가 5만대 판매고를 올리며 ‘국민차’로 거듭났다.9일 자동차 업계에 따르면 그랜저는 올 1월부터 4월까지 국내에서 총 4만8500대가 판매됐다. 상용차 포터(3만2099)대를 제외하면 3위에 오른 기아차 K5(2만8543대)의 두 배에 달하는 규모다.지난해 12월 9303대에서 올해 1월 1만301대가 신차 등록된 데 이어 2월을 제외하고 매월 1만대 이상을 기록 중이다. 카이즈유 데이터 연구소가 집계한 4월 신차 등록 대수에서 그랜저는 전월에 이어 또다시 1만대 기록을 수립하며 총 1만4283대가 등록된 것으로 나타났다.K5의 신차 등록 대수가 주춤한 것을 고려하면 격차는 더 벌어질 것으로 예상된다. 지난 2월 5334대가 등록된 K5도 3월 7417대와 4월 7759대로 증가세지만, 그랜저의 판매량을 한참 밑돈다.그랜저의 주력 모델은 가솔린 2.5다. 전체 판매 비중의 절반을 차지한다. 하이브리드가 뒤를 잇고 있지만, 가격적인 측면에서 가솔린 2.5 모델이 전체 판매량을 주도하고 있다.그랜저의 명맥도 이어지고 있다. 그랜저는 지난 2017년부터 2019년까지 3년 연속 베스트셀링카에 이름을 올린 모델이다. 연간 판매량도 10만대에 달한다.‘더 뉴 그랜저’는 부분변경모델임에도 완전변경에 가까운 상품성이 장점이다. 기존보다 휠베이스가 40㎜ 늘어나 넓은 실내공간을 갖췄으며, 3000만원 초반부터 구성된 가격대도 높은 판매고의 이유로 꼽힌다.소유 연령대가 폭넓다는 점도 눈에 띈다. 카이즈유 데이터 연구소가 분석한 연령별 등록 현황을 살펴보면 40대에서 60대가 전체의 83.6%를 차지할 정도로 소비자 연령대가 다양한 것으로 나타났다.업계 한 관계자는 “다양한 가격대와 풍부한 편의장치를 갖춘 구성으로 그랜저의 인기는 쉽게 꺾이지 않을 것”이라며 “높은 상품 경쟁력으로 올해 10만대 판매 목표를 달성하는 것도 어렵지 않을 전망”이라고 말했다.
- Copyrights ⓒ 헤럴드경제 & heraldbiz.com, 무단 전재 및 재배포 금지 -",/news/news_read.nhn?article_id=0001671226&office_id=016&mode=search&query=기아차&page=1
,"현대ㆍ기아차가 세계 3대 국제광고제로 꼽히는 ‘2020 뉴욕페스티벌’에서 본상 5개를 수상했다고 8일 밝혔다.현대차 미국판매법인이 제작한 ‘스마트 파크' TV 광고는 촬영 기술 부문 ‘최고의 유머 감각’과 ‘배우 섭외’에서 각각 금상을, ‘대본과 광고 문안’에서 은상을 수상했다. 또 현대차 디지털 광고 ‘리어 뷰 모니터’와 기아차 독일판매법인의 지면 광고 ‘그래니스’는 영상과 인쇄 부문에서 각각 동상을 받았다. 스마트 파크는 60초짜리 TV 광고로 2월 미국 프로미식축구(NFL) 챔피언 결정전인 슈퍼볼 중계 중에 방영됐다. 미국 보스턴 출신 크리스 에반스, 존 크래신스키, 레이첼 드래치와 보스턴 레드삭스 출신의 데이비드 오티즈가 쏘나타의 원격 스마트 주차 보조(RSPA) 기능을 보고 놀라는 내용이다. 이 광고는 올해 슈퍼볼 광고 62개를 대상으로 한 USA투데이 선호도 조사에서도 2위에 올랐다.리어 뷰 모니터 광고는 목 보호대를 한 싼타페 운전자가 고개를 돌리는 대신 후방 카메라 기능으로 편리하게 주차하는 내용이다. 그래니스는 집 밖을 걱정스럽게 보는 노인들의 모습을 통해 보행자 탐지 기능의 필요성을 강조했다.뉴욕페스티벌은 칸 국제 광고제, 클리오 국제 광고제와 더불어 세계 3대 광고제로 꼽힌다. 신종 코로나바이러스 감염증(코로나19)으로 인해 온라인으로 진행된 올해 행사에는 약 60개국의 1,000여편이 출품됐고 세계 광고 전문가 400명이 참여했다.윤태석 기자 sportic@hankookilbo.com",/news/news_read.nhn?article_id=0000494642&office_id=469&mode=search&query=기아차&page=1
임영웅 광고 ‘G4 렉스턴’ 판매량 32.5% 급감,"[서울신문]미스터트롯 ‘진’(眞) 임영웅이 쌍용자동차 광고 모델로 나섰지만 쌍용차의 판매 실적은 회복되지 않은 것으로 나타났다. ‘요즘 대세’인 임영웅도 경영 위기에 빠진 쌍용차의 판매 부진을 막지 못한 것이다.쌍용차는 지난달 1일 임영웅에게 미스터트롯 우승 상품으로 ‘G4 렉스턴 화이트 에디션’을 전달했다고 밝혔다. 또 임영웅과 G4 렉스턴 광고 모델 계약도 맺어 4월 한 달 판매 실적에서 ‘임영웅 효과’가 톡톡히 나타날 것이란 기대감이 높았다.하지만 지난달 G4 렉스턴의 내수 판매 대수는 675대에 불과했다. 지난 3월 802대에서 15.8% 줄었고, 지난해 4월대비 32.5% 급감했다. 내수 시장 판매 실적은 지난해보다 좋아졌고, G4 렉스턴의 상품성은 향상됐고, 최근 폭발적인 인기를 얻고 있는 임영웅까지 광고 모델로 가세했음에도 시장은 전혀 반응하지 않았다는 의미다.반면 경쟁 차종인 현대차 팰리세이드는 9배 정도 많은 5873대가 팔렸다. 기아차 모하비도 2143대를 기록하며 나쁘지 않은 성적표를 받았다. 수입차 중에선 폭바스겐 SUV 티구안이 1180대의 판매 실적을 올렸다.쌍용차 라인업 가운데 잘 안 팔리는 모델이 G4 렉스턴 뿐만은 아니다. 티볼리는 지난해 4월대비 64.5%, 지난 3월대비 26.4% 감소한 1409대가 팔렸고, 코란도는 전년대비 18.5%, 전월대비 8.5% 하락한 1429대를 기록했다. 쌍용차 모델 가운데 실적이 가장 좋은 렉스턴 스포츠도 전년대비 26.7%, 전월대비 3.0% 줄어든 2504대에 그쳤다.완성차 5사의 지난달 내수 시장 판매 실적은 전년대비 6.5% 성장했다. 르노삼성차는 78.4%, 기아차는 19.9%, 한국지엠은 4.2%씩 늘었다. 현대차도 0.5% 하락하는 데 그쳤다. 하지만 쌍용차는 유일하게 41.4%라는 큰 낙폭을 기록하며 최악의 판매 부진에 빠졌다.이에 쌍용차는 8일 경영정상화를 위한 노·사·민·정 특별 협의체를 구성했다. 협의체 간담회에는 예병태 쌍용차 대표이사와 정일권 노조위원장, 유의동 국회의원, 홍기원 국회의원 당선자, 문성현 경제사회노동위원장, 정장선 평택시장, 권영화 평택시의회 의장, 이계안 지속가능재단 이사장 등이 참석했다.　이영준 기자 the@seoul.co.kr▶
▶
▶ⓒ 서울신문(www.seoul.co.kr), 무단전재 및 재배포금지",/news/news_read.nhn?article_id=0003088996&office_id=081&mode=search&query=기아차&page=1
,"[서울=뉴시스] 이종희 기자 = 신종 코로나바이러스 감염증(코로나19)로 수출에 어려움을 겪고 있으며 4월 실적이 반토막이 난 국내 완성차업계가 '신차효과'를 통해 내수에서 선방하며 안도의 한숨을 내쉬었다. 현대·기아·한국지엠·르노삼성·쌍용자동차 등 5개 완성차업계에 따르면 4월 국내외 완성차 판매량은 지난해 같은 달(66만2139대)에 비해 48.4% 감소한 34만1944대에 그쳤다.코로나19로 미국과 유럽 등 전세계의 공장 및 판매망이 멈춰서며 해외판매가 62.6% 감소한 19만6803대에 그쳤다. 하지만 내수 판매는 6.5% 증가한 14만5141대가 판매됐다. 내수 판매량이 전년 대비 증가한 이유는 신차효과로 보인다. 기아차는 내수 판매가 전년 같은 기간 대비 19.9% 증가한 5만361대를 기록했다. 최근 출시한 쏘렌토와 K5의 판매량의 상승세가 돋보였다. 3월 중순 출시된 4세대 쏘렌토는 내수시장에서 9270대가 팔리며 지난달 기아차가 가장 많이 판매한 차량에 올랐다. 지난해 출시한 3세대 K5 역시 7953대가 판매되며 힘을 보탰다.
한국지엠은 내수 시장에서 6706대를 판매해 지난해 같은 기간에 비해 4.2%가 늘었다. 올해 1월 출시된 트레일블레이저가 내수시장에서 1757대가 판매되며 내수 실적 전반을 견인했다. 트레일블레이저는 4월 한달간 글로벌 시장에 1만1762대가 수출돼 선적 개시 후 5만대 이상의 누적 수출 실적을 기록하며 회사 경영 정상화를 위한 핵심적인 역할을 하고 있다. 르노삼성차는 4월 내수 판매량이 78.4% 증가한 1만1015대로 집계됐다. 지난 3월 출시한 XM3가 6276대 판매되며 전체 판매실적을 견인했다. XM3 판매량이 국내 판매량의 절반을 넘어선 셈이다.현대차는 4월 국내 판매는 전년 동월 대비 0.5% 감소한 7만1042대를 기록했다. 지난해 출시한 그랜저(하이브리드 모델 3434대 포함)가 1만5000대 팔리며 국내 판매를 이끌었고, 지난달 출시한 아반떼가 8249대가 팔렸다. 아반떼는 2016년 6월 이후 최다 판매 실적이다.한편, 신차가 없었던 쌍용차는 내수판매가 지난해 같은 달에 비해 41.4% 감소한 6017대에 그쳤다. 신차 효과를 누리지 못하며 부진한 성적표를 받았다. 업계 관계자는 ""코로나19 영향으로 글로벌 영업망이 사실상 마비되면서 상당 기간 동안 내수 판매에 기대야 하는 상황""이라며 ""신차 효과에 따라 올해 내수 실적에 희비가 갈릴 것""이라고 말했다. 2papers@newsis.com<ⓒ 공감언론 뉴시스통신사. 무단전재-재배포 금지>",/news/news_read.nhn?article_id=0009853411&office_id=003&mode=search&query=기아차&page=1
외관 디자인 차별화·실내 고급소재 적용으로 고급스러움 강조,"[아시아경제 김지희 기자] 현대자동차와 기아자동차가 대형 스포츠유틸리티차량(SUV)에 최상위 모델을 강화하며 나란히 고급화 전략을 펼치고 있다.먼저 현대차가 팰리세이드의 연식변경 모델을 6일 내놓으며 최상위 트림 ‘캘리그래피’를 신설했다. 지난해 말 신형 그랜저 출시 당시 처음으로 도입한 자사 최고급 트림 캘리그래피를 팰리세이드에도 적용한 것이다. 디자인부터 차별화를 이뤘다. 팰리세이드 캘리그래피 트림은 전용 라디에이터 및 인테이크 그릴, 스키드플레이트, 바디컬러 클래딩 등이 적용됐다. 실내는 앰비언트 무드램프, 퀼팅 나파가죽 시트와 퀼팅 가죽을 감싼 도어 트림 등 디자인 요소와 소재를 활용해 고급스러움을 극대화했다. 12.3인치 풀 LCD 클러스터(계기판), 헤드업 디스플레이는 기본 적용했다.특히 캘리그래피 트림에는 2열 상품성을 높인 'VIP 모델'이 마련됐다. 2열에서 시청 가능한 모니터 2대로 구성된 후석 엔터테인먼트 시스템과 공기청정기, 냉·온장 컵홀더가 탑재된 2열 센터 콘솔 암레스트, 2열 스마트폰 무선충전기, 스피커 내장형 윙타입 헤드레스트 등이 더해졌다.2020 팰리세이드 캘리그래피 모델의 가격은 4567만원. 2열 좌석의 편의성이 향상된 VIP 모델은 5137만원이다.바로 다음날인 7일에는 기아차가 기존 모하비 더 마스터의 최상위 트림인 마스터즈를 기반으로 한 디자인 차별화 모델 ‘그래비티’를 내놨다. 그래비티 모델에는 신규 블랙 라디에이터 그릴과 블랙 도장 20인치 휠을 기본 적용했다. 특히 화살촉에서 영감을 받은 새로운 라디에이터 그릴은 세련된 조형이 반복 배치돼 차량 앞면의 주간주행등과 모하비를 돋보이게 하는 효과가 있다.실내는 팰리세이드와 마찬가지로 고급 소재를 적극 활용해 고급감을 높였다. 스티어링 휠, 센터 콘솔, 1·2열 도어 암레스트 및 도어 센터 트림에 ‘알칸타라’를 입혔다. 무드 램프도 동승석 크래쉬 패드뿐 아니라 1열 양쪽 도어 트림까지 확장시켰다.모하비 그래비티의 가격은 5인승 5547만원, 6인승 5652만원, 7인승 5612만원이다.김지희 기자 ways@asiae.co.kr <ⓒ경제를 보는 눈, 세계를 보는 창 아시아경제 무단전재 배포금지>",/news/news_read.nhn?article_id=0004674949&office_id=277&mode=search&query=기아차&page=1
,"[아시아경제 고형광 기자] 하나금융투자는 만도에 대해 올해 1분기 실적은 전년 동기대비 부진했지만 당초 우려보다는 양호했다는 평가를 내놨다. 향후 실적은 2분기를 저점으로 점차 회복 국면에 접어들 것으로 예상했다.송선재 하나금투 연구원은 ""완성차들의 공장 가동 중단이 컸던 한국과 중국 매출액이 전년대비 각각 2%, 42% 감소한 반면 상대적으로 신종 코로나바이러스감염증(코로나19) 확산이 늦었던 북미와 인도, 유럽남미 매출액은 각각 19%, 5%, 9% 증가했다""며 ""주목할 지역은 북미, 인도인데 북미에서는 포드와 캘리포니아 전기차 업체향 공급이 증가하면서 예상보다 성장률이 높았고, 인도에서는 기아차 인도공장으로의 납품이 신규로 가세했기 때문""이라고 설명했다.이어 ""첨단운전자보조시스템(ADAS) 매출액은 전년보다 12% 증가하면서 매출 비중이 14.2%로 상승했다""며 ""외형 축소에 따른 고정비 부담으로 영업이익률이 하락했는데 일회성 비용도 추가적으로 부정적이었다""고 덧붙였다.코로나19의 글로벌 확산과 완성차들의 생산 일시중단, 그리고 일회성 비용의 반영 등의 여파로 2분기 실적이 크게 부진할 것으로 전망했다. 송 연구원은 ""2분기 만도의 매출액은 1조1200억원, 영업손실은 633억원으로 예상한다""며 ""다만 월 기준으로는 이미 생산의 저점을 통과했다""고 판단했다.그는 ""만도의 주가는 코로나19에 따른 부정적 영향을 지속적으로 반영해왔다는 점에서 하반기 이후로는 완성차들의 생산 재개와 자체 성장동인을 반영할 것""이라고 내다봤다. 또한 ""비상 상황에 대한 대처로 현금 유동성 확보와 적극적인 비용절감 활동을 추진 중이라는 점도 지지 요인""이라고 덧붙였다.고형광 기자 kohk0101@asiae.co.kr <ⓒ경제를 보는 눈, 세계를 보는 창 아시아경제 무단전재 배포금지>",/news/news_read.nhn?article_id=0004674950&office_id=277&mode=search&query=기아차&page=1
