head,text,url
,"신종 코로나바이러스 감염증(코로나19)에도 국내 자동차 시장은 뜨겁다. 전체 판매량이 올해 1~2월 전년 동월 대비 감소했지만 3~4월엔 오히려 증가했다. 코로나19로 최근까지 공장∙영업점이 모두 문 닫으며 사실상 ‘제로 판매’를 기록한 유럽이나 북미 지역에 비해 양호한 편이다.



 특히 일부 차종은 주문이 몰려 차를 받을 때까지 수개월이 걸리는 경우가 허다하다. 국산차 중엔 제네시스 G80와 GV80를 제일 오래 기다려야 한다. 두 차종 모두 지금 계약하면 6개월 넘게 기다려야 받을 수 있다. GV80의 경우 당초 현대차가 연간 판매 목표를 2만4000대로 잡았는데 출시 첫날 1만5000대가 계약됐다. 이렇게 인기가 있을 줄 몰랐다는 얘기다.




 큰 차체와 다양한 기능을 갖추고도 수입차 스포츠유틸리티차량(SUV)보다 저렴한 팰리세이드도 ‘출고 대기’의 대명사다. 지난해 최장 10개월까지 기다렸는데 울산공장 생산 라인을 늘리고, 코로나19로 막힌 수출 물량까지 내수로 돌리면서 대기기간을 3~4개월까지 줄였다. 이 밖에 그랜저도 여전히 2~3개월 기다려야 하고, 기아차 신형 쏘렌토도 3~4개월이 밀려 있다.


수입차 가운데는 BMW SUV 라인인 X시리즈의 인기가 눈에 띈다. 특히 럭셔리 대형 SUV인 X7은 무려 8개월 이상 기다려야 한다. X5와 X6도 3~4개월 정도 대기가 필요하다. BMW 측은 “X모델들은 전 세계적으로 인기가 많아 물량이 달린다”고 설명했다.


 예능 프로그램에 배우 성훈이 타고 나와 눈길을 끈 미니의 고성능 브랜드 JCW 컨트리맨 306마력과 JCW 클럽맨 306마력도 받으려면 2~3개월이 걸린다. 두 차종 다 새로 출시한 모델로, 초기 물량 70여대가 완판된 이후 대기 기간이 생긴 상황이다. 코로나19로 인한 영국 공장 셧다운도 영향을 미쳤다. 수입차 판매 1위인 메르세데스-벤츠 코리아는 준중형 쿠페 CLA 정도에 1개월 대기기간이 있을 뿐 물량공급이 원활하다는 입장이다.





글로벌 생산 물량이 적은 것에 비해 국내 인기가 높은 볼보의 XC40와 V60 크로스컨트리, S60도 6개월 이상 대기가 걸려 있다. 레니게이드 등으로 재미를 본 지프의 경우 대규모 프로모션과 할인을 준비하며 물량을 대량 확보해 출고 대기는 없는 편이다. 다만 코로나19의 직격탄을 맞은 이탈리아 멜피 공장에서 들여오는 탓에 7~8월 계약 고객은 다소 기다려야 할 수도 있다.





 이밖에 출고 대기와는 다소 개념이 다르지만 분기별 입고를 하는 테슬라 모델3도 지금 계약하면 차량 인도는 다음 분기인 8~9월에나 이뤄질 전망이다. 캘리포니아 프리몬트 공장이 3월부터 멈춰섰던 영향도 있다.


긴 대기 기간은 해당 차종이 그만큼 인기가 높다는 뜻이기도 하지만, 자칫 고객의 발길을 돌리게 하는 요인이 되기도 한다. 비슷한 가격과 스펙이라면 출고 대기가 긴 차종보다 물량을 확보해 놓은 브랜드를 선택하는 것이다.





차 출고 시점에 따라 정해지는 개별소비세 인하 여부도 중요하다. 정부는 내수 활성화를 위해 올해 3월부터 6월 30일까지 차 가격의 5%에 해당하는 개소세를 1.5%로 70% 인하했다. 따라서 같은 날 계약을 했더라도 출고가 6월 30일을 넘어가면 감면 한도 100만원에 교육세·취득세·부가가치세 등 143만원을 더 내야 한다. 다행히 정부는 개소세 인하 기간을 연말까지 연장하는 방안을 검토 중인 것으로 알려졌다.


박성우 기자 blast@joongang.co.kr
 ▶ ▶ ▶ ⓒ중앙일보(https://joongang.co.kr), 무단 전재 및 재배포 금지",/news/news_read.nhn?article_id=0003003053&office_id=025&mode=search&query=기아차&page=2
자전거→오토바이→삼륜차로 쌓은 기술…80년대 '봉고 신화'로 이어져,"[아이뉴스24 강길홍 기자] 기아자동차가 창립 76주년을 맞으며 '100년 기업'을 향해 질주하고 있다. 자전거 제조사로 출발한 기아차는 숱한 위기와 시련을 이겨내고, 끊임없는 기술혁신과 도전정신을 바탕으로 글로벌 완성차 업체로 도약했다.24일 관련 업계에 따르면 1944년 설립된 경성정공을 모태로 하는 기아차는 매년 5월 25일을 창립기념일로 삼고 있다. 올해는 창립 76주년이다.기아차 관계자는 ""별도의 행사는 마련하지 않았지만 직원들은 25일 휴무를 갖는다""고 밝혔다.경성정공 창업자인 학산 김철호는 기계 기술을 배우기 위해 1905년 일본으로 건너갔고, 이후 오사카의 삼화정공을 인수해 자전거 제조 기술을 쌓게 됐다. 자전거 생산기술을 국내에도 소개하고 싶다는 생각에 1944년 고국으로 돌아와 경성정공을 설립했다.자전거 부품을 제조하던 삼화정공은 1952년 국산 최초 자전거인 삼천리호를 출시했다. 삼천리호를 출시와 함께 사명도 기아산업으로 바꿨다. 기아라는 사명은 한자로 일어날 기(起)와 버금 아(亞)를 쓰지만, 영어 기어(Gear)의 일본식 발음에서 비롯된 것으로 알려졌다.기아산업은 삼천리호 성공을 통해 자본을 쌓았고, 1961년에는 일본 혼다와 제휴해 기아혼다를 설립하고 오토바이 제조에 뛰어들었다. 1962년에는 일본 마쓰다의 부품을 들여와 조립 생산한 삼륜차 K-360을 선보였다. K-360은 차폭 1.2m, 적재량 300㎏의 초소형 모델이지만, 이후 적재량이 2톤으로 늘어난 T-2000, K-360을 개량한 K-600 등 다양한 모델을 내놓으면 큰 인기를 얻었다.삼륜차로 큰 성공을 거둔 기아산업은 1973년 경기도 소하리에 종합자동차 공장을 세웠다. 1975년 마침내 국산 최초의 승용차인 브리사를 선보였다. 브리사는 현대자동차 포니와 함께 국내 승용차 시장을 양분했다.하지만 1981년 2월 정부가 자동차공업 합리화 조치를 발표하면서 기아차에게 위기가 닥쳤다. 정부는 현대차와 새한자동차(현 한국GM)는 승용차를, 기아산업은 화물차 및 버스만 만들 수 있도록 했다. 오토바이를 생산하던 기아기연은 대림공업에 넘어갔다. 인기 모델이던 브리사를 더 이상 생산할 수 없게 된 것이다.기아산업은 위기를 기회로 만들었다. 기아는 1980년 9월 봉고 1톤 트럭을 도입해 판매했는데, 이듬해 8월 이를 바탕으로 한 12인승 밴 봉고 코치를 출시했다. 봉고 코치는 돌풍을 일으켰고 이후 6인승 봉고 밴, 9인승 봉고 나인으로 라인업을 확대하며 '봉고 신화'를 써내려갔다. 당시에는 모든 승합차를 '봉고차'로 부를 정도로 봉고의 인기는 대단했다.1986년 자동차공업 합리화 조치가 해제되면서 기아산업은 다시 승용차 사업에 뛰어들었다. 기아는 승용차 시장에서 프라이드, 콩코드, 캐피탈 등을 차례로 선보였다. 1990년에는 사명을 기아자동차로 바꿨다. 기아차는 첫 SUV 모델인 스포티지도 내놨다. 봉고를 바탕으로 상용차에서 쌓아온 기술력이 SUV 시장에서 꽃을 피웠다. 이후 기아차는 쏘렌토, 카니발 등을 출시하며 SUV 시장에서 확실한 경쟁력을 인정받고 있다.또한 기아차는 콩코드, 캐피탈에 이어 크레도스, 세피아를 출시하며 승용차 시장에서도 확실한 존재감을 키워갔다. 하지만 외환위기라는 복병을 만나게 되면서 또다시 위기가 찾아왔다. 기아차를 중심으로 하는 기아그룹은 1997년 재계 8위까지 올라 있었지만 계열사 경영 악화로 1998년 4월 법정관리에 들어갔다. 결국 국제 공개경쟁입찰로 회사 매각이 결정됐고, 같은 해 10월 현대자동차에 낙찰된다.현대차그룹의 일원이 된 기아차는 정몽구 현대차그룹 회장의 품질경영을 바탕으로 이전보다 더 큰 성장세를 이어가게 된다. 특히 정의선 현대차그룹 수석부회장이 기아차 사장이던 2006년 '디자인 경영'을 선포하며 아우디폭스바겐 디자인을 총괄했던 피터 슈라이어를 영입했다. 이후 기아차는 '직선의 단순화'라는 기아차만의 디자인 DNA를 확립하고 K5, 프라이드, 스포티지 등에 이를 적용했다. 지금은 레드닷, iF 등 세계적인 디자인상을 단골 수상하는 디자인명가로 자리 잡았다.한편 기아차의 모태인 경성정공은 1944년 12월 1일에 설립됐는데, 5월을 창립기념일로 삼는 데는 일화가 있다. 기아산업은 창립 10주년이던 1954년에 기념행사를 준비하면서 사원들에게 의견을 물었는데 야유회를 원하는 사람들이 많았다. 하지만 엄동설한인 12월에 야유회를 갈 수는 없었다. 이에 김철호 창업자는 5월 25일 야유회를 가기로 결정했다. 5월 25일은 1946년 삼화정공 기술진이 일본에서 돌아와 경성정공에 합류한 날이었다. 이후 기아차는 매해 5월 25일을 창립기념일로 삼았고 지금까지 이어져 오고 있다. slize@inews24.com [ⓒ 아이뉴스24 무단전재 및 재배포 금지]",/news/news_read.nhn?article_id=0000539661&office_id=031&mode=search&query=기아차&page=2
"카카오, 현대차 제치고 시가총액 순위 10위 올라네이버·카카오·엔씨소프트 껑충…맥못추는 전통 제조업","(서울=뉴스1) 권혜정 기자 = 20년 전인 2000년 시가총액 상위 10위 종목은 삼성전자, SK텔레콤, 한국통신공사, 한국전력, 포항제철, 국민은행, 담배인삼공사, 기아차, 주택은행, 현대차 순이었다. 이들 종목 중 현재 시총 10위내 종목은 삼성전자가 유일하다. 삼성전자는 20년째 부동의 1위를 지키고 있다. 20년 전 시총 2위던 SK텔레콤은 15위로 밀렸고, 최근까지 10위(우선주 포함)를 지키던 현대차는 카카오에 자리를 내줬다.24일 금융투자업계에 따르면 시총 10위 종목은 삼성전자, SK하이닉스, 삼성바이오로직스, 네이버, 삼성전자우, 셀트리온, LG화학, 삼성SDI, LG생활건강, 카카오 순이다. 신종 코로나바이러스 감염증(코로나19) 사태로 '언택트(비대면)' 바람이 불면서 시총 상위 종목에 또 한차례 지각변동이 일고 있다. 시가총액 상위권 중 가장 무서운 상승세를 보이는 종목은 대표 언택트 수혜주인 카카오와 네이버다. 특히 카카오는 지난22일 장중 52주 신고가를 또다시 갈아치우며 현대차를 제치고 시가총액 10위에 올랐다. 카카오는 22일 전일 대비 9500원(4.00%) 오른 24만7000원으로 거래를 마쳤다. 시가총액은 21조5062억원으로 현대차(20조1916억원)을 넘어섰다. 지난 14일 장중 현대차를 누르고 시가총액 10위권에 잠깐 자리하긴 했지만 장 마감 기준으로 카카오가 시가총액 10위 안에 든 것은 이번이 처음이다. 올해 들어 카카오 주가는 60% 넘게 상승했다. 코로나19 폭락장에서 주가가 12만원선까지 떨어진 것을 감안하면 두달 사이 두배 수준으로 올랐다. 지난 2014년 다음과 합병한 카카오는 2017년 7월 코스피 시장에 이전상장했다. 이전상장 첫 날 시총 46위로 진입한 카카오의 2017년 7월10일 기준 종가는 10만2000원, 시총액은 6조9136억원이었다. 같은해 카카오는 시총 10조원을 넘겼으나 지난해 4월까지만 해도 8조~9조원 내외의 사이에서 움직였다. 약 1년 전인 지난해 5월17일 카카오 주가는 12만4000원, 시총은 10조3835억원으로 시총 순위는 30위를 기록했다. 그러던 카카오는 올해 들어 매섭게 상승했다. 지난해 말 시총 22위던 카카오는 올해 3월 말 18위에 오르더니 4월 말 15위에 이어 결국 10위권 진입에 성공했다.네이버도 코로나19에 힘입어 몸값을 불리고 있다. 지난 22일에는 전일대비 5500원(2.44%) 오른 23만500원에 거래를 마쳤다. 지난 2002년 상장한 네이버가 시총 10위권에 첫 진입한 것은 지난 2013년이다. 그해 시총 6위까지 진입한 네이버는 매해 거래일 마지막 기준 7위(2014년), 10위(2015년), 6위(2016·2017년), 10위(2018년) 등 6~10위를 오가다 2019년 시총액 30조7376억원으로 3위에 올랐다. 22일 기준 네이버는 시총 4위지만 시총액은 37조9627억원으로 그 규모가 커졌다. 카카오의 올해 1분기(1~3월) 연결기준 영업이익은 882억원으로 전년 동기 대비 219% 증가해 분기 기준 역대 최고 기록을 세웠다. 매출액도 23% 늘어난 8684억원으로 최대였다. 당기순이익은 798억원으로 지난해 같은 기간에 비해 354.9% 급증했다. 네이버 역시 1분기 호실적을 보였다. 올해 1분기 연결 기준 영업이익은 2215억원으로 전년 동기 대비 7.4% 증가했다. 같은 기간 매출은 전년 동기 대비 14.6% 늘어난 1조7321억원으로 집계됐다. 코로나19 여파로 1분기 기업들의 실적이 추락했음에도 카카오와 네이버는 웃었고, 이는 주가에 그대로 연결됐다. 바이오와 제약, 게임 관련주의 성장도 눈에 띈다. 시총 3위인 삼성바이오로직스는 22일 장중 64만원까지 오르며 52주 신고가를 갈아치웠다. 셀트리온도 코로나19 항체 치료제 개발 소식에 시가총액 6위에 자리하고 있다. 지난해 말 시총 25위던 엔씨소프트도 14위로 껑충 뛰었다.
현대차 등 전통 제조업이 밀려나고 있다. 현대차는 지난 2015년까지만 해도 삼성전자와 시총 1, 2위를 다퉜다. 지난 2011년 4월 포스코를 제치고 시가총액 2위로 올라섰지만 2014년부터 하락세를 걸었다. 삼성동 한국전력 부지 매입 논란으로 주가가 20만원대로 내려앉았고 미국 내 연비과장 논란, 사드 사태로 인한 중국 공장 판매량 급감 등의 문제가 줄줄이 터지면서 2018년 11월 10만원선으로 주저앉았다. 여기에 엎친데 겹친격으로 최근 코로나19까지 겹치면서 주가는 지난 3월 6만5000원선까지 추락하기도 했다.증권가는 코로나19로 인한 생산중단과 경기침체 여파로 자동차 판매량이 급감한 것을 주가 약세의 원인으로 꼽는다. 한 때 50%를 넘었던 외국인 보유 비중은 33%대로 떨어졌다. 포스코, 현대중공업 등 전통 제조업 종목들도 비슷한 이유로 맥을 못 추고 있다. 올해 초 시총 10위던 포스코는 22일 17위로 떨어졌다.
유지웅 이베스트투자증권 연구원은 현대차에 대해 ""단기적인 업황은 어려울 수밖에 없다""며 ""2분기에 코로나19 악영향이 가장 클 것으로 예상된다""고 분석했다. 부동의 1위는 삼성전자다. 삼성전자는 지난 2000년부터 20년째 시총 1위 자리를 지키고 있다. 1970년대 후반까지만 해도 시총액에서 삼성전자는 한국전력과 현대차, 대림산업 등에 밀렸다. 1980년대에도 현대차와 유공, 현대건설에 밀렸지만 삼성전자는 1990년대 후반부터 한국전력, 포항제철과 엎치락뒤치락하며 1위 도약을 노렸다. 그러다 2000년 1위를 차지한 이후 지금까지도 1위 자리를 내주지 않고 있다.
지난 2017년부터 현재까지 반도체주인 삼성전자-SK하이닉스는 1, 2위 구도를 유지하고 있다. 22일 기준 삼성전자의 시총액은 291조269억원, SK하이닉스의 시총액은 59조1866억원이다. 이승우 유진투자증권 연구원은 ""언택트 시대로의 진입은 모든 것을 갖춘 삼성에 좋은 기회로 작용할 것""이라며 ""삼성전자는 메모리 반도체 이외에도 시스템 반도체와 파운드리, 폴더블 디스플레이, TV, 모바일 디바이스, 생활가전, 전장에서 세계 최고 수준의 경쟁력을 갖고 있을 뿐 아니라 막대한 현금까지 보유하고 있다""고 평가했다.jung9079@news1.kr© 뉴스1코리아(), 무단 전재 및 재배포 금지",/news/news_read.nhn?article_id=0004654276&office_id=421&mode=search&query=기아차&page=2
,"개소세 인하 효과에 인기 차는 물량 부족…승용차 수입도 증가수출은 더 감소해 공장 놀려…해외 나간 부품업체들 허덕

(서울=연합뉴스) 최윤정 기자 = 자동차 판매는 이달에도 국내외가 확연히 다른 분위기다. 내수는 물량이 부족할 정도인데 수출은 공장 가동을 일시 멈춰야 할 상황이다.

국내에선 개별소비세 70% 인하가 효과를 내면서 해외 브랜드들까지 공세를 강화하고 있다.

반면 수출은 더 부진하고 해외로 나간 부품업체들은 고충이 심한 것으로 알려졌다.

여름이 가까워지며 해외 시장이 서서히 열리는 듯 하지만 차 업계는 긴장의 끈을 놓지 못하고 있다. 수요는 회복하더라도 경쟁이 심해지고 자국 기업 보호 분위기가 짙어질 것이란 우려 때문이다.

◇5월 차 내수 20∼30% 증가할 듯…차 수입도 20%대 증가

24일 한국자동차산업협회와 업계에 따르면 이달 15일까지 국내 완성차 판매가 작년 동월보다 30% 증가한 것으로 파악됐다. 5월 증가율은 20%에 달할 것으로 예상됐다.

새로 나온 차들이 대부분 반응이 좋은 것으로 보인다. 인기 차종은 공장을 최대한 돌리는데도 개소세 인하가 끝나는 6월 말 전에 차를 받으려는 수요를 감당하지 못할 정도다.

수입차 시장도 뜨겁다. 승용차 수입은 4월엔 21.5% 증가했는데 5월 1∼20일엔 27.2%로 증가율이 더 올라갔다.

해외 브랜드들도 신종 코로나바이러스 감염증(코로나19)에도 거의 유일하게 경제활동이 정상적인 국내 시장에 주목하고 있다.

BMW는 신형 5·6 시리즈를 한국에서 처음 공개할 예정이고 벤츠는 차 값이 10억원에 육박하는 마이바흐 풀만 S650을 출시했다.◇수출은 -59%…2분기 완성차업체 이익 날까

승용차 수출은 이달 20일까지 -59%를 기록했다. 지난달 승용차는 -35.6%, 자동차 부품은 -49.5%였던 데 비해 감소 폭이 더 커졌다.

수출길이 막히다 보니 국내 공장도 계속 돌릴 수가 없다.

기아차는 광주공장 제2공장이 25일부터 29일까지 5일간 휴업한다. 지난달 27일부터 이달 8일까지 휴업에 이어 두 번째다. 스포티지와 쏘울의 북미와 유럽 수출이 어려워서다. 소하리 1·2공장은 22∼25일 휴업했다.▲르노삼성차는 이달 10일까지 닫은 데 이어 15·21·22·29일을 주말에 붙여 쉬면서 생산량을 조절하고 있다.

한국GM도 트레일블레이저를 생산하는 부평1공장이 15일에 멈췄고 쌍용차는 라인별 순환 휴업을 한다.

현대기아차 해외 공장도 문을 열었지만 1교대로만 운영하는 중이다.

국내 완성차 업체들은 수출 비중이 커서 전반적으로는 전월보다 더 어려워졌다.

현대·기아차는 2분기에 이익이 급감할 것으로 예상되고 적자전망도 나온다.

현대차 2분기 영업이익은 유진투자증권이 1천90억원, NH투자증권이 650억원으로 봤다. 컨센서스는 작년 동기(1조2천377억원)의 3분의 1인 4천562억원이다.

기아차는 이베스트증권이 860억원으로, KB증권은 200억원 적자로 추정했다. 컨센서스는 2천94억원으로 작년 동기보다 61% 적다.◇코로나19 사태 풀려도 경쟁 심화…""정책 지원 필요""

자동차 시장이 3분기에는 회복할 것이란 기대가 늘고 있다. 현대차도 쏘나타와 G80 미국 판매가격을 공개하는 등 시장 공략 채비를 갖추고 있다.

문제는 경쟁도 치열해질 것으로 예상되는 점이다.

자동차산업협회 정만기 회장은 ""다른 나라 차 공장 가동률이 한 달 전엔 29%였는데 이제 85%로 올라오고 재고도 줄었다""며 ""해외 수요가 좀 살아나는 양상이지만 기업들이 그동안 손실을 만회하려고 나서면서 경쟁이 격화할 수 있다""고 말했다.

업계 한 관계자는 ""회복 국면에서 마케팅 비용이 많이 늘어날 텐데 통상 일본업체들은 현금이 넉넉해서 인센티브를 대거 지원하며 점유율을 높이곤 했다""고 말했다.

그는 ""또 코로나19로 각국이 어렵다 보니 자국 기업 위주 지원정책을 펼치는 추세여서 한국 기업들은 자리를 잡기 어려울 수 있다""고 덧붙였다.

삼성증권 임은영 애널리스트는 ""세계 자동차 업체들의 1분기 실적은 크게 부진했지만 초저금리 덕분에 6개월 이상 생산중단에도 버틸 정도인 매출액 대비 20% 안팎 현금 유동성을 확보하고 있다""고 말했다.

업계에선 코로나 이후 상황을 고려하면 내수를 계속 살려놔야 한다고 요청 중이고 정부도 개소세 인하 연장을 검토하고 있다.

업계는 또 부품업체 유동성 지원이 시급하다고 강조한다.

현대·기아차와 해외에 동반진출한 부품업체들과 신용등급이 낮은 2,3차 협력업체들이 위기상황이라는 것이다. 지금은 추가 지원은커녕 신용등급 하락으로 기존 금융거래마저 유지하기 힘든 것으로 알려졌다.

정만기 회장은 또 ""금융권에서는 내연기관차는 사양산업이라며 부품업체 지원에 인색하지만, 2040년 이후에나 전기동력차 비중이 30%로 올라갈 것""이라며 ""자동차산업은 개별 기업이 아니라 생태계 차원으로 접근해야 한다""고 말했다.

merciel@yna.co.kr",/news/news_read.nhn?article_id=0011629342&office_id=001&mode=search&query=기아차&page=2
,"코스피 주요 기업 10곳 중 7곳은 작년 동기 대비 영업이익 감소 전망(서울=연합뉴스) 곽민서 기자 = 올해 코스피 주요 상장사의 2분기 영업이익 전망치가 한 달 전과 비교해 13% 넘게 낮아진 것으로 나타났다.

시장 전문가들은 신종 코로나바이러스 감염증(코로나19 영향이 본격 반영되면서 2분기 실적이 1분기보다 더 나빠질 것으로 우려하고 있다.

24일 금융정보업체 에프앤가이드에 따르면 증권사 3곳 이상에서 실적 전망을 제시한 주요 코스피 상장사 128곳의 올해 2분기 연결기준 영업이익 추정치는 21조6천74억원으로 1개월 전(24조9천351억원)보다 13.3% 감소했다.

이는 석 달 전 영업이익 추정치(31조1천218억원)와 비교하면 20% 가까이 줄어든 수준이다.

이 추정치에 따르면 코스피 주요 기업의 올해 2분기 영업이익은 작년 동기(26조8천197억원)보다 19.4% 감소하게 된다.

2분기 매출 추정치는 327조6천911억원으로 한 달 새 5.6% 감소했다. 순이익 추정치 역시 16조2천472억원으로 11.1% 줄었다.

기업별로 보면 분석 대상 128곳 중 75%인 93곳(적자 전환·적자 확대 포함)의 영업이익 추정치가 한 달 전보다 감소했다.

국내 증시 '대장주'인 삼성전자의 경우 2분기 영업이익 추정치가 한 달 전 7조1천959억원에서 6조3천774억원으로 11.4% 하향 조정됐다. 이는 작년 동기 대비 3.3% 감소한 수준이다.

강력한 '사회적 거리 두기'의 여파로 실적에 직격탄을 맞은 신세계는 2분기 영업이익 추정치가 한 달 전보다 71.9%나 급감하면서 작년 동기 대비 80.3% 감소할 것으로 예상됐다.

마찬가지로 실적 타격이 우려되는 강원랜드(-61.3%), 현대백화점(-27.2%) 아모레퍼시픽(-18.4%) 등 소비·유통 업종 기업들의 영업이익 추정치도 일제히 큰 폭으로 감소했다.

현대차와 기아차 역시 2분기 실적 우려가 확대되면서 영업이익 추정치가 한 달 만에 각각 43.5%, 55.0%씩 줄었다.

코로나19 사태 이후 이미 실적 눈높이가 낮아진 상황에서도 추정치가 거듭 하향 조정된 것이다.

이에 따라 분석 대상 128곳 중 84곳(67.7%)은 2분기 영업이익이 작년 동기 대비 감소할 것으로 전망됐다.

김상호 신한금융투자 연구원은 ""코로나19 영향이 실물경제에 반영되기 시작한 시점이 3∼4월이란 점을 고려하면 2분기 기업 이익 감소폭은 1분기 이상으로 확대될 가능성이 크다""고 진단했다.

이재윤 SK증권 연구원 역시 ""코스피의 2분기 영업이익·순이익 추정치는 선진국에서 코로나19가 확산한 3월 중순부터 급속히 하향 조정되고 있다""면서 ""2분기에는 소프트웨어와 통신, 반도체를 제외한 대부분 업종의 실적이 전년 동기 대비 감소할 것""이라고 예상했다.

앞서 올해 1분기 기업 실적은 코로나19 여파로 큰 타격을 받았다.

12월 결산 코스피 상장사 592곳의 올해 1분기 영업이익은 19조4천772억원으로 작년 동기 대비 31.2% 감소했고, 순이익은 11조336억원으로 47.8% 급감했다.

대표적 수익성 지표인 매출액 대비 영업이익률(3.9%)과 순이익률(2.2%) 역시 1년 전보다 각각 1.8%포인트, 2.1%포인트 떨어졌다.◇ 2분기 코스피 주요 기업 영업이익 추정치 변동 추이(단위: 억원)(※ 컨센서스 추정 기관 수 3곳 이상 코스피 기업 128개사 합계)◇ 2분기 영업이익 추정치 하향 폭 상위 종목(1개월 전 대비)(단위: 억원, %)(※현재는 5월 22일 기준.) (자료=에프앤가이드)


 mskwak@yna.co.kr",/news/news_read.nhn?article_id=0011629362&office_id=001&mode=search&query=기아차&page=1
,"'지금의 우리' 첫 영상 1천500만회 조회…두번째도 열흘만에 1천만 넘어미국·인도 등 공장 둔 지역에 현금과 마스크·진단키트 등 의료용품 지원(서울=연합뉴스) 최윤정 기자 = 현대차그룹이 신종 코로나바이러스 감염증(코로나19) 극복을 위해
세계 각국에서 현금과 함께 마스크, 진단키트 의료용품 등을 지원하며 글로벌 기업으로서 사회적 책임을 실천하고 있다.

24일 현대차그룹에 따르면 코로나19 사태 극복 바람을 담아 제작한 영상 '지금의 우리(This is us) 파트 2'가 열흘 만에 조회수 1천만회를 넘겼다.

13일 인터넷에 올라온 이 영상(https://www.youtube.com/watch?v=BJQfb6SLAZg)은 코로나19 환자들을 치료하는 의료진의 헌신을 강조하는 내용이다.

코로나19 사태에 재치있게 대응하고 서로 위로하는 모습을 담은 첫번째 영상은 지난달 게재된 이래 1천500만회 이상 조회됐다.현대차그룹은 한국 등 생산공장이 있는 세계 각국에서 코로나19 극복을 지원하는 활동을 펼치고 있다.

국내에서는 경영이 어려운 협력사에 1조원 긴급 자금지원을 했다.

전국재해구호협회에 50억원을 기탁하고 직원 연수원을 코로나19 환자 생활치료시설로 제공했다.

임직원과 노조 기부금에 회사가 같은 금액을 더해 모은 5억6천만원은 사회구호재단에 전했다.

미국에서는 현대차가 '현대 호프 온 휠스(Hyundai Hope On Wheels)' 프로그램으로 차를 타고 검사를 받는 시설을 갖춘 병원 30여곳에 600만 달러를 기부하고 코로나 진단키트 6만 5천개를 지원했다.

기아차는 지역 의료기관에 마스크, 장갑 등 의료용품을 기부했고 지난달 중순부터 조지아 공장에서 아크릴 페이스 쉴드를 생산해 의료기관에 지원하고 있다.

브라질에서는 현대차가 공장이 있는 삐라시카바에 마스크 등 방역물품을 지원하고 의료용 차량 8대를 무상임대했다. 또 3D 프린터로 아크릴 페이스 쉴드를 제작해 의료기관 등에 기부할 예정이다.

멕시코에서 지난달 기아차가 누에보레온 주 정부와 한국 의료진을 화상회의로 연결해 코로나19 대응 관련 자문을 제공하고 2억4천만원 상당의 방호복 3만벌과 안면 마스크 1만장 등을 지원했다. 기아차의 의료자문 활동은 멕시코 주요 일간지를 통해 널리 알려졌다.

인도에서는 현대차가 진단키트 2만5천개를 지원했고 공장이 있는 타밀나두에 성금 약 8억원, 산소호흡기 1천대 지원 등을 했다.

기아차는 안드라프라데시 주 정부 구제기금에 약 3억원을 기부했고 아난타푸르 지역 공공기관에 마스크 5만개를 기부했다.

체코에서 현대차는 총리, 주체코 한국대사 등이 참석한 가운데 성금 5억원을 기부하고 주 정부에 마스크 2만장을 지원했다.

슬로바키아에서 기아차는 인공호흡기 구입에 약 2억6천만원을 기부했고 공장이 있는 질리나 인근 병원 등에 인공호흡기와 마스크 1만장을 제공했다.

터키에서 현대차는 본사에서 구입한 의료품과 장비를 비행기로 실어 지원하고 한국인 147명을 귀국시켰다.

러시아에서는 현대차가 의료진에겐 택시 무료 승차권을 자원봉사 단체 등에는 차량 제공 등을 했다. 응급진료센터와 지역 취약계층에는 의료장비·긴급구호물품을 전달했다.

인도네시아 등 동남아시아 지역에는 방역복 6만세트를 지원하고 드라이브 스루 검사소를 운영하고 있다.

중국에선 현대차그룹 계열사들이 코로나19 피해 초기에 약 25억3천만원 규모의 인도적 지원을 했다.

 현대ㆍ기아차는 이탈리아, 스페인, 프랑스, 모로코 등에서도 환자 후송 차량과 방호복 지원 등을 하고 사회적 거리두기 캠페인을 벌이고 있다.

현대차그룹 관계자는 ""사회적 책임을 충실히 하기 위해 세계 각국 현지 상황에 맞게 지원활동을 하고 있다""며 ""한국 위상을 높이는 데 기여할 수 있어서 영광""이라고 말했다.

merciel@yna.co.kr",/news/news_read.nhn?article_id=0011629399&office_id=001&mode=search&query=기아차&page=1
세계적으로 품질 인정…코로나19에도 품질 강화로 위기 극복,"[아이뉴스24 황금빛 기자] 기아자동차가 글로벌 완성차 업체로 우뚝 서게 된 중심에는 MK(정몽구 현대자동차그룹 회장)식 품질경영이 자리한다.시작은 2008년 12월이다. 당시 글로벌 경제위기에 직면했을 때 정 회장은 '창조적 품질경영'을 돌파구로 제시했다. 이에 품질담당자들을 불러 '글로벌 위기극복 품질전략 회의'를 열었다.이때부터 본격적으로 추진한 것이 무결점 품질혁신활동인 'GQ-3355(Global Quality-3355)'다. 제품 품질 3년 내 세계 3위, 브랜드 품질 5년 내 세계 5위를 뜻한다.사실 그 전부터 정 회장은 품질 중시를 통해서 쓰러져 가는 기아차를 일으켜 세웠다. 1998년 12월 기아차를 인수한 이후 다음 해인 1999년 3월 정 회장은 본인의 자택으로 당시 결함이 잦았던 카니발을 소환했다. 이와 관련해 임원들을 품질회의실로 불러 일일이 문제점을 지적한 일화는 재계에서 여전히 회자되고 있다.2002년에는 오피러스 수출 차량을 손수 시험주행하다 미세한 소음을 발견하자 선적을 중단시키고 소음을 잡으라고 한 일화도 유명하다.이러한 노력 덕분인지 기아차는 이제 현대자동차와 함께 세계에서 품질 부문에서 인정받는 글로벌 완성차업체가 됐다.지난해 미국 시장조사업체 J.D파워가 실시하는 신차품질조사(IQS, Initial Quality Study)에서 기아차는 5년 연속 일반 브랜드 1위, 2년 연속 종합 2위에 올랐다. 심지어 일반 브랜드 부문에서 2년 연속 2위를 차지한 현대차보다 신차품질 우위를 보여주며 형만 한 아우가 있다는 것을 증명했다.더불어 지난달 기아차 북미 전용 대형 SUV 텔루라이드가 한국 브랜드 가운데 처음으로 세계 최고 권위의 '월드카 어워즈'에서 최고상인 '세계 올해의 자동차'에 선정되기도 했다. 같은 시상식에서 기아차 쏘울 EV도 '세계 도심형 자동차'로 선정됐다.신종코로나바이러스감염증(코로나19)으로 인한 해외 자동차 시장 위기 극복을 위해서도 기아차는 품질 강화로 대응하겠다는 뜻을 밝혔다.현재 기아차는 국내에서 연간 150만 대를 생산하는데 이 가운데 60% 이상을 수출하고 있다. 이에 기아차는 생산라인부터 해상운송까지 수출 전 과정에서의 품질향상 활동을 통해 품질 경쟁력 강화에 주력한다는 방침이다. 이에 지난 20일에는 송호성 기아차 사장이 평택항에 찾아 수출 차량들의 품질과 선적 절차 등을 점검한 바 있다.해외 공장에서 생산되는 기아차의 품질을 위해서는 공장 장기 가동 중단 사태에 철저히 대처한다는 전략이다. 기아차는 현재 각 해외 공장별로 매일 소독을 실시하고 열화상 카메라 설치, 개인별 체온 측정, 손소독제 비치, 전 직원 마스크 착용 의무화 등을 시행 중이다.특히 기아차 미국공장은 베스트셀링카인 K5와 쏘렌토 신형 모델을 올해 선보이는 만큼, 양산을 위한 설비 구축을 차질 없이 진행하고 세계적으로 인정받은 신차 품질을 이어나가는데 힘을 쏟을 예정이다. gold@inews24.com [ⓒ 아이뉴스24 무단전재 및 재배포 금지]",/news/news_read.nhn?article_id=0000539664&office_id=031&mode=search&query=기아차&page=1
,"기업들의 2분기 영업이익 전망치가 한 달 새 13% 감소한 것으로 나타났다. 신종 코로나바이러스 감염증(코로나19) 여파가 기업 실적에는 이제부터 본격적으로 반영되는 모습이다.24일 금융정보업체 에프앤가이드에 따르면, 주요 유가증권시장(코스피) 상장사 128곳의 올해 2분기 연결기준 영업이익 추정치는 21조6074억원으로 한 달 전보다 13.3% 감소했다. 석 달 전으로 시야를 넓히면 20% 가까이 감소했다.기업별로 보면 삼성전자의 2분기 영업이익 추정치가 한 달 전 7조1959억원에서 6조3774억원으로 11.4% 감소했다. 현대차와 기아차는 각각 43.5%, 55% 감소했고, LG전자도 35.9% 감소했다. 포스코(-19.3%), 삼성SDS(-17.3%)도 하락폭이 컸다.유통업체는 실적에 직격탄을 맞았다. 신세계의 영업이익 추정치 하락폭이 71.9%에 달했고, 현대백화점(-27.2%), 롯데쇼핑(-26.4%), 아모레퍼시픽(-18.4%), 신세계푸드(-14.6%)도 하락폭이 컸다.2분기 들어서 해외 주요국에도 코로나19가 번지면서 국내 기업의 수출 실적에도 영향을 주고 있다. 유통업체뿐 아니라 수출업체들의 실적에도 빨간 불이 켜진 상태여서 기업 이익 감소폭은 시간이 갈수록 더 확대될 가능성이 크다.[이종현 기자 iu@chosunbiz.com]	[]	[] 	chosunbiz.com",/news/news_read.nhn?article_id=0000527696&office_id=366&mode=search&query=기아차&page=1
2025년까지 전기차 11종 풀라인업…PBV·모빌리터허브 신시장 개척,"[아이뉴스24 강길홍 기자] 현대차그룹에서 현대차는 형, 기아차는 동생으로 불린다. 흔히 '형만 한 아우 없다'고 하지만 기아차는 현대차와는 차별화된 존재감을 드러내며 이를 반박한다. 미래차 시장에서도 기아차만의 독자적인 모델을 바탕으로 혁신 브랜드로 올라서겠다는 목표다.기아차는 올해 1월 모빌리티·전동화·커넥티비티·자율주행 등 미래 자동차산업에 선제 대응하기 위한 중장기 미래 전략 '플랜S'를 발표했다. 플랜S에서 S는 'Shift(전환)'를 뜻한다. 기존 내연기관에서 전기차를 비롯한 친환경차 중심으로 사업 체제를 전환하겠다는 의지를 담았다.이에 따라 2025년까지 전차급에 걸쳐 전기차 11종 풀라인업을 갖추고, 글로벌 점유율 6.6%와 친환경차 판매 비중 25%를 달성한다는 목표를 세웠다. 전기차 사업이 본격적인 궤도에 오르는 2026년에는 중국을 제외한 글로벌 시장에서 전기차 50만대를 비롯해 친환경차 100만대 판매를 달성한다는 계획이다.지난해 선보인 '이매진 바이 기아' '하바니로' '퓨처론' 등 3종의 콘셉트카에서 앞으로 기아차가 출시할 전기차 방향성을 엿볼 수 있는 보였다. 첫 번째 전기차 전용 모델은 2021년 출시된다. 이후 2022년부터 승용·SUV·MPV 등 전차급에 걸쳐 신규 전기차 모델을 투입한다.기아차 첫 전용 전기차 모델은 승용과 SUV의 경계를 허무는 크로스오버 디자인이 적용될 예정이다. 1회 충전 주행거리는 500km에 20분 이내 초고속 충전 등 글로벌 최고 수준의 전기차 기술력이 집약된다.전기차 판매 방식의 혁신도 모색한다. 구매 부담을 완화하는 맞춤형 구독 모델, 전기차 핵심 부품인 배터리 렌탈·리스 프로그램과 중고 배터리 관련 사업 등도 검토 중이다. 폐배터리를 에너지 저장장치(ESS)로 재활용하기 위한 인프라와 기술력도 확보에 나서기도 했다.또한 기아차는 글로벌 주요 도시를 대상으로 전기차·자율주행 기반의 모빌리티 서비스로 사업 영역을 다각화한다.먼저 전자상거래·차량공유 확대 등에 따라 수요 증가가 예상되는 PBV(목적 기반 모빌리티)는 상하차가 용이한 저상 물류차, 냉장·냉각 시스템이 적용된 신선식품 배송차 등 타깃 고객 전용 PBV를 개발해 기업 고객군을 확보할 계획이다. 현재 글로벌 산업 수요의 약 5% 수준인 운송·물류·유통 등 기업 고객들이 전자상거래·차량 공유 등이 확산됨에 따라 2030년에는 약 25% 가량 차지할 것으로 전망된다.향후 자율주행 기술이 보편화되는 시점에는 초소형 무인 배송차, 로보택시 등 통합 모듈 방식의 '스케이트보드 플랫폼' 기술 등이 적용된 전기차·자율주행 기반 맞춤형 PBV로 사업 모델을 확대한다.전기차 충전소, 차량 정비 센터, 각종 편의시설 등이 갖춰진 '모빌리티 허브'도 구축한다. 모빌리티 허브는 환경 규제로 도시 진입이 불가한 내연기관 차량과 전기차의 환승 거점으로 활용할 수 있다. 장기적으로는 모빌리티 허브를 통해 확보된 도시 거점 내에서 자율주행 기술이 탑재된 로보택시, 수요응답형 로보셔틀 등을 운영할 예정이다.기아차가 자율주행 전문기업인 '앱티브'와 합작법인 설립한 것도 모빌리티 솔루션의 핵심 역량인 자율주행 기술 강화를 위해서다. 기아차는 합작법인을 통해 2022년 최고 성능의 자율주행 플랫폼을 개발한 후, 2023년 일부 지역 운행을 실시하고, 2024년 하반기 본격 양산을 추진할 계획이다.기아차는 성공적인 미래 사업 체제 전환을 위해 2025년까지 총 29조원을 투자한다는 계획도 밝혔다. 투자 재원은 기존 내연기관 사업의 수익성 개선 등을 통해 마련한다. 특히 수익성 높은 SUV 판매 비중을 현재 50% 수준에서 2022년 60%까지 확대해 수익성을 높인다는 방침이다. 투자가 완료되는 2025년에는 전기차에서 내연기관 수준의 수익성 확보가 가능할 것으로 전망된다.올해 신종 코로나바이러스 감염증(코로나19) 사태로 자동차업계 전반의 불확실성이 확대된 상황이지만 미래 경쟁력 확보를 위한 투자는 흔들림 없이 이어간다는 계획이다. 기아차 관계자는 ""코로나19로 어려운 상황이지만 미래 경쟁력 확보를 위한 투자 계획에는 아직까지 변동이 없다""고 말했다. slize@inews24.com [ⓒ 아이뉴스24 무단전재 및 재배포 금지]",/news/news_read.nhn?article_id=0000539667&office_id=031&mode=search&query=기아차&page=1
,"올해 코스피 주요 상장사의 2분기 영업이익 전망치가 한 달 전과 비교해 13% 넘게 낮아진 것으로 나타났습니다. 코로나19 영향이 본격 반영되면서 2분기 실적이 1분기보다 더 나빠질 것으로 우려하고 있는 것으로 풀이됩니다. 금융정보업체 에프앤가이드의 자료를 보면 증권사 3곳 이상에서 실적 전망을 제시한 주요 코스피 상장사 128곳의 올해 2분기 연결기준 영업이익 추정치는 21조 6천74억 원으로 1개월 전(24조 9천351억 원)보다 13.3% 감소했습니다. 이는 석 달 전 영업이익 추정치(31조 1천218억 원)와 비교하면 20% 가까이 줄어든 수준입니다. 이 추정치를 보면 코스피 주요 기업의 올해 2분기 영업이익은 작년 동기(26조 8천197억 원)보다 19.4% 감소하게 됩니다. 2분기 매출 추정치는 327조 6천911억 원으로 한 달 새 5.6% 감소했으며, 순이익 추정치 역시 16조 2천472억 원으로 11.1% 줄었습니다. 기업별로 보면 분석 대상 128곳 중 75%인 93곳(적자 전환·적자 확대 포함)의 영업이익 추정치가 한 달 전보다 감소했습니다. 국내 증시 '대장주'인 삼성전자의 경우 2분기 영업이익 추정치가 한 달 전 7조 1천959억 원에서 6조 3천774억 원으로 11.4% 하향 조정됐습니다. 이는 작년 동기 대비 3.3% 감소한 수준입니다. 강력한 '사회적 거리 두기'의 여파로 실적에 직격탄을 맞은 신세계는 2분기 영업이익 추정치가 한 달 전보다 71.9%나 급감하면서 작년 동기 대비 80.3% 감소할 것으로 예상됐습니다. 마찬가지로 실적 타격이 우려되는 강원랜드(-61.3%), 현대백화점(-27.2%) 아모레퍼시픽(-18.4%) 등 소비·유통 업종 기업들의 영업이익 추정치도 일제히 큰 폭으로 감소했습니다. 현대차와 기아차 역시 2분기 실적 우려가 확대되면서 영업이익 추정치가 한 달 만에 각각 43.5%, 55.0%씩 줄었습니다. 코로나19 사태 이후 이미 실적 눈높이가 낮아진 상황에서도 추정치가 거듭 하향 조정된 것인데, 이에 따라 분석 대상 128곳 중 84곳(67.7%)은 2분기 영업이익이 작년 동기 대비 감소할 것으로 전망됐습니다.[사진 출처 : 게티이미지]김민철 기자 (mckim@kbs.co.kr)",/news/news_read.nhn?article_id=0010840174&office_id=056&mode=search&query=기아차&page=1
,"올해 코스피 주요 상장사의 2분기 영업이익 전망치가 한 달 전과 비교해 13% 넘게 낮아진 것으로 나타났다. 시장 전문가들은 코로나19 영향이 본격 반영되면서 2분기 실적이 1분기보다 더 나빠질 것으로 우려하고 있다.24일 금융정보업체 에프앤가이드에 따르면 증권사 3곳 이상에서 실적 전망을 제시한 주요 코스피 상장사 128곳의 올해 2분기 연결기준 영업이익 추정치는 21조6074억원으로 1개월 전(24조9351억원)보다 13.3% 감소했다. 이는 석 달 전 영업이익 추정치(31조1218억원)와 비교하면 20% 가까이 줄어든 수준이다. 이 추정치에 따르면 코스피 주요 기업의 올해 2분기 영업이익은 작년 동기(26조8197억원)보다 19.4% 감소하게 된다.2분기 매출 추정치는 327조6911억원으로 한 달 새 5.6% 감소했다. 순이익 추정치 역시 16조2472억원으로 11.1% 줄었다. 기업별로 보면 분석 대상 128곳 중 75%인 93곳(적자 전환·적자 확대 포함)의 영업이익 추정치가 한 달 전보다 감소했다. 국내 증시 ‘대장주’인 삼성전자의 경우 2분기 영업이익 추정치가 한 달 전 7조1959억원에서 6조3774억원으로 11.4% 하향 조정됐다. 이는 작년 동기 대비 3.3% 감소한 수준이다. 강력한 ‘사회적 거리 두기’의 여파로 실적에 직격탄을 맞은 신세계는 2분기 영업이익 추정치가 한 달 전보다 71.9%나 급감하면서 작년 동기 대비 80.3% 감소할 것으로 예상됐다. 마찬가지로 실적 타격이 우려되는 강원랜드(-61.3%), 현대백화점(-27.2%) 아모레퍼시픽(-18.4%) 등 소비·유통 업종 기업들의 영업이익 추정치도 일제히 큰 폭으로 감소했다. 현대차와 기아차 역시 2분기 실적 우려가 확대되면서 영업이익 추정치가 한 달 만에 각각 43.5%, 55.0%씩 줄었다. 코로나19 사태 이후 이미 실적 눈높이가 낮아진 상황에서도 추정치가 거듭 하향 조정된 것이다. 이에 따라 분석 대상 128곳 중 84곳(67.7%)은 2분기 영업이익이 작년 동기 대비 감소할 것으로 전망됐다.김상호 신한금융투자 연구원은 “코로나19 영향이 실물경제에 반영되기 시작한 시점이 3∼4월이란 점을 고려하면 2분기 기업 이익 감소폭은 1분기 이상으로 확대될 가능성이 크다”고 말했다. 이재윤 SK증권 연구원 역시 “코스피의 2분기 영업이익·순이익 추정치는 선진국에서 코로나19가 확산한 3월 중순부터 급속히 하향 조정되고 있다”면서 “2분기에는 소프트웨어와 통신, 반도체를 제외한 대부분 업종의 실적이 전년 동기 대비 감소할 것”이라고 예상했다. 앞서 올해 1분기 기업 실적은 코로나19 여파로 큰 타격을 받았다. 12월 결산 코스피 상장사 592곳의 올해 1분기 영업이익은 19조4772억원으로 작년 동기 대비 31.2% 감소했고, 순이익은 11조336억원으로 47.8% 급감했다. 대표적 수익성 지표인 매출액 대비 영업이익률(3.9%)과 순이익률(2.2%) 역시 1년 전보다 각각 1.8%포인트, 2.1%포인트 떨어졌다.임아영 기자 layknt@kyunghyang.com©경향신문(www.khan.co.kr), 무단전재 및 재배포 금지",/news/news_read.nhn?article_id=0003010710&office_id=032&mode=search&query=기아차&page=1
,"[디지털타임스 장우진 기자] 국내 완성차 업체의 자동차 수출이 반토막 이상 급감한 것으로 나타났다. 내수 시장은 전년보다 30%나 증가했지만 코로나19로 인한 수출 부진에 공장 가동마저 위축되고 있다.24일 한국자동차산업협회와 업계에 따르면 이달 15일까지 국내 완성차 판매는 지난해 동월보다 30% 증가한 것으로 파악됐다. 5월 증가율은 20%에 달할 것으로 예상됐다.이는 신차 효과에 따른 것으로 인기 차종은 개별소비자세 인하가 끝나는 다음달말 전에 차를 받으려는 수요를 감당하지 못할 정도다.수입차의 경우 승용차는 지난달 21.5% 증가한 데 이어 이달 1~20일엔 27.2%로 증가율을 기록해 더 높아졌다.반면 수출은 대폭 줄었다. 승용차 수출은 이달 20일까지 59% 줄어 전월(-35.6%)보다 감소폭이 더 커졌다.수출이 감소하면서 공장 가동도 제한적이다. 기아차는 광주공장 제2공장이 오는 25~29일까지 5일간 휴업한다. 이는 지난달 27일부터 이달 8일까지 휴업한 데 이은 두 번째다. 소하리 1·2공장은 22~25일 휴업했다.르노삼성차는 이달 10일까지 닫은 데 이어 15·21·22·29일을 주말에 붙여 쉬면서 생산량을 조절하고 있다. 한국GM은 트레일블레이저를 생산하는 부평1공장이 15일 중단했고 쌍용차는 라인별 순환 휴업을 한다.국내 완성차 업체들은 수출 비중이 큰 만큼 실적 전망도 좋지 못하다. 현대차의 2분기 컨센서스는 작년 동기(1조2377억원)의 3분의 1수준인 4562억원이다. 기아차의 컨센서스는 294억원으로 작년 동기보다 61% 적다.자동차 시장이 3분기에는 회복할 것이란 기대가 늘고 있지만 마케팅 확대로 인해 경쟁도 치열해질 전망이어서 정부 정책이나 유동성 지원 등 대응책이 필요하다는 주장이 나온다.장우진기자 jwj17@dt.co.kr 디지털타임스
/",/news/news_read.nhn?article_id=0002599857&office_id=029&mode=search&query=기아차&page=1
"1분기 5만6,000대 이상 팔려올해도 20만대 판매 돌파 예상젊은층 중형보다 소형 선호에제조업체 신차 잇달아 선보이고전기·수소 등 미래기술 도입도","[서울경제] 소형 스포츠유틸리티차량(SUV) 시장이 뜨겁게 달아오르고 있다. 국내 완성차는 물론 수입차까지 앞다퉈 뛰어들며 자동차 시장은 소형 SUV 판매 전쟁에 돌입했다. 운전과 주차가 부담스럽지 않은 크기, 세단에 비해 다양한 공간 활용성, 개성이 뚜렷한 디자인, 과거에 비해 크게 개선된 연비 등으로 무장한 소형 SUV들은 소비자들에게 매력적이다. 신종 코로나바이러스 감염증(코로나19)으로 자동차 판매가 위축된 상황에서 SUV는 세단에 비해 높은 수익을 낼 수 있는 차종인 만큼 각 자동차 회사들도 사활을 걸고 시장공략에 나서고 있다.지난 21일 한국자동차산업협회(KAMA)에 따르면 올 1·4분기까지 국내 완성차 5개사의 소형 SUV 판매량은 총 5만6,393대로 집계됐다. 코로나19로 소비심리가 크게 위축된 상태에서의 판매량인 만큼 연간 판매량이 지난해 사상 처음으로 20만대를 넘어선 데 이어 올해도 20만대 돌파는 무난할 것으로 전망된다. 소형 SUV는 지난해 22만5,174대가 팔려 사상 처음 20만대를 넘어섰다. SUV 차급 내에서도 절대 강자였던 중형의 판매도 제쳤다. 소형 SUV 연간 판매량은 2015년 8만6,233대에서 지난해 22만5,174대로 불과 5년 만에 3배 가까이 늘었다. 반면 중형 SUV는 같은 기간 30만2,086대에서 20만3,897대로 30%가량 줄었다.
시장이 급성장하다 보니 신차도 줄을 잇고 있다. 기아차 ‘셀토스’
,
‘코나’, 쌍용차 ‘티볼리’
, 한국GM ‘트랙스’가 시장 선점에 나선 가운데 최근 르노삼성이 ‘XM3’와 ‘캡처’, 한국GM이 ‘트레일블레이저’를 출시했다. 는 올 하반기 ‘스토닉’의 상품성 개선 모델을 출시하고 는 적재공간을 늘린 ‘롱바디 티볼리’를 출시할 예정이다. 고급 수입차 브랜드들도 시장에 뛰어들고 있다. 럭셔리 브랜드 링컨이 최근 ‘올-뉴 코세어’를 출시했고 아우디도 ‘Q3’ 완전변경 모델을 선보였다. 수입차 업계의 한 관계자는 “한국의 소형 SUV 시장이 급성장하면서 수입차 업계도 해당 차급의 신차들을 대거 들여오고 있다”며 “다만 수입차들은 성능을 차별화한 고급 제품들로 차별화를 꾀하고 있다”고 설명했다. 실제 올-뉴 코세어는 5,640만원, Q3는 4,552만원으로 국내 소형 SUV에 비해 가격이 2배 이상 높다. 소형 SUV 시장이 급성장하는 것은 주요 소비층인 젊은층의 소비 트렌드와 자동차 회사의 니즈가 절묘하게 맞아 떨어졌기 때문이다. 소형 SUV는 길이가 4.3~4.5m로 같은 크기의 세단에 비해 내부공간이 넓고 적재공간이 커 캠핑이나 낚시 등 아웃도어 활동에 활용하기 좋다. 세단보다 차체가 높아 운전할 때 넓은 시야가 확보되고 운전하거나 주차할 때도 편하다. 최근에는 경량 소재를 대거 채용해 가솔린 모델들의 복합연비가 11~14㎞/ℓ까지 올라왔다. 가격 역시 1,600만~2,800만원가량으로 큰 부담이 없다. 르노삼성 관계자는 “경차나 소형 해치백을 타던 30~40대가 결혼을 하거나 자녀가 태어나면 과거에는 중형 세단으로 차를 바꿨지만 요즘은 소형 SUV를 더 선호한다”며 “실용적이고 합리적인 소비를 중시하는 젊은 소비자들에게 소형 SUV의 합리적 가격과 연비·활용성 등이 높은 점수를 받고 있다”고 말했다. 자동차 제조사 입장에서도 비주류였던 소형 SUV 시장이 성장하는 것은 호재다. 통상 SUV는 세단에 비해 제조사의 수익성이 높다. 온·오프로드 모두 주행할 수 있도록 SUV 차종에 특화된 사륜구동, 타이어, 자동차 강판 등 고부가가치 기술과 소재가 더 많이 투입되기 때문이다. 여기에 소형 SUV 시장이 급성장하면서 ‘규모의 경제’도 가능하다. 코로나19로 전체 자동차 판매량이 줄어든 상황에서 수익성 높은 소형 SUV 시장 확대는 반가운 소식이다. 현대차 관계자는 “코로나19로 판매량 확대에 제한이 있는 만큼 마진율이 높은 모델의 판매를 늘려가는 것이 수익성 방어의 첫걸음”이라며 “경쟁이 치열한 만큼 소비자들의 눈높이도 높아져 연비·디자인·경량화 등 모든 측면에서 테스트베드 시장이 되고 있다”고 전했다. 실제 자동차 회사들은 소형 SUV에 전기차·수소차 등 미래차 기술을 잇달아 도입하고 있다. 업계에서는 현재 자동차 배터리의 크기·주행거리·가격 등을 고려할 때 소형 SUV 차종이 가장 적합하다고 입을 모은다. 실제 현대·기아차의 전기차인 코나·니로·쏘울 등은 모두 소형 SUV이고 수소차인 넥쏘 역시 소형 SUV다. 코나의 지난해 판매량을 살펴보면 내연기관 2만5,891대, 하이브리드 3,171대, 전기차 1만3,587대로 전기차가 전체의 31.9%를 차지했다. 업계의 한 관계자는 “차체가 소형 SUV보다 더 크면 가격 경쟁력을 갖춘 배터리로는 주행거리 300㎞ 이상을 달성하기 어렵다”며 “시장에서 판매될 수 있는 가격과 성능의 전기차를 만들기 위한 최고 사양이 소형 SUV”라고 설명했다. /김민형기자 kmh204@sedaily.com저작권자 ⓒ 서울경제, 무단 전재 및 재배포 금지",/news/news_read.nhn?article_id=0003741842&office_id=011&mode=search&query=기아차&page=1
,"코스피 주요 상장사의 2분기 영업이익 전망치가 한 달 전과 비교해 13% 넘게 낮아진 것으로 나타났습니다.금융정보업체 에프앤가이드에 따르면 증권사 3곳 이상에서 실적 전망을 제시한 주요 코스피 상장사 128곳의 2분기 연결기준 영업이익 추정치는 21조6,074억원으로, 한 달 전보다 13.3% 줄었습니다.삼성전자는 2분기 영업이익 추정치가 11.4% 하향 조정됐고, 현대차와 기아차 역시 각각 43.5%, 55.0%씩 급격하게 낮아졌습니다.특히, 신세계가 71.9% 급감하는 등 소비·유통업종의 타격이 클 것으로 예상됐습니다. 연합뉴스TV 기사문의 및 제보 : 카톡/라인 jebo23",/news/news_read.nhn?article_id=0000429947&office_id=422&mode=search&query=기아차&page=1
,"승용차 구매시 개별소비세를 인하해주는 정책이 다음달 말로 종료될 것으로 보인다.기획재정부는 다음달 초 발표할 예정인 ‘하반기 경제정책방향’에 승용차 개소세 인하 연장 방안을 포함하지 않을 것으로 24일 알려졌다. 기재부 관계자는 “제도 자체가 6월 말까지니까 일단 6월 말에 끝난다고 생각하는 게 기본 원칙”이라고 설명했다.코로나19로 인한 경기침체를 막기 위해 소비촉진이 필요한 상황에서 ‘승용차 개소세’ 정책을 종료하려는 이유는 정책효과가 떨어졌다고 판단했기 때문이다.승용차 개소세 인하는 미래의 수요를 현재로 당겨오는 건데 이미 시행한 지 1년 10개월가량 지나 미래의 수요를 많이 끌어왔기 때문이다.본래 승용차를 살 때는 개별소비세 5%, 교육세(개별소비세액의 30%)와 부가가치세가 부과된다.정부는 지난 2018년 7월 19일부터 지난해 말까지 1년 6개월간 개소세를 5%에서 3.5%로 30% 인하했다. 이후 지난 2월말 ‘민생·경제 종합대책’을 발표하면서 3월부터 6월까지 승용차를 구입할 경우 개소세를 5%에서 1.5%로 70% 인하해주고 있다. 단 한도는 100만원이다.정부가 2018년 7월 19일 개소세를 인하한 이후 국산 승용차 판매량은 같은해 상반기에는 2.1% 감소(전년동기 대비)했으나 하반기에는 2.2% 증가로 돌아섰다. 또 올해 3월부터 개소세 인하 혜택을 늘리면서 국산 승용차 내수판매량은 3월엔 13.2%, 4월에는 11.6% 늘었다.이번에 기재부가 개소세를 종료하려는데는 세수부족도 고려된 것으로 보인다. 정부는 3월부터 6월까지 3개월간 개소세 인하 폭을 확대하면서 세수가 4700억원 줄어들 것으로 전망한 바 있다. 정부 재정을 위해 세금수입이 조금이라도 더 필요한 상황에서 정책효과까지 떨어진 정책을 더 연장할 수는 없다는 판단이다.김덕준 기자 casiopea@busan.com",/news/news_read.nhn?article_id=0001004526&office_id=082&mode=search&query=기아차&page=1
,"국내 자동차 산업이 신종 코로나바이러스 감염증(코로나19) 여파로 내수와 해외 시장에서 정반대 실적을 보이고 있다. 정부의 개별소비세 인하 정책 덕분에 내수에서는 성장세를 기록 중이지만, 코로나19 팬데믹으로 해외 판매는 절반 이하로 떨어졌기 때문이다. 24일 한국자동차산업협회와 업계에 따르면 이달 15일까지 국내 완성차 판매는 지난해 동월보다 30% 증가한 것으로 파악됐다. 5월 증가율은 20%에 달할 것으로 예상됐다. 이는 신차 효과에 따른 것으로 인기 차종은 개별소비자세 인하가 끝나는 다음달말 전에 차를 받으려는 수요를 감당하지 못할 정도다. 수입차의 경우 승용차는 지난달 21.5% 증가한 데 이어 이달 1~20일엔 27.2%로 증가율을 기록해 더 높아졌다.반면 수출은 대폭 줄었다. 승용차 수출은 이달 20일까지 59% 줄어 전월(-35.6%)보다 감소폭이 더 커졌다. 수출이 감소하면서 공장 가동도 제한적이다. 기아차는 광주공장 제2공장이 오는 25~29일까지 5일간 휴업한다. 이는 지난달 27일부터 이달 8일까지 휴업한 데 이은 두 번째다. 소하리 1ㆍ2공장은 22~25일 휴업했다.르노삼성차는 이달 10일까지 닫은 데 이어 15ㆍ22ㆍ28ㆍ29일을 주말에 붙여 쉬면서 생산량을 조절하고 있다. 한국GM은 트레일블레이저를 생산하는 부평1공장이 15일 중단했고 쌍용차는 라인별 순환 휴업을 한다.국내 완성차 업체들은 수출 비중이 큰 만큼 실적 전망도 좋지 못하다. 현대차 2분기 영업이익은 유진투자증권이 1,090억원, NH투자증권이 650억원으로 봤다. 컨센서스는 작년 동기(1조2,377억원)의 3분의 1인 4,562억원이다. 기아차는 이베스트증권이 860억원으로, KB증권은 200억원 적자로 추정했다. 컨센서스는 2,094억원으로 작년 동기보다 61% 적다.업계 관계자는 “자동차 시장이 3분기에는 회복할 것이란 기대가 늘고 있지만 마케팅 확대로 인해 경쟁도 치열해질 전망이어서 정부 정책이나 유동성 지원 등 대응책이 필요하다”며 “업계에선 포스트 코로아 상황을 고려하면 내수를 계속 살려놔야 한다고 요청 중이고 정부의 개소세 인하 연장도 필요하다”고 밝혔다. 류종은 기자 rje312@hankookilbo.com",/news/news_read.nhn?article_id=0000499154&office_id=469&mode=search&query=기아차&page=1
KB금융지주 경영연구소 보고서 '현대차그룹은 과거 위기마다 어떻게 성장했을까',"[아시아경제 조강욱 기자] 신종 코로나바이러스감염증(코로나19) 사태로 인한 현재의 경제 위기를 과거 현대차그룹의 역발상 성공 사례를 통해 극복해야 한다는 주장이 제기됐다. 특히 금융산업의 경우 장기적인 관점에서의 의사결정과 꾸준한 실행력이 중요하다는 점에서 자동차산업과 매우 흡사하다는 지적이다.24일 금융권에 따르면 KB금융지주 경영연구소는 최근 발표한 보고서를 통해 현대차그룹은 힘든 시기일수록 '클러치와 액셀을 더 밟는 역발상'을 통해 위기를 극복했다고 밝혔다.먼저 현대차그룹은 1997~1998년 금융위기 당시 기아차를 인수하는 승부수를 띄웠다. 당시 기아차 인수에 대해 시장에서는 동반 부실을 우려했지만, 현재는 국내 최고의 인수합병(M&A) 중 하나로 평가 받고 있다.2005년~2006년 대내적인 위기 징후 시에는 체질을 근본적으로 바꿔놓을 대대적인 혁신 전략을 시도했다. 글로벌 디자인 및 브랜드 경영을 시작했고, 전면적인 원가 혁신 전략 및 과감한 제품 및 품질 혁신, 해외 생산 확대 등의 혁신 전략을 시행했다.또 2009년 금융위기에는 2000년대 중반 시도한 혁신 결과물 효과는 물론, 실직 시 보상 등의 독창적이고 과감한 역발상 마케팅, 과감한 딜러망 확대, 해외 투자 지속 등으로 글로벌 상위 업체로 도약할 수 있었다.이처럼 현대차그룹은 과거에 크게 두 차례의 대외 금융위기와 한 차례의 대내적인 위기 징후를 극복하며 오히려 한 단계 도약해 글로벌 톱5의 자동차그룹으로 성장하게 됐다는 설명이다.보고서는 현대차그룹의 혁신 성공 키워드로 ▲근본 관점에서의 체질 혁신과 적극적인 벤치마킹 전략 ▲장기 관점에서의 의사결정과 꾸준한 추진력 ▲과감한 투자와 면밀한 사전 준비 과정 ▲고객 지향의 패러다임 전환과 창의적인 역발상 마케팅 ▲과감한 인재 영입과 자율성 보장 등을 꼽았다.?특히 보고서는 현대차그룹의 과거 혁신 성공을 통해 경제 위기에서도 현대차처럼 창의적인 역발상 마케팅 전략을 찾을 수 있다고 지적했다. 고객 입장에서 절실하게 필요한 것이 무엇인지 고민하고, 중장기 관점에서 수익/리스크/홍보 효과를 종합 고려한 실행 전략을 모색할 필요가 있다고 지적했다.결국 대부분 혁신 성공의 가장 중요한 열쇠는 고객의 입장에서의 효용 증가로 장기적 관점에서의 의사결정과 꾸준한 실행 추진이 중장기 지속 성장의 원동력이 될 수 있다는 설명이다.자동차산업은 싸이클이 긴 장치산업으로 현대차그룹은 물론 도요타, 폭스바겐 등 상위 자동차그 룹들은 공통적으로 장기적 관점에서 의사결정하고 지속적으로 이를 추진하면서 꾸준히 성장했는데 이 같은 기본적 속성은 금융업도 마찬가지라고 보고서는 설명했다.채희근 KB금융지주 경영연구소 연구위원은 ""과거 사례로 보면, 긴 관점에서의 산업 패러다임 변화는 일시적인 금융위기나 그 이후에도 쉽게 바뀌지 않았다""면서 ""불확실성이 높을 때 일수록 오히려 장기 관점에서는 기회가 될 수 있다""고 말했다.이어 채 연구위원은 ""부분적인 약점과 문제를 각각 해결하는 것보다 유기적으로 연결시켜 종합적이고 근본적인 관점에서 체질 혁신을 모색하는 것이 더 효율적일 수 있다""고 덧붙였다.조강욱 기자 jomarok@asiae.co.kr <ⓒ경제를 보는 눈, 세계를 보는 창 아시아경제 무단전재 배포금지>",/news/news_read.nhn?article_id=0004684314&office_id=277&mode=search&query=기아차&page=1
,"현대·기아자동차그룹이 신종 코로나바이러스 감염증(코로나19) 극복을 위해 세계 각국에 마스크와 진단키트 의료용품 등을 지원하며 글로벌 기업으로서 사회적 책임을 다하고 있다.24일 현대차에 따르면 현대차그룹은 미국과 멕시코, 브라질 등 생산공장이 있는 세계 각국에서 코로나19 극복을 지원하는 활동을 펼치고 있다. 미국에서는 ‘드라이브 스루’ 진단시설을 갖춘 병원 30여 곳에 600만달러를 기부하고 코로나 진단키트 6만5000개를 지원했다. 기아차는 지난달 중순부터 미국 조지아 공장(사진)에서 안면보호대를 생산해 의료기관에 전달하고 있다. 브라질에서는 현대차가 공장이 있는 피라시카바에 방역물품을 지원하고 의료용 차량 8대를 무상 임대했다. 멕시코에서는 지난달 기아차가 누에보레온 주정부와 한국 의료진을 화상회의로 연결해 코로나19 대응을 위한 자문을 제공했다.김보형 기자 kph21c@hankyung.com▶ ▶
 ▶
ⓒ 한국경제 & , 무단전재 및 재배포 금지",/news/news_read.nhn?article_id=0004346431&office_id=015&mode=search&query=기아차&page=1
,"신종 코로나바이러스 감염증(코로나19)의 팬데믹(세계적 대유행) 쇼크가 다소 진정되면서 한껏 위축됐던 산업계 경영활동이 조금씩 재개되고 있다. 기업들은 멈춰 섰던 해외 주요 생산시설을 재가동한 데 이어 굵직한 투자 계획을 발표하며 ‘포스트 코로나’ 경영에 나서는 모습이다. 다만 코로나19에 대한 책임론을 둘러싸고 미·중이 거칠게 맞붙으면서 개방형 통상국가 전략을 취해온 한국경제에 또 다른 리스크로 떠오르고 있다.

 中 공장 찾은 이재용 부회장 지난 18일 중국 산시성 삼성전자 시안반도체 공장을 방문한 이재용 삼성전자 부회장(오른쪽 세번째)이 임직원들과 대화하고 있다. 세계일보 자료사진

◆‘포스트 코로나’ 본격 박차
24일 재계에 따르면 코로나19 사태로 멈춰 섰던 삼성그룹과 현대차그룹, LG그룹 등 주요 기업의 해외 생산시설 대부분이 재가동에 들어갔다. 봉쇄 조치가 가장 엄격했던 인도에서는 최근 주정부와의 협의로 제한조치가 끝나 공장 가동을 정상화했다. 삼성전자는 지난 14일까지 인도 노이다 스마트폰 공장과 첸나이 가전 공장의 가동을 재개했고, LG전자도 지난 21일까지 푸네와 노이다의 가전 공장을 재가동했다. 현대·기아차도 멕시코 기아차 공장을 제외한 모든 공장이 재가동에 들어갔다.
우리와 중국 정부가 기업인의 입국절차 간소화를 위해 합의한 ‘신속통로’ 제도도 산업계의 숨통을 틔웠다. 반도체와 디스플레이, 배터리 등 주력 산업의 생산시설이 모여있는 중국이 빗장을 풀면서 기업들이 경쟁적으로 인력을 보내 증설 및 수율 안정화에 나서는 모습이다. 이달 들어 삼성과 LG 등 주요 기업에서 신속통로 제도로 출국한 인력만 1000여명에 이를 것으로 추산된다. 업계 관계자는 “최근 증설한 생산라인의 경우 지속적으로 가동하지 않으면 수율 개선을 확보하기 어렵다”며 “양산 목표를 맞추려면 기술진과 운영인력 파견이 절실하다”고 말했다.
코로나19 사태에 따른 각국 봉쇄조치로 최악의 실적을 거둔 항공업계는 국제선 운항 재개를 준비하고 있다. 코로나19 사태 이후 각국의 입국제한 조치 완화에 대비해 선제적으로 대응하겠다는 계획이다. 업계에서는 오는 6월 대형항공사(FSC)를 시작으로 7월부터는 저비용항공사(LCC)들도 국제선 운항에 나설 것으로 보고 있다. 대부분 항공사의 수익구조가 국제선 노선이 중심인 만큼, 국제선 운항 재개를 통한 실적 개선을 기대하고 있다.

◆총수가 나서 위기 극복 의지
주요 기업은 총수들이 직접 경영 행보에 나서 코로나19 등 복합위기를 정면으로 타개하려는 의지를 드러내고 있다. 이재용 삼성전자 부회장은 지난 6일 대국민 사과를 한 뒤로 정의선 현대차 수석부회장과 회동한 데 이어 곧장 중국 시안 반도체 공장을 다녀오는 등 활발한 행보를 보이고 있다. 구광모 LG그룹 회장은 최근 중대재해 사고가 잇따른 LG화학 사업장을 전격 방문해 사과와 함께 재발 방지를 약속했다.
굵직한 투자 발표도 나온다. 삼성전자는 최근 경기 평택에 대규모 파운드리(반도체 위탁생산) 시설을 짓겠다고 발표했다. 업계에서는 이번 투자 규모를 10조원 안팎으로 보고 있다. LG전자는 경북 구미의 TV 생산라인을 인도네시아로 이전한다는 계획을 내놨다. 사회적으로 리쇼어링(생산시설의 본국 복귀)에 대한 목소리가 높지만 사업 효율화를 위해 내린 결단이다.
최근 미·중 갈등에 따른 리스크가 커지고 있어 미래전략 수립에 차질을 우려하는 목소리도 점증하고 있다. 코로나19 사태로 인한 경기침체 등이 회복 기미를 보이지 않은 상황에서 미국이 한국에 대중국 압박에 동참할 것을 요구하면서 불확실성이 더욱 커지게 됐다는 것이다. 재계 관계자는 “상황을 예의주시하는 것 외에 언급할 수 있는 것이 없다”고 말했다.
 권구성 기자 ks@segye.comⓒ 세상을 보는 눈,",/news/news_read.nhn?article_id=0003468092&office_id=022&mode=search&query=기아차&page=1
◇수출 감소에 대기업 영업익도 두자릿수↓,"[디지털타임스 박정일 기자] 코로나19에 미·중 무역전쟁까지 겹치면서 '보릿고개' 생존경쟁이 본격화하고 있다. 반도체가 그나마 선방하지만, 자동차와 스마트폰, 석유·화학, 철강 등의 수출이 '반토막' 나면서 주요 기업의 2분기 실적이 수직낙하할 것이라는 우울한 전망이 속출하고 있다.주요 업체들은 코로나19 이후 해외 생산기지 정상화를 위해 동분서주하고 있지만, 물류 마비와 소비 침체, 보호무역 등은 대응할 방법이 없다며 한숨을 쉬고 있다. 차세대 모빌리티와 바이오 등 신사업 비중을 높이기 위한 출구를 정부가 마련해줘야 한다는 목소리가 나오는 이유다.= 24일 업계에 따르면 코로나19 사태가 본격화 한 이후 주요 제조업의 수출 감소세가 한층 가중되면서 2분기 실적 역시 급락할 것이라는 분석이 속속 나오고 있다. 금융정보업체 에프앤가이드에 따르면 증권사 3곳 이상에서 실적 전망을 제시한 주요 코스피 상장사 128곳의 올해 2분기 연결기준 영업이익 추정치는 21조6074억원으로 1개월 전(24조9351억원)보다 13.3% 감소했다.이는 석 달 전 영업이익 추정치(31조1218억원)와 비교하면 20% 가까이 줄어든 수준이고, 전년 동기와 비교하면 19.4% 줄어든 숫자다.국내 증시 '대장주'인 삼성전자의 경우 2분기 영업이익 가이던스(추정치 평균)가 한 달 전 7조1959억원에서 6조3700억원 수준으로 12% 가까이 하향 조정됐다. LG전자의 경우 매출과 영업이익 모두 전년 동기보다 두 자릿수 내림세를 보일 전망이다.현대차와 기아차 역시 2분기 실적 우려가 확대되면서 영업이익 추정치가 한 달 만에 각각 43.5%, 55.0%씩 줄었다. 지난해 사상 최대의 적자를 기록했던 SK이노베이션과 에쓰오일 등 정유업계 역시 적자폭은 줄이지만, 흑자 전환은 어려울 것으로 예상되고 있다. 롯데케미칼과 포스코 등 화학·철강업계 역시 한달 여 만에 영업이익 추정치가 두 자릿수 비율로 하락했다.이는 구조적으로 수출 비중이 절대적으로 높은 국내 제조업의 현실 때문이다. 삼성전자의 경우 지난 1분기 개별 기준으로 국내 매출 비중이 13% 수준에 불과하고, LG전자는 36% 선이다. 다른 대기업들도 수출이 매출의 상당 수준을 차지한다.하지만 수출길이 막히면서 국내 제조업체들은 내수 의존도를 높일 수 밖에 없고, 실제로 가전업계의 경우 내수 비중이 상당 수준 늘어났다. 해외 주요국의 물류 마비 등이 주 요인으로 꼽힌다.= 미·중 무역분쟁이 또 다른 리스크로 떠오르면서 기업들의 고민도 깊어지고 있다. 최근 미국의 대 중국 압박에 대만 파운드리 1위 업체인 TSMC가 미국 내 투자계획을 내놓았고, 우리 기업들도 이에 동참할 것을 요구할 가능성이 점쳐지고 있는 상황이다. 중국과 호주 간 무역 대립도 본격적으로 시작하는 등 무역전쟁은 확전 양상이다. 업계에서는 수출의존도가 높은 우리나라의 현실에서 이 같은 '복합위기'를 극복할 방법은 신사업 개척 밖에 없다는 지적이 나오고 있다. 한국무역협회의 집계에 따르면 주력산업이 모두 수출 감소세지만, 차세대반도체(22.9%)와 바이오헬스(26.3%), 항공드론(38.0%), 전기자동차(25.1%) 등 유망 신산업 수출금액은 전년 동기보다 각각 두 자릿수 상승세를 보이고 있다. 무역협회 관계자는 ""코로나 이후 뉴노멀시대에 디지털 장비와 헬스케어 제품 등의 전세계적 수요가 커질 것으로 기대한다""며 ""새로운 유망품목의 발굴과 지원이 필요하고, 신성장품목의 수출 증가를 유도하는 효율적인 전략수립이 필요하다""고 말했다.= 주요 제조업들은 멈췄던 해외 공장의 정상 가동 등으로 이를 만회하기 위해 총력을 기울이고 있다. 업계에 따르면 한·중 기업인 신속통로(입국절차 간소화) 제도 시행 20여일 만에 주요 전자 기업에서만 1000명 이상을 중국에 파견했고, 인도 등 마지막까지 셧다운(일시 폐쇄) 했던 해외 공장들을 정상 가동하는 등 사업 정상화를 위해 온 힘을 쏟고 있다.대기업 총수들의 행보도 빨라지고 있다. 이재용 삼성전자 부회장은 지난 6일 경영승계·무노조 경영 등 의혹에 대한 대국민 사과를 한 직후 정의선 현대차 수석부회장과 만났고, 신속통로 제도 시행 직후 중국 시안 반도체 공장에 다녀온 뒤 평택 파운드리 투자 계획까지 내놓는 등 '마하 경영'을 하고 있다. 구광모 LG그룹 회장은 지난 21일 LG화학의 국내외 사고에 대해 공식 사과했고, 같은 날 LG전자는 구미사업장의 TV 생산라인을 인도네시아로 이전하한다고 밝혔다.최태원 SK그룹 회장의 경우 화상·원격 경영을 최대한 활용해 바이오와 반도체 등 주요 경영 현장을 점검했고, 역점 사업인 사회적인센티브 행사도 온라인으로 오는 25일부터 개최한다.
박정일기자 comja77@dt.co.kr 디지털타임스
/",/news/news_read.nhn?article_id=0002599923&office_id=029&mode=search&query=기아차&page=1
,"현대자동차그룹이 코로나19 극복을 위해
세계 각국에서 현금과 함께 마스크, 진단키트 의료용품 등을 지원하며 글로벌 기업으로서 사회적 책임을 실천하고 있다.24일 현대차그룹에 따르면 코로나19 사태 극복 바람을 담아 제작한 영상 '지금의 우리(This is us) 파트 2'가 열흘 만에 조회수 1000만회를 넘겼다. 지난 13일 인터넷에 올라온 이 영상은 코로나19 환자들을 치료하는 의료진의 헌신을 강조하는 내용이다. 코로나19 사태에 재치있게 대응하고 서로 위로하는 모습을 담은 첫번째 영상은 지난달 게재된 이래 1500만회 이상 조회됐다.현대차그룹은 한국 등 생산공장이 있는 세계 각국에서 코로나19 극복을 지원하는 활동을 펼치고 있다.우선, 국내에서는 경영이 어려운 협력사에 1조원 긴급 자금지원을 했다. 전국재해구호협회에 50억원을 기탁하고 직원 연수원을 코로나19 환자 생활치료시설로 제공했다. 임직원과 노조 기부금에 회사가 같은 금액을 더해 모은 5억6000만원은 사회구호재단에 전했다.미국에서는 현대차가 '현대 호프 온 휠스(Hyundai Hope On Wheels)' 프로그램으로 차를 타고 검사를 받는 시설을 갖춘 병원 30여곳에 600만 달러를 기부하고 코로나 진단키트 6만 5000개를 지원했다. 기아차는 지역 의료기관에 마스크, 장갑 등 의료용품을 기부했고 지난달 중순부터 조지아 공장에서 아크릴 페이스 쉴드를 생산해 의료기관에 지원하고 있다.현대차와 기아차는 이와 함께 브라질과 멕시코, 인도, 체코, 슬로바키아, 터키, 러시아, 인도네시아, 중국, 이탈리아, 스페인, 프랑스, 모로코 등 세계 각국에서 적극적인 지원활동을 하고 있다.현대차그룹 관계자는 ""사회적 책임을 충실히 하기 위해 세계 각국 현지 상황에 맞게 지원활동을 하고 있다""며 ""한국 위상을 높이는 데 기여할 수 있어 영광""이라고 밝혔다.장우진 기자 jwj17@dt.co.kr


















































































































































































































































































































디지털타임스
/",/news/news_read.nhn?article_id=0002599971&office_id=029&mode=search&query=기아차&page=1
,"[디지털타임스 장우진 기자] 국내 완성차 업체의 자동차 수출이 이달 들어서도 반토막 났다. 내수 시장은 전년보다 30%나 증가했지만, 코로나19의 여파가 남아있는 수출은 여전히 침체를 벗어나지 못하면서 공장 가동까지 조절해야 하는 지경이다.24일 한국자동차산업협회와 업계에 따르면 이달 20일까지 승용차 수출은 59% 줄어 전월(-35.6%)보다 감소폭이 더 커졌다.수출이 감소하면서 공장 가동도 제한적이다. 기아차는 광주공장 제2공장이 오는 25~29일까지 5일간 휴업한다. 이는 지난달 27일부터 이달 8일까지 휴업한 데 이은 두 번째다. 소하리 1·2공장은 22~25일 휴업했다.르노삼성차는 이달 10일까지 닫은 데 이어 15·22·28·29일을 주말에 붙여 쉬면서 생산량을 조절하고 있다. 한국GM은 트레일블레이저를 생산하는 부평1공장이 15일 중단했고, 쌍용차는 라인별 순환 휴업을 한다.국내 완성차 업체들은 수출 비중이 큰 만큼 실적 전망도 좋지 못하다. 현대차의 2분기 컨센서스는 작년 동기(1조2377억원)의 3분의 1수준인 4562억원이다. 기아차의 컨센서스는 294억원으로 작년 동기보다 61% 적다.업계에서는 코로나19가 진정기에 접어드는 3분기부터 자동차 시장이 회복할 것이라는 기대 섞인 예측을 조심스럽게 내놓고 있다. 하지만 마케팅 확대로 인한 과열경쟁이 이어지면서 정부의 정책적 규제완화나 유동성 지원 등 대응책이 필요하다는 주장도 나온다. 장우진기자 jwj17@ 디지털타임스
/",/news/news_read.nhn?article_id=0002599921&office_id=029&mode=search&query=기아차&page=1
코로나19 영향 실물경제 반영1분기보다 이익 감소폭 커져,"올해 코스피 주요 상장사의 2분기 영업이익 전망치가 한 달 전에 비해 13% 이상 낮아진 것으로 나타났다. 코로나19 영향이 3~4월부터 실물경제에 반영됐기 때문에 2분기 기업 이익 감소폭은 1분기보다 커질 것으로 보인다.24일 금융정보업체 에프앤가이드에 따르면 주요 코스피 상장사 128곳의 올해 2분기 연결기준 영업이익 추정치는 21조6074억원으로 1개월 전(24조9351억원)보다 13.3% 감소했다. 이는 석 달 전 영업이익 추정치(31조1218억원)와 비교하면 20% 가까이 줄어든 수준이다. 이 추정치에 따르면 코스피 주요 기업의 올해 2분기 영업이익은 지난해 같은 기간(26조8197억원)보다 19.4% 감소하게 된다. 2분기 매출 추정치는 327조6911억원으로 한 달 새 5.6% 감소했다. 순이익 추정치 역시 16조2472억원으로 11.1% 줄었다.
기업별로 보면 분석 대상 128곳 중 75%인 93곳(적자 전환·적자 확대 포함)의 영업이익 추정치가 한 달 전보다 감소했다. 삼성전자의 경우 2분기 영업이익 추정치가 한 달 전 7조1959억원에서 6조3774억원으로 11.4% 하향 조정됐다. 이는 전년 동기 대비 3.3% 감소한 수준이다. ‘물리적 거리 두기’의 여파로 실적에 직격탄을 맞은 신세계는 2분기 영업이익 추정치가 한 달 전보다 71.9%나 급감하면서 작년 동기 대비 80.3% 감소할 것으로 예상됐다. 강원랜드(-61.3%), 현대백화점(-27.2%), 아모레퍼시픽(-18.4%) 등 소비·유통 업종 기업들의 영업이익 추정치도 일제히 큰 폭으로 감소했다. 현대차와 기아차 역시 영업이익 추정치가 한 달 만에 각각 43.5%, 55.0%씩 줄었다. 코로나19 사태 이후 이미 실적 눈높이가 낮아진 상황에서도 추정치가 거듭 하향 조정된 것이다.김상호 신한금융투자 연구원은 “코로나19 영향이 실물경제에 반영되기 시작한 시점이 3~4월이란 점을 고려하면 2분기 기업 이익 감소폭은 1분기 이상으로 확대될 가능성이 크다”고 말했다. 앞서 올해 1분기 기업 실적은 코로나19 여파로 큰 타격을 받았다. 코스피 상장사 592곳의 올해 1분기 영업이익은 19조4772억원으로 전년 동기 대비 31.2% 감소했고, 순이익은 11조336억원으로 47.8% 급감했다.임아영 기자 layknt@kyunghyang.com©경향신문(www.khan.co.kr), 무단전재 및 재배포 금지",/news/news_read.nhn?article_id=0003010777&office_id=032&mode=search&query=기아차&page=1
"코로나19 확산 주춤…봉쇄 완화삼성·LG, 인도 공장 속속 재가동전자업체, 한·중 ‘신속통로’ 통해기업인 1000명 이상 중국 파견도","북미와 유럽 등 주요 소비시장의 코로나19 확산세가 주춤하면서 ‘세계의 공장’으로 불리는 중국과 인도의 생산공장도 속속 정상화되고 있다. 국내 기업들도 현지 생산라인 가동률을 높이는 등 ‘포스트 코로나’ 경영에 박차를 가하는 가운데 급감한 소비심리 회복 등 매출 정상화에는 시간이 더 걸릴 것으로 보인다.24일 전자업계에 따르면 삼성전자는 지난 7일부터 인도 노이다 스마트폰 공장을, 14일부터는 첸나이 가전공장을 재가동했다. LG전자는 18일부터 푸네 가전공장을, 22일부터 노이다 가전공장을 다시 열었다. 각국의 이동제한이 완화되면서 지난달 말부터 이달 초까지 미국과 유럽 공장을 재가동한 데 이어 봉쇄 조치가 가장 엄격했던 인도에서도 주정부와의 협의 끝에 공장 문을 연 것이다. 현대자동차도 지난 8일 인도 공장, 13일 브라질 공장을 재가동하며 기아차 멕시코 공장을 제외한 전체 해외 생산기지 가동을 시작했다.중국을 필두로 한동안 단절됐던 기업인들의 해외출장도 재개됐다. 지난 1일 ‘한·중 기업인 신속통로(입국절차 간소화) 제도’가 시행된 뒤 주요 전자업체에서만 1000명 이상이 중국에 파견됐다. 신속통로 제도는 비행기 탑승 전 코로나19 검사를 받는 등 특별 방역절차를 준수하는 조건으로 중국을 방문하는 외국 기업인들에게 14일간의 자가격리 절차를 면제해주는 정책이다. 지난 3일 LG디스플레이와 LG화학 인력 240명이, 10일 삼성디스플레이와 삼성SDI, 삼성전기 등 전자 계열사 및 협력사 직원 215명이 각각 중국 장쑤성 난징과 톈진으로 출국했다. LG디스플레이는 광저우
유기발광다이오드(OLED) 공장의 2분기 양산을 준비하기 위해 20일 170명을 현지에 보냈다.메모리반도체 생산기지 증설에 박차를 가하고 있는 삼성전자는 지난 22일 시안 반도체 공장에 300명을, 한 달 전 200명을 파견해 총 500명을 투입했다. 배터리업계도 중국에 인력을 대거 보내고 있다. SK이노베이션은 지난 21일 장쑤성 옌청 신규 배터리 공장 건설을 위해 기술진 120명을 보냈고, LG화학은 지난 3일 난징공장 증설 인력 120명을 보낸 데 이어 이달 말 추가 파견도 검토 중이다.주요 대기업들의 굵직한 발표나 총수들의 공개 행보도 잇따르고 있다. 이재용 삼성전자 부회장은 지난 6일 대국민 사과 기자회견 후 13일 정의선 현대차 수석부회장과 회동한 데 이어 17~19일 중국 시안 반도체 공장 출장을 다녀왔다. 지난 20일 구광모 LG그룹 회장은 폭발사고로 사망자가 발생한 충남 서산시 LG화학 사업장을 방문해 잇따른 사고에 대해 사과했다. LG전자는 구미사업장의 TV 생산라인을 인도네시아로 이전한다고 지난 21일 발표했다.남지원 기자 somnia@kyunghyang.com©경향신문(www.khan.co.kr), 무단전재 및 재배포 금지",/news/news_read.nhn?article_id=0003010808&office_id=032&mode=search&query=기아차&page=1
