005930,삼성전자
000660,SK하이닉스
207940,삼성바이오로직스
035420,NAVER
068270,셀트리온
051910,LG화학
006400,삼성SDI
005380,현대차
035720,카카오
051900,LG생활건강
028260,삼성물산
012330,현대모비스
036570,엔씨소프트
034730,SK
017670,SK텔레콤
005490,POSCO
055550,신한지주
105560,KB금융
000270,기아차
018260,삼성에스디에스
015760,한국전력
003550,LG
033780,KT&G
066570,LG전자
096770,SK이노베이션
090430,아모레퍼시픽
009150,삼성전기
032830,삼성생명
000810,삼성화재
086790,하나금융지주
251270,넷마블
010950,S-Oil
010130,고려아연
009540,한국조선해양
316140,우리금융지주
030200,KT
011170,롯데케미칼
024110,기업은행
018880,한온시스템
032640,LG유플러스
021240,코웨이
271560,오리온
035250,강원랜드
097950,CJ제일제당
002790,아모레G
006800,미래에셋대우
267250,현대중공업지주
010140,삼성중공업
034220,LG디스플레이
086280,현대글로비스
000720,현대건설
011070,LG이노텍
000120,CJ대한통운
000100,유한양행
004990,롯데지주
078930,GS
012750,에스원
005830,DB손해보험
029780,삼성카드
004020,현대제철
139480,이마트
008770,호텔신라
000210,대림산업
128940,한미약품
161390,한국타이어앤테크놀로지
007070,GS리테일
071050,한국금융지주
042660,대우조선해양
009830,한화솔루션
241560,두산밥캣
005940,NH투자증권
000080,하이트진로
003410,쌍용양회
036460,한국가스공사
001040,CJ
016360,삼성증권
282330,BGF리테일
028050,삼성엔지니어링
023530,롯데쇼핑
047810,한국항공우주
081660,휠라홀딩스
003000,부광약품
004170,신세계
001450,현대해상
008930,한미사이언스
011790,SKC
011780,금호석유
020150,일진머티리얼즈
006360,GS건설
008560,메리츠증권
009240,한샘
007310,오뚜기
030000,제일기획
028670,팬오션
004370,농심
003490,대한항공
000880,한화
047050,포스코인터내셔널
006280,녹십자
138930,BNK금융지주
026960,동서
069620,대웅제약
009420,한올바이오파마
017800,현대엘리베이
047040,대우건설
007570,일양약품
069960,현대백화점
010620,현대미포조선
004800,효성
051600,한전KPS
031430,신세계인터내셔날
294870,HDC현대산업개발
088350,한화생명
111770,영원무역
042670,두산인프라코어
010120,LS ELECTRIC
000990,DB하이텍
064350,현대로템
001740,SK네트웍스
002380,KCC
034020,두산중공업
014680,한솔케미칼
012450,한화에어로스페이스
204320,만도
006260,LS
185750,종근당
005250,녹십자홀딩스
285130,SK케미칼
214320,이노션
003520,영진약품
161890,한국콜마
011210,현대위아
000240,한국테크놀로지그룹
073240,금호타이어
010060,OCI
004000,롯데정밀화학
010780,아이에스동서
000670,영풍
120110,코오롱인더
114090,GKL
192820,코스맥스
001800,오리온홀딩스
003240,태광산업
005440,현대그린푸드
001680,대상
057050,현대홈쇼핑
020000,한섬
005300,롯데칠성
001060,JW중외제약
170900,동아에스티
003850,보령제약
006650,대한유화
093370,후성
049770,동원F&B
069260,휴켐스
000150,두산
079550,LIG넥스원
001230,동국제강
071840,롯데하이마트
115390,락앤락
018250,애경산업
005850,에스엘
005180,빙그레
064960,S&T모티브
052690,한전기술
103140,풍산
192400,쿠쿠홀딩스
108670,LG하우시스
005610,SPC삼립
014820,동원시스템즈
001120,LG상사
002350,넥센타이어
000640,동아쏘시오홀딩스
012630,HDC
006120,SK디스커버리
079160,CJ CGV
006390,한일현대시멘트
000070,삼양홀딩스
105630,한세실업
145990,삼양사
004490,세방전지
001430,세아베스틸
027410,BGF
002270,롯데푸드
093050,LF
025860,남해화학
019680,대교
096760,JW홀딩스
025540,한국단자
014830,유니드
002240,고려제강
060980,한라홀딩스
003620,쌍용차
001520,동양
002960,한국쉘석유
079430,현대리바트
006840,AK홀딩스
003920,남양유업
298040,효성중공업
008060,대덕
